t(s),T value at [0.0, 0.006001, 0] (K),T value at [3.061224489795918e-05, 0.006001, 0] (K),T value at [6.122448979591836e-05, 0.006001, 0] (K),T value at [9.183673469387755e-05, 0.006001, 0] (K),T value at [0.00012244897959183673, 0.006001, 0] (K),T value at [0.0001530612244897959, 0.006001, 0] (K),T value at [0.0001836734693877551, 0.006001, 0] (K),T value at [0.00021428571428571427, 0.006001, 0] (K),T value at [0.00024489795918367346, 0.006001, 0] (K),T value at [0.00027551020408163264, 0.006001, 0] (K),T value at [0.0003061224489795918, 0.006001, 0] (K),T value at [0.000336734693877551, 0.006001, 0] (K),T value at [0.0003673469387755102, 0.006001, 0] (K),T value at [0.00039795918367346937, 0.006001, 0] (K),T value at [0.00042857142857142855, 0.006001, 0] (K),T value at [0.00045918367346938773, 0.006001, 0] (K),T value at [0.0004897959183673469, 0.006001, 0] (K),T value at [0.0005204081632653061, 0.006001, 0] (K),T value at [0.0005510204081632653, 0.006001, 0] (K),T value at [0.0005816326530612245, 0.006001, 0] (K),T value at [0.0006122448979591836, 0.006001, 0] (K),T value at [0.0006428571428571428, 0.006001, 0] (K),T value at [0.000673469387755102, 0.006001, 0] (K),T value at [0.0007040816326530612, 0.006001, 0] (K),T value at [0.0007346938775510204, 0.006001, 0] (K),T value at [0.0007653061224489796, 0.006001, 0] (K),T value at [0.0007959183673469387, 0.006001, 0] (K),T value at [0.0008265306122448979, 0.006001, 0] (K),T value at [0.0008571428571428571, 0.006001, 0] (K),T value at [0.0008877551020408163, 0.006001, 0] (K),T value at [0.0009183673469387755, 0.006001, 0] (K),T value at [0.0009489795918367346, 0.006001, 0] (K),T value at [0.0009795918367346938, 0.006001, 0] (K),T value at [0.0010102040816326531, 0.006001, 0] (K),T value at [0.0010408163265306122, 0.006001, 0] (K),T value at [0.0010714285714285713, 0.006001, 0] (K),T value at [0.0011020408163265306, 0.006001, 0] (K),T value at [0.0011326530612244898, 0.006001, 0] (K),T value at [0.001163265306122449, 0.006001, 0] (K),T value at [0.001193877551020408, 0.006001, 0] (K),T value at [0.0012244897959183673, 0.006001, 0] (K),T value at [0.0012551020408163266, 0.006001, 0] (K),T value at [0.0012857142857142856, 0.006001, 0] (K),T value at [0.0013163265306122447, 0.006001, 0] (K),T value at [0.001346938775510204, 0.006001, 0] (K),T value at [0.0013775510204081633, 0.006001, 0] (K),T value at [0.0014081632653061224, 0.006001, 0] (K),T value at [0.0014387755102040815, 0.006001, 0] (K),T value at [0.0014693877551020407, 0.006001, 0] (K),T value at [0.0015, 0.006001, 0] (K)
1e-07,300.03369144558405,300.0336972977037,300.0337098812445,300.033713979386,300.0337158739116,300.0337129495066,300.0337146964539,300.03371683327464,300.0337107877892,300.0337111045472,300.0337166726364,300.03371654341146,300.03371351422,300.033708276222,300.0337110574213,300.0337107286993,300.0337042690739,300.0337102059955,300.03370885548776,300.03371002638676,300.0337073448252,300.0337084970789,300.033708954434,300.03370831825464,300.0337103362906,300.0337075149049,300.03370718053355,300.03370755677736,300.03370786940167,300.0337088763632,300.03371026975384,300.03371325790187,300.03370505751934,300.033707800246,300.0337088211003,300.0337115109609,300.03370990782935,300.03370932602803,300.03370905709437,300.03371019432274,300.0337085364131,300.0337062252201,300.03370964935084,300.0337104810793,300.03369285836345,300.0336954508706,300.03368987057416,300.033690641645,300.03368102608476,300.0336914948043
2.1e-07,300.03364104495824,300.03364304268354,300.0336446772677,300.033645452042,300.0336457411728,300.03364557057864,300.03364589946796,300.03364666157466,300.0336455261695,300.0336454775866,300.0336464084055,300.03364613080197,300.03364572265457,300.03364507396884,300.0336453541733,300.0336444487117,300.0336438633957,300.0336447786861,300.03364423055467,300.03364450690924,300.0336439406236,300.0336442619954,300.03364409372165,300.03364458273535,300.03364453195275,300.0336440253163,300.0336438870106,300.03364460070975,300.0336443783384,300.0336446335576,300.0336447732013,300.03364457680675,300.03364426759174,300.0336449215143,300.0336441585986,300.03364462877136,300.0336445920125,300.0336439189214,300.0336446961638,300.0336447611934,300.033644425593,300.0336449865425,300.03364455547387,300.0336447173487,300.03364257646706,300.0336414934658,300.0336400185007,300.03364118826147,300.03364004158885,300.0336392086606
3.31e-07,300.03229031699544,300.0322917075058,300.0322929209052,300.03229336874927,300.0322936192053,300.0322935663886,300.0322937341091,300.03229418273787,300.03229363441886,300.0322936999466,300.0322940557138,300.032293838732,300.0322936763682,300.0322932270475,300.0322933591536,300.03229263515294,300.0322924959996,300.03229286995247,300.03229254129667,300.0322926028823,300.03229244288565,300.03229262978783,300.03229245751913,300.0322927661714,300.03229268658913,300.03229261226045,300.0322925427811,300.03229290637995,300.03229273459306,300.0322928677312,300.03229290031993,300.0322926383797,300.03229279729624,300.0322930629448,300.0322926600848,300.0322927709654,300.03229279513323,300.0322924439417,300.03229290697845,300.0322928787057,300.032292777562,300.03229316616506,300.0322927702672,300.032292803005,300.03229144681944,300.0322905121606,300.03228966459005,300.0322903124775,300.0322893862738,300.0322888374353
4.6410000000000003e-07,300.03125579114266,300.0312569519448,300.0312579669394,300.03125829954433,300.03125850134666,300.03125845955276,300.03125859799115,300.0312589005721,300.03125853977394,300.03125858998703,300.0312588374925,300.0312586629719,300.0312585494082,300.0312582250573,300.0312582753206,300.0312577182769,300.03125762884514,300.0312578764566,300.03125764346373,300.03125766340884,300.03125760272803,300.03125772022554,300.03125760418396,300.0312577891766,300.031257745552,300.0312577349754,300.0312577060185,300.03125791477214,300.0312577982341,300.0312578926584,300.03125792575753,300.0312577281842,300.03125785283186,300.0312580220923,300.0312577841829,300.03125781861826,300.03125784507887,300.0312576320195,300.0312579181476,300.03125789583544,300.0312578473533,300.03125808802247,300.0312578227951,300.031257797113,300.0312567435861,300.0312560119403,300.0312553399689,300.0312557351553,300.0312550162889,300.0312546258449
6.105100000000001e-07,300.03048139763087,300.0304823898665,300.0304832604008,300.030483524136,300.0304836894904,300.0304836538398,300.0304837775833,300.03048398885534,300.03048373692434,300.03048376870845,300.0304839603386,300.0304838217305,300.03048372863014,300.0304834861605,300.0304834907183,300.0304830457832,300.0304829724673,300.03048315882086,300.03048297817276,300.0304829780841,300.03048295901885,300.03048303892723,300.03048296550367,300.0304830819378,300.0304830570084,300.0304830628964,300.03048304983383,300.0304831818647,300.0304831015441,300.03048317755025,300.03048320979957,300.0304830622587,300.030483152075,300.03048326987044,300.03048311281253,300.0304831229197,300.03048314753937,300.0304830030118,300.0304831956134,300.0304831823423,300.0304831549398,300.0304833085581,300.0304831284097,300.03048306862274,300.03048221543304,300.03048161697876,300.03048105009793,300.03048129890647,300.0304807414526,300.0304804277543
7.715610000000001e-07,300.02987741119114,300.0298782637525,300.0298790238244,300.02987924159356,300.0298793796347,300.02987935132336,300.0298794618614,300.02987961541544,300.02987943214214,300.02987945393085,300.0298796053898,300.0298794949834,300.02987941368156,300.02987922397404,300.0298792038931,300.0298788362824,300.0298787723249,300.0298789203822,300.0298787725326,300.0298787611016,300.0298787632271,300.029878820957,300.0298787754774,300.02987885303713,300.029878837762,300.0298788492149,300.0298788419299,300.02987893176714,300.02987887447966,300.0298789377127,300.02987896709425,300.02987885452984,300.0298789226772,300.02987900816225,300.0298788972649,300.029878898715,300.0298789201588,300.0298788148451,300.02987895385206,300.0298789453167,300.0298789285897,300.02987903060625,300.02987890318224,300.0298788227221,300.0298781132092,300.0298776007321,300.02987711347254,300.0298772694544,300.0298768286266,300.0298765586896
9.487171000000002e-07,300.02938873837456,300.0293894689815,300.0293901394142,300.0293903260954,300.0293904429701,300.0293904222733,300.02939052023487,300.0293906361351,300.0293904980335,300.02939051545246,300.0293906362058,300.02939054706144,300.02939047391055,300.0293903195689,300.029390285476,300.0293899751674,300.0293899181704,300.029390039025,300.0293899136862,300.0293898965982,300.02938990945654,300.0293899536674,300.0293899261439,300.0293899805292,300.02938997098556,300.0293899840161,300.02938997908336,300.02939004335326,300.0293900014582,300.0293900539684,300.0293900798172,300.0293899925515,300.02939004599506,300.0293901107288,300.02939002910307,300.02939002764685,300.02939004554537,300.0293899653659,300.02939007084797,300.02939006428323,300.0293900534693,300.0293901239579,300.02939002989467,300.02938993659694,300.02938933473257,300.0293888815685,300.0293884582376,300.029388551674,300.0293881961033,300.02938795503036
1.1435888100000002e-06,300.0289819784254,300.02898260015644,300.02898319445274,300.02898335995314,300.0289834601728,300.0289834465309,300.0289835328404,300.02898362311356,300.02898351637424,300.02898353202863,300.028983628916,300.02898355569295,300.02898348873595,300.02898335959156,300.02898331671815,300.0289830514217,300.0289830001153,300.0289830998202,300.0289829915518,300.02898297227046,300.02898298986895,300.028983025776,300.02898300977307,300.0289830496698,300.0289830439613,300.02898305683686,300.0289830532444,300.02898310071885,300.0289830697926,300.02898311284764,300.0289831350126,300.02898306680913,300.0289831093952,300.02898316031957,300.02898309857704,300.02898309637953,300.0289831110688,300.0289830483398,300.02898313108585,300.02898312534217,300.02898311796747,300.0289831685635,300.02898309618865,300.0289829947501,300.0289824763772,300.0289820673256,300.0289816966908,300.0289817458314,300.0289814539916,300.02898123433505
1.3579476910000003e-06,300.0286358883756,300.0286364127615,300.0286369405685,300.028637091354,300.0286371783871,300.0286371708997,300.02863724668487,300.02863731874476,300.0286372350323,300.0286372497769,300.02863732798687,300.02863726683654,300.02863720481923,300.0286370946853,300.0286370457518,300.02863681723795,300.0286367706381,300.02863685293136,300.0286367588376,300.0286367391978,300.02863675806736,300.0286367888152,300.0286367802032,300.0286368106965,300.0286368077317,300.0286368196814,300.02863681713103,300.02863685299513,300.02863683026794,300.0286368650399,300.0286368836464,300.02863683020195,300.02863686441776,300.02863690567176,300.02863685802953,300.0286368558974,300.02863686798077,300.0286368180059,300.0286368843049,300.0286368790941,300.02863687378624,300.02863691141533,300.0286368534338,300.0286367468947,300.028636295074,300.02863592109406,300.02863559456836,300.0286356111275,300.0286353678235,300.0286351655395
1.5937424601000005e-06,300.02833628996365,300.0283367281288,300.0283371969721,300.02833733715966,300.02833741370443,300.0283374114057,300.0283374778506,300.02833753643705,300.0283374704313,300.0283374843531,300.0283375478594,300.0283374960726,300.02833743816393,300.0283373429317,300.02833728958103,300.02833709186905,300.02833704912786,300.0283371166511,300.0283370350351,300.0283370158618,300.028337034058,300.02833706148573,300.02833705760634,300.0283370818254,300.0283370808701,300.02833709159665,300.0283370899376,300.02833711758717,300.02833710113225,300.02833712879544,300.028337144157,300.0283371022931,300.02833712995016,300.0283371640612,300.02833712670224,300.0283371249327,300.02833713499416,300.02833709465114,300.02833714848947,300.0283371438507,300.0283371398224,300.02833716869105,300.0283371203587,300.02833701090026,300.02833661328987,300.02833626872365,300.0283359794188,300.02833597143587,300.02833576561375,300.0283355783248
1.8531167061100007e-06,300.02807332217725,300.02807368501595,300.02807410113166,300.0280742332692,300.0280743014249,300.02807430339953,300.02807436165574,300.02807440993956,300.0280743579641,300.0280743709228,300.0280744227626,300.02807437842813,300.0280743241097,300.02807424077537,300.02807418422753,300.0280740126574,300.0280739730774,300.028074027911,300.0280739575443,300.0280739391459,300.0280739556502,300.02807398078295,300.0280739799246,300.028073999869,300.0280740003792,300.02807400982925,300.0280740089196,300.0280740307203,300.0280740190808,300.0280740407756,300.02807405331987,300.02807402057095,300.0280740430695,300.02807407165653,300.02807404195704,300.0280740406524,300.0280740491514,300.02807401624625,300.0280740603445,300.0280740563745,300.0280740531634,300.0280740758684,300.028074033988,300.0280739233178,300.02807357063506,300.02807325174365,300.028072993945,300.0280729672865,300.02807279071624,300.02807261689253
2.138428376721001e-06,300.02783988669506,300.0278401846787,300.0278405534234,300.0278406790221,300.02784074042603,300.02784074585077,300.02784079698813,300.02784083720474,300.02784079650445,300.0278408083661,300.02784085085716,300.02784081259546,300.0278407615724,300.0278406877934,300.02784062910973,300.02784047985983,300.0278404429032,300.02784048679155,300.02784042657214,300.02784040905385,300.0278404234052,300.0278404467773,300.02784044784465,300.02784046482384,300.0278404663805,300.02784047462075,300.0278404743175,300.02784049195094,300.0278404839778,300.02784050076787,300.02784051096336,300.0278404853652,300.02784050380995,300.02784052797483,300.0278405040882,300.0278405032667,300.0278405105339,300.02784048346973,300.0278405197929,300.02784051654373,300.02784051386965,300.02784053204016,300.02784049439583,300.02784038391525,300.0278400689964,300.02783977316494,300.0278395420443,300.0278395011943,300.0278393476476,300.02783918619605
2.4522712143931014e-06,300.02763072438404,300.02763096729836,300.02763129337177,300.0276314132611,300.0276314692015,300.02763147735726,300.0276315223378,300.0276315561462,300.02763152453065,300.02763153523574,300.0276315701544,300.02763153692905,300.0276314890429,300.02763142294975,300.0276313631129,300.02763123295443,300.0276311982219,300.0276312326686,300.0276311814985,300.0276311649211,300.02763117699124,300.0276311988533,300.0276312011563,300.02763121603743,300.02763121831674,300.0276312254664,300.0276312256384,300.02763124029093,300.0276312350676,300.02763124791295,300.02763125621107,300.02763123618735,300.0276312514488,300.0276312719896,300.0276312525948,300.0276312522303,300.0276312584971,300.0276312360835,300.02763126610995,300.02763126357036,300.0276312612566,300.02763127593136,300.02763124096134,300.0276311318281,300.02763084903154,300.02763057432014,300.02763036577755,300.02763031426144,300.02763017897155,300.027630029022
2.7974983358324118e-06,300.02744184234865,300.02744203908594,300.02744232667146,300.0274424412344,300.0274424927386,300.027442503012,300.0274425426797,300.0274425713609,300.0274425470388,300.0274425565999,300.0274425853203,300.0274425563129,300.02744251146834,300.0274424515775,300.027442391494,300.0274422776672,300.02744224486383,300.0274422711798,300.0274422279495,300.02744221238504,300.02744222224226,300.0274422426902,300.02744224580425,300.0274422591614,300.0274422619168,300.02744226811245,300.0274422686484,300.02744228113824,300.02744227793823,300.02744228768125,300.02744229448047,300.02744227877383,300.0274422915294,300.02744230905716,300.0274422931944,300.0274422932351,300.0274422986646,300.02744227999807,300.02744230487383,300.0274423029824,300.02744230091395,300.02744231276347,300.02744227936375,300.0274421725129,300.0274419173251,300.0274416622063,300.02744147277417,300.0274414133985,300.0274412926883,300.0274411534816
3.177248169415653e-06,300.02727014484725,300.02727030328776,300.0272705561548,300.02727066548744,300.02727071338336,300.0272707252643,300.0272707603464,300.0272707849118,300.02727076641213,300.0272707748905,300.02727079848853,300.0272707730224,300.02727073113624,300.0272706762923,300.0272706167723,300.0272705169182,300.02727048581977,300.02727050515665,300.027270468772,300.0272704543063,300.02727046213045,300.02727048118396,300.02727048485457,300.0272704970646,300.02727050011174,300.0272705054909,300.02727050630057,300.02727051717613,300.0272705154313,300.02727052279056,300.0272705284215,300.0272705160435,300.0272705268116,300.02727054181463,300.02727052877435,300.02727052915486,300.0272705338666,300.0272705182506,300.02727053888407,300.02727053755063,300.0272705356515,300.02727054510973,300.02727051251054,300.0272704086653,300.02727017743064,300.0272699406292,300.0272697674033,300.0272697024061,300.0272695934233,300.02726946425315
3.5949729863572187e-06,300.0271131876898,300.02711331466764,300.02711353624915,300.0271136402724,300.0271136852284,300.02711369830297,300.0271137294221,300.0271137506754,300.02711373680063,300.0271137442826,300.02711376361196,300.0271137411088,300.02711370208095,300.0271136514041,300.0271135931417,300.02711350525385,300.0271134756825,300.02711348905996,300.0271134584776,300.0271134451925,300.02711345122094,300.0271134688705,300.0271134729467,300.0271134842535,300.02711348745754,300.0271134921508,300.0271134931639,300.0271135027816,300.02711350205453,300.0271135076251,300.0271135123508,300.027113502538,300.0271135117091,300.02711352458897,300.0271135138361,300.0271135144875,300.0271135185734,300.02711350546315,300.02711352258814,300.0271135217118,300.0271135199307,300.0271135272761,300.0271134949589,300.02711339464474,300.027113184373,300.0271129647666,300.0271128053445,300.0271127365027,300.0271126370256,300.0271125172113
4.054470284992941e-06,300.02696901013513,300.02696911146995,300.02696930492067,300.0269694034611,300.0269694460095,300.026969459951,300.02696948764014,300.0269695062178,300.02696949600545,300.02696950258536,300.02696951833053,300.02696949828953,300.02696946199245,300.02696941482645,300.02696935838907,300.02696928077006,300.02696925257976,300.02696926090664,300.0269692351644,300.02696922311964,300.02696922761174,300.02696924384577,300.0269692482331,300.0269692587928,300.026969262057,300.0269692661845,300.02696926734785,300.0269692759339,300.0269692758935,300.02696928015257,300.0269692841766,300.02696927634986,300.02696928421517,300.0269692953074,300.0269692864299,300.02696928728653,300.0269692908221,300.02696927978525,300.02696929400406,300.0269692934852,300.02696929178467,300.0269692971924,300.0269692648293,300.0269691683963,300.0269689766201,300.02696877317726,300.02696862559833,300.0269685543119,300.0269684626058,300.02696835148174
4.559917313492236e-06,300.02683601696737,300.02683609753893,300.02683626577607,300.02683635862707,300.0268363991782,300.0268364137342,300.0268364384542,300.0268364548567,300.0268364475405,300.0268364533097,300.02683646602526,300.026836448014,300.0268364142926,300.02683637015673,300.0268363159849,300.0268362472031,300.02683622027246,300.0268362243617,300.0268362025991,300.02683619181954,300.02683619503415,300.026836209854,300.02683621448347,300.0268362243949,300.0268362276524,300.0268362313214,300.02683623259617,300.026836240293,300.02683624069374,300.02683624401146,300.0268362474886,300.02683624121437,300.0268362479923,300.0268362575787,300.0268362502518,300.02683625125616,300.026836254307,300.02683624499616,300.02683625680845,300.0268362565563,300.0268362549029,300.0268362584818,300.0268362258889,300.0268361335398,300.0268359582066,300.02683576994866,300.0268356326335,300.0268355599966,300.026835474705,300.0268353716194
5.11590904484146e-06,300.0267128939623,300.02671295781096,300.02671310353924,300.0267131905065,300.02671322935885,300.02671324433805,300.02671326649124,300.02671328111006,300.02671327608215,300.02671328112376,300.0267132912631,300.0267132749133,300.0267132435917,300.02671320213904,300.02671315055375,300.0267130894013,300.02671306363044,300.0267130642088,300.02671304567696,300.0267130361484,300.02671303832955,300.02671305175596,300.02671305656503,300.0267130658916,300.02671306909855,300.0267130724021,300.026713073761,300.02671308066107,300.0267130813247,300.026713083979,300.02671308702634,300.0267130819811,300.0267130878395,300.026713096156,300.0267130901191,300.0267130912227,300.02671309384914,300.0267130859817,300.0267130958054,300.02671309574015,300.0267130940972,300.0267130959162,300.0267130630165,300.02671297483766,300.0267128142252,300.0267126402058,300.0267125118962,300.02671243875756,300.0267123588199,300.02671226313885
5.727499949325607e-06,300.02659854611744,300.02659859655336,300.0265987222798,300.0265988032139,300.02659884056465,300.0265988558224,300.0265988757633,300.0265988889051,300.02659888568127,300.02659889006765,300.0265988980058,300.02659888300946,300.0265988539002,300.02659881488273,300.026598766098,300.02659871155305,300.0265986868621,300.02659868457584,300.02659866863905,300.02659866030984,300.0265986616786,300.0265986737531,300.02659867867686,300.0265986874603,300.02659869059073,300.0265986936067,300.0265986950308,300.02659870120067,300.026598702001,300.02659870419376,300.0265987068999,300.02659870284094,300.0265987079134,300.02659871515715,300.026598710197,300.0265987113604,300.026598713619,300.0265987069634,300.0265987151479,300.02659871520143,300.026598713524,300.02659871363227,300.02659868042514,300.02659859641716,300.0265984490662,300.02659828836227,300.0265981680641,300.0265980950789,300.0265980196674,300.0265979307805
6.400249944258168e-06,300.02649205173697,300.02649209145005,300.02649219949063,300.026492274309,300.0264923102657,300.0264923256902,300.02649234373314,300.0264923556395,300.0264923538308,300.0264923576232,300.02649236367427,300.02649234977923,300.0264923226924,300.02649228593356,300.0264922400713,300.02649219126477,300.0264921675929,300.0264921630121,300.0264921491427,300.0264921419296,300.02649214267933,300.0264921534626,300.0264921584317,300.02649216670125,300.02649216974226,300.02649217253366,300.0264921740095,300.02649217950466,300.02649218035583,300.02649218222894,300.02649218466127,300.0264921814034,300.02649218580115,300.02649219213544,300.0264921880754,300.02649218926695,300.0264921912107,300.02649218557593,300.02649219241226,300.0264921925265,300.0264921907595,300.0264921892009,300.02649215573854,300.0264920758428,300.02649194050366,300.02649179221373,300.0264916791443,300.0264916068178,300.0264915352885,300.0264914526153
7.1402749386839854e-06,300.02639262777626,300.02639265893805,300.0263927514213,300.02639282011984,300.0263928547152,300.0263928702156,300.02639288663903,300.02639289750294,300.0263928967931,300.02639290004277,300.0263929044735,300.02639289147737,300.0263928662284,300.0263928316016,300.02639278870686,300.02639274489616,300.0263927221996,300.026392715822,300.02639270359055,300.0263926973867,300.0263926976817,300.0263927072496,300.02639271219266,300.0263927199705,300.0263927229184,300.0263927255345,300.0263927270514,300.02639273192517,300.02639273277117,300.0263927344216,300.02639273663146,300.02639273402997,300.0263927378484,300.02639274340856,300.02639274010096,300.02639274129547,300.026392742973,300.0263927382011,300.02639274392936,300.02639274405374,300.02639274213243,300.0263927389558,300.02639270532495,300.02639262944575,300.0263925050343,300.0263923682819,300.02639226182396,300.02639219054697,300.02639212240183,300.02639204539696
7.954302432552384e-06,300.0262996033208,300.0262996276763,300.0262997065456,300.0262997692018,300.0262998024103,300.026299817907,300.026299832956,300.0262998429337,300.02629984306327,300.02629984581296,300.0262998488529,300.02629983659585,300.0262998130123,300.0262997804243,300.02629974047966,300.0262997010277,300.02629967927703,300.0262996715327,300.0262996605961,300.02629965527956,300.02629965525443,300.02629966369443,300.02629966854226,300.02629967584636,300.0262996787029,300.02629968118094,300.02629968272925,300.0262996870367,300.0262996878444,300.02629968933616,300.0262996913627,300.0262996893016,300.0262996926242,300.0262996975221,300.02629969484246,300.02629969602003,300.026299697475,300.02629969343445,300.0262996982504,300.0262996983391,300.02629969619227,300.0262996914573,300.0262996577661,300.0262995857866,300.0262994713504,300.0262993452891,300.02629924495125,300.02629917502895,300.0262991098856,300.026299038043
8.849732675807622e-06,300.0262996033208,300.0262996276763,300.0262997065456,300.0262997692018,300.0262998024103,300.026299817907,300.026299832956,300.0262998429337,300.02629984306327,300.02629984581296,300.0262998488529,300.02629983659585,300.0262998130123,300.0262997804243,300.02629974047966,300.0262997010277,300.02629967927703,300.0262996715327,300.0262996605961,300.02629965527956,300.02629965525443,300.02629966369443,300.02629966854226,300.02629967584636,300.0262996787029,300.02629968118094,300.02629968272925,300.0262996870367,300.0262996878444,300.02629968933616,300.0262996913627,300.0262996893016,300.0262996926242,300.0262996975221,300.02629969484246,300.02629969602003,300.026299697475,300.02629969343445,300.0262996982504,300.0262996983391,300.02629969619227,300.0262996914573,300.0262996577661,300.0262995857866,300.0262994713504,300.0262993452891,300.02629924495125,300.02629917502895,300.0262991098856,300.026299038043
9.834705943388386e-06,300.0262996033208,300.0262996276763,300.0262997065456,300.0262997692018,300.0262998024103,300.026299817907,300.026299832956,300.0262998429337,300.02629984306327,300.02629984581296,300.0262998488529,300.02629983659585,300.0262998130123,300.0262997804243,300.02629974047966,300.0262997010277,300.02629967927703,300.0262996715327,300.0262996605961,300.02629965527956,300.02629965525443,300.02629966369443,300.02629966854226,300.02629967584636,300.0262996787029,300.02629968118094,300.02629968272925,300.0262996870367,300.0262996878444,300.02629968933616,300.0262996913627,300.0262996893016,300.0262996926242,300.0262996975221,300.02629969484246,300.02629969602003,300.026299697475,300.02629969343445,300.0262996982504,300.0262996983391,300.02629969619227,300.0262996914573,300.0262996577661,300.0262995857866,300.0262994713504,300.0262993452891,300.02629924495125,300.02629917502895,300.0262991098856,300.026299038043
1.0918176537727226e-05,300.0262996033208,300.0262996276763,300.0262997065456,300.0262997692018,300.0262998024103,300.026299817907,300.026299832956,300.0262998429337,300.02629984306327,300.02629984581296,300.0262998488529,300.02629983659585,300.0262998130123,300.0262997804243,300.02629974047966,300.0262997010277,300.02629967927703,300.0262996715327,300.0262996605961,300.02629965527956,300.02629965525443,300.02629966369443,300.02629966854226,300.02629967584636,300.0262996787029,300.02629968118094,300.02629968272925,300.0262996870367,300.0262996878444,300.02629968933616,300.0262996913627,300.0262996893016,300.0262996926242,300.0262996975221,300.02629969484246,300.02629969602003,300.026299697475,300.02629969343445,300.0262996982504,300.0262996983391,300.02629969619227,300.0262996914573,300.0262996577661,300.0262995857866,300.0262994713504,300.0262993452891,300.02629924495125,300.02629917502895,300.0262991098856,300.026299038043
1.210999419149995e-05,300.0262996033208,300.0262996276763,300.0262997065456,300.0262997692018,300.0262998024103,300.026299817907,300.026299832956,300.0262998429337,300.02629984306327,300.02629984581296,300.0262998488529,300.02629983659585,300.0262998130123,300.0262997804243,300.02629974047966,300.0262997010277,300.02629967927703,300.0262996715327,300.0262996605961,300.02629965527956,300.02629965525443,300.02629966369443,300.02629966854226,300.02629967584636,300.0262996787029,300.02629968118094,300.02629968272925,300.0262996870367,300.0262996878444,300.02629968933616,300.0262996913627,300.0262996893016,300.0262996926242,300.0262996975221,300.02629969484246,300.02629969602003,300.026299697475,300.02629969343445,300.0262996982504,300.0262996983391,300.02629969619227,300.0262996914573,300.0262996577661,300.0262995857866,300.0262994713504,300.0262993452891,300.02629924495125,300.02629917502895,300.0262991098856,300.026299038043
1.3420993610649945e-05,300.0262996033208,300.0262996276763,300.0262997065456,300.0262997692018,300.0262998024103,300.026299817907,300.026299832956,300.0262998429337,300.02629984306327,300.02629984581296,300.0262998488529,300.02629983659585,300.0262998130123,300.0262997804243,300.02629974047966,300.0262997010277,300.02629967927703,300.0262996715327,300.0262996605961,300.02629965527956,300.02629965525443,300.02629966369443,300.02629966854226,300.02629967584636,300.0262996787029,300.02629968118094,300.02629968272925,300.0262996870367,300.0262996878444,300.02629968933616,300.0262996913627,300.0262996893016,300.0262996926242,300.0262996975221,300.02629969484246,300.02629969602003,300.026299697475,300.02629969343445,300.0262996982504,300.0262996983391,300.02629969619227,300.0262996914573,300.0262996577661,300.0262995857866,300.0262994713504,300.0262993452891,300.02629924495125,300.02629917502895,300.0262991098856,300.026299038043
1.486309297171494e-05,300.0262996033208,300.0262996276763,300.0262997065456,300.0262997692018,300.0262998024103,300.026299817907,300.026299832956,300.0262998429337,300.02629984306327,300.02629984581296,300.0262998488529,300.02629983659585,300.0262998130123,300.0262997804243,300.02629974047966,300.0262997010277,300.02629967927703,300.0262996715327,300.0262996605961,300.02629965527956,300.02629965525443,300.02629966369443,300.02629966854226,300.02629967584636,300.0262996787029,300.02629968118094,300.02629968272925,300.0262996870367,300.0262996878444,300.02629968933616,300.0262996913627,300.0262996893016,300.0262996926242,300.0262996975221,300.02629969484246,300.02629969602003,300.026299697475,300.02629969343445,300.0262996982504,300.0262996983391,300.02629969619227,300.0262996914573,300.0262996577661,300.0262995857866,300.0262994713504,300.0262993452891,300.02629924495125,300.02629917502895,300.0262991098856,300.026299038043
1.6449402268886436e-05,300.0262996033208,300.0262996276763,300.0262997065456,300.0262997692018,300.0262998024103,300.026299817907,300.026299832956,300.0262998429337,300.02629984306327,300.02629984581296,300.0262998488529,300.02629983659585,300.0262998130123,300.0262997804243,300.02629974047966,300.0262997010277,300.02629967927703,300.0262996715327,300.0262996605961,300.02629965527956,300.02629965525443,300.02629966369443,300.02629966854226,300.02629967584636,300.0262996787029,300.02629968118094,300.02629968272925,300.0262996870367,300.0262996878444,300.02629968933616,300.0262996913627,300.0262996893016,300.0262996926242,300.0262996975221,300.02629969484246,300.02629969602003,300.026299697475,300.02629969343445,300.0262996982504,300.0262996983391,300.02629969619227,300.0262996914573,300.0262996577661,300.0262995857866,300.0262994713504,300.0262993452891,300.02629924495125,300.02629917502895,300.0262991098856,300.026299038043
1.819434249577508e-05,300.0262996033208,300.0262996276763,300.0262997065456,300.0262997692018,300.0262998024103,300.026299817907,300.026299832956,300.0262998429337,300.02629984306327,300.02629984581296,300.0262998488529,300.02629983659585,300.0262998130123,300.0262997804243,300.02629974047966,300.0262997010277,300.02629967927703,300.0262996715327,300.0262996605961,300.02629965527956,300.02629965525443,300.02629966369443,300.02629966854226,300.02629967584636,300.0262996787029,300.02629968118094,300.02629968272925,300.0262996870367,300.0262996878444,300.02629968933616,300.0262996913627,300.0262996893016,300.0262996926242,300.0262996975221,300.02629969484246,300.02629969602003,300.026299697475,300.02629969343445,300.0262996982504,300.0262996983391,300.02629969619227,300.0262996914573,300.0262996577661,300.0262995857866,300.0262994713504,300.0262993452891,300.02629924495125,300.02629917502895,300.0262991098856,300.026299038043
2.011377674535259e-05,300.0262996033208,300.0262996276763,300.0262997065456,300.0262997692018,300.0262998024103,300.026299817907,300.026299832956,300.0262998429337,300.02629984306327,300.02629984581296,300.0262998488529,300.02629983659585,300.0262998130123,300.0262997804243,300.02629974047966,300.0262997010277,300.02629967927703,300.0262996715327,300.0262996605961,300.02629965527956,300.02629965525443,300.02629966369443,300.02629966854226,300.02629967584636,300.0262996787029,300.02629968118094,300.02629968272925,300.0262996870367,300.0262996878444,300.02629968933616,300.0262996913627,300.0262996893016,300.0262996926242,300.0262996975221,300.02629969484246,300.02629969602003,300.026299697475,300.02629969343445,300.0262996982504,300.0262996983391,300.02629969619227,300.0262996914573,300.0262996577661,300.0262995857866,300.0262994713504,300.0262993452891,300.02629924495125,300.02629917502895,300.0262991098856,300.026299038043
2.222515441988785e-05,300.0262996033208,300.0262996276763,300.0262997065456,300.0262997692018,300.0262998024103,300.026299817907,300.026299832956,300.0262998429337,300.02629984306327,300.02629984581296,300.0262998488529,300.02629983659585,300.0262998130123,300.0262997804243,300.02629974047966,300.0262997010277,300.02629967927703,300.0262996715327,300.0262996605961,300.02629965527956,300.02629965525443,300.02629966369443,300.02629966854226,300.02629967584636,300.0262996787029,300.02629968118094,300.02629968272925,300.0262996870367,300.0262996878444,300.02629968933616,300.0262996913627,300.0262996893016,300.0262996926242,300.0262996975221,300.02629969484246,300.02629969602003,300.026299697475,300.02629969343445,300.0262996982504,300.0262996983391,300.02629969619227,300.0262996914573,300.0262996577661,300.0262995857866,300.0262994713504,300.0262993452891,300.02629924495125,300.02629917502895,300.0262991098856,300.026299038043
2.4547669861876638e-05,300.0262996033208,300.0262996276763,300.0262997065456,300.0262997692018,300.0262998024103,300.026299817907,300.026299832956,300.0262998429337,300.02629984306327,300.02629984581296,300.0262998488529,300.02629983659585,300.0262998130123,300.0262997804243,300.02629974047966,300.0262997010277,300.02629967927703,300.0262996715327,300.0262996605961,300.02629965527956,300.02629965525443,300.02629966369443,300.02629966854226,300.02629967584636,300.0262996787029,300.02629968118094,300.02629968272925,300.0262996870367,300.0262996878444,300.02629968933616,300.0262996913627,300.0262996893016,300.0262996926242,300.0262996975221,300.02629969484246,300.02629969602003,300.026299697475,300.02629969343445,300.0262996982504,300.0262996983391,300.02629969619227,300.0262996914573,300.0262996577661,300.0262995857866,300.0262994713504,300.0262993452891,300.02629924495125,300.02629917502895,300.0262991098856,300.026299038043
2.7102436848064303e-05,300.0262996033208,300.0262996276763,300.0262997065456,300.0262997692018,300.0262998024103,300.026299817907,300.026299832956,300.0262998429337,300.02629984306327,300.02629984581296,300.0262998488529,300.02629983659585,300.0262998130123,300.0262997804243,300.02629974047966,300.0262997010277,300.02629967927703,300.0262996715327,300.0262996605961,300.02629965527956,300.02629965525443,300.02629966369443,300.02629966854226,300.02629967584636,300.0262996787029,300.02629968118094,300.02629968272925,300.0262996870367,300.0262996878444,300.02629968933616,300.0262996913627,300.0262996893016,300.0262996926242,300.0262996975221,300.02629969484246,300.02629969602003,300.026299697475,300.02629969343445,300.0262996982504,300.0262996983391,300.02629969619227,300.0262996914573,300.0262996577661,300.0262995857866,300.0262994713504,300.0262993452891,300.02629924495125,300.02629917502895,300.0262991098856,300.026299038043
2.9912680532870735e-05,300.0262996033208,300.0262996276763,300.0262997065456,300.0262997692018,300.0262998024103,300.026299817907,300.026299832956,300.0262998429337,300.02629984306327,300.02629984581296,300.0262998488529,300.02629983659585,300.0262998130123,300.0262997804243,300.02629974047966,300.0262997010277,300.02629967927703,300.0262996715327,300.0262996605961,300.02629965527956,300.02629965525443,300.02629966369443,300.02629966854226,300.02629967584636,300.0262996787029,300.02629968118094,300.02629968272925,300.0262996870367,300.0262996878444,300.02629968933616,300.0262996913627,300.0262996893016,300.0262996926242,300.0262996975221,300.02629969484246,300.02629969602003,300.026299697475,300.02629969343445,300.0262996982504,300.0262996983391,300.02629969619227,300.0262996914573,300.0262996577661,300.0262995857866,300.0262994713504,300.0262993452891,300.02629924495125,300.02629917502895,300.0262991098856,300.026299038043
3.300394858615781e-05,300.0262996033208,300.0262996276763,300.0262997065456,300.0262997692018,300.0262998024103,300.026299817907,300.026299832956,300.0262998429337,300.02629984306327,300.02629984581296,300.0262998488529,300.02629983659585,300.0262998130123,300.0262997804243,300.02629974047966,300.0262997010277,300.02629967927703,300.0262996715327,300.0262996605961,300.02629965527956,300.02629965525443,300.02629966369443,300.02629966854226,300.02629967584636,300.0262996787029,300.02629968118094,300.02629968272925,300.0262996870367,300.0262996878444,300.02629968933616,300.0262996913627,300.0262996893016,300.0262996926242,300.0262996975221,300.02629969484246,300.02629969602003,300.026299697475,300.02629969343445,300.0262996982504,300.0262996983391,300.02629969619227,300.0262996914573,300.0262996577661,300.0262995857866,300.0262994713504,300.0262993452891,300.02629924495125,300.02629917502895,300.0262991098856,300.026299038043
3.6404343444773596e-05,300.0262996033208,300.0262996276763,300.0262997065456,300.0262997692018,300.0262998024103,300.026299817907,300.026299832956,300.0262998429337,300.02629984306327,300.02629984581296,300.0262998488529,300.02629983659585,300.0262998130123,300.0262997804243,300.02629974047966,300.0262997010277,300.02629967927703,300.0262996715327,300.0262996605961,300.02629965527956,300.02629965525443,300.02629966369443,300.02629966854226,300.02629967584636,300.0262996787029,300.02629968118094,300.02629968272925,300.0262996870367,300.0262996878444,300.02629968933616,300.0262996913627,300.0262996893016,300.0262996926242,300.0262996975221,300.02629969484246,300.02629969602003,300.026299697475,300.02629969343445,300.0262996982504,300.0262996983391,300.02629969619227,300.0262996914573,300.0262996577661,300.0262995857866,300.0262994713504,300.0262993452891,300.02629924495125,300.02629917502895,300.0262991098856,300.026299038043
4.014477778925096e-05,300.0262996033208,300.0262996276763,300.0262997065456,300.0262997692018,300.0262998024103,300.026299817907,300.026299832956,300.0262998429337,300.02629984306327,300.02629984581296,300.0262998488529,300.02629983659585,300.0262998130123,300.0262997804243,300.02629974047966,300.0262997010277,300.02629967927703,300.0262996715327,300.0262996605961,300.02629965527956,300.02629965525443,300.02629966369443,300.02629966854226,300.02629967584636,300.0262996787029,300.02629968118094,300.02629968272925,300.0262996870367,300.0262996878444,300.02629968933616,300.0262996913627,300.0262996893016,300.0262996926242,300.0262996975221,300.02629969484246,300.02629969602003,300.026299697475,300.02629969343445,300.0262996982504,300.0262996983391,300.02629969619227,300.0262996914573,300.0262996577661,300.0262995857866,300.0262994713504,300.0262993452891,300.02629924495125,300.02629917502895,300.0262991098856,300.026299038043
4.425925556817606e-05,300.0262996033208,300.0262996276763,300.0262997065456,300.0262997692018,300.0262998024103,300.026299817907,300.026299832956,300.0262998429337,300.02629984306327,300.02629984581296,300.0262998488529,300.02629983659585,300.0262998130123,300.0262997804243,300.02629974047966,300.0262997010277,300.02629967927703,300.0262996715327,300.0262996605961,300.02629965527956,300.02629965525443,300.02629966369443,300.02629966854226,300.02629967584636,300.0262996787029,300.02629968118094,300.02629968272925,300.0262996870367,300.0262996878444,300.02629968933616,300.0262996913627,300.0262996893016,300.0262996926242,300.0262996975221,300.02629969484246,300.02629969602003,300.026299697475,300.02629969343445,300.0262996982504,300.0262996983391,300.02629969619227,300.0262996914573,300.0262996577661,300.0262995857866,300.0262994713504,300.0262993452891,300.02629924495125,300.02629917502895,300.0262991098856,300.026299038043
4.8785181124993674e-05,300.0262996033208,300.0262996276763,300.0262997065456,300.0262997692018,300.0262998024103,300.026299817907,300.026299832956,300.0262998429337,300.02629984306327,300.02629984581296,300.0262998488529,300.02629983659585,300.0262998130123,300.0262997804243,300.02629974047966,300.0262997010277,300.02629967927703,300.0262996715327,300.0262996605961,300.02629965527956,300.02629965525443,300.02629966369443,300.02629966854226,300.02629967584636,300.0262996787029,300.02629968118094,300.02629968272925,300.0262996870367,300.0262996878444,300.02629968933616,300.0262996913627,300.0262996893016,300.0262996926242,300.0262996975221,300.02629969484246,300.02629969602003,300.026299697475,300.02629969343445,300.0262996982504,300.0262996983391,300.02629969619227,300.0262996914573,300.0262996577661,300.0262995857866,300.0262994713504,300.0262993452891,300.02629924495125,300.02629917502895,300.0262991098856,300.026299038043
5.376369923749304e-05,300.0262996033208,300.0262996276763,300.0262997065456,300.0262997692018,300.0262998024103,300.026299817907,300.026299832956,300.0262998429337,300.02629984306327,300.02629984581296,300.0262998488529,300.02629983659585,300.0262998130123,300.0262997804243,300.02629974047966,300.0262997010277,300.02629967927703,300.0262996715327,300.0262996605961,300.02629965527956,300.02629965525443,300.02629966369443,300.02629966854226,300.02629967584636,300.0262996787029,300.02629968118094,300.02629968272925,300.0262996870367,300.0262996878444,300.02629968933616,300.0262996913627,300.0262996893016,300.0262996926242,300.0262996975221,300.02629969484246,300.02629969602003,300.026299697475,300.02629969343445,300.0262996982504,300.0262996983391,300.02629969619227,300.0262996914573,300.0262996577661,300.0262995857866,300.0262994713504,300.0262993452891,300.02629924495125,300.02629917502895,300.0262991098856,300.026299038043
5.876369923749304e-05,300.0262996033208,300.0262996276763,300.0262997065456,300.0262997692018,300.0262998024103,300.026299817907,300.026299832956,300.0262998429337,300.02629984306327,300.02629984581296,300.0262998488529,300.02629983659585,300.0262998130123,300.0262997804243,300.02629974047966,300.0262997010277,300.02629967927703,300.0262996715327,300.0262996605961,300.02629965527956,300.02629965525443,300.02629966369443,300.02629966854226,300.02629967584636,300.0262996787029,300.02629968118094,300.02629968272925,300.0262996870367,300.0262996878444,300.02629968933616,300.0262996913627,300.0262996893016,300.0262996926242,300.0262996975221,300.02629969484246,300.02629969602003,300.026299697475,300.02629969343445,300.0262996982504,300.0262996983391,300.02629969619227,300.0262996914573,300.0262996577661,300.0262995857866,300.0262994713504,300.0262993452891,300.02629924495125,300.02629917502895,300.0262991098856,300.026299038043
6.376369923749304e-05,300.0262996033208,300.0262996276763,300.0262997065456,300.0262997692018,300.0262998024103,300.026299817907,300.026299832956,300.0262998429337,300.02629984306327,300.02629984581296,300.0262998488529,300.02629983659585,300.0262998130123,300.0262997804243,300.02629974047966,300.0262997010277,300.02629967927703,300.0262996715327,300.0262996605961,300.02629965527956,300.02629965525443,300.02629966369443,300.02629966854226,300.02629967584636,300.0262996787029,300.02629968118094,300.02629968272925,300.0262996870367,300.0262996878444,300.02629968933616,300.0262996913627,300.0262996893016,300.0262996926242,300.0262996975221,300.02629969484246,300.02629969602003,300.026299697475,300.02629969343445,300.0262996982504,300.0262996983391,300.02629969619227,300.0262996914573,300.0262996577661,300.0262995857866,300.0262994713504,300.0262993452891,300.02629924495125,300.02629917502895,300.0262991098856,300.026299038043
6.876369923749304e-05,300.0262996033208,300.0262996276763,300.0262997065456,300.0262997692018,300.0262998024103,300.026299817907,300.026299832956,300.0262998429337,300.02629984306327,300.02629984581296,300.0262998488529,300.02629983659585,300.0262998130123,300.0262997804243,300.02629974047966,300.0262997010277,300.02629967927703,300.0262996715327,300.0262996605961,300.02629965527956,300.02629965525443,300.02629966369443,300.02629966854226,300.02629967584636,300.0262996787029,300.02629968118094,300.02629968272925,300.0262996870367,300.0262996878444,300.02629968933616,300.0262996913627,300.0262996893016,300.0262996926242,300.0262996975221,300.02629969484246,300.02629969602003,300.026299697475,300.02629969343445,300.0262996982504,300.0262996983391,300.02629969619227,300.0262996914573,300.0262996577661,300.0262995857866,300.0262994713504,300.0262993452891,300.02629924495125,300.02629917502895,300.0262991098856,300.026299038043
7.376369923749304e-05,300.0262996033208,300.0262996276763,300.0262997065456,300.0262997692018,300.0262998024103,300.026299817907,300.026299832956,300.0262998429337,300.02629984306327,300.02629984581296,300.0262998488529,300.02629983659585,300.0262998130123,300.0262997804243,300.02629974047966,300.0262997010277,300.02629967927703,300.0262996715327,300.0262996605961,300.02629965527956,300.02629965525443,300.02629966369443,300.02629966854226,300.02629967584636,300.0262996787029,300.02629968118094,300.02629968272925,300.0262996870367,300.0262996878444,300.02629968933616,300.0262996913627,300.0262996893016,300.0262996926242,300.0262996975221,300.02629969484246,300.02629969602003,300.026299697475,300.02629969343445,300.0262996982504,300.0262996983391,300.02629969619227,300.0262996914573,300.0262996577661,300.0262995857866,300.0262994713504,300.0262993452891,300.02629924495125,300.02629917502895,300.0262991098856,300.026299038043
7.876369923749304e-05,300.0262996033208,300.0262996276763,300.0262997065456,300.0262997692018,300.0262998024103,300.026299817907,300.026299832956,300.0262998429337,300.02629984306327,300.02629984581296,300.0262998488529,300.02629983659585,300.0262998130123,300.0262997804243,300.02629974047966,300.0262997010277,300.02629967927703,300.0262996715327,300.0262996605961,300.02629965527956,300.02629965525443,300.02629966369443,300.02629966854226,300.02629967584636,300.0262996787029,300.02629968118094,300.02629968272925,300.0262996870367,300.0262996878444,300.02629968933616,300.0262996913627,300.0262996893016,300.0262996926242,300.0262996975221,300.02629969484246,300.02629969602003,300.026299697475,300.02629969343445,300.0262996982504,300.0262996983391,300.02629969619227,300.0262996914573,300.0262996577661,300.0262995857866,300.0262994713504,300.0262993452891,300.02629924495125,300.02629917502895,300.0262991098856,300.026299038043
8.376369923749304e-05,300.0262996033208,300.0262996276763,300.0262997065456,300.0262997692018,300.0262998024103,300.026299817907,300.026299832956,300.0262998429337,300.02629984306327,300.02629984581296,300.0262998488529,300.02629983659585,300.0262998130123,300.0262997804243,300.02629974047966,300.0262997010277,300.02629967927703,300.0262996715327,300.0262996605961,300.02629965527956,300.02629965525443,300.02629966369443,300.02629966854226,300.02629967584636,300.0262996787029,300.02629968118094,300.02629968272925,300.0262996870367,300.0262996878444,300.02629968933616,300.0262996913627,300.0262996893016,300.0262996926242,300.0262996975221,300.02629969484246,300.02629969602003,300.026299697475,300.02629969343445,300.0262996982504,300.0262996983391,300.02629969619227,300.0262996914573,300.0262996577661,300.0262995857866,300.0262994713504,300.0262993452891,300.02629924495125,300.02629917502895,300.0262991098856,300.026299038043
8.876369923749304e-05,300.0262996033208,300.0262996276763,300.0262997065456,300.0262997692018,300.0262998024103,300.026299817907,300.026299832956,300.0262998429337,300.02629984306327,300.02629984581296,300.0262998488529,300.02629983659585,300.0262998130123,300.0262997804243,300.02629974047966,300.0262997010277,300.02629967927703,300.0262996715327,300.0262996605961,300.02629965527956,300.02629965525443,300.02629966369443,300.02629966854226,300.02629967584636,300.0262996787029,300.02629968118094,300.02629968272925,300.0262996870367,300.0262996878444,300.02629968933616,300.0262996913627,300.0262996893016,300.0262996926242,300.0262996975221,300.02629969484246,300.02629969602003,300.026299697475,300.02629969343445,300.0262996982504,300.0262996983391,300.02629969619227,300.0262996914573,300.0262996577661,300.0262995857866,300.0262994713504,300.0262993452891,300.02629924495125,300.02629917502895,300.0262991098856,300.026299038043
9.376369923749304e-05,300.0262996033208,300.0262996276763,300.0262997065456,300.0262997692018,300.0262998024103,300.026299817907,300.026299832956,300.0262998429337,300.02629984306327,300.02629984581296,300.0262998488529,300.02629983659585,300.0262998130123,300.0262997804243,300.02629974047966,300.0262997010277,300.02629967927703,300.0262996715327,300.0262996605961,300.02629965527956,300.02629965525443,300.02629966369443,300.02629966854226,300.02629967584636,300.0262996787029,300.02629968118094,300.02629968272925,300.0262996870367,300.0262996878444,300.02629968933616,300.0262996913627,300.0262996893016,300.0262996926242,300.0262996975221,300.02629969484246,300.02629969602003,300.026299697475,300.02629969343445,300.0262996982504,300.0262996983391,300.02629969619227,300.0262996914573,300.0262996577661,300.0262995857866,300.0262994713504,300.0262993452891,300.02629924495125,300.02629917502895,300.0262991098856,300.026299038043
9.876369923749304e-05,300.0262996033208,300.0262996276763,300.0262997065456,300.0262997692018,300.0262998024103,300.026299817907,300.026299832956,300.0262998429337,300.02629984306327,300.02629984581296,300.0262998488529,300.02629983659585,300.0262998130123,300.0262997804243,300.02629974047966,300.0262997010277,300.02629967927703,300.0262996715327,300.0262996605961,300.02629965527956,300.02629965525443,300.02629966369443,300.02629966854226,300.02629967584636,300.0262996787029,300.02629968118094,300.02629968272925,300.0262996870367,300.0262996878444,300.02629968933616,300.0262996913627,300.0262996893016,300.0262996926242,300.0262996975221,300.02629969484246,300.02629969602003,300.026299697475,300.02629969343445,300.0262996982504,300.0262996983391,300.02629969619227,300.0262996914573,300.0262996577661,300.0262995857866,300.0262994713504,300.0262993452891,300.02629924495125,300.02629917502895,300.0262991098856,300.026299038043
0.00010376369923749304,300.0262996033208,300.0262996276763,300.0262997065456,300.0262997692018,300.0262998024103,300.026299817907,300.026299832956,300.0262998429337,300.02629984306327,300.02629984581296,300.0262998488529,300.02629983659585,300.0262998130123,300.0262997804243,300.02629974047966,300.0262997010277,300.02629967927703,300.0262996715327,300.0262996605961,300.02629965527956,300.02629965525443,300.02629966369443,300.02629966854226,300.02629967584636,300.0262996787029,300.02629968118094,300.02629968272925,300.0262996870367,300.0262996878444,300.02629968933616,300.0262996913627,300.0262996893016,300.0262996926242,300.0262996975221,300.02629969484246,300.02629969602003,300.026299697475,300.02629969343445,300.0262996982504,300.0262996983391,300.02629969619227,300.0262996914573,300.0262996577661,300.0262995857866,300.0262994713504,300.0262993452891,300.02629924495125,300.02629917502895,300.0262991098856,300.026299038043
0.00010876369923749304,300.0262996033208,300.0262996276763,300.0262997065456,300.0262997692018,300.0262998024103,300.026299817907,300.026299832956,300.0262998429337,300.02629984306327,300.02629984581296,300.0262998488529,300.02629983659585,300.0262998130123,300.0262997804243,300.02629974047966,300.0262997010277,300.02629967927703,300.0262996715327,300.0262996605961,300.02629965527956,300.02629965525443,300.02629966369443,300.02629966854226,300.02629967584636,300.0262996787029,300.02629968118094,300.02629968272925,300.0262996870367,300.0262996878444,300.02629968933616,300.0262996913627,300.0262996893016,300.0262996926242,300.0262996975221,300.02629969484246,300.02629969602003,300.026299697475,300.02629969343445,300.0262996982504,300.0262996983391,300.02629969619227,300.0262996914573,300.0262996577661,300.0262995857866,300.0262994713504,300.0262993452891,300.02629924495125,300.02629917502895,300.0262991098856,300.026299038043
0.00011376369923749304,300.0262996033208,300.0262996276763,300.0262997065456,300.0262997692018,300.0262998024103,300.026299817907,300.026299832956,300.0262998429337,300.02629984306327,300.02629984581296,300.0262998488529,300.02629983659585,300.0262998130123,300.0262997804243,300.02629974047966,300.0262997010277,300.02629967927703,300.0262996715327,300.0262996605961,300.02629965527956,300.02629965525443,300.02629966369443,300.02629966854226,300.02629967584636,300.0262996787029,300.02629968118094,300.02629968272925,300.0262996870367,300.0262996878444,300.02629968933616,300.0262996913627,300.0262996893016,300.0262996926242,300.0262996975221,300.02629969484246,300.02629969602003,300.026299697475,300.02629969343445,300.0262996982504,300.0262996983391,300.02629969619227,300.0262996914573,300.0262996577661,300.0262995857866,300.0262994713504,300.0262993452891,300.02629924495125,300.02629917502895,300.0262991098856,300.026299038043
0.00011876369923749304,300.0262996033208,300.0262996276763,300.0262997065456,300.0262997692018,300.0262998024103,300.026299817907,300.026299832956,300.0262998429337,300.02629984306327,300.02629984581296,300.0262998488529,300.02629983659585,300.0262998130123,300.0262997804243,300.02629974047966,300.0262997010277,300.02629967927703,300.0262996715327,300.0262996605961,300.02629965527956,300.02629965525443,300.02629966369443,300.02629966854226,300.02629967584636,300.0262996787029,300.02629968118094,300.02629968272925,300.0262996870367,300.0262996878444,300.02629968933616,300.0262996913627,300.0262996893016,300.0262996926242,300.0262996975221,300.02629969484246,300.02629969602003,300.026299697475,300.02629969343445,300.0262996982504,300.0262996983391,300.02629969619227,300.0262996914573,300.0262996577661,300.0262995857866,300.0262994713504,300.0262993452891,300.02629924495125,300.02629917502895,300.0262991098856,300.026299038043
0.00012376369923749304,300.0262996033208,300.0262996276763,300.0262997065456,300.0262997692018,300.0262998024103,300.026299817907,300.026299832956,300.0262998429337,300.02629984306327,300.02629984581296,300.0262998488529,300.02629983659585,300.0262998130123,300.0262997804243,300.02629974047966,300.0262997010277,300.02629967927703,300.0262996715327,300.0262996605961,300.02629965527956,300.02629965525443,300.02629966369443,300.02629966854226,300.02629967584636,300.0262996787029,300.02629968118094,300.02629968272925,300.0262996870367,300.0262996878444,300.02629968933616,300.0262996913627,300.0262996893016,300.0262996926242,300.0262996975221,300.02629969484246,300.02629969602003,300.026299697475,300.02629969343445,300.0262996982504,300.0262996983391,300.02629969619227,300.0262996914573,300.0262996577661,300.0262995857866,300.0262994713504,300.0262993452891,300.02629924495125,300.02629917502895,300.0262991098856,300.026299038043
0.00012876369923749305,300.0262996033208,300.0262996276763,300.0262997065456,300.0262997692018,300.0262998024103,300.026299817907,300.026299832956,300.0262998429337,300.02629984306327,300.02629984581296,300.0262998488529,300.02629983659585,300.0262998130123,300.0262997804243,300.02629974047966,300.0262997010277,300.02629967927703,300.0262996715327,300.0262996605961,300.02629965527956,300.02629965525443,300.02629966369443,300.02629966854226,300.02629967584636,300.0262996787029,300.02629968118094,300.02629968272925,300.0262996870367,300.0262996878444,300.02629968933616,300.0262996913627,300.0262996893016,300.0262996926242,300.0262996975221,300.02629969484246,300.02629969602003,300.026299697475,300.02629969343445,300.0262996982504,300.0262996983391,300.02629969619227,300.0262996914573,300.0262996577661,300.0262995857866,300.0262994713504,300.0262993452891,300.02629924495125,300.02629917502895,300.0262991098856,300.026299038043
0.00013376369923749306,300.0262996033208,300.0262996276763,300.0262997065456,300.0262997692018,300.0262998024103,300.026299817907,300.026299832956,300.0262998429337,300.02629984306327,300.02629984581296,300.0262998488529,300.02629983659585,300.0262998130123,300.0262997804243,300.02629974047966,300.0262997010277,300.02629967927703,300.0262996715327,300.0262996605961,300.02629965527956,300.02629965525443,300.02629966369443,300.02629966854226,300.02629967584636,300.0262996787029,300.02629968118094,300.02629968272925,300.0262996870367,300.0262996878444,300.02629968933616,300.0262996913627,300.0262996893016,300.0262996926242,300.0262996975221,300.02629969484246,300.02629969602003,300.026299697475,300.02629969343445,300.0262996982504,300.0262996983391,300.02629969619227,300.0262996914573,300.0262996577661,300.0262995857866,300.0262994713504,300.0262993452891,300.02629924495125,300.02629917502895,300.0262991098856,300.026299038043
0.00013876369923749307,300.0262996033208,300.0262996276763,300.0262997065456,300.0262997692018,300.0262998024103,300.026299817907,300.026299832956,300.0262998429337,300.02629984306327,300.02629984581296,300.0262998488529,300.02629983659585,300.0262998130123,300.0262997804243,300.02629974047966,300.0262997010277,300.02629967927703,300.0262996715327,300.0262996605961,300.02629965527956,300.02629965525443,300.02629966369443,300.02629966854226,300.02629967584636,300.0262996787029,300.02629968118094,300.02629968272925,300.0262996870367,300.0262996878444,300.02629968933616,300.0262996913627,300.0262996893016,300.0262996926242,300.0262996975221,300.02629969484246,300.02629969602003,300.026299697475,300.02629969343445,300.0262996982504,300.0262996983391,300.02629969619227,300.0262996914573,300.0262996577661,300.0262995857866,300.0262994713504,300.0262993452891,300.02629924495125,300.02629917502895,300.0262991098856,300.026299038043
0.0001437636992374931,300.0262996033208,300.0262996276763,300.0262997065456,300.0262997692018,300.0262998024103,300.026299817907,300.026299832956,300.0262998429337,300.02629984306327,300.02629984581296,300.0262998488529,300.02629983659585,300.0262998130123,300.0262997804243,300.02629974047966,300.0262997010277,300.02629967927703,300.0262996715327,300.0262996605961,300.02629965527956,300.02629965525443,300.02629966369443,300.02629966854226,300.02629967584636,300.0262996787029,300.02629968118094,300.02629968272925,300.0262996870367,300.0262996878444,300.02629968933616,300.0262996913627,300.0262996893016,300.0262996926242,300.0262996975221,300.02629969484246,300.02629969602003,300.026299697475,300.02629969343445,300.0262996982504,300.0262996983391,300.02629969619227,300.0262996914573,300.0262996577661,300.0262995857866,300.0262994713504,300.0262993452891,300.02629924495125,300.02629917502895,300.0262991098856,300.026299038043
0.0001487636992374931,300.0262996033208,300.0262996276763,300.0262997065456,300.0262997692018,300.0262998024103,300.026299817907,300.026299832956,300.0262998429337,300.02629984306327,300.02629984581296,300.0262998488529,300.02629983659585,300.0262998130123,300.0262997804243,300.02629974047966,300.0262997010277,300.02629967927703,300.0262996715327,300.0262996605961,300.02629965527956,300.02629965525443,300.02629966369443,300.02629966854226,300.02629967584636,300.0262996787029,300.02629968118094,300.02629968272925,300.0262996870367,300.0262996878444,300.02629968933616,300.0262996913627,300.0262996893016,300.0262996926242,300.0262996975221,300.02629969484246,300.02629969602003,300.026299697475,300.02629969343445,300.0262996982504,300.0262996983391,300.02629969619227,300.0262996914573,300.0262996577661,300.0262995857866,300.0262994713504,300.0262993452891,300.02629924495125,300.02629917502895,300.0262991098856,300.026299038043
0.00015376369923749311,300.0262996033208,300.0262996276763,300.0262997065456,300.0262997692018,300.0262998024103,300.026299817907,300.026299832956,300.0262998429337,300.02629984306327,300.02629984581296,300.0262998488529,300.02629983659585,300.0262998130123,300.0262997804243,300.02629974047966,300.0262997010277,300.02629967927703,300.0262996715327,300.0262996605961,300.02629965527956,300.02629965525443,300.02629966369443,300.02629966854226,300.02629967584636,300.0262996787029,300.02629968118094,300.02629968272925,300.0262996870367,300.0262996878444,300.02629968933616,300.0262996913627,300.0262996893016,300.0262996926242,300.0262996975221,300.02629969484246,300.02629969602003,300.026299697475,300.02629969343445,300.0262996982504,300.0262996983391,300.02629969619227,300.0262996914573,300.0262996577661,300.0262995857866,300.0262994713504,300.0262993452891,300.02629924495125,300.02629917502895,300.0262991098856,300.026299038043
0.00015876369923749313,300.0262996033208,300.0262996276763,300.0262997065456,300.0262997692018,300.0262998024103,300.026299817907,300.026299832956,300.0262998429337,300.02629984306327,300.02629984581296,300.0262998488529,300.02629983659585,300.0262998130123,300.0262997804243,300.02629974047966,300.0262997010277,300.02629967927703,300.0262996715327,300.0262996605961,300.02629965527956,300.02629965525443,300.02629966369443,300.02629966854226,300.02629967584636,300.0262996787029,300.02629968118094,300.02629968272925,300.0262996870367,300.0262996878444,300.02629968933616,300.0262996913627,300.0262996893016,300.0262996926242,300.0262996975221,300.02629969484246,300.02629969602003,300.026299697475,300.02629969343445,300.0262996982504,300.0262996983391,300.02629969619227,300.0262996914573,300.0262996577661,300.0262995857866,300.0262994713504,300.0262993452891,300.02629924495125,300.02629917502895,300.0262991098856,300.026299038043
0.00016376369923749314,300.0262996033208,300.0262996276763,300.0262997065456,300.0262997692018,300.0262998024103,300.026299817907,300.026299832956,300.0262998429337,300.02629984306327,300.02629984581296,300.0262998488529,300.02629983659585,300.0262998130123,300.0262997804243,300.02629974047966,300.0262997010277,300.02629967927703,300.0262996715327,300.0262996605961,300.02629965527956,300.02629965525443,300.02629966369443,300.02629966854226,300.02629967584636,300.0262996787029,300.02629968118094,300.02629968272925,300.0262996870367,300.0262996878444,300.02629968933616,300.0262996913627,300.0262996893016,300.0262996926242,300.0262996975221,300.02629969484246,300.02629969602003,300.026299697475,300.02629969343445,300.0262996982504,300.0262996983391,300.02629969619227,300.0262996914573,300.0262996577661,300.0262995857866,300.0262994713504,300.0262993452891,300.02629924495125,300.02629917502895,300.0262991098856,300.026299038043
0.00016876369923749315,300.0262996033208,300.0262996276763,300.0262997065456,300.0262997692018,300.0262998024103,300.026299817907,300.026299832956,300.0262998429337,300.02629984306327,300.02629984581296,300.0262998488529,300.02629983659585,300.0262998130123,300.0262997804243,300.02629974047966,300.0262997010277,300.02629967927703,300.0262996715327,300.0262996605961,300.02629965527956,300.02629965525443,300.02629966369443,300.02629966854226,300.02629967584636,300.0262996787029,300.02629968118094,300.02629968272925,300.0262996870367,300.0262996878444,300.02629968933616,300.0262996913627,300.0262996893016,300.0262996926242,300.0262996975221,300.02629969484246,300.02629969602003,300.026299697475,300.02629969343445,300.0262996982504,300.0262996983391,300.02629969619227,300.0262996914573,300.0262996577661,300.0262995857866,300.0262994713504,300.0262993452891,300.02629924495125,300.02629917502895,300.0262991098856,300.026299038043
0.00017376369923749317,300.0262996033208,300.0262996276763,300.0262997065456,300.0262997692018,300.0262998024103,300.026299817907,300.026299832956,300.0262998429337,300.02629984306327,300.02629984581296,300.0262998488529,300.02629983659585,300.0262998130123,300.0262997804243,300.02629974047966,300.0262997010277,300.02629967927703,300.0262996715327,300.0262996605961,300.02629965527956,300.02629965525443,300.02629966369443,300.02629966854226,300.02629967584636,300.0262996787029,300.02629968118094,300.02629968272925,300.0262996870367,300.0262996878444,300.02629968933616,300.0262996913627,300.0262996893016,300.0262996926242,300.0262996975221,300.02629969484246,300.02629969602003,300.026299697475,300.02629969343445,300.0262996982504,300.0262996983391,300.02629969619227,300.0262996914573,300.0262996577661,300.0262995857866,300.0262994713504,300.0262993452891,300.02629924495125,300.02629917502895,300.0262991098856,300.026299038043
0.00017876369923749318,300.0262996033208,300.0262996276763,300.0262997065456,300.0262997692018,300.0262998024103,300.026299817907,300.026299832956,300.0262998429337,300.02629984306327,300.02629984581296,300.0262998488529,300.02629983659585,300.0262998130123,300.0262997804243,300.02629974047966,300.0262997010277,300.02629967927703,300.0262996715327,300.0262996605961,300.02629965527956,300.02629965525443,300.02629966369443,300.02629966854226,300.02629967584636,300.0262996787029,300.02629968118094,300.02629968272925,300.0262996870367,300.0262996878444,300.02629968933616,300.0262996913627,300.0262996893016,300.0262996926242,300.0262996975221,300.02629969484246,300.02629969602003,300.026299697475,300.02629969343445,300.0262996982504,300.0262996983391,300.02629969619227,300.0262996914573,300.0262996577661,300.0262995857866,300.0262994713504,300.0262993452891,300.02629924495125,300.02629917502895,300.0262991098856,300.026299038043
0.0001837636992374932,300.0262996033208,300.0262996276763,300.0262997065456,300.0262997692018,300.0262998024103,300.026299817907,300.026299832956,300.0262998429337,300.02629984306327,300.02629984581296,300.0262998488529,300.02629983659585,300.0262998130123,300.0262997804243,300.02629974047966,300.0262997010277,300.02629967927703,300.0262996715327,300.0262996605961,300.02629965527956,300.02629965525443,300.02629966369443,300.02629966854226,300.02629967584636,300.0262996787029,300.02629968118094,300.02629968272925,300.0262996870367,300.0262996878444,300.02629968933616,300.0262996913627,300.0262996893016,300.0262996926242,300.0262996975221,300.02629969484246,300.02629969602003,300.026299697475,300.02629969343445,300.0262996982504,300.0262996983391,300.02629969619227,300.0262996914573,300.0262996577661,300.0262995857866,300.0262994713504,300.0262993452891,300.02629924495125,300.02629917502895,300.0262991098856,300.026299038043
0.0001887636992374932,300.0262996033208,300.0262996276763,300.0262997065456,300.0262997692018,300.0262998024103,300.026299817907,300.026299832956,300.0262998429337,300.02629984306327,300.02629984581296,300.0262998488529,300.02629983659585,300.0262998130123,300.0262997804243,300.02629974047966,300.0262997010277,300.02629967927703,300.0262996715327,300.0262996605961,300.02629965527956,300.02629965525443,300.02629966369443,300.02629966854226,300.02629967584636,300.0262996787029,300.02629968118094,300.02629968272925,300.0262996870367,300.0262996878444,300.02629968933616,300.0262996913627,300.0262996893016,300.0262996926242,300.0262996975221,300.02629969484246,300.02629969602003,300.026299697475,300.02629969343445,300.0262996982504,300.0262996983391,300.02629969619227,300.0262996914573,300.0262996577661,300.0262995857866,300.0262994713504,300.0262993452891,300.02629924495125,300.02629917502895,300.0262991098856,300.026299038043
0.00019376369923749322,300.0262996033208,300.0262996276763,300.0262997065456,300.0262997692018,300.0262998024103,300.026299817907,300.026299832956,300.0262998429337,300.02629984306327,300.02629984581296,300.0262998488529,300.02629983659585,300.0262998130123,300.0262997804243,300.02629974047966,300.0262997010277,300.02629967927703,300.0262996715327,300.0262996605961,300.02629965527956,300.02629965525443,300.02629966369443,300.02629966854226,300.02629967584636,300.0262996787029,300.02629968118094,300.02629968272925,300.0262996870367,300.0262996878444,300.02629968933616,300.0262996913627,300.0262996893016,300.0262996926242,300.0262996975221,300.02629969484246,300.02629969602003,300.026299697475,300.02629969343445,300.0262996982504,300.0262996983391,300.02629969619227,300.0262996914573,300.0262996577661,300.0262995857866,300.0262994713504,300.0262993452891,300.02629924495125,300.02629917502895,300.0262991098856,300.026299038043
0.00019876369923749323,300.0262996033208,300.0262996276763,300.0262997065456,300.0262997692018,300.0262998024103,300.026299817907,300.026299832956,300.0262998429337,300.02629984306327,300.02629984581296,300.0262998488529,300.02629983659585,300.0262998130123,300.0262997804243,300.02629974047966,300.0262997010277,300.02629967927703,300.0262996715327,300.0262996605961,300.02629965527956,300.02629965525443,300.02629966369443,300.02629966854226,300.02629967584636,300.0262996787029,300.02629968118094,300.02629968272925,300.0262996870367,300.0262996878444,300.02629968933616,300.0262996913627,300.0262996893016,300.0262996926242,300.0262996975221,300.02629969484246,300.02629969602003,300.026299697475,300.02629969343445,300.0262996982504,300.0262996983391,300.02629969619227,300.0262996914573,300.0262996577661,300.0262995857866,300.0262994713504,300.0262993452891,300.02629924495125,300.02629917502895,300.0262991098856,300.026299038043
0.00020376369923749325,300.0262996033208,300.0262996276763,300.0262997065456,300.0262997692018,300.0262998024103,300.026299817907,300.026299832956,300.0262998429337,300.02629984306327,300.02629984581296,300.0262998488529,300.02629983659585,300.0262998130123,300.0262997804243,300.02629974047966,300.0262997010277,300.02629967927703,300.0262996715327,300.0262996605961,300.02629965527956,300.02629965525443,300.02629966369443,300.02629966854226,300.02629967584636,300.0262996787029,300.02629968118094,300.02629968272925,300.0262996870367,300.0262996878444,300.02629968933616,300.0262996913627,300.0262996893016,300.0262996926242,300.0262996975221,300.02629969484246,300.02629969602003,300.026299697475,300.02629969343445,300.0262996982504,300.0262996983391,300.02629969619227,300.0262996914573,300.0262996577661,300.0262995857866,300.0262994713504,300.0262993452891,300.02629924495125,300.02629917502895,300.0262991098856,300.026299038043
0.00020876369923749326,300.0262996033208,300.0262996276763,300.0262997065456,300.0262997692018,300.0262998024103,300.026299817907,300.026299832956,300.0262998429337,300.02629984306327,300.02629984581296,300.0262998488529,300.02629983659585,300.0262998130123,300.0262997804243,300.02629974047966,300.0262997010277,300.02629967927703,300.0262996715327,300.0262996605961,300.02629965527956,300.02629965525443,300.02629966369443,300.02629966854226,300.02629967584636,300.0262996787029,300.02629968118094,300.02629968272925,300.0262996870367,300.0262996878444,300.02629968933616,300.0262996913627,300.0262996893016,300.0262996926242,300.0262996975221,300.02629969484246,300.02629969602003,300.026299697475,300.02629969343445,300.0262996982504,300.0262996983391,300.02629969619227,300.0262996914573,300.0262996577661,300.0262995857866,300.0262994713504,300.0262993452891,300.02629924495125,300.02629917502895,300.0262991098856,300.026299038043
0.00021376369923749327,300.0262996033208,300.0262996276763,300.0262997065456,300.0262997692018,300.0262998024103,300.026299817907,300.026299832956,300.0262998429337,300.02629984306327,300.02629984581296,300.0262998488529,300.02629983659585,300.0262998130123,300.0262997804243,300.02629974047966,300.0262997010277,300.02629967927703,300.0262996715327,300.0262996605961,300.02629965527956,300.02629965525443,300.02629966369443,300.02629966854226,300.02629967584636,300.0262996787029,300.02629968118094,300.02629968272925,300.0262996870367,300.0262996878444,300.02629968933616,300.0262996913627,300.0262996893016,300.0262996926242,300.0262996975221,300.02629969484246,300.02629969602003,300.026299697475,300.02629969343445,300.0262996982504,300.0262996983391,300.02629969619227,300.0262996914573,300.0262996577661,300.0262995857866,300.0262994713504,300.0262993452891,300.02629924495125,300.02629917502895,300.0262991098856,300.026299038043
0.00021876369923749328,300.0262996033208,300.0262996276763,300.0262997065456,300.0262997692018,300.0262998024103,300.026299817907,300.026299832956,300.0262998429337,300.02629984306327,300.02629984581296,300.0262998488529,300.02629983659585,300.0262998130123,300.0262997804243,300.02629974047966,300.0262997010277,300.02629967927703,300.0262996715327,300.0262996605961,300.02629965527956,300.02629965525443,300.02629966369443,300.02629966854226,300.02629967584636,300.0262996787029,300.02629968118094,300.02629968272925,300.0262996870367,300.0262996878444,300.02629968933616,300.0262996913627,300.0262996893016,300.0262996926242,300.0262996975221,300.02629969484246,300.02629969602003,300.026299697475,300.02629969343445,300.0262996982504,300.0262996983391,300.02629969619227,300.0262996914573,300.0262996577661,300.0262995857866,300.0262994713504,300.0262993452891,300.02629924495125,300.02629917502895,300.0262991098856,300.026299038043
0.0002237636992374933,300.0262996033208,300.0262996276763,300.0262997065456,300.0262997692018,300.0262998024103,300.026299817907,300.026299832956,300.0262998429337,300.02629984306327,300.02629984581296,300.0262998488529,300.02629983659585,300.0262998130123,300.0262997804243,300.02629974047966,300.0262997010277,300.02629967927703,300.0262996715327,300.0262996605961,300.02629965527956,300.02629965525443,300.02629966369443,300.02629966854226,300.02629967584636,300.0262996787029,300.02629968118094,300.02629968272925,300.0262996870367,300.0262996878444,300.02629968933616,300.0262996913627,300.0262996893016,300.0262996926242,300.0262996975221,300.02629969484246,300.02629969602003,300.026299697475,300.02629969343445,300.0262996982504,300.0262996983391,300.02629969619227,300.0262996914573,300.0262996577661,300.0262995857866,300.0262994713504,300.0262993452891,300.02629924495125,300.02629917502895,300.0262991098856,300.026299038043
0.0002287636992374933,300.0262996033208,300.0262996276763,300.0262997065456,300.0262997692018,300.0262998024103,300.026299817907,300.026299832956,300.0262998429337,300.02629984306327,300.02629984581296,300.0262998488529,300.02629983659585,300.0262998130123,300.0262997804243,300.02629974047966,300.0262997010277,300.02629967927703,300.0262996715327,300.0262996605961,300.02629965527956,300.02629965525443,300.02629966369443,300.02629966854226,300.02629967584636,300.0262996787029,300.02629968118094,300.02629968272925,300.0262996870367,300.0262996878444,300.02629968933616,300.0262996913627,300.0262996893016,300.0262996926242,300.0262996975221,300.02629969484246,300.02629969602003,300.026299697475,300.02629969343445,300.0262996982504,300.0262996983391,300.02629969619227,300.0262996914573,300.0262996577661,300.0262995857866,300.0262994713504,300.0262993452891,300.02629924495125,300.02629917502895,300.0262991098856,300.026299038043
0.00023376369923749332,300.0262996033208,300.0262996276763,300.0262997065456,300.0262997692018,300.0262998024103,300.026299817907,300.026299832956,300.0262998429337,300.02629984306327,300.02629984581296,300.0262998488529,300.02629983659585,300.0262998130123,300.0262997804243,300.02629974047966,300.0262997010277,300.02629967927703,300.0262996715327,300.0262996605961,300.02629965527956,300.02629965525443,300.02629966369443,300.02629966854226,300.02629967584636,300.0262996787029,300.02629968118094,300.02629968272925,300.0262996870367,300.0262996878444,300.02629968933616,300.0262996913627,300.0262996893016,300.0262996926242,300.0262996975221,300.02629969484246,300.02629969602003,300.026299697475,300.02629969343445,300.0262996982504,300.0262996983391,300.02629969619227,300.0262996914573,300.0262996577661,300.0262995857866,300.0262994713504,300.0262993452891,300.02629924495125,300.02629917502895,300.0262991098856,300.026299038043
0.00023876369923749334,300.0262996033208,300.0262996276763,300.0262997065456,300.0262997692018,300.0262998024103,300.026299817907,300.026299832956,300.0262998429337,300.02629984306327,300.02629984581296,300.0262998488529,300.02629983659585,300.0262998130123,300.0262997804243,300.02629974047966,300.0262997010277,300.02629967927703,300.0262996715327,300.0262996605961,300.02629965527956,300.02629965525443,300.02629966369443,300.02629966854226,300.02629967584636,300.0262996787029,300.02629968118094,300.02629968272925,300.0262996870367,300.0262996878444,300.02629968933616,300.0262996913627,300.0262996893016,300.0262996926242,300.0262996975221,300.02629969484246,300.02629969602003,300.026299697475,300.02629969343445,300.0262996982504,300.0262996983391,300.02629969619227,300.0262996914573,300.0262996577661,300.0262995857866,300.0262994713504,300.0262993452891,300.02629924495125,300.02629917502895,300.0262991098856,300.026299038043
0.00024376369923749335,300.0262996033208,300.0262996276763,300.0262997065456,300.0262997692018,300.0262998024103,300.026299817907,300.026299832956,300.0262998429337,300.02629984306327,300.02629984581296,300.0262998488529,300.02629983659585,300.0262998130123,300.0262997804243,300.02629974047966,300.0262997010277,300.02629967927703,300.0262996715327,300.0262996605961,300.02629965527956,300.02629965525443,300.02629966369443,300.02629966854226,300.02629967584636,300.0262996787029,300.02629968118094,300.02629968272925,300.0262996870367,300.0262996878444,300.02629968933616,300.0262996913627,300.0262996893016,300.0262996926242,300.0262996975221,300.02629969484246,300.02629969602003,300.026299697475,300.02629969343445,300.0262996982504,300.0262996983391,300.02629969619227,300.0262996914573,300.0262996577661,300.0262995857866,300.0262994713504,300.0262993452891,300.02629924495125,300.02629917502895,300.0262991098856,300.026299038043
0.00024876369923749336,300.0262996033208,300.0262996276763,300.0262997065456,300.0262997692018,300.0262998024103,300.026299817907,300.026299832956,300.0262998429337,300.02629984306327,300.02629984581296,300.0262998488529,300.02629983659585,300.0262998130123,300.0262997804243,300.02629974047966,300.0262997010277,300.02629967927703,300.0262996715327,300.0262996605961,300.02629965527956,300.02629965525443,300.02629966369443,300.02629966854226,300.02629967584636,300.0262996787029,300.02629968118094,300.02629968272925,300.0262996870367,300.0262996878444,300.02629968933616,300.0262996913627,300.0262996893016,300.0262996926242,300.0262996975221,300.02629969484246,300.02629969602003,300.026299697475,300.02629969343445,300.0262996982504,300.0262996983391,300.02629969619227,300.0262996914573,300.0262996577661,300.0262995857866,300.0262994713504,300.0262993452891,300.02629924495125,300.02629917502895,300.0262991098856,300.026299038043
0.0002537636992374934,300.0262996033208,300.0262996276763,300.0262997065456,300.0262997692018,300.0262998024103,300.026299817907,300.026299832956,300.0262998429337,300.02629984306327,300.02629984581296,300.0262998488529,300.02629983659585,300.0262998130123,300.0262997804243,300.02629974047966,300.0262997010277,300.02629967927703,300.0262996715327,300.0262996605961,300.02629965527956,300.02629965525443,300.02629966369443,300.02629966854226,300.02629967584636,300.0262996787029,300.02629968118094,300.02629968272925,300.0262996870367,300.0262996878444,300.02629968933616,300.0262996913627,300.0262996893016,300.0262996926242,300.0262996975221,300.02629969484246,300.02629969602003,300.026299697475,300.02629969343445,300.0262996982504,300.0262996983391,300.02629969619227,300.0262996914573,300.0262996577661,300.0262995857866,300.0262994713504,300.0262993452891,300.02629924495125,300.02629917502895,300.0262991098856,300.026299038043
0.0002587636992374934,300.0262996033208,300.0262996276763,300.0262997065456,300.0262997692018,300.0262998024103,300.026299817907,300.026299832956,300.0262998429337,300.02629984306327,300.02629984581296,300.0262998488529,300.02629983659585,300.0262998130123,300.0262997804243,300.02629974047966,300.0262997010277,300.02629967927703,300.0262996715327,300.0262996605961,300.02629965527956,300.02629965525443,300.02629966369443,300.02629966854226,300.02629967584636,300.0262996787029,300.02629968118094,300.02629968272925,300.0262996870367,300.0262996878444,300.02629968933616,300.0262996913627,300.0262996893016,300.0262996926242,300.0262996975221,300.02629969484246,300.02629969602003,300.026299697475,300.02629969343445,300.0262996982504,300.0262996983391,300.02629969619227,300.0262996914573,300.0262996577661,300.0262995857866,300.0262994713504,300.0262993452891,300.02629924495125,300.02629917502895,300.0262991098856,300.026299038043
0.0002637636992374934,300.0262996033208,300.0262996276763,300.0262997065456,300.0262997692018,300.0262998024103,300.026299817907,300.026299832956,300.0262998429337,300.02629984306327,300.02629984581296,300.0262998488529,300.02629983659585,300.0262998130123,300.0262997804243,300.02629974047966,300.0262997010277,300.02629967927703,300.0262996715327,300.0262996605961,300.02629965527956,300.02629965525443,300.02629966369443,300.02629966854226,300.02629967584636,300.0262996787029,300.02629968118094,300.02629968272925,300.0262996870367,300.0262996878444,300.02629968933616,300.0262996913627,300.0262996893016,300.0262996926242,300.0262996975221,300.02629969484246,300.02629969602003,300.026299697475,300.02629969343445,300.0262996982504,300.0262996983391,300.02629969619227,300.0262996914573,300.0262996577661,300.0262995857866,300.0262994713504,300.0262993452891,300.02629924495125,300.02629917502895,300.0262991098856,300.026299038043
0.0002687636992374934,300.0262996033208,300.0262996276763,300.0262997065456,300.0262997692018,300.0262998024103,300.026299817907,300.026299832956,300.0262998429337,300.02629984306327,300.02629984581296,300.0262998488529,300.02629983659585,300.0262998130123,300.0262997804243,300.02629974047966,300.0262997010277,300.02629967927703,300.0262996715327,300.0262996605961,300.02629965527956,300.02629965525443,300.02629966369443,300.02629966854226,300.02629967584636,300.0262996787029,300.02629968118094,300.02629968272925,300.0262996870367,300.0262996878444,300.02629968933616,300.0262996913627,300.0262996893016,300.0262996926242,300.0262996975221,300.02629969484246,300.02629969602003,300.026299697475,300.02629969343445,300.0262996982504,300.0262996983391,300.02629969619227,300.0262996914573,300.0262996577661,300.0262995857866,300.0262994713504,300.0262993452891,300.02629924495125,300.02629917502895,300.0262991098856,300.026299038043
0.00027376369923749343,300.0262996033208,300.0262996276763,300.0262997065456,300.0262997692018,300.0262998024103,300.026299817907,300.026299832956,300.0262998429337,300.02629984306327,300.02629984581296,300.0262998488529,300.02629983659585,300.0262998130123,300.0262997804243,300.02629974047966,300.0262997010277,300.02629967927703,300.0262996715327,300.0262996605961,300.02629965527956,300.02629965525443,300.02629966369443,300.02629966854226,300.02629967584636,300.0262996787029,300.02629968118094,300.02629968272925,300.0262996870367,300.0262996878444,300.02629968933616,300.0262996913627,300.0262996893016,300.0262996926242,300.0262996975221,300.02629969484246,300.02629969602003,300.026299697475,300.02629969343445,300.0262996982504,300.0262996983391,300.02629969619227,300.0262996914573,300.0262996577661,300.0262995857866,300.0262994713504,300.0262993452891,300.02629924495125,300.02629917502895,300.0262991098856,300.026299038043
0.00027876369923749344,300.0262996033208,300.0262996276763,300.0262997065456,300.0262997692018,300.0262998024103,300.026299817907,300.026299832956,300.0262998429337,300.02629984306327,300.02629984581296,300.0262998488529,300.02629983659585,300.0262998130123,300.0262997804243,300.02629974047966,300.0262997010277,300.02629967927703,300.0262996715327,300.0262996605961,300.02629965527956,300.02629965525443,300.02629966369443,300.02629966854226,300.02629967584636,300.0262996787029,300.02629968118094,300.02629968272925,300.0262996870367,300.0262996878444,300.02629968933616,300.0262996913627,300.0262996893016,300.0262996926242,300.0262996975221,300.02629969484246,300.02629969602003,300.026299697475,300.02629969343445,300.0262996982504,300.0262996983391,300.02629969619227,300.0262996914573,300.0262996577661,300.0262995857866,300.0262994713504,300.0262993452891,300.02629924495125,300.02629917502895,300.0262991098856,300.026299038043
0.00028376369923749345,300.0262996033208,300.0262996276763,300.0262997065456,300.0262997692018,300.0262998024103,300.026299817907,300.026299832956,300.0262998429337,300.02629984306327,300.02629984581296,300.0262998488529,300.02629983659585,300.0262998130123,300.0262997804243,300.02629974047966,300.0262997010277,300.02629967927703,300.0262996715327,300.0262996605961,300.02629965527956,300.02629965525443,300.02629966369443,300.02629966854226,300.02629967584636,300.0262996787029,300.02629968118094,300.02629968272925,300.0262996870367,300.0262996878444,300.02629968933616,300.0262996913627,300.0262996893016,300.0262996926242,300.0262996975221,300.02629969484246,300.02629969602003,300.026299697475,300.02629969343445,300.0262996982504,300.0262996983391,300.02629969619227,300.0262996914573,300.0262996577661,300.0262995857866,300.0262994713504,300.0262993452891,300.02629924495125,300.02629917502895,300.0262991098856,300.026299038043
0.00028876369923749347,300.0262996033208,300.0262996276763,300.0262997065456,300.0262997692018,300.0262998024103,300.026299817907,300.026299832956,300.0262998429337,300.02629984306327,300.02629984581296,300.0262998488529,300.02629983659585,300.0262998130123,300.0262997804243,300.02629974047966,300.0262997010277,300.02629967927703,300.0262996715327,300.0262996605961,300.02629965527956,300.02629965525443,300.02629966369443,300.02629966854226,300.02629967584636,300.0262996787029,300.02629968118094,300.02629968272925,300.0262996870367,300.0262996878444,300.02629968933616,300.0262996913627,300.0262996893016,300.0262996926242,300.0262996975221,300.02629969484246,300.02629969602003,300.026299697475,300.02629969343445,300.0262996982504,300.0262996983391,300.02629969619227,300.0262996914573,300.0262996577661,300.0262995857866,300.0262994713504,300.0262993452891,300.02629924495125,300.02629917502895,300.0262991098856,300.026299038043
0.0002937636992374935,300.0262996033208,300.0262996276763,300.0262997065456,300.0262997692018,300.0262998024103,300.026299817907,300.026299832956,300.0262998429337,300.02629984306327,300.02629984581296,300.0262998488529,300.02629983659585,300.0262998130123,300.0262997804243,300.02629974047966,300.0262997010277,300.02629967927703,300.0262996715327,300.0262996605961,300.02629965527956,300.02629965525443,300.02629966369443,300.02629966854226,300.02629967584636,300.0262996787029,300.02629968118094,300.02629968272925,300.0262996870367,300.0262996878444,300.02629968933616,300.0262996913627,300.0262996893016,300.0262996926242,300.0262996975221,300.02629969484246,300.02629969602003,300.026299697475,300.02629969343445,300.0262996982504,300.0262996983391,300.02629969619227,300.0262996914573,300.0262996577661,300.0262995857866,300.0262994713504,300.0262993452891,300.02629924495125,300.02629917502895,300.0262991098856,300.026299038043
0.0002987636992374935,300.0262996033208,300.0262996276763,300.0262997065456,300.0262997692018,300.0262998024103,300.026299817907,300.026299832956,300.0262998429337,300.02629984306327,300.02629984581296,300.0262998488529,300.02629983659585,300.0262998130123,300.0262997804243,300.02629974047966,300.0262997010277,300.02629967927703,300.0262996715327,300.0262996605961,300.02629965527956,300.02629965525443,300.02629966369443,300.02629966854226,300.02629967584636,300.0262996787029,300.02629968118094,300.02629968272925,300.0262996870367,300.0262996878444,300.02629968933616,300.0262996913627,300.0262996893016,300.0262996926242,300.0262996975221,300.02629969484246,300.02629969602003,300.026299697475,300.02629969343445,300.0262996982504,300.0262996983391,300.02629969619227,300.0262996914573,300.0262996577661,300.0262995857866,300.0262994713504,300.0262993452891,300.02629924495125,300.02629917502895,300.0262991098856,300.026299038043
0.0003037636992374935,300.0262996033208,300.0262996276763,300.0262997065456,300.0262997692018,300.0262998024103,300.026299817907,300.026299832956,300.0262998429337,300.02629984306327,300.02629984581296,300.0262998488529,300.02629983659585,300.0262998130123,300.0262997804243,300.02629974047966,300.0262997010277,300.02629967927703,300.0262996715327,300.0262996605961,300.02629965527956,300.02629965525443,300.02629966369443,300.02629966854226,300.02629967584636,300.0262996787029,300.02629968118094,300.02629968272925,300.0262996870367,300.0262996878444,300.02629968933616,300.0262996913627,300.0262996893016,300.0262996926242,300.0262996975221,300.02629969484246,300.02629969602003,300.026299697475,300.02629969343445,300.0262996982504,300.0262996983391,300.02629969619227,300.0262996914573,300.0262996577661,300.0262995857866,300.0262994713504,300.0262993452891,300.02629924495125,300.02629917502895,300.0262991098856,300.026299038043
0.0003087636992374935,300.0262996033208,300.0262996276763,300.0262997065456,300.0262997692018,300.0262998024103,300.026299817907,300.026299832956,300.0262998429337,300.02629984306327,300.02629984581296,300.0262998488529,300.02629983659585,300.0262998130123,300.0262997804243,300.02629974047966,300.0262997010277,300.02629967927703,300.0262996715327,300.0262996605961,300.02629965527956,300.02629965525443,300.02629966369443,300.02629966854226,300.02629967584636,300.0262996787029,300.02629968118094,300.02629968272925,300.0262996870367,300.0262996878444,300.02629968933616,300.0262996913627,300.0262996893016,300.0262996926242,300.0262996975221,300.02629969484246,300.02629969602003,300.026299697475,300.02629969343445,300.0262996982504,300.0262996983391,300.02629969619227,300.0262996914573,300.0262996577661,300.0262995857866,300.0262994713504,300.0262993452891,300.02629924495125,300.02629917502895,300.0262991098856,300.026299038043
0.00031376369923749353,300.0262996033208,300.0262996276763,300.0262997065456,300.0262997692018,300.0262998024103,300.026299817907,300.026299832956,300.0262998429337,300.02629984306327,300.02629984581296,300.0262998488529,300.02629983659585,300.0262998130123,300.0262997804243,300.02629974047966,300.0262997010277,300.02629967927703,300.0262996715327,300.0262996605961,300.02629965527956,300.02629965525443,300.02629966369443,300.02629966854226,300.02629967584636,300.0262996787029,300.02629968118094,300.02629968272925,300.0262996870367,300.0262996878444,300.02629968933616,300.0262996913627,300.0262996893016,300.0262996926242,300.0262996975221,300.02629969484246,300.02629969602003,300.026299697475,300.02629969343445,300.0262996982504,300.0262996983391,300.02629969619227,300.0262996914573,300.0262996577661,300.0262995857866,300.0262994713504,300.0262993452891,300.02629924495125,300.02629917502895,300.0262991098856,300.026299038043
0.00031876369923749355,300.0262996033208,300.0262996276763,300.0262997065456,300.0262997692018,300.0262998024103,300.026299817907,300.026299832956,300.0262998429337,300.02629984306327,300.02629984581296,300.0262998488529,300.02629983659585,300.0262998130123,300.0262997804243,300.02629974047966,300.0262997010277,300.02629967927703,300.0262996715327,300.0262996605961,300.02629965527956,300.02629965525443,300.02629966369443,300.02629966854226,300.02629967584636,300.0262996787029,300.02629968118094,300.02629968272925,300.0262996870367,300.0262996878444,300.02629968933616,300.0262996913627,300.0262996893016,300.0262996926242,300.0262996975221,300.02629969484246,300.02629969602003,300.026299697475,300.02629969343445,300.0262996982504,300.0262996983391,300.02629969619227,300.0262996914573,300.0262996577661,300.0262995857866,300.0262994713504,300.0262993452891,300.02629924495125,300.02629917502895,300.0262991098856,300.026299038043
0.00032376369923749356,300.0262996033208,300.0262996276763,300.0262997065456,300.0262997692018,300.0262998024103,300.026299817907,300.026299832956,300.0262998429337,300.02629984306327,300.02629984581296,300.0262998488529,300.02629983659585,300.0262998130123,300.0262997804243,300.02629974047966,300.0262997010277,300.02629967927703,300.0262996715327,300.0262996605961,300.02629965527956,300.02629965525443,300.02629966369443,300.02629966854226,300.02629967584636,300.0262996787029,300.02629968118094,300.02629968272925,300.0262996870367,300.0262996878444,300.02629968933616,300.0262996913627,300.0262996893016,300.0262996926242,300.0262996975221,300.02629969484246,300.02629969602003,300.026299697475,300.02629969343445,300.0262996982504,300.0262996983391,300.02629969619227,300.0262996914573,300.0262996577661,300.0262995857866,300.0262994713504,300.0262993452891,300.02629924495125,300.02629917502895,300.0262991098856,300.026299038043
0.0003287636992374936,300.0262996033208,300.0262996276763,300.0262997065456,300.0262997692018,300.0262998024103,300.026299817907,300.026299832956,300.0262998429337,300.02629984306327,300.02629984581296,300.0262998488529,300.02629983659585,300.0262998130123,300.0262997804243,300.02629974047966,300.0262997010277,300.02629967927703,300.0262996715327,300.0262996605961,300.02629965527956,300.02629965525443,300.02629966369443,300.02629966854226,300.02629967584636,300.0262996787029,300.02629968118094,300.02629968272925,300.0262996870367,300.0262996878444,300.02629968933616,300.0262996913627,300.0262996893016,300.0262996926242,300.0262996975221,300.02629969484246,300.02629969602003,300.026299697475,300.02629969343445,300.0262996982504,300.0262996983391,300.02629969619227,300.0262996914573,300.0262996577661,300.0262995857866,300.0262994713504,300.0262993452891,300.02629924495125,300.02629917502895,300.0262991098856,300.026299038043
0.0003337636992374936,300.0262996033208,300.0262996276763,300.0262997065456,300.0262997692018,300.0262998024103,300.026299817907,300.026299832956,300.0262998429337,300.02629984306327,300.02629984581296,300.0262998488529,300.02629983659585,300.0262998130123,300.0262997804243,300.02629974047966,300.0262997010277,300.02629967927703,300.0262996715327,300.0262996605961,300.02629965527956,300.02629965525443,300.02629966369443,300.02629966854226,300.02629967584636,300.0262996787029,300.02629968118094,300.02629968272925,300.0262996870367,300.0262996878444,300.02629968933616,300.0262996913627,300.0262996893016,300.0262996926242,300.0262996975221,300.02629969484246,300.02629969602003,300.026299697475,300.02629969343445,300.0262996982504,300.0262996983391,300.02629969619227,300.0262996914573,300.0262996577661,300.0262995857866,300.0262994713504,300.0262993452891,300.02629924495125,300.02629917502895,300.0262991098856,300.026299038043
0.0003387636992374936,300.0262996033208,300.0262996276763,300.0262997065456,300.0262997692018,300.0262998024103,300.026299817907,300.026299832956,300.0262998429337,300.02629984306327,300.02629984581296,300.0262998488529,300.02629983659585,300.0262998130123,300.0262997804243,300.02629974047966,300.0262997010277,300.02629967927703,300.0262996715327,300.0262996605961,300.02629965527956,300.02629965525443,300.02629966369443,300.02629966854226,300.02629967584636,300.0262996787029,300.02629968118094,300.02629968272925,300.0262996870367,300.0262996878444,300.02629968933616,300.0262996913627,300.0262996893016,300.0262996926242,300.0262996975221,300.02629969484246,300.02629969602003,300.026299697475,300.02629969343445,300.0262996982504,300.0262996983391,300.02629969619227,300.0262996914573,300.0262996577661,300.0262995857866,300.0262994713504,300.0262993452891,300.02629924495125,300.02629917502895,300.0262991098856,300.026299038043
0.0003437636992374936,300.0262996033208,300.0262996276763,300.0262997065456,300.0262997692018,300.0262998024103,300.026299817907,300.026299832956,300.0262998429337,300.02629984306327,300.02629984581296,300.0262998488529,300.02629983659585,300.0262998130123,300.0262997804243,300.02629974047966,300.0262997010277,300.02629967927703,300.0262996715327,300.0262996605961,300.02629965527956,300.02629965525443,300.02629966369443,300.02629966854226,300.02629967584636,300.0262996787029,300.02629968118094,300.02629968272925,300.0262996870367,300.0262996878444,300.02629968933616,300.0262996913627,300.0262996893016,300.0262996926242,300.0262996975221,300.02629969484246,300.02629969602003,300.026299697475,300.02629969343445,300.0262996982504,300.0262996983391,300.02629969619227,300.0262996914573,300.0262996577661,300.0262995857866,300.0262994713504,300.0262993452891,300.02629924495125,300.02629917502895,300.0262991098856,300.026299038043
0.0003487636992374936,300.0262996033208,300.0262996276763,300.0262997065456,300.0262997692018,300.0262998024103,300.026299817907,300.026299832956,300.0262998429337,300.02629984306327,300.02629984581296,300.0262998488529,300.02629983659585,300.0262998130123,300.0262997804243,300.02629974047966,300.0262997010277,300.02629967927703,300.0262996715327,300.0262996605961,300.02629965527956,300.02629965525443,300.02629966369443,300.02629966854226,300.02629967584636,300.0262996787029,300.02629968118094,300.02629968272925,300.0262996870367,300.0262996878444,300.02629968933616,300.0262996913627,300.0262996893016,300.0262996926242,300.0262996975221,300.02629969484246,300.02629969602003,300.026299697475,300.02629969343445,300.0262996982504,300.0262996983391,300.02629969619227,300.0262996914573,300.0262996577661,300.0262995857866,300.0262994713504,300.0262993452891,300.02629924495125,300.02629917502895,300.0262991098856,300.026299038043
0.00035376369923749364,300.0262996033208,300.0262996276763,300.0262997065456,300.0262997692018,300.0262998024103,300.026299817907,300.026299832956,300.0262998429337,300.02629984306327,300.02629984581296,300.0262998488529,300.02629983659585,300.0262998130123,300.0262997804243,300.02629974047966,300.0262997010277,300.02629967927703,300.0262996715327,300.0262996605961,300.02629965527956,300.02629965525443,300.02629966369443,300.02629966854226,300.02629967584636,300.0262996787029,300.02629968118094,300.02629968272925,300.0262996870367,300.0262996878444,300.02629968933616,300.0262996913627,300.0262996893016,300.0262996926242,300.0262996975221,300.02629969484246,300.02629969602003,300.026299697475,300.02629969343445,300.0262996982504,300.0262996983391,300.02629969619227,300.0262996914573,300.0262996577661,300.0262995857866,300.0262994713504,300.0262993452891,300.02629924495125,300.02629917502895,300.0262991098856,300.026299038043
0.00035876369923749365,300.0262996033208,300.0262996276763,300.0262997065456,300.0262997692018,300.0262998024103,300.026299817907,300.026299832956,300.0262998429337,300.02629984306327,300.02629984581296,300.0262998488529,300.02629983659585,300.0262998130123,300.0262997804243,300.02629974047966,300.0262997010277,300.02629967927703,300.0262996715327,300.0262996605961,300.02629965527956,300.02629965525443,300.02629966369443,300.02629966854226,300.02629967584636,300.0262996787029,300.02629968118094,300.02629968272925,300.0262996870367,300.0262996878444,300.02629968933616,300.0262996913627,300.0262996893016,300.0262996926242,300.0262996975221,300.02629969484246,300.02629969602003,300.026299697475,300.02629969343445,300.0262996982504,300.0262996983391,300.02629969619227,300.0262996914573,300.0262996577661,300.0262995857866,300.0262994713504,300.0262993452891,300.02629924495125,300.02629917502895,300.0262991098856,300.026299038043
0.00036376369923749366,300.0262996033208,300.0262996276763,300.0262997065456,300.0262997692018,300.0262998024103,300.026299817907,300.026299832956,300.0262998429337,300.02629984306327,300.02629984581296,300.0262998488529,300.02629983659585,300.0262998130123,300.0262997804243,300.02629974047966,300.0262997010277,300.02629967927703,300.0262996715327,300.0262996605961,300.02629965527956,300.02629965525443,300.02629966369443,300.02629966854226,300.02629967584636,300.0262996787029,300.02629968118094,300.02629968272925,300.0262996870367,300.0262996878444,300.02629968933616,300.0262996913627,300.0262996893016,300.0262996926242,300.0262996975221,300.02629969484246,300.02629969602003,300.026299697475,300.02629969343445,300.0262996982504,300.0262996983391,300.02629969619227,300.0262996914573,300.0262996577661,300.0262995857866,300.0262994713504,300.0262993452891,300.02629924495125,300.02629917502895,300.0262991098856,300.026299038043
0.0003687636992374937,300.0262996033208,300.0262996276763,300.0262997065456,300.0262997692018,300.0262998024103,300.026299817907,300.026299832956,300.0262998429337,300.02629984306327,300.02629984581296,300.0262998488529,300.02629983659585,300.0262998130123,300.0262997804243,300.02629974047966,300.0262997010277,300.02629967927703,300.0262996715327,300.0262996605961,300.02629965527956,300.02629965525443,300.02629966369443,300.02629966854226,300.02629967584636,300.0262996787029,300.02629968118094,300.02629968272925,300.0262996870367,300.0262996878444,300.02629968933616,300.0262996913627,300.0262996893016,300.0262996926242,300.0262996975221,300.02629969484246,300.02629969602003,300.026299697475,300.02629969343445,300.0262996982504,300.0262996983391,300.02629969619227,300.0262996914573,300.0262996577661,300.0262995857866,300.0262994713504,300.0262993452891,300.02629924495125,300.02629917502895,300.0262991098856,300.026299038043
0.0003737636992374937,300.0262996033208,300.0262996276763,300.0262997065456,300.0262997692018,300.0262998024103,300.026299817907,300.026299832956,300.0262998429337,300.02629984306327,300.02629984581296,300.0262998488529,300.02629983659585,300.0262998130123,300.0262997804243,300.02629974047966,300.0262997010277,300.02629967927703,300.0262996715327,300.0262996605961,300.02629965527956,300.02629965525443,300.02629966369443,300.02629966854226,300.02629967584636,300.0262996787029,300.02629968118094,300.02629968272925,300.0262996870367,300.0262996878444,300.02629968933616,300.0262996913627,300.0262996893016,300.0262996926242,300.0262996975221,300.02629969484246,300.02629969602003,300.026299697475,300.02629969343445,300.0262996982504,300.0262996983391,300.02629969619227,300.0262996914573,300.0262996577661,300.0262995857866,300.0262994713504,300.0262993452891,300.02629924495125,300.02629917502895,300.0262991098856,300.026299038043
0.0003787636992374937,300.0262996033208,300.0262996276763,300.0262997065456,300.0262997692018,300.0262998024103,300.026299817907,300.026299832956,300.0262998429337,300.02629984306327,300.02629984581296,300.0262998488529,300.02629983659585,300.0262998130123,300.0262997804243,300.02629974047966,300.0262997010277,300.02629967927703,300.0262996715327,300.0262996605961,300.02629965527956,300.02629965525443,300.02629966369443,300.02629966854226,300.02629967584636,300.0262996787029,300.02629968118094,300.02629968272925,300.0262996870367,300.0262996878444,300.02629968933616,300.0262996913627,300.0262996893016,300.0262996926242,300.0262996975221,300.02629969484246,300.02629969602003,300.026299697475,300.02629969343445,300.0262996982504,300.0262996983391,300.02629969619227,300.0262996914573,300.0262996577661,300.0262995857866,300.0262994713504,300.0262993452891,300.02629924495125,300.02629917502895,300.0262991098856,300.026299038043
0.0003837636992374937,300.0262996033208,300.0262996276763,300.0262997065456,300.0262997692018,300.0262998024103,300.026299817907,300.026299832956,300.0262998429337,300.02629984306327,300.02629984581296,300.0262998488529,300.02629983659585,300.0262998130123,300.0262997804243,300.02629974047966,300.0262997010277,300.02629967927703,300.0262996715327,300.0262996605961,300.02629965527956,300.02629965525443,300.02629966369443,300.02629966854226,300.02629967584636,300.0262996787029,300.02629968118094,300.02629968272925,300.0262996870367,300.0262996878444,300.02629968933616,300.0262996913627,300.0262996893016,300.0262996926242,300.0262996975221,300.02629969484246,300.02629969602003,300.026299697475,300.02629969343445,300.0262996982504,300.0262996983391,300.02629969619227,300.0262996914573,300.0262996577661,300.0262995857866,300.0262994713504,300.0262993452891,300.02629924495125,300.02629917502895,300.0262991098856,300.026299038043
0.00038876369923749373,300.0262996033208,300.0262996276763,300.0262997065456,300.0262997692018,300.0262998024103,300.026299817907,300.026299832956,300.0262998429337,300.02629984306327,300.02629984581296,300.0262998488529,300.02629983659585,300.0262998130123,300.0262997804243,300.02629974047966,300.0262997010277,300.02629967927703,300.0262996715327,300.0262996605961,300.02629965527956,300.02629965525443,300.02629966369443,300.02629966854226,300.02629967584636,300.0262996787029,300.02629968118094,300.02629968272925,300.0262996870367,300.0262996878444,300.02629968933616,300.0262996913627,300.0262996893016,300.0262996926242,300.0262996975221,300.02629969484246,300.02629969602003,300.026299697475,300.02629969343445,300.0262996982504,300.0262996983391,300.02629969619227,300.0262996914573,300.0262996577661,300.0262995857866,300.0262994713504,300.0262993452891,300.02629924495125,300.02629917502895,300.0262991098856,300.026299038043
0.00039376369923749374,300.0262996033208,300.0262996276763,300.0262997065456,300.0262997692018,300.0262998024103,300.026299817907,300.026299832956,300.0262998429337,300.02629984306327,300.02629984581296,300.0262998488529,300.02629983659585,300.0262998130123,300.0262997804243,300.02629974047966,300.0262997010277,300.02629967927703,300.0262996715327,300.0262996605961,300.02629965527956,300.02629965525443,300.02629966369443,300.02629966854226,300.02629967584636,300.0262996787029,300.02629968118094,300.02629968272925,300.0262996870367,300.0262996878444,300.02629968933616,300.0262996913627,300.0262996893016,300.0262996926242,300.0262996975221,300.02629969484246,300.02629969602003,300.026299697475,300.02629969343445,300.0262996982504,300.0262996983391,300.02629969619227,300.0262996914573,300.0262996577661,300.0262995857866,300.0262994713504,300.0262993452891,300.02629924495125,300.02629917502895,300.0262991098856,300.026299038043
0.00039876369923749376,300.0262996033208,300.0262996276763,300.0262997065456,300.0262997692018,300.0262998024103,300.026299817907,300.026299832956,300.0262998429337,300.02629984306327,300.02629984581296,300.0262998488529,300.02629983659585,300.0262998130123,300.0262997804243,300.02629974047966,300.0262997010277,300.02629967927703,300.0262996715327,300.0262996605961,300.02629965527956,300.02629965525443,300.02629966369443,300.02629966854226,300.02629967584636,300.0262996787029,300.02629968118094,300.02629968272925,300.0262996870367,300.0262996878444,300.02629968933616,300.0262996913627,300.0262996893016,300.0262996926242,300.0262996975221,300.02629969484246,300.02629969602003,300.026299697475,300.02629969343445,300.0262996982504,300.0262996983391,300.02629969619227,300.0262996914573,300.0262996577661,300.0262995857866,300.0262994713504,300.0262993452891,300.02629924495125,300.02629917502895,300.0262991098856,300.026299038043
0.00040376369923749377,300.0262996033208,300.0262996276763,300.0262997065456,300.0262997692018,300.0262998024103,300.026299817907,300.026299832956,300.0262998429337,300.02629984306327,300.02629984581296,300.0262998488529,300.02629983659585,300.0262998130123,300.0262997804243,300.02629974047966,300.0262997010277,300.02629967927703,300.0262996715327,300.0262996605961,300.02629965527956,300.02629965525443,300.02629966369443,300.02629966854226,300.02629967584636,300.0262996787029,300.02629968118094,300.02629968272925,300.0262996870367,300.0262996878444,300.02629968933616,300.0262996913627,300.0262996893016,300.0262996926242,300.0262996975221,300.02629969484246,300.02629969602003,300.026299697475,300.02629969343445,300.0262996982504,300.0262996983391,300.02629969619227,300.0262996914573,300.0262996577661,300.0262995857866,300.0262994713504,300.0262993452891,300.02629924495125,300.02629917502895,300.0262991098856,300.026299038043
0.0004087636992374938,300.0262996033208,300.0262996276763,300.0262997065456,300.0262997692018,300.0262998024103,300.026299817907,300.026299832956,300.0262998429337,300.02629984306327,300.02629984581296,300.0262998488529,300.02629983659585,300.0262998130123,300.0262997804243,300.02629974047966,300.0262997010277,300.02629967927703,300.0262996715327,300.0262996605961,300.02629965527956,300.02629965525443,300.02629966369443,300.02629966854226,300.02629967584636,300.0262996787029,300.02629968118094,300.02629968272925,300.0262996870367,300.0262996878444,300.02629968933616,300.0262996913627,300.0262996893016,300.0262996926242,300.0262996975221,300.02629969484246,300.02629969602003,300.026299697475,300.02629969343445,300.0262996982504,300.0262996983391,300.02629969619227,300.0262996914573,300.0262996577661,300.0262995857866,300.0262994713504,300.0262993452891,300.02629924495125,300.02629917502895,300.0262991098856,300.026299038043
0.0004137636992374938,300.0262996033208,300.0262996276763,300.0262997065456,300.0262997692018,300.0262998024103,300.026299817907,300.026299832956,300.0262998429337,300.02629984306327,300.02629984581296,300.0262998488529,300.02629983659585,300.0262998130123,300.0262997804243,300.02629974047966,300.0262997010277,300.02629967927703,300.0262996715327,300.0262996605961,300.02629965527956,300.02629965525443,300.02629966369443,300.02629966854226,300.02629967584636,300.0262996787029,300.02629968118094,300.02629968272925,300.0262996870367,300.0262996878444,300.02629968933616,300.0262996913627,300.0262996893016,300.0262996926242,300.0262996975221,300.02629969484246,300.02629969602003,300.026299697475,300.02629969343445,300.0262996982504,300.0262996983391,300.02629969619227,300.0262996914573,300.0262996577661,300.0262995857866,300.0262994713504,300.0262993452891,300.02629924495125,300.02629917502895,300.0262991098856,300.026299038043
0.0004187636992374938,300.0262996033208,300.0262996276763,300.0262997065456,300.0262997692018,300.0262998024103,300.026299817907,300.026299832956,300.0262998429337,300.02629984306327,300.02629984581296,300.0262998488529,300.02629983659585,300.0262998130123,300.0262997804243,300.02629974047966,300.0262997010277,300.02629967927703,300.0262996715327,300.0262996605961,300.02629965527956,300.02629965525443,300.02629966369443,300.02629966854226,300.02629967584636,300.0262996787029,300.02629968118094,300.02629968272925,300.0262996870367,300.0262996878444,300.02629968933616,300.0262996913627,300.0262996893016,300.0262996926242,300.0262996975221,300.02629969484246,300.02629969602003,300.026299697475,300.02629969343445,300.0262996982504,300.0262996983391,300.02629969619227,300.0262996914573,300.0262996577661,300.0262995857866,300.0262994713504,300.0262993452891,300.02629924495125,300.02629917502895,300.0262991098856,300.026299038043
0.0004237636992374938,300.0262996033208,300.0262996276763,300.0262997065456,300.0262997692018,300.0262998024103,300.026299817907,300.026299832956,300.0262998429337,300.02629984306327,300.02629984581296,300.0262998488529,300.02629983659585,300.0262998130123,300.0262997804243,300.02629974047966,300.0262997010277,300.02629967927703,300.0262996715327,300.0262996605961,300.02629965527956,300.02629965525443,300.02629966369443,300.02629966854226,300.02629967584636,300.0262996787029,300.02629968118094,300.02629968272925,300.0262996870367,300.0262996878444,300.02629968933616,300.0262996913627,300.0262996893016,300.0262996926242,300.0262996975221,300.02629969484246,300.02629969602003,300.026299697475,300.02629969343445,300.0262996982504,300.0262996983391,300.02629969619227,300.0262996914573,300.0262996577661,300.0262995857866,300.0262994713504,300.0262993452891,300.02629924495125,300.02629917502895,300.0262991098856,300.026299038043
0.00042876369923749384,300.0262996033208,300.0262996276763,300.0262997065456,300.0262997692018,300.0262998024103,300.026299817907,300.026299832956,300.0262998429337,300.02629984306327,300.02629984581296,300.0262998488529,300.02629983659585,300.0262998130123,300.0262997804243,300.02629974047966,300.0262997010277,300.02629967927703,300.0262996715327,300.0262996605961,300.02629965527956,300.02629965525443,300.02629966369443,300.02629966854226,300.02629967584636,300.0262996787029,300.02629968118094,300.02629968272925,300.0262996870367,300.0262996878444,300.02629968933616,300.0262996913627,300.0262996893016,300.0262996926242,300.0262996975221,300.02629969484246,300.02629969602003,300.026299697475,300.02629969343445,300.0262996982504,300.0262996983391,300.02629969619227,300.0262996914573,300.0262996577661,300.0262995857866,300.0262994713504,300.0262993452891,300.02629924495125,300.02629917502895,300.0262991098856,300.026299038043
0.00043376369923749385,300.0262996033208,300.0262996276763,300.0262997065456,300.0262997692018,300.0262998024103,300.026299817907,300.026299832956,300.0262998429337,300.02629984306327,300.02629984581296,300.0262998488529,300.02629983659585,300.0262998130123,300.0262997804243,300.02629974047966,300.0262997010277,300.02629967927703,300.0262996715327,300.0262996605961,300.02629965527956,300.02629965525443,300.02629966369443,300.02629966854226,300.02629967584636,300.0262996787029,300.02629968118094,300.02629968272925,300.0262996870367,300.0262996878444,300.02629968933616,300.0262996913627,300.0262996893016,300.0262996926242,300.0262996975221,300.02629969484246,300.02629969602003,300.026299697475,300.02629969343445,300.0262996982504,300.0262996983391,300.02629969619227,300.0262996914573,300.0262996577661,300.0262995857866,300.0262994713504,300.0262993452891,300.02629924495125,300.02629917502895,300.0262991098856,300.026299038043
0.00043876369923749386,300.0262996033208,300.0262996276763,300.0262997065456,300.0262997692018,300.0262998024103,300.026299817907,300.026299832956,300.0262998429337,300.02629984306327,300.02629984581296,300.0262998488529,300.02629983659585,300.0262998130123,300.0262997804243,300.02629974047966,300.0262997010277,300.02629967927703,300.0262996715327,300.0262996605961,300.02629965527956,300.02629965525443,300.02629966369443,300.02629966854226,300.02629967584636,300.0262996787029,300.02629968118094,300.02629968272925,300.0262996870367,300.0262996878444,300.02629968933616,300.0262996913627,300.0262996893016,300.0262996926242,300.0262996975221,300.02629969484246,300.02629969602003,300.026299697475,300.02629969343445,300.0262996982504,300.0262996983391,300.02629969619227,300.0262996914573,300.0262996577661,300.0262995857866,300.0262994713504,300.0262993452891,300.02629924495125,300.02629917502895,300.0262991098856,300.026299038043
0.0004437636992374939,300.0262996033208,300.0262996276763,300.0262997065456,300.0262997692018,300.0262998024103,300.026299817907,300.026299832956,300.0262998429337,300.02629984306327,300.02629984581296,300.0262998488529,300.02629983659585,300.0262998130123,300.0262997804243,300.02629974047966,300.0262997010277,300.02629967927703,300.0262996715327,300.0262996605961,300.02629965527956,300.02629965525443,300.02629966369443,300.02629966854226,300.02629967584636,300.0262996787029,300.02629968118094,300.02629968272925,300.0262996870367,300.0262996878444,300.02629968933616,300.0262996913627,300.0262996893016,300.0262996926242,300.0262996975221,300.02629969484246,300.02629969602003,300.026299697475,300.02629969343445,300.0262996982504,300.0262996983391,300.02629969619227,300.0262996914573,300.0262996577661,300.0262995857866,300.0262994713504,300.0262993452891,300.02629924495125,300.02629917502895,300.0262991098856,300.026299038043
0.0004487636992374939,300.0262996033208,300.0262996276763,300.0262997065456,300.0262997692018,300.0262998024103,300.026299817907,300.026299832956,300.0262998429337,300.02629984306327,300.02629984581296,300.0262998488529,300.02629983659585,300.0262998130123,300.0262997804243,300.02629974047966,300.0262997010277,300.02629967927703,300.0262996715327,300.0262996605961,300.02629965527956,300.02629965525443,300.02629966369443,300.02629966854226,300.02629967584636,300.0262996787029,300.02629968118094,300.02629968272925,300.0262996870367,300.0262996878444,300.02629968933616,300.0262996913627,300.0262996893016,300.0262996926242,300.0262996975221,300.02629969484246,300.02629969602003,300.026299697475,300.02629969343445,300.0262996982504,300.0262996983391,300.02629969619227,300.0262996914573,300.0262996577661,300.0262995857866,300.0262994713504,300.0262993452891,300.02629924495125,300.02629917502895,300.0262991098856,300.026299038043
0.0004537636992374939,300.0262996033208,300.0262996276763,300.0262997065456,300.0262997692018,300.0262998024103,300.026299817907,300.026299832956,300.0262998429337,300.02629984306327,300.02629984581296,300.0262998488529,300.02629983659585,300.0262998130123,300.0262997804243,300.02629974047966,300.0262997010277,300.02629967927703,300.0262996715327,300.0262996605961,300.02629965527956,300.02629965525443,300.02629966369443,300.02629966854226,300.02629967584636,300.0262996787029,300.02629968118094,300.02629968272925,300.0262996870367,300.0262996878444,300.02629968933616,300.0262996913627,300.0262996893016,300.0262996926242,300.0262996975221,300.02629969484246,300.02629969602003,300.026299697475,300.02629969343445,300.0262996982504,300.0262996983391,300.02629969619227,300.0262996914573,300.0262996577661,300.0262995857866,300.0262994713504,300.0262993452891,300.02629924495125,300.02629917502895,300.0262991098856,300.026299038043
0.0004587636992374939,300.0262996033208,300.0262996276763,300.0262997065456,300.0262997692018,300.0262998024103,300.026299817907,300.026299832956,300.0262998429337,300.02629984306327,300.02629984581296,300.0262998488529,300.02629983659585,300.0262998130123,300.0262997804243,300.02629974047966,300.0262997010277,300.02629967927703,300.0262996715327,300.0262996605961,300.02629965527956,300.02629965525443,300.02629966369443,300.02629966854226,300.02629967584636,300.0262996787029,300.02629968118094,300.02629968272925,300.0262996870367,300.0262996878444,300.02629968933616,300.0262996913627,300.0262996893016,300.0262996926242,300.0262996975221,300.02629969484246,300.02629969602003,300.026299697475,300.02629969343445,300.0262996982504,300.0262996983391,300.02629969619227,300.0262996914573,300.0262996577661,300.0262995857866,300.0262994713504,300.0262993452891,300.02629924495125,300.02629917502895,300.0262991098856,300.026299038043
0.0004637636992374939,300.0262996033208,300.0262996276763,300.0262997065456,300.0262997692018,300.0262998024103,300.026299817907,300.026299832956,300.0262998429337,300.02629984306327,300.02629984581296,300.0262998488529,300.02629983659585,300.0262998130123,300.0262997804243,300.02629974047966,300.0262997010277,300.02629967927703,300.0262996715327,300.0262996605961,300.02629965527956,300.02629965525443,300.02629966369443,300.02629966854226,300.02629967584636,300.0262996787029,300.02629968118094,300.02629968272925,300.0262996870367,300.0262996878444,300.02629968933616,300.0262996913627,300.0262996893016,300.0262996926242,300.0262996975221,300.02629969484246,300.02629969602003,300.026299697475,300.02629969343445,300.0262996982504,300.0262996983391,300.02629969619227,300.0262996914573,300.0262996577661,300.0262995857866,300.0262994713504,300.0262993452891,300.02629924495125,300.02629917502895,300.0262991098856,300.026299038043
0.00046876369923749394,300.0262996033208,300.0262996276763,300.0262997065456,300.0262997692018,300.0262998024103,300.026299817907,300.026299832956,300.0262998429337,300.02629984306327,300.02629984581296,300.0262998488529,300.02629983659585,300.0262998130123,300.0262997804243,300.02629974047966,300.0262997010277,300.02629967927703,300.0262996715327,300.0262996605961,300.02629965527956,300.02629965525443,300.02629966369443,300.02629966854226,300.02629967584636,300.0262996787029,300.02629968118094,300.02629968272925,300.0262996870367,300.0262996878444,300.02629968933616,300.0262996913627,300.0262996893016,300.0262996926242,300.0262996975221,300.02629969484246,300.02629969602003,300.026299697475,300.02629969343445,300.0262996982504,300.0262996983391,300.02629969619227,300.0262996914573,300.0262996577661,300.0262995857866,300.0262994713504,300.0262993452891,300.02629924495125,300.02629917502895,300.0262991098856,300.026299038043
0.00047376369923749395,300.0262996033208,300.0262996276763,300.0262997065456,300.0262997692018,300.0262998024103,300.026299817907,300.026299832956,300.0262998429337,300.02629984306327,300.02629984581296,300.0262998488529,300.02629983659585,300.0262998130123,300.0262997804243,300.02629974047966,300.0262997010277,300.02629967927703,300.0262996715327,300.0262996605961,300.02629965527956,300.02629965525443,300.02629966369443,300.02629966854226,300.02629967584636,300.0262996787029,300.02629968118094,300.02629968272925,300.0262996870367,300.0262996878444,300.02629968933616,300.0262996913627,300.0262996893016,300.0262996926242,300.0262996975221,300.02629969484246,300.02629969602003,300.026299697475,300.02629969343445,300.0262996982504,300.0262996983391,300.02629969619227,300.0262996914573,300.0262996577661,300.0262995857866,300.0262994713504,300.0262993452891,300.02629924495125,300.02629917502895,300.0262991098856,300.026299038043
0.00047876369923749397,300.0262996033208,300.0262996276763,300.0262997065456,300.0262997692018,300.0262998024103,300.026299817907,300.026299832956,300.0262998429337,300.02629984306327,300.02629984581296,300.0262998488529,300.02629983659585,300.0262998130123,300.0262997804243,300.02629974047966,300.0262997010277,300.02629967927703,300.0262996715327,300.0262996605961,300.02629965527956,300.02629965525443,300.02629966369443,300.02629966854226,300.02629967584636,300.0262996787029,300.02629968118094,300.02629968272925,300.0262996870367,300.0262996878444,300.02629968933616,300.0262996913627,300.0262996893016,300.0262996926242,300.0262996975221,300.02629969484246,300.02629969602003,300.026299697475,300.02629969343445,300.0262996982504,300.0262996983391,300.02629969619227,300.0262996914573,300.0262996577661,300.0262995857866,300.0262994713504,300.0262993452891,300.02629924495125,300.02629917502895,300.0262991098856,300.026299038043
0.000483763699237494,300.0262996033208,300.0262996276763,300.0262997065456,300.0262997692018,300.0262998024103,300.026299817907,300.026299832956,300.0262998429337,300.02629984306327,300.02629984581296,300.0262998488529,300.02629983659585,300.0262998130123,300.0262997804243,300.02629974047966,300.0262997010277,300.02629967927703,300.0262996715327,300.0262996605961,300.02629965527956,300.02629965525443,300.02629966369443,300.02629966854226,300.02629967584636,300.0262996787029,300.02629968118094,300.02629968272925,300.0262996870367,300.0262996878444,300.02629968933616,300.0262996913627,300.0262996893016,300.0262996926242,300.0262996975221,300.02629969484246,300.02629969602003,300.026299697475,300.02629969343445,300.0262996982504,300.0262996983391,300.02629969619227,300.0262996914573,300.0262996577661,300.0262995857866,300.0262994713504,300.0262993452891,300.02629924495125,300.02629917502895,300.0262991098856,300.026299038043
0.000488763699237494,300.0262996033208,300.0262996276763,300.0262997065456,300.0262997692018,300.0262998024103,300.026299817907,300.026299832956,300.0262998429337,300.02629984306327,300.02629984581296,300.0262998488529,300.02629983659585,300.0262998130123,300.0262997804243,300.02629974047966,300.0262997010277,300.02629967927703,300.0262996715327,300.0262996605961,300.02629965527956,300.02629965525443,300.02629966369443,300.02629966854226,300.02629967584636,300.0262996787029,300.02629968118094,300.02629968272925,300.0262996870367,300.0262996878444,300.02629968933616,300.0262996913627,300.0262996893016,300.0262996926242,300.0262996975221,300.02629969484246,300.02629969602003,300.026299697475,300.02629969343445,300.0262996982504,300.0262996983391,300.02629969619227,300.0262996914573,300.0262996577661,300.0262995857866,300.0262994713504,300.0262993452891,300.02629924495125,300.02629917502895,300.0262991098856,300.026299038043
0.000493763699237494,300.0262996033208,300.0262996276763,300.0262997065456,300.0262997692018,300.0262998024103,300.026299817907,300.026299832956,300.0262998429337,300.02629984306327,300.02629984581296,300.0262998488529,300.02629983659585,300.0262998130123,300.0262997804243,300.02629974047966,300.0262997010277,300.02629967927703,300.0262996715327,300.0262996605961,300.02629965527956,300.02629965525443,300.02629966369443,300.02629966854226,300.02629967584636,300.0262996787029,300.02629968118094,300.02629968272925,300.0262996870367,300.0262996878444,300.02629968933616,300.0262996913627,300.0262996893016,300.0262996926242,300.0262996975221,300.02629969484246,300.02629969602003,300.026299697475,300.02629969343445,300.0262996982504,300.0262996983391,300.02629969619227,300.0262996914573,300.0262996577661,300.0262995857866,300.0262994713504,300.0262993452891,300.02629924495125,300.02629917502895,300.0262991098856,300.026299038043
0.000498763699237494,300.0262996033208,300.0262996276763,300.0262997065456,300.0262997692018,300.0262998024103,300.026299817907,300.026299832956,300.0262998429337,300.02629984306327,300.02629984581296,300.0262998488529,300.02629983659585,300.0262998130123,300.0262997804243,300.02629974047966,300.0262997010277,300.02629967927703,300.0262996715327,300.0262996605961,300.02629965527956,300.02629965525443,300.02629966369443,300.02629966854226,300.02629967584636,300.0262996787029,300.02629968118094,300.02629968272925,300.0262996870367,300.0262996878444,300.02629968933616,300.0262996913627,300.0262996893016,300.0262996926242,300.0262996975221,300.02629969484246,300.02629969602003,300.026299697475,300.02629969343445,300.0262996982504,300.0262996983391,300.02629969619227,300.0262996914573,300.0262996577661,300.0262995857866,300.0262994713504,300.0262993452891,300.02629924495125,300.02629917502895,300.0262991098856,300.026299038043
0.000503763699237494,300.0262996033208,300.0262996276763,300.0262997065456,300.0262997692018,300.0262998024103,300.026299817907,300.026299832956,300.0262998429337,300.02629984306327,300.02629984581296,300.0262998488529,300.02629983659585,300.0262998130123,300.0262997804243,300.02629974047966,300.0262997010277,300.02629967927703,300.0262996715327,300.0262996605961,300.02629965527956,300.02629965525443,300.02629966369443,300.02629966854226,300.02629967584636,300.0262996787029,300.02629968118094,300.02629968272925,300.0262996870367,300.0262996878444,300.02629968933616,300.0262996913627,300.0262996893016,300.0262996926242,300.0262996975221,300.02629969484246,300.02629969602003,300.026299697475,300.02629969343445,300.0262996982504,300.0262996983391,300.02629969619227,300.0262996914573,300.0262996577661,300.0262995857866,300.0262994713504,300.0262993452891,300.02629924495125,300.02629917502895,300.0262991098856,300.026299038043
0.000508763699237494,300.0262996033208,300.0262996276763,300.0262997065456,300.0262997692018,300.0262998024103,300.026299817907,300.026299832956,300.0262998429337,300.02629984306327,300.02629984581296,300.0262998488529,300.02629983659585,300.0262998130123,300.0262997804243,300.02629974047966,300.0262997010277,300.02629967927703,300.0262996715327,300.0262996605961,300.02629965527956,300.02629965525443,300.02629966369443,300.02629966854226,300.02629967584636,300.0262996787029,300.02629968118094,300.02629968272925,300.0262996870367,300.0262996878444,300.02629968933616,300.0262996913627,300.0262996893016,300.0262996926242,300.0262996975221,300.02629969484246,300.02629969602003,300.026299697475,300.02629969343445,300.0262996982504,300.0262996983391,300.02629969619227,300.0262996914573,300.0262996577661,300.0262995857866,300.0262994713504,300.0262993452891,300.02629924495125,300.02629917502895,300.0262991098856,300.026299038043
0.0005137636992374941,300.0262996033208,300.0262996276763,300.0262997065456,300.0262997692018,300.0262998024103,300.026299817907,300.026299832956,300.0262998429337,300.02629984306327,300.02629984581296,300.0262998488529,300.02629983659585,300.0262998130123,300.0262997804243,300.02629974047966,300.0262997010277,300.02629967927703,300.0262996715327,300.0262996605961,300.02629965527956,300.02629965525443,300.02629966369443,300.02629966854226,300.02629967584636,300.0262996787029,300.02629968118094,300.02629968272925,300.0262996870367,300.0262996878444,300.02629968933616,300.0262996913627,300.0262996893016,300.0262996926242,300.0262996975221,300.02629969484246,300.02629969602003,300.026299697475,300.02629969343445,300.0262996982504,300.0262996983391,300.02629969619227,300.0262996914573,300.0262996577661,300.0262995857866,300.0262994713504,300.0262993452891,300.02629924495125,300.02629917502895,300.0262991098856,300.026299038043
0.0005187636992374941,300.0262996033208,300.0262996276763,300.0262997065456,300.0262997692018,300.0262998024103,300.026299817907,300.026299832956,300.0262998429337,300.02629984306327,300.02629984581296,300.0262998488529,300.02629983659585,300.0262998130123,300.0262997804243,300.02629974047966,300.0262997010277,300.02629967927703,300.0262996715327,300.0262996605961,300.02629965527956,300.02629965525443,300.02629966369443,300.02629966854226,300.02629967584636,300.0262996787029,300.02629968118094,300.02629968272925,300.0262996870367,300.0262996878444,300.02629968933616,300.0262996913627,300.0262996893016,300.0262996926242,300.0262996975221,300.02629969484246,300.02629969602003,300.026299697475,300.02629969343445,300.0262996982504,300.0262996983391,300.02629969619227,300.0262996914573,300.0262996577661,300.0262995857866,300.0262994713504,300.0262993452891,300.02629924495125,300.02629917502895,300.0262991098856,300.026299038043
0.0005237636992374941,300.0262996033208,300.0262996276763,300.0262997065456,300.0262997692018,300.0262998024103,300.026299817907,300.026299832956,300.0262998429337,300.02629984306327,300.02629984581296,300.0262998488529,300.02629983659585,300.0262998130123,300.0262997804243,300.02629974047966,300.0262997010277,300.02629967927703,300.0262996715327,300.0262996605961,300.02629965527956,300.02629965525443,300.02629966369443,300.02629966854226,300.02629967584636,300.0262996787029,300.02629968118094,300.02629968272925,300.0262996870367,300.0262996878444,300.02629968933616,300.0262996913627,300.0262996893016,300.0262996926242,300.0262996975221,300.02629969484246,300.02629969602003,300.026299697475,300.02629969343445,300.0262996982504,300.0262996983391,300.02629969619227,300.0262996914573,300.0262996577661,300.0262995857866,300.0262994713504,300.0262993452891,300.02629924495125,300.02629917502895,300.0262991098856,300.026299038043
0.0005287636992374941,300.0262996033208,300.0262996276763,300.0262997065456,300.0262997692018,300.0262998024103,300.026299817907,300.026299832956,300.0262998429337,300.02629984306327,300.02629984581296,300.0262998488529,300.02629983659585,300.0262998130123,300.0262997804243,300.02629974047966,300.0262997010277,300.02629967927703,300.0262996715327,300.0262996605961,300.02629965527956,300.02629965525443,300.02629966369443,300.02629966854226,300.02629967584636,300.0262996787029,300.02629968118094,300.02629968272925,300.0262996870367,300.0262996878444,300.02629968933616,300.0262996913627,300.0262996893016,300.0262996926242,300.0262996975221,300.02629969484246,300.02629969602003,300.026299697475,300.02629969343445,300.0262996982504,300.0262996983391,300.02629969619227,300.0262996914573,300.0262996577661,300.0262995857866,300.0262994713504,300.0262993452891,300.02629924495125,300.02629917502895,300.0262991098856,300.026299038043
0.0005337636992374941,300.0262996033208,300.0262996276763,300.0262997065456,300.0262997692018,300.0262998024103,300.026299817907,300.026299832956,300.0262998429337,300.02629984306327,300.02629984581296,300.0262998488529,300.02629983659585,300.0262998130123,300.0262997804243,300.02629974047966,300.0262997010277,300.02629967927703,300.0262996715327,300.0262996605961,300.02629965527956,300.02629965525443,300.02629966369443,300.02629966854226,300.02629967584636,300.0262996787029,300.02629968118094,300.02629968272925,300.0262996870367,300.0262996878444,300.02629968933616,300.0262996913627,300.0262996893016,300.0262996926242,300.0262996975221,300.02629969484246,300.02629969602003,300.026299697475,300.02629969343445,300.0262996982504,300.0262996983391,300.02629969619227,300.0262996914573,300.0262996577661,300.0262995857866,300.0262994713504,300.0262993452891,300.02629924495125,300.02629917502895,300.0262991098856,300.026299038043
0.0005387636992374941,300.0262996033208,300.0262996276763,300.0262997065456,300.0262997692018,300.0262998024103,300.026299817907,300.026299832956,300.0262998429337,300.02629984306327,300.02629984581296,300.0262998488529,300.02629983659585,300.0262998130123,300.0262997804243,300.02629974047966,300.0262997010277,300.02629967927703,300.0262996715327,300.0262996605961,300.02629965527956,300.02629965525443,300.02629966369443,300.02629966854226,300.02629967584636,300.0262996787029,300.02629968118094,300.02629968272925,300.0262996870367,300.0262996878444,300.02629968933616,300.0262996913627,300.0262996893016,300.0262996926242,300.0262996975221,300.02629969484246,300.02629969602003,300.026299697475,300.02629969343445,300.0262996982504,300.0262996983391,300.02629969619227,300.0262996914573,300.0262996577661,300.0262995857866,300.0262994713504,300.0262993452891,300.02629924495125,300.02629917502895,300.0262991098856,300.026299038043
0.0005437636992374941,300.0262996033208,300.0262996276763,300.0262997065456,300.0262997692018,300.0262998024103,300.026299817907,300.026299832956,300.0262998429337,300.02629984306327,300.02629984581296,300.0262998488529,300.02629983659585,300.0262998130123,300.0262997804243,300.02629974047966,300.0262997010277,300.02629967927703,300.0262996715327,300.0262996605961,300.02629965527956,300.02629965525443,300.02629966369443,300.02629966854226,300.02629967584636,300.0262996787029,300.02629968118094,300.02629968272925,300.0262996870367,300.0262996878444,300.02629968933616,300.0262996913627,300.0262996893016,300.0262996926242,300.0262996975221,300.02629969484246,300.02629969602003,300.026299697475,300.02629969343445,300.0262996982504,300.0262996983391,300.02629969619227,300.0262996914573,300.0262996577661,300.0262995857866,300.0262994713504,300.0262993452891,300.02629924495125,300.02629917502895,300.0262991098856,300.026299038043
0.0005487636992374941,300.0262996033208,300.0262996276763,300.0262997065456,300.0262997692018,300.0262998024103,300.026299817907,300.026299832956,300.0262998429337,300.02629984306327,300.02629984581296,300.0262998488529,300.02629983659585,300.0262998130123,300.0262997804243,300.02629974047966,300.0262997010277,300.02629967927703,300.0262996715327,300.0262996605961,300.02629965527956,300.02629965525443,300.02629966369443,300.02629966854226,300.02629967584636,300.0262996787029,300.02629968118094,300.02629968272925,300.0262996870367,300.0262996878444,300.02629968933616,300.0262996913627,300.0262996893016,300.0262996926242,300.0262996975221,300.02629969484246,300.02629969602003,300.026299697475,300.02629969343445,300.0262996982504,300.0262996983391,300.02629969619227,300.0262996914573,300.0262996577661,300.0262995857866,300.0262994713504,300.0262993452891,300.02629924495125,300.02629917502895,300.0262991098856,300.026299038043
0.0005537636992374942,300.0262996033208,300.0262996276763,300.0262997065456,300.0262997692018,300.0262998024103,300.026299817907,300.026299832956,300.0262998429337,300.02629984306327,300.02629984581296,300.0262998488529,300.02629983659585,300.0262998130123,300.0262997804243,300.02629974047966,300.0262997010277,300.02629967927703,300.0262996715327,300.0262996605961,300.02629965527956,300.02629965525443,300.02629966369443,300.02629966854226,300.02629967584636,300.0262996787029,300.02629968118094,300.02629968272925,300.0262996870367,300.0262996878444,300.02629968933616,300.0262996913627,300.0262996893016,300.0262996926242,300.0262996975221,300.02629969484246,300.02629969602003,300.026299697475,300.02629969343445,300.0262996982504,300.0262996983391,300.02629969619227,300.0262996914573,300.0262996577661,300.0262995857866,300.0262994713504,300.0262993452891,300.02629924495125,300.02629917502895,300.0262991098856,300.026299038043
0.0005587636992374942,300.0262996033208,300.0262996276763,300.0262997065456,300.0262997692018,300.0262998024103,300.026299817907,300.026299832956,300.0262998429337,300.02629984306327,300.02629984581296,300.0262998488529,300.02629983659585,300.0262998130123,300.0262997804243,300.02629974047966,300.0262997010277,300.02629967927703,300.0262996715327,300.0262996605961,300.02629965527956,300.02629965525443,300.02629966369443,300.02629966854226,300.02629967584636,300.0262996787029,300.02629968118094,300.02629968272925,300.0262996870367,300.0262996878444,300.02629968933616,300.0262996913627,300.0262996893016,300.0262996926242,300.0262996975221,300.02629969484246,300.02629969602003,300.026299697475,300.02629969343445,300.0262996982504,300.0262996983391,300.02629969619227,300.0262996914573,300.0262996577661,300.0262995857866,300.0262994713504,300.0262993452891,300.02629924495125,300.02629917502895,300.0262991098856,300.026299038043
0.0005637636992374942,300.0262996033208,300.0262996276763,300.0262997065456,300.0262997692018,300.0262998024103,300.026299817907,300.026299832956,300.0262998429337,300.02629984306327,300.02629984581296,300.0262998488529,300.02629983659585,300.0262998130123,300.0262997804243,300.02629974047966,300.0262997010277,300.02629967927703,300.0262996715327,300.0262996605961,300.02629965527956,300.02629965525443,300.02629966369443,300.02629966854226,300.02629967584636,300.0262996787029,300.02629968118094,300.02629968272925,300.0262996870367,300.0262996878444,300.02629968933616,300.0262996913627,300.0262996893016,300.0262996926242,300.0262996975221,300.02629969484246,300.02629969602003,300.026299697475,300.02629969343445,300.0262996982504,300.0262996983391,300.02629969619227,300.0262996914573,300.0262996577661,300.0262995857866,300.0262994713504,300.0262993452891,300.02629924495125,300.02629917502895,300.0262991098856,300.026299038043
0.0005687636992374942,300.0262996033208,300.0262996276763,300.0262997065456,300.0262997692018,300.0262998024103,300.026299817907,300.026299832956,300.0262998429337,300.02629984306327,300.02629984581296,300.0262998488529,300.02629983659585,300.0262998130123,300.0262997804243,300.02629974047966,300.0262997010277,300.02629967927703,300.0262996715327,300.0262996605961,300.02629965527956,300.02629965525443,300.02629966369443,300.02629966854226,300.02629967584636,300.0262996787029,300.02629968118094,300.02629968272925,300.0262996870367,300.0262996878444,300.02629968933616,300.0262996913627,300.0262996893016,300.0262996926242,300.0262996975221,300.02629969484246,300.02629969602003,300.026299697475,300.02629969343445,300.0262996982504,300.0262996983391,300.02629969619227,300.0262996914573,300.0262996577661,300.0262995857866,300.0262994713504,300.0262993452891,300.02629924495125,300.02629917502895,300.0262991098856,300.026299038043
0.0005737636992374942,300.0262996033208,300.0262996276763,300.0262997065456,300.0262997692018,300.0262998024103,300.026299817907,300.026299832956,300.0262998429337,300.02629984306327,300.02629984581296,300.0262998488529,300.02629983659585,300.0262998130123,300.0262997804243,300.02629974047966,300.0262997010277,300.02629967927703,300.0262996715327,300.0262996605961,300.02629965527956,300.02629965525443,300.02629966369443,300.02629966854226,300.02629967584636,300.0262996787029,300.02629968118094,300.02629968272925,300.0262996870367,300.0262996878444,300.02629968933616,300.0262996913627,300.0262996893016,300.0262996926242,300.0262996975221,300.02629969484246,300.02629969602003,300.026299697475,300.02629969343445,300.0262996982504,300.0262996983391,300.02629969619227,300.0262996914573,300.0262996577661,300.0262995857866,300.0262994713504,300.0262993452891,300.02629924495125,300.02629917502895,300.0262991098856,300.026299038043
0.0005787636992374942,300.0262996033208,300.0262996276763,300.0262997065456,300.0262997692018,300.0262998024103,300.026299817907,300.026299832956,300.0262998429337,300.02629984306327,300.02629984581296,300.0262998488529,300.02629983659585,300.0262998130123,300.0262997804243,300.02629974047966,300.0262997010277,300.02629967927703,300.0262996715327,300.0262996605961,300.02629965527956,300.02629965525443,300.02629966369443,300.02629966854226,300.02629967584636,300.0262996787029,300.02629968118094,300.02629968272925,300.0262996870367,300.0262996878444,300.02629968933616,300.0262996913627,300.0262996893016,300.0262996926242,300.0262996975221,300.02629969484246,300.02629969602003,300.026299697475,300.02629969343445,300.0262996982504,300.0262996983391,300.02629969619227,300.0262996914573,300.0262996577661,300.0262995857866,300.0262994713504,300.0262993452891,300.02629924495125,300.02629917502895,300.0262991098856,300.026299038043
0.0005837636992374942,300.0262996033208,300.0262996276763,300.0262997065456,300.0262997692018,300.0262998024103,300.026299817907,300.026299832956,300.0262998429337,300.02629984306327,300.02629984581296,300.0262998488529,300.02629983659585,300.0262998130123,300.0262997804243,300.02629974047966,300.0262997010277,300.02629967927703,300.0262996715327,300.0262996605961,300.02629965527956,300.02629965525443,300.02629966369443,300.02629966854226,300.02629967584636,300.0262996787029,300.02629968118094,300.02629968272925,300.0262996870367,300.0262996878444,300.02629968933616,300.0262996913627,300.0262996893016,300.0262996926242,300.0262996975221,300.02629969484246,300.02629969602003,300.026299697475,300.02629969343445,300.0262996982504,300.0262996983391,300.02629969619227,300.0262996914573,300.0262996577661,300.0262995857866,300.0262994713504,300.0262993452891,300.02629924495125,300.02629917502895,300.0262991098856,300.026299038043
0.0005887636992374943,300.0262996033208,300.0262996276763,300.0262997065456,300.0262997692018,300.0262998024103,300.026299817907,300.026299832956,300.0262998429337,300.02629984306327,300.02629984581296,300.0262998488529,300.02629983659585,300.0262998130123,300.0262997804243,300.02629974047966,300.0262997010277,300.02629967927703,300.0262996715327,300.0262996605961,300.02629965527956,300.02629965525443,300.02629966369443,300.02629966854226,300.02629967584636,300.0262996787029,300.02629968118094,300.02629968272925,300.0262996870367,300.0262996878444,300.02629968933616,300.0262996913627,300.0262996893016,300.0262996926242,300.0262996975221,300.02629969484246,300.02629969602003,300.026299697475,300.02629969343445,300.0262996982504,300.0262996983391,300.02629969619227,300.0262996914573,300.0262996577661,300.0262995857866,300.0262994713504,300.0262993452891,300.02629924495125,300.02629917502895,300.0262991098856,300.026299038043
0.0005937636992374943,300.0262996033208,300.0262996276763,300.0262997065456,300.0262997692018,300.0262998024103,300.026299817907,300.026299832956,300.0262998429337,300.02629984306327,300.02629984581296,300.0262998488529,300.02629983659585,300.0262998130123,300.0262997804243,300.02629974047966,300.0262997010277,300.02629967927703,300.0262996715327,300.0262996605961,300.02629965527956,300.02629965525443,300.02629966369443,300.02629966854226,300.02629967584636,300.0262996787029,300.02629968118094,300.02629968272925,300.0262996870367,300.0262996878444,300.02629968933616,300.0262996913627,300.0262996893016,300.0262996926242,300.0262996975221,300.02629969484246,300.02629969602003,300.026299697475,300.02629969343445,300.0262996982504,300.0262996983391,300.02629969619227,300.0262996914573,300.0262996577661,300.0262995857866,300.0262994713504,300.0262993452891,300.02629924495125,300.02629917502895,300.0262991098856,300.026299038043
0.0005987636992374943,300.0262996033208,300.0262996276763,300.0262997065456,300.0262997692018,300.0262998024103,300.026299817907,300.026299832956,300.0262998429337,300.02629984306327,300.02629984581296,300.0262998488529,300.02629983659585,300.0262998130123,300.0262997804243,300.02629974047966,300.0262997010277,300.02629967927703,300.0262996715327,300.0262996605961,300.02629965527956,300.02629965525443,300.02629966369443,300.02629966854226,300.02629967584636,300.0262996787029,300.02629968118094,300.02629968272925,300.0262996870367,300.0262996878444,300.02629968933616,300.0262996913627,300.0262996893016,300.0262996926242,300.0262996975221,300.02629969484246,300.02629969602003,300.026299697475,300.02629969343445,300.0262996982504,300.0262996983391,300.02629969619227,300.0262996914573,300.0262996577661,300.0262995857866,300.0262994713504,300.0262993452891,300.02629924495125,300.02629917502895,300.0262991098856,300.026299038043
0.0006037636992374943,300.0262996033208,300.0262996276763,300.0262997065456,300.0262997692018,300.0262998024103,300.026299817907,300.026299832956,300.0262998429337,300.02629984306327,300.02629984581296,300.0262998488529,300.02629983659585,300.0262998130123,300.0262997804243,300.02629974047966,300.0262997010277,300.02629967927703,300.0262996715327,300.0262996605961,300.02629965527956,300.02629965525443,300.02629966369443,300.02629966854226,300.02629967584636,300.0262996787029,300.02629968118094,300.02629968272925,300.0262996870367,300.0262996878444,300.02629968933616,300.0262996913627,300.0262996893016,300.0262996926242,300.0262996975221,300.02629969484246,300.02629969602003,300.026299697475,300.02629969343445,300.0262996982504,300.0262996983391,300.02629969619227,300.0262996914573,300.0262996577661,300.0262995857866,300.0262994713504,300.0262993452891,300.02629924495125,300.02629917502895,300.0262991098856,300.026299038043
0.0006087636992374943,300.0262996033208,300.0262996276763,300.0262997065456,300.0262997692018,300.0262998024103,300.026299817907,300.026299832956,300.0262998429337,300.02629984306327,300.02629984581296,300.0262998488529,300.02629983659585,300.0262998130123,300.0262997804243,300.02629974047966,300.0262997010277,300.02629967927703,300.0262996715327,300.0262996605961,300.02629965527956,300.02629965525443,300.02629966369443,300.02629966854226,300.02629967584636,300.0262996787029,300.02629968118094,300.02629968272925,300.0262996870367,300.0262996878444,300.02629968933616,300.0262996913627,300.0262996893016,300.0262996926242,300.0262996975221,300.02629969484246,300.02629969602003,300.026299697475,300.02629969343445,300.0262996982504,300.0262996983391,300.02629969619227,300.0262996914573,300.0262996577661,300.0262995857866,300.0262994713504,300.0262993452891,300.02629924495125,300.02629917502895,300.0262991098856,300.026299038043
0.0006137636992374943,300.0262996033208,300.0262996276763,300.0262997065456,300.0262997692018,300.0262998024103,300.026299817907,300.026299832956,300.0262998429337,300.02629984306327,300.02629984581296,300.0262998488529,300.02629983659585,300.0262998130123,300.0262997804243,300.02629974047966,300.0262997010277,300.02629967927703,300.0262996715327,300.0262996605961,300.02629965527956,300.02629965525443,300.02629966369443,300.02629966854226,300.02629967584636,300.0262996787029,300.02629968118094,300.02629968272925,300.0262996870367,300.0262996878444,300.02629968933616,300.0262996913627,300.0262996893016,300.0262996926242,300.0262996975221,300.02629969484246,300.02629969602003,300.026299697475,300.02629969343445,300.0262996982504,300.0262996983391,300.02629969619227,300.0262996914573,300.0262996577661,300.0262995857866,300.0262994713504,300.0262993452891,300.02629924495125,300.02629917502895,300.0262991098856,300.026299038043
0.0006187636992374943,300.0262996033208,300.0262996276763,300.0262997065456,300.0262997692018,300.0262998024103,300.026299817907,300.026299832956,300.0262998429337,300.02629984306327,300.02629984581296,300.0262998488529,300.02629983659585,300.0262998130123,300.0262997804243,300.02629974047966,300.0262997010277,300.02629967927703,300.0262996715327,300.0262996605961,300.02629965527956,300.02629965525443,300.02629966369443,300.02629966854226,300.02629967584636,300.0262996787029,300.02629968118094,300.02629968272925,300.0262996870367,300.0262996878444,300.02629968933616,300.0262996913627,300.0262996893016,300.0262996926242,300.0262996975221,300.02629969484246,300.02629969602003,300.026299697475,300.02629969343445,300.0262996982504,300.0262996983391,300.02629969619227,300.0262996914573,300.0262996577661,300.0262995857866,300.0262994713504,300.0262993452891,300.02629924495125,300.02629917502895,300.0262991098856,300.026299038043
0.0006237636992374943,300.0262996033208,300.0262996276763,300.0262997065456,300.0262997692018,300.0262998024103,300.026299817907,300.026299832956,300.0262998429337,300.02629984306327,300.02629984581296,300.0262998488529,300.02629983659585,300.0262998130123,300.0262997804243,300.02629974047966,300.0262997010277,300.02629967927703,300.0262996715327,300.0262996605961,300.02629965527956,300.02629965525443,300.02629966369443,300.02629966854226,300.02629967584636,300.0262996787029,300.02629968118094,300.02629968272925,300.0262996870367,300.0262996878444,300.02629968933616,300.0262996913627,300.0262996893016,300.0262996926242,300.0262996975221,300.02629969484246,300.02629969602003,300.026299697475,300.02629969343445,300.0262996982504,300.0262996983391,300.02629969619227,300.0262996914573,300.0262996577661,300.0262995857866,300.0262994713504,300.0262993452891,300.02629924495125,300.02629917502895,300.0262991098856,300.026299038043
0.0006287636992374944,300.0262996033208,300.0262996276763,300.0262997065456,300.0262997692018,300.0262998024103,300.026299817907,300.026299832956,300.0262998429337,300.02629984306327,300.02629984581296,300.0262998488529,300.02629983659585,300.0262998130123,300.0262997804243,300.02629974047966,300.0262997010277,300.02629967927703,300.0262996715327,300.0262996605961,300.02629965527956,300.02629965525443,300.02629966369443,300.02629966854226,300.02629967584636,300.0262996787029,300.02629968118094,300.02629968272925,300.0262996870367,300.0262996878444,300.02629968933616,300.0262996913627,300.0262996893016,300.0262996926242,300.0262996975221,300.02629969484246,300.02629969602003,300.026299697475,300.02629969343445,300.0262996982504,300.0262996983391,300.02629969619227,300.0262996914573,300.0262996577661,300.0262995857866,300.0262994713504,300.0262993452891,300.02629924495125,300.02629917502895,300.0262991098856,300.026299038043
0.0006337636992374944,300.0262996033208,300.0262996276763,300.0262997065456,300.0262997692018,300.0262998024103,300.026299817907,300.026299832956,300.0262998429337,300.02629984306327,300.02629984581296,300.0262998488529,300.02629983659585,300.0262998130123,300.0262997804243,300.02629974047966,300.0262997010277,300.02629967927703,300.0262996715327,300.0262996605961,300.02629965527956,300.02629965525443,300.02629966369443,300.02629966854226,300.02629967584636,300.0262996787029,300.02629968118094,300.02629968272925,300.0262996870367,300.0262996878444,300.02629968933616,300.0262996913627,300.0262996893016,300.0262996926242,300.0262996975221,300.02629969484246,300.02629969602003,300.026299697475,300.02629969343445,300.0262996982504,300.0262996983391,300.02629969619227,300.0262996914573,300.0262996577661,300.0262995857866,300.0262994713504,300.0262993452891,300.02629924495125,300.02629917502895,300.0262991098856,300.026299038043
0.0006387636992374944,300.0262996033208,300.0262996276763,300.0262997065456,300.0262997692018,300.0262998024103,300.026299817907,300.026299832956,300.0262998429337,300.02629984306327,300.02629984581296,300.0262998488529,300.02629983659585,300.0262998130123,300.0262997804243,300.02629974047966,300.0262997010277,300.02629967927703,300.0262996715327,300.0262996605961,300.02629965527956,300.02629965525443,300.02629966369443,300.02629966854226,300.02629967584636,300.0262996787029,300.02629968118094,300.02629968272925,300.0262996870367,300.0262996878444,300.02629968933616,300.0262996913627,300.0262996893016,300.0262996926242,300.0262996975221,300.02629969484246,300.02629969602003,300.026299697475,300.02629969343445,300.0262996982504,300.0262996983391,300.02629969619227,300.0262996914573,300.0262996577661,300.0262995857866,300.0262994713504,300.0262993452891,300.02629924495125,300.02629917502895,300.0262991098856,300.026299038043
0.0006437636992374944,300.0262996033208,300.0262996276763,300.0262997065456,300.0262997692018,300.0262998024103,300.026299817907,300.026299832956,300.0262998429337,300.02629984306327,300.02629984581296,300.0262998488529,300.02629983659585,300.0262998130123,300.0262997804243,300.02629974047966,300.0262997010277,300.02629967927703,300.0262996715327,300.0262996605961,300.02629965527956,300.02629965525443,300.02629966369443,300.02629966854226,300.02629967584636,300.0262996787029,300.02629968118094,300.02629968272925,300.0262996870367,300.0262996878444,300.02629968933616,300.0262996913627,300.0262996893016,300.0262996926242,300.0262996975221,300.02629969484246,300.02629969602003,300.026299697475,300.02629969343445,300.0262996982504,300.0262996983391,300.02629969619227,300.0262996914573,300.0262996577661,300.0262995857866,300.0262994713504,300.0262993452891,300.02629924495125,300.02629917502895,300.0262991098856,300.026299038043
0.0006487636992374944,300.0262996033208,300.0262996276763,300.0262997065456,300.0262997692018,300.0262998024103,300.026299817907,300.026299832956,300.0262998429337,300.02629984306327,300.02629984581296,300.0262998488529,300.02629983659585,300.0262998130123,300.0262997804243,300.02629974047966,300.0262997010277,300.02629967927703,300.0262996715327,300.0262996605961,300.02629965527956,300.02629965525443,300.02629966369443,300.02629966854226,300.02629967584636,300.0262996787029,300.02629968118094,300.02629968272925,300.0262996870367,300.0262996878444,300.02629968933616,300.0262996913627,300.0262996893016,300.0262996926242,300.0262996975221,300.02629969484246,300.02629969602003,300.026299697475,300.02629969343445,300.0262996982504,300.0262996983391,300.02629969619227,300.0262996914573,300.0262996577661,300.0262995857866,300.0262994713504,300.0262993452891,300.02629924495125,300.02629917502895,300.0262991098856,300.026299038043
0.0006537636992374944,300.0262996033208,300.0262996276763,300.0262997065456,300.0262997692018,300.0262998024103,300.026299817907,300.026299832956,300.0262998429337,300.02629984306327,300.02629984581296,300.0262998488529,300.02629983659585,300.0262998130123,300.0262997804243,300.02629974047966,300.0262997010277,300.02629967927703,300.0262996715327,300.0262996605961,300.02629965527956,300.02629965525443,300.02629966369443,300.02629966854226,300.02629967584636,300.0262996787029,300.02629968118094,300.02629968272925,300.0262996870367,300.0262996878444,300.02629968933616,300.0262996913627,300.0262996893016,300.0262996926242,300.0262996975221,300.02629969484246,300.02629969602003,300.026299697475,300.02629969343445,300.0262996982504,300.0262996983391,300.02629969619227,300.0262996914573,300.0262996577661,300.0262995857866,300.0262994713504,300.0262993452891,300.02629924495125,300.02629917502895,300.0262991098856,300.026299038043
0.0006587636992374944,300.0262996033208,300.0262996276763,300.0262997065456,300.0262997692018,300.0262998024103,300.026299817907,300.026299832956,300.0262998429337,300.02629984306327,300.02629984581296,300.0262998488529,300.02629983659585,300.0262998130123,300.0262997804243,300.02629974047966,300.0262997010277,300.02629967927703,300.0262996715327,300.0262996605961,300.02629965527956,300.02629965525443,300.02629966369443,300.02629966854226,300.02629967584636,300.0262996787029,300.02629968118094,300.02629968272925,300.0262996870367,300.0262996878444,300.02629968933616,300.0262996913627,300.0262996893016,300.0262996926242,300.0262996975221,300.02629969484246,300.02629969602003,300.026299697475,300.02629969343445,300.0262996982504,300.0262996983391,300.02629969619227,300.0262996914573,300.0262996577661,300.0262995857866,300.0262994713504,300.0262993452891,300.02629924495125,300.02629917502895,300.0262991098856,300.026299038043
0.0006637636992374945,300.0262996033208,300.0262996276763,300.0262997065456,300.0262997692018,300.0262998024103,300.026299817907,300.026299832956,300.0262998429337,300.02629984306327,300.02629984581296,300.0262998488529,300.02629983659585,300.0262998130123,300.0262997804243,300.02629974047966,300.0262997010277,300.02629967927703,300.0262996715327,300.0262996605961,300.02629965527956,300.02629965525443,300.02629966369443,300.02629966854226,300.02629967584636,300.0262996787029,300.02629968118094,300.02629968272925,300.0262996870367,300.0262996878444,300.02629968933616,300.0262996913627,300.0262996893016,300.0262996926242,300.0262996975221,300.02629969484246,300.02629969602003,300.026299697475,300.02629969343445,300.0262996982504,300.0262996983391,300.02629969619227,300.0262996914573,300.0262996577661,300.0262995857866,300.0262994713504,300.0262993452891,300.02629924495125,300.02629917502895,300.0262991098856,300.026299038043
0.0006687636992374945,300.0262996033208,300.0262996276763,300.0262997065456,300.0262997692018,300.0262998024103,300.026299817907,300.026299832956,300.0262998429337,300.02629984306327,300.02629984581296,300.0262998488529,300.02629983659585,300.0262998130123,300.0262997804243,300.02629974047966,300.0262997010277,300.02629967927703,300.0262996715327,300.0262996605961,300.02629965527956,300.02629965525443,300.02629966369443,300.02629966854226,300.02629967584636,300.0262996787029,300.02629968118094,300.02629968272925,300.0262996870367,300.0262996878444,300.02629968933616,300.0262996913627,300.0262996893016,300.0262996926242,300.0262996975221,300.02629969484246,300.02629969602003,300.026299697475,300.02629969343445,300.0262996982504,300.0262996983391,300.02629969619227,300.0262996914573,300.0262996577661,300.0262995857866,300.0262994713504,300.0262993452891,300.02629924495125,300.02629917502895,300.0262991098856,300.026299038043
0.0006737636992374945,300.0262996033208,300.0262996276763,300.0262997065456,300.0262997692018,300.0262998024103,300.026299817907,300.026299832956,300.0262998429337,300.02629984306327,300.02629984581296,300.0262998488529,300.02629983659585,300.0262998130123,300.0262997804243,300.02629974047966,300.0262997010277,300.02629967927703,300.0262996715327,300.0262996605961,300.02629965527956,300.02629965525443,300.02629966369443,300.02629966854226,300.02629967584636,300.0262996787029,300.02629968118094,300.02629968272925,300.0262996870367,300.0262996878444,300.02629968933616,300.0262996913627,300.0262996893016,300.0262996926242,300.0262996975221,300.02629969484246,300.02629969602003,300.026299697475,300.02629969343445,300.0262996982504,300.0262996983391,300.02629969619227,300.0262996914573,300.0262996577661,300.0262995857866,300.0262994713504,300.0262993452891,300.02629924495125,300.02629917502895,300.0262991098856,300.026299038043
0.0006787636992374945,300.0262996033208,300.0262996276763,300.0262997065456,300.0262997692018,300.0262998024103,300.026299817907,300.026299832956,300.0262998429337,300.02629984306327,300.02629984581296,300.0262998488529,300.02629983659585,300.0262998130123,300.0262997804243,300.02629974047966,300.0262997010277,300.02629967927703,300.0262996715327,300.0262996605961,300.02629965527956,300.02629965525443,300.02629966369443,300.02629966854226,300.02629967584636,300.0262996787029,300.02629968118094,300.02629968272925,300.0262996870367,300.0262996878444,300.02629968933616,300.0262996913627,300.0262996893016,300.0262996926242,300.0262996975221,300.02629969484246,300.02629969602003,300.026299697475,300.02629969343445,300.0262996982504,300.0262996983391,300.02629969619227,300.0262996914573,300.0262996577661,300.0262995857866,300.0262994713504,300.0262993452891,300.02629924495125,300.02629917502895,300.0262991098856,300.026299038043
0.0006837636992374945,300.0262996033208,300.0262996276763,300.0262997065456,300.0262997692018,300.0262998024103,300.026299817907,300.026299832956,300.0262998429337,300.02629984306327,300.02629984581296,300.0262998488529,300.02629983659585,300.0262998130123,300.0262997804243,300.02629974047966,300.0262997010277,300.02629967927703,300.0262996715327,300.0262996605961,300.02629965527956,300.02629965525443,300.02629966369443,300.02629966854226,300.02629967584636,300.0262996787029,300.02629968118094,300.02629968272925,300.0262996870367,300.0262996878444,300.02629968933616,300.0262996913627,300.0262996893016,300.0262996926242,300.0262996975221,300.02629969484246,300.02629969602003,300.026299697475,300.02629969343445,300.0262996982504,300.0262996983391,300.02629969619227,300.0262996914573,300.0262996577661,300.0262995857866,300.0262994713504,300.0262993452891,300.02629924495125,300.02629917502895,300.0262991098856,300.026299038043
0.0006887636992374945,300.0262996033208,300.0262996276763,300.0262997065456,300.0262997692018,300.0262998024103,300.026299817907,300.026299832956,300.0262998429337,300.02629984306327,300.02629984581296,300.0262998488529,300.02629983659585,300.0262998130123,300.0262997804243,300.02629974047966,300.0262997010277,300.02629967927703,300.0262996715327,300.0262996605961,300.02629965527956,300.02629965525443,300.02629966369443,300.02629966854226,300.02629967584636,300.0262996787029,300.02629968118094,300.02629968272925,300.0262996870367,300.0262996878444,300.02629968933616,300.0262996913627,300.0262996893016,300.0262996926242,300.0262996975221,300.02629969484246,300.02629969602003,300.026299697475,300.02629969343445,300.0262996982504,300.0262996983391,300.02629969619227,300.0262996914573,300.0262996577661,300.0262995857866,300.0262994713504,300.0262993452891,300.02629924495125,300.02629917502895,300.0262991098856,300.026299038043
0.0006937636992374945,300.0262996033208,300.0262996276763,300.0262997065456,300.0262997692018,300.0262998024103,300.026299817907,300.026299832956,300.0262998429337,300.02629984306327,300.02629984581296,300.0262998488529,300.02629983659585,300.0262998130123,300.0262997804243,300.02629974047966,300.0262997010277,300.02629967927703,300.0262996715327,300.0262996605961,300.02629965527956,300.02629965525443,300.02629966369443,300.02629966854226,300.02629967584636,300.0262996787029,300.02629968118094,300.02629968272925,300.0262996870367,300.0262996878444,300.02629968933616,300.0262996913627,300.0262996893016,300.0262996926242,300.0262996975221,300.02629969484246,300.02629969602003,300.026299697475,300.02629969343445,300.0262996982504,300.0262996983391,300.02629969619227,300.0262996914573,300.0262996577661,300.0262995857866,300.0262994713504,300.0262993452891,300.02629924495125,300.02629917502895,300.0262991098856,300.026299038043
0.0006987636992374945,300.0262996033208,300.0262996276763,300.0262997065456,300.0262997692018,300.0262998024103,300.026299817907,300.026299832956,300.0262998429337,300.02629984306327,300.02629984581296,300.0262998488529,300.02629983659585,300.0262998130123,300.0262997804243,300.02629974047966,300.0262997010277,300.02629967927703,300.0262996715327,300.0262996605961,300.02629965527956,300.02629965525443,300.02629966369443,300.02629966854226,300.02629967584636,300.0262996787029,300.02629968118094,300.02629968272925,300.0262996870367,300.0262996878444,300.02629968933616,300.0262996913627,300.0262996893016,300.0262996926242,300.0262996975221,300.02629969484246,300.02629969602003,300.026299697475,300.02629969343445,300.0262996982504,300.0262996983391,300.02629969619227,300.0262996914573,300.0262996577661,300.0262995857866,300.0262994713504,300.0262993452891,300.02629924495125,300.02629917502895,300.0262991098856,300.026299038043
0.0007037636992374946,300.0262996033208,300.0262996276763,300.0262997065456,300.0262997692018,300.0262998024103,300.026299817907,300.026299832956,300.0262998429337,300.02629984306327,300.02629984581296,300.0262998488529,300.02629983659585,300.0262998130123,300.0262997804243,300.02629974047966,300.0262997010277,300.02629967927703,300.0262996715327,300.0262996605961,300.02629965527956,300.02629965525443,300.02629966369443,300.02629966854226,300.02629967584636,300.0262996787029,300.02629968118094,300.02629968272925,300.0262996870367,300.0262996878444,300.02629968933616,300.0262996913627,300.0262996893016,300.0262996926242,300.0262996975221,300.02629969484246,300.02629969602003,300.026299697475,300.02629969343445,300.0262996982504,300.0262996983391,300.02629969619227,300.0262996914573,300.0262996577661,300.0262995857866,300.0262994713504,300.0262993452891,300.02629924495125,300.02629917502895,300.0262991098856,300.026299038043
0.0007087636992374946,300.0262996033208,300.0262996276763,300.0262997065456,300.0262997692018,300.0262998024103,300.026299817907,300.026299832956,300.0262998429337,300.02629984306327,300.02629984581296,300.0262998488529,300.02629983659585,300.0262998130123,300.0262997804243,300.02629974047966,300.0262997010277,300.02629967927703,300.0262996715327,300.0262996605961,300.02629965527956,300.02629965525443,300.02629966369443,300.02629966854226,300.02629967584636,300.0262996787029,300.02629968118094,300.02629968272925,300.0262996870367,300.0262996878444,300.02629968933616,300.0262996913627,300.0262996893016,300.0262996926242,300.0262996975221,300.02629969484246,300.02629969602003,300.026299697475,300.02629969343445,300.0262996982504,300.0262996983391,300.02629969619227,300.0262996914573,300.0262996577661,300.0262995857866,300.0262994713504,300.0262993452891,300.02629924495125,300.02629917502895,300.0262991098856,300.026299038043
0.0007137636992374946,300.0262996033208,300.0262996276763,300.0262997065456,300.0262997692018,300.0262998024103,300.026299817907,300.026299832956,300.0262998429337,300.02629984306327,300.02629984581296,300.0262998488529,300.02629983659585,300.0262998130123,300.0262997804243,300.02629974047966,300.0262997010277,300.02629967927703,300.0262996715327,300.0262996605961,300.02629965527956,300.02629965525443,300.02629966369443,300.02629966854226,300.02629967584636,300.0262996787029,300.02629968118094,300.02629968272925,300.0262996870367,300.0262996878444,300.02629968933616,300.0262996913627,300.0262996893016,300.0262996926242,300.0262996975221,300.02629969484246,300.02629969602003,300.026299697475,300.02629969343445,300.0262996982504,300.0262996983391,300.02629969619227,300.0262996914573,300.0262996577661,300.0262995857866,300.0262994713504,300.0262993452891,300.02629924495125,300.02629917502895,300.0262991098856,300.026299038043
0.0007187636992374946,300.0262996033208,300.0262996276763,300.0262997065456,300.0262997692018,300.0262998024103,300.026299817907,300.026299832956,300.0262998429337,300.02629984306327,300.02629984581296,300.0262998488529,300.02629983659585,300.0262998130123,300.0262997804243,300.02629974047966,300.0262997010277,300.02629967927703,300.0262996715327,300.0262996605961,300.02629965527956,300.02629965525443,300.02629966369443,300.02629966854226,300.02629967584636,300.0262996787029,300.02629968118094,300.02629968272925,300.0262996870367,300.0262996878444,300.02629968933616,300.0262996913627,300.0262996893016,300.0262996926242,300.0262996975221,300.02629969484246,300.02629969602003,300.026299697475,300.02629969343445,300.0262996982504,300.0262996983391,300.02629969619227,300.0262996914573,300.0262996577661,300.0262995857866,300.0262994713504,300.0262993452891,300.02629924495125,300.02629917502895,300.0262991098856,300.026299038043
0.0007237636992374946,300.0262996033208,300.0262996276763,300.0262997065456,300.0262997692018,300.0262998024103,300.026299817907,300.026299832956,300.0262998429337,300.02629984306327,300.02629984581296,300.0262998488529,300.02629983659585,300.0262998130123,300.0262997804243,300.02629974047966,300.0262997010277,300.02629967927703,300.0262996715327,300.0262996605961,300.02629965527956,300.02629965525443,300.02629966369443,300.02629966854226,300.02629967584636,300.0262996787029,300.02629968118094,300.02629968272925,300.0262996870367,300.0262996878444,300.02629968933616,300.0262996913627,300.0262996893016,300.0262996926242,300.0262996975221,300.02629969484246,300.02629969602003,300.026299697475,300.02629969343445,300.0262996982504,300.0262996983391,300.02629969619227,300.0262996914573,300.0262996577661,300.0262995857866,300.0262994713504,300.0262993452891,300.02629924495125,300.02629917502895,300.0262991098856,300.026299038043
0.0007287636992374946,300.0262996033208,300.0262996276763,300.0262997065456,300.0262997692018,300.0262998024103,300.026299817907,300.026299832956,300.0262998429337,300.02629984306327,300.02629984581296,300.0262998488529,300.02629983659585,300.0262998130123,300.0262997804243,300.02629974047966,300.0262997010277,300.02629967927703,300.0262996715327,300.0262996605961,300.02629965527956,300.02629965525443,300.02629966369443,300.02629966854226,300.02629967584636,300.0262996787029,300.02629968118094,300.02629968272925,300.0262996870367,300.0262996878444,300.02629968933616,300.0262996913627,300.0262996893016,300.0262996926242,300.0262996975221,300.02629969484246,300.02629969602003,300.026299697475,300.02629969343445,300.0262996982504,300.0262996983391,300.02629969619227,300.0262996914573,300.0262996577661,300.0262995857866,300.0262994713504,300.0262993452891,300.02629924495125,300.02629917502895,300.0262991098856,300.026299038043
0.0007337636992374946,300.0262996033208,300.0262996276763,300.0262997065456,300.0262997692018,300.0262998024103,300.026299817907,300.026299832956,300.0262998429337,300.02629984306327,300.02629984581296,300.0262998488529,300.02629983659585,300.0262998130123,300.0262997804243,300.02629974047966,300.0262997010277,300.02629967927703,300.0262996715327,300.0262996605961,300.02629965527956,300.02629965525443,300.02629966369443,300.02629966854226,300.02629967584636,300.0262996787029,300.02629968118094,300.02629968272925,300.0262996870367,300.0262996878444,300.02629968933616,300.0262996913627,300.0262996893016,300.0262996926242,300.0262996975221,300.02629969484246,300.02629969602003,300.026299697475,300.02629969343445,300.0262996982504,300.0262996983391,300.02629969619227,300.0262996914573,300.0262996577661,300.0262995857866,300.0262994713504,300.0262993452891,300.02629924495125,300.02629917502895,300.0262991098856,300.026299038043
0.0007387636992374946,300.0262996033208,300.0262996276763,300.0262997065456,300.0262997692018,300.0262998024103,300.026299817907,300.026299832956,300.0262998429337,300.02629984306327,300.02629984581296,300.0262998488529,300.02629983659585,300.0262998130123,300.0262997804243,300.02629974047966,300.0262997010277,300.02629967927703,300.0262996715327,300.0262996605961,300.02629965527956,300.02629965525443,300.02629966369443,300.02629966854226,300.02629967584636,300.0262996787029,300.02629968118094,300.02629968272925,300.0262996870367,300.0262996878444,300.02629968933616,300.0262996913627,300.0262996893016,300.0262996926242,300.0262996975221,300.02629969484246,300.02629969602003,300.026299697475,300.02629969343445,300.0262996982504,300.0262996983391,300.02629969619227,300.0262996914573,300.0262996577661,300.0262995857866,300.0262994713504,300.0262993452891,300.02629924495125,300.02629917502895,300.0262991098856,300.026299038043
0.0007437636992374947,300.0262996033208,300.0262996276763,300.0262997065456,300.0262997692018,300.0262998024103,300.026299817907,300.026299832956,300.0262998429337,300.02629984306327,300.02629984581296,300.0262998488529,300.02629983659585,300.0262998130123,300.0262997804243,300.02629974047966,300.0262997010277,300.02629967927703,300.0262996715327,300.0262996605961,300.02629965527956,300.02629965525443,300.02629966369443,300.02629966854226,300.02629967584636,300.0262996787029,300.02629968118094,300.02629968272925,300.0262996870367,300.0262996878444,300.02629968933616,300.0262996913627,300.0262996893016,300.0262996926242,300.0262996975221,300.02629969484246,300.02629969602003,300.026299697475,300.02629969343445,300.0262996982504,300.0262996983391,300.02629969619227,300.0262996914573,300.0262996577661,300.0262995857866,300.0262994713504,300.0262993452891,300.02629924495125,300.02629917502895,300.0262991098856,300.026299038043
0.0007487636992374947,300.0262996033208,300.0262996276763,300.0262997065456,300.0262997692018,300.0262998024103,300.026299817907,300.026299832956,300.0262998429337,300.02629984306327,300.02629984581296,300.0262998488529,300.02629983659585,300.0262998130123,300.0262997804243,300.02629974047966,300.0262997010277,300.02629967927703,300.0262996715327,300.0262996605961,300.02629965527956,300.02629965525443,300.02629966369443,300.02629966854226,300.02629967584636,300.0262996787029,300.02629968118094,300.02629968272925,300.0262996870367,300.0262996878444,300.02629968933616,300.0262996913627,300.0262996893016,300.0262996926242,300.0262996975221,300.02629969484246,300.02629969602003,300.026299697475,300.02629969343445,300.0262996982504,300.0262996983391,300.02629969619227,300.0262996914573,300.0262996577661,300.0262995857866,300.0262994713504,300.0262993452891,300.02629924495125,300.02629917502895,300.0262991098856,300.026299038043
0.0007537636992374947,300.0262996033208,300.0262996276763,300.0262997065456,300.0262997692018,300.0262998024103,300.026299817907,300.026299832956,300.0262998429337,300.02629984306327,300.02629984581296,300.0262998488529,300.02629983659585,300.0262998130123,300.0262997804243,300.02629974047966,300.0262997010277,300.02629967927703,300.0262996715327,300.0262996605961,300.02629965527956,300.02629965525443,300.02629966369443,300.02629966854226,300.02629967584636,300.0262996787029,300.02629968118094,300.02629968272925,300.0262996870367,300.0262996878444,300.02629968933616,300.0262996913627,300.0262996893016,300.0262996926242,300.0262996975221,300.02629969484246,300.02629969602003,300.026299697475,300.02629969343445,300.0262996982504,300.0262996983391,300.02629969619227,300.0262996914573,300.0262996577661,300.0262995857866,300.0262994713504,300.0262993452891,300.02629924495125,300.02629917502895,300.0262991098856,300.026299038043
0.0007587636992374947,300.0262996033208,300.0262996276763,300.0262997065456,300.0262997692018,300.0262998024103,300.026299817907,300.026299832956,300.0262998429337,300.02629984306327,300.02629984581296,300.0262998488529,300.02629983659585,300.0262998130123,300.0262997804243,300.02629974047966,300.0262997010277,300.02629967927703,300.0262996715327,300.0262996605961,300.02629965527956,300.02629965525443,300.02629966369443,300.02629966854226,300.02629967584636,300.0262996787029,300.02629968118094,300.02629968272925,300.0262996870367,300.0262996878444,300.02629968933616,300.0262996913627,300.0262996893016,300.0262996926242,300.0262996975221,300.02629969484246,300.02629969602003,300.026299697475,300.02629969343445,300.0262996982504,300.0262996983391,300.02629969619227,300.0262996914573,300.0262996577661,300.0262995857866,300.0262994713504,300.0262993452891,300.02629924495125,300.02629917502895,300.0262991098856,300.026299038043
0.0007637636992374947,300.0262996033208,300.0262996276763,300.0262997065456,300.0262997692018,300.0262998024103,300.026299817907,300.026299832956,300.0262998429337,300.02629984306327,300.02629984581296,300.0262998488529,300.02629983659585,300.0262998130123,300.0262997804243,300.02629974047966,300.0262997010277,300.02629967927703,300.0262996715327,300.0262996605961,300.02629965527956,300.02629965525443,300.02629966369443,300.02629966854226,300.02629967584636,300.0262996787029,300.02629968118094,300.02629968272925,300.0262996870367,300.0262996878444,300.02629968933616,300.0262996913627,300.0262996893016,300.0262996926242,300.0262996975221,300.02629969484246,300.02629969602003,300.026299697475,300.02629969343445,300.0262996982504,300.0262996983391,300.02629969619227,300.0262996914573,300.0262996577661,300.0262995857866,300.0262994713504,300.0262993452891,300.02629924495125,300.02629917502895,300.0262991098856,300.026299038043
0.0007687636992374947,300.0262996033208,300.0262996276763,300.0262997065456,300.0262997692018,300.0262998024103,300.026299817907,300.026299832956,300.0262998429337,300.02629984306327,300.02629984581296,300.0262998488529,300.02629983659585,300.0262998130123,300.0262997804243,300.02629974047966,300.0262997010277,300.02629967927703,300.0262996715327,300.0262996605961,300.02629965527956,300.02629965525443,300.02629966369443,300.02629966854226,300.02629967584636,300.0262996787029,300.02629968118094,300.02629968272925,300.0262996870367,300.0262996878444,300.02629968933616,300.0262996913627,300.0262996893016,300.0262996926242,300.0262996975221,300.02629969484246,300.02629969602003,300.026299697475,300.02629969343445,300.0262996982504,300.0262996983391,300.02629969619227,300.0262996914573,300.0262996577661,300.0262995857866,300.0262994713504,300.0262993452891,300.02629924495125,300.02629917502895,300.0262991098856,300.026299038043
0.0007737636992374947,300.0262996033208,300.0262996276763,300.0262997065456,300.0262997692018,300.0262998024103,300.026299817907,300.026299832956,300.0262998429337,300.02629984306327,300.02629984581296,300.0262998488529,300.02629983659585,300.0262998130123,300.0262997804243,300.02629974047966,300.0262997010277,300.02629967927703,300.0262996715327,300.0262996605961,300.02629965527956,300.02629965525443,300.02629966369443,300.02629966854226,300.02629967584636,300.0262996787029,300.02629968118094,300.02629968272925,300.0262996870367,300.0262996878444,300.02629968933616,300.0262996913627,300.0262996893016,300.0262996926242,300.0262996975221,300.02629969484246,300.02629969602003,300.026299697475,300.02629969343445,300.0262996982504,300.0262996983391,300.02629969619227,300.0262996914573,300.0262996577661,300.0262995857866,300.0262994713504,300.0262993452891,300.02629924495125,300.02629917502895,300.0262991098856,300.026299038043
0.0007787636992374948,300.0262996033208,300.0262996276763,300.0262997065456,300.0262997692018,300.0262998024103,300.026299817907,300.026299832956,300.0262998429337,300.02629984306327,300.02629984581296,300.0262998488529,300.02629983659585,300.0262998130123,300.0262997804243,300.02629974047966,300.0262997010277,300.02629967927703,300.0262996715327,300.0262996605961,300.02629965527956,300.02629965525443,300.02629966369443,300.02629966854226,300.02629967584636,300.0262996787029,300.02629968118094,300.02629968272925,300.0262996870367,300.0262996878444,300.02629968933616,300.0262996913627,300.0262996893016,300.0262996926242,300.0262996975221,300.02629969484246,300.02629969602003,300.026299697475,300.02629969343445,300.0262996982504,300.0262996983391,300.02629969619227,300.0262996914573,300.0262996577661,300.0262995857866,300.0262994713504,300.0262993452891,300.02629924495125,300.02629917502895,300.0262991098856,300.026299038043
0.0007837636992374948,300.0262996033208,300.0262996276763,300.0262997065456,300.0262997692018,300.0262998024103,300.026299817907,300.026299832956,300.0262998429337,300.02629984306327,300.02629984581296,300.0262998488529,300.02629983659585,300.0262998130123,300.0262997804243,300.02629974047966,300.0262997010277,300.02629967927703,300.0262996715327,300.0262996605961,300.02629965527956,300.02629965525443,300.02629966369443,300.02629966854226,300.02629967584636,300.0262996787029,300.02629968118094,300.02629968272925,300.0262996870367,300.0262996878444,300.02629968933616,300.0262996913627,300.0262996893016,300.0262996926242,300.0262996975221,300.02629969484246,300.02629969602003,300.026299697475,300.02629969343445,300.0262996982504,300.0262996983391,300.02629969619227,300.0262996914573,300.0262996577661,300.0262995857866,300.0262994713504,300.0262993452891,300.02629924495125,300.02629917502895,300.0262991098856,300.026299038043
0.0007887636992374948,300.0262996033208,300.0262996276763,300.0262997065456,300.0262997692018,300.0262998024103,300.026299817907,300.026299832956,300.0262998429337,300.02629984306327,300.02629984581296,300.0262998488529,300.02629983659585,300.0262998130123,300.0262997804243,300.02629974047966,300.0262997010277,300.02629967927703,300.0262996715327,300.0262996605961,300.02629965527956,300.02629965525443,300.02629966369443,300.02629966854226,300.02629967584636,300.0262996787029,300.02629968118094,300.02629968272925,300.0262996870367,300.0262996878444,300.02629968933616,300.0262996913627,300.0262996893016,300.0262996926242,300.0262996975221,300.02629969484246,300.02629969602003,300.026299697475,300.02629969343445,300.0262996982504,300.0262996983391,300.02629969619227,300.0262996914573,300.0262996577661,300.0262995857866,300.0262994713504,300.0262993452891,300.02629924495125,300.02629917502895,300.0262991098856,300.026299038043
0.0007937636992374948,300.0262996033208,300.0262996276763,300.0262997065456,300.0262997692018,300.0262998024103,300.026299817907,300.026299832956,300.0262998429337,300.02629984306327,300.02629984581296,300.0262998488529,300.02629983659585,300.0262998130123,300.0262997804243,300.02629974047966,300.0262997010277,300.02629967927703,300.0262996715327,300.0262996605961,300.02629965527956,300.02629965525443,300.02629966369443,300.02629966854226,300.02629967584636,300.0262996787029,300.02629968118094,300.02629968272925,300.0262996870367,300.0262996878444,300.02629968933616,300.0262996913627,300.0262996893016,300.0262996926242,300.0262996975221,300.02629969484246,300.02629969602003,300.026299697475,300.02629969343445,300.0262996982504,300.0262996983391,300.02629969619227,300.0262996914573,300.0262996577661,300.0262995857866,300.0262994713504,300.0262993452891,300.02629924495125,300.02629917502895,300.0262991098856,300.026299038043
0.0007987636992374948,300.0262996033208,300.0262996276763,300.0262997065456,300.0262997692018,300.0262998024103,300.026299817907,300.026299832956,300.0262998429337,300.02629984306327,300.02629984581296,300.0262998488529,300.02629983659585,300.0262998130123,300.0262997804243,300.02629974047966,300.0262997010277,300.02629967927703,300.0262996715327,300.0262996605961,300.02629965527956,300.02629965525443,300.02629966369443,300.02629966854226,300.02629967584636,300.0262996787029,300.02629968118094,300.02629968272925,300.0262996870367,300.0262996878444,300.02629968933616,300.0262996913627,300.0262996893016,300.0262996926242,300.0262996975221,300.02629969484246,300.02629969602003,300.026299697475,300.02629969343445,300.0262996982504,300.0262996983391,300.02629969619227,300.0262996914573,300.0262996577661,300.0262995857866,300.0262994713504,300.0262993452891,300.02629924495125,300.02629917502895,300.0262991098856,300.026299038043
0.0008037636992374948,300.0262996033208,300.0262996276763,300.0262997065456,300.0262997692018,300.0262998024103,300.026299817907,300.026299832956,300.0262998429337,300.02629984306327,300.02629984581296,300.0262998488529,300.02629983659585,300.0262998130123,300.0262997804243,300.02629974047966,300.0262997010277,300.02629967927703,300.0262996715327,300.0262996605961,300.02629965527956,300.02629965525443,300.02629966369443,300.02629966854226,300.02629967584636,300.0262996787029,300.02629968118094,300.02629968272925,300.0262996870367,300.0262996878444,300.02629968933616,300.0262996913627,300.0262996893016,300.0262996926242,300.0262996975221,300.02629969484246,300.02629969602003,300.026299697475,300.02629969343445,300.0262996982504,300.0262996983391,300.02629969619227,300.0262996914573,300.0262996577661,300.0262995857866,300.0262994713504,300.0262993452891,300.02629924495125,300.02629917502895,300.0262991098856,300.026299038043
0.0008087636992374948,300.0262996033208,300.0262996276763,300.0262997065456,300.0262997692018,300.0262998024103,300.026299817907,300.026299832956,300.0262998429337,300.02629984306327,300.02629984581296,300.0262998488529,300.02629983659585,300.0262998130123,300.0262997804243,300.02629974047966,300.0262997010277,300.02629967927703,300.0262996715327,300.0262996605961,300.02629965527956,300.02629965525443,300.02629966369443,300.02629966854226,300.02629967584636,300.0262996787029,300.02629968118094,300.02629968272925,300.0262996870367,300.0262996878444,300.02629968933616,300.0262996913627,300.0262996893016,300.0262996926242,300.0262996975221,300.02629969484246,300.02629969602003,300.026299697475,300.02629969343445,300.0262996982504,300.0262996983391,300.02629969619227,300.0262996914573,300.0262996577661,300.0262995857866,300.0262994713504,300.0262993452891,300.02629924495125,300.02629917502895,300.0262991098856,300.026299038043
0.0008137636992374948,300.0262996033208,300.0262996276763,300.0262997065456,300.0262997692018,300.0262998024103,300.026299817907,300.026299832956,300.0262998429337,300.02629984306327,300.02629984581296,300.0262998488529,300.02629983659585,300.0262998130123,300.0262997804243,300.02629974047966,300.0262997010277,300.02629967927703,300.0262996715327,300.0262996605961,300.02629965527956,300.02629965525443,300.02629966369443,300.02629966854226,300.02629967584636,300.0262996787029,300.02629968118094,300.02629968272925,300.0262996870367,300.0262996878444,300.02629968933616,300.0262996913627,300.0262996893016,300.0262996926242,300.0262996975221,300.02629969484246,300.02629969602003,300.026299697475,300.02629969343445,300.0262996982504,300.0262996983391,300.02629969619227,300.0262996914573,300.0262996577661,300.0262995857866,300.0262994713504,300.0262993452891,300.02629924495125,300.02629917502895,300.0262991098856,300.026299038043
0.0008187636992374949,300.0262996033208,300.0262996276763,300.0262997065456,300.0262997692018,300.0262998024103,300.026299817907,300.026299832956,300.0262998429337,300.02629984306327,300.02629984581296,300.0262998488529,300.02629983659585,300.0262998130123,300.0262997804243,300.02629974047966,300.0262997010277,300.02629967927703,300.0262996715327,300.0262996605961,300.02629965527956,300.02629965525443,300.02629966369443,300.02629966854226,300.02629967584636,300.0262996787029,300.02629968118094,300.02629968272925,300.0262996870367,300.0262996878444,300.02629968933616,300.0262996913627,300.0262996893016,300.0262996926242,300.0262996975221,300.02629969484246,300.02629969602003,300.026299697475,300.02629969343445,300.0262996982504,300.0262996983391,300.02629969619227,300.0262996914573,300.0262996577661,300.0262995857866,300.0262994713504,300.0262993452891,300.02629924495125,300.02629917502895,300.0262991098856,300.026299038043
0.0008237636992374949,300.0262996033208,300.0262996276763,300.0262997065456,300.0262997692018,300.0262998024103,300.026299817907,300.026299832956,300.0262998429337,300.02629984306327,300.02629984581296,300.0262998488529,300.02629983659585,300.0262998130123,300.0262997804243,300.02629974047966,300.0262997010277,300.02629967927703,300.0262996715327,300.0262996605961,300.02629965527956,300.02629965525443,300.02629966369443,300.02629966854226,300.02629967584636,300.0262996787029,300.02629968118094,300.02629968272925,300.0262996870367,300.0262996878444,300.02629968933616,300.0262996913627,300.0262996893016,300.0262996926242,300.0262996975221,300.02629969484246,300.02629969602003,300.026299697475,300.02629969343445,300.0262996982504,300.0262996983391,300.02629969619227,300.0262996914573,300.0262996577661,300.0262995857866,300.0262994713504,300.0262993452891,300.02629924495125,300.02629917502895,300.0262991098856,300.026299038043
0.0008287636992374949,300.0262996033208,300.0262996276763,300.0262997065456,300.0262997692018,300.0262998024103,300.026299817907,300.026299832956,300.0262998429337,300.02629984306327,300.02629984581296,300.0262998488529,300.02629983659585,300.0262998130123,300.0262997804243,300.02629974047966,300.0262997010277,300.02629967927703,300.0262996715327,300.0262996605961,300.02629965527956,300.02629965525443,300.02629966369443,300.02629966854226,300.02629967584636,300.0262996787029,300.02629968118094,300.02629968272925,300.0262996870367,300.0262996878444,300.02629968933616,300.0262996913627,300.0262996893016,300.0262996926242,300.0262996975221,300.02629969484246,300.02629969602003,300.026299697475,300.02629969343445,300.0262996982504,300.0262996983391,300.02629969619227,300.0262996914573,300.0262996577661,300.0262995857866,300.0262994713504,300.0262993452891,300.02629924495125,300.02629917502895,300.0262991098856,300.026299038043
0.0008337636992374949,300.0262996033208,300.0262996276763,300.0262997065456,300.0262997692018,300.0262998024103,300.026299817907,300.026299832956,300.0262998429337,300.02629984306327,300.02629984581296,300.0262998488529,300.02629983659585,300.0262998130123,300.0262997804243,300.02629974047966,300.0262997010277,300.02629967927703,300.0262996715327,300.0262996605961,300.02629965527956,300.02629965525443,300.02629966369443,300.02629966854226,300.02629967584636,300.0262996787029,300.02629968118094,300.02629968272925,300.0262996870367,300.0262996878444,300.02629968933616,300.0262996913627,300.0262996893016,300.0262996926242,300.0262996975221,300.02629969484246,300.02629969602003,300.026299697475,300.02629969343445,300.0262996982504,300.0262996983391,300.02629969619227,300.0262996914573,300.0262996577661,300.0262995857866,300.0262994713504,300.0262993452891,300.02629924495125,300.02629917502895,300.0262991098856,300.026299038043
0.0008387636992374949,300.0262996033208,300.0262996276763,300.0262997065456,300.0262997692018,300.0262998024103,300.026299817907,300.026299832956,300.0262998429337,300.02629984306327,300.02629984581296,300.0262998488529,300.02629983659585,300.0262998130123,300.0262997804243,300.02629974047966,300.0262997010277,300.02629967927703,300.0262996715327,300.0262996605961,300.02629965527956,300.02629965525443,300.02629966369443,300.02629966854226,300.02629967584636,300.0262996787029,300.02629968118094,300.02629968272925,300.0262996870367,300.0262996878444,300.02629968933616,300.0262996913627,300.0262996893016,300.0262996926242,300.0262996975221,300.02629969484246,300.02629969602003,300.026299697475,300.02629969343445,300.0262996982504,300.0262996983391,300.02629969619227,300.0262996914573,300.0262996577661,300.0262995857866,300.0262994713504,300.0262993452891,300.02629924495125,300.02629917502895,300.0262991098856,300.026299038043
0.0008437636992374949,300.0262996033208,300.0262996276763,300.0262997065456,300.0262997692018,300.0262998024103,300.026299817907,300.026299832956,300.0262998429337,300.02629984306327,300.02629984581296,300.0262998488529,300.02629983659585,300.0262998130123,300.0262997804243,300.02629974047966,300.0262997010277,300.02629967927703,300.0262996715327,300.0262996605961,300.02629965527956,300.02629965525443,300.02629966369443,300.02629966854226,300.02629967584636,300.0262996787029,300.02629968118094,300.02629968272925,300.0262996870367,300.0262996878444,300.02629968933616,300.0262996913627,300.0262996893016,300.0262996926242,300.0262996975221,300.02629969484246,300.02629969602003,300.026299697475,300.02629969343445,300.0262996982504,300.0262996983391,300.02629969619227,300.0262996914573,300.0262996577661,300.0262995857866,300.0262994713504,300.0262993452891,300.02629924495125,300.02629917502895,300.0262991098856,300.026299038043
0.0008487636992374949,300.0262996033208,300.0262996276763,300.0262997065456,300.0262997692018,300.0262998024103,300.026299817907,300.026299832956,300.0262998429337,300.02629984306327,300.02629984581296,300.0262998488529,300.02629983659585,300.0262998130123,300.0262997804243,300.02629974047966,300.0262997010277,300.02629967927703,300.0262996715327,300.0262996605961,300.02629965527956,300.02629965525443,300.02629966369443,300.02629966854226,300.02629967584636,300.0262996787029,300.02629968118094,300.02629968272925,300.0262996870367,300.0262996878444,300.02629968933616,300.0262996913627,300.0262996893016,300.0262996926242,300.0262996975221,300.02629969484246,300.02629969602003,300.026299697475,300.02629969343445,300.0262996982504,300.0262996983391,300.02629969619227,300.0262996914573,300.0262996577661,300.0262995857866,300.0262994713504,300.0262993452891,300.02629924495125,300.02629917502895,300.0262991098856,300.026299038043
0.000853763699237495,300.0262996033208,300.0262996276763,300.0262997065456,300.0262997692018,300.0262998024103,300.026299817907,300.026299832956,300.0262998429337,300.02629984306327,300.02629984581296,300.0262998488529,300.02629983659585,300.0262998130123,300.0262997804243,300.02629974047966,300.0262997010277,300.02629967927703,300.0262996715327,300.0262996605961,300.02629965527956,300.02629965525443,300.02629966369443,300.02629966854226,300.02629967584636,300.0262996787029,300.02629968118094,300.02629968272925,300.0262996870367,300.0262996878444,300.02629968933616,300.0262996913627,300.0262996893016,300.0262996926242,300.0262996975221,300.02629969484246,300.02629969602003,300.026299697475,300.02629969343445,300.0262996982504,300.0262996983391,300.02629969619227,300.0262996914573,300.0262996577661,300.0262995857866,300.0262994713504,300.0262993452891,300.02629924495125,300.02629917502895,300.0262991098856,300.026299038043
0.000858763699237495,300.0262996033208,300.0262996276763,300.0262997065456,300.0262997692018,300.0262998024103,300.026299817907,300.026299832956,300.0262998429337,300.02629984306327,300.02629984581296,300.0262998488529,300.02629983659585,300.0262998130123,300.0262997804243,300.02629974047966,300.0262997010277,300.02629967927703,300.0262996715327,300.0262996605961,300.02629965527956,300.02629965525443,300.02629966369443,300.02629966854226,300.02629967584636,300.0262996787029,300.02629968118094,300.02629968272925,300.0262996870367,300.0262996878444,300.02629968933616,300.0262996913627,300.0262996893016,300.0262996926242,300.0262996975221,300.02629969484246,300.02629969602003,300.026299697475,300.02629969343445,300.0262996982504,300.0262996983391,300.02629969619227,300.0262996914573,300.0262996577661,300.0262995857866,300.0262994713504,300.0262993452891,300.02629924495125,300.02629917502895,300.0262991098856,300.026299038043
0.000863763699237495,300.0262996033208,300.0262996276763,300.0262997065456,300.0262997692018,300.0262998024103,300.026299817907,300.026299832956,300.0262998429337,300.02629984306327,300.02629984581296,300.0262998488529,300.02629983659585,300.0262998130123,300.0262997804243,300.02629974047966,300.0262997010277,300.02629967927703,300.0262996715327,300.0262996605961,300.02629965527956,300.02629965525443,300.02629966369443,300.02629966854226,300.02629967584636,300.0262996787029,300.02629968118094,300.02629968272925,300.0262996870367,300.0262996878444,300.02629968933616,300.0262996913627,300.0262996893016,300.0262996926242,300.0262996975221,300.02629969484246,300.02629969602003,300.026299697475,300.02629969343445,300.0262996982504,300.0262996983391,300.02629969619227,300.0262996914573,300.0262996577661,300.0262995857866,300.0262994713504,300.0262993452891,300.02629924495125,300.02629917502895,300.0262991098856,300.026299038043
0.000868763699237495,300.0262996033208,300.0262996276763,300.0262997065456,300.0262997692018,300.0262998024103,300.026299817907,300.026299832956,300.0262998429337,300.02629984306327,300.02629984581296,300.0262998488529,300.02629983659585,300.0262998130123,300.0262997804243,300.02629974047966,300.0262997010277,300.02629967927703,300.0262996715327,300.0262996605961,300.02629965527956,300.02629965525443,300.02629966369443,300.02629966854226,300.02629967584636,300.0262996787029,300.02629968118094,300.02629968272925,300.0262996870367,300.0262996878444,300.02629968933616,300.0262996913627,300.0262996893016,300.0262996926242,300.0262996975221,300.02629969484246,300.02629969602003,300.026299697475,300.02629969343445,300.0262996982504,300.0262996983391,300.02629969619227,300.0262996914573,300.0262996577661,300.0262995857866,300.0262994713504,300.0262993452891,300.02629924495125,300.02629917502895,300.0262991098856,300.026299038043
0.000873763699237495,300.0262996033208,300.0262996276763,300.0262997065456,300.0262997692018,300.0262998024103,300.026299817907,300.026299832956,300.0262998429337,300.02629984306327,300.02629984581296,300.0262998488529,300.02629983659585,300.0262998130123,300.0262997804243,300.02629974047966,300.0262997010277,300.02629967927703,300.0262996715327,300.0262996605961,300.02629965527956,300.02629965525443,300.02629966369443,300.02629966854226,300.02629967584636,300.0262996787029,300.02629968118094,300.02629968272925,300.0262996870367,300.0262996878444,300.02629968933616,300.0262996913627,300.0262996893016,300.0262996926242,300.0262996975221,300.02629969484246,300.02629969602003,300.026299697475,300.02629969343445,300.0262996982504,300.0262996983391,300.02629969619227,300.0262996914573,300.0262996577661,300.0262995857866,300.0262994713504,300.0262993452891,300.02629924495125,300.02629917502895,300.0262991098856,300.026299038043
0.000878763699237495,300.0262996033208,300.0262996276763,300.0262997065456,300.0262997692018,300.0262998024103,300.026299817907,300.026299832956,300.0262998429337,300.02629984306327,300.02629984581296,300.0262998488529,300.02629983659585,300.0262998130123,300.0262997804243,300.02629974047966,300.0262997010277,300.02629967927703,300.0262996715327,300.0262996605961,300.02629965527956,300.02629965525443,300.02629966369443,300.02629966854226,300.02629967584636,300.0262996787029,300.02629968118094,300.02629968272925,300.0262996870367,300.0262996878444,300.02629968933616,300.0262996913627,300.0262996893016,300.0262996926242,300.0262996975221,300.02629969484246,300.02629969602003,300.026299697475,300.02629969343445,300.0262996982504,300.0262996983391,300.02629969619227,300.0262996914573,300.0262996577661,300.0262995857866,300.0262994713504,300.0262993452891,300.02629924495125,300.02629917502895,300.0262991098856,300.026299038043
0.000883763699237495,300.0262996033208,300.0262996276763,300.0262997065456,300.0262997692018,300.0262998024103,300.026299817907,300.026299832956,300.0262998429337,300.02629984306327,300.02629984581296,300.0262998488529,300.02629983659585,300.0262998130123,300.0262997804243,300.02629974047966,300.0262997010277,300.02629967927703,300.0262996715327,300.0262996605961,300.02629965527956,300.02629965525443,300.02629966369443,300.02629966854226,300.02629967584636,300.0262996787029,300.02629968118094,300.02629968272925,300.0262996870367,300.0262996878444,300.02629968933616,300.0262996913627,300.0262996893016,300.0262996926242,300.0262996975221,300.02629969484246,300.02629969602003,300.026299697475,300.02629969343445,300.0262996982504,300.0262996983391,300.02629969619227,300.0262996914573,300.0262996577661,300.0262995857866,300.0262994713504,300.0262993452891,300.02629924495125,300.02629917502895,300.0262991098856,300.026299038043
0.000888763699237495,300.0262996033208,300.0262996276763,300.0262997065456,300.0262997692018,300.0262998024103,300.026299817907,300.026299832956,300.0262998429337,300.02629984306327,300.02629984581296,300.0262998488529,300.02629983659585,300.0262998130123,300.0262997804243,300.02629974047966,300.0262997010277,300.02629967927703,300.0262996715327,300.0262996605961,300.02629965527956,300.02629965525443,300.02629966369443,300.02629966854226,300.02629967584636,300.0262996787029,300.02629968118094,300.02629968272925,300.0262996870367,300.0262996878444,300.02629968933616,300.0262996913627,300.0262996893016,300.0262996926242,300.0262996975221,300.02629969484246,300.02629969602003,300.026299697475,300.02629969343445,300.0262996982504,300.0262996983391,300.02629969619227,300.0262996914573,300.0262996577661,300.0262995857866,300.0262994713504,300.0262993452891,300.02629924495125,300.02629917502895,300.0262991098856,300.026299038043
0.0008937636992374951,300.0262996033208,300.0262996276763,300.0262997065456,300.0262997692018,300.0262998024103,300.026299817907,300.026299832956,300.0262998429337,300.02629984306327,300.02629984581296,300.0262998488529,300.02629983659585,300.0262998130123,300.0262997804243,300.02629974047966,300.0262997010277,300.02629967927703,300.0262996715327,300.0262996605961,300.02629965527956,300.02629965525443,300.02629966369443,300.02629966854226,300.02629967584636,300.0262996787029,300.02629968118094,300.02629968272925,300.0262996870367,300.0262996878444,300.02629968933616,300.0262996913627,300.0262996893016,300.0262996926242,300.0262996975221,300.02629969484246,300.02629969602003,300.026299697475,300.02629969343445,300.0262996982504,300.0262996983391,300.02629969619227,300.0262996914573,300.0262996577661,300.0262995857866,300.0262994713504,300.0262993452891,300.02629924495125,300.02629917502895,300.0262991098856,300.026299038043
0.0008987636992374951,300.0262996033208,300.0262996276763,300.0262997065456,300.0262997692018,300.0262998024103,300.026299817907,300.026299832956,300.0262998429337,300.02629984306327,300.02629984581296,300.0262998488529,300.02629983659585,300.0262998130123,300.0262997804243,300.02629974047966,300.0262997010277,300.02629967927703,300.0262996715327,300.0262996605961,300.02629965527956,300.02629965525443,300.02629966369443,300.02629966854226,300.02629967584636,300.0262996787029,300.02629968118094,300.02629968272925,300.0262996870367,300.0262996878444,300.02629968933616,300.0262996913627,300.0262996893016,300.0262996926242,300.0262996975221,300.02629969484246,300.02629969602003,300.026299697475,300.02629969343445,300.0262996982504,300.0262996983391,300.02629969619227,300.0262996914573,300.0262996577661,300.0262995857866,300.0262994713504,300.0262993452891,300.02629924495125,300.02629917502895,300.0262991098856,300.026299038043
0.0009037636992374951,300.0262996033208,300.0262996276763,300.0262997065456,300.0262997692018,300.0262998024103,300.026299817907,300.026299832956,300.0262998429337,300.02629984306327,300.02629984581296,300.0262998488529,300.02629983659585,300.0262998130123,300.0262997804243,300.02629974047966,300.0262997010277,300.02629967927703,300.0262996715327,300.0262996605961,300.02629965527956,300.02629965525443,300.02629966369443,300.02629966854226,300.02629967584636,300.0262996787029,300.02629968118094,300.02629968272925,300.0262996870367,300.0262996878444,300.02629968933616,300.0262996913627,300.0262996893016,300.0262996926242,300.0262996975221,300.02629969484246,300.02629969602003,300.026299697475,300.02629969343445,300.0262996982504,300.0262996983391,300.02629969619227,300.0262996914573,300.0262996577661,300.0262995857866,300.0262994713504,300.0262993452891,300.02629924495125,300.02629917502895,300.0262991098856,300.026299038043
0.0009087636992374951,300.0262996033208,300.0262996276763,300.0262997065456,300.0262997692018,300.0262998024103,300.026299817907,300.026299832956,300.0262998429337,300.02629984306327,300.02629984581296,300.0262998488529,300.02629983659585,300.0262998130123,300.0262997804243,300.02629974047966,300.0262997010277,300.02629967927703,300.0262996715327,300.0262996605961,300.02629965527956,300.02629965525443,300.02629966369443,300.02629966854226,300.02629967584636,300.0262996787029,300.02629968118094,300.02629968272925,300.0262996870367,300.0262996878444,300.02629968933616,300.0262996913627,300.0262996893016,300.0262996926242,300.0262996975221,300.02629969484246,300.02629969602003,300.026299697475,300.02629969343445,300.0262996982504,300.0262996983391,300.02629969619227,300.0262996914573,300.0262996577661,300.0262995857866,300.0262994713504,300.0262993452891,300.02629924495125,300.02629917502895,300.0262991098856,300.026299038043
0.0009137636992374951,300.0262996033208,300.0262996276763,300.0262997065456,300.0262997692018,300.0262998024103,300.026299817907,300.026299832956,300.0262998429337,300.02629984306327,300.02629984581296,300.0262998488529,300.02629983659585,300.0262998130123,300.0262997804243,300.02629974047966,300.0262997010277,300.02629967927703,300.0262996715327,300.0262996605961,300.02629965527956,300.02629965525443,300.02629966369443,300.02629966854226,300.02629967584636,300.0262996787029,300.02629968118094,300.02629968272925,300.0262996870367,300.0262996878444,300.02629968933616,300.0262996913627,300.0262996893016,300.0262996926242,300.0262996975221,300.02629969484246,300.02629969602003,300.026299697475,300.02629969343445,300.0262996982504,300.0262996983391,300.02629969619227,300.0262996914573,300.0262996577661,300.0262995857866,300.0262994713504,300.0262993452891,300.02629924495125,300.02629917502895,300.0262991098856,300.026299038043
0.0009187636992374951,300.0262996033208,300.0262996276763,300.0262997065456,300.0262997692018,300.0262998024103,300.026299817907,300.026299832956,300.0262998429337,300.02629984306327,300.02629984581296,300.0262998488529,300.02629983659585,300.0262998130123,300.0262997804243,300.02629974047966,300.0262997010277,300.02629967927703,300.0262996715327,300.0262996605961,300.02629965527956,300.02629965525443,300.02629966369443,300.02629966854226,300.02629967584636,300.0262996787029,300.02629968118094,300.02629968272925,300.0262996870367,300.0262996878444,300.02629968933616,300.0262996913627,300.0262996893016,300.0262996926242,300.0262996975221,300.02629969484246,300.02629969602003,300.026299697475,300.02629969343445,300.0262996982504,300.0262996983391,300.02629969619227,300.0262996914573,300.0262996577661,300.0262995857866,300.0262994713504,300.0262993452891,300.02629924495125,300.02629917502895,300.0262991098856,300.026299038043
0.0009237636992374951,300.0262996033208,300.0262996276763,300.0262997065456,300.0262997692018,300.0262998024103,300.026299817907,300.026299832956,300.0262998429337,300.02629984306327,300.02629984581296,300.0262998488529,300.02629983659585,300.0262998130123,300.0262997804243,300.02629974047966,300.0262997010277,300.02629967927703,300.0262996715327,300.0262996605961,300.02629965527956,300.02629965525443,300.02629966369443,300.02629966854226,300.02629967584636,300.0262996787029,300.02629968118094,300.02629968272925,300.0262996870367,300.0262996878444,300.02629968933616,300.0262996913627,300.0262996893016,300.0262996926242,300.0262996975221,300.02629969484246,300.02629969602003,300.026299697475,300.02629969343445,300.0262996982504,300.0262996983391,300.02629969619227,300.0262996914573,300.0262996577661,300.0262995857866,300.0262994713504,300.0262993452891,300.02629924495125,300.02629917502895,300.0262991098856,300.026299038043
0.0009287636992374951,300.0262996033208,300.0262996276763,300.0262997065456,300.0262997692018,300.0262998024103,300.026299817907,300.026299832956,300.0262998429337,300.02629984306327,300.02629984581296,300.0262998488529,300.02629983659585,300.0262998130123,300.0262997804243,300.02629974047966,300.0262997010277,300.02629967927703,300.0262996715327,300.0262996605961,300.02629965527956,300.02629965525443,300.02629966369443,300.02629966854226,300.02629967584636,300.0262996787029,300.02629968118094,300.02629968272925,300.0262996870367,300.0262996878444,300.02629968933616,300.0262996913627,300.0262996893016,300.0262996926242,300.0262996975221,300.02629969484246,300.02629969602003,300.026299697475,300.02629969343445,300.0262996982504,300.0262996983391,300.02629969619227,300.0262996914573,300.0262996577661,300.0262995857866,300.0262994713504,300.0262993452891,300.02629924495125,300.02629917502895,300.0262991098856,300.026299038043
0.0009337636992374952,300.0262996033208,300.0262996276763,300.0262997065456,300.0262997692018,300.0262998024103,300.026299817907,300.026299832956,300.0262998429337,300.02629984306327,300.02629984581296,300.0262998488529,300.02629983659585,300.0262998130123,300.0262997804243,300.02629974047966,300.0262997010277,300.02629967927703,300.0262996715327,300.0262996605961,300.02629965527956,300.02629965525443,300.02629966369443,300.02629966854226,300.02629967584636,300.0262996787029,300.02629968118094,300.02629968272925,300.0262996870367,300.0262996878444,300.02629968933616,300.0262996913627,300.0262996893016,300.0262996926242,300.0262996975221,300.02629969484246,300.02629969602003,300.026299697475,300.02629969343445,300.0262996982504,300.0262996983391,300.02629969619227,300.0262996914573,300.0262996577661,300.0262995857866,300.0262994713504,300.0262993452891,300.02629924495125,300.02629917502895,300.0262991098856,300.026299038043
0.0009387636992374952,300.0262996033208,300.0262996276763,300.0262997065456,300.0262997692018,300.0262998024103,300.026299817907,300.026299832956,300.0262998429337,300.02629984306327,300.02629984581296,300.0262998488529,300.02629983659585,300.0262998130123,300.0262997804243,300.02629974047966,300.0262997010277,300.02629967927703,300.0262996715327,300.0262996605961,300.02629965527956,300.02629965525443,300.02629966369443,300.02629966854226,300.02629967584636,300.0262996787029,300.02629968118094,300.02629968272925,300.0262996870367,300.0262996878444,300.02629968933616,300.0262996913627,300.0262996893016,300.0262996926242,300.0262996975221,300.02629969484246,300.02629969602003,300.026299697475,300.02629969343445,300.0262996982504,300.0262996983391,300.02629969619227,300.0262996914573,300.0262996577661,300.0262995857866,300.0262994713504,300.0262993452891,300.02629924495125,300.02629917502895,300.0262991098856,300.026299038043
0.0009437636992374952,300.0262996033208,300.0262996276763,300.0262997065456,300.0262997692018,300.0262998024103,300.026299817907,300.026299832956,300.0262998429337,300.02629984306327,300.02629984581296,300.0262998488529,300.02629983659585,300.0262998130123,300.0262997804243,300.02629974047966,300.0262997010277,300.02629967927703,300.0262996715327,300.0262996605961,300.02629965527956,300.02629965525443,300.02629966369443,300.02629966854226,300.02629967584636,300.0262996787029,300.02629968118094,300.02629968272925,300.0262996870367,300.0262996878444,300.02629968933616,300.0262996913627,300.0262996893016,300.0262996926242,300.0262996975221,300.02629969484246,300.02629969602003,300.026299697475,300.02629969343445,300.0262996982504,300.0262996983391,300.02629969619227,300.0262996914573,300.0262996577661,300.0262995857866,300.0262994713504,300.0262993452891,300.02629924495125,300.02629917502895,300.0262991098856,300.026299038043
0.0009487636992374952,300.0262996033208,300.0262996276763,300.0262997065456,300.0262997692018,300.0262998024103,300.026299817907,300.026299832956,300.0262998429337,300.02629984306327,300.02629984581296,300.0262998488529,300.02629983659585,300.0262998130123,300.0262997804243,300.02629974047966,300.0262997010277,300.02629967927703,300.0262996715327,300.0262996605961,300.02629965527956,300.02629965525443,300.02629966369443,300.02629966854226,300.02629967584636,300.0262996787029,300.02629968118094,300.02629968272925,300.0262996870367,300.0262996878444,300.02629968933616,300.0262996913627,300.0262996893016,300.0262996926242,300.0262996975221,300.02629969484246,300.02629969602003,300.026299697475,300.02629969343445,300.0262996982504,300.0262996983391,300.02629969619227,300.0262996914573,300.0262996577661,300.0262995857866,300.0262994713504,300.0262993452891,300.02629924495125,300.02629917502895,300.0262991098856,300.026299038043
0.0009537636992374952,300.0262996033208,300.0262996276763,300.0262997065456,300.0262997692018,300.0262998024103,300.026299817907,300.026299832956,300.0262998429337,300.02629984306327,300.02629984581296,300.0262998488529,300.02629983659585,300.0262998130123,300.0262997804243,300.02629974047966,300.0262997010277,300.02629967927703,300.0262996715327,300.0262996605961,300.02629965527956,300.02629965525443,300.02629966369443,300.02629966854226,300.02629967584636,300.0262996787029,300.02629968118094,300.02629968272925,300.0262996870367,300.0262996878444,300.02629968933616,300.0262996913627,300.0262996893016,300.0262996926242,300.0262996975221,300.02629969484246,300.02629969602003,300.026299697475,300.02629969343445,300.0262996982504,300.0262996983391,300.02629969619227,300.0262996914573,300.0262996577661,300.0262995857866,300.0262994713504,300.0262993452891,300.02629924495125,300.02629917502895,300.0262991098856,300.026299038043
0.0009587636992374952,300.0262996033208,300.0262996276763,300.0262997065456,300.0262997692018,300.0262998024103,300.026299817907,300.026299832956,300.0262998429337,300.02629984306327,300.02629984581296,300.0262998488529,300.02629983659585,300.0262998130123,300.0262997804243,300.02629974047966,300.0262997010277,300.02629967927703,300.0262996715327,300.0262996605961,300.02629965527956,300.02629965525443,300.02629966369443,300.02629966854226,300.02629967584636,300.0262996787029,300.02629968118094,300.02629968272925,300.0262996870367,300.0262996878444,300.02629968933616,300.0262996913627,300.0262996893016,300.0262996926242,300.0262996975221,300.02629969484246,300.02629969602003,300.026299697475,300.02629969343445,300.0262996982504,300.0262996983391,300.02629969619227,300.0262996914573,300.0262996577661,300.0262995857866,300.0262994713504,300.0262993452891,300.02629924495125,300.02629917502895,300.0262991098856,300.026299038043
0.0009637636992374952,300.0262996033208,300.0262996276763,300.0262997065456,300.0262997692018,300.0262998024103,300.026299817907,300.026299832956,300.0262998429337,300.02629984306327,300.02629984581296,300.0262998488529,300.02629983659585,300.0262998130123,300.0262997804243,300.02629974047966,300.0262997010277,300.02629967927703,300.0262996715327,300.0262996605961,300.02629965527956,300.02629965525443,300.02629966369443,300.02629966854226,300.02629967584636,300.0262996787029,300.02629968118094,300.02629968272925,300.0262996870367,300.0262996878444,300.02629968933616,300.0262996913627,300.0262996893016,300.0262996926242,300.0262996975221,300.02629969484246,300.02629969602003,300.026299697475,300.02629969343445,300.0262996982504,300.0262996983391,300.02629969619227,300.0262996914573,300.0262996577661,300.0262995857866,300.0262994713504,300.0262993452891,300.02629924495125,300.02629917502895,300.0262991098856,300.026299038043
0.0009687636992374953,300.0262996033208,300.0262996276763,300.0262997065456,300.0262997692018,300.0262998024103,300.026299817907,300.026299832956,300.0262998429337,300.02629984306327,300.02629984581296,300.0262998488529,300.02629983659585,300.0262998130123,300.0262997804243,300.02629974047966,300.0262997010277,300.02629967927703,300.0262996715327,300.0262996605961,300.02629965527956,300.02629965525443,300.02629966369443,300.02629966854226,300.02629967584636,300.0262996787029,300.02629968118094,300.02629968272925,300.0262996870367,300.0262996878444,300.02629968933616,300.0262996913627,300.0262996893016,300.0262996926242,300.0262996975221,300.02629969484246,300.02629969602003,300.026299697475,300.02629969343445,300.0262996982504,300.0262996983391,300.02629969619227,300.0262996914573,300.0262996577661,300.0262995857866,300.0262994713504,300.0262993452891,300.02629924495125,300.02629917502895,300.0262991098856,300.026299038043
0.0009737636992374953,300.0262996033208,300.0262996276763,300.0262997065456,300.0262997692018,300.0262998024103,300.026299817907,300.026299832956,300.0262998429337,300.02629984306327,300.02629984581296,300.0262998488529,300.02629983659585,300.0262998130123,300.0262997804243,300.02629974047966,300.0262997010277,300.02629967927703,300.0262996715327,300.0262996605961,300.02629965527956,300.02629965525443,300.02629966369443,300.02629966854226,300.02629967584636,300.0262996787029,300.02629968118094,300.02629968272925,300.0262996870367,300.0262996878444,300.02629968933616,300.0262996913627,300.0262996893016,300.0262996926242,300.0262996975221,300.02629969484246,300.02629969602003,300.026299697475,300.02629969343445,300.0262996982504,300.0262996983391,300.02629969619227,300.0262996914573,300.0262996577661,300.0262995857866,300.0262994713504,300.0262993452891,300.02629924495125,300.02629917502895,300.0262991098856,300.026299038043
0.0009787636992374953,300.0262996033208,300.0262996276763,300.0262997065456,300.0262997692018,300.0262998024103,300.026299817907,300.026299832956,300.0262998429337,300.02629984306327,300.02629984581296,300.0262998488529,300.02629983659585,300.0262998130123,300.0262997804243,300.02629974047966,300.0262997010277,300.02629967927703,300.0262996715327,300.0262996605961,300.02629965527956,300.02629965525443,300.02629966369443,300.02629966854226,300.02629967584636,300.0262996787029,300.02629968118094,300.02629968272925,300.0262996870367,300.0262996878444,300.02629968933616,300.0262996913627,300.0262996893016,300.0262996926242,300.0262996975221,300.02629969484246,300.02629969602003,300.026299697475,300.02629969343445,300.0262996982504,300.0262996983391,300.02629969619227,300.0262996914573,300.0262996577661,300.0262995857866,300.0262994713504,300.0262993452891,300.02629924495125,300.02629917502895,300.0262991098856,300.026299038043
0.0009837636992374953,300.0262996033208,300.0262996276763,300.0262997065456,300.0262997692018,300.0262998024103,300.026299817907,300.026299832956,300.0262998429337,300.02629984306327,300.02629984581296,300.0262998488529,300.02629983659585,300.0262998130123,300.0262997804243,300.02629974047966,300.0262997010277,300.02629967927703,300.0262996715327,300.0262996605961,300.02629965527956,300.02629965525443,300.02629966369443,300.02629966854226,300.02629967584636,300.0262996787029,300.02629968118094,300.02629968272925,300.0262996870367,300.0262996878444,300.02629968933616,300.0262996913627,300.0262996893016,300.0262996926242,300.0262996975221,300.02629969484246,300.02629969602003,300.026299697475,300.02629969343445,300.0262996982504,300.0262996983391,300.02629969619227,300.0262996914573,300.0262996577661,300.0262995857866,300.0262994713504,300.0262993452891,300.02629924495125,300.02629917502895,300.0262991098856,300.026299038043
0.0009887636992374953,300.0262996033208,300.0262996276763,300.0262997065456,300.0262997692018,300.0262998024103,300.026299817907,300.026299832956,300.0262998429337,300.02629984306327,300.02629984581296,300.0262998488529,300.02629983659585,300.0262998130123,300.0262997804243,300.02629974047966,300.0262997010277,300.02629967927703,300.0262996715327,300.0262996605961,300.02629965527956,300.02629965525443,300.02629966369443,300.02629966854226,300.02629967584636,300.0262996787029,300.02629968118094,300.02629968272925,300.0262996870367,300.0262996878444,300.02629968933616,300.0262996913627,300.0262996893016,300.0262996926242,300.0262996975221,300.02629969484246,300.02629969602003,300.026299697475,300.02629969343445,300.0262996982504,300.0262996983391,300.02629969619227,300.0262996914573,300.0262996577661,300.0262995857866,300.0262994713504,300.0262993452891,300.02629924495125,300.02629917502895,300.0262991098856,300.026299038043
0.0009937636992374953,300.0262996033208,300.0262996276763,300.0262997065456,300.0262997692018,300.0262998024103,300.026299817907,300.026299832956,300.0262998429337,300.02629984306327,300.02629984581296,300.0262998488529,300.02629983659585,300.0262998130123,300.0262997804243,300.02629974047966,300.0262997010277,300.02629967927703,300.0262996715327,300.0262996605961,300.02629965527956,300.02629965525443,300.02629966369443,300.02629966854226,300.02629967584636,300.0262996787029,300.02629968118094,300.02629968272925,300.0262996870367,300.0262996878444,300.02629968933616,300.0262996913627,300.0262996893016,300.0262996926242,300.0262996975221,300.02629969484246,300.02629969602003,300.026299697475,300.02629969343445,300.0262996982504,300.0262996983391,300.02629969619227,300.0262996914573,300.0262996577661,300.0262995857866,300.0262994713504,300.0262993452891,300.02629924495125,300.02629917502895,300.0262991098856,300.026299038043
0.0009987636992374953,300.0262996033208,300.0262996276763,300.0262997065456,300.0262997692018,300.0262998024103,300.026299817907,300.026299832956,300.0262998429337,300.02629984306327,300.02629984581296,300.0262998488529,300.02629983659585,300.0262998130123,300.0262997804243,300.02629974047966,300.0262997010277,300.02629967927703,300.0262996715327,300.0262996605961,300.02629965527956,300.02629965525443,300.02629966369443,300.02629966854226,300.02629967584636,300.0262996787029,300.02629968118094,300.02629968272925,300.0262996870367,300.0262996878444,300.02629968933616,300.0262996913627,300.0262996893016,300.0262996926242,300.0262996975221,300.02629969484246,300.02629969602003,300.026299697475,300.02629969343445,300.0262996982504,300.0262996983391,300.02629969619227,300.0262996914573,300.0262996577661,300.0262995857866,300.0262994713504,300.0262993452891,300.02629924495125,300.02629917502895,300.0262991098856,300.026299038043
0.0010037636992374953,300.0262996033208,300.0262996276763,300.0262997065456,300.0262997692018,300.0262998024103,300.026299817907,300.026299832956,300.0262998429337,300.02629984306327,300.02629984581296,300.0262998488529,300.02629983659585,300.0262998130123,300.0262997804243,300.02629974047966,300.0262997010277,300.02629967927703,300.0262996715327,300.0262996605961,300.02629965527956,300.02629965525443,300.02629966369443,300.02629966854226,300.02629967584636,300.0262996787029,300.02629968118094,300.02629968272925,300.0262996870367,300.0262996878444,300.02629968933616,300.0262996913627,300.0262996893016,300.0262996926242,300.0262996975221,300.02629969484246,300.02629969602003,300.026299697475,300.02629969343445,300.0262996982504,300.0262996983391,300.02629969619227,300.0262996914573,300.0262996577661,300.0262995857866,300.0262994713504,300.0262993452891,300.02629924495125,300.02629917502895,300.0262991098856,300.026299038043
0.0010087636992374954,300.0262996033208,300.0262996276763,300.0262997065456,300.0262997692018,300.0262998024103,300.026299817907,300.026299832956,300.0262998429337,300.02629984306327,300.02629984581296,300.0262998488529,300.02629983659585,300.0262998130123,300.0262997804243,300.02629974047966,300.0262997010277,300.02629967927703,300.0262996715327,300.0262996605961,300.02629965527956,300.02629965525443,300.02629966369443,300.02629966854226,300.02629967584636,300.0262996787029,300.02629968118094,300.02629968272925,300.0262996870367,300.0262996878444,300.02629968933616,300.0262996913627,300.0262996893016,300.0262996926242,300.0262996975221,300.02629969484246,300.02629969602003,300.026299697475,300.02629969343445,300.0262996982504,300.0262996983391,300.02629969619227,300.0262996914573,300.0262996577661,300.0262995857866,300.0262994713504,300.0262993452891,300.02629924495125,300.02629917502895,300.0262991098856,300.026299038043
0.0010137636992374954,300.0262996033208,300.0262996276763,300.0262997065456,300.0262997692018,300.0262998024103,300.026299817907,300.026299832956,300.0262998429337,300.02629984306327,300.02629984581296,300.0262998488529,300.02629983659585,300.0262998130123,300.0262997804243,300.02629974047966,300.0262997010277,300.02629967927703,300.0262996715327,300.0262996605961,300.02629965527956,300.02629965525443,300.02629966369443,300.02629966854226,300.02629967584636,300.0262996787029,300.02629968118094,300.02629968272925,300.0262996870367,300.0262996878444,300.02629968933616,300.0262996913627,300.0262996893016,300.0262996926242,300.0262996975221,300.02629969484246,300.02629969602003,300.026299697475,300.02629969343445,300.0262996982504,300.0262996983391,300.02629969619227,300.0262996914573,300.0262996577661,300.0262995857866,300.0262994713504,300.0262993452891,300.02629924495125,300.02629917502895,300.0262991098856,300.026299038043
0.0010187636992374954,300.0262996033208,300.0262996276763,300.0262997065456,300.0262997692018,300.0262998024103,300.026299817907,300.026299832956,300.0262998429337,300.02629984306327,300.02629984581296,300.0262998488529,300.02629983659585,300.0262998130123,300.0262997804243,300.02629974047966,300.0262997010277,300.02629967927703,300.0262996715327,300.0262996605961,300.02629965527956,300.02629965525443,300.02629966369443,300.02629966854226,300.02629967584636,300.0262996787029,300.02629968118094,300.02629968272925,300.0262996870367,300.0262996878444,300.02629968933616,300.0262996913627,300.0262996893016,300.0262996926242,300.0262996975221,300.02629969484246,300.02629969602003,300.026299697475,300.02629969343445,300.0262996982504,300.0262996983391,300.02629969619227,300.0262996914573,300.0262996577661,300.0262995857866,300.0262994713504,300.0262993452891,300.02629924495125,300.02629917502895,300.0262991098856,300.026299038043
0.0010237636992374954,300.0262996033208,300.0262996276763,300.0262997065456,300.0262997692018,300.0262998024103,300.026299817907,300.026299832956,300.0262998429337,300.02629984306327,300.02629984581296,300.0262998488529,300.02629983659585,300.0262998130123,300.0262997804243,300.02629974047966,300.0262997010277,300.02629967927703,300.0262996715327,300.0262996605961,300.02629965527956,300.02629965525443,300.02629966369443,300.02629966854226,300.02629967584636,300.0262996787029,300.02629968118094,300.02629968272925,300.0262996870367,300.0262996878444,300.02629968933616,300.0262996913627,300.0262996893016,300.0262996926242,300.0262996975221,300.02629969484246,300.02629969602003,300.026299697475,300.02629969343445,300.0262996982504,300.0262996983391,300.02629969619227,300.0262996914573,300.0262996577661,300.0262995857866,300.0262994713504,300.0262993452891,300.02629924495125,300.02629917502895,300.0262991098856,300.026299038043
0.0010287636992374954,300.0262996033208,300.0262996276763,300.0262997065456,300.0262997692018,300.0262998024103,300.026299817907,300.026299832956,300.0262998429337,300.02629984306327,300.02629984581296,300.0262998488529,300.02629983659585,300.0262998130123,300.0262997804243,300.02629974047966,300.0262997010277,300.02629967927703,300.0262996715327,300.0262996605961,300.02629965527956,300.02629965525443,300.02629966369443,300.02629966854226,300.02629967584636,300.0262996787029,300.02629968118094,300.02629968272925,300.0262996870367,300.0262996878444,300.02629968933616,300.0262996913627,300.0262996893016,300.0262996926242,300.0262996975221,300.02629969484246,300.02629969602003,300.026299697475,300.02629969343445,300.0262996982504,300.0262996983391,300.02629969619227,300.0262996914573,300.0262996577661,300.0262995857866,300.0262994713504,300.0262993452891,300.02629924495125,300.02629917502895,300.0262991098856,300.026299038043
0.0010337636992374954,300.0262996033208,300.0262996276763,300.0262997065456,300.0262997692018,300.0262998024103,300.026299817907,300.026299832956,300.0262998429337,300.02629984306327,300.02629984581296,300.0262998488529,300.02629983659585,300.0262998130123,300.0262997804243,300.02629974047966,300.0262997010277,300.02629967927703,300.0262996715327,300.0262996605961,300.02629965527956,300.02629965525443,300.02629966369443,300.02629966854226,300.02629967584636,300.0262996787029,300.02629968118094,300.02629968272925,300.0262996870367,300.0262996878444,300.02629968933616,300.0262996913627,300.0262996893016,300.0262996926242,300.0262996975221,300.02629969484246,300.02629969602003,300.026299697475,300.02629969343445,300.0262996982504,300.0262996983391,300.02629969619227,300.0262996914573,300.0262996577661,300.0262995857866,300.0262994713504,300.0262993452891,300.02629924495125,300.02629917502895,300.0262991098856,300.026299038043
0.0010387636992374954,300.0262996033208,300.0262996276763,300.0262997065456,300.0262997692018,300.0262998024103,300.026299817907,300.026299832956,300.0262998429337,300.02629984306327,300.02629984581296,300.0262998488529,300.02629983659585,300.0262998130123,300.0262997804243,300.02629974047966,300.0262997010277,300.02629967927703,300.0262996715327,300.0262996605961,300.02629965527956,300.02629965525443,300.02629966369443,300.02629966854226,300.02629967584636,300.0262996787029,300.02629968118094,300.02629968272925,300.0262996870367,300.0262996878444,300.02629968933616,300.0262996913627,300.0262996893016,300.0262996926242,300.0262996975221,300.02629969484246,300.02629969602003,300.026299697475,300.02629969343445,300.0262996982504,300.0262996983391,300.02629969619227,300.0262996914573,300.0262996577661,300.0262995857866,300.0262994713504,300.0262993452891,300.02629924495125,300.02629917502895,300.0262991098856,300.026299038043
0.0010437636992374954,300.0262996033208,300.0262996276763,300.0262997065456,300.0262997692018,300.0262998024103,300.026299817907,300.026299832956,300.0262998429337,300.02629984306327,300.02629984581296,300.0262998488529,300.02629983659585,300.0262998130123,300.0262997804243,300.02629974047966,300.0262997010277,300.02629967927703,300.0262996715327,300.0262996605961,300.02629965527956,300.02629965525443,300.02629966369443,300.02629966854226,300.02629967584636,300.0262996787029,300.02629968118094,300.02629968272925,300.0262996870367,300.0262996878444,300.02629968933616,300.0262996913627,300.0262996893016,300.0262996926242,300.0262996975221,300.02629969484246,300.02629969602003,300.026299697475,300.02629969343445,300.0262996982504,300.0262996983391,300.02629969619227,300.0262996914573,300.0262996577661,300.0262995857866,300.0262994713504,300.0262993452891,300.02629924495125,300.02629917502895,300.0262991098856,300.026299038043
0.0010487636992374955,300.0262996033208,300.0262996276763,300.0262997065456,300.0262997692018,300.0262998024103,300.026299817907,300.026299832956,300.0262998429337,300.02629984306327,300.02629984581296,300.0262998488529,300.02629983659585,300.0262998130123,300.0262997804243,300.02629974047966,300.0262997010277,300.02629967927703,300.0262996715327,300.0262996605961,300.02629965527956,300.02629965525443,300.02629966369443,300.02629966854226,300.02629967584636,300.0262996787029,300.02629968118094,300.02629968272925,300.0262996870367,300.0262996878444,300.02629968933616,300.0262996913627,300.0262996893016,300.0262996926242,300.0262996975221,300.02629969484246,300.02629969602003,300.026299697475,300.02629969343445,300.0262996982504,300.0262996983391,300.02629969619227,300.0262996914573,300.0262996577661,300.0262995857866,300.0262994713504,300.0262993452891,300.02629924495125,300.02629917502895,300.0262991098856,300.026299038043
0.0010537636992374955,300.0262996033208,300.0262996276763,300.0262997065456,300.0262997692018,300.0262998024103,300.026299817907,300.026299832956,300.0262998429337,300.02629984306327,300.02629984581296,300.0262998488529,300.02629983659585,300.0262998130123,300.0262997804243,300.02629974047966,300.0262997010277,300.02629967927703,300.0262996715327,300.0262996605961,300.02629965527956,300.02629965525443,300.02629966369443,300.02629966854226,300.02629967584636,300.0262996787029,300.02629968118094,300.02629968272925,300.0262996870367,300.0262996878444,300.02629968933616,300.0262996913627,300.0262996893016,300.0262996926242,300.0262996975221,300.02629969484246,300.02629969602003,300.026299697475,300.02629969343445,300.0262996982504,300.0262996983391,300.02629969619227,300.0262996914573,300.0262996577661,300.0262995857866,300.0262994713504,300.0262993452891,300.02629924495125,300.02629917502895,300.0262991098856,300.026299038043
0.0010587636992374955,300.0262996033208,300.0262996276763,300.0262997065456,300.0262997692018,300.0262998024103,300.026299817907,300.026299832956,300.0262998429337,300.02629984306327,300.02629984581296,300.0262998488529,300.02629983659585,300.0262998130123,300.0262997804243,300.02629974047966,300.0262997010277,300.02629967927703,300.0262996715327,300.0262996605961,300.02629965527956,300.02629965525443,300.02629966369443,300.02629966854226,300.02629967584636,300.0262996787029,300.02629968118094,300.02629968272925,300.0262996870367,300.0262996878444,300.02629968933616,300.0262996913627,300.0262996893016,300.0262996926242,300.0262996975221,300.02629969484246,300.02629969602003,300.026299697475,300.02629969343445,300.0262996982504,300.0262996983391,300.02629969619227,300.0262996914573,300.0262996577661,300.0262995857866,300.0262994713504,300.0262993452891,300.02629924495125,300.02629917502895,300.0262991098856,300.026299038043
0.0010637636992374955,300.0262996033208,300.0262996276763,300.0262997065456,300.0262997692018,300.0262998024103,300.026299817907,300.026299832956,300.0262998429337,300.02629984306327,300.02629984581296,300.0262998488529,300.02629983659585,300.0262998130123,300.0262997804243,300.02629974047966,300.0262997010277,300.02629967927703,300.0262996715327,300.0262996605961,300.02629965527956,300.02629965525443,300.02629966369443,300.02629966854226,300.02629967584636,300.0262996787029,300.02629968118094,300.02629968272925,300.0262996870367,300.0262996878444,300.02629968933616,300.0262996913627,300.0262996893016,300.0262996926242,300.0262996975221,300.02629969484246,300.02629969602003,300.026299697475,300.02629969343445,300.0262996982504,300.0262996983391,300.02629969619227,300.0262996914573,300.0262996577661,300.0262995857866,300.0262994713504,300.0262993452891,300.02629924495125,300.02629917502895,300.0262991098856,300.026299038043
0.0010687636992374955,300.0262996033208,300.0262996276763,300.0262997065456,300.0262997692018,300.0262998024103,300.026299817907,300.026299832956,300.0262998429337,300.02629984306327,300.02629984581296,300.0262998488529,300.02629983659585,300.0262998130123,300.0262997804243,300.02629974047966,300.0262997010277,300.02629967927703,300.0262996715327,300.0262996605961,300.02629965527956,300.02629965525443,300.02629966369443,300.02629966854226,300.02629967584636,300.0262996787029,300.02629968118094,300.02629968272925,300.0262996870367,300.0262996878444,300.02629968933616,300.0262996913627,300.0262996893016,300.0262996926242,300.0262996975221,300.02629969484246,300.02629969602003,300.026299697475,300.02629969343445,300.0262996982504,300.0262996983391,300.02629969619227,300.0262996914573,300.0262996577661,300.0262995857866,300.0262994713504,300.0262993452891,300.02629924495125,300.02629917502895,300.0262991098856,300.026299038043
0.0010737636992374955,300.0262996033208,300.0262996276763,300.0262997065456,300.0262997692018,300.0262998024103,300.026299817907,300.026299832956,300.0262998429337,300.02629984306327,300.02629984581296,300.0262998488529,300.02629983659585,300.0262998130123,300.0262997804243,300.02629974047966,300.0262997010277,300.02629967927703,300.0262996715327,300.0262996605961,300.02629965527956,300.02629965525443,300.02629966369443,300.02629966854226,300.02629967584636,300.0262996787029,300.02629968118094,300.02629968272925,300.0262996870367,300.0262996878444,300.02629968933616,300.0262996913627,300.0262996893016,300.0262996926242,300.0262996975221,300.02629969484246,300.02629969602003,300.026299697475,300.02629969343445,300.0262996982504,300.0262996983391,300.02629969619227,300.0262996914573,300.0262996577661,300.0262995857866,300.0262994713504,300.0262993452891,300.02629924495125,300.02629917502895,300.0262991098856,300.026299038043
0.0010787636992374955,300.0262996033208,300.0262996276763,300.0262997065456,300.0262997692018,300.0262998024103,300.026299817907,300.026299832956,300.0262998429337,300.02629984306327,300.02629984581296,300.0262998488529,300.02629983659585,300.0262998130123,300.0262997804243,300.02629974047966,300.0262997010277,300.02629967927703,300.0262996715327,300.0262996605961,300.02629965527956,300.02629965525443,300.02629966369443,300.02629966854226,300.02629967584636,300.0262996787029,300.02629968118094,300.02629968272925,300.0262996870367,300.0262996878444,300.02629968933616,300.0262996913627,300.0262996893016,300.0262996926242,300.0262996975221,300.02629969484246,300.02629969602003,300.026299697475,300.02629969343445,300.0262996982504,300.0262996983391,300.02629969619227,300.0262996914573,300.0262996577661,300.0262995857866,300.0262994713504,300.0262993452891,300.02629924495125,300.02629917502895,300.0262991098856,300.026299038043
0.0010837636992374956,300.0262996033208,300.0262996276763,300.0262997065456,300.0262997692018,300.0262998024103,300.026299817907,300.026299832956,300.0262998429337,300.02629984306327,300.02629984581296,300.0262998488529,300.02629983659585,300.0262998130123,300.0262997804243,300.02629974047966,300.0262997010277,300.02629967927703,300.0262996715327,300.0262996605961,300.02629965527956,300.02629965525443,300.02629966369443,300.02629966854226,300.02629967584636,300.0262996787029,300.02629968118094,300.02629968272925,300.0262996870367,300.0262996878444,300.02629968933616,300.0262996913627,300.0262996893016,300.0262996926242,300.0262996975221,300.02629969484246,300.02629969602003,300.026299697475,300.02629969343445,300.0262996982504,300.0262996983391,300.02629969619227,300.0262996914573,300.0262996577661,300.0262995857866,300.0262994713504,300.0262993452891,300.02629924495125,300.02629917502895,300.0262991098856,300.026299038043
0.0010887636992374956,300.0262996033208,300.0262996276763,300.0262997065456,300.0262997692018,300.0262998024103,300.026299817907,300.026299832956,300.0262998429337,300.02629984306327,300.02629984581296,300.0262998488529,300.02629983659585,300.0262998130123,300.0262997804243,300.02629974047966,300.0262997010277,300.02629967927703,300.0262996715327,300.0262996605961,300.02629965527956,300.02629965525443,300.02629966369443,300.02629966854226,300.02629967584636,300.0262996787029,300.02629968118094,300.02629968272925,300.0262996870367,300.0262996878444,300.02629968933616,300.0262996913627,300.0262996893016,300.0262996926242,300.0262996975221,300.02629969484246,300.02629969602003,300.026299697475,300.02629969343445,300.0262996982504,300.0262996983391,300.02629969619227,300.0262996914573,300.0262996577661,300.0262995857866,300.0262994713504,300.0262993452891,300.02629924495125,300.02629917502895,300.0262991098856,300.026299038043
0.0010937636992374956,300.0262996033208,300.0262996276763,300.0262997065456,300.0262997692018,300.0262998024103,300.026299817907,300.026299832956,300.0262998429337,300.02629984306327,300.02629984581296,300.0262998488529,300.02629983659585,300.0262998130123,300.0262997804243,300.02629974047966,300.0262997010277,300.02629967927703,300.0262996715327,300.0262996605961,300.02629965527956,300.02629965525443,300.02629966369443,300.02629966854226,300.02629967584636,300.0262996787029,300.02629968118094,300.02629968272925,300.0262996870367,300.0262996878444,300.02629968933616,300.0262996913627,300.0262996893016,300.0262996926242,300.0262996975221,300.02629969484246,300.02629969602003,300.026299697475,300.02629969343445,300.0262996982504,300.0262996983391,300.02629969619227,300.0262996914573,300.0262996577661,300.0262995857866,300.0262994713504,300.0262993452891,300.02629924495125,300.02629917502895,300.0262991098856,300.026299038043
0.0010987636992374956,300.0262996033208,300.0262996276763,300.0262997065456,300.0262997692018,300.0262998024103,300.026299817907,300.026299832956,300.0262998429337,300.02629984306327,300.02629984581296,300.0262998488529,300.02629983659585,300.0262998130123,300.0262997804243,300.02629974047966,300.0262997010277,300.02629967927703,300.0262996715327,300.0262996605961,300.02629965527956,300.02629965525443,300.02629966369443,300.02629966854226,300.02629967584636,300.0262996787029,300.02629968118094,300.02629968272925,300.0262996870367,300.0262996878444,300.02629968933616,300.0262996913627,300.0262996893016,300.0262996926242,300.0262996975221,300.02629969484246,300.02629969602003,300.026299697475,300.02629969343445,300.0262996982504,300.0262996983391,300.02629969619227,300.0262996914573,300.0262996577661,300.0262995857866,300.0262994713504,300.0262993452891,300.02629924495125,300.02629917502895,300.0262991098856,300.026299038043
0.0011037636992374956,300.0262996033208,300.0262996276763,300.0262997065456,300.0262997692018,300.0262998024103,300.026299817907,300.026299832956,300.0262998429337,300.02629984306327,300.02629984581296,300.0262998488529,300.02629983659585,300.0262998130123,300.0262997804243,300.02629974047966,300.0262997010277,300.02629967927703,300.0262996715327,300.0262996605961,300.02629965527956,300.02629965525443,300.02629966369443,300.02629966854226,300.02629967584636,300.0262996787029,300.02629968118094,300.02629968272925,300.0262996870367,300.0262996878444,300.02629968933616,300.0262996913627,300.0262996893016,300.0262996926242,300.0262996975221,300.02629969484246,300.02629969602003,300.026299697475,300.02629969343445,300.0262996982504,300.0262996983391,300.02629969619227,300.0262996914573,300.0262996577661,300.0262995857866,300.0262994713504,300.0262993452891,300.02629924495125,300.02629917502895,300.0262991098856,300.026299038043
0.0011087636992374956,300.0262996033208,300.0262996276763,300.0262997065456,300.0262997692018,300.0262998024103,300.026299817907,300.026299832956,300.0262998429337,300.02629984306327,300.02629984581296,300.0262998488529,300.02629983659585,300.0262998130123,300.0262997804243,300.02629974047966,300.0262997010277,300.02629967927703,300.0262996715327,300.0262996605961,300.02629965527956,300.02629965525443,300.02629966369443,300.02629966854226,300.02629967584636,300.0262996787029,300.02629968118094,300.02629968272925,300.0262996870367,300.0262996878444,300.02629968933616,300.0262996913627,300.0262996893016,300.0262996926242,300.0262996975221,300.02629969484246,300.02629969602003,300.026299697475,300.02629969343445,300.0262996982504,300.0262996983391,300.02629969619227,300.0262996914573,300.0262996577661,300.0262995857866,300.0262994713504,300.0262993452891,300.02629924495125,300.02629917502895,300.0262991098856,300.026299038043
0.0011137636992374956,300.0262996033208,300.0262996276763,300.0262997065456,300.0262997692018,300.0262998024103,300.026299817907,300.026299832956,300.0262998429337,300.02629984306327,300.02629984581296,300.0262998488529,300.02629983659585,300.0262998130123,300.0262997804243,300.02629974047966,300.0262997010277,300.02629967927703,300.0262996715327,300.0262996605961,300.02629965527956,300.02629965525443,300.02629966369443,300.02629966854226,300.02629967584636,300.0262996787029,300.02629968118094,300.02629968272925,300.0262996870367,300.0262996878444,300.02629968933616,300.0262996913627,300.0262996893016,300.0262996926242,300.0262996975221,300.02629969484246,300.02629969602003,300.026299697475,300.02629969343445,300.0262996982504,300.0262996983391,300.02629969619227,300.0262996914573,300.0262996577661,300.0262995857866,300.0262994713504,300.0262993452891,300.02629924495125,300.02629917502895,300.0262991098856,300.026299038043
0.0011187636992374956,300.0262996033208,300.0262996276763,300.0262997065456,300.0262997692018,300.0262998024103,300.026299817907,300.026299832956,300.0262998429337,300.02629984306327,300.02629984581296,300.0262998488529,300.02629983659585,300.0262998130123,300.0262997804243,300.02629974047966,300.0262997010277,300.02629967927703,300.0262996715327,300.0262996605961,300.02629965527956,300.02629965525443,300.02629966369443,300.02629966854226,300.02629967584636,300.0262996787029,300.02629968118094,300.02629968272925,300.0262996870367,300.0262996878444,300.02629968933616,300.0262996913627,300.0262996893016,300.0262996926242,300.0262996975221,300.02629969484246,300.02629969602003,300.026299697475,300.02629969343445,300.0262996982504,300.0262996983391,300.02629969619227,300.0262996914573,300.0262996577661,300.0262995857866,300.0262994713504,300.0262993452891,300.02629924495125,300.02629917502895,300.0262991098856,300.026299038043
0.0011237636992374957,300.0262996033208,300.0262996276763,300.0262997065456,300.0262997692018,300.0262998024103,300.026299817907,300.026299832956,300.0262998429337,300.02629984306327,300.02629984581296,300.0262998488529,300.02629983659585,300.0262998130123,300.0262997804243,300.02629974047966,300.0262997010277,300.02629967927703,300.0262996715327,300.0262996605961,300.02629965527956,300.02629965525443,300.02629966369443,300.02629966854226,300.02629967584636,300.0262996787029,300.02629968118094,300.02629968272925,300.0262996870367,300.0262996878444,300.02629968933616,300.0262996913627,300.0262996893016,300.0262996926242,300.0262996975221,300.02629969484246,300.02629969602003,300.026299697475,300.02629969343445,300.0262996982504,300.0262996983391,300.02629969619227,300.0262996914573,300.0262996577661,300.0262995857866,300.0262994713504,300.0262993452891,300.02629924495125,300.02629917502895,300.0262991098856,300.026299038043
0.0011287636992374957,300.0262996033208,300.0262996276763,300.0262997065456,300.0262997692018,300.0262998024103,300.026299817907,300.026299832956,300.0262998429337,300.02629984306327,300.02629984581296,300.0262998488529,300.02629983659585,300.0262998130123,300.0262997804243,300.02629974047966,300.0262997010277,300.02629967927703,300.0262996715327,300.0262996605961,300.02629965527956,300.02629965525443,300.02629966369443,300.02629966854226,300.02629967584636,300.0262996787029,300.02629968118094,300.02629968272925,300.0262996870367,300.0262996878444,300.02629968933616,300.0262996913627,300.0262996893016,300.0262996926242,300.0262996975221,300.02629969484246,300.02629969602003,300.026299697475,300.02629969343445,300.0262996982504,300.0262996983391,300.02629969619227,300.0262996914573,300.0262996577661,300.0262995857866,300.0262994713504,300.0262993452891,300.02629924495125,300.02629917502895,300.0262991098856,300.026299038043
0.0011337636992374957,300.0262996033208,300.0262996276763,300.0262997065456,300.0262997692018,300.0262998024103,300.026299817907,300.026299832956,300.0262998429337,300.02629984306327,300.02629984581296,300.0262998488529,300.02629983659585,300.0262998130123,300.0262997804243,300.02629974047966,300.0262997010277,300.02629967927703,300.0262996715327,300.0262996605961,300.02629965527956,300.02629965525443,300.02629966369443,300.02629966854226,300.02629967584636,300.0262996787029,300.02629968118094,300.02629968272925,300.0262996870367,300.0262996878444,300.02629968933616,300.0262996913627,300.0262996893016,300.0262996926242,300.0262996975221,300.02629969484246,300.02629969602003,300.026299697475,300.02629969343445,300.0262996982504,300.0262996983391,300.02629969619227,300.0262996914573,300.0262996577661,300.0262995857866,300.0262994713504,300.0262993452891,300.02629924495125,300.02629917502895,300.0262991098856,300.026299038043
0.0011387636992374957,300.0262996033208,300.0262996276763,300.0262997065456,300.0262997692018,300.0262998024103,300.026299817907,300.026299832956,300.0262998429337,300.02629984306327,300.02629984581296,300.0262998488529,300.02629983659585,300.0262998130123,300.0262997804243,300.02629974047966,300.0262997010277,300.02629967927703,300.0262996715327,300.0262996605961,300.02629965527956,300.02629965525443,300.02629966369443,300.02629966854226,300.02629967584636,300.0262996787029,300.02629968118094,300.02629968272925,300.0262996870367,300.0262996878444,300.02629968933616,300.0262996913627,300.0262996893016,300.0262996926242,300.0262996975221,300.02629969484246,300.02629969602003,300.026299697475,300.02629969343445,300.0262996982504,300.0262996983391,300.02629969619227,300.0262996914573,300.0262996577661,300.0262995857866,300.0262994713504,300.0262993452891,300.02629924495125,300.02629917502895,300.0262991098856,300.026299038043
0.0011437636992374957,300.0262996033208,300.0262996276763,300.0262997065456,300.0262997692018,300.0262998024103,300.026299817907,300.026299832956,300.0262998429337,300.02629984306327,300.02629984581296,300.0262998488529,300.02629983659585,300.0262998130123,300.0262997804243,300.02629974047966,300.0262997010277,300.02629967927703,300.0262996715327,300.0262996605961,300.02629965527956,300.02629965525443,300.02629966369443,300.02629966854226,300.02629967584636,300.0262996787029,300.02629968118094,300.02629968272925,300.0262996870367,300.0262996878444,300.02629968933616,300.0262996913627,300.0262996893016,300.0262996926242,300.0262996975221,300.02629969484246,300.02629969602003,300.026299697475,300.02629969343445,300.0262996982504,300.0262996983391,300.02629969619227,300.0262996914573,300.0262996577661,300.0262995857866,300.0262994713504,300.0262993452891,300.02629924495125,300.02629917502895,300.0262991098856,300.026299038043
0.0011487636992374957,300.0262996033208,300.0262996276763,300.0262997065456,300.0262997692018,300.0262998024103,300.026299817907,300.026299832956,300.0262998429337,300.02629984306327,300.02629984581296,300.0262998488529,300.02629983659585,300.0262998130123,300.0262997804243,300.02629974047966,300.0262997010277,300.02629967927703,300.0262996715327,300.0262996605961,300.02629965527956,300.02629965525443,300.02629966369443,300.02629966854226,300.02629967584636,300.0262996787029,300.02629968118094,300.02629968272925,300.0262996870367,300.0262996878444,300.02629968933616,300.0262996913627,300.0262996893016,300.0262996926242,300.0262996975221,300.02629969484246,300.02629969602003,300.026299697475,300.02629969343445,300.0262996982504,300.0262996983391,300.02629969619227,300.0262996914573,300.0262996577661,300.0262995857866,300.0262994713504,300.0262993452891,300.02629924495125,300.02629917502895,300.0262991098856,300.026299038043
0.0011537636992374957,300.0262996033208,300.0262996276763,300.0262997065456,300.0262997692018,300.0262998024103,300.026299817907,300.026299832956,300.0262998429337,300.02629984306327,300.02629984581296,300.0262998488529,300.02629983659585,300.0262998130123,300.0262997804243,300.02629974047966,300.0262997010277,300.02629967927703,300.0262996715327,300.0262996605961,300.02629965527956,300.02629965525443,300.02629966369443,300.02629966854226,300.02629967584636,300.0262996787029,300.02629968118094,300.02629968272925,300.0262996870367,300.0262996878444,300.02629968933616,300.0262996913627,300.0262996893016,300.0262996926242,300.0262996975221,300.02629969484246,300.02629969602003,300.026299697475,300.02629969343445,300.0262996982504,300.0262996983391,300.02629969619227,300.0262996914573,300.0262996577661,300.0262995857866,300.0262994713504,300.0262993452891,300.02629924495125,300.02629917502895,300.0262991098856,300.026299038043
0.0011587636992374957,300.0262996033208,300.0262996276763,300.0262997065456,300.0262997692018,300.0262998024103,300.026299817907,300.026299832956,300.0262998429337,300.02629984306327,300.02629984581296,300.0262998488529,300.02629983659585,300.0262998130123,300.0262997804243,300.02629974047966,300.0262997010277,300.02629967927703,300.0262996715327,300.0262996605961,300.02629965527956,300.02629965525443,300.02629966369443,300.02629966854226,300.02629967584636,300.0262996787029,300.02629968118094,300.02629968272925,300.0262996870367,300.0262996878444,300.02629968933616,300.0262996913627,300.0262996893016,300.0262996926242,300.0262996975221,300.02629969484246,300.02629969602003,300.026299697475,300.02629969343445,300.0262996982504,300.0262996983391,300.02629969619227,300.0262996914573,300.0262996577661,300.0262995857866,300.0262994713504,300.0262993452891,300.02629924495125,300.02629917502895,300.0262991098856,300.026299038043
0.0011637636992374958,300.0262996033208,300.0262996276763,300.0262997065456,300.0262997692018,300.0262998024103,300.026299817907,300.026299832956,300.0262998429337,300.02629984306327,300.02629984581296,300.0262998488529,300.02629983659585,300.0262998130123,300.0262997804243,300.02629974047966,300.0262997010277,300.02629967927703,300.0262996715327,300.0262996605961,300.02629965527956,300.02629965525443,300.02629966369443,300.02629966854226,300.02629967584636,300.0262996787029,300.02629968118094,300.02629968272925,300.0262996870367,300.0262996878444,300.02629968933616,300.0262996913627,300.0262996893016,300.0262996926242,300.0262996975221,300.02629969484246,300.02629969602003,300.026299697475,300.02629969343445,300.0262996982504,300.0262996983391,300.02629969619227,300.0262996914573,300.0262996577661,300.0262995857866,300.0262994713504,300.0262993452891,300.02629924495125,300.02629917502895,300.0262991098856,300.026299038043
0.0011687636992374958,300.0262996033208,300.0262996276763,300.0262997065456,300.0262997692018,300.0262998024103,300.026299817907,300.026299832956,300.0262998429337,300.02629984306327,300.02629984581296,300.0262998488529,300.02629983659585,300.0262998130123,300.0262997804243,300.02629974047966,300.0262997010277,300.02629967927703,300.0262996715327,300.0262996605961,300.02629965527956,300.02629965525443,300.02629966369443,300.02629966854226,300.02629967584636,300.0262996787029,300.02629968118094,300.02629968272925,300.0262996870367,300.0262996878444,300.02629968933616,300.0262996913627,300.0262996893016,300.0262996926242,300.0262996975221,300.02629969484246,300.02629969602003,300.026299697475,300.02629969343445,300.0262996982504,300.0262996983391,300.02629969619227,300.0262996914573,300.0262996577661,300.0262995857866,300.0262994713504,300.0262993452891,300.02629924495125,300.02629917502895,300.0262991098856,300.026299038043
0.0011737636992374958,300.0262996033208,300.0262996276763,300.0262997065456,300.0262997692018,300.0262998024103,300.026299817907,300.026299832956,300.0262998429337,300.02629984306327,300.02629984581296,300.0262998488529,300.02629983659585,300.0262998130123,300.0262997804243,300.02629974047966,300.0262997010277,300.02629967927703,300.0262996715327,300.0262996605961,300.02629965527956,300.02629965525443,300.02629966369443,300.02629966854226,300.02629967584636,300.0262996787029,300.02629968118094,300.02629968272925,300.0262996870367,300.0262996878444,300.02629968933616,300.0262996913627,300.0262996893016,300.0262996926242,300.0262996975221,300.02629969484246,300.02629969602003,300.026299697475,300.02629969343445,300.0262996982504,300.0262996983391,300.02629969619227,300.0262996914573,300.0262996577661,300.0262995857866,300.0262994713504,300.0262993452891,300.02629924495125,300.02629917502895,300.0262991098856,300.026299038043
0.0011787636992374958,300.0262996033208,300.0262996276763,300.0262997065456,300.0262997692018,300.0262998024103,300.026299817907,300.026299832956,300.0262998429337,300.02629984306327,300.02629984581296,300.0262998488529,300.02629983659585,300.0262998130123,300.0262997804243,300.02629974047966,300.0262997010277,300.02629967927703,300.0262996715327,300.0262996605961,300.02629965527956,300.02629965525443,300.02629966369443,300.02629966854226,300.02629967584636,300.0262996787029,300.02629968118094,300.02629968272925,300.0262996870367,300.0262996878444,300.02629968933616,300.0262996913627,300.0262996893016,300.0262996926242,300.0262996975221,300.02629969484246,300.02629969602003,300.026299697475,300.02629969343445,300.0262996982504,300.0262996983391,300.02629969619227,300.0262996914573,300.0262996577661,300.0262995857866,300.0262994713504,300.0262993452891,300.02629924495125,300.02629917502895,300.0262991098856,300.026299038043
0.0011837636992374958,300.0262996033208,300.0262996276763,300.0262997065456,300.0262997692018,300.0262998024103,300.026299817907,300.026299832956,300.0262998429337,300.02629984306327,300.02629984581296,300.0262998488529,300.02629983659585,300.0262998130123,300.0262997804243,300.02629974047966,300.0262997010277,300.02629967927703,300.0262996715327,300.0262996605961,300.02629965527956,300.02629965525443,300.02629966369443,300.02629966854226,300.02629967584636,300.0262996787029,300.02629968118094,300.02629968272925,300.0262996870367,300.0262996878444,300.02629968933616,300.0262996913627,300.0262996893016,300.0262996926242,300.0262996975221,300.02629969484246,300.02629969602003,300.026299697475,300.02629969343445,300.0262996982504,300.0262996983391,300.02629969619227,300.0262996914573,300.0262996577661,300.0262995857866,300.0262994713504,300.0262993452891,300.02629924495125,300.02629917502895,300.0262991098856,300.026299038043
0.0011887636992374958,300.0262996033208,300.0262996276763,300.0262997065456,300.0262997692018,300.0262998024103,300.026299817907,300.026299832956,300.0262998429337,300.02629984306327,300.02629984581296,300.0262998488529,300.02629983659585,300.0262998130123,300.0262997804243,300.02629974047966,300.0262997010277,300.02629967927703,300.0262996715327,300.0262996605961,300.02629965527956,300.02629965525443,300.02629966369443,300.02629966854226,300.02629967584636,300.0262996787029,300.02629968118094,300.02629968272925,300.0262996870367,300.0262996878444,300.02629968933616,300.0262996913627,300.0262996893016,300.0262996926242,300.0262996975221,300.02629969484246,300.02629969602003,300.026299697475,300.02629969343445,300.0262996982504,300.0262996983391,300.02629969619227,300.0262996914573,300.0262996577661,300.0262995857866,300.0262994713504,300.0262993452891,300.02629924495125,300.02629917502895,300.0262991098856,300.026299038043
0.0011937636992374958,300.0262996033208,300.0262996276763,300.0262997065456,300.0262997692018,300.0262998024103,300.026299817907,300.026299832956,300.0262998429337,300.02629984306327,300.02629984581296,300.0262998488529,300.02629983659585,300.0262998130123,300.0262997804243,300.02629974047966,300.0262997010277,300.02629967927703,300.0262996715327,300.0262996605961,300.02629965527956,300.02629965525443,300.02629966369443,300.02629966854226,300.02629967584636,300.0262996787029,300.02629968118094,300.02629968272925,300.0262996870367,300.0262996878444,300.02629968933616,300.0262996913627,300.0262996893016,300.0262996926242,300.0262996975221,300.02629969484246,300.02629969602003,300.026299697475,300.02629969343445,300.0262996982504,300.0262996983391,300.02629969619227,300.0262996914573,300.0262996577661,300.0262995857866,300.0262994713504,300.0262993452891,300.02629924495125,300.02629917502895,300.0262991098856,300.026299038043
0.0011987636992374959,300.0262996033208,300.0262996276763,300.0262997065456,300.0262997692018,300.0262998024103,300.026299817907,300.026299832956,300.0262998429337,300.02629984306327,300.02629984581296,300.0262998488529,300.02629983659585,300.0262998130123,300.0262997804243,300.02629974047966,300.0262997010277,300.02629967927703,300.0262996715327,300.0262996605961,300.02629965527956,300.02629965525443,300.02629966369443,300.02629966854226,300.02629967584636,300.0262996787029,300.02629968118094,300.02629968272925,300.0262996870367,300.0262996878444,300.02629968933616,300.0262996913627,300.0262996893016,300.0262996926242,300.0262996975221,300.02629969484246,300.02629969602003,300.026299697475,300.02629969343445,300.0262996982504,300.0262996983391,300.02629969619227,300.0262996914573,300.0262996577661,300.0262995857866,300.0262994713504,300.0262993452891,300.02629924495125,300.02629917502895,300.0262991098856,300.026299038043
0.0012037636992374959,300.0262996033208,300.0262996276763,300.0262997065456,300.0262997692018,300.0262998024103,300.026299817907,300.026299832956,300.0262998429337,300.02629984306327,300.02629984581296,300.0262998488529,300.02629983659585,300.0262998130123,300.0262997804243,300.02629974047966,300.0262997010277,300.02629967927703,300.0262996715327,300.0262996605961,300.02629965527956,300.02629965525443,300.02629966369443,300.02629966854226,300.02629967584636,300.0262996787029,300.02629968118094,300.02629968272925,300.0262996870367,300.0262996878444,300.02629968933616,300.0262996913627,300.0262996893016,300.0262996926242,300.0262996975221,300.02629969484246,300.02629969602003,300.026299697475,300.02629969343445,300.0262996982504,300.0262996983391,300.02629969619227,300.0262996914573,300.0262996577661,300.0262995857866,300.0262994713504,300.0262993452891,300.02629924495125,300.02629917502895,300.0262991098856,300.026299038043
0.0012087636992374959,300.0262996033208,300.0262996276763,300.0262997065456,300.0262997692018,300.0262998024103,300.026299817907,300.026299832956,300.0262998429337,300.02629984306327,300.02629984581296,300.0262998488529,300.02629983659585,300.0262998130123,300.0262997804243,300.02629974047966,300.0262997010277,300.02629967927703,300.0262996715327,300.0262996605961,300.02629965527956,300.02629965525443,300.02629966369443,300.02629966854226,300.02629967584636,300.0262996787029,300.02629968118094,300.02629968272925,300.0262996870367,300.0262996878444,300.02629968933616,300.0262996913627,300.0262996893016,300.0262996926242,300.0262996975221,300.02629969484246,300.02629969602003,300.026299697475,300.02629969343445,300.0262996982504,300.0262996983391,300.02629969619227,300.0262996914573,300.0262996577661,300.0262995857866,300.0262994713504,300.0262993452891,300.02629924495125,300.02629917502895,300.0262991098856,300.026299038043
0.001213763699237496,300.0262996033208,300.0262996276763,300.0262997065456,300.0262997692018,300.0262998024103,300.026299817907,300.026299832956,300.0262998429337,300.02629984306327,300.02629984581296,300.0262998488529,300.02629983659585,300.0262998130123,300.0262997804243,300.02629974047966,300.0262997010277,300.02629967927703,300.0262996715327,300.0262996605961,300.02629965527956,300.02629965525443,300.02629966369443,300.02629966854226,300.02629967584636,300.0262996787029,300.02629968118094,300.02629968272925,300.0262996870367,300.0262996878444,300.02629968933616,300.0262996913627,300.0262996893016,300.0262996926242,300.0262996975221,300.02629969484246,300.02629969602003,300.026299697475,300.02629969343445,300.0262996982504,300.0262996983391,300.02629969619227,300.0262996914573,300.0262996577661,300.0262995857866,300.0262994713504,300.0262993452891,300.02629924495125,300.02629917502895,300.0262991098856,300.026299038043
0.001218763699237496,300.0262996033208,300.0262996276763,300.0262997065456,300.0262997692018,300.0262998024103,300.026299817907,300.026299832956,300.0262998429337,300.02629984306327,300.02629984581296,300.0262998488529,300.02629983659585,300.0262998130123,300.0262997804243,300.02629974047966,300.0262997010277,300.02629967927703,300.0262996715327,300.0262996605961,300.02629965527956,300.02629965525443,300.02629966369443,300.02629966854226,300.02629967584636,300.0262996787029,300.02629968118094,300.02629968272925,300.0262996870367,300.0262996878444,300.02629968933616,300.0262996913627,300.0262996893016,300.0262996926242,300.0262996975221,300.02629969484246,300.02629969602003,300.026299697475,300.02629969343445,300.0262996982504,300.0262996983391,300.02629969619227,300.0262996914573,300.0262996577661,300.0262995857866,300.0262994713504,300.0262993452891,300.02629924495125,300.02629917502895,300.0262991098856,300.026299038043
0.001223763699237496,300.0262996033208,300.0262996276763,300.0262997065456,300.0262997692018,300.0262998024103,300.026299817907,300.026299832956,300.0262998429337,300.02629984306327,300.02629984581296,300.0262998488529,300.02629983659585,300.0262998130123,300.0262997804243,300.02629974047966,300.0262997010277,300.02629967927703,300.0262996715327,300.0262996605961,300.02629965527956,300.02629965525443,300.02629966369443,300.02629966854226,300.02629967584636,300.0262996787029,300.02629968118094,300.02629968272925,300.0262996870367,300.0262996878444,300.02629968933616,300.0262996913627,300.0262996893016,300.0262996926242,300.0262996975221,300.02629969484246,300.02629969602003,300.026299697475,300.02629969343445,300.0262996982504,300.0262996983391,300.02629969619227,300.0262996914573,300.0262996577661,300.0262995857866,300.0262994713504,300.0262993452891,300.02629924495125,300.02629917502895,300.0262991098856,300.026299038043
0.001228763699237496,300.0262996033208,300.0262996276763,300.0262997065456,300.0262997692018,300.0262998024103,300.026299817907,300.026299832956,300.0262998429337,300.02629984306327,300.02629984581296,300.0262998488529,300.02629983659585,300.0262998130123,300.0262997804243,300.02629974047966,300.0262997010277,300.02629967927703,300.0262996715327,300.0262996605961,300.02629965527956,300.02629965525443,300.02629966369443,300.02629966854226,300.02629967584636,300.0262996787029,300.02629968118094,300.02629968272925,300.0262996870367,300.0262996878444,300.02629968933616,300.0262996913627,300.0262996893016,300.0262996926242,300.0262996975221,300.02629969484246,300.02629969602003,300.026299697475,300.02629969343445,300.0262996982504,300.0262996983391,300.02629969619227,300.0262996914573,300.0262996577661,300.0262995857866,300.0262994713504,300.0262993452891,300.02629924495125,300.02629917502895,300.0262991098856,300.026299038043
0.001233763699237496,300.0262996033208,300.0262996276763,300.0262997065456,300.0262997692018,300.0262998024103,300.026299817907,300.026299832956,300.0262998429337,300.02629984306327,300.02629984581296,300.0262998488529,300.02629983659585,300.0262998130123,300.0262997804243,300.02629974047966,300.0262997010277,300.02629967927703,300.0262996715327,300.0262996605961,300.02629965527956,300.02629965525443,300.02629966369443,300.02629966854226,300.02629967584636,300.0262996787029,300.02629968118094,300.02629968272925,300.0262996870367,300.0262996878444,300.02629968933616,300.0262996913627,300.0262996893016,300.0262996926242,300.0262996975221,300.02629969484246,300.02629969602003,300.026299697475,300.02629969343445,300.0262996982504,300.0262996983391,300.02629969619227,300.0262996914573,300.0262996577661,300.0262995857866,300.0262994713504,300.0262993452891,300.02629924495125,300.02629917502895,300.0262991098856,300.026299038043
0.001238763699237496,300.0262996033208,300.0262996276763,300.0262997065456,300.0262997692018,300.0262998024103,300.026299817907,300.026299832956,300.0262998429337,300.02629984306327,300.02629984581296,300.0262998488529,300.02629983659585,300.0262998130123,300.0262997804243,300.02629974047966,300.0262997010277,300.02629967927703,300.0262996715327,300.0262996605961,300.02629965527956,300.02629965525443,300.02629966369443,300.02629966854226,300.02629967584636,300.0262996787029,300.02629968118094,300.02629968272925,300.0262996870367,300.0262996878444,300.02629968933616,300.0262996913627,300.0262996893016,300.0262996926242,300.0262996975221,300.02629969484246,300.02629969602003,300.026299697475,300.02629969343445,300.0262996982504,300.0262996983391,300.02629969619227,300.0262996914573,300.0262996577661,300.0262995857866,300.0262994713504,300.0262993452891,300.02629924495125,300.02629917502895,300.0262991098856,300.026299038043
0.001243763699237496,300.0262996033208,300.0262996276763,300.0262997065456,300.0262997692018,300.0262998024103,300.026299817907,300.026299832956,300.0262998429337,300.02629984306327,300.02629984581296,300.0262998488529,300.02629983659585,300.0262998130123,300.0262997804243,300.02629974047966,300.0262997010277,300.02629967927703,300.0262996715327,300.0262996605961,300.02629965527956,300.02629965525443,300.02629966369443,300.02629966854226,300.02629967584636,300.0262996787029,300.02629968118094,300.02629968272925,300.0262996870367,300.0262996878444,300.02629968933616,300.0262996913627,300.0262996893016,300.0262996926242,300.0262996975221,300.02629969484246,300.02629969602003,300.026299697475,300.02629969343445,300.0262996982504,300.0262996983391,300.02629969619227,300.0262996914573,300.0262996577661,300.0262995857866,300.0262994713504,300.0262993452891,300.02629924495125,300.02629917502895,300.0262991098856,300.026299038043
0.001248763699237496,300.0262996033208,300.0262996276763,300.0262997065456,300.0262997692018,300.0262998024103,300.026299817907,300.026299832956,300.0262998429337,300.02629984306327,300.02629984581296,300.0262998488529,300.02629983659585,300.0262998130123,300.0262997804243,300.02629974047966,300.0262997010277,300.02629967927703,300.0262996715327,300.0262996605961,300.02629965527956,300.02629965525443,300.02629966369443,300.02629966854226,300.02629967584636,300.0262996787029,300.02629968118094,300.02629968272925,300.0262996870367,300.0262996878444,300.02629968933616,300.0262996913627,300.0262996893016,300.0262996926242,300.0262996975221,300.02629969484246,300.02629969602003,300.026299697475,300.02629969343445,300.0262996982504,300.0262996983391,300.02629969619227,300.0262996914573,300.0262996577661,300.0262995857866,300.0262994713504,300.0262993452891,300.02629924495125,300.02629917502895,300.0262991098856,300.026299038043
0.001253763699237496,300.0262996033208,300.0262996276763,300.0262997065456,300.0262997692018,300.0262998024103,300.026299817907,300.026299832956,300.0262998429337,300.02629984306327,300.02629984581296,300.0262998488529,300.02629983659585,300.0262998130123,300.0262997804243,300.02629974047966,300.0262997010277,300.02629967927703,300.0262996715327,300.0262996605961,300.02629965527956,300.02629965525443,300.02629966369443,300.02629966854226,300.02629967584636,300.0262996787029,300.02629968118094,300.02629968272925,300.0262996870367,300.0262996878444,300.02629968933616,300.0262996913627,300.0262996893016,300.0262996926242,300.0262996975221,300.02629969484246,300.02629969602003,300.026299697475,300.02629969343445,300.0262996982504,300.0262996983391,300.02629969619227,300.0262996914573,300.0262996577661,300.0262995857866,300.0262994713504,300.0262993452891,300.02629924495125,300.02629917502895,300.0262991098856,300.026299038043
0.001258763699237496,300.0262996033208,300.0262996276763,300.0262997065456,300.0262997692018,300.0262998024103,300.026299817907,300.026299832956,300.0262998429337,300.02629984306327,300.02629984581296,300.0262998488529,300.02629983659585,300.0262998130123,300.0262997804243,300.02629974047966,300.0262997010277,300.02629967927703,300.0262996715327,300.0262996605961,300.02629965527956,300.02629965525443,300.02629966369443,300.02629966854226,300.02629967584636,300.0262996787029,300.02629968118094,300.02629968272925,300.0262996870367,300.0262996878444,300.02629968933616,300.0262996913627,300.0262996893016,300.0262996926242,300.0262996975221,300.02629969484246,300.02629969602003,300.026299697475,300.02629969343445,300.0262996982504,300.0262996983391,300.02629969619227,300.0262996914573,300.0262996577661,300.0262995857866,300.0262994713504,300.0262993452891,300.02629924495125,300.02629917502895,300.0262991098856,300.026299038043
0.001263763699237496,300.0262996033208,300.0262996276763,300.0262997065456,300.0262997692018,300.0262998024103,300.026299817907,300.026299832956,300.0262998429337,300.02629984306327,300.02629984581296,300.0262998488529,300.02629983659585,300.0262998130123,300.0262997804243,300.02629974047966,300.0262997010277,300.02629967927703,300.0262996715327,300.0262996605961,300.02629965527956,300.02629965525443,300.02629966369443,300.02629966854226,300.02629967584636,300.0262996787029,300.02629968118094,300.02629968272925,300.0262996870367,300.0262996878444,300.02629968933616,300.0262996913627,300.0262996893016,300.0262996926242,300.0262996975221,300.02629969484246,300.02629969602003,300.026299697475,300.02629969343445,300.0262996982504,300.0262996983391,300.02629969619227,300.0262996914573,300.0262996577661,300.0262995857866,300.0262994713504,300.0262993452891,300.02629924495125,300.02629917502895,300.0262991098856,300.026299038043
0.001268763699237496,300.0262996033208,300.0262996276763,300.0262997065456,300.0262997692018,300.0262998024103,300.026299817907,300.026299832956,300.0262998429337,300.02629984306327,300.02629984581296,300.0262998488529,300.02629983659585,300.0262998130123,300.0262997804243,300.02629974047966,300.0262997010277,300.02629967927703,300.0262996715327,300.0262996605961,300.02629965527956,300.02629965525443,300.02629966369443,300.02629966854226,300.02629967584636,300.0262996787029,300.02629968118094,300.02629968272925,300.0262996870367,300.0262996878444,300.02629968933616,300.0262996913627,300.0262996893016,300.0262996926242,300.0262996975221,300.02629969484246,300.02629969602003,300.026299697475,300.02629969343445,300.0262996982504,300.0262996983391,300.02629969619227,300.0262996914573,300.0262996577661,300.0262995857866,300.0262994713504,300.0262993452891,300.02629924495125,300.02629917502895,300.0262991098856,300.026299038043
0.001273763699237496,300.0262996033208,300.0262996276763,300.0262997065456,300.0262997692018,300.0262998024103,300.026299817907,300.026299832956,300.0262998429337,300.02629984306327,300.02629984581296,300.0262998488529,300.02629983659585,300.0262998130123,300.0262997804243,300.02629974047966,300.0262997010277,300.02629967927703,300.0262996715327,300.0262996605961,300.02629965527956,300.02629965525443,300.02629966369443,300.02629966854226,300.02629967584636,300.0262996787029,300.02629968118094,300.02629968272925,300.0262996870367,300.0262996878444,300.02629968933616,300.0262996913627,300.0262996893016,300.0262996926242,300.0262996975221,300.02629969484246,300.02629969602003,300.026299697475,300.02629969343445,300.0262996982504,300.0262996983391,300.02629969619227,300.0262996914573,300.0262996577661,300.0262995857866,300.0262994713504,300.0262993452891,300.02629924495125,300.02629917502895,300.0262991098856,300.026299038043
0.001278763699237496,300.0262996033208,300.0262996276763,300.0262997065456,300.0262997692018,300.0262998024103,300.026299817907,300.026299832956,300.0262998429337,300.02629984306327,300.02629984581296,300.0262998488529,300.02629983659585,300.0262998130123,300.0262997804243,300.02629974047966,300.0262997010277,300.02629967927703,300.0262996715327,300.0262996605961,300.02629965527956,300.02629965525443,300.02629966369443,300.02629966854226,300.02629967584636,300.0262996787029,300.02629968118094,300.02629968272925,300.0262996870367,300.0262996878444,300.02629968933616,300.0262996913627,300.0262996893016,300.0262996926242,300.0262996975221,300.02629969484246,300.02629969602003,300.026299697475,300.02629969343445,300.0262996982504,300.0262996983391,300.02629969619227,300.0262996914573,300.0262996577661,300.0262995857866,300.0262994713504,300.0262993452891,300.02629924495125,300.02629917502895,300.0262991098856,300.026299038043
0.001283763699237496,300.0262996033208,300.0262996276763,300.0262997065456,300.0262997692018,300.0262998024103,300.026299817907,300.026299832956,300.0262998429337,300.02629984306327,300.02629984581296,300.0262998488529,300.02629983659585,300.0262998130123,300.0262997804243,300.02629974047966,300.0262997010277,300.02629967927703,300.0262996715327,300.0262996605961,300.02629965527956,300.02629965525443,300.02629966369443,300.02629966854226,300.02629967584636,300.0262996787029,300.02629968118094,300.02629968272925,300.0262996870367,300.0262996878444,300.02629968933616,300.0262996913627,300.0262996893016,300.0262996926242,300.0262996975221,300.02629969484246,300.02629969602003,300.026299697475,300.02629969343445,300.0262996982504,300.0262996983391,300.02629969619227,300.0262996914573,300.0262996577661,300.0262995857866,300.0262994713504,300.0262993452891,300.02629924495125,300.02629917502895,300.0262991098856,300.026299038043
0.001288763699237496,300.0262996033208,300.0262996276763,300.0262997065456,300.0262997692018,300.0262998024103,300.026299817907,300.026299832956,300.0262998429337,300.02629984306327,300.02629984581296,300.0262998488529,300.02629983659585,300.0262998130123,300.0262997804243,300.02629974047966,300.0262997010277,300.02629967927703,300.0262996715327,300.0262996605961,300.02629965527956,300.02629965525443,300.02629966369443,300.02629966854226,300.02629967584636,300.0262996787029,300.02629968118094,300.02629968272925,300.0262996870367,300.0262996878444,300.02629968933616,300.0262996913627,300.0262996893016,300.0262996926242,300.0262996975221,300.02629969484246,300.02629969602003,300.026299697475,300.02629969343445,300.0262996982504,300.0262996983391,300.02629969619227,300.0262996914573,300.0262996577661,300.0262995857866,300.0262994713504,300.0262993452891,300.02629924495125,300.02629917502895,300.0262991098856,300.026299038043
0.001293763699237496,300.0262996033208,300.0262996276763,300.0262997065456,300.0262997692018,300.0262998024103,300.026299817907,300.026299832956,300.0262998429337,300.02629984306327,300.02629984581296,300.0262998488529,300.02629983659585,300.0262998130123,300.0262997804243,300.02629974047966,300.0262997010277,300.02629967927703,300.0262996715327,300.0262996605961,300.02629965527956,300.02629965525443,300.02629966369443,300.02629966854226,300.02629967584636,300.0262996787029,300.02629968118094,300.02629968272925,300.0262996870367,300.0262996878444,300.02629968933616,300.0262996913627,300.0262996893016,300.0262996926242,300.0262996975221,300.02629969484246,300.02629969602003,300.026299697475,300.02629969343445,300.0262996982504,300.0262996983391,300.02629969619227,300.0262996914573,300.0262996577661,300.0262995857866,300.0262994713504,300.0262993452891,300.02629924495125,300.02629917502895,300.0262991098856,300.026299038043
0.0012987636992374961,300.0262996033208,300.0262996276763,300.0262997065456,300.0262997692018,300.0262998024103,300.026299817907,300.026299832956,300.0262998429337,300.02629984306327,300.02629984581296,300.0262998488529,300.02629983659585,300.0262998130123,300.0262997804243,300.02629974047966,300.0262997010277,300.02629967927703,300.0262996715327,300.0262996605961,300.02629965527956,300.02629965525443,300.02629966369443,300.02629966854226,300.02629967584636,300.0262996787029,300.02629968118094,300.02629968272925,300.0262996870367,300.0262996878444,300.02629968933616,300.0262996913627,300.0262996893016,300.0262996926242,300.0262996975221,300.02629969484246,300.02629969602003,300.026299697475,300.02629969343445,300.0262996982504,300.0262996983391,300.02629969619227,300.0262996914573,300.0262996577661,300.0262995857866,300.0262994713504,300.0262993452891,300.02629924495125,300.02629917502895,300.0262991098856,300.026299038043
0.0013037636992374961,300.0262996033208,300.0262996276763,300.0262997065456,300.0262997692018,300.0262998024103,300.026299817907,300.026299832956,300.0262998429337,300.02629984306327,300.02629984581296,300.0262998488529,300.02629983659585,300.0262998130123,300.0262997804243,300.02629974047966,300.0262997010277,300.02629967927703,300.0262996715327,300.0262996605961,300.02629965527956,300.02629965525443,300.02629966369443,300.02629966854226,300.02629967584636,300.0262996787029,300.02629968118094,300.02629968272925,300.0262996870367,300.0262996878444,300.02629968933616,300.0262996913627,300.0262996893016,300.0262996926242,300.0262996975221,300.02629969484246,300.02629969602003,300.026299697475,300.02629969343445,300.0262996982504,300.0262996983391,300.02629969619227,300.0262996914573,300.0262996577661,300.0262995857866,300.0262994713504,300.0262993452891,300.02629924495125,300.02629917502895,300.0262991098856,300.026299038043
0.0013087636992374961,300.0262996033208,300.0262996276763,300.0262997065456,300.0262997692018,300.0262998024103,300.026299817907,300.026299832956,300.0262998429337,300.02629984306327,300.02629984581296,300.0262998488529,300.02629983659585,300.0262998130123,300.0262997804243,300.02629974047966,300.0262997010277,300.02629967927703,300.0262996715327,300.0262996605961,300.02629965527956,300.02629965525443,300.02629966369443,300.02629966854226,300.02629967584636,300.0262996787029,300.02629968118094,300.02629968272925,300.0262996870367,300.0262996878444,300.02629968933616,300.0262996913627,300.0262996893016,300.0262996926242,300.0262996975221,300.02629969484246,300.02629969602003,300.026299697475,300.02629969343445,300.0262996982504,300.0262996983391,300.02629969619227,300.0262996914573,300.0262996577661,300.0262995857866,300.0262994713504,300.0262993452891,300.02629924495125,300.02629917502895,300.0262991098856,300.026299038043
0.0013137636992374962,300.0262996033208,300.0262996276763,300.0262997065456,300.0262997692018,300.0262998024103,300.026299817907,300.026299832956,300.0262998429337,300.02629984306327,300.02629984581296,300.0262998488529,300.02629983659585,300.0262998130123,300.0262997804243,300.02629974047966,300.0262997010277,300.02629967927703,300.0262996715327,300.0262996605961,300.02629965527956,300.02629965525443,300.02629966369443,300.02629966854226,300.02629967584636,300.0262996787029,300.02629968118094,300.02629968272925,300.0262996870367,300.0262996878444,300.02629968933616,300.0262996913627,300.0262996893016,300.0262996926242,300.0262996975221,300.02629969484246,300.02629969602003,300.026299697475,300.02629969343445,300.0262996982504,300.0262996983391,300.02629969619227,300.0262996914573,300.0262996577661,300.0262995857866,300.0262994713504,300.0262993452891,300.02629924495125,300.02629917502895,300.0262991098856,300.026299038043
0.0013187636992374962,300.0262996033208,300.0262996276763,300.0262997065456,300.0262997692018,300.0262998024103,300.026299817907,300.026299832956,300.0262998429337,300.02629984306327,300.02629984581296,300.0262998488529,300.02629983659585,300.0262998130123,300.0262997804243,300.02629974047966,300.0262997010277,300.02629967927703,300.0262996715327,300.0262996605961,300.02629965527956,300.02629965525443,300.02629966369443,300.02629966854226,300.02629967584636,300.0262996787029,300.02629968118094,300.02629968272925,300.0262996870367,300.0262996878444,300.02629968933616,300.0262996913627,300.0262996893016,300.0262996926242,300.0262996975221,300.02629969484246,300.02629969602003,300.026299697475,300.02629969343445,300.0262996982504,300.0262996983391,300.02629969619227,300.0262996914573,300.0262996577661,300.0262995857866,300.0262994713504,300.0262993452891,300.02629924495125,300.02629917502895,300.0262991098856,300.026299038043
0.0013237636992374962,300.0262996033208,300.0262996276763,300.0262997065456,300.0262997692018,300.0262998024103,300.026299817907,300.026299832956,300.0262998429337,300.02629984306327,300.02629984581296,300.0262998488529,300.02629983659585,300.0262998130123,300.0262997804243,300.02629974047966,300.0262997010277,300.02629967927703,300.0262996715327,300.0262996605961,300.02629965527956,300.02629965525443,300.02629966369443,300.02629966854226,300.02629967584636,300.0262996787029,300.02629968118094,300.02629968272925,300.0262996870367,300.0262996878444,300.02629968933616,300.0262996913627,300.0262996893016,300.0262996926242,300.0262996975221,300.02629969484246,300.02629969602003,300.026299697475,300.02629969343445,300.0262996982504,300.0262996983391,300.02629969619227,300.0262996914573,300.0262996577661,300.0262995857866,300.0262994713504,300.0262993452891,300.02629924495125,300.02629917502895,300.0262991098856,300.026299038043
0.0013287636992374962,300.0262996033208,300.0262996276763,300.0262997065456,300.0262997692018,300.0262998024103,300.026299817907,300.026299832956,300.0262998429337,300.02629984306327,300.02629984581296,300.0262998488529,300.02629983659585,300.0262998130123,300.0262997804243,300.02629974047966,300.0262997010277,300.02629967927703,300.0262996715327,300.0262996605961,300.02629965527956,300.02629965525443,300.02629966369443,300.02629966854226,300.02629967584636,300.0262996787029,300.02629968118094,300.02629968272925,300.0262996870367,300.0262996878444,300.02629968933616,300.0262996913627,300.0262996893016,300.0262996926242,300.0262996975221,300.02629969484246,300.02629969602003,300.026299697475,300.02629969343445,300.0262996982504,300.0262996983391,300.02629969619227,300.0262996914573,300.0262996577661,300.0262995857866,300.0262994713504,300.0262993452891,300.02629924495125,300.02629917502895,300.0262991098856,300.026299038043
0.0013337636992374962,300.0262996033208,300.0262996276763,300.0262997065456,300.0262997692018,300.0262998024103,300.026299817907,300.026299832956,300.0262998429337,300.02629984306327,300.02629984581296,300.0262998488529,300.02629983659585,300.0262998130123,300.0262997804243,300.02629974047966,300.0262997010277,300.02629967927703,300.0262996715327,300.0262996605961,300.02629965527956,300.02629965525443,300.02629966369443,300.02629966854226,300.02629967584636,300.0262996787029,300.02629968118094,300.02629968272925,300.0262996870367,300.0262996878444,300.02629968933616,300.0262996913627,300.0262996893016,300.0262996926242,300.0262996975221,300.02629969484246,300.02629969602003,300.026299697475,300.02629969343445,300.0262996982504,300.0262996983391,300.02629969619227,300.0262996914573,300.0262996577661,300.0262995857866,300.0262994713504,300.0262993452891,300.02629924495125,300.02629917502895,300.0262991098856,300.026299038043
0.0013387636992374962,300.0262996033208,300.0262996276763,300.0262997065456,300.0262997692018,300.0262998024103,300.026299817907,300.026299832956,300.0262998429337,300.02629984306327,300.02629984581296,300.0262998488529,300.02629983659585,300.0262998130123,300.0262997804243,300.02629974047966,300.0262997010277,300.02629967927703,300.0262996715327,300.0262996605961,300.02629965527956,300.02629965525443,300.02629966369443,300.02629966854226,300.02629967584636,300.0262996787029,300.02629968118094,300.02629968272925,300.0262996870367,300.0262996878444,300.02629968933616,300.0262996913627,300.0262996893016,300.0262996926242,300.0262996975221,300.02629969484246,300.02629969602003,300.026299697475,300.02629969343445,300.0262996982504,300.0262996983391,300.02629969619227,300.0262996914573,300.0262996577661,300.0262995857866,300.0262994713504,300.0262993452891,300.02629924495125,300.02629917502895,300.0262991098856,300.026299038043
0.0013437636992374962,300.0262996033208,300.0262996276763,300.0262997065456,300.0262997692018,300.0262998024103,300.026299817907,300.026299832956,300.0262998429337,300.02629984306327,300.02629984581296,300.0262998488529,300.02629983659585,300.0262998130123,300.0262997804243,300.02629974047966,300.0262997010277,300.02629967927703,300.0262996715327,300.0262996605961,300.02629965527956,300.02629965525443,300.02629966369443,300.02629966854226,300.02629967584636,300.0262996787029,300.02629968118094,300.02629968272925,300.0262996870367,300.0262996878444,300.02629968933616,300.0262996913627,300.0262996893016,300.0262996926242,300.0262996975221,300.02629969484246,300.02629969602003,300.026299697475,300.02629969343445,300.0262996982504,300.0262996983391,300.02629969619227,300.0262996914573,300.0262996577661,300.0262995857866,300.0262994713504,300.0262993452891,300.02629924495125,300.02629917502895,300.0262991098856,300.026299038043
0.0013487636992374962,300.0262996033208,300.0262996276763,300.0262997065456,300.0262997692018,300.0262998024103,300.026299817907,300.026299832956,300.0262998429337,300.02629984306327,300.02629984581296,300.0262998488529,300.02629983659585,300.0262998130123,300.0262997804243,300.02629974047966,300.0262997010277,300.02629967927703,300.0262996715327,300.0262996605961,300.02629965527956,300.02629965525443,300.02629966369443,300.02629966854226,300.02629967584636,300.0262996787029,300.02629968118094,300.02629968272925,300.0262996870367,300.0262996878444,300.02629968933616,300.0262996913627,300.0262996893016,300.0262996926242,300.0262996975221,300.02629969484246,300.02629969602003,300.026299697475,300.02629969343445,300.0262996982504,300.0262996983391,300.02629969619227,300.0262996914573,300.0262996577661,300.0262995857866,300.0262994713504,300.0262993452891,300.02629924495125,300.02629917502895,300.0262991098856,300.026299038043
0.0013537636992374963,300.0262996033208,300.0262996276763,300.0262997065456,300.0262997692018,300.0262998024103,300.026299817907,300.026299832956,300.0262998429337,300.02629984306327,300.02629984581296,300.0262998488529,300.02629983659585,300.0262998130123,300.0262997804243,300.02629974047966,300.0262997010277,300.02629967927703,300.0262996715327,300.0262996605961,300.02629965527956,300.02629965525443,300.02629966369443,300.02629966854226,300.02629967584636,300.0262996787029,300.02629968118094,300.02629968272925,300.0262996870367,300.0262996878444,300.02629968933616,300.0262996913627,300.0262996893016,300.0262996926242,300.0262996975221,300.02629969484246,300.02629969602003,300.026299697475,300.02629969343445,300.0262996982504,300.0262996983391,300.02629969619227,300.0262996914573,300.0262996577661,300.0262995857866,300.0262994713504,300.0262993452891,300.02629924495125,300.02629917502895,300.0262991098856,300.026299038043
0.0013587636992374963,300.0262996033208,300.0262996276763,300.0262997065456,300.0262997692018,300.0262998024103,300.026299817907,300.026299832956,300.0262998429337,300.02629984306327,300.02629984581296,300.0262998488529,300.02629983659585,300.0262998130123,300.0262997804243,300.02629974047966,300.0262997010277,300.02629967927703,300.0262996715327,300.0262996605961,300.02629965527956,300.02629965525443,300.02629966369443,300.02629966854226,300.02629967584636,300.0262996787029,300.02629968118094,300.02629968272925,300.0262996870367,300.0262996878444,300.02629968933616,300.0262996913627,300.0262996893016,300.0262996926242,300.0262996975221,300.02629969484246,300.02629969602003,300.026299697475,300.02629969343445,300.0262996982504,300.0262996983391,300.02629969619227,300.0262996914573,300.0262996577661,300.0262995857866,300.0262994713504,300.0262993452891,300.02629924495125,300.02629917502895,300.0262991098856,300.026299038043
0.0013637636992374963,300.0262996033208,300.0262996276763,300.0262997065456,300.0262997692018,300.0262998024103,300.026299817907,300.026299832956,300.0262998429337,300.02629984306327,300.02629984581296,300.0262998488529,300.02629983659585,300.0262998130123,300.0262997804243,300.02629974047966,300.0262997010277,300.02629967927703,300.0262996715327,300.0262996605961,300.02629965527956,300.02629965525443,300.02629966369443,300.02629966854226,300.02629967584636,300.0262996787029,300.02629968118094,300.02629968272925,300.0262996870367,300.0262996878444,300.02629968933616,300.0262996913627,300.0262996893016,300.0262996926242,300.0262996975221,300.02629969484246,300.02629969602003,300.026299697475,300.02629969343445,300.0262996982504,300.0262996983391,300.02629969619227,300.0262996914573,300.0262996577661,300.0262995857866,300.0262994713504,300.0262993452891,300.02629924495125,300.02629917502895,300.0262991098856,300.026299038043
0.0013687636992374963,300.0262996033208,300.0262996276763,300.0262997065456,300.0262997692018,300.0262998024103,300.026299817907,300.026299832956,300.0262998429337,300.02629984306327,300.02629984581296,300.0262998488529,300.02629983659585,300.0262998130123,300.0262997804243,300.02629974047966,300.0262997010277,300.02629967927703,300.0262996715327,300.0262996605961,300.02629965527956,300.02629965525443,300.02629966369443,300.02629966854226,300.02629967584636,300.0262996787029,300.02629968118094,300.02629968272925,300.0262996870367,300.0262996878444,300.02629968933616,300.0262996913627,300.0262996893016,300.0262996926242,300.0262996975221,300.02629969484246,300.02629969602003,300.026299697475,300.02629969343445,300.0262996982504,300.0262996983391,300.02629969619227,300.0262996914573,300.0262996577661,300.0262995857866,300.0262994713504,300.0262993452891,300.02629924495125,300.02629917502895,300.0262991098856,300.026299038043
0.0013737636992374963,300.0262996033208,300.0262996276763,300.0262997065456,300.0262997692018,300.0262998024103,300.026299817907,300.026299832956,300.0262998429337,300.02629984306327,300.02629984581296,300.0262998488529,300.02629983659585,300.0262998130123,300.0262997804243,300.02629974047966,300.0262997010277,300.02629967927703,300.0262996715327,300.0262996605961,300.02629965527956,300.02629965525443,300.02629966369443,300.02629966854226,300.02629967584636,300.0262996787029,300.02629968118094,300.02629968272925,300.0262996870367,300.0262996878444,300.02629968933616,300.0262996913627,300.0262996893016,300.0262996926242,300.0262996975221,300.02629969484246,300.02629969602003,300.026299697475,300.02629969343445,300.0262996982504,300.0262996983391,300.02629969619227,300.0262996914573,300.0262996577661,300.0262995857866,300.0262994713504,300.0262993452891,300.02629924495125,300.02629917502895,300.0262991098856,300.026299038043
0.0013787636992374963,300.0262996033208,300.0262996276763,300.0262997065456,300.0262997692018,300.0262998024103,300.026299817907,300.026299832956,300.0262998429337,300.02629984306327,300.02629984581296,300.0262998488529,300.02629983659585,300.0262998130123,300.0262997804243,300.02629974047966,300.0262997010277,300.02629967927703,300.0262996715327,300.0262996605961,300.02629965527956,300.02629965525443,300.02629966369443,300.02629966854226,300.02629967584636,300.0262996787029,300.02629968118094,300.02629968272925,300.0262996870367,300.0262996878444,300.02629968933616,300.0262996913627,300.0262996893016,300.0262996926242,300.0262996975221,300.02629969484246,300.02629969602003,300.026299697475,300.02629969343445,300.0262996982504,300.0262996983391,300.02629969619227,300.0262996914573,300.0262996577661,300.0262995857866,300.0262994713504,300.0262993452891,300.02629924495125,300.02629917502895,300.0262991098856,300.026299038043
0.0013837636992374963,300.0262996033208,300.0262996276763,300.0262997065456,300.0262997692018,300.0262998024103,300.026299817907,300.026299832956,300.0262998429337,300.02629984306327,300.02629984581296,300.0262998488529,300.02629983659585,300.0262998130123,300.0262997804243,300.02629974047966,300.0262997010277,300.02629967927703,300.0262996715327,300.0262996605961,300.02629965527956,300.02629965525443,300.02629966369443,300.02629966854226,300.02629967584636,300.0262996787029,300.02629968118094,300.02629968272925,300.0262996870367,300.0262996878444,300.02629968933616,300.0262996913627,300.0262996893016,300.0262996926242,300.0262996975221,300.02629969484246,300.02629969602003,300.026299697475,300.02629969343445,300.0262996982504,300.0262996983391,300.02629969619227,300.0262996914573,300.0262996577661,300.0262995857866,300.0262994713504,300.0262993452891,300.02629924495125,300.02629917502895,300.0262991098856,300.026299038043
0.0013887636992374964,300.0262996033208,300.0262996276763,300.0262997065456,300.0262997692018,300.0262998024103,300.026299817907,300.026299832956,300.0262998429337,300.02629984306327,300.02629984581296,300.0262998488529,300.02629983659585,300.0262998130123,300.0262997804243,300.02629974047966,300.0262997010277,300.02629967927703,300.0262996715327,300.0262996605961,300.02629965527956,300.02629965525443,300.02629966369443,300.02629966854226,300.02629967584636,300.0262996787029,300.02629968118094,300.02629968272925,300.0262996870367,300.0262996878444,300.02629968933616,300.0262996913627,300.0262996893016,300.0262996926242,300.0262996975221,300.02629969484246,300.02629969602003,300.026299697475,300.02629969343445,300.0262996982504,300.0262996983391,300.02629969619227,300.0262996914573,300.0262996577661,300.0262995857866,300.0262994713504,300.0262993452891,300.02629924495125,300.02629917502895,300.0262991098856,300.026299038043
0.0013937636992374964,300.0262996033208,300.0262996276763,300.0262997065456,300.0262997692018,300.0262998024103,300.026299817907,300.026299832956,300.0262998429337,300.02629984306327,300.02629984581296,300.0262998488529,300.02629983659585,300.0262998130123,300.0262997804243,300.02629974047966,300.0262997010277,300.02629967927703,300.0262996715327,300.0262996605961,300.02629965527956,300.02629965525443,300.02629966369443,300.02629966854226,300.02629967584636,300.0262996787029,300.02629968118094,300.02629968272925,300.0262996870367,300.0262996878444,300.02629968933616,300.0262996913627,300.0262996893016,300.0262996926242,300.0262996975221,300.02629969484246,300.02629969602003,300.026299697475,300.02629969343445,300.0262996982504,300.0262996983391,300.02629969619227,300.0262996914573,300.0262996577661,300.0262995857866,300.0262994713504,300.0262993452891,300.02629924495125,300.02629917502895,300.0262991098856,300.026299038043
0.0013987636992374964,300.0262996033208,300.0262996276763,300.0262997065456,300.0262997692018,300.0262998024103,300.026299817907,300.026299832956,300.0262998429337,300.02629984306327,300.02629984581296,300.0262998488529,300.02629983659585,300.0262998130123,300.0262997804243,300.02629974047966,300.0262997010277,300.02629967927703,300.0262996715327,300.0262996605961,300.02629965527956,300.02629965525443,300.02629966369443,300.02629966854226,300.02629967584636,300.0262996787029,300.02629968118094,300.02629968272925,300.0262996870367,300.0262996878444,300.02629968933616,300.0262996913627,300.0262996893016,300.0262996926242,300.0262996975221,300.02629969484246,300.02629969602003,300.026299697475,300.02629969343445,300.0262996982504,300.0262996983391,300.02629969619227,300.0262996914573,300.0262996577661,300.0262995857866,300.0262994713504,300.0262993452891,300.02629924495125,300.02629917502895,300.0262991098856,300.026299038043
0.0014037636992374964,300.0262996033208,300.0262996276763,300.0262997065456,300.0262997692018,300.0262998024103,300.026299817907,300.026299832956,300.0262998429337,300.02629984306327,300.02629984581296,300.0262998488529,300.02629983659585,300.0262998130123,300.0262997804243,300.02629974047966,300.0262997010277,300.02629967927703,300.0262996715327,300.0262996605961,300.02629965527956,300.02629965525443,300.02629966369443,300.02629966854226,300.02629967584636,300.0262996787029,300.02629968118094,300.02629968272925,300.0262996870367,300.0262996878444,300.02629968933616,300.0262996913627,300.0262996893016,300.0262996926242,300.0262996975221,300.02629969484246,300.02629969602003,300.026299697475,300.02629969343445,300.0262996982504,300.0262996983391,300.02629969619227,300.0262996914573,300.0262996577661,300.0262995857866,300.0262994713504,300.0262993452891,300.02629924495125,300.02629917502895,300.0262991098856,300.026299038043
0.0014087636992374964,300.0262996033208,300.0262996276763,300.0262997065456,300.0262997692018,300.0262998024103,300.026299817907,300.026299832956,300.0262998429337,300.02629984306327,300.02629984581296,300.0262998488529,300.02629983659585,300.0262998130123,300.0262997804243,300.02629974047966,300.0262997010277,300.02629967927703,300.0262996715327,300.0262996605961,300.02629965527956,300.02629965525443,300.02629966369443,300.02629966854226,300.02629967584636,300.0262996787029,300.02629968118094,300.02629968272925,300.0262996870367,300.0262996878444,300.02629968933616,300.0262996913627,300.0262996893016,300.0262996926242,300.0262996975221,300.02629969484246,300.02629969602003,300.026299697475,300.02629969343445,300.0262996982504,300.0262996983391,300.02629969619227,300.0262996914573,300.0262996577661,300.0262995857866,300.0262994713504,300.0262993452891,300.02629924495125,300.02629917502895,300.0262991098856,300.026299038043
0.0014137636992374964,300.0262996033208,300.0262996276763,300.0262997065456,300.0262997692018,300.0262998024103,300.026299817907,300.026299832956,300.0262998429337,300.02629984306327,300.02629984581296,300.0262998488529,300.02629983659585,300.0262998130123,300.0262997804243,300.02629974047966,300.0262997010277,300.02629967927703,300.0262996715327,300.0262996605961,300.02629965527956,300.02629965525443,300.02629966369443,300.02629966854226,300.02629967584636,300.0262996787029,300.02629968118094,300.02629968272925,300.0262996870367,300.0262996878444,300.02629968933616,300.0262996913627,300.0262996893016,300.0262996926242,300.0262996975221,300.02629969484246,300.02629969602003,300.026299697475,300.02629969343445,300.0262996982504,300.0262996983391,300.02629969619227,300.0262996914573,300.0262996577661,300.0262995857866,300.0262994713504,300.0262993452891,300.02629924495125,300.02629917502895,300.0262991098856,300.026299038043
0.0014187636992374964,300.0262996033208,300.0262996276763,300.0262997065456,300.0262997692018,300.0262998024103,300.026299817907,300.026299832956,300.0262998429337,300.02629984306327,300.02629984581296,300.0262998488529,300.02629983659585,300.0262998130123,300.0262997804243,300.02629974047966,300.0262997010277,300.02629967927703,300.0262996715327,300.0262996605961,300.02629965527956,300.02629965525443,300.02629966369443,300.02629966854226,300.02629967584636,300.0262996787029,300.02629968118094,300.02629968272925,300.0262996870367,300.0262996878444,300.02629968933616,300.0262996913627,300.0262996893016,300.0262996926242,300.0262996975221,300.02629969484246,300.02629969602003,300.026299697475,300.02629969343445,300.0262996982504,300.0262996983391,300.02629969619227,300.0262996914573,300.0262996577661,300.0262995857866,300.0262994713504,300.0262993452891,300.02629924495125,300.02629917502895,300.0262991098856,300.026299038043
0.0014237636992374964,300.0262996033208,300.0262996276763,300.0262997065456,300.0262997692018,300.0262998024103,300.026299817907,300.026299832956,300.0262998429337,300.02629984306327,300.02629984581296,300.0262998488529,300.02629983659585,300.0262998130123,300.0262997804243,300.02629974047966,300.0262997010277,300.02629967927703,300.0262996715327,300.0262996605961,300.02629965527956,300.02629965525443,300.02629966369443,300.02629966854226,300.02629967584636,300.0262996787029,300.02629968118094,300.02629968272925,300.0262996870367,300.0262996878444,300.02629968933616,300.0262996913627,300.0262996893016,300.0262996926242,300.0262996975221,300.02629969484246,300.02629969602003,300.026299697475,300.02629969343445,300.0262996982504,300.0262996983391,300.02629969619227,300.0262996914573,300.0262996577661,300.0262995857866,300.0262994713504,300.0262993452891,300.02629924495125,300.02629917502895,300.0262991098856,300.026299038043
0.0014287636992374965,300.0262996033208,300.0262996276763,300.0262997065456,300.0262997692018,300.0262998024103,300.026299817907,300.026299832956,300.0262998429337,300.02629984306327,300.02629984581296,300.0262998488529,300.02629983659585,300.0262998130123,300.0262997804243,300.02629974047966,300.0262997010277,300.02629967927703,300.0262996715327,300.0262996605961,300.02629965527956,300.02629965525443,300.02629966369443,300.02629966854226,300.02629967584636,300.0262996787029,300.02629968118094,300.02629968272925,300.0262996870367,300.0262996878444,300.02629968933616,300.0262996913627,300.0262996893016,300.0262996926242,300.0262996975221,300.02629969484246,300.02629969602003,300.026299697475,300.02629969343445,300.0262996982504,300.0262996983391,300.02629969619227,300.0262996914573,300.0262996577661,300.0262995857866,300.0262994713504,300.0262993452891,300.02629924495125,300.02629917502895,300.0262991098856,300.026299038043
0.0014337636992374965,300.0262996033208,300.0262996276763,300.0262997065456,300.0262997692018,300.0262998024103,300.026299817907,300.026299832956,300.0262998429337,300.02629984306327,300.02629984581296,300.0262998488529,300.02629983659585,300.0262998130123,300.0262997804243,300.02629974047966,300.0262997010277,300.02629967927703,300.0262996715327,300.0262996605961,300.02629965527956,300.02629965525443,300.02629966369443,300.02629966854226,300.02629967584636,300.0262996787029,300.02629968118094,300.02629968272925,300.0262996870367,300.0262996878444,300.02629968933616,300.0262996913627,300.0262996893016,300.0262996926242,300.0262996975221,300.02629969484246,300.02629969602003,300.026299697475,300.02629969343445,300.0262996982504,300.0262996983391,300.02629969619227,300.0262996914573,300.0262996577661,300.0262995857866,300.0262994713504,300.0262993452891,300.02629924495125,300.02629917502895,300.0262991098856,300.026299038043
0.0014387636992374965,300.0262996033208,300.0262996276763,300.0262997065456,300.0262997692018,300.0262998024103,300.026299817907,300.026299832956,300.0262998429337,300.02629984306327,300.02629984581296,300.0262998488529,300.02629983659585,300.0262998130123,300.0262997804243,300.02629974047966,300.0262997010277,300.02629967927703,300.0262996715327,300.0262996605961,300.02629965527956,300.02629965525443,300.02629966369443,300.02629966854226,300.02629967584636,300.0262996787029,300.02629968118094,300.02629968272925,300.0262996870367,300.0262996878444,300.02629968933616,300.0262996913627,300.0262996893016,300.0262996926242,300.0262996975221,300.02629969484246,300.02629969602003,300.026299697475,300.02629969343445,300.0262996982504,300.0262996983391,300.02629969619227,300.0262996914573,300.0262996577661,300.0262995857866,300.0262994713504,300.0262993452891,300.02629924495125,300.02629917502895,300.0262991098856,300.026299038043
0.0014437636992374965,300.0262996033208,300.0262996276763,300.0262997065456,300.0262997692018,300.0262998024103,300.026299817907,300.026299832956,300.0262998429337,300.02629984306327,300.02629984581296,300.0262998488529,300.02629983659585,300.0262998130123,300.0262997804243,300.02629974047966,300.0262997010277,300.02629967927703,300.0262996715327,300.0262996605961,300.02629965527956,300.02629965525443,300.02629966369443,300.02629966854226,300.02629967584636,300.0262996787029,300.02629968118094,300.02629968272925,300.0262996870367,300.0262996878444,300.02629968933616,300.0262996913627,300.0262996893016,300.0262996926242,300.0262996975221,300.02629969484246,300.02629969602003,300.026299697475,300.02629969343445,300.0262996982504,300.0262996983391,300.02629969619227,300.0262996914573,300.0262996577661,300.0262995857866,300.0262994713504,300.0262993452891,300.02629924495125,300.02629917502895,300.0262991098856,300.026299038043
0.0014487636992374965,300.0262996033208,300.0262996276763,300.0262997065456,300.0262997692018,300.0262998024103,300.026299817907,300.026299832956,300.0262998429337,300.02629984306327,300.02629984581296,300.0262998488529,300.02629983659585,300.0262998130123,300.0262997804243,300.02629974047966,300.0262997010277,300.02629967927703,300.0262996715327,300.0262996605961,300.02629965527956,300.02629965525443,300.02629966369443,300.02629966854226,300.02629967584636,300.0262996787029,300.02629968118094,300.02629968272925,300.0262996870367,300.0262996878444,300.02629968933616,300.0262996913627,300.0262996893016,300.0262996926242,300.0262996975221,300.02629969484246,300.02629969602003,300.026299697475,300.02629969343445,300.0262996982504,300.0262996983391,300.02629969619227,300.0262996914573,300.0262996577661,300.0262995857866,300.0262994713504,300.0262993452891,300.02629924495125,300.02629917502895,300.0262991098856,300.026299038043
0.0014537636992374965,300.0262996033208,300.0262996276763,300.0262997065456,300.0262997692018,300.0262998024103,300.026299817907,300.026299832956,300.0262998429337,300.02629984306327,300.02629984581296,300.0262998488529,300.02629983659585,300.0262998130123,300.0262997804243,300.02629974047966,300.0262997010277,300.02629967927703,300.0262996715327,300.0262996605961,300.02629965527956,300.02629965525443,300.02629966369443,300.02629966854226,300.02629967584636,300.0262996787029,300.02629968118094,300.02629968272925,300.0262996870367,300.0262996878444,300.02629968933616,300.0262996913627,300.0262996893016,300.0262996926242,300.0262996975221,300.02629969484246,300.02629969602003,300.026299697475,300.02629969343445,300.0262996982504,300.0262996983391,300.02629969619227,300.0262996914573,300.0262996577661,300.0262995857866,300.0262994713504,300.0262993452891,300.02629924495125,300.02629917502895,300.0262991098856,300.026299038043
0.0014587636992374965,300.0262996033208,300.0262996276763,300.0262997065456,300.0262997692018,300.0262998024103,300.026299817907,300.026299832956,300.0262998429337,300.02629984306327,300.02629984581296,300.0262998488529,300.02629983659585,300.0262998130123,300.0262997804243,300.02629974047966,300.0262997010277,300.02629967927703,300.0262996715327,300.0262996605961,300.02629965527956,300.02629965525443,300.02629966369443,300.02629966854226,300.02629967584636,300.0262996787029,300.02629968118094,300.02629968272925,300.0262996870367,300.0262996878444,300.02629968933616,300.0262996913627,300.0262996893016,300.0262996926242,300.0262996975221,300.02629969484246,300.02629969602003,300.026299697475,300.02629969343445,300.0262996982504,300.0262996983391,300.02629969619227,300.0262996914573,300.0262996577661,300.0262995857866,300.0262994713504,300.0262993452891,300.02629924495125,300.02629917502895,300.0262991098856,300.026299038043
0.0014637636992374965,300.0262996033208,300.0262996276763,300.0262997065456,300.0262997692018,300.0262998024103,300.026299817907,300.026299832956,300.0262998429337,300.02629984306327,300.02629984581296,300.0262998488529,300.02629983659585,300.0262998130123,300.0262997804243,300.02629974047966,300.0262997010277,300.02629967927703,300.0262996715327,300.0262996605961,300.02629965527956,300.02629965525443,300.02629966369443,300.02629966854226,300.02629967584636,300.0262996787029,300.02629968118094,300.02629968272925,300.0262996870367,300.0262996878444,300.02629968933616,300.0262996913627,300.0262996893016,300.0262996926242,300.0262996975221,300.02629969484246,300.02629969602003,300.026299697475,300.02629969343445,300.0262996982504,300.0262996983391,300.02629969619227,300.0262996914573,300.0262996577661,300.0262995857866,300.0262994713504,300.0262993452891,300.02629924495125,300.02629917502895,300.0262991098856,300.026299038043
0.0014687636992374966,300.0262996033208,300.0262996276763,300.0262997065456,300.0262997692018,300.0262998024103,300.026299817907,300.026299832956,300.0262998429337,300.02629984306327,300.02629984581296,300.0262998488529,300.02629983659585,300.0262998130123,300.0262997804243,300.02629974047966,300.0262997010277,300.02629967927703,300.0262996715327,300.0262996605961,300.02629965527956,300.02629965525443,300.02629966369443,300.02629966854226,300.02629967584636,300.0262996787029,300.02629968118094,300.02629968272925,300.0262996870367,300.0262996878444,300.02629968933616,300.0262996913627,300.0262996893016,300.0262996926242,300.0262996975221,300.02629969484246,300.02629969602003,300.026299697475,300.02629969343445,300.0262996982504,300.0262996983391,300.02629969619227,300.0262996914573,300.0262996577661,300.0262995857866,300.0262994713504,300.0262993452891,300.02629924495125,300.02629917502895,300.0262991098856,300.026299038043
0.0014737636992374966,300.0262996033208,300.0262996276763,300.0262997065456,300.0262997692018,300.0262998024103,300.026299817907,300.026299832956,300.0262998429337,300.02629984306327,300.02629984581296,300.0262998488529,300.02629983659585,300.0262998130123,300.0262997804243,300.02629974047966,300.0262997010277,300.02629967927703,300.0262996715327,300.0262996605961,300.02629965527956,300.02629965525443,300.02629966369443,300.02629966854226,300.02629967584636,300.0262996787029,300.02629968118094,300.02629968272925,300.0262996870367,300.0262996878444,300.02629968933616,300.0262996913627,300.0262996893016,300.0262996926242,300.0262996975221,300.02629969484246,300.02629969602003,300.026299697475,300.02629969343445,300.0262996982504,300.0262996983391,300.02629969619227,300.0262996914573,300.0262996577661,300.0262995857866,300.0262994713504,300.0262993452891,300.02629924495125,300.02629917502895,300.0262991098856,300.026299038043
0.0014787636992374966,300.0262996033208,300.0262996276763,300.0262997065456,300.0262997692018,300.0262998024103,300.026299817907,300.026299832956,300.0262998429337,300.02629984306327,300.02629984581296,300.0262998488529,300.02629983659585,300.0262998130123,300.0262997804243,300.02629974047966,300.0262997010277,300.02629967927703,300.0262996715327,300.0262996605961,300.02629965527956,300.02629965525443,300.02629966369443,300.02629966854226,300.02629967584636,300.0262996787029,300.02629968118094,300.02629968272925,300.0262996870367,300.0262996878444,300.02629968933616,300.0262996913627,300.0262996893016,300.0262996926242,300.0262996975221,300.02629969484246,300.02629969602003,300.026299697475,300.02629969343445,300.0262996982504,300.0262996983391,300.02629969619227,300.0262996914573,300.0262996577661,300.0262995857866,300.0262994713504,300.0262993452891,300.02629924495125,300.02629917502895,300.0262991098856,300.026299038043
0.0014837636992374966,300.0262996033208,300.0262996276763,300.0262997065456,300.0262997692018,300.0262998024103,300.026299817907,300.026299832956,300.0262998429337,300.02629984306327,300.02629984581296,300.0262998488529,300.02629983659585,300.0262998130123,300.0262997804243,300.02629974047966,300.0262997010277,300.02629967927703,300.0262996715327,300.0262996605961,300.02629965527956,300.02629965525443,300.02629966369443,300.02629966854226,300.02629967584636,300.0262996787029,300.02629968118094,300.02629968272925,300.0262996870367,300.0262996878444,300.02629968933616,300.0262996913627,300.0262996893016,300.0262996926242,300.0262996975221,300.02629969484246,300.02629969602003,300.026299697475,300.02629969343445,300.0262996982504,300.0262996983391,300.02629969619227,300.0262996914573,300.0262996577661,300.0262995857866,300.0262994713504,300.0262993452891,300.02629924495125,300.02629917502895,300.0262991098856,300.026299038043
0.0014887636992374966,300.0262996033208,300.0262996276763,300.0262997065456,300.0262997692018,300.0262998024103,300.026299817907,300.026299832956,300.0262998429337,300.02629984306327,300.02629984581296,300.0262998488529,300.02629983659585,300.0262998130123,300.0262997804243,300.02629974047966,300.0262997010277,300.02629967927703,300.0262996715327,300.0262996605961,300.02629965527956,300.02629965525443,300.02629966369443,300.02629966854226,300.02629967584636,300.0262996787029,300.02629968118094,300.02629968272925,300.0262996870367,300.0262996878444,300.02629968933616,300.0262996913627,300.0262996893016,300.0262996926242,300.0262996975221,300.02629969484246,300.02629969602003,300.026299697475,300.02629969343445,300.0262996982504,300.0262996983391,300.02629969619227,300.0262996914573,300.0262996577661,300.0262995857866,300.0262994713504,300.0262993452891,300.02629924495125,300.02629917502895,300.0262991098856,300.026299038043
0.0014937636992374966,300.0262996033208,300.0262996276763,300.0262997065456,300.0262997692018,300.0262998024103,300.026299817907,300.026299832956,300.0262998429337,300.02629984306327,300.02629984581296,300.0262998488529,300.02629983659585,300.0262998130123,300.0262997804243,300.02629974047966,300.0262997010277,300.02629967927703,300.0262996715327,300.0262996605961,300.02629965527956,300.02629965525443,300.02629966369443,300.02629966854226,300.02629967584636,300.0262996787029,300.02629968118094,300.02629968272925,300.0262996870367,300.0262996878444,300.02629968933616,300.0262996913627,300.0262996893016,300.0262996926242,300.0262996975221,300.02629969484246,300.02629969602003,300.026299697475,300.02629969343445,300.0262996982504,300.0262996983391,300.02629969619227,300.0262996914573,300.0262996577661,300.0262995857866,300.0262994713504,300.0262993452891,300.02629924495125,300.02629917502895,300.0262991098856,300.026299038043
0.0014987636992374966,300.0262996033208,300.0262996276763,300.0262997065456,300.0262997692018,300.0262998024103,300.026299817907,300.026299832956,300.0262998429337,300.02629984306327,300.02629984581296,300.0262998488529,300.02629983659585,300.0262998130123,300.0262997804243,300.02629974047966,300.0262997010277,300.02629967927703,300.0262996715327,300.0262996605961,300.02629965527956,300.02629965525443,300.02629966369443,300.02629966854226,300.02629967584636,300.0262996787029,300.02629968118094,300.02629968272925,300.0262996870367,300.0262996878444,300.02629968933616,300.0262996913627,300.0262996893016,300.0262996926242,300.0262996975221,300.02629969484246,300.02629969602003,300.026299697475,300.02629969343445,300.0262996982504,300.0262996983391,300.02629969619227,300.0262996914573,300.0262996577661,300.0262995857866,300.0262994713504,300.0262993452891,300.02629924495125,300.02629917502895,300.0262991098856,300.026299038043
0.0015037636992374967,300.0262996033208,300.0262996276763,300.0262997065456,300.0262997692018,300.0262998024103,300.026299817907,300.026299832956,300.0262998429337,300.02629984306327,300.02629984581296,300.0262998488529,300.02629983659585,300.0262998130123,300.0262997804243,300.02629974047966,300.0262997010277,300.02629967927703,300.0262996715327,300.0262996605961,300.02629965527956,300.02629965525443,300.02629966369443,300.02629966854226,300.02629967584636,300.0262996787029,300.02629968118094,300.02629968272925,300.0262996870367,300.0262996878444,300.02629968933616,300.0262996913627,300.0262996893016,300.0262996926242,300.0262996975221,300.02629969484246,300.02629969602003,300.026299697475,300.02629969343445,300.0262996982504,300.0262996983391,300.02629969619227,300.0262996914573,300.0262996577661,300.0262995857866,300.0262994713504,300.0262993452891,300.02629924495125,300.02629917502895,300.0262991098856,300.026299038043
0.0015092636992374967,300.0262996033208,300.0262996276763,300.0262997065456,300.0262997692018,300.0262998024103,300.026299817907,300.026299832956,300.0262998429337,300.02629984306327,300.02629984581296,300.0262998488529,300.02629983659585,300.0262998130123,300.0262997804243,300.02629974047966,300.0262997010277,300.02629967927703,300.0262996715327,300.0262996605961,300.02629965527956,300.02629965525443,300.02629966369443,300.02629966854226,300.02629967584636,300.0262996787029,300.02629968118094,300.02629968272925,300.0262996870367,300.0262996878444,300.02629968933616,300.0262996913627,300.0262996893016,300.0262996926242,300.0262996975221,300.02629969484246,300.02629969602003,300.026299697475,300.02629969343445,300.0262996982504,300.0262996983391,300.02629969619227,300.0262996914573,300.0262996577661,300.0262995857866,300.0262994713504,300.0262993452891,300.02629924495125,300.02629917502895,300.0262991098856,300.026299038043
0.0015153136992374968,300.0262996033208,300.0262996276763,300.0262997065456,300.0262997692018,300.0262998024103,300.026299817907,300.026299832956,300.0262998429337,300.02629984306327,300.02629984581296,300.0262998488529,300.02629983659585,300.0262998130123,300.0262997804243,300.02629974047966,300.0262997010277,300.02629967927703,300.0262996715327,300.0262996605961,300.02629965527956,300.02629965525443,300.02629966369443,300.02629966854226,300.02629967584636,300.0262996787029,300.02629968118094,300.02629968272925,300.0262996870367,300.0262996878444,300.02629968933616,300.0262996913627,300.0262996893016,300.0262996926242,300.0262996975221,300.02629969484246,300.02629969602003,300.026299697475,300.02629969343445,300.0262996982504,300.0262996983391,300.02629969619227,300.0262996914573,300.0262996577661,300.0262995857866,300.0262994713504,300.0262993452891,300.02629924495125,300.02629917502895,300.0262991098856,300.026299038043
0.0015219686992374967,300.0262996033208,300.0262996276763,300.0262997065456,300.0262997692018,300.0262998024103,300.026299817907,300.026299832956,300.0262998429337,300.02629984306327,300.02629984581296,300.0262998488529,300.02629983659585,300.0262998130123,300.0262997804243,300.02629974047966,300.0262997010277,300.02629967927703,300.0262996715327,300.0262996605961,300.02629965527956,300.02629965525443,300.02629966369443,300.02629966854226,300.02629967584636,300.0262996787029,300.02629968118094,300.02629968272925,300.0262996870367,300.0262996878444,300.02629968933616,300.0262996913627,300.0262996893016,300.0262996926242,300.0262996975221,300.02629969484246,300.02629969602003,300.026299697475,300.02629969343445,300.0262996982504,300.0262996983391,300.02629969619227,300.0262996914573,300.0262996577661,300.0262995857866,300.0262994713504,300.0262993452891,300.02629924495125,300.02629917502895,300.0262991098856,300.026299038043
0.0015292891992374968,300.0262996033208,300.0262996276763,300.0262997065456,300.0262997692018,300.0262998024103,300.026299817907,300.026299832956,300.0262998429337,300.02629984306327,300.02629984581296,300.0262998488529,300.02629983659585,300.0262998130123,300.0262997804243,300.02629974047966,300.0262997010277,300.02629967927703,300.0262996715327,300.0262996605961,300.02629965527956,300.02629965525443,300.02629966369443,300.02629966854226,300.02629967584636,300.0262996787029,300.02629968118094,300.02629968272925,300.0262996870367,300.0262996878444,300.02629968933616,300.0262996913627,300.0262996893016,300.0262996926242,300.0262996975221,300.02629969484246,300.02629969602003,300.026299697475,300.02629969343445,300.0262996982504,300.0262996983391,300.02629969619227,300.0262996914573,300.0262996577661,300.0262995857866,300.0262994713504,300.0262993452891,300.02629924495125,300.02629917502895,300.0262991098856,300.026299038043
0.0015373417492374967,300.0262996033208,300.0262996276763,300.0262997065456,300.0262997692018,300.0262998024103,300.026299817907,300.026299832956,300.0262998429337,300.02629984306327,300.02629984581296,300.0262998488529,300.02629983659585,300.0262998130123,300.0262997804243,300.02629974047966,300.0262997010277,300.02629967927703,300.0262996715327,300.0262996605961,300.02629965527956,300.02629965525443,300.02629966369443,300.02629966854226,300.02629967584636,300.0262996787029,300.02629968118094,300.02629968272925,300.0262996870367,300.0262996878444,300.02629968933616,300.0262996913627,300.0262996893016,300.0262996926242,300.0262996975221,300.02629969484246,300.02629969602003,300.026299697475,300.02629969343445,300.0262996982504,300.0262996983391,300.02629969619227,300.0262996914573,300.0262996577661,300.0262995857866,300.0262994713504,300.0262993452891,300.02629924495125,300.02629917502895,300.0262991098856,300.026299038043
0.0015461995542374967,300.0262996033208,300.0262996276763,300.0262997065456,300.0262997692018,300.0262998024103,300.026299817907,300.026299832956,300.0262998429337,300.02629984306327,300.02629984581296,300.0262998488529,300.02629983659585,300.0262998130123,300.0262997804243,300.02629974047966,300.0262997010277,300.02629967927703,300.0262996715327,300.0262996605961,300.02629965527956,300.02629965525443,300.02629966369443,300.02629966854226,300.02629967584636,300.0262996787029,300.02629968118094,300.02629968272925,300.0262996870367,300.0262996878444,300.02629968933616,300.0262996913627,300.0262996893016,300.0262996926242,300.0262996975221,300.02629969484246,300.02629969602003,300.026299697475,300.02629969343445,300.0262996982504,300.0262996983391,300.02629969619227,300.0262996914573,300.0262996577661,300.0262995857866,300.0262994713504,300.0262993452891,300.02629924495125,300.02629917502895,300.0262991098856,300.026299038043
0.0015559431397374967,300.0262996033208,300.0262996276763,300.0262997065456,300.0262997692018,300.0262998024103,300.026299817907,300.026299832956,300.0262998429337,300.02629984306327,300.02629984581296,300.0262998488529,300.02629983659585,300.0262998130123,300.0262997804243,300.02629974047966,300.0262997010277,300.02629967927703,300.0262996715327,300.0262996605961,300.02629965527956,300.02629965525443,300.02629966369443,300.02629966854226,300.02629967584636,300.0262996787029,300.02629968118094,300.02629968272925,300.0262996870367,300.0262996878444,300.02629968933616,300.0262996913627,300.0262996893016,300.0262996926242,300.0262996975221,300.02629969484246,300.02629969602003,300.026299697475,300.02629969343445,300.0262996982504,300.0262996983391,300.02629969619227,300.0262996914573,300.0262996577661,300.0262995857866,300.0262994713504,300.0262993452891,300.02629924495125,300.02629917502895,300.0262991098856,300.026299038043
0.0015666610837874967,300.0262996033208,300.0262996276763,300.0262997065456,300.0262997692018,300.0262998024103,300.026299817907,300.026299832956,300.0262998429337,300.02629984306327,300.02629984581296,300.0262998488529,300.02629983659585,300.0262998130123,300.0262997804243,300.02629974047966,300.0262997010277,300.02629967927703,300.0262996715327,300.0262996605961,300.02629965527956,300.02629965525443,300.02629966369443,300.02629966854226,300.02629967584636,300.0262996787029,300.02629968118094,300.02629968272925,300.0262996870367,300.0262996878444,300.02629968933616,300.0262996913627,300.0262996893016,300.0262996926242,300.0262996975221,300.02629969484246,300.02629969602003,300.026299697475,300.02629969343445,300.0262996982504,300.0262996983391,300.02629969619227,300.0262996914573,300.0262996577661,300.0262995857866,300.0262994713504,300.0262993452891,300.02629924495125,300.02629917502895,300.0262991098856,300.026299038043
0.0015784508222424967,300.0262996033208,300.0262996276763,300.0262997065456,300.0262997692018,300.0262998024103,300.026299817907,300.026299832956,300.0262998429337,300.02629984306327,300.02629984581296,300.0262998488529,300.02629983659585,300.0262998130123,300.0262997804243,300.02629974047966,300.0262997010277,300.02629967927703,300.0262996715327,300.0262996605961,300.02629965527956,300.02629965525443,300.02629966369443,300.02629966854226,300.02629967584636,300.0262996787029,300.02629968118094,300.02629968272925,300.0262996870367,300.0262996878444,300.02629968933616,300.0262996913627,300.0262996893016,300.0262996926242,300.0262996975221,300.02629969484246,300.02629969602003,300.026299697475,300.02629969343445,300.0262996982504,300.0262996983391,300.02629969619227,300.0262996914573,300.0262996577661,300.0262995857866,300.0262994713504,300.0262993452891,300.02629924495125,300.02629917502895,300.0262991098856,300.026299038043
0.0015914195345429966,300.0262996033208,300.0262996276763,300.0262997065456,300.0262997692018,300.0262998024103,300.026299817907,300.026299832956,300.0262998429337,300.02629984306327,300.02629984581296,300.0262998488529,300.02629983659585,300.0262998130123,300.0262997804243,300.02629974047966,300.0262997010277,300.02629967927703,300.0262996715327,300.0262996605961,300.02629965527956,300.02629965525443,300.02629966369443,300.02629966854226,300.02629967584636,300.0262996787029,300.02629968118094,300.02629968272925,300.0262996870367,300.0262996878444,300.02629968933616,300.0262996913627,300.0262996893016,300.0262996926242,300.0262996975221,300.02629969484246,300.02629969602003,300.026299697475,300.02629969343445,300.0262996982504,300.0262996983391,300.02629969619227,300.0262996914573,300.0262996577661,300.0262995857866,300.0262994713504,300.0262993452891,300.02629924495125,300.02629917502895,300.0262991098856,300.026299038043
0.0016056851180735467,300.0262996033208,300.0262996276763,300.0262997065456,300.0262997692018,300.0262998024103,300.026299817907,300.026299832956,300.0262998429337,300.02629984306327,300.02629984581296,300.0262998488529,300.02629983659585,300.0262998130123,300.0262997804243,300.02629974047966,300.0262997010277,300.02629967927703,300.0262996715327,300.0262996605961,300.02629965527956,300.02629965525443,300.02629966369443,300.02629966854226,300.02629967584636,300.0262996787029,300.02629968118094,300.02629968272925,300.0262996870367,300.0262996878444,300.02629968933616,300.0262996913627,300.0262996893016,300.0262996926242,300.0262996975221,300.02629969484246,300.02629969602003,300.026299697475,300.02629969343445,300.0262996982504,300.0262996983391,300.02629969619227,300.0262996914573,300.0262996577661,300.0262995857866,300.0262994713504,300.0262993452891,300.02629924495125,300.02629917502895,300.0262991098856,300.026299038043
0.0016213772599571517,300.0262996033208,300.0262996276763,300.0262997065456,300.0262997692018,300.0262998024103,300.026299817907,300.026299832956,300.0262998429337,300.02629984306327,300.02629984581296,300.0262998488529,300.02629983659585,300.0262998130123,300.0262997804243,300.02629974047966,300.0262997010277,300.02629967927703,300.0262996715327,300.0262996605961,300.02629965527956,300.02629965525443,300.02629966369443,300.02629966854226,300.02629967584636,300.0262996787029,300.02629968118094,300.02629968272925,300.0262996870367,300.0262996878444,300.02629968933616,300.0262996913627,300.0262996893016,300.0262996926242,300.0262996975221,300.02629969484246,300.02629969602003,300.026299697475,300.02629969343445,300.0262996982504,300.0262996983391,300.02629969619227,300.0262996914573,300.0262996577661,300.0262995857866,300.0262994713504,300.0262993452891,300.02629924495125,300.02629917502895,300.0262991098856,300.026299038043
0.0016386386160291172,300.0262996033208,300.0262996276763,300.0262997065456,300.0262997692018,300.0262998024103,300.026299817907,300.026299832956,300.0262998429337,300.02629984306327,300.02629984581296,300.0262998488529,300.02629983659585,300.0262998130123,300.0262997804243,300.02629974047966,300.0262997010277,300.02629967927703,300.0262996715327,300.0262996605961,300.02629965527956,300.02629965525443,300.02629966369443,300.02629966854226,300.02629967584636,300.0262996787029,300.02629968118094,300.02629968272925,300.0262996870367,300.0262996878444,300.02629968933616,300.0262996913627,300.0262996893016,300.0262996926242,300.0262996975221,300.02629969484246,300.02629969602003,300.026299697475,300.02629969343445,300.0262996982504,300.0262996983391,300.02629969619227,300.0262996914573,300.0262996577661,300.0262995857866,300.0262994713504,300.0262993452891,300.02629924495125,300.02629917502895,300.0262991098856,300.026299038043
0.0016576261077082793,300.0262996033208,300.0262996276763,300.0262997065456,300.0262997692018,300.0262998024103,300.026299817907,300.026299832956,300.0262998429337,300.02629984306327,300.02629984581296,300.0262998488529,300.02629983659585,300.0262998130123,300.0262997804243,300.02629974047966,300.0262997010277,300.02629967927703,300.0262996715327,300.0262996605961,300.02629965527956,300.02629965525443,300.02629966369443,300.02629966854226,300.02629967584636,300.0262996787029,300.02629968118094,300.02629968272925,300.0262996870367,300.0262996878444,300.02629968933616,300.0262996913627,300.0262996893016,300.0262996926242,300.0262996975221,300.02629969484246,300.02629969602003,300.026299697475,300.02629969343445,300.0262996982504,300.0262996983391,300.02629969619227,300.0262996914573,300.0262996577661,300.0262995857866,300.0262994713504,300.0262993452891,300.02629924495125,300.02629917502895,300.0262991098856,300.026299038043
0.0016785123485553576,300.0262996033208,300.0262996276763,300.0262997065456,300.0262997692018,300.0262998024103,300.026299817907,300.026299832956,300.0262998429337,300.02629984306327,300.02629984581296,300.0262998488529,300.02629983659585,300.0262998130123,300.0262997804243,300.02629974047966,300.0262997010277,300.02629967927703,300.0262996715327,300.0262996605961,300.02629965527956,300.02629965525443,300.02629966369443,300.02629966854226,300.02629967584636,300.0262996787029,300.02629968118094,300.02629968272925,300.0262996870367,300.0262996878444,300.02629968933616,300.0262996913627,300.0262996893016,300.0262996926242,300.0262996975221,300.02629969484246,300.02629969602003,300.026299697475,300.02629969343445,300.0262996982504,300.0262996983391,300.02629969619227,300.0262996914573,300.0262996577661,300.0262995857866,300.0262994713504,300.0262993452891,300.02629924495125,300.02629917502895,300.0262991098856,300.026299038043
0.0017014872134871438,300.0262996033208,300.0262996276763,300.0262997065456,300.0262997692018,300.0262998024103,300.026299817907,300.026299832956,300.0262998429337,300.02629984306327,300.02629984581296,300.0262998488529,300.02629983659585,300.0262998130123,300.0262997804243,300.02629974047966,300.0262997010277,300.02629967927703,300.0262996715327,300.0262996605961,300.02629965527956,300.02629965525443,300.02629966369443,300.02629966854226,300.02629967584636,300.0262996787029,300.02629968118094,300.02629968272925,300.0262996870367,300.0262996878444,300.02629968933616,300.0262996913627,300.0262996893016,300.0262996926242,300.0262996975221,300.02629969484246,300.02629969602003,300.026299697475,300.02629969343445,300.0262996982504,300.0262996983391,300.02629969619227,300.0262996914573,300.0262996577661,300.0262995857866,300.0262994713504,300.0262993452891,300.02629924495125,300.02629917502895,300.0262991098856,300.026299038043
0.0017267595649121084,300.0262996033208,300.0262996276763,300.0262997065456,300.0262997692018,300.0262998024103,300.026299817907,300.026299832956,300.0262998429337,300.02629984306327,300.02629984581296,300.0262998488529,300.02629983659585,300.0262998130123,300.0262997804243,300.02629974047966,300.0262997010277,300.02629967927703,300.0262996715327,300.0262996605961,300.02629965527956,300.02629965525443,300.02629966369443,300.02629966854226,300.02629967584636,300.0262996787029,300.02629968118094,300.02629968272925,300.0262996870367,300.0262996878444,300.02629968933616,300.0262996913627,300.0262996893016,300.0262996926242,300.0262996975221,300.02629969484246,300.02629969602003,300.026299697475,300.02629969343445,300.0262996982504,300.0262996983391,300.02629969619227,300.0262996914573,300.0262996577661,300.0262995857866,300.0262994713504,300.0262993452891,300.02629924495125,300.02629917502895,300.0262991098856,300.026299038043
0.0017545591514795697,300.0262996033208,300.0262996276763,300.0262997065456,300.0262997692018,300.0262998024103,300.026299817907,300.026299832956,300.0262998429337,300.02629984306327,300.02629984581296,300.0262998488529,300.02629983659585,300.0262998130123,300.0262997804243,300.02629974047966,300.0262997010277,300.02629967927703,300.0262996715327,300.0262996605961,300.02629965527956,300.02629965525443,300.02629966369443,300.02629966854226,300.02629967584636,300.0262996787029,300.02629968118094,300.02629968272925,300.0262996870367,300.0262996878444,300.02629968933616,300.0262996913627,300.0262996893016,300.0262996926242,300.0262996975221,300.02629969484246,300.02629969602003,300.026299697475,300.02629969343445,300.0262996982504,300.0262996983391,300.02629969619227,300.0262996914573,300.0262996577661,300.0262995857866,300.0262994713504,300.0262993452891,300.02629924495125,300.02629917502895,300.0262991098856,300.026299038043
0.001785138696703777,300.0262996033208,300.0262996276763,300.0262997065456,300.0262997692018,300.0262998024103,300.026299817907,300.026299832956,300.0262998429337,300.02629984306327,300.02629984581296,300.0262998488529,300.02629983659585,300.0262998130123,300.0262997804243,300.02629974047966,300.0262997010277,300.02629967927703,300.0262996715327,300.0262996605961,300.02629965527956,300.02629965525443,300.02629966369443,300.02629966854226,300.02629967584636,300.0262996787029,300.02629968118094,300.02629968272925,300.0262996870367,300.0262996878444,300.02629968933616,300.0262996913627,300.0262996893016,300.0262996926242,300.0262996975221,300.02629969484246,300.02629969602003,300.026299697475,300.02629969343445,300.0262996982504,300.0262996983391,300.02629969619227,300.0262996914573,300.0262996577661,300.0262995857866,300.0262994713504,300.0262993452891,300.02629924495125,300.02629917502895,300.0262991098856,300.026299038043
0.001818776196450405,300.0262996033208,300.0262996276763,300.0262997065456,300.0262997692018,300.0262998024103,300.026299817907,300.026299832956,300.0262998429337,300.02629984306327,300.02629984581296,300.0262998488529,300.02629983659585,300.0262998130123,300.0262997804243,300.02629974047966,300.0262997010277,300.02629967927703,300.0262996715327,300.0262996605961,300.02629965527956,300.02629965525443,300.02629966369443,300.02629966854226,300.02629967584636,300.0262996787029,300.02629968118094,300.02629968272925,300.0262996870367,300.0262996878444,300.02629968933616,300.0262996913627,300.0262996893016,300.0262996926242,300.0262996975221,300.02629969484246,300.02629969602003,300.026299697475,300.02629969343445,300.0262996982504,300.0262996983391,300.02629969619227,300.0262996914573,300.0262996577661,300.0262995857866,300.0262994713504,300.0262993452891,300.02629924495125,300.02629917502895,300.0262991098856,300.026299038043
0.0018557774461716958,300.0262996033208,300.0262996276763,300.0262997065456,300.0262997692018,300.0262998024103,300.026299817907,300.026299832956,300.0262998429337,300.02629984306327,300.02629984581296,300.0262998488529,300.02629983659585,300.0262998130123,300.0262997804243,300.02629974047966,300.0262997010277,300.02629967927703,300.0262996715327,300.0262996605961,300.02629965527956,300.02629965525443,300.02629966369443,300.02629966854226,300.02629967584636,300.0262996787029,300.02629968118094,300.02629968272925,300.0262996870367,300.0262996878444,300.02629968933616,300.0262996913627,300.0262996893016,300.0262996926242,300.0262996975221,300.02629969484246,300.02629969602003,300.026299697475,300.02629969343445,300.0262996982504,300.0262996983391,300.02629969619227,300.0262996914573,300.0262996577661,300.0262995857866,300.0262994713504,300.0262993452891,300.02629924495125,300.02629917502895,300.0262991098856,300.026299038043
0.0018964788208651157,300.0262996033208,300.0262996276763,300.0262997065456,300.0262997692018,300.0262998024103,300.026299817907,300.026299832956,300.0262998429337,300.02629984306327,300.02629984581296,300.0262998488529,300.02629983659585,300.0262998130123,300.0262997804243,300.02629974047966,300.0262997010277,300.02629967927703,300.0262996715327,300.0262996605961,300.02629965527956,300.02629965525443,300.02629966369443,300.02629966854226,300.02629967584636,300.0262996787029,300.02629968118094,300.02629968272925,300.0262996870367,300.0262996878444,300.02629968933616,300.0262996913627,300.0262996893016,300.0262996926242,300.0262996975221,300.02629969484246,300.02629969602003,300.026299697475,300.02629969343445,300.0262996982504,300.0262996983391,300.02629969619227,300.0262996914573,300.0262996577661,300.0262995857866,300.0262994713504,300.0262993452891,300.02629924495125,300.02629917502895,300.0262991098856,300.026299038043
0.0019412503330278777,300.0262996033208,300.0262996276763,300.0262997065456,300.0262997692018,300.0262998024103,300.026299817907,300.026299832956,300.0262998429337,300.02629984306327,300.02629984581296,300.0262998488529,300.02629983659585,300.0262998130123,300.0262997804243,300.02629974047966,300.0262997010277,300.02629967927703,300.0262996715327,300.0262996605961,300.02629965527956,300.02629965525443,300.02629966369443,300.02629966854226,300.02629967584636,300.0262996787029,300.02629968118094,300.02629968272925,300.0262996870367,300.0262996878444,300.02629968933616,300.0262996913627,300.0262996893016,300.0262996926242,300.0262996975221,300.02629969484246,300.02629969602003,300.026299697475,300.02629969343445,300.0262996982504,300.0262996983391,300.02629969619227,300.0262996914573,300.0262996577661,300.0262995857866,300.0262994713504,300.0262993452891,300.02629924495125,300.02629917502895,300.0262991098856,300.026299038043
0.001990498996406916,300.0262996033208,300.0262996276763,300.0262997065456,300.0262997692018,300.0262998024103,300.026299817907,300.026299832956,300.0262998429337,300.02629984306327,300.02629984581296,300.0262998488529,300.02629983659585,300.0262998130123,300.0262997804243,300.02629974047966,300.0262997010277,300.02629967927703,300.0262996715327,300.0262996605961,300.02629965527956,300.02629965525443,300.02629966369443,300.02629966854226,300.02629967584636,300.0262996787029,300.02629968118094,300.02629968272925,300.0262996870367,300.0262996878444,300.02629968933616,300.0262996913627,300.0262996893016,300.0262996926242,300.0262996975221,300.02629969484246,300.02629969602003,300.026299697475,300.02629969343445,300.0262996982504,300.0262996983391,300.02629969619227,300.0262996914573,300.0262996577661,300.0262995857866,300.0262994713504,300.0262993452891,300.02629924495125,300.02629917502895,300.0262991098856,300.026299038043
0.002044672526123858,300.0262996033208,300.0262996276763,300.0262997065456,300.0262997692018,300.0262998024103,300.026299817907,300.026299832956,300.0262998429337,300.02629984306327,300.02629984581296,300.0262998488529,300.02629983659585,300.0262998130123,300.0262997804243,300.02629974047966,300.0262997010277,300.02629967927703,300.0262996715327,300.0262996605961,300.02629965527956,300.02629965525443,300.02629966369443,300.02629966854226,300.02629967584636,300.0262996787029,300.02629968118094,300.02629968272925,300.0262996870367,300.0262996878444,300.02629968933616,300.0262996913627,300.0262996893016,300.0262996926242,300.0262996975221,300.02629969484246,300.02629969602003,300.026299697475,300.02629969343445,300.0262996982504,300.0262996983391,300.02629969619227,300.0262996914573,300.0262996577661,300.0262995857866,300.0262994713504,300.0262993452891,300.02629924495125,300.02629917502895,300.0262991098856,300.026299038043
0.002104263408812494,300.0262996033208,300.0262996276763,300.0262997065456,300.0262997692018,300.0262998024103,300.026299817907,300.026299832956,300.0262998429337,300.02629984306327,300.02629984581296,300.0262998488529,300.02629983659585,300.0262998130123,300.0262997804243,300.02629974047966,300.0262997010277,300.02629967927703,300.0262996715327,300.0262996605961,300.02629965527956,300.02629965525443,300.02629966369443,300.02629966854226,300.02629967584636,300.0262996787029,300.02629968118094,300.02629968272925,300.0262996870367,300.0262996878444,300.02629968933616,300.0262996913627,300.0262996893016,300.0262996926242,300.0262996975221,300.02629969484246,300.02629969602003,300.026299697475,300.02629969343445,300.0262996982504,300.0262996983391,300.02629969619227,300.0262996914573,300.0262996577661,300.0262995857866,300.0262994713504,300.0262993452891,300.02629924495125,300.02629917502895,300.0262991098856,300.026299038043
0.002169813379769994,300.0262996033208,300.0262996276763,300.0262997065456,300.0262997692018,300.0262998024103,300.026299817907,300.026299832956,300.0262998429337,300.02629984306327,300.02629984581296,300.0262998488529,300.02629983659585,300.0262998130123,300.0262997804243,300.02629974047966,300.0262997010277,300.02629967927703,300.0262996715327,300.0262996605961,300.02629965527956,300.02629965525443,300.02629966369443,300.02629966854226,300.02629967584636,300.0262996787029,300.02629968118094,300.02629968272925,300.0262996870367,300.0262996878444,300.02629968933616,300.0262996913627,300.0262996893016,300.0262996926242,300.0262996975221,300.02629969484246,300.02629969602003,300.026299697475,300.02629969343445,300.0262996982504,300.0262996983391,300.02629969619227,300.0262996914573,300.0262996577661,300.0262995857866,300.0262994713504,300.0262993452891,300.02629924495125,300.02629917502895,300.0262991098856,300.026299038043
0.002241918347823244,300.0262996033208,300.0262996276763,300.0262997065456,300.0262997692018,300.0262998024103,300.026299817907,300.026299832956,300.0262998429337,300.02629984306327,300.02629984581296,300.0262998488529,300.02629983659585,300.0262998130123,300.0262997804243,300.02629974047966,300.0262997010277,300.02629967927703,300.0262996715327,300.0262996605961,300.02629965527956,300.02629965525443,300.02629966369443,300.02629966854226,300.02629967584636,300.0262996787029,300.02629968118094,300.02629968272925,300.0262996870367,300.0262996878444,300.02629968933616,300.0262996913627,300.0262996893016,300.0262996926242,300.0262996975221,300.02629969484246,300.02629969602003,300.026299697475,300.02629969343445,300.0262996982504,300.0262996983391,300.02629969619227,300.0262996914573,300.0262996577661,300.0262995857866,300.0262994713504,300.0262993452891,300.02629924495125,300.02629917502895,300.0262991098856,300.026299038043
0.0023212338126818188,300.0262996033208,300.0262996276763,300.0262997065456,300.0262997692018,300.0262998024103,300.026299817907,300.026299832956,300.0262998429337,300.02629984306327,300.02629984581296,300.0262998488529,300.02629983659585,300.0262998130123,300.0262997804243,300.02629974047966,300.0262997010277,300.02629967927703,300.0262996715327,300.0262996605961,300.02629965527956,300.02629965525443,300.02629966369443,300.02629966854226,300.02629967584636,300.0262996787029,300.02629968118094,300.02629968272925,300.0262996870367,300.0262996878444,300.02629968933616,300.0262996913627,300.0262996893016,300.0262996926242,300.0262996975221,300.02629969484246,300.02629969602003,300.026299697475,300.02629969343445,300.0262996982504,300.0262996983391,300.02629969619227,300.0262996914573,300.0262996577661,300.0262995857866,300.0262994713504,300.0262993452891,300.02629924495125,300.02629917502895,300.0262991098856,300.026299038043
0.002408480824026251,300.0262996033208,300.0262996276763,300.0262997065456,300.0262997692018,300.0262998024103,300.026299817907,300.026299832956,300.0262998429337,300.02629984306327,300.02629984581296,300.0262998488529,300.02629983659585,300.0262998130123,300.0262997804243,300.02629974047966,300.0262997010277,300.02629967927703,300.0262996715327,300.0262996605961,300.02629965527956,300.02629965525443,300.02629966369443,300.02629966854226,300.02629967584636,300.0262996787029,300.02629968118094,300.02629968272925,300.0262996870367,300.0262996878444,300.02629968933616,300.0262996913627,300.0262996893016,300.0262996926242,300.0262996975221,300.02629969484246,300.02629969602003,300.026299697475,300.02629969343445,300.0262996982504,300.0262996983391,300.02629969619227,300.0262996914573,300.0262996577661,300.0262995857866,300.0262994713504,300.0262993452891,300.02629924495125,300.02629917502895,300.0262991098856,300.026299038043
0.0025044525365051267,300.0262996033208,300.0262996276763,300.0262997065456,300.0262997692018,300.0262998024103,300.026299817907,300.026299832956,300.0262998429337,300.02629984306327,300.02629984581296,300.0262998488529,300.02629983659585,300.0262998130123,300.0262997804243,300.02629974047966,300.0262997010277,300.02629967927703,300.0262996715327,300.0262996605961,300.02629965527956,300.02629965525443,300.02629966369443,300.02629966854226,300.02629967584636,300.0262996787029,300.02629968118094,300.02629968272925,300.0262996870367,300.0262996878444,300.02629968933616,300.0262996913627,300.0262996893016,300.0262996926242,300.0262996975221,300.02629969484246,300.02629969602003,300.026299697475,300.02629969343445,300.0262996982504,300.0262996983391,300.02629969619227,300.0262996914573,300.0262996577661,300.0262995857866,300.0262994713504,300.0262993452891,300.02629924495125,300.02629917502895,300.0262991098856,300.026299038043
0.0026100214202318898,300.0262996033208,300.0262996276763,300.0262997065456,300.0262997692018,300.0262998024103,300.026299817907,300.026299832956,300.0262998429337,300.02629984306327,300.02629984581296,300.0262998488529,300.02629983659585,300.0262998130123,300.0262997804243,300.02629974047966,300.0262997010277,300.02629967927703,300.0262996715327,300.0262996605961,300.02629965527956,300.02629965525443,300.02629966369443,300.02629966854226,300.02629967584636,300.0262996787029,300.02629968118094,300.02629968272925,300.0262996870367,300.0262996878444,300.02629968933616,300.0262996913627,300.0262996893016,300.0262996926242,300.0262996975221,300.02629969484246,300.02629969602003,300.026299697475,300.02629969343445,300.0262996982504,300.0262996983391,300.02629969619227,300.0262996914573,300.0262996577661,300.0262995857866,300.0262994713504,300.0262993452891,300.02629924495125,300.02629917502895,300.0262991098856,300.026299038043
0.002726147192331329,300.0262996033208,300.0262996276763,300.0262997065456,300.0262997692018,300.0262998024103,300.026299817907,300.026299832956,300.0262998429337,300.02629984306327,300.02629984581296,300.0262998488529,300.02629983659585,300.0262998130123,300.0262997804243,300.02629974047966,300.0262997010277,300.02629967927703,300.0262996715327,300.0262996605961,300.02629965527956,300.02629965525443,300.02629966369443,300.02629966854226,300.02629967584636,300.0262996787029,300.02629968118094,300.02629968272925,300.0262996870367,300.0262996878444,300.02629968933616,300.0262996913627,300.0262996893016,300.0262996926242,300.0262996975221,300.02629969484246,300.02629969602003,300.026299697475,300.02629969343445,300.0262996982504,300.0262996983391,300.02629969619227,300.0262996914573,300.0262996577661,300.0262995857866,300.0262994713504,300.0262993452891,300.02629924495125,300.02629917502895,300.0262991098856,300.026299038043
0.0028538855416407123,300.0262996033208,300.0262996276763,300.0262997065456,300.0262997692018,300.0262998024103,300.026299817907,300.026299832956,300.0262998429337,300.02629984306327,300.02629984581296,300.0262998488529,300.02629983659585,300.0262998130123,300.0262997804243,300.02629974047966,300.0262997010277,300.02629967927703,300.0262996715327,300.0262996605961,300.02629965527956,300.02629965525443,300.02629966369443,300.02629966854226,300.02629967584636,300.0262996787029,300.02629968118094,300.02629968272925,300.0262996870367,300.0262996878444,300.02629968933616,300.0262996913627,300.0262996893016,300.0262996926242,300.0262996975221,300.02629969484246,300.02629969602003,300.026299697475,300.02629969343445,300.0262996982504,300.0262996983391,300.02629969619227,300.0262996914573,300.0262996577661,300.0262995857866,300.0262994713504,300.0262993452891,300.02629924495125,300.02629917502895,300.0262991098856,300.026299038043
0.002994397725881034,300.0262996033208,300.0262996276763,300.0262997065456,300.0262997692018,300.0262998024103,300.026299817907,300.026299832956,300.0262998429337,300.02629984306327,300.02629984581296,300.0262998488529,300.02629983659585,300.0262998130123,300.0262997804243,300.02629974047966,300.0262997010277,300.02629967927703,300.0262996715327,300.0262996605961,300.02629965527956,300.02629965525443,300.02629966369443,300.02629966854226,300.02629967584636,300.0262996787029,300.02629968118094,300.02629968272925,300.0262996870367,300.0262996878444,300.02629968933616,300.0262996913627,300.0262996893016,300.0262996926242,300.0262996975221,300.02629969484246,300.02629969602003,300.026299697475,300.02629969343445,300.0262996982504,300.0262996983391,300.02629969619227,300.0262996914573,300.0262996577661,300.0262995857866,300.0262994713504,300.0262993452891,300.02629924495125,300.02629917502895,300.0262991098856,300.026299038043
0.003148961128545388,300.0262996033208,300.0262996276763,300.0262997065456,300.0262997692018,300.0262998024103,300.026299817907,300.026299832956,300.0262998429337,300.02629984306327,300.02629984581296,300.0262998488529,300.02629983659585,300.0262998130123,300.0262997804243,300.02629974047966,300.0262997010277,300.02629967927703,300.0262996715327,300.0262996605961,300.02629965527956,300.02629965525443,300.02629966369443,300.02629966854226,300.02629967584636,300.0262996787029,300.02629968118094,300.02629968272925,300.0262996870367,300.0262996878444,300.02629968933616,300.0262996913627,300.0262996893016,300.0262996926242,300.0262996975221,300.02629969484246,300.02629969602003,300.026299697475,300.02629969343445,300.0262996982504,300.0262996983391,300.02629969619227,300.0262996914573,300.0262996577661,300.0262995857866,300.0262994713504,300.0262993452891,300.02629924495125,300.02629917502895,300.0262991098856,300.026299038043
0.0033189808714761773,300.0262996033208,300.0262996276763,300.0262997065456,300.0262997692018,300.0262998024103,300.026299817907,300.026299832956,300.0262998429337,300.02629984306327,300.02629984581296,300.0262998488529,300.02629983659585,300.0262998130123,300.0262997804243,300.02629974047966,300.0262997010277,300.02629967927703,300.0262996715327,300.0262996605961,300.02629965527956,300.02629965525443,300.02629966369443,300.02629966854226,300.02629967584636,300.0262996787029,300.02629968118094,300.02629968272925,300.0262996870367,300.0262996878444,300.02629968933616,300.0262996913627,300.0262996893016,300.0262996926242,300.0262996975221,300.02629969484246,300.02629969602003,300.026299697475,300.02629969343445,300.0262996982504,300.0262996983391,300.02629969619227,300.0262996914573,300.0262996577661,300.0262995857866,300.0262994713504,300.0262993452891,300.02629924495125,300.02629917502895,300.0262991098856,300.026299038043
0.0035060025887000456,300.0262996033208,300.0262996276763,300.0262997065456,300.0262997692018,300.0262998024103,300.026299817907,300.026299832956,300.0262998429337,300.02629984306327,300.02629984581296,300.0262998488529,300.02629983659585,300.0262998130123,300.0262997804243,300.02629974047966,300.0262997010277,300.02629967927703,300.0262996715327,300.0262996605961,300.02629965527956,300.02629965525443,300.02629966369443,300.02629966854226,300.02629967584636,300.0262996787029,300.02629968118094,300.02629968272925,300.0262996870367,300.0262996878444,300.02629968933616,300.0262996913627,300.0262996893016,300.0262996926242,300.0262996975221,300.02629969484246,300.02629969602003,300.026299697475,300.02629969343445,300.0262996982504,300.0262996983391,300.02629969619227,300.0262996914573,300.0262996577661,300.0262995857866,300.0262994713504,300.0262993452891,300.02629924495125,300.02629917502895,300.0262991098856,300.026299038043
0.0037117264776463004,300.0262996033208,300.0262996276763,300.0262997065456,300.0262997692018,300.0262998024103,300.026299817907,300.026299832956,300.0262998429337,300.02629984306327,300.02629984581296,300.0262998488529,300.02629983659585,300.0262998130123,300.0262997804243,300.02629974047966,300.0262997010277,300.02629967927703,300.0262996715327,300.0262996605961,300.02629965527956,300.02629965525443,300.02629966369443,300.02629966854226,300.02629967584636,300.0262996787029,300.02629968118094,300.02629968272925,300.0262996870367,300.0262996878444,300.02629968933616,300.0262996913627,300.0262996893016,300.0262996926242,300.0262996975221,300.02629969484246,300.02629969602003,300.026299697475,300.02629969343445,300.0262996982504,300.0262996983391,300.02629969619227,300.0262996914573,300.0262996577661,300.0262995857866,300.0262994713504,300.0262993452891,300.02629924495125,300.02629917502895,300.0262991098856,300.026299038043
0.003938022755487181,300.0262996033208,300.0262996276763,300.0262997065456,300.0262997692018,300.0262998024103,300.026299817907,300.026299832956,300.0262998429337,300.02629984306327,300.02629984581296,300.0262998488529,300.02629983659585,300.0262998130123,300.0262997804243,300.02629974047966,300.0262997010277,300.02629967927703,300.0262996715327,300.0262996605961,300.02629965527956,300.02629965525443,300.02629966369443,300.02629966854226,300.02629967584636,300.0262996787029,300.02629968118094,300.02629968272925,300.0262996870367,300.0262996878444,300.02629968933616,300.0262996913627,300.0262996893016,300.0262996926242,300.0262996975221,300.02629969484246,300.02629969602003,300.026299697475,300.02629969343445,300.0262996982504,300.0262996983391,300.02629969619227,300.0262996914573,300.0262996577661,300.0262995857866,300.0262994713504,300.0262993452891,300.02629924495125,300.02629917502895,300.0262991098856,300.026299038043
0.00418694866111215,300.0262996033208,300.0262996276763,300.0262997065456,300.0262997692018,300.0262998024103,300.026299817907,300.026299832956,300.0262998429337,300.02629984306327,300.02629984581296,300.0262998488529,300.02629983659585,300.0262998130123,300.0262997804243,300.02629974047966,300.0262997010277,300.02629967927703,300.0262996715327,300.0262996605961,300.02629965527956,300.02629965525443,300.02629966369443,300.02629966854226,300.02629967584636,300.0262996787029,300.02629968118094,300.02629968272925,300.0262996870367,300.0262996878444,300.02629968933616,300.0262996913627,300.0262996893016,300.0262996926242,300.0262996975221,300.02629969484246,300.02629969602003,300.026299697475,300.02629969343445,300.0262996982504,300.0262996983391,300.02629969619227,300.0262996914573,300.0262996577661,300.0262995857866,300.0262994713504,300.0262993452891,300.02629924495125,300.02629917502895,300.0262991098856,300.026299038043
0.004460767157299615,300.0262996033208,300.0262996276763,300.0262997065456,300.0262997692018,300.0262998024103,300.026299817907,300.026299832956,300.0262998429337,300.02629984306327,300.02629984581296,300.0262998488529,300.02629983659585,300.0262998130123,300.0262997804243,300.02629974047966,300.0262997010277,300.02629967927703,300.0262996715327,300.0262996605961,300.02629965527956,300.02629965525443,300.02629966369443,300.02629966854226,300.02629967584636,300.0262996787029,300.02629968118094,300.02629968272925,300.0262996870367,300.0262996878444,300.02629968933616,300.0262996913627,300.0262996893016,300.0262996926242,300.0262996975221,300.02629969484246,300.02629969602003,300.026299697475,300.02629969343445,300.0262996982504,300.0262996983391,300.02629969619227,300.0262996914573,300.0262996577661,300.0262995857866,300.0262994713504,300.0262993452891,300.02629924495125,300.02629917502895,300.0262991098856,300.026299038043
0.004761967503105828,300.0262996033208,300.0262996276763,300.0262997065456,300.0262997692018,300.0262998024103,300.026299817907,300.026299832956,300.0262998429337,300.02629984306327,300.02629984581296,300.0262998488529,300.02629983659585,300.0262998130123,300.0262997804243,300.02629974047966,300.0262997010277,300.02629967927703,300.0262996715327,300.0262996605961,300.02629965527956,300.02629965525443,300.02629966369443,300.02629966854226,300.02629967584636,300.0262996787029,300.02629968118094,300.02629968272925,300.0262996870367,300.0262996878444,300.02629968933616,300.0262996913627,300.0262996893016,300.0262996926242,300.0262996975221,300.02629969484246,300.02629969602003,300.026299697475,300.02629969343445,300.0262996982504,300.0262996983391,300.02629969619227,300.0262996914573,300.0262996577661,300.0262995857866,300.0262994713504,300.0262993452891,300.02629924495125,300.02629917502895,300.0262991098856,300.026299038043
0.005093287883492661,300.0262996033208,300.0262996276763,300.0262997065456,300.0262997692018,300.0262998024103,300.026299817907,300.026299832956,300.0262998429337,300.02629984306327,300.02629984581296,300.0262998488529,300.02629983659585,300.0262998130123,300.0262997804243,300.02629974047966,300.0262997010277,300.02629967927703,300.0262996715327,300.0262996605961,300.02629965527956,300.02629965525443,300.02629966369443,300.02629966854226,300.02629967584636,300.0262996787029,300.02629968118094,300.02629968272925,300.0262996870367,300.0262996878444,300.02629968933616,300.0262996913627,300.0262996893016,300.0262996926242,300.0262996975221,300.02629969484246,300.02629969602003,300.026299697475,300.02629969343445,300.0262996982504,300.0262996983391,300.02629969619227,300.0262996914573,300.0262996577661,300.0262995857866,300.0262994713504,300.0262993452891,300.02629924495125,300.02629917502895,300.0262991098856,300.026299038043
0.005457740301918178,300.0262996033208,300.0262996276763,300.0262997065456,300.0262997692018,300.0262998024103,300.026299817907,300.026299832956,300.0262998429337,300.02629984306327,300.02629984581296,300.0262998488529,300.02629983659585,300.0262998130123,300.0262997804243,300.02629974047966,300.0262997010277,300.02629967927703,300.0262996715327,300.0262996605961,300.02629965527956,300.02629965525443,300.02629966369443,300.02629966854226,300.02629967584636,300.0262996787029,300.02629968118094,300.02629968272925,300.0262996870367,300.0262996878444,300.02629968933616,300.0262996913627,300.0262996893016,300.0262996926242,300.0262996975221,300.02629969484246,300.02629969602003,300.026299697475,300.02629969343445,300.0262996982504,300.0262996983391,300.02629969619227,300.0262996914573,300.0262996577661,300.0262995857866,300.0262994713504,300.0262993452891,300.02629924495125,300.02629917502895,300.0262991098856,300.026299038043
0.005858637962186246,300.0262996033208,300.0262996276763,300.0262997065456,300.0262997692018,300.0262998024103,300.026299817907,300.026299832956,300.0262998429337,300.02629984306327,300.02629984581296,300.0262998488529,300.02629983659585,300.0262998130123,300.0262997804243,300.02629974047966,300.0262997010277,300.02629967927703,300.0262996715327,300.0262996605961,300.02629965527956,300.02629965525443,300.02629966369443,300.02629966854226,300.02629967584636,300.0262996787029,300.02629968118094,300.02629968272925,300.0262996870367,300.0262996878444,300.02629968933616,300.0262996913627,300.0262996893016,300.0262996926242,300.0262996975221,300.02629969484246,300.02629969602003,300.026299697475,300.02629969343445,300.0262996982504,300.0262996983391,300.02629969619227,300.0262996914573,300.0262996577661,300.0262995857866,300.0262994713504,300.0262993452891,300.02629924495125,300.02629917502895,300.0262991098856,300.026299038043
0.006299625388481122,300.0262996033208,300.0262996276763,300.0262997065456,300.0262997692018,300.0262998024103,300.026299817907,300.026299832956,300.0262998429337,300.02629984306327,300.02629984581296,300.0262998488529,300.02629983659585,300.0262998130123,300.0262997804243,300.02629974047966,300.0262997010277,300.02629967927703,300.0262996715327,300.0262996605961,300.02629965527956,300.02629965525443,300.02629966369443,300.02629966854226,300.02629967584636,300.0262996787029,300.02629968118094,300.02629968272925,300.0262996870367,300.0262996878444,300.02629968933616,300.0262996913627,300.0262996893016,300.0262996926242,300.0262996975221,300.02629969484246,300.02629969602003,300.026299697475,300.02629969343445,300.0262996982504,300.0262996983391,300.02629969619227,300.0262996914573,300.0262996577661,300.0262995857866,300.0262994713504,300.0262993452891,300.02629924495125,300.02629917502895,300.0262991098856,300.026299038043
0.006784711557405485,300.0262996033208,300.0262996276763,300.0262997065456,300.0262997692018,300.0262998024103,300.026299817907,300.026299832956,300.0262998429337,300.02629984306327,300.02629984581296,300.0262998488529,300.02629983659585,300.0262998130123,300.0262997804243,300.02629974047966,300.0262997010277,300.02629967927703,300.0262996715327,300.0262996605961,300.02629965527956,300.02629965525443,300.02629966369443,300.02629966854226,300.02629967584636,300.0262996787029,300.02629968118094,300.02629968272925,300.0262996870367,300.0262996878444,300.02629968933616,300.0262996913627,300.0262996893016,300.0262996926242,300.0262996975221,300.02629969484246,300.02629969602003,300.026299697475,300.02629969343445,300.0262996982504,300.0262996983391,300.02629969619227,300.0262996914573,300.0262996577661,300.0262995857866,300.0262994713504,300.0262993452891,300.02629924495125,300.02629917502895,300.0262991098856,300.026299038043
0.007284711557405486,300.0262996033208,300.0262996276763,300.0262997065456,300.0262997692018,300.0262998024103,300.026299817907,300.026299832956,300.0262998429337,300.02629984306327,300.02629984581296,300.0262998488529,300.02629983659585,300.0262998130123,300.0262997804243,300.02629974047966,300.0262997010277,300.02629967927703,300.0262996715327,300.0262996605961,300.02629965527956,300.02629965525443,300.02629966369443,300.02629966854226,300.02629967584636,300.0262996787029,300.02629968118094,300.02629968272925,300.0262996870367,300.0262996878444,300.02629968933616,300.0262996913627,300.0262996893016,300.0262996926242,300.0262996975221,300.02629969484246,300.02629969602003,300.026299697475,300.02629969343445,300.0262996982504,300.0262996983391,300.02629969619227,300.0262996914573,300.0262996577661,300.0262995857866,300.0262994713504,300.0262993452891,300.02629924495125,300.02629917502895,300.0262991098856,300.026299038043
0.007784711557405486,300.0262996033208,300.0262996276763,300.0262997065456,300.0262997692018,300.0262998024103,300.026299817907,300.026299832956,300.0262998429337,300.02629984306327,300.02629984581296,300.0262998488529,300.02629983659585,300.0262998130123,300.0262997804243,300.02629974047966,300.0262997010277,300.02629967927703,300.0262996715327,300.0262996605961,300.02629965527956,300.02629965525443,300.02629966369443,300.02629966854226,300.02629967584636,300.0262996787029,300.02629968118094,300.02629968272925,300.0262996870367,300.0262996878444,300.02629968933616,300.0262996913627,300.0262996893016,300.0262996926242,300.0262996975221,300.02629969484246,300.02629969602003,300.026299697475,300.02629969343445,300.0262996982504,300.0262996983391,300.02629969619227,300.0262996914573,300.0262996577661,300.0262995857866,300.0262994713504,300.0262993452891,300.02629924495125,300.02629917502895,300.0262991098856,300.026299038043
0.008284711557405487,300.0262996033208,300.0262996276763,300.0262997065456,300.0262997692018,300.0262998024103,300.026299817907,300.026299832956,300.0262998429337,300.02629984306327,300.02629984581296,300.0262998488529,300.02629983659585,300.0262998130123,300.0262997804243,300.02629974047966,300.0262997010277,300.02629967927703,300.0262996715327,300.0262996605961,300.02629965527956,300.02629965525443,300.02629966369443,300.02629966854226,300.02629967584636,300.0262996787029,300.02629968118094,300.02629968272925,300.0262996870367,300.0262996878444,300.02629968933616,300.0262996913627,300.0262996893016,300.0262996926242,300.0262996975221,300.02629969484246,300.02629969602003,300.026299697475,300.02629969343445,300.0262996982504,300.0262996983391,300.02629969619227,300.0262996914573,300.0262996577661,300.0262995857866,300.0262994713504,300.0262993452891,300.02629924495125,300.02629917502895,300.0262991098856,300.026299038043
0.008784711557405487,300.0262996033208,300.0262996276763,300.0262997065456,300.0262997692018,300.0262998024103,300.026299817907,300.026299832956,300.0262998429337,300.02629984306327,300.02629984581296,300.0262998488529,300.02629983659585,300.0262998130123,300.0262997804243,300.02629974047966,300.0262997010277,300.02629967927703,300.0262996715327,300.0262996605961,300.02629965527956,300.02629965525443,300.02629966369443,300.02629966854226,300.02629967584636,300.0262996787029,300.02629968118094,300.02629968272925,300.0262996870367,300.0262996878444,300.02629968933616,300.0262996913627,300.0262996893016,300.0262996926242,300.0262996975221,300.02629969484246,300.02629969602003,300.026299697475,300.02629969343445,300.0262996982504,300.0262996983391,300.02629969619227,300.0262996914573,300.0262996577661,300.0262995857866,300.0262994713504,300.0262993452891,300.02629924495125,300.02629917502895,300.0262991098856,300.026299038043
0.009284711557405487,300.0262996033208,300.0262996276763,300.0262997065456,300.0262997692018,300.0262998024103,300.026299817907,300.026299832956,300.0262998429337,300.02629984306327,300.02629984581296,300.0262998488529,300.02629983659585,300.0262998130123,300.0262997804243,300.02629974047966,300.0262997010277,300.02629967927703,300.0262996715327,300.0262996605961,300.02629965527956,300.02629965525443,300.02629966369443,300.02629966854226,300.02629967584636,300.0262996787029,300.02629968118094,300.02629968272925,300.0262996870367,300.0262996878444,300.02629968933616,300.0262996913627,300.0262996893016,300.0262996926242,300.0262996975221,300.02629969484246,300.02629969602003,300.026299697475,300.02629969343445,300.0262996982504,300.0262996983391,300.02629969619227,300.0262996914573,300.0262996577661,300.0262995857866,300.0262994713504,300.0262993452891,300.02629924495125,300.02629917502895,300.0262991098856,300.026299038043
0.009784711557405488,300.0262996033208,300.0262996276763,300.0262997065456,300.0262997692018,300.0262998024103,300.026299817907,300.026299832956,300.0262998429337,300.02629984306327,300.02629984581296,300.0262998488529,300.02629983659585,300.0262998130123,300.0262997804243,300.02629974047966,300.0262997010277,300.02629967927703,300.0262996715327,300.0262996605961,300.02629965527956,300.02629965525443,300.02629966369443,300.02629966854226,300.02629967584636,300.0262996787029,300.02629968118094,300.02629968272925,300.0262996870367,300.0262996878444,300.02629968933616,300.0262996913627,300.0262996893016,300.0262996926242,300.0262996975221,300.02629969484246,300.02629969602003,300.026299697475,300.02629969343445,300.0262996982504,300.0262996983391,300.02629969619227,300.0262996914573,300.0262996577661,300.0262995857866,300.0262994713504,300.0262993452891,300.02629924495125,300.02629917502895,300.0262991098856,300.026299038043
0.010284711557405488,300.0262996033208,300.0262996276763,300.0262997065456,300.0262997692018,300.0262998024103,300.026299817907,300.026299832956,300.0262998429337,300.02629984306327,300.02629984581296,300.0262998488529,300.02629983659585,300.0262998130123,300.0262997804243,300.02629974047966,300.0262997010277,300.02629967927703,300.0262996715327,300.0262996605961,300.02629965527956,300.02629965525443,300.02629966369443,300.02629966854226,300.02629967584636,300.0262996787029,300.02629968118094,300.02629968272925,300.0262996870367,300.0262996878444,300.02629968933616,300.0262996913627,300.0262996893016,300.0262996926242,300.0262996975221,300.02629969484246,300.02629969602003,300.026299697475,300.02629969343445,300.0262996982504,300.0262996983391,300.02629969619227,300.0262996914573,300.0262996577661,300.0262995857866,300.0262994713504,300.0262993452891,300.02629924495125,300.02629917502895,300.0262991098856,300.026299038043
0.010784711557405489,300.0262996033208,300.0262996276763,300.0262997065456,300.0262997692018,300.0262998024103,300.026299817907,300.026299832956,300.0262998429337,300.02629984306327,300.02629984581296,300.0262998488529,300.02629983659585,300.0262998130123,300.0262997804243,300.02629974047966,300.0262997010277,300.02629967927703,300.0262996715327,300.0262996605961,300.02629965527956,300.02629965525443,300.02629966369443,300.02629966854226,300.02629967584636,300.0262996787029,300.02629968118094,300.02629968272925,300.0262996870367,300.0262996878444,300.02629968933616,300.0262996913627,300.0262996893016,300.0262996926242,300.0262996975221,300.02629969484246,300.02629969602003,300.026299697475,300.02629969343445,300.0262996982504,300.0262996983391,300.02629969619227,300.0262996914573,300.0262996577661,300.0262995857866,300.0262994713504,300.0262993452891,300.02629924495125,300.02629917502895,300.0262991098856,300.026299038043
0.01128471155740549,300.0262996033208,300.0262996276763,300.0262997065456,300.0262997692018,300.0262998024103,300.026299817907,300.026299832956,300.0262998429337,300.02629984306327,300.02629984581296,300.0262998488529,300.02629983659585,300.0262998130123,300.0262997804243,300.02629974047966,300.0262997010277,300.02629967927703,300.0262996715327,300.0262996605961,300.02629965527956,300.02629965525443,300.02629966369443,300.02629966854226,300.02629967584636,300.0262996787029,300.02629968118094,300.02629968272925,300.0262996870367,300.0262996878444,300.02629968933616,300.0262996913627,300.0262996893016,300.0262996926242,300.0262996975221,300.02629969484246,300.02629969602003,300.026299697475,300.02629969343445,300.0262996982504,300.0262996983391,300.02629969619227,300.0262996914573,300.0262996577661,300.0262995857866,300.0262994713504,300.0262993452891,300.02629924495125,300.02629917502895,300.0262991098856,300.026299038043
0.01178471155740549,300.0262996033208,300.0262996276763,300.0262997065456,300.0262997692018,300.0262998024103,300.026299817907,300.026299832956,300.0262998429337,300.02629984306327,300.02629984581296,300.0262998488529,300.02629983659585,300.0262998130123,300.0262997804243,300.02629974047966,300.0262997010277,300.02629967927703,300.0262996715327,300.0262996605961,300.02629965527956,300.02629965525443,300.02629966369443,300.02629966854226,300.02629967584636,300.0262996787029,300.02629968118094,300.02629968272925,300.0262996870367,300.0262996878444,300.02629968933616,300.0262996913627,300.0262996893016,300.0262996926242,300.0262996975221,300.02629969484246,300.02629969602003,300.026299697475,300.02629969343445,300.0262996982504,300.0262996983391,300.02629969619227,300.0262996914573,300.0262996577661,300.0262995857866,300.0262994713504,300.0262993452891,300.02629924495125,300.02629917502895,300.0262991098856,300.026299038043
0.01228471155740549,300.0262996033208,300.0262996276763,300.0262997065456,300.0262997692018,300.0262998024103,300.026299817907,300.026299832956,300.0262998429337,300.02629984306327,300.02629984581296,300.0262998488529,300.02629983659585,300.0262998130123,300.0262997804243,300.02629974047966,300.0262997010277,300.02629967927703,300.0262996715327,300.0262996605961,300.02629965527956,300.02629965525443,300.02629966369443,300.02629966854226,300.02629967584636,300.0262996787029,300.02629968118094,300.02629968272925,300.0262996870367,300.0262996878444,300.02629968933616,300.0262996913627,300.0262996893016,300.0262996926242,300.0262996975221,300.02629969484246,300.02629969602003,300.026299697475,300.02629969343445,300.0262996982504,300.0262996983391,300.02629969619227,300.0262996914573,300.0262996577661,300.0262995857866,300.0262994713504,300.0262993452891,300.02629924495125,300.02629917502895,300.0262991098856,300.026299038043
0.01278471155740549,300.0262996033208,300.0262996276763,300.0262997065456,300.0262997692018,300.0262998024103,300.026299817907,300.026299832956,300.0262998429337,300.02629984306327,300.02629984581296,300.0262998488529,300.02629983659585,300.0262998130123,300.0262997804243,300.02629974047966,300.0262997010277,300.02629967927703,300.0262996715327,300.0262996605961,300.02629965527956,300.02629965525443,300.02629966369443,300.02629966854226,300.02629967584636,300.0262996787029,300.02629968118094,300.02629968272925,300.0262996870367,300.0262996878444,300.02629968933616,300.0262996913627,300.0262996893016,300.0262996926242,300.0262996975221,300.02629969484246,300.02629969602003,300.026299697475,300.02629969343445,300.0262996982504,300.0262996983391,300.02629969619227,300.0262996914573,300.0262996577661,300.0262995857866,300.0262994713504,300.0262993452891,300.02629924495125,300.02629917502895,300.0262991098856,300.026299038043
0.013284711557405491,300.0262996033208,300.0262996276763,300.0262997065456,300.0262997692018,300.0262998024103,300.026299817907,300.026299832956,300.0262998429337,300.02629984306327,300.02629984581296,300.0262998488529,300.02629983659585,300.0262998130123,300.0262997804243,300.02629974047966,300.0262997010277,300.02629967927703,300.0262996715327,300.0262996605961,300.02629965527956,300.02629965525443,300.02629966369443,300.02629966854226,300.02629967584636,300.0262996787029,300.02629968118094,300.02629968272925,300.0262996870367,300.0262996878444,300.02629968933616,300.0262996913627,300.0262996893016,300.0262996926242,300.0262996975221,300.02629969484246,300.02629969602003,300.026299697475,300.02629969343445,300.0262996982504,300.0262996983391,300.02629969619227,300.0262996914573,300.0262996577661,300.0262995857866,300.0262994713504,300.0262993452891,300.02629924495125,300.02629917502895,300.0262991098856,300.026299038043
0.013784711557405491,300.0262996033208,300.0262996276763,300.0262997065456,300.0262997692018,300.0262998024103,300.026299817907,300.026299832956,300.0262998429337,300.02629984306327,300.02629984581296,300.0262998488529,300.02629983659585,300.0262998130123,300.0262997804243,300.02629974047966,300.0262997010277,300.02629967927703,300.0262996715327,300.0262996605961,300.02629965527956,300.02629965525443,300.02629966369443,300.02629966854226,300.02629967584636,300.0262996787029,300.02629968118094,300.02629968272925,300.0262996870367,300.0262996878444,300.02629968933616,300.0262996913627,300.0262996893016,300.0262996926242,300.0262996975221,300.02629969484246,300.02629969602003,300.026299697475,300.02629969343445,300.0262996982504,300.0262996983391,300.02629969619227,300.0262996914573,300.0262996577661,300.0262995857866,300.0262994713504,300.0262993452891,300.02629924495125,300.02629917502895,300.0262991098856,300.026299038043
0.014284711557405492,300.0262996033208,300.0262996276763,300.0262997065456,300.0262997692018,300.0262998024103,300.026299817907,300.026299832956,300.0262998429337,300.02629984306327,300.02629984581296,300.0262998488529,300.02629983659585,300.0262998130123,300.0262997804243,300.02629974047966,300.0262997010277,300.02629967927703,300.0262996715327,300.0262996605961,300.02629965527956,300.02629965525443,300.02629966369443,300.02629966854226,300.02629967584636,300.0262996787029,300.02629968118094,300.02629968272925,300.0262996870367,300.0262996878444,300.02629968933616,300.0262996913627,300.0262996893016,300.0262996926242,300.0262996975221,300.02629969484246,300.02629969602003,300.026299697475,300.02629969343445,300.0262996982504,300.0262996983391,300.02629969619227,300.0262996914573,300.0262996577661,300.0262995857866,300.0262994713504,300.0262993452891,300.02629924495125,300.02629917502895,300.0262991098856,300.026299038043
0.014784711557405492,300.0262996033208,300.0262996276763,300.0262997065456,300.0262997692018,300.0262998024103,300.026299817907,300.026299832956,300.0262998429337,300.02629984306327,300.02629984581296,300.0262998488529,300.02629983659585,300.0262998130123,300.0262997804243,300.02629974047966,300.0262997010277,300.02629967927703,300.0262996715327,300.0262996605961,300.02629965527956,300.02629965525443,300.02629966369443,300.02629966854226,300.02629967584636,300.0262996787029,300.02629968118094,300.02629968272925,300.0262996870367,300.0262996878444,300.02629968933616,300.0262996913627,300.0262996893016,300.0262996926242,300.0262996975221,300.02629969484246,300.02629969602003,300.026299697475,300.02629969343445,300.0262996982504,300.0262996983391,300.02629969619227,300.0262996914573,300.0262996577661,300.0262995857866,300.0262994713504,300.0262993452891,300.02629924495125,300.02629917502895,300.0262991098856,300.026299038043
0.015284711557405493,300.0262996033208,300.0262996276763,300.0262997065456,300.0262997692018,300.0262998024103,300.026299817907,300.026299832956,300.0262998429337,300.02629984306327,300.02629984581296,300.0262998488529,300.02629983659585,300.0262998130123,300.0262997804243,300.02629974047966,300.0262997010277,300.02629967927703,300.0262996715327,300.0262996605961,300.02629965527956,300.02629965525443,300.02629966369443,300.02629966854226,300.02629967584636,300.0262996787029,300.02629968118094,300.02629968272925,300.0262996870367,300.0262996878444,300.02629968933616,300.0262996913627,300.0262996893016,300.0262996926242,300.0262996975221,300.02629969484246,300.02629969602003,300.026299697475,300.02629969343445,300.0262996982504,300.0262996983391,300.02629969619227,300.0262996914573,300.0262996577661,300.0262995857866,300.0262994713504,300.0262993452891,300.02629924495125,300.02629917502895,300.0262991098856,300.026299038043
0.015784711557405493,300.0262996033208,300.0262996276763,300.0262997065456,300.0262997692018,300.0262998024103,300.026299817907,300.026299832956,300.0262998429337,300.02629984306327,300.02629984581296,300.0262998488529,300.02629983659585,300.0262998130123,300.0262997804243,300.02629974047966,300.0262997010277,300.02629967927703,300.0262996715327,300.0262996605961,300.02629965527956,300.02629965525443,300.02629966369443,300.02629966854226,300.02629967584636,300.0262996787029,300.02629968118094,300.02629968272925,300.0262996870367,300.0262996878444,300.02629968933616,300.0262996913627,300.0262996893016,300.0262996926242,300.0262996975221,300.02629969484246,300.02629969602003,300.026299697475,300.02629969343445,300.0262996982504,300.0262996983391,300.02629969619227,300.0262996914573,300.0262996577661,300.0262995857866,300.0262994713504,300.0262993452891,300.02629924495125,300.02629917502895,300.0262991098856,300.026299038043
0.016284711557405494,300.0262996033208,300.0262996276763,300.0262997065456,300.0262997692018,300.0262998024103,300.026299817907,300.026299832956,300.0262998429337,300.02629984306327,300.02629984581296,300.0262998488529,300.02629983659585,300.0262998130123,300.0262997804243,300.02629974047966,300.0262997010277,300.02629967927703,300.0262996715327,300.0262996605961,300.02629965527956,300.02629965525443,300.02629966369443,300.02629966854226,300.02629967584636,300.0262996787029,300.02629968118094,300.02629968272925,300.0262996870367,300.0262996878444,300.02629968933616,300.0262996913627,300.0262996893016,300.0262996926242,300.0262996975221,300.02629969484246,300.02629969602003,300.026299697475,300.02629969343445,300.0262996982504,300.0262996983391,300.02629969619227,300.0262996914573,300.0262996577661,300.0262995857866,300.0262994713504,300.0262993452891,300.02629924495125,300.02629917502895,300.0262991098856,300.026299038043
0.016784711557405494,300.0262996033208,300.0262996276763,300.0262997065456,300.0262997692018,300.0262998024103,300.026299817907,300.026299832956,300.0262998429337,300.02629984306327,300.02629984581296,300.0262998488529,300.02629983659585,300.0262998130123,300.0262997804243,300.02629974047966,300.0262997010277,300.02629967927703,300.0262996715327,300.0262996605961,300.02629965527956,300.02629965525443,300.02629966369443,300.02629966854226,300.02629967584636,300.0262996787029,300.02629968118094,300.02629968272925,300.0262996870367,300.0262996878444,300.02629968933616,300.0262996913627,300.0262996893016,300.0262996926242,300.0262996975221,300.02629969484246,300.02629969602003,300.026299697475,300.02629969343445,300.0262996982504,300.0262996983391,300.02629969619227,300.0262996914573,300.0262996577661,300.0262995857866,300.0262994713504,300.0262993452891,300.02629924495125,300.02629917502895,300.0262991098856,300.026299038043
0.017284711557405495,300.0262996033208,300.0262996276763,300.0262997065456,300.0262997692018,300.0262998024103,300.026299817907,300.026299832956,300.0262998429337,300.02629984306327,300.02629984581296,300.0262998488529,300.02629983659585,300.0262998130123,300.0262997804243,300.02629974047966,300.0262997010277,300.02629967927703,300.0262996715327,300.0262996605961,300.02629965527956,300.02629965525443,300.02629966369443,300.02629966854226,300.02629967584636,300.0262996787029,300.02629968118094,300.02629968272925,300.0262996870367,300.0262996878444,300.02629968933616,300.0262996913627,300.0262996893016,300.0262996926242,300.0262996975221,300.02629969484246,300.02629969602003,300.026299697475,300.02629969343445,300.0262996982504,300.0262996983391,300.02629969619227,300.0262996914573,300.0262996577661,300.0262995857866,300.0262994713504,300.0262993452891,300.02629924495125,300.02629917502895,300.0262991098856,300.026299038043
0.017784711557405495,300.0262996033208,300.0262996276763,300.0262997065456,300.0262997692018,300.0262998024103,300.026299817907,300.026299832956,300.0262998429337,300.02629984306327,300.02629984581296,300.0262998488529,300.02629983659585,300.0262998130123,300.0262997804243,300.02629974047966,300.0262997010277,300.02629967927703,300.0262996715327,300.0262996605961,300.02629965527956,300.02629965525443,300.02629966369443,300.02629966854226,300.02629967584636,300.0262996787029,300.02629968118094,300.02629968272925,300.0262996870367,300.0262996878444,300.02629968933616,300.0262996913627,300.0262996893016,300.0262996926242,300.0262996975221,300.02629969484246,300.02629969602003,300.026299697475,300.02629969343445,300.0262996982504,300.0262996983391,300.02629969619227,300.0262996914573,300.0262996577661,300.0262995857866,300.0262994713504,300.0262993452891,300.02629924495125,300.02629917502895,300.0262991098856,300.026299038043
0.018284711557405495,300.0262996033208,300.0262996276763,300.0262997065456,300.0262997692018,300.0262998024103,300.026299817907,300.026299832956,300.0262998429337,300.02629984306327,300.02629984581296,300.0262998488529,300.02629983659585,300.0262998130123,300.0262997804243,300.02629974047966,300.0262997010277,300.02629967927703,300.0262996715327,300.0262996605961,300.02629965527956,300.02629965525443,300.02629966369443,300.02629966854226,300.02629967584636,300.0262996787029,300.02629968118094,300.02629968272925,300.0262996870367,300.0262996878444,300.02629968933616,300.0262996913627,300.0262996893016,300.0262996926242,300.0262996975221,300.02629969484246,300.02629969602003,300.026299697475,300.02629969343445,300.0262996982504,300.0262996983391,300.02629969619227,300.0262996914573,300.0262996577661,300.0262995857866,300.0262994713504,300.0262993452891,300.02629924495125,300.02629917502895,300.0262991098856,300.026299038043
0.018784711557405496,300.0262996033208,300.0262996276763,300.0262997065456,300.0262997692018,300.0262998024103,300.026299817907,300.026299832956,300.0262998429337,300.02629984306327,300.02629984581296,300.0262998488529,300.02629983659585,300.0262998130123,300.0262997804243,300.02629974047966,300.0262997010277,300.02629967927703,300.0262996715327,300.0262996605961,300.02629965527956,300.02629965525443,300.02629966369443,300.02629966854226,300.02629967584636,300.0262996787029,300.02629968118094,300.02629968272925,300.0262996870367,300.0262996878444,300.02629968933616,300.0262996913627,300.0262996893016,300.0262996926242,300.0262996975221,300.02629969484246,300.02629969602003,300.026299697475,300.02629969343445,300.0262996982504,300.0262996983391,300.02629969619227,300.0262996914573,300.0262996577661,300.0262995857866,300.0262994713504,300.0262993452891,300.02629924495125,300.02629917502895,300.0262991098856,300.026299038043
0.019284711557405496,300.0262996033208,300.0262996276763,300.0262997065456,300.0262997692018,300.0262998024103,300.026299817907,300.026299832956,300.0262998429337,300.02629984306327,300.02629984581296,300.0262998488529,300.02629983659585,300.0262998130123,300.0262997804243,300.02629974047966,300.0262997010277,300.02629967927703,300.0262996715327,300.0262996605961,300.02629965527956,300.02629965525443,300.02629966369443,300.02629966854226,300.02629967584636,300.0262996787029,300.02629968118094,300.02629968272925,300.0262996870367,300.0262996878444,300.02629968933616,300.0262996913627,300.0262996893016,300.0262996926242,300.0262996975221,300.02629969484246,300.02629969602003,300.026299697475,300.02629969343445,300.0262996982504,300.0262996983391,300.02629969619227,300.0262996914573,300.0262996577661,300.0262995857866,300.0262994713504,300.0262993452891,300.02629924495125,300.02629917502895,300.0262991098856,300.026299038043
0.019784711557405497,300.0262996033208,300.0262996276763,300.0262997065456,300.0262997692018,300.0262998024103,300.026299817907,300.026299832956,300.0262998429337,300.02629984306327,300.02629984581296,300.0262998488529,300.02629983659585,300.0262998130123,300.0262997804243,300.02629974047966,300.0262997010277,300.02629967927703,300.0262996715327,300.0262996605961,300.02629965527956,300.02629965525443,300.02629966369443,300.02629966854226,300.02629967584636,300.0262996787029,300.02629968118094,300.02629968272925,300.0262996870367,300.0262996878444,300.02629968933616,300.0262996913627,300.0262996893016,300.0262996926242,300.0262996975221,300.02629969484246,300.02629969602003,300.026299697475,300.02629969343445,300.0262996982504,300.0262996983391,300.02629969619227,300.0262996914573,300.0262996577661,300.0262995857866,300.0262994713504,300.0262993452891,300.02629924495125,300.02629917502895,300.0262991098856,300.026299038043
0.020284711557405497,300.0262996033208,300.0262996276763,300.0262997065456,300.0262997692018,300.0262998024103,300.026299817907,300.026299832956,300.0262998429337,300.02629984306327,300.02629984581296,300.0262998488529,300.02629983659585,300.0262998130123,300.0262997804243,300.02629974047966,300.0262997010277,300.02629967927703,300.0262996715327,300.0262996605961,300.02629965527956,300.02629965525443,300.02629966369443,300.02629966854226,300.02629967584636,300.0262996787029,300.02629968118094,300.02629968272925,300.0262996870367,300.0262996878444,300.02629968933616,300.0262996913627,300.0262996893016,300.0262996926242,300.0262996975221,300.02629969484246,300.02629969602003,300.026299697475,300.02629969343445,300.0262996982504,300.0262996983391,300.02629969619227,300.0262996914573,300.0262996577661,300.0262995857866,300.0262994713504,300.0262993452891,300.02629924495125,300.02629917502895,300.0262991098856,300.026299038043
0.020784711557405498,300.0262996033208,300.0262996276763,300.0262997065456,300.0262997692018,300.0262998024103,300.026299817907,300.026299832956,300.0262998429337,300.02629984306327,300.02629984581296,300.0262998488529,300.02629983659585,300.0262998130123,300.0262997804243,300.02629974047966,300.0262997010277,300.02629967927703,300.0262996715327,300.0262996605961,300.02629965527956,300.02629965525443,300.02629966369443,300.02629966854226,300.02629967584636,300.0262996787029,300.02629968118094,300.02629968272925,300.0262996870367,300.0262996878444,300.02629968933616,300.0262996913627,300.0262996893016,300.0262996926242,300.0262996975221,300.02629969484246,300.02629969602003,300.026299697475,300.02629969343445,300.0262996982504,300.0262996983391,300.02629969619227,300.0262996914573,300.0262996577661,300.0262995857866,300.0262994713504,300.0262993452891,300.02629924495125,300.02629917502895,300.0262991098856,300.026299038043
0.021284711557405498,300.0262996033208,300.0262996276763,300.0262997065456,300.0262997692018,300.0262998024103,300.026299817907,300.026299832956,300.0262998429337,300.02629984306327,300.02629984581296,300.0262998488529,300.02629983659585,300.0262998130123,300.0262997804243,300.02629974047966,300.0262997010277,300.02629967927703,300.0262996715327,300.0262996605961,300.02629965527956,300.02629965525443,300.02629966369443,300.02629966854226,300.02629967584636,300.0262996787029,300.02629968118094,300.02629968272925,300.0262996870367,300.0262996878444,300.02629968933616,300.0262996913627,300.0262996893016,300.0262996926242,300.0262996975221,300.02629969484246,300.02629969602003,300.026299697475,300.02629969343445,300.0262996982504,300.0262996983391,300.02629969619227,300.0262996914573,300.0262996577661,300.0262995857866,300.0262994713504,300.0262993452891,300.02629924495125,300.02629917502895,300.0262991098856,300.026299038043
0.0217847115574055,300.0262996033208,300.0262996276763,300.0262997065456,300.0262997692018,300.0262998024103,300.026299817907,300.026299832956,300.0262998429337,300.02629984306327,300.02629984581296,300.0262998488529,300.02629983659585,300.0262998130123,300.0262997804243,300.02629974047966,300.0262997010277,300.02629967927703,300.0262996715327,300.0262996605961,300.02629965527956,300.02629965525443,300.02629966369443,300.02629966854226,300.02629967584636,300.0262996787029,300.02629968118094,300.02629968272925,300.0262996870367,300.0262996878444,300.02629968933616,300.0262996913627,300.0262996893016,300.0262996926242,300.0262996975221,300.02629969484246,300.02629969602003,300.026299697475,300.02629969343445,300.0262996982504,300.0262996983391,300.02629969619227,300.0262996914573,300.0262996577661,300.0262995857866,300.0262994713504,300.0262993452891,300.02629924495125,300.02629917502895,300.0262991098856,300.026299038043
0.0222847115574055,300.0262996033208,300.0262996276763,300.0262997065456,300.0262997692018,300.0262998024103,300.026299817907,300.026299832956,300.0262998429337,300.02629984306327,300.02629984581296,300.0262998488529,300.02629983659585,300.0262998130123,300.0262997804243,300.02629974047966,300.0262997010277,300.02629967927703,300.0262996715327,300.0262996605961,300.02629965527956,300.02629965525443,300.02629966369443,300.02629966854226,300.02629967584636,300.0262996787029,300.02629968118094,300.02629968272925,300.0262996870367,300.0262996878444,300.02629968933616,300.0262996913627,300.0262996893016,300.0262996926242,300.0262996975221,300.02629969484246,300.02629969602003,300.026299697475,300.02629969343445,300.0262996982504,300.0262996983391,300.02629969619227,300.0262996914573,300.0262996577661,300.0262995857866,300.0262994713504,300.0262993452891,300.02629924495125,300.02629917502895,300.0262991098856,300.026299038043
0.0227847115574055,300.0262996033208,300.0262996276763,300.0262997065456,300.0262997692018,300.0262998024103,300.026299817907,300.026299832956,300.0262998429337,300.02629984306327,300.02629984581296,300.0262998488529,300.02629983659585,300.0262998130123,300.0262997804243,300.02629974047966,300.0262997010277,300.02629967927703,300.0262996715327,300.0262996605961,300.02629965527956,300.02629965525443,300.02629966369443,300.02629966854226,300.02629967584636,300.0262996787029,300.02629968118094,300.02629968272925,300.0262996870367,300.0262996878444,300.02629968933616,300.0262996913627,300.0262996893016,300.0262996926242,300.0262996975221,300.02629969484246,300.02629969602003,300.026299697475,300.02629969343445,300.0262996982504,300.0262996983391,300.02629969619227,300.0262996914573,300.0262996577661,300.0262995857866,300.0262994713504,300.0262993452891,300.02629924495125,300.02629917502895,300.0262991098856,300.026299038043
0.0232847115574055,300.0262996033208,300.0262996276763,300.0262997065456,300.0262997692018,300.0262998024103,300.026299817907,300.026299832956,300.0262998429337,300.02629984306327,300.02629984581296,300.0262998488529,300.02629983659585,300.0262998130123,300.0262997804243,300.02629974047966,300.0262997010277,300.02629967927703,300.0262996715327,300.0262996605961,300.02629965527956,300.02629965525443,300.02629966369443,300.02629966854226,300.02629967584636,300.0262996787029,300.02629968118094,300.02629968272925,300.0262996870367,300.0262996878444,300.02629968933616,300.0262996913627,300.0262996893016,300.0262996926242,300.0262996975221,300.02629969484246,300.02629969602003,300.026299697475,300.02629969343445,300.0262996982504,300.0262996983391,300.02629969619227,300.0262996914573,300.0262996577661,300.0262995857866,300.0262994713504,300.0262993452891,300.02629924495125,300.02629917502895,300.0262991098856,300.026299038043
0.0237847115574055,300.0262996033208,300.0262996276763,300.0262997065456,300.0262997692018,300.0262998024103,300.026299817907,300.026299832956,300.0262998429337,300.02629984306327,300.02629984581296,300.0262998488529,300.02629983659585,300.0262998130123,300.0262997804243,300.02629974047966,300.0262997010277,300.02629967927703,300.0262996715327,300.0262996605961,300.02629965527956,300.02629965525443,300.02629966369443,300.02629966854226,300.02629967584636,300.0262996787029,300.02629968118094,300.02629968272925,300.0262996870367,300.0262996878444,300.02629968933616,300.0262996913627,300.0262996893016,300.0262996926242,300.0262996975221,300.02629969484246,300.02629969602003,300.026299697475,300.02629969343445,300.0262996982504,300.0262996983391,300.02629969619227,300.0262996914573,300.0262996577661,300.0262995857866,300.0262994713504,300.0262993452891,300.02629924495125,300.02629917502895,300.0262991098856,300.026299038043
0.0242847115574055,300.0262996033208,300.0262996276763,300.0262997065456,300.0262997692018,300.0262998024103,300.026299817907,300.026299832956,300.0262998429337,300.02629984306327,300.02629984581296,300.0262998488529,300.02629983659585,300.0262998130123,300.0262997804243,300.02629974047966,300.0262997010277,300.02629967927703,300.0262996715327,300.0262996605961,300.02629965527956,300.02629965525443,300.02629966369443,300.02629966854226,300.02629967584636,300.0262996787029,300.02629968118094,300.02629968272925,300.0262996870367,300.0262996878444,300.02629968933616,300.0262996913627,300.0262996893016,300.0262996926242,300.0262996975221,300.02629969484246,300.02629969602003,300.026299697475,300.02629969343445,300.0262996982504,300.0262996983391,300.02629969619227,300.0262996914573,300.0262996577661,300.0262995857866,300.0262994713504,300.0262993452891,300.02629924495125,300.02629917502895,300.0262991098856,300.026299038043
0.0247847115574055,300.0262996033208,300.0262996276763,300.0262997065456,300.0262997692018,300.0262998024103,300.026299817907,300.026299832956,300.0262998429337,300.02629984306327,300.02629984581296,300.0262998488529,300.02629983659585,300.0262998130123,300.0262997804243,300.02629974047966,300.0262997010277,300.02629967927703,300.0262996715327,300.0262996605961,300.02629965527956,300.02629965525443,300.02629966369443,300.02629966854226,300.02629967584636,300.0262996787029,300.02629968118094,300.02629968272925,300.0262996870367,300.0262996878444,300.02629968933616,300.0262996913627,300.0262996893016,300.0262996926242,300.0262996975221,300.02629969484246,300.02629969602003,300.026299697475,300.02629969343445,300.0262996982504,300.0262996983391,300.02629969619227,300.0262996914573,300.0262996577661,300.0262995857866,300.0262994713504,300.0262993452891,300.02629924495125,300.02629917502895,300.0262991098856,300.026299038043
0.0252847115574055,300.0262996033208,300.0262996276763,300.0262997065456,300.0262997692018,300.0262998024103,300.026299817907,300.026299832956,300.0262998429337,300.02629984306327,300.02629984581296,300.0262998488529,300.02629983659585,300.0262998130123,300.0262997804243,300.02629974047966,300.0262997010277,300.02629967927703,300.0262996715327,300.0262996605961,300.02629965527956,300.02629965525443,300.02629966369443,300.02629966854226,300.02629967584636,300.0262996787029,300.02629968118094,300.02629968272925,300.0262996870367,300.0262996878444,300.02629968933616,300.0262996913627,300.0262996893016,300.0262996926242,300.0262996975221,300.02629969484246,300.02629969602003,300.026299697475,300.02629969343445,300.0262996982504,300.0262996983391,300.02629969619227,300.0262996914573,300.0262996577661,300.0262995857866,300.0262994713504,300.0262993452891,300.02629924495125,300.02629917502895,300.0262991098856,300.026299038043
0.025784711557405502,300.0262996033208,300.0262996276763,300.0262997065456,300.0262997692018,300.0262998024103,300.026299817907,300.026299832956,300.0262998429337,300.02629984306327,300.02629984581296,300.0262998488529,300.02629983659585,300.0262998130123,300.0262997804243,300.02629974047966,300.0262997010277,300.02629967927703,300.0262996715327,300.0262996605961,300.02629965527956,300.02629965525443,300.02629966369443,300.02629966854226,300.02629967584636,300.0262996787029,300.02629968118094,300.02629968272925,300.0262996870367,300.0262996878444,300.02629968933616,300.0262996913627,300.0262996893016,300.0262996926242,300.0262996975221,300.02629969484246,300.02629969602003,300.026299697475,300.02629969343445,300.0262996982504,300.0262996983391,300.02629969619227,300.0262996914573,300.0262996577661,300.0262995857866,300.0262994713504,300.0262993452891,300.02629924495125,300.02629917502895,300.0262991098856,300.026299038043
0.026284711557405502,300.0262996033208,300.0262996276763,300.0262997065456,300.0262997692018,300.0262998024103,300.026299817907,300.026299832956,300.0262998429337,300.02629984306327,300.02629984581296,300.0262998488529,300.02629983659585,300.0262998130123,300.0262997804243,300.02629974047966,300.0262997010277,300.02629967927703,300.0262996715327,300.0262996605961,300.02629965527956,300.02629965525443,300.02629966369443,300.02629966854226,300.02629967584636,300.0262996787029,300.02629968118094,300.02629968272925,300.0262996870367,300.0262996878444,300.02629968933616,300.0262996913627,300.0262996893016,300.0262996926242,300.0262996975221,300.02629969484246,300.02629969602003,300.026299697475,300.02629969343445,300.0262996982504,300.0262996983391,300.02629969619227,300.0262996914573,300.0262996577661,300.0262995857866,300.0262994713504,300.0262993452891,300.02629924495125,300.02629917502895,300.0262991098856,300.026299038043
0.026784711557405503,300.0262996033208,300.0262996276763,300.0262997065456,300.0262997692018,300.0262998024103,300.026299817907,300.026299832956,300.0262998429337,300.02629984306327,300.02629984581296,300.0262998488529,300.02629983659585,300.0262998130123,300.0262997804243,300.02629974047966,300.0262997010277,300.02629967927703,300.0262996715327,300.0262996605961,300.02629965527956,300.02629965525443,300.02629966369443,300.02629966854226,300.02629967584636,300.0262996787029,300.02629968118094,300.02629968272925,300.0262996870367,300.0262996878444,300.02629968933616,300.0262996913627,300.0262996893016,300.0262996926242,300.0262996975221,300.02629969484246,300.02629969602003,300.026299697475,300.02629969343445,300.0262996982504,300.0262996983391,300.02629969619227,300.0262996914573,300.0262996577661,300.0262995857866,300.0262994713504,300.0262993452891,300.02629924495125,300.02629917502895,300.0262991098856,300.026299038043
0.027284711557405503,300.0262996033208,300.0262996276763,300.0262997065456,300.0262997692018,300.0262998024103,300.026299817907,300.026299832956,300.0262998429337,300.02629984306327,300.02629984581296,300.0262998488529,300.02629983659585,300.0262998130123,300.0262997804243,300.02629974047966,300.0262997010277,300.02629967927703,300.0262996715327,300.0262996605961,300.02629965527956,300.02629965525443,300.02629966369443,300.02629966854226,300.02629967584636,300.0262996787029,300.02629968118094,300.02629968272925,300.0262996870367,300.0262996878444,300.02629968933616,300.0262996913627,300.0262996893016,300.0262996926242,300.0262996975221,300.02629969484246,300.02629969602003,300.026299697475,300.02629969343445,300.0262996982504,300.0262996983391,300.02629969619227,300.0262996914573,300.0262996577661,300.0262995857866,300.0262994713504,300.0262993452891,300.02629924495125,300.02629917502895,300.0262991098856,300.026299038043
0.027784711557405504,300.0262996033208,300.0262996276763,300.0262997065456,300.0262997692018,300.0262998024103,300.026299817907,300.026299832956,300.0262998429337,300.02629984306327,300.02629984581296,300.0262998488529,300.02629983659585,300.0262998130123,300.0262997804243,300.02629974047966,300.0262997010277,300.02629967927703,300.0262996715327,300.0262996605961,300.02629965527956,300.02629965525443,300.02629966369443,300.02629966854226,300.02629967584636,300.0262996787029,300.02629968118094,300.02629968272925,300.0262996870367,300.0262996878444,300.02629968933616,300.0262996913627,300.0262996893016,300.0262996926242,300.0262996975221,300.02629969484246,300.02629969602003,300.026299697475,300.02629969343445,300.0262996982504,300.0262996983391,300.02629969619227,300.0262996914573,300.0262996577661,300.0262995857866,300.0262994713504,300.0262993452891,300.02629924495125,300.02629917502895,300.0262991098856,300.026299038043
0.028284711557405504,300.0262996033208,300.0262996276763,300.0262997065456,300.0262997692018,300.0262998024103,300.026299817907,300.026299832956,300.0262998429337,300.02629984306327,300.02629984581296,300.0262998488529,300.02629983659585,300.0262998130123,300.0262997804243,300.02629974047966,300.0262997010277,300.02629967927703,300.0262996715327,300.0262996605961,300.02629965527956,300.02629965525443,300.02629966369443,300.02629966854226,300.02629967584636,300.0262996787029,300.02629968118094,300.02629968272925,300.0262996870367,300.0262996878444,300.02629968933616,300.0262996913627,300.0262996893016,300.0262996926242,300.0262996975221,300.02629969484246,300.02629969602003,300.026299697475,300.02629969343445,300.0262996982504,300.0262996983391,300.02629969619227,300.0262996914573,300.0262996577661,300.0262995857866,300.0262994713504,300.0262993452891,300.02629924495125,300.02629917502895,300.0262991098856,300.026299038043
0.028784711557405505,300.0262996033208,300.0262996276763,300.0262997065456,300.0262997692018,300.0262998024103,300.026299817907,300.026299832956,300.0262998429337,300.02629984306327,300.02629984581296,300.0262998488529,300.02629983659585,300.0262998130123,300.0262997804243,300.02629974047966,300.0262997010277,300.02629967927703,300.0262996715327,300.0262996605961,300.02629965527956,300.02629965525443,300.02629966369443,300.02629966854226,300.02629967584636,300.0262996787029,300.02629968118094,300.02629968272925,300.0262996870367,300.0262996878444,300.02629968933616,300.0262996913627,300.0262996893016,300.0262996926242,300.0262996975221,300.02629969484246,300.02629969602003,300.026299697475,300.02629969343445,300.0262996982504,300.0262996983391,300.02629969619227,300.0262996914573,300.0262996577661,300.0262995857866,300.0262994713504,300.0262993452891,300.02629924495125,300.02629917502895,300.0262991098856,300.026299038043
0.029284711557405505,300.0262996033208,300.0262996276763,300.0262997065456,300.0262997692018,300.0262998024103,300.026299817907,300.026299832956,300.0262998429337,300.02629984306327,300.02629984581296,300.0262998488529,300.02629983659585,300.0262998130123,300.0262997804243,300.02629974047966,300.0262997010277,300.02629967927703,300.0262996715327,300.0262996605961,300.02629965527956,300.02629965525443,300.02629966369443,300.02629966854226,300.02629967584636,300.0262996787029,300.02629968118094,300.02629968272925,300.0262996870367,300.0262996878444,300.02629968933616,300.0262996913627,300.0262996893016,300.0262996926242,300.0262996975221,300.02629969484246,300.02629969602003,300.026299697475,300.02629969343445,300.0262996982504,300.0262996983391,300.02629969619227,300.0262996914573,300.0262996577661,300.0262995857866,300.0262994713504,300.0262993452891,300.02629924495125,300.02629917502895,300.0262991098856,300.026299038043
0.029784711557405506,300.0262996033208,300.0262996276763,300.0262997065456,300.0262997692018,300.0262998024103,300.026299817907,300.026299832956,300.0262998429337,300.02629984306327,300.02629984581296,300.0262998488529,300.02629983659585,300.0262998130123,300.0262997804243,300.02629974047966,300.0262997010277,300.02629967927703,300.0262996715327,300.0262996605961,300.02629965527956,300.02629965525443,300.02629966369443,300.02629966854226,300.02629967584636,300.0262996787029,300.02629968118094,300.02629968272925,300.0262996870367,300.0262996878444,300.02629968933616,300.0262996913627,300.0262996893016,300.0262996926242,300.0262996975221,300.02629969484246,300.02629969602003,300.026299697475,300.02629969343445,300.0262996982504,300.0262996983391,300.02629969619227,300.0262996914573,300.0262996577661,300.0262995857866,300.0262994713504,300.0262993452891,300.02629924495125,300.02629917502895,300.0262991098856,300.026299038043
0.030284711557405506,300.0262996033208,300.0262996276763,300.0262997065456,300.0262997692018,300.0262998024103,300.026299817907,300.026299832956,300.0262998429337,300.02629984306327,300.02629984581296,300.0262998488529,300.02629983659585,300.0262998130123,300.0262997804243,300.02629974047966,300.0262997010277,300.02629967927703,300.0262996715327,300.0262996605961,300.02629965527956,300.02629965525443,300.02629966369443,300.02629966854226,300.02629967584636,300.0262996787029,300.02629968118094,300.02629968272925,300.0262996870367,300.0262996878444,300.02629968933616,300.0262996913627,300.0262996893016,300.0262996926242,300.0262996975221,300.02629969484246,300.02629969602003,300.026299697475,300.02629969343445,300.0262996982504,300.0262996983391,300.02629969619227,300.0262996914573,300.0262996577661,300.0262995857866,300.0262994713504,300.0262993452891,300.02629924495125,300.02629917502895,300.0262991098856,300.026299038043
0.030784711557405506,300.0262996033208,300.0262996276763,300.0262997065456,300.0262997692018,300.0262998024103,300.026299817907,300.026299832956,300.0262998429337,300.02629984306327,300.02629984581296,300.0262998488529,300.02629983659585,300.0262998130123,300.0262997804243,300.02629974047966,300.0262997010277,300.02629967927703,300.0262996715327,300.0262996605961,300.02629965527956,300.02629965525443,300.02629966369443,300.02629966854226,300.02629967584636,300.0262996787029,300.02629968118094,300.02629968272925,300.0262996870367,300.0262996878444,300.02629968933616,300.0262996913627,300.0262996893016,300.0262996926242,300.0262996975221,300.02629969484246,300.02629969602003,300.026299697475,300.02629969343445,300.0262996982504,300.0262996983391,300.02629969619227,300.0262996914573,300.0262996577661,300.0262995857866,300.0262994713504,300.0262993452891,300.02629924495125,300.02629917502895,300.0262991098856,300.026299038043
0.0312847115574055,300.0262996033208,300.0262996276763,300.0262997065456,300.0262997692018,300.0262998024103,300.026299817907,300.026299832956,300.0262998429337,300.02629984306327,300.02629984581296,300.0262998488529,300.02629983659585,300.0262998130123,300.0262997804243,300.02629974047966,300.0262997010277,300.02629967927703,300.0262996715327,300.0262996605961,300.02629965527956,300.02629965525443,300.02629966369443,300.02629966854226,300.02629967584636,300.0262996787029,300.02629968118094,300.02629968272925,300.0262996870367,300.0262996878444,300.02629968933616,300.0262996913627,300.0262996893016,300.0262996926242,300.0262996975221,300.02629969484246,300.02629969602003,300.026299697475,300.02629969343445,300.0262996982504,300.0262996983391,300.02629969619227,300.0262996914573,300.0262996577661,300.0262995857866,300.0262994713504,300.0262993452891,300.02629924495125,300.02629917502895,300.0262991098856,300.026299038043
0.031784711557405504,300.0262996033208,300.0262996276763,300.0262997065456,300.0262997692018,300.0262998024103,300.026299817907,300.026299832956,300.0262998429337,300.02629984306327,300.02629984581296,300.0262998488529,300.02629983659585,300.0262998130123,300.0262997804243,300.02629974047966,300.0262997010277,300.02629967927703,300.0262996715327,300.0262996605961,300.02629965527956,300.02629965525443,300.02629966369443,300.02629966854226,300.02629967584636,300.0262996787029,300.02629968118094,300.02629968272925,300.0262996870367,300.0262996878444,300.02629968933616,300.0262996913627,300.0262996893016,300.0262996926242,300.0262996975221,300.02629969484246,300.02629969602003,300.026299697475,300.02629969343445,300.0262996982504,300.0262996983391,300.02629969619227,300.0262996914573,300.0262996577661,300.0262995857866,300.0262994713504,300.0262993452891,300.02629924495125,300.02629917502895,300.0262991098856,300.026299038043
0.032284711557405504,300.0262996033208,300.0262996276763,300.0262997065456,300.0262997692018,300.0262998024103,300.026299817907,300.026299832956,300.0262998429337,300.02629984306327,300.02629984581296,300.0262998488529,300.02629983659585,300.0262998130123,300.0262997804243,300.02629974047966,300.0262997010277,300.02629967927703,300.0262996715327,300.0262996605961,300.02629965527956,300.02629965525443,300.02629966369443,300.02629966854226,300.02629967584636,300.0262996787029,300.02629968118094,300.02629968272925,300.0262996870367,300.0262996878444,300.02629968933616,300.0262996913627,300.0262996893016,300.0262996926242,300.0262996975221,300.02629969484246,300.02629969602003,300.026299697475,300.02629969343445,300.0262996982504,300.0262996983391,300.02629969619227,300.0262996914573,300.0262996577661,300.0262995857866,300.0262994713504,300.0262993452891,300.02629924495125,300.02629917502895,300.0262991098856,300.026299038043
0.032784711557405505,300.0262996033208,300.0262996276763,300.0262997065456,300.0262997692018,300.0262998024103,300.026299817907,300.026299832956,300.0262998429337,300.02629984306327,300.02629984581296,300.0262998488529,300.02629983659585,300.0262998130123,300.0262997804243,300.02629974047966,300.0262997010277,300.02629967927703,300.0262996715327,300.0262996605961,300.02629965527956,300.02629965525443,300.02629966369443,300.02629966854226,300.02629967584636,300.0262996787029,300.02629968118094,300.02629968272925,300.0262996870367,300.0262996878444,300.02629968933616,300.0262996913627,300.0262996893016,300.0262996926242,300.0262996975221,300.02629969484246,300.02629969602003,300.026299697475,300.02629969343445,300.0262996982504,300.0262996983391,300.02629969619227,300.0262996914573,300.0262996577661,300.0262995857866,300.0262994713504,300.0262993452891,300.02629924495125,300.02629917502895,300.0262991098856,300.026299038043
0.033284711557405505,300.0262996033208,300.0262996276763,300.0262997065456,300.0262997692018,300.0262998024103,300.026299817907,300.026299832956,300.0262998429337,300.02629984306327,300.02629984581296,300.0262998488529,300.02629983659585,300.0262998130123,300.0262997804243,300.02629974047966,300.0262997010277,300.02629967927703,300.0262996715327,300.0262996605961,300.02629965527956,300.02629965525443,300.02629966369443,300.02629966854226,300.02629967584636,300.0262996787029,300.02629968118094,300.02629968272925,300.0262996870367,300.0262996878444,300.02629968933616,300.0262996913627,300.0262996893016,300.0262996926242,300.0262996975221,300.02629969484246,300.02629969602003,300.026299697475,300.02629969343445,300.0262996982504,300.0262996983391,300.02629969619227,300.0262996914573,300.0262996577661,300.0262995857866,300.0262994713504,300.0262993452891,300.02629924495125,300.02629917502895,300.0262991098856,300.026299038043
0.033784711557405506,300.0262996033208,300.0262996276763,300.0262997065456,300.0262997692018,300.0262998024103,300.026299817907,300.026299832956,300.0262998429337,300.02629984306327,300.02629984581296,300.0262998488529,300.02629983659585,300.0262998130123,300.0262997804243,300.02629974047966,300.0262997010277,300.02629967927703,300.0262996715327,300.0262996605961,300.02629965527956,300.02629965525443,300.02629966369443,300.02629966854226,300.02629967584636,300.0262996787029,300.02629968118094,300.02629968272925,300.0262996870367,300.0262996878444,300.02629968933616,300.0262996913627,300.0262996893016,300.0262996926242,300.0262996975221,300.02629969484246,300.02629969602003,300.026299697475,300.02629969343445,300.0262996982504,300.0262996983391,300.02629969619227,300.0262996914573,300.0262996577661,300.0262995857866,300.0262994713504,300.0262993452891,300.02629924495125,300.02629917502895,300.0262991098856,300.026299038043
0.034284711557405506,300.0262996033208,300.0262996276763,300.0262997065456,300.0262997692018,300.0262998024103,300.026299817907,300.026299832956,300.0262998429337,300.02629984306327,300.02629984581296,300.0262998488529,300.02629983659585,300.0262998130123,300.0262997804243,300.02629974047966,300.0262997010277,300.02629967927703,300.0262996715327,300.0262996605961,300.02629965527956,300.02629965525443,300.02629966369443,300.02629966854226,300.02629967584636,300.0262996787029,300.02629968118094,300.02629968272925,300.0262996870367,300.0262996878444,300.02629968933616,300.0262996913627,300.0262996893016,300.0262996926242,300.0262996975221,300.02629969484246,300.02629969602003,300.026299697475,300.02629969343445,300.0262996982504,300.0262996983391,300.02629969619227,300.0262996914573,300.0262996577661,300.0262995857866,300.0262994713504,300.0262993452891,300.02629924495125,300.02629917502895,300.0262991098856,300.026299038043
0.03478471155740551,300.0262996033208,300.0262996276763,300.0262997065456,300.0262997692018,300.0262998024103,300.026299817907,300.026299832956,300.0262998429337,300.02629984306327,300.02629984581296,300.0262998488529,300.02629983659585,300.0262998130123,300.0262997804243,300.02629974047966,300.0262997010277,300.02629967927703,300.0262996715327,300.0262996605961,300.02629965527956,300.02629965525443,300.02629966369443,300.02629966854226,300.02629967584636,300.0262996787029,300.02629968118094,300.02629968272925,300.0262996870367,300.0262996878444,300.02629968933616,300.0262996913627,300.0262996893016,300.0262996926242,300.0262996975221,300.02629969484246,300.02629969602003,300.026299697475,300.02629969343445,300.0262996982504,300.0262996983391,300.02629969619227,300.0262996914573,300.0262996577661,300.0262995857866,300.0262994713504,300.0262993452891,300.02629924495125,300.02629917502895,300.0262991098856,300.026299038043
0.03528471155740551,300.0262996033208,300.0262996276763,300.0262997065456,300.0262997692018,300.0262998024103,300.026299817907,300.026299832956,300.0262998429337,300.02629984306327,300.02629984581296,300.0262998488529,300.02629983659585,300.0262998130123,300.0262997804243,300.02629974047966,300.0262997010277,300.02629967927703,300.0262996715327,300.0262996605961,300.02629965527956,300.02629965525443,300.02629966369443,300.02629966854226,300.02629967584636,300.0262996787029,300.02629968118094,300.02629968272925,300.0262996870367,300.0262996878444,300.02629968933616,300.0262996913627,300.0262996893016,300.0262996926242,300.0262996975221,300.02629969484246,300.02629969602003,300.026299697475,300.02629969343445,300.0262996982504,300.0262996983391,300.02629969619227,300.0262996914573,300.0262996577661,300.0262995857866,300.0262994713504,300.0262993452891,300.02629924495125,300.02629917502895,300.0262991098856,300.026299038043
0.03578471155740551,300.0262996033208,300.0262996276763,300.0262997065456,300.0262997692018,300.0262998024103,300.026299817907,300.026299832956,300.0262998429337,300.02629984306327,300.02629984581296,300.0262998488529,300.02629983659585,300.0262998130123,300.0262997804243,300.02629974047966,300.0262997010277,300.02629967927703,300.0262996715327,300.0262996605961,300.02629965527956,300.02629965525443,300.02629966369443,300.02629966854226,300.02629967584636,300.0262996787029,300.02629968118094,300.02629968272925,300.0262996870367,300.0262996878444,300.02629968933616,300.0262996913627,300.0262996893016,300.0262996926242,300.0262996975221,300.02629969484246,300.02629969602003,300.026299697475,300.02629969343445,300.0262996982504,300.0262996983391,300.02629969619227,300.0262996914573,300.0262996577661,300.0262995857866,300.0262994713504,300.0262993452891,300.02629924495125,300.02629917502895,300.0262991098856,300.026299038043
0.03628471155740551,300.0262996033208,300.0262996276763,300.0262997065456,300.0262997692018,300.0262998024103,300.026299817907,300.026299832956,300.0262998429337,300.02629984306327,300.02629984581296,300.0262998488529,300.02629983659585,300.0262998130123,300.0262997804243,300.02629974047966,300.0262997010277,300.02629967927703,300.0262996715327,300.0262996605961,300.02629965527956,300.02629965525443,300.02629966369443,300.02629966854226,300.02629967584636,300.0262996787029,300.02629968118094,300.02629968272925,300.0262996870367,300.0262996878444,300.02629968933616,300.0262996913627,300.0262996893016,300.0262996926242,300.0262996975221,300.02629969484246,300.02629969602003,300.026299697475,300.02629969343445,300.0262996982504,300.0262996983391,300.02629969619227,300.0262996914573,300.0262996577661,300.0262995857866,300.0262994713504,300.0262993452891,300.02629924495125,300.02629917502895,300.0262991098856,300.026299038043
0.03678471155740551,300.0262996033208,300.0262996276763,300.0262997065456,300.0262997692018,300.0262998024103,300.026299817907,300.026299832956,300.0262998429337,300.02629984306327,300.02629984581296,300.0262998488529,300.02629983659585,300.0262998130123,300.0262997804243,300.02629974047966,300.0262997010277,300.02629967927703,300.0262996715327,300.0262996605961,300.02629965527956,300.02629965525443,300.02629966369443,300.02629966854226,300.02629967584636,300.0262996787029,300.02629968118094,300.02629968272925,300.0262996870367,300.0262996878444,300.02629968933616,300.0262996913627,300.0262996893016,300.0262996926242,300.0262996975221,300.02629969484246,300.02629969602003,300.026299697475,300.02629969343445,300.0262996982504,300.0262996983391,300.02629969619227,300.0262996914573,300.0262996577661,300.0262995857866,300.0262994713504,300.0262993452891,300.02629924495125,300.02629917502895,300.0262991098856,300.026299038043
0.03728471155740551,300.0262996033208,300.0262996276763,300.0262997065456,300.0262997692018,300.0262998024103,300.026299817907,300.026299832956,300.0262998429337,300.02629984306327,300.02629984581296,300.0262998488529,300.02629983659585,300.0262998130123,300.0262997804243,300.02629974047966,300.0262997010277,300.02629967927703,300.0262996715327,300.0262996605961,300.02629965527956,300.02629965525443,300.02629966369443,300.02629966854226,300.02629967584636,300.0262996787029,300.02629968118094,300.02629968272925,300.0262996870367,300.0262996878444,300.02629968933616,300.0262996913627,300.0262996893016,300.0262996926242,300.0262996975221,300.02629969484246,300.02629969602003,300.026299697475,300.02629969343445,300.0262996982504,300.0262996983391,300.02629969619227,300.0262996914573,300.0262996577661,300.0262995857866,300.0262994713504,300.0262993452891,300.02629924495125,300.02629917502895,300.0262991098856,300.026299038043
0.03778471155740551,300.0262996033208,300.0262996276763,300.0262997065456,300.0262997692018,300.0262998024103,300.026299817907,300.026299832956,300.0262998429337,300.02629984306327,300.02629984581296,300.0262998488529,300.02629983659585,300.0262998130123,300.0262997804243,300.02629974047966,300.0262997010277,300.02629967927703,300.0262996715327,300.0262996605961,300.02629965527956,300.02629965525443,300.02629966369443,300.02629966854226,300.02629967584636,300.0262996787029,300.02629968118094,300.02629968272925,300.0262996870367,300.0262996878444,300.02629968933616,300.0262996913627,300.0262996893016,300.0262996926242,300.0262996975221,300.02629969484246,300.02629969602003,300.026299697475,300.02629969343445,300.0262996982504,300.0262996983391,300.02629969619227,300.0262996914573,300.0262996577661,300.0262995857866,300.0262994713504,300.0262993452891,300.02629924495125,300.02629917502895,300.0262991098856,300.026299038043
0.03828471155740551,300.0262996033208,300.0262996276763,300.0262997065456,300.0262997692018,300.0262998024103,300.026299817907,300.026299832956,300.0262998429337,300.02629984306327,300.02629984581296,300.0262998488529,300.02629983659585,300.0262998130123,300.0262997804243,300.02629974047966,300.0262997010277,300.02629967927703,300.0262996715327,300.0262996605961,300.02629965527956,300.02629965525443,300.02629966369443,300.02629966854226,300.02629967584636,300.0262996787029,300.02629968118094,300.02629968272925,300.0262996870367,300.0262996878444,300.02629968933616,300.0262996913627,300.0262996893016,300.0262996926242,300.0262996975221,300.02629969484246,300.02629969602003,300.026299697475,300.02629969343445,300.0262996982504,300.0262996983391,300.02629969619227,300.0262996914573,300.0262996577661,300.0262995857866,300.0262994713504,300.0262993452891,300.02629924495125,300.02629917502895,300.0262991098856,300.026299038043
0.03878471155740551,300.0262996033208,300.0262996276763,300.0262997065456,300.0262997692018,300.0262998024103,300.026299817907,300.026299832956,300.0262998429337,300.02629984306327,300.02629984581296,300.0262998488529,300.02629983659585,300.0262998130123,300.0262997804243,300.02629974047966,300.0262997010277,300.02629967927703,300.0262996715327,300.0262996605961,300.02629965527956,300.02629965525443,300.02629966369443,300.02629966854226,300.02629967584636,300.0262996787029,300.02629968118094,300.02629968272925,300.0262996870367,300.0262996878444,300.02629968933616,300.0262996913627,300.0262996893016,300.0262996926242,300.0262996975221,300.02629969484246,300.02629969602003,300.026299697475,300.02629969343445,300.0262996982504,300.0262996983391,300.02629969619227,300.0262996914573,300.0262996577661,300.0262995857866,300.0262994713504,300.0262993452891,300.02629924495125,300.02629917502895,300.0262991098856,300.026299038043
0.03928471155740551,300.0262996033208,300.0262996276763,300.0262997065456,300.0262997692018,300.0262998024103,300.026299817907,300.026299832956,300.0262998429337,300.02629984306327,300.02629984581296,300.0262998488529,300.02629983659585,300.0262998130123,300.0262997804243,300.02629974047966,300.0262997010277,300.02629967927703,300.0262996715327,300.0262996605961,300.02629965527956,300.02629965525443,300.02629966369443,300.02629966854226,300.02629967584636,300.0262996787029,300.02629968118094,300.02629968272925,300.0262996870367,300.0262996878444,300.02629968933616,300.0262996913627,300.0262996893016,300.0262996926242,300.0262996975221,300.02629969484246,300.02629969602003,300.026299697475,300.02629969343445,300.0262996982504,300.0262996983391,300.02629969619227,300.0262996914573,300.0262996577661,300.0262995857866,300.0262994713504,300.0262993452891,300.02629924495125,300.02629917502895,300.0262991098856,300.026299038043
0.03978471155740551,300.0262996033208,300.0262996276763,300.0262997065456,300.0262997692018,300.0262998024103,300.026299817907,300.026299832956,300.0262998429337,300.02629984306327,300.02629984581296,300.0262998488529,300.02629983659585,300.0262998130123,300.0262997804243,300.02629974047966,300.0262997010277,300.02629967927703,300.0262996715327,300.0262996605961,300.02629965527956,300.02629965525443,300.02629966369443,300.02629966854226,300.02629967584636,300.0262996787029,300.02629968118094,300.02629968272925,300.0262996870367,300.0262996878444,300.02629968933616,300.0262996913627,300.0262996893016,300.0262996926242,300.0262996975221,300.02629969484246,300.02629969602003,300.026299697475,300.02629969343445,300.0262996982504,300.0262996983391,300.02629969619227,300.0262996914573,300.0262996577661,300.0262995857866,300.0262994713504,300.0262993452891,300.02629924495125,300.02629917502895,300.0262991098856,300.026299038043
0.04028471155740551,300.0262996033208,300.0262996276763,300.0262997065456,300.0262997692018,300.0262998024103,300.026299817907,300.026299832956,300.0262998429337,300.02629984306327,300.02629984581296,300.0262998488529,300.02629983659585,300.0262998130123,300.0262997804243,300.02629974047966,300.0262997010277,300.02629967927703,300.0262996715327,300.0262996605961,300.02629965527956,300.02629965525443,300.02629966369443,300.02629966854226,300.02629967584636,300.0262996787029,300.02629968118094,300.02629968272925,300.0262996870367,300.0262996878444,300.02629968933616,300.0262996913627,300.0262996893016,300.0262996926242,300.0262996975221,300.02629969484246,300.02629969602003,300.026299697475,300.02629969343445,300.0262996982504,300.0262996983391,300.02629969619227,300.0262996914573,300.0262996577661,300.0262995857866,300.0262994713504,300.0262993452891,300.02629924495125,300.02629917502895,300.0262991098856,300.026299038043
0.04078471155740551,300.0262996033208,300.0262996276763,300.0262997065456,300.0262997692018,300.0262998024103,300.026299817907,300.026299832956,300.0262998429337,300.02629984306327,300.02629984581296,300.0262998488529,300.02629983659585,300.0262998130123,300.0262997804243,300.02629974047966,300.0262997010277,300.02629967927703,300.0262996715327,300.0262996605961,300.02629965527956,300.02629965525443,300.02629966369443,300.02629966854226,300.02629967584636,300.0262996787029,300.02629968118094,300.02629968272925,300.0262996870367,300.0262996878444,300.02629968933616,300.0262996913627,300.0262996893016,300.0262996926242,300.0262996975221,300.02629969484246,300.02629969602003,300.026299697475,300.02629969343445,300.0262996982504,300.0262996983391,300.02629969619227,300.0262996914573,300.0262996577661,300.0262995857866,300.0262994713504,300.0262993452891,300.02629924495125,300.02629917502895,300.0262991098856,300.026299038043
0.04128471155740551,300.0262996033208,300.0262996276763,300.0262997065456,300.0262997692018,300.0262998024103,300.026299817907,300.026299832956,300.0262998429337,300.02629984306327,300.02629984581296,300.0262998488529,300.02629983659585,300.0262998130123,300.0262997804243,300.02629974047966,300.0262997010277,300.02629967927703,300.0262996715327,300.0262996605961,300.02629965527956,300.02629965525443,300.02629966369443,300.02629966854226,300.02629967584636,300.0262996787029,300.02629968118094,300.02629968272925,300.0262996870367,300.0262996878444,300.02629968933616,300.0262996913627,300.0262996893016,300.0262996926242,300.0262996975221,300.02629969484246,300.02629969602003,300.026299697475,300.02629969343445,300.0262996982504,300.0262996983391,300.02629969619227,300.0262996914573,300.0262996577661,300.0262995857866,300.0262994713504,300.0262993452891,300.02629924495125,300.02629917502895,300.0262991098856,300.026299038043
0.04178471155740551,300.0262996033208,300.0262996276763,300.0262997065456,300.0262997692018,300.0262998024103,300.026299817907,300.026299832956,300.0262998429337,300.02629984306327,300.02629984581296,300.0262998488529,300.02629983659585,300.0262998130123,300.0262997804243,300.02629974047966,300.0262997010277,300.02629967927703,300.0262996715327,300.0262996605961,300.02629965527956,300.02629965525443,300.02629966369443,300.02629966854226,300.02629967584636,300.0262996787029,300.02629968118094,300.02629968272925,300.0262996870367,300.0262996878444,300.02629968933616,300.0262996913627,300.0262996893016,300.0262996926242,300.0262996975221,300.02629969484246,300.02629969602003,300.026299697475,300.02629969343445,300.0262996982504,300.0262996983391,300.02629969619227,300.0262996914573,300.0262996577661,300.0262995857866,300.0262994713504,300.0262993452891,300.02629924495125,300.02629917502895,300.0262991098856,300.026299038043
0.04228471155740551,300.0262996033208,300.0262996276763,300.0262997065456,300.0262997692018,300.0262998024103,300.026299817907,300.026299832956,300.0262998429337,300.02629984306327,300.02629984581296,300.0262998488529,300.02629983659585,300.0262998130123,300.0262997804243,300.02629974047966,300.0262997010277,300.02629967927703,300.0262996715327,300.0262996605961,300.02629965527956,300.02629965525443,300.02629966369443,300.02629966854226,300.02629967584636,300.0262996787029,300.02629968118094,300.02629968272925,300.0262996870367,300.0262996878444,300.02629968933616,300.0262996913627,300.0262996893016,300.0262996926242,300.0262996975221,300.02629969484246,300.02629969602003,300.026299697475,300.02629969343445,300.0262996982504,300.0262996983391,300.02629969619227,300.0262996914573,300.0262996577661,300.0262995857866,300.0262994713504,300.0262993452891,300.02629924495125,300.02629917502895,300.0262991098856,300.026299038043
0.042784711557405514,300.0262996033208,300.0262996276763,300.0262997065456,300.0262997692018,300.0262998024103,300.026299817907,300.026299832956,300.0262998429337,300.02629984306327,300.02629984581296,300.0262998488529,300.02629983659585,300.0262998130123,300.0262997804243,300.02629974047966,300.0262997010277,300.02629967927703,300.0262996715327,300.0262996605961,300.02629965527956,300.02629965525443,300.02629966369443,300.02629966854226,300.02629967584636,300.0262996787029,300.02629968118094,300.02629968272925,300.0262996870367,300.0262996878444,300.02629968933616,300.0262996913627,300.0262996893016,300.0262996926242,300.0262996975221,300.02629969484246,300.02629969602003,300.026299697475,300.02629969343445,300.0262996982504,300.0262996983391,300.02629969619227,300.0262996914573,300.0262996577661,300.0262995857866,300.0262994713504,300.0262993452891,300.02629924495125,300.02629917502895,300.0262991098856,300.026299038043
0.043284711557405514,300.0262996033208,300.0262996276763,300.0262997065456,300.0262997692018,300.0262998024103,300.026299817907,300.026299832956,300.0262998429337,300.02629984306327,300.02629984581296,300.0262998488529,300.02629983659585,300.0262998130123,300.0262997804243,300.02629974047966,300.0262997010277,300.02629967927703,300.0262996715327,300.0262996605961,300.02629965527956,300.02629965525443,300.02629966369443,300.02629966854226,300.02629967584636,300.0262996787029,300.02629968118094,300.02629968272925,300.0262996870367,300.0262996878444,300.02629968933616,300.0262996913627,300.0262996893016,300.0262996926242,300.0262996975221,300.02629969484246,300.02629969602003,300.026299697475,300.02629969343445,300.0262996982504,300.0262996983391,300.02629969619227,300.0262996914573,300.0262996577661,300.0262995857866,300.0262994713504,300.0262993452891,300.02629924495125,300.02629917502895,300.0262991098856,300.026299038043
0.043784711557405515,300.0262996033208,300.0262996276763,300.0262997065456,300.0262997692018,300.0262998024103,300.026299817907,300.026299832956,300.0262998429337,300.02629984306327,300.02629984581296,300.0262998488529,300.02629983659585,300.0262998130123,300.0262997804243,300.02629974047966,300.0262997010277,300.02629967927703,300.0262996715327,300.0262996605961,300.02629965527956,300.02629965525443,300.02629966369443,300.02629966854226,300.02629967584636,300.0262996787029,300.02629968118094,300.02629968272925,300.0262996870367,300.0262996878444,300.02629968933616,300.0262996913627,300.0262996893016,300.0262996926242,300.0262996975221,300.02629969484246,300.02629969602003,300.026299697475,300.02629969343445,300.0262996982504,300.0262996983391,300.02629969619227,300.0262996914573,300.0262996577661,300.0262995857866,300.0262994713504,300.0262993452891,300.02629924495125,300.02629917502895,300.0262991098856,300.026299038043
0.044284711557405515,300.0262996033208,300.0262996276763,300.0262997065456,300.0262997692018,300.0262998024103,300.026299817907,300.026299832956,300.0262998429337,300.02629984306327,300.02629984581296,300.0262998488529,300.02629983659585,300.0262998130123,300.0262997804243,300.02629974047966,300.0262997010277,300.02629967927703,300.0262996715327,300.0262996605961,300.02629965527956,300.02629965525443,300.02629966369443,300.02629966854226,300.02629967584636,300.0262996787029,300.02629968118094,300.02629968272925,300.0262996870367,300.0262996878444,300.02629968933616,300.0262996913627,300.0262996893016,300.0262996926242,300.0262996975221,300.02629969484246,300.02629969602003,300.026299697475,300.02629969343445,300.0262996982504,300.0262996983391,300.02629969619227,300.0262996914573,300.0262996577661,300.0262995857866,300.0262994713504,300.0262993452891,300.02629924495125,300.02629917502895,300.0262991098856,300.026299038043
0.044784711557405515,300.0262996033208,300.0262996276763,300.0262997065456,300.0262997692018,300.0262998024103,300.026299817907,300.026299832956,300.0262998429337,300.02629984306327,300.02629984581296,300.0262998488529,300.02629983659585,300.0262998130123,300.0262997804243,300.02629974047966,300.0262997010277,300.02629967927703,300.0262996715327,300.0262996605961,300.02629965527956,300.02629965525443,300.02629966369443,300.02629966854226,300.02629967584636,300.0262996787029,300.02629968118094,300.02629968272925,300.0262996870367,300.0262996878444,300.02629968933616,300.0262996913627,300.0262996893016,300.0262996926242,300.0262996975221,300.02629969484246,300.02629969602003,300.026299697475,300.02629969343445,300.0262996982504,300.0262996983391,300.02629969619227,300.0262996914573,300.0262996577661,300.0262995857866,300.0262994713504,300.0262993452891,300.02629924495125,300.02629917502895,300.0262991098856,300.026299038043
0.045284711557405516,300.0262996033208,300.0262996276763,300.0262997065456,300.0262997692018,300.0262998024103,300.026299817907,300.026299832956,300.0262998429337,300.02629984306327,300.02629984581296,300.0262998488529,300.02629983659585,300.0262998130123,300.0262997804243,300.02629974047966,300.0262997010277,300.02629967927703,300.0262996715327,300.0262996605961,300.02629965527956,300.02629965525443,300.02629966369443,300.02629966854226,300.02629967584636,300.0262996787029,300.02629968118094,300.02629968272925,300.0262996870367,300.0262996878444,300.02629968933616,300.0262996913627,300.0262996893016,300.0262996926242,300.0262996975221,300.02629969484246,300.02629969602003,300.026299697475,300.02629969343445,300.0262996982504,300.0262996983391,300.02629969619227,300.0262996914573,300.0262996577661,300.0262995857866,300.0262994713504,300.0262993452891,300.02629924495125,300.02629917502895,300.0262991098856,300.026299038043
0.045784711557405516,300.0262996033208,300.0262996276763,300.0262997065456,300.0262997692018,300.0262998024103,300.026299817907,300.026299832956,300.0262998429337,300.02629984306327,300.02629984581296,300.0262998488529,300.02629983659585,300.0262998130123,300.0262997804243,300.02629974047966,300.0262997010277,300.02629967927703,300.0262996715327,300.0262996605961,300.02629965527956,300.02629965525443,300.02629966369443,300.02629966854226,300.02629967584636,300.0262996787029,300.02629968118094,300.02629968272925,300.0262996870367,300.0262996878444,300.02629968933616,300.0262996913627,300.0262996893016,300.0262996926242,300.0262996975221,300.02629969484246,300.02629969602003,300.026299697475,300.02629969343445,300.0262996982504,300.0262996983391,300.02629969619227,300.0262996914573,300.0262996577661,300.0262995857866,300.0262994713504,300.0262993452891,300.02629924495125,300.02629917502895,300.0262991098856,300.026299038043
0.04628471155740552,300.0262996033208,300.0262996276763,300.0262997065456,300.0262997692018,300.0262998024103,300.026299817907,300.026299832956,300.0262998429337,300.02629984306327,300.02629984581296,300.0262998488529,300.02629983659585,300.0262998130123,300.0262997804243,300.02629974047966,300.0262997010277,300.02629967927703,300.0262996715327,300.0262996605961,300.02629965527956,300.02629965525443,300.02629966369443,300.02629966854226,300.02629967584636,300.0262996787029,300.02629968118094,300.02629968272925,300.0262996870367,300.0262996878444,300.02629968933616,300.0262996913627,300.0262996893016,300.0262996926242,300.0262996975221,300.02629969484246,300.02629969602003,300.026299697475,300.02629969343445,300.0262996982504,300.0262996983391,300.02629969619227,300.0262996914573,300.0262996577661,300.0262995857866,300.0262994713504,300.0262993452891,300.02629924495125,300.02629917502895,300.0262991098856,300.026299038043
0.04678471155740552,300.0262996033208,300.0262996276763,300.0262997065456,300.0262997692018,300.0262998024103,300.026299817907,300.026299832956,300.0262998429337,300.02629984306327,300.02629984581296,300.0262998488529,300.02629983659585,300.0262998130123,300.0262997804243,300.02629974047966,300.0262997010277,300.02629967927703,300.0262996715327,300.0262996605961,300.02629965527956,300.02629965525443,300.02629966369443,300.02629966854226,300.02629967584636,300.0262996787029,300.02629968118094,300.02629968272925,300.0262996870367,300.0262996878444,300.02629968933616,300.0262996913627,300.0262996893016,300.0262996926242,300.0262996975221,300.02629969484246,300.02629969602003,300.026299697475,300.02629969343445,300.0262996982504,300.0262996983391,300.02629969619227,300.0262996914573,300.0262996577661,300.0262995857866,300.0262994713504,300.0262993452891,300.02629924495125,300.02629917502895,300.0262991098856,300.026299038043
0.04728471155740552,300.0262996033208,300.0262996276763,300.0262997065456,300.0262997692018,300.0262998024103,300.026299817907,300.026299832956,300.0262998429337,300.02629984306327,300.02629984581296,300.0262998488529,300.02629983659585,300.0262998130123,300.0262997804243,300.02629974047966,300.0262997010277,300.02629967927703,300.0262996715327,300.0262996605961,300.02629965527956,300.02629965525443,300.02629966369443,300.02629966854226,300.02629967584636,300.0262996787029,300.02629968118094,300.02629968272925,300.0262996870367,300.0262996878444,300.02629968933616,300.0262996913627,300.0262996893016,300.0262996926242,300.0262996975221,300.02629969484246,300.02629969602003,300.026299697475,300.02629969343445,300.0262996982504,300.0262996983391,300.02629969619227,300.0262996914573,300.0262996577661,300.0262995857866,300.0262994713504,300.0262993452891,300.02629924495125,300.02629917502895,300.0262991098856,300.026299038043
0.04778471155740552,300.0262996033208,300.0262996276763,300.0262997065456,300.0262997692018,300.0262998024103,300.026299817907,300.026299832956,300.0262998429337,300.02629984306327,300.02629984581296,300.0262998488529,300.02629983659585,300.0262998130123,300.0262997804243,300.02629974047966,300.0262997010277,300.02629967927703,300.0262996715327,300.0262996605961,300.02629965527956,300.02629965525443,300.02629966369443,300.02629966854226,300.02629967584636,300.0262996787029,300.02629968118094,300.02629968272925,300.0262996870367,300.0262996878444,300.02629968933616,300.0262996913627,300.0262996893016,300.0262996926242,300.0262996975221,300.02629969484246,300.02629969602003,300.026299697475,300.02629969343445,300.0262996982504,300.0262996983391,300.02629969619227,300.0262996914573,300.0262996577661,300.0262995857866,300.0262994713504,300.0262993452891,300.02629924495125,300.02629917502895,300.0262991098856,300.026299038043
0.04828471155740552,300.0262996033208,300.0262996276763,300.0262997065456,300.0262997692018,300.0262998024103,300.026299817907,300.026299832956,300.0262998429337,300.02629984306327,300.02629984581296,300.0262998488529,300.02629983659585,300.0262998130123,300.0262997804243,300.02629974047966,300.0262997010277,300.02629967927703,300.0262996715327,300.0262996605961,300.02629965527956,300.02629965525443,300.02629966369443,300.02629966854226,300.02629967584636,300.0262996787029,300.02629968118094,300.02629968272925,300.0262996870367,300.0262996878444,300.02629968933616,300.0262996913627,300.0262996893016,300.0262996926242,300.0262996975221,300.02629969484246,300.02629969602003,300.026299697475,300.02629969343445,300.0262996982504,300.0262996983391,300.02629969619227,300.0262996914573,300.0262996577661,300.0262995857866,300.0262994713504,300.0262993452891,300.02629924495125,300.02629917502895,300.0262991098856,300.026299038043
0.04878471155740552,300.0262996033208,300.0262996276763,300.0262997065456,300.0262997692018,300.0262998024103,300.026299817907,300.026299832956,300.0262998429337,300.02629984306327,300.02629984581296,300.0262998488529,300.02629983659585,300.0262998130123,300.0262997804243,300.02629974047966,300.0262997010277,300.02629967927703,300.0262996715327,300.0262996605961,300.02629965527956,300.02629965525443,300.02629966369443,300.02629966854226,300.02629967584636,300.0262996787029,300.02629968118094,300.02629968272925,300.0262996870367,300.0262996878444,300.02629968933616,300.0262996913627,300.0262996893016,300.0262996926242,300.0262996975221,300.02629969484246,300.02629969602003,300.026299697475,300.02629969343445,300.0262996982504,300.0262996983391,300.02629969619227,300.0262996914573,300.0262996577661,300.0262995857866,300.0262994713504,300.0262993452891,300.02629924495125,300.02629917502895,300.0262991098856,300.026299038043
0.04928471155740552,300.0262996033208,300.0262996276763,300.0262997065456,300.0262997692018,300.0262998024103,300.026299817907,300.026299832956,300.0262998429337,300.02629984306327,300.02629984581296,300.0262998488529,300.02629983659585,300.0262998130123,300.0262997804243,300.02629974047966,300.0262997010277,300.02629967927703,300.0262996715327,300.0262996605961,300.02629965527956,300.02629965525443,300.02629966369443,300.02629966854226,300.02629967584636,300.0262996787029,300.02629968118094,300.02629968272925,300.0262996870367,300.0262996878444,300.02629968933616,300.0262996913627,300.0262996893016,300.0262996926242,300.0262996975221,300.02629969484246,300.02629969602003,300.026299697475,300.02629969343445,300.0262996982504,300.0262996983391,300.02629969619227,300.0262996914573,300.0262996577661,300.0262995857866,300.0262994713504,300.0262993452891,300.02629924495125,300.02629917502895,300.0262991098856,300.026299038043
0.04978471155740552,300.0262996033208,300.0262996276763,300.0262997065456,300.0262997692018,300.0262998024103,300.026299817907,300.026299832956,300.0262998429337,300.02629984306327,300.02629984581296,300.0262998488529,300.02629983659585,300.0262998130123,300.0262997804243,300.02629974047966,300.0262997010277,300.02629967927703,300.0262996715327,300.0262996605961,300.02629965527956,300.02629965525443,300.02629966369443,300.02629966854226,300.02629967584636,300.0262996787029,300.02629968118094,300.02629968272925,300.0262996870367,300.0262996878444,300.02629968933616,300.0262996913627,300.0262996893016,300.0262996926242,300.0262996975221,300.02629969484246,300.02629969602003,300.026299697475,300.02629969343445,300.0262996982504,300.0262996983391,300.02629969619227,300.0262996914573,300.0262996577661,300.0262995857866,300.0262994713504,300.0262993452891,300.02629924495125,300.02629917502895,300.0262991098856,300.026299038043
0.05028471155740552,300.0262996033208,300.0262996276763,300.0262997065456,300.0262997692018,300.0262998024103,300.026299817907,300.026299832956,300.0262998429337,300.02629984306327,300.02629984581296,300.0262998488529,300.02629983659585,300.0262998130123,300.0262997804243,300.02629974047966,300.0262997010277,300.02629967927703,300.0262996715327,300.0262996605961,300.02629965527956,300.02629965525443,300.02629966369443,300.02629966854226,300.02629967584636,300.0262996787029,300.02629968118094,300.02629968272925,300.0262996870367,300.0262996878444,300.02629968933616,300.0262996913627,300.0262996893016,300.0262996926242,300.0262996975221,300.02629969484246,300.02629969602003,300.026299697475,300.02629969343445,300.0262996982504,300.0262996983391,300.02629969619227,300.0262996914573,300.0262996577661,300.0262995857866,300.0262994713504,300.0262993452891,300.02629924495125,300.02629917502895,300.0262991098856,300.026299038043
0.05078471155740552,300.0262996033208,300.0262996276763,300.0262997065456,300.0262997692018,300.0262998024103,300.026299817907,300.026299832956,300.0262998429337,300.02629984306327,300.02629984581296,300.0262998488529,300.02629983659585,300.0262998130123,300.0262997804243,300.02629974047966,300.0262997010277,300.02629967927703,300.0262996715327,300.0262996605961,300.02629965527956,300.02629965525443,300.02629966369443,300.02629966854226,300.02629967584636,300.0262996787029,300.02629968118094,300.02629968272925,300.0262996870367,300.0262996878444,300.02629968933616,300.0262996913627,300.0262996893016,300.0262996926242,300.0262996975221,300.02629969484246,300.02629969602003,300.026299697475,300.02629969343445,300.0262996982504,300.0262996983391,300.02629969619227,300.0262996914573,300.0262996577661,300.0262995857866,300.0262994713504,300.0262993452891,300.02629924495125,300.02629917502895,300.0262991098856,300.026299038043
0.05128471155740552,300.0262996033208,300.0262996276763,300.0262997065456,300.0262997692018,300.0262998024103,300.026299817907,300.026299832956,300.0262998429337,300.02629984306327,300.02629984581296,300.0262998488529,300.02629983659585,300.0262998130123,300.0262997804243,300.02629974047966,300.0262997010277,300.02629967927703,300.0262996715327,300.0262996605961,300.02629965527956,300.02629965525443,300.02629966369443,300.02629966854226,300.02629967584636,300.0262996787029,300.02629968118094,300.02629968272925,300.0262996870367,300.0262996878444,300.02629968933616,300.0262996913627,300.0262996893016,300.0262996926242,300.0262996975221,300.02629969484246,300.02629969602003,300.026299697475,300.02629969343445,300.0262996982504,300.0262996983391,300.02629969619227,300.0262996914573,300.0262996577661,300.0262995857866,300.0262994713504,300.0262993452891,300.02629924495125,300.02629917502895,300.0262991098856,300.026299038043
0.05178471155740552,300.0262996033208,300.0262996276763,300.0262997065456,300.0262997692018,300.0262998024103,300.026299817907,300.026299832956,300.0262998429337,300.02629984306327,300.02629984581296,300.0262998488529,300.02629983659585,300.0262998130123,300.0262997804243,300.02629974047966,300.0262997010277,300.02629967927703,300.0262996715327,300.0262996605961,300.02629965527956,300.02629965525443,300.02629966369443,300.02629966854226,300.02629967584636,300.0262996787029,300.02629968118094,300.02629968272925,300.0262996870367,300.0262996878444,300.02629968933616,300.0262996913627,300.0262996893016,300.0262996926242,300.0262996975221,300.02629969484246,300.02629969602003,300.026299697475,300.02629969343445,300.0262996982504,300.0262996983391,300.02629969619227,300.0262996914573,300.0262996577661,300.0262995857866,300.0262994713504,300.0262993452891,300.02629924495125,300.02629917502895,300.0262991098856,300.026299038043
0.05228471155740552,300.0262996033208,300.0262996276763,300.0262997065456,300.0262997692018,300.0262998024103,300.026299817907,300.026299832956,300.0262998429337,300.02629984306327,300.02629984581296,300.0262998488529,300.02629983659585,300.0262998130123,300.0262997804243,300.02629974047966,300.0262997010277,300.02629967927703,300.0262996715327,300.0262996605961,300.02629965527956,300.02629965525443,300.02629966369443,300.02629966854226,300.02629967584636,300.0262996787029,300.02629968118094,300.02629968272925,300.0262996870367,300.0262996878444,300.02629968933616,300.0262996913627,300.0262996893016,300.0262996926242,300.0262996975221,300.02629969484246,300.02629969602003,300.026299697475,300.02629969343445,300.0262996982504,300.0262996983391,300.02629969619227,300.0262996914573,300.0262996577661,300.0262995857866,300.0262994713504,300.0262993452891,300.02629924495125,300.02629917502895,300.0262991098856,300.026299038043
0.05278471155740552,300.0262996033208,300.0262996276763,300.0262997065456,300.0262997692018,300.0262998024103,300.026299817907,300.026299832956,300.0262998429337,300.02629984306327,300.02629984581296,300.0262998488529,300.02629983659585,300.0262998130123,300.0262997804243,300.02629974047966,300.0262997010277,300.02629967927703,300.0262996715327,300.0262996605961,300.02629965527956,300.02629965525443,300.02629966369443,300.02629966854226,300.02629967584636,300.0262996787029,300.02629968118094,300.02629968272925,300.0262996870367,300.0262996878444,300.02629968933616,300.0262996913627,300.0262996893016,300.0262996926242,300.0262996975221,300.02629969484246,300.02629969602003,300.026299697475,300.02629969343445,300.0262996982504,300.0262996983391,300.02629969619227,300.0262996914573,300.0262996577661,300.0262995857866,300.0262994713504,300.0262993452891,300.02629924495125,300.02629917502895,300.0262991098856,300.026299038043
0.05328471155740552,300.0262996033208,300.0262996276763,300.0262997065456,300.0262997692018,300.0262998024103,300.026299817907,300.026299832956,300.0262998429337,300.02629984306327,300.02629984581296,300.0262998488529,300.02629983659585,300.0262998130123,300.0262997804243,300.02629974047966,300.0262997010277,300.02629967927703,300.0262996715327,300.0262996605961,300.02629965527956,300.02629965525443,300.02629966369443,300.02629966854226,300.02629967584636,300.0262996787029,300.02629968118094,300.02629968272925,300.0262996870367,300.0262996878444,300.02629968933616,300.0262996913627,300.0262996893016,300.0262996926242,300.0262996975221,300.02629969484246,300.02629969602003,300.026299697475,300.02629969343445,300.0262996982504,300.0262996983391,300.02629969619227,300.0262996914573,300.0262996577661,300.0262995857866,300.0262994713504,300.0262993452891,300.02629924495125,300.02629917502895,300.0262991098856,300.026299038043
0.05378471155740552,300.0262996033208,300.0262996276763,300.0262997065456,300.0262997692018,300.0262998024103,300.026299817907,300.026299832956,300.0262998429337,300.02629984306327,300.02629984581296,300.0262998488529,300.02629983659585,300.0262998130123,300.0262997804243,300.02629974047966,300.0262997010277,300.02629967927703,300.0262996715327,300.0262996605961,300.02629965527956,300.02629965525443,300.02629966369443,300.02629966854226,300.02629967584636,300.0262996787029,300.02629968118094,300.02629968272925,300.0262996870367,300.0262996878444,300.02629968933616,300.0262996913627,300.0262996893016,300.0262996926242,300.0262996975221,300.02629969484246,300.02629969602003,300.026299697475,300.02629969343445,300.0262996982504,300.0262996983391,300.02629969619227,300.0262996914573,300.0262996577661,300.0262995857866,300.0262994713504,300.0262993452891,300.02629924495125,300.02629917502895,300.0262991098856,300.026299038043
0.054284711557405524,300.0262996033208,300.0262996276763,300.0262997065456,300.0262997692018,300.0262998024103,300.026299817907,300.026299832956,300.0262998429337,300.02629984306327,300.02629984581296,300.0262998488529,300.02629983659585,300.0262998130123,300.0262997804243,300.02629974047966,300.0262997010277,300.02629967927703,300.0262996715327,300.0262996605961,300.02629965527956,300.02629965525443,300.02629966369443,300.02629966854226,300.02629967584636,300.0262996787029,300.02629968118094,300.02629968272925,300.0262996870367,300.0262996878444,300.02629968933616,300.0262996913627,300.0262996893016,300.0262996926242,300.0262996975221,300.02629969484246,300.02629969602003,300.026299697475,300.02629969343445,300.0262996982504,300.0262996983391,300.02629969619227,300.0262996914573,300.0262996577661,300.0262995857866,300.0262994713504,300.0262993452891,300.02629924495125,300.02629917502895,300.0262991098856,300.026299038043
0.054784711557405524,300.0262996033208,300.0262996276763,300.0262997065456,300.0262997692018,300.0262998024103,300.026299817907,300.026299832956,300.0262998429337,300.02629984306327,300.02629984581296,300.0262998488529,300.02629983659585,300.0262998130123,300.0262997804243,300.02629974047966,300.0262997010277,300.02629967927703,300.0262996715327,300.0262996605961,300.02629965527956,300.02629965525443,300.02629966369443,300.02629966854226,300.02629967584636,300.0262996787029,300.02629968118094,300.02629968272925,300.0262996870367,300.0262996878444,300.02629968933616,300.0262996913627,300.0262996893016,300.0262996926242,300.0262996975221,300.02629969484246,300.02629969602003,300.026299697475,300.02629969343445,300.0262996982504,300.0262996983391,300.02629969619227,300.0262996914573,300.0262996577661,300.0262995857866,300.0262994713504,300.0262993452891,300.02629924495125,300.02629917502895,300.0262991098856,300.026299038043
0.055284711557405525,300.0262996033208,300.0262996276763,300.0262997065456,300.0262997692018,300.0262998024103,300.026299817907,300.026299832956,300.0262998429337,300.02629984306327,300.02629984581296,300.0262998488529,300.02629983659585,300.0262998130123,300.0262997804243,300.02629974047966,300.0262997010277,300.02629967927703,300.0262996715327,300.0262996605961,300.02629965527956,300.02629965525443,300.02629966369443,300.02629966854226,300.02629967584636,300.0262996787029,300.02629968118094,300.02629968272925,300.0262996870367,300.0262996878444,300.02629968933616,300.0262996913627,300.0262996893016,300.0262996926242,300.0262996975221,300.02629969484246,300.02629969602003,300.026299697475,300.02629969343445,300.0262996982504,300.0262996983391,300.02629969619227,300.0262996914573,300.0262996577661,300.0262995857866,300.0262994713504,300.0262993452891,300.02629924495125,300.02629917502895,300.0262991098856,300.026299038043
0.055784711557405525,300.0262996033208,300.0262996276763,300.0262997065456,300.0262997692018,300.0262998024103,300.026299817907,300.026299832956,300.0262998429337,300.02629984306327,300.02629984581296,300.0262998488529,300.02629983659585,300.0262998130123,300.0262997804243,300.02629974047966,300.0262997010277,300.02629967927703,300.0262996715327,300.0262996605961,300.02629965527956,300.02629965525443,300.02629966369443,300.02629966854226,300.02629967584636,300.0262996787029,300.02629968118094,300.02629968272925,300.0262996870367,300.0262996878444,300.02629968933616,300.0262996913627,300.0262996893016,300.0262996926242,300.0262996975221,300.02629969484246,300.02629969602003,300.026299697475,300.02629969343445,300.0262996982504,300.0262996983391,300.02629969619227,300.0262996914573,300.0262996577661,300.0262995857866,300.0262994713504,300.0262993452891,300.02629924495125,300.02629917502895,300.0262991098856,300.026299038043
0.056284711557405526,300.0262996033208,300.0262996276763,300.0262997065456,300.0262997692018,300.0262998024103,300.026299817907,300.026299832956,300.0262998429337,300.02629984306327,300.02629984581296,300.0262998488529,300.02629983659585,300.0262998130123,300.0262997804243,300.02629974047966,300.0262997010277,300.02629967927703,300.0262996715327,300.0262996605961,300.02629965527956,300.02629965525443,300.02629966369443,300.02629966854226,300.02629967584636,300.0262996787029,300.02629968118094,300.02629968272925,300.0262996870367,300.0262996878444,300.02629968933616,300.0262996913627,300.0262996893016,300.0262996926242,300.0262996975221,300.02629969484246,300.02629969602003,300.026299697475,300.02629969343445,300.0262996982504,300.0262996983391,300.02629969619227,300.0262996914573,300.0262996577661,300.0262995857866,300.0262994713504,300.0262993452891,300.02629924495125,300.02629917502895,300.0262991098856,300.026299038043
0.056784711557405526,300.0262996033208,300.0262996276763,300.0262997065456,300.0262997692018,300.0262998024103,300.026299817907,300.026299832956,300.0262998429337,300.02629984306327,300.02629984581296,300.0262998488529,300.02629983659585,300.0262998130123,300.0262997804243,300.02629974047966,300.0262997010277,300.02629967927703,300.0262996715327,300.0262996605961,300.02629965527956,300.02629965525443,300.02629966369443,300.02629966854226,300.02629967584636,300.0262996787029,300.02629968118094,300.02629968272925,300.0262996870367,300.0262996878444,300.02629968933616,300.0262996913627,300.0262996893016,300.0262996926242,300.0262996975221,300.02629969484246,300.02629969602003,300.026299697475,300.02629969343445,300.0262996982504,300.0262996983391,300.02629969619227,300.0262996914573,300.0262996577661,300.0262995857866,300.0262994713504,300.0262993452891,300.02629924495125,300.02629917502895,300.0262991098856,300.026299038043
0.05728471155740553,300.0262996033208,300.0262996276763,300.0262997065456,300.0262997692018,300.0262998024103,300.026299817907,300.026299832956,300.0262998429337,300.02629984306327,300.02629984581296,300.0262998488529,300.02629983659585,300.0262998130123,300.0262997804243,300.02629974047966,300.0262997010277,300.02629967927703,300.0262996715327,300.0262996605961,300.02629965527956,300.02629965525443,300.02629966369443,300.02629966854226,300.02629967584636,300.0262996787029,300.02629968118094,300.02629968272925,300.0262996870367,300.0262996878444,300.02629968933616,300.0262996913627,300.0262996893016,300.0262996926242,300.0262996975221,300.02629969484246,300.02629969602003,300.026299697475,300.02629969343445,300.0262996982504,300.0262996983391,300.02629969619227,300.0262996914573,300.0262996577661,300.0262995857866,300.0262994713504,300.0262993452891,300.02629924495125,300.02629917502895,300.0262991098856,300.026299038043
0.05778471155740553,300.0262996033208,300.0262996276763,300.0262997065456,300.0262997692018,300.0262998024103,300.026299817907,300.026299832956,300.0262998429337,300.02629984306327,300.02629984581296,300.0262998488529,300.02629983659585,300.0262998130123,300.0262997804243,300.02629974047966,300.0262997010277,300.02629967927703,300.0262996715327,300.0262996605961,300.02629965527956,300.02629965525443,300.02629966369443,300.02629966854226,300.02629967584636,300.0262996787029,300.02629968118094,300.02629968272925,300.0262996870367,300.0262996878444,300.02629968933616,300.0262996913627,300.0262996893016,300.0262996926242,300.0262996975221,300.02629969484246,300.02629969602003,300.026299697475,300.02629969343445,300.0262996982504,300.0262996983391,300.02629969619227,300.0262996914573,300.0262996577661,300.0262995857866,300.0262994713504,300.0262993452891,300.02629924495125,300.02629917502895,300.0262991098856,300.026299038043
0.05828471155740553,300.0262996033208,300.0262996276763,300.0262997065456,300.0262997692018,300.0262998024103,300.026299817907,300.026299832956,300.0262998429337,300.02629984306327,300.02629984581296,300.0262998488529,300.02629983659585,300.0262998130123,300.0262997804243,300.02629974047966,300.0262997010277,300.02629967927703,300.0262996715327,300.0262996605961,300.02629965527956,300.02629965525443,300.02629966369443,300.02629966854226,300.02629967584636,300.0262996787029,300.02629968118094,300.02629968272925,300.0262996870367,300.0262996878444,300.02629968933616,300.0262996913627,300.0262996893016,300.0262996926242,300.0262996975221,300.02629969484246,300.02629969602003,300.026299697475,300.02629969343445,300.0262996982504,300.0262996983391,300.02629969619227,300.0262996914573,300.0262996577661,300.0262995857866,300.0262994713504,300.0262993452891,300.02629924495125,300.02629917502895,300.0262991098856,300.026299038043
0.05878471155740553,300.0262996033208,300.0262996276763,300.0262997065456,300.0262997692018,300.0262998024103,300.026299817907,300.026299832956,300.0262998429337,300.02629984306327,300.02629984581296,300.0262998488529,300.02629983659585,300.0262998130123,300.0262997804243,300.02629974047966,300.0262997010277,300.02629967927703,300.0262996715327,300.0262996605961,300.02629965527956,300.02629965525443,300.02629966369443,300.02629966854226,300.02629967584636,300.0262996787029,300.02629968118094,300.02629968272925,300.0262996870367,300.0262996878444,300.02629968933616,300.0262996913627,300.0262996893016,300.0262996926242,300.0262996975221,300.02629969484246,300.02629969602003,300.026299697475,300.02629969343445,300.0262996982504,300.0262996983391,300.02629969619227,300.0262996914573,300.0262996577661,300.0262995857866,300.0262994713504,300.0262993452891,300.02629924495125,300.02629917502895,300.0262991098856,300.026299038043
0.05928471155740553,300.0262996033208,300.0262996276763,300.0262997065456,300.0262997692018,300.0262998024103,300.026299817907,300.026299832956,300.0262998429337,300.02629984306327,300.02629984581296,300.0262998488529,300.02629983659585,300.0262998130123,300.0262997804243,300.02629974047966,300.0262997010277,300.02629967927703,300.0262996715327,300.0262996605961,300.02629965527956,300.02629965525443,300.02629966369443,300.02629966854226,300.02629967584636,300.0262996787029,300.02629968118094,300.02629968272925,300.0262996870367,300.0262996878444,300.02629968933616,300.0262996913627,300.0262996893016,300.0262996926242,300.0262996975221,300.02629969484246,300.02629969602003,300.026299697475,300.02629969343445,300.0262996982504,300.0262996983391,300.02629969619227,300.0262996914573,300.0262996577661,300.0262995857866,300.0262994713504,300.0262993452891,300.02629924495125,300.02629917502895,300.0262991098856,300.026299038043
0.05978471155740553,300.0262996033208,300.0262996276763,300.0262997065456,300.0262997692018,300.0262998024103,300.026299817907,300.026299832956,300.0262998429337,300.02629984306327,300.02629984581296,300.0262998488529,300.02629983659585,300.0262998130123,300.0262997804243,300.02629974047966,300.0262997010277,300.02629967927703,300.0262996715327,300.0262996605961,300.02629965527956,300.02629965525443,300.02629966369443,300.02629966854226,300.02629967584636,300.0262996787029,300.02629968118094,300.02629968272925,300.0262996870367,300.0262996878444,300.02629968933616,300.0262996913627,300.0262996893016,300.0262996926242,300.0262996975221,300.02629969484246,300.02629969602003,300.026299697475,300.02629969343445,300.0262996982504,300.0262996983391,300.02629969619227,300.0262996914573,300.0262996577661,300.0262995857866,300.0262994713504,300.0262993452891,300.02629924495125,300.02629917502895,300.0262991098856,300.026299038043
0.06028471155740553,300.0262996033208,300.0262996276763,300.0262997065456,300.0262997692018,300.0262998024103,300.026299817907,300.026299832956,300.0262998429337,300.02629984306327,300.02629984581296,300.0262998488529,300.02629983659585,300.0262998130123,300.0262997804243,300.02629974047966,300.0262997010277,300.02629967927703,300.0262996715327,300.0262996605961,300.02629965527956,300.02629965525443,300.02629966369443,300.02629966854226,300.02629967584636,300.0262996787029,300.02629968118094,300.02629968272925,300.0262996870367,300.0262996878444,300.02629968933616,300.0262996913627,300.0262996893016,300.0262996926242,300.0262996975221,300.02629969484246,300.02629969602003,300.026299697475,300.02629969343445,300.0262996982504,300.0262996983391,300.02629969619227,300.0262996914573,300.0262996577661,300.0262995857866,300.0262994713504,300.0262993452891,300.02629924495125,300.02629917502895,300.0262991098856,300.026299038043
0.06078471155740553,300.0262996033208,300.0262996276763,300.0262997065456,300.0262997692018,300.0262998024103,300.026299817907,300.026299832956,300.0262998429337,300.02629984306327,300.02629984581296,300.0262998488529,300.02629983659585,300.0262998130123,300.0262997804243,300.02629974047966,300.0262997010277,300.02629967927703,300.0262996715327,300.0262996605961,300.02629965527956,300.02629965525443,300.02629966369443,300.02629966854226,300.02629967584636,300.0262996787029,300.02629968118094,300.02629968272925,300.0262996870367,300.0262996878444,300.02629968933616,300.0262996913627,300.0262996893016,300.0262996926242,300.0262996975221,300.02629969484246,300.02629969602003,300.026299697475,300.02629969343445,300.0262996982504,300.0262996983391,300.02629969619227,300.0262996914573,300.0262996577661,300.0262995857866,300.0262994713504,300.0262993452891,300.02629924495125,300.02629917502895,300.0262991098856,300.026299038043
0.06128471155740553,300.0262996033208,300.0262996276763,300.0262997065456,300.0262997692018,300.0262998024103,300.026299817907,300.026299832956,300.0262998429337,300.02629984306327,300.02629984581296,300.0262998488529,300.02629983659585,300.0262998130123,300.0262997804243,300.02629974047966,300.0262997010277,300.02629967927703,300.0262996715327,300.0262996605961,300.02629965527956,300.02629965525443,300.02629966369443,300.02629966854226,300.02629967584636,300.0262996787029,300.02629968118094,300.02629968272925,300.0262996870367,300.0262996878444,300.02629968933616,300.0262996913627,300.0262996893016,300.0262996926242,300.0262996975221,300.02629969484246,300.02629969602003,300.026299697475,300.02629969343445,300.0262996982504,300.0262996983391,300.02629969619227,300.0262996914573,300.0262996577661,300.0262995857866,300.0262994713504,300.0262993452891,300.02629924495125,300.02629917502895,300.0262991098856,300.026299038043
0.06178471155740553,300.0262996033208,300.0262996276763,300.0262997065456,300.0262997692018,300.0262998024103,300.026299817907,300.026299832956,300.0262998429337,300.02629984306327,300.02629984581296,300.0262998488529,300.02629983659585,300.0262998130123,300.0262997804243,300.02629974047966,300.0262997010277,300.02629967927703,300.0262996715327,300.0262996605961,300.02629965527956,300.02629965525443,300.02629966369443,300.02629966854226,300.02629967584636,300.0262996787029,300.02629968118094,300.02629968272925,300.0262996870367,300.0262996878444,300.02629968933616,300.0262996913627,300.0262996893016,300.0262996926242,300.0262996975221,300.02629969484246,300.02629969602003,300.026299697475,300.02629969343445,300.0262996982504,300.0262996983391,300.02629969619227,300.0262996914573,300.0262996577661,300.0262995857866,300.0262994713504,300.0262993452891,300.02629924495125,300.02629917502895,300.0262991098856,300.026299038043
0.06228471155740553,300.0262996033208,300.0262996276763,300.0262997065456,300.0262997692018,300.0262998024103,300.026299817907,300.026299832956,300.0262998429337,300.02629984306327,300.02629984581296,300.0262998488529,300.02629983659585,300.0262998130123,300.0262997804243,300.02629974047966,300.0262997010277,300.02629967927703,300.0262996715327,300.0262996605961,300.02629965527956,300.02629965525443,300.02629966369443,300.02629966854226,300.02629967584636,300.0262996787029,300.02629968118094,300.02629968272925,300.0262996870367,300.0262996878444,300.02629968933616,300.0262996913627,300.0262996893016,300.0262996926242,300.0262996975221,300.02629969484246,300.02629969602003,300.026299697475,300.02629969343445,300.0262996982504,300.0262996983391,300.02629969619227,300.0262996914573,300.0262996577661,300.0262995857866,300.0262994713504,300.0262993452891,300.02629924495125,300.02629917502895,300.0262991098856,300.026299038043
0.06278471155740553,300.0262996033208,300.0262996276763,300.0262997065456,300.0262997692018,300.0262998024103,300.026299817907,300.026299832956,300.0262998429337,300.02629984306327,300.02629984581296,300.0262998488529,300.02629983659585,300.0262998130123,300.0262997804243,300.02629974047966,300.0262997010277,300.02629967927703,300.0262996715327,300.0262996605961,300.02629965527956,300.02629965525443,300.02629966369443,300.02629966854226,300.02629967584636,300.0262996787029,300.02629968118094,300.02629968272925,300.0262996870367,300.0262996878444,300.02629968933616,300.0262996913627,300.0262996893016,300.0262996926242,300.0262996975221,300.02629969484246,300.02629969602003,300.026299697475,300.02629969343445,300.0262996982504,300.0262996983391,300.02629969619227,300.0262996914573,300.0262996577661,300.0262995857866,300.0262994713504,300.0262993452891,300.02629924495125,300.02629917502895,300.0262991098856,300.026299038043
0.06328471155740553,300.0262996033208,300.0262996276763,300.0262997065456,300.0262997692018,300.0262998024103,300.026299817907,300.026299832956,300.0262998429337,300.02629984306327,300.02629984581296,300.0262998488529,300.02629983659585,300.0262998130123,300.0262997804243,300.02629974047966,300.0262997010277,300.02629967927703,300.0262996715327,300.0262996605961,300.02629965527956,300.02629965525443,300.02629966369443,300.02629966854226,300.02629967584636,300.0262996787029,300.02629968118094,300.02629968272925,300.0262996870367,300.0262996878444,300.02629968933616,300.0262996913627,300.0262996893016,300.0262996926242,300.0262996975221,300.02629969484246,300.02629969602003,300.026299697475,300.02629969343445,300.0262996982504,300.0262996983391,300.02629969619227,300.0262996914573,300.0262996577661,300.0262995857866,300.0262994713504,300.0262993452891,300.02629924495125,300.02629917502895,300.0262991098856,300.026299038043
0.06378471155740553,300.0262996033208,300.0262996276763,300.0262997065456,300.0262997692018,300.0262998024103,300.026299817907,300.026299832956,300.0262998429337,300.02629984306327,300.02629984581296,300.0262998488529,300.02629983659585,300.0262998130123,300.0262997804243,300.02629974047966,300.0262997010277,300.02629967927703,300.0262996715327,300.0262996605961,300.02629965527956,300.02629965525443,300.02629966369443,300.02629966854226,300.02629967584636,300.0262996787029,300.02629968118094,300.02629968272925,300.0262996870367,300.0262996878444,300.02629968933616,300.0262996913627,300.0262996893016,300.0262996926242,300.0262996975221,300.02629969484246,300.02629969602003,300.026299697475,300.02629969343445,300.0262996982504,300.0262996983391,300.02629969619227,300.0262996914573,300.0262996577661,300.0262995857866,300.0262994713504,300.0262993452891,300.02629924495125,300.02629917502895,300.0262991098856,300.026299038043
0.06428471155740553,300.0262996033208,300.0262996276763,300.0262997065456,300.0262997692018,300.0262998024103,300.026299817907,300.026299832956,300.0262998429337,300.02629984306327,300.02629984581296,300.0262998488529,300.02629983659585,300.0262998130123,300.0262997804243,300.02629974047966,300.0262997010277,300.02629967927703,300.0262996715327,300.0262996605961,300.02629965527956,300.02629965525443,300.02629966369443,300.02629966854226,300.02629967584636,300.0262996787029,300.02629968118094,300.02629968272925,300.0262996870367,300.0262996878444,300.02629968933616,300.0262996913627,300.0262996893016,300.0262996926242,300.0262996975221,300.02629969484246,300.02629969602003,300.026299697475,300.02629969343445,300.0262996982504,300.0262996983391,300.02629969619227,300.0262996914573,300.0262996577661,300.0262995857866,300.0262994713504,300.0262993452891,300.02629924495125,300.02629917502895,300.0262991098856,300.026299038043
0.06478471155740553,300.0262996033208,300.0262996276763,300.0262997065456,300.0262997692018,300.0262998024103,300.026299817907,300.026299832956,300.0262998429337,300.02629984306327,300.02629984581296,300.0262998488529,300.02629983659585,300.0262998130123,300.0262997804243,300.02629974047966,300.0262997010277,300.02629967927703,300.0262996715327,300.0262996605961,300.02629965527956,300.02629965525443,300.02629966369443,300.02629966854226,300.02629967584636,300.0262996787029,300.02629968118094,300.02629968272925,300.0262996870367,300.0262996878444,300.02629968933616,300.0262996913627,300.0262996893016,300.0262996926242,300.0262996975221,300.02629969484246,300.02629969602003,300.026299697475,300.02629969343445,300.0262996982504,300.0262996983391,300.02629969619227,300.0262996914573,300.0262996577661,300.0262995857866,300.0262994713504,300.0262993452891,300.02629924495125,300.02629917502895,300.0262991098856,300.026299038043
0.06528471155740553,300.0262996033208,300.0262996276763,300.0262997065456,300.0262997692018,300.0262998024103,300.026299817907,300.026299832956,300.0262998429337,300.02629984306327,300.02629984581296,300.0262998488529,300.02629983659585,300.0262998130123,300.0262997804243,300.02629974047966,300.0262997010277,300.02629967927703,300.0262996715327,300.0262996605961,300.02629965527956,300.02629965525443,300.02629966369443,300.02629966854226,300.02629967584636,300.0262996787029,300.02629968118094,300.02629968272925,300.0262996870367,300.0262996878444,300.02629968933616,300.0262996913627,300.0262996893016,300.0262996926242,300.0262996975221,300.02629969484246,300.02629969602003,300.026299697475,300.02629969343445,300.0262996982504,300.0262996983391,300.02629969619227,300.0262996914573,300.0262996577661,300.0262995857866,300.0262994713504,300.0262993452891,300.02629924495125,300.02629917502895,300.0262991098856,300.026299038043
0.06578471155740553,300.0262996033208,300.0262996276763,300.0262997065456,300.0262997692018,300.0262998024103,300.026299817907,300.026299832956,300.0262998429337,300.02629984306327,300.02629984581296,300.0262998488529,300.02629983659585,300.0262998130123,300.0262997804243,300.02629974047966,300.0262997010277,300.02629967927703,300.0262996715327,300.0262996605961,300.02629965527956,300.02629965525443,300.02629966369443,300.02629966854226,300.02629967584636,300.0262996787029,300.02629968118094,300.02629968272925,300.0262996870367,300.0262996878444,300.02629968933616,300.0262996913627,300.0262996893016,300.0262996926242,300.0262996975221,300.02629969484246,300.02629969602003,300.026299697475,300.02629969343445,300.0262996982504,300.0262996983391,300.02629969619227,300.0262996914573,300.0262996577661,300.0262995857866,300.0262994713504,300.0262993452891,300.02629924495125,300.02629917502895,300.0262991098856,300.026299038043
0.06628471155740553,300.0262996033208,300.0262996276763,300.0262997065456,300.0262997692018,300.0262998024103,300.026299817907,300.026299832956,300.0262998429337,300.02629984306327,300.02629984581296,300.0262998488529,300.02629983659585,300.0262998130123,300.0262997804243,300.02629974047966,300.0262997010277,300.02629967927703,300.0262996715327,300.0262996605961,300.02629965527956,300.02629965525443,300.02629966369443,300.02629966854226,300.02629967584636,300.0262996787029,300.02629968118094,300.02629968272925,300.0262996870367,300.0262996878444,300.02629968933616,300.0262996913627,300.0262996893016,300.0262996926242,300.0262996975221,300.02629969484246,300.02629969602003,300.026299697475,300.02629969343445,300.0262996982504,300.0262996983391,300.02629969619227,300.0262996914573,300.0262996577661,300.0262995857866,300.0262994713504,300.0262993452891,300.02629924495125,300.02629917502895,300.0262991098856,300.026299038043
0.06678471155740553,300.0262996033208,300.0262996276763,300.0262997065456,300.0262997692018,300.0262998024103,300.026299817907,300.026299832956,300.0262998429337,300.02629984306327,300.02629984581296,300.0262998488529,300.02629983659585,300.0262998130123,300.0262997804243,300.02629974047966,300.0262997010277,300.02629967927703,300.0262996715327,300.0262996605961,300.02629965527956,300.02629965525443,300.02629966369443,300.02629966854226,300.02629967584636,300.0262996787029,300.02629968118094,300.02629968272925,300.0262996870367,300.0262996878444,300.02629968933616,300.0262996913627,300.0262996893016,300.0262996926242,300.0262996975221,300.02629969484246,300.02629969602003,300.026299697475,300.02629969343445,300.0262996982504,300.0262996983391,300.02629969619227,300.0262996914573,300.0262996577661,300.0262995857866,300.0262994713504,300.0262993452891,300.02629924495125,300.02629917502895,300.0262991098856,300.026299038043
0.06728471155740554,300.0262996033208,300.0262996276763,300.0262997065456,300.0262997692018,300.0262998024103,300.026299817907,300.026299832956,300.0262998429337,300.02629984306327,300.02629984581296,300.0262998488529,300.02629983659585,300.0262998130123,300.0262997804243,300.02629974047966,300.0262997010277,300.02629967927703,300.0262996715327,300.0262996605961,300.02629965527956,300.02629965525443,300.02629966369443,300.02629966854226,300.02629967584636,300.0262996787029,300.02629968118094,300.02629968272925,300.0262996870367,300.0262996878444,300.02629968933616,300.0262996913627,300.0262996893016,300.0262996926242,300.0262996975221,300.02629969484246,300.02629969602003,300.026299697475,300.02629969343445,300.0262996982504,300.0262996983391,300.02629969619227,300.0262996914573,300.0262996577661,300.0262995857866,300.0262994713504,300.0262993452891,300.02629924495125,300.02629917502895,300.0262991098856,300.026299038043
0.06778471155740554,300.0262996033208,300.0262996276763,300.0262997065456,300.0262997692018,300.0262998024103,300.026299817907,300.026299832956,300.0262998429337,300.02629984306327,300.02629984581296,300.0262998488529,300.02629983659585,300.0262998130123,300.0262997804243,300.02629974047966,300.0262997010277,300.02629967927703,300.0262996715327,300.0262996605961,300.02629965527956,300.02629965525443,300.02629966369443,300.02629966854226,300.02629967584636,300.0262996787029,300.02629968118094,300.02629968272925,300.0262996870367,300.0262996878444,300.02629968933616,300.0262996913627,300.0262996893016,300.0262996926242,300.0262996975221,300.02629969484246,300.02629969602003,300.026299697475,300.02629969343445,300.0262996982504,300.0262996983391,300.02629969619227,300.0262996914573,300.0262996577661,300.0262995857866,300.0262994713504,300.0262993452891,300.02629924495125,300.02629917502895,300.0262991098856,300.026299038043
0.06828471155740554,300.0262996033208,300.0262996276763,300.0262997065456,300.0262997692018,300.0262998024103,300.026299817907,300.026299832956,300.0262998429337,300.02629984306327,300.02629984581296,300.0262998488529,300.02629983659585,300.0262998130123,300.0262997804243,300.02629974047966,300.0262997010277,300.02629967927703,300.0262996715327,300.0262996605961,300.02629965527956,300.02629965525443,300.02629966369443,300.02629966854226,300.02629967584636,300.0262996787029,300.02629968118094,300.02629968272925,300.0262996870367,300.0262996878444,300.02629968933616,300.0262996913627,300.0262996893016,300.0262996926242,300.0262996975221,300.02629969484246,300.02629969602003,300.026299697475,300.02629969343445,300.0262996982504,300.0262996983391,300.02629969619227,300.0262996914573,300.0262996577661,300.0262995857866,300.0262994713504,300.0262993452891,300.02629924495125,300.02629917502895,300.0262991098856,300.026299038043
0.06878471155740554,300.0262996033208,300.0262996276763,300.0262997065456,300.0262997692018,300.0262998024103,300.026299817907,300.026299832956,300.0262998429337,300.02629984306327,300.02629984581296,300.0262998488529,300.02629983659585,300.0262998130123,300.0262997804243,300.02629974047966,300.0262997010277,300.02629967927703,300.0262996715327,300.0262996605961,300.02629965527956,300.02629965525443,300.02629966369443,300.02629966854226,300.02629967584636,300.0262996787029,300.02629968118094,300.02629968272925,300.0262996870367,300.0262996878444,300.02629968933616,300.0262996913627,300.0262996893016,300.0262996926242,300.0262996975221,300.02629969484246,300.02629969602003,300.026299697475,300.02629969343445,300.0262996982504,300.0262996983391,300.02629969619227,300.0262996914573,300.0262996577661,300.0262995857866,300.0262994713504,300.0262993452891,300.02629924495125,300.02629917502895,300.0262991098856,300.026299038043
0.06928471155740554,300.0262996033208,300.0262996276763,300.0262997065456,300.0262997692018,300.0262998024103,300.026299817907,300.026299832956,300.0262998429337,300.02629984306327,300.02629984581296,300.0262998488529,300.02629983659585,300.0262998130123,300.0262997804243,300.02629974047966,300.0262997010277,300.02629967927703,300.0262996715327,300.0262996605961,300.02629965527956,300.02629965525443,300.02629966369443,300.02629966854226,300.02629967584636,300.0262996787029,300.02629968118094,300.02629968272925,300.0262996870367,300.0262996878444,300.02629968933616,300.0262996913627,300.0262996893016,300.0262996926242,300.0262996975221,300.02629969484246,300.02629969602003,300.026299697475,300.02629969343445,300.0262996982504,300.0262996983391,300.02629969619227,300.0262996914573,300.0262996577661,300.0262995857866,300.0262994713504,300.0262993452891,300.02629924495125,300.02629917502895,300.0262991098856,300.026299038043
0.06978471155740554,300.0262996033208,300.0262996276763,300.0262997065456,300.0262997692018,300.0262998024103,300.026299817907,300.026299832956,300.0262998429337,300.02629984306327,300.02629984581296,300.0262998488529,300.02629983659585,300.0262998130123,300.0262997804243,300.02629974047966,300.0262997010277,300.02629967927703,300.0262996715327,300.0262996605961,300.02629965527956,300.02629965525443,300.02629966369443,300.02629966854226,300.02629967584636,300.0262996787029,300.02629968118094,300.02629968272925,300.0262996870367,300.0262996878444,300.02629968933616,300.0262996913627,300.0262996893016,300.0262996926242,300.0262996975221,300.02629969484246,300.02629969602003,300.026299697475,300.02629969343445,300.0262996982504,300.0262996983391,300.02629969619227,300.0262996914573,300.0262996577661,300.0262995857866,300.0262994713504,300.0262993452891,300.02629924495125,300.02629917502895,300.0262991098856,300.026299038043
0.07028471155740554,300.0262996033208,300.0262996276763,300.0262997065456,300.0262997692018,300.0262998024103,300.026299817907,300.026299832956,300.0262998429337,300.02629984306327,300.02629984581296,300.0262998488529,300.02629983659585,300.0262998130123,300.0262997804243,300.02629974047966,300.0262997010277,300.02629967927703,300.0262996715327,300.0262996605961,300.02629965527956,300.02629965525443,300.02629966369443,300.02629966854226,300.02629967584636,300.0262996787029,300.02629968118094,300.02629968272925,300.0262996870367,300.0262996878444,300.02629968933616,300.0262996913627,300.0262996893016,300.0262996926242,300.0262996975221,300.02629969484246,300.02629969602003,300.026299697475,300.02629969343445,300.0262996982504,300.0262996983391,300.02629969619227,300.0262996914573,300.0262996577661,300.0262995857866,300.0262994713504,300.0262993452891,300.02629924495125,300.02629917502895,300.0262991098856,300.026299038043
0.07078471155740554,300.0262996033208,300.0262996276763,300.0262997065456,300.0262997692018,300.0262998024103,300.026299817907,300.026299832956,300.0262998429337,300.02629984306327,300.02629984581296,300.0262998488529,300.02629983659585,300.0262998130123,300.0262997804243,300.02629974047966,300.0262997010277,300.02629967927703,300.0262996715327,300.0262996605961,300.02629965527956,300.02629965525443,300.02629966369443,300.02629966854226,300.02629967584636,300.0262996787029,300.02629968118094,300.02629968272925,300.0262996870367,300.0262996878444,300.02629968933616,300.0262996913627,300.0262996893016,300.0262996926242,300.0262996975221,300.02629969484246,300.02629969602003,300.026299697475,300.02629969343445,300.0262996982504,300.0262996983391,300.02629969619227,300.0262996914573,300.0262996577661,300.0262995857866,300.0262994713504,300.0262993452891,300.02629924495125,300.02629917502895,300.0262991098856,300.026299038043
0.07128471155740554,300.0262996033208,300.0262996276763,300.0262997065456,300.0262997692018,300.0262998024103,300.026299817907,300.026299832956,300.0262998429337,300.02629984306327,300.02629984581296,300.0262998488529,300.02629983659585,300.0262998130123,300.0262997804243,300.02629974047966,300.0262997010277,300.02629967927703,300.0262996715327,300.0262996605961,300.02629965527956,300.02629965525443,300.02629966369443,300.02629966854226,300.02629967584636,300.0262996787029,300.02629968118094,300.02629968272925,300.0262996870367,300.0262996878444,300.02629968933616,300.0262996913627,300.0262996893016,300.0262996926242,300.0262996975221,300.02629969484246,300.02629969602003,300.026299697475,300.02629969343445,300.0262996982504,300.0262996983391,300.02629969619227,300.0262996914573,300.0262996577661,300.0262995857866,300.0262994713504,300.0262993452891,300.02629924495125,300.02629917502895,300.0262991098856,300.026299038043
0.07178471155740554,300.0262996033208,300.0262996276763,300.0262997065456,300.0262997692018,300.0262998024103,300.026299817907,300.026299832956,300.0262998429337,300.02629984306327,300.02629984581296,300.0262998488529,300.02629983659585,300.0262998130123,300.0262997804243,300.02629974047966,300.0262997010277,300.02629967927703,300.0262996715327,300.0262996605961,300.02629965527956,300.02629965525443,300.02629966369443,300.02629966854226,300.02629967584636,300.0262996787029,300.02629968118094,300.02629968272925,300.0262996870367,300.0262996878444,300.02629968933616,300.0262996913627,300.0262996893016,300.0262996926242,300.0262996975221,300.02629969484246,300.02629969602003,300.026299697475,300.02629969343445,300.0262996982504,300.0262996983391,300.02629969619227,300.0262996914573,300.0262996577661,300.0262995857866,300.0262994713504,300.0262993452891,300.02629924495125,300.02629917502895,300.0262991098856,300.026299038043
0.07228471155740554,300.0262996033208,300.0262996276763,300.0262997065456,300.0262997692018,300.0262998024103,300.026299817907,300.026299832956,300.0262998429337,300.02629984306327,300.02629984581296,300.0262998488529,300.02629983659585,300.0262998130123,300.0262997804243,300.02629974047966,300.0262997010277,300.02629967927703,300.0262996715327,300.0262996605961,300.02629965527956,300.02629965525443,300.02629966369443,300.02629966854226,300.02629967584636,300.0262996787029,300.02629968118094,300.02629968272925,300.0262996870367,300.0262996878444,300.02629968933616,300.0262996913627,300.0262996893016,300.0262996926242,300.0262996975221,300.02629969484246,300.02629969602003,300.026299697475,300.02629969343445,300.0262996982504,300.0262996983391,300.02629969619227,300.0262996914573,300.0262996577661,300.0262995857866,300.0262994713504,300.0262993452891,300.02629924495125,300.02629917502895,300.0262991098856,300.026299038043
0.07278471155740554,300.0262996033208,300.0262996276763,300.0262997065456,300.0262997692018,300.0262998024103,300.026299817907,300.026299832956,300.0262998429337,300.02629984306327,300.02629984581296,300.0262998488529,300.02629983659585,300.0262998130123,300.0262997804243,300.02629974047966,300.0262997010277,300.02629967927703,300.0262996715327,300.0262996605961,300.02629965527956,300.02629965525443,300.02629966369443,300.02629966854226,300.02629967584636,300.0262996787029,300.02629968118094,300.02629968272925,300.0262996870367,300.0262996878444,300.02629968933616,300.0262996913627,300.0262996893016,300.0262996926242,300.0262996975221,300.02629969484246,300.02629969602003,300.026299697475,300.02629969343445,300.0262996982504,300.0262996983391,300.02629969619227,300.0262996914573,300.0262996577661,300.0262995857866,300.0262994713504,300.0262993452891,300.02629924495125,300.02629917502895,300.0262991098856,300.026299038043
0.07328471155740554,300.0262996033208,300.0262996276763,300.0262997065456,300.0262997692018,300.0262998024103,300.026299817907,300.026299832956,300.0262998429337,300.02629984306327,300.02629984581296,300.0262998488529,300.02629983659585,300.0262998130123,300.0262997804243,300.02629974047966,300.0262997010277,300.02629967927703,300.0262996715327,300.0262996605961,300.02629965527956,300.02629965525443,300.02629966369443,300.02629966854226,300.02629967584636,300.0262996787029,300.02629968118094,300.02629968272925,300.0262996870367,300.0262996878444,300.02629968933616,300.0262996913627,300.0262996893016,300.0262996926242,300.0262996975221,300.02629969484246,300.02629969602003,300.026299697475,300.02629969343445,300.0262996982504,300.0262996983391,300.02629969619227,300.0262996914573,300.0262996577661,300.0262995857866,300.0262994713504,300.0262993452891,300.02629924495125,300.02629917502895,300.0262991098856,300.026299038043
0.07378471155740554,300.0262996033208,300.0262996276763,300.0262997065456,300.0262997692018,300.0262998024103,300.026299817907,300.026299832956,300.0262998429337,300.02629984306327,300.02629984581296,300.0262998488529,300.02629983659585,300.0262998130123,300.0262997804243,300.02629974047966,300.0262997010277,300.02629967927703,300.0262996715327,300.0262996605961,300.02629965527956,300.02629965525443,300.02629966369443,300.02629966854226,300.02629967584636,300.0262996787029,300.02629968118094,300.02629968272925,300.0262996870367,300.0262996878444,300.02629968933616,300.0262996913627,300.0262996893016,300.0262996926242,300.0262996975221,300.02629969484246,300.02629969602003,300.026299697475,300.02629969343445,300.0262996982504,300.0262996983391,300.02629969619227,300.0262996914573,300.0262996577661,300.0262995857866,300.0262994713504,300.0262993452891,300.02629924495125,300.02629917502895,300.0262991098856,300.026299038043
0.07428471155740554,300.0262996033208,300.0262996276763,300.0262997065456,300.0262997692018,300.0262998024103,300.026299817907,300.026299832956,300.0262998429337,300.02629984306327,300.02629984581296,300.0262998488529,300.02629983659585,300.0262998130123,300.0262997804243,300.02629974047966,300.0262997010277,300.02629967927703,300.0262996715327,300.0262996605961,300.02629965527956,300.02629965525443,300.02629966369443,300.02629966854226,300.02629967584636,300.0262996787029,300.02629968118094,300.02629968272925,300.0262996870367,300.0262996878444,300.02629968933616,300.0262996913627,300.0262996893016,300.0262996926242,300.0262996975221,300.02629969484246,300.02629969602003,300.026299697475,300.02629969343445,300.0262996982504,300.0262996983391,300.02629969619227,300.0262996914573,300.0262996577661,300.0262995857866,300.0262994713504,300.0262993452891,300.02629924495125,300.02629917502895,300.0262991098856,300.026299038043
0.07478471155740554,300.0262996033208,300.0262996276763,300.0262997065456,300.0262997692018,300.0262998024103,300.026299817907,300.026299832956,300.0262998429337,300.02629984306327,300.02629984581296,300.0262998488529,300.02629983659585,300.0262998130123,300.0262997804243,300.02629974047966,300.0262997010277,300.02629967927703,300.0262996715327,300.0262996605961,300.02629965527956,300.02629965525443,300.02629966369443,300.02629966854226,300.02629967584636,300.0262996787029,300.02629968118094,300.02629968272925,300.0262996870367,300.0262996878444,300.02629968933616,300.0262996913627,300.0262996893016,300.0262996926242,300.0262996975221,300.02629969484246,300.02629969602003,300.026299697475,300.02629969343445,300.0262996982504,300.0262996983391,300.02629969619227,300.0262996914573,300.0262996577661,300.0262995857866,300.0262994713504,300.0262993452891,300.02629924495125,300.02629917502895,300.0262991098856,300.026299038043
0.07528471155740554,300.0262996033208,300.0262996276763,300.0262997065456,300.0262997692018,300.0262998024103,300.026299817907,300.026299832956,300.0262998429337,300.02629984306327,300.02629984581296,300.0262998488529,300.02629983659585,300.0262998130123,300.0262997804243,300.02629974047966,300.0262997010277,300.02629967927703,300.0262996715327,300.0262996605961,300.02629965527956,300.02629965525443,300.02629966369443,300.02629966854226,300.02629967584636,300.0262996787029,300.02629968118094,300.02629968272925,300.0262996870367,300.0262996878444,300.02629968933616,300.0262996913627,300.0262996893016,300.0262996926242,300.0262996975221,300.02629969484246,300.02629969602003,300.026299697475,300.02629969343445,300.0262996982504,300.0262996983391,300.02629969619227,300.0262996914573,300.0262996577661,300.0262995857866,300.0262994713504,300.0262993452891,300.02629924495125,300.02629917502895,300.0262991098856,300.026299038043
0.07578471155740554,300.0262996033208,300.0262996276763,300.0262997065456,300.0262997692018,300.0262998024103,300.026299817907,300.026299832956,300.0262998429337,300.02629984306327,300.02629984581296,300.0262998488529,300.02629983659585,300.0262998130123,300.0262997804243,300.02629974047966,300.0262997010277,300.02629967927703,300.0262996715327,300.0262996605961,300.02629965527956,300.02629965525443,300.02629966369443,300.02629966854226,300.02629967584636,300.0262996787029,300.02629968118094,300.02629968272925,300.0262996870367,300.0262996878444,300.02629968933616,300.0262996913627,300.0262996893016,300.0262996926242,300.0262996975221,300.02629969484246,300.02629969602003,300.026299697475,300.02629969343445,300.0262996982504,300.0262996983391,300.02629969619227,300.0262996914573,300.0262996577661,300.0262995857866,300.0262994713504,300.0262993452891,300.02629924495125,300.02629917502895,300.0262991098856,300.026299038043
0.07628471155740554,300.0262996033208,300.0262996276763,300.0262997065456,300.0262997692018,300.0262998024103,300.026299817907,300.026299832956,300.0262998429337,300.02629984306327,300.02629984581296,300.0262998488529,300.02629983659585,300.0262998130123,300.0262997804243,300.02629974047966,300.0262997010277,300.02629967927703,300.0262996715327,300.0262996605961,300.02629965527956,300.02629965525443,300.02629966369443,300.02629966854226,300.02629967584636,300.0262996787029,300.02629968118094,300.02629968272925,300.0262996870367,300.0262996878444,300.02629968933616,300.0262996913627,300.0262996893016,300.0262996926242,300.0262996975221,300.02629969484246,300.02629969602003,300.026299697475,300.02629969343445,300.0262996982504,300.0262996983391,300.02629969619227,300.0262996914573,300.0262996577661,300.0262995857866,300.0262994713504,300.0262993452891,300.02629924495125,300.02629917502895,300.0262991098856,300.026299038043
0.07678471155740554,300.0262996033208,300.0262996276763,300.0262997065456,300.0262997692018,300.0262998024103,300.026299817907,300.026299832956,300.0262998429337,300.02629984306327,300.02629984581296,300.0262998488529,300.02629983659585,300.0262998130123,300.0262997804243,300.02629974047966,300.0262997010277,300.02629967927703,300.0262996715327,300.0262996605961,300.02629965527956,300.02629965525443,300.02629966369443,300.02629966854226,300.02629967584636,300.0262996787029,300.02629968118094,300.02629968272925,300.0262996870367,300.0262996878444,300.02629968933616,300.0262996913627,300.0262996893016,300.0262996926242,300.0262996975221,300.02629969484246,300.02629969602003,300.026299697475,300.02629969343445,300.0262996982504,300.0262996983391,300.02629969619227,300.0262996914573,300.0262996577661,300.0262995857866,300.0262994713504,300.0262993452891,300.02629924495125,300.02629917502895,300.0262991098856,300.026299038043
0.07728471155740554,300.0262996033208,300.0262996276763,300.0262997065456,300.0262997692018,300.0262998024103,300.026299817907,300.026299832956,300.0262998429337,300.02629984306327,300.02629984581296,300.0262998488529,300.02629983659585,300.0262998130123,300.0262997804243,300.02629974047966,300.0262997010277,300.02629967927703,300.0262996715327,300.0262996605961,300.02629965527956,300.02629965525443,300.02629966369443,300.02629966854226,300.02629967584636,300.0262996787029,300.02629968118094,300.02629968272925,300.0262996870367,300.0262996878444,300.02629968933616,300.0262996913627,300.0262996893016,300.0262996926242,300.0262996975221,300.02629969484246,300.02629969602003,300.026299697475,300.02629969343445,300.0262996982504,300.0262996983391,300.02629969619227,300.0262996914573,300.0262996577661,300.0262995857866,300.0262994713504,300.0262993452891,300.02629924495125,300.02629917502895,300.0262991098856,300.026299038043
0.07778471155740554,300.0262996033208,300.0262996276763,300.0262997065456,300.0262997692018,300.0262998024103,300.026299817907,300.026299832956,300.0262998429337,300.02629984306327,300.02629984581296,300.0262998488529,300.02629983659585,300.0262998130123,300.0262997804243,300.02629974047966,300.0262997010277,300.02629967927703,300.0262996715327,300.0262996605961,300.02629965527956,300.02629965525443,300.02629966369443,300.02629966854226,300.02629967584636,300.0262996787029,300.02629968118094,300.02629968272925,300.0262996870367,300.0262996878444,300.02629968933616,300.0262996913627,300.0262996893016,300.0262996926242,300.0262996975221,300.02629969484246,300.02629969602003,300.026299697475,300.02629969343445,300.0262996982504,300.0262996983391,300.02629969619227,300.0262996914573,300.0262996577661,300.0262995857866,300.0262994713504,300.0262993452891,300.02629924495125,300.02629917502895,300.0262991098856,300.026299038043
0.07828471155740555,300.0262996033208,300.0262996276763,300.0262997065456,300.0262997692018,300.0262998024103,300.026299817907,300.026299832956,300.0262998429337,300.02629984306327,300.02629984581296,300.0262998488529,300.02629983659585,300.0262998130123,300.0262997804243,300.02629974047966,300.0262997010277,300.02629967927703,300.0262996715327,300.0262996605961,300.02629965527956,300.02629965525443,300.02629966369443,300.02629966854226,300.02629967584636,300.0262996787029,300.02629968118094,300.02629968272925,300.0262996870367,300.0262996878444,300.02629968933616,300.0262996913627,300.0262996893016,300.0262996926242,300.0262996975221,300.02629969484246,300.02629969602003,300.026299697475,300.02629969343445,300.0262996982504,300.0262996983391,300.02629969619227,300.0262996914573,300.0262996577661,300.0262995857866,300.0262994713504,300.0262993452891,300.02629924495125,300.02629917502895,300.0262991098856,300.026299038043
0.07878471155740555,300.0262996033208,300.0262996276763,300.0262997065456,300.0262997692018,300.0262998024103,300.026299817907,300.026299832956,300.0262998429337,300.02629984306327,300.02629984581296,300.0262998488529,300.02629983659585,300.0262998130123,300.0262997804243,300.02629974047966,300.0262997010277,300.02629967927703,300.0262996715327,300.0262996605961,300.02629965527956,300.02629965525443,300.02629966369443,300.02629966854226,300.02629967584636,300.0262996787029,300.02629968118094,300.02629968272925,300.0262996870367,300.0262996878444,300.02629968933616,300.0262996913627,300.0262996893016,300.0262996926242,300.0262996975221,300.02629969484246,300.02629969602003,300.026299697475,300.02629969343445,300.0262996982504,300.0262996983391,300.02629969619227,300.0262996914573,300.0262996577661,300.0262995857866,300.0262994713504,300.0262993452891,300.02629924495125,300.02629917502895,300.0262991098856,300.026299038043
0.07928471155740555,300.0262996033208,300.0262996276763,300.0262997065456,300.0262997692018,300.0262998024103,300.026299817907,300.026299832956,300.0262998429337,300.02629984306327,300.02629984581296,300.0262998488529,300.02629983659585,300.0262998130123,300.0262997804243,300.02629974047966,300.0262997010277,300.02629967927703,300.0262996715327,300.0262996605961,300.02629965527956,300.02629965525443,300.02629966369443,300.02629966854226,300.02629967584636,300.0262996787029,300.02629968118094,300.02629968272925,300.0262996870367,300.0262996878444,300.02629968933616,300.0262996913627,300.0262996893016,300.0262996926242,300.0262996975221,300.02629969484246,300.02629969602003,300.026299697475,300.02629969343445,300.0262996982504,300.0262996983391,300.02629969619227,300.0262996914573,300.0262996577661,300.0262995857866,300.0262994713504,300.0262993452891,300.02629924495125,300.02629917502895,300.0262991098856,300.026299038043
0.07978471155740555,300.0262996033208,300.0262996276763,300.0262997065456,300.0262997692018,300.0262998024103,300.026299817907,300.026299832956,300.0262998429337,300.02629984306327,300.02629984581296,300.0262998488529,300.02629983659585,300.0262998130123,300.0262997804243,300.02629974047966,300.0262997010277,300.02629967927703,300.0262996715327,300.0262996605961,300.02629965527956,300.02629965525443,300.02629966369443,300.02629966854226,300.02629967584636,300.0262996787029,300.02629968118094,300.02629968272925,300.0262996870367,300.0262996878444,300.02629968933616,300.0262996913627,300.0262996893016,300.0262996926242,300.0262996975221,300.02629969484246,300.02629969602003,300.026299697475,300.02629969343445,300.0262996982504,300.0262996983391,300.02629969619227,300.0262996914573,300.0262996577661,300.0262995857866,300.0262994713504,300.0262993452891,300.02629924495125,300.02629917502895,300.0262991098856,300.026299038043
0.08028471155740555,300.0262996033208,300.0262996276763,300.0262997065456,300.0262997692018,300.0262998024103,300.026299817907,300.026299832956,300.0262998429337,300.02629984306327,300.02629984581296,300.0262998488529,300.02629983659585,300.0262998130123,300.0262997804243,300.02629974047966,300.0262997010277,300.02629967927703,300.0262996715327,300.0262996605961,300.02629965527956,300.02629965525443,300.02629966369443,300.02629966854226,300.02629967584636,300.0262996787029,300.02629968118094,300.02629968272925,300.0262996870367,300.0262996878444,300.02629968933616,300.0262996913627,300.0262996893016,300.0262996926242,300.0262996975221,300.02629969484246,300.02629969602003,300.026299697475,300.02629969343445,300.0262996982504,300.0262996983391,300.02629969619227,300.0262996914573,300.0262996577661,300.0262995857866,300.0262994713504,300.0262993452891,300.02629924495125,300.02629917502895,300.0262991098856,300.026299038043
0.08078471155740555,300.0262996033208,300.0262996276763,300.0262997065456,300.0262997692018,300.0262998024103,300.026299817907,300.026299832956,300.0262998429337,300.02629984306327,300.02629984581296,300.0262998488529,300.02629983659585,300.0262998130123,300.0262997804243,300.02629974047966,300.0262997010277,300.02629967927703,300.0262996715327,300.0262996605961,300.02629965527956,300.02629965525443,300.02629966369443,300.02629966854226,300.02629967584636,300.0262996787029,300.02629968118094,300.02629968272925,300.0262996870367,300.0262996878444,300.02629968933616,300.0262996913627,300.0262996893016,300.0262996926242,300.0262996975221,300.02629969484246,300.02629969602003,300.026299697475,300.02629969343445,300.0262996982504,300.0262996983391,300.02629969619227,300.0262996914573,300.0262996577661,300.0262995857866,300.0262994713504,300.0262993452891,300.02629924495125,300.02629917502895,300.0262991098856,300.026299038043
0.08128471155740555,300.0262996033208,300.0262996276763,300.0262997065456,300.0262997692018,300.0262998024103,300.026299817907,300.026299832956,300.0262998429337,300.02629984306327,300.02629984581296,300.0262998488529,300.02629983659585,300.0262998130123,300.0262997804243,300.02629974047966,300.0262997010277,300.02629967927703,300.0262996715327,300.0262996605961,300.02629965527956,300.02629965525443,300.02629966369443,300.02629966854226,300.02629967584636,300.0262996787029,300.02629968118094,300.02629968272925,300.0262996870367,300.0262996878444,300.02629968933616,300.0262996913627,300.0262996893016,300.0262996926242,300.0262996975221,300.02629969484246,300.02629969602003,300.026299697475,300.02629969343445,300.0262996982504,300.0262996983391,300.02629969619227,300.0262996914573,300.0262996577661,300.0262995857866,300.0262994713504,300.0262993452891,300.02629924495125,300.02629917502895,300.0262991098856,300.026299038043
0.08178471155740555,300.0262996033208,300.0262996276763,300.0262997065456,300.0262997692018,300.0262998024103,300.026299817907,300.026299832956,300.0262998429337,300.02629984306327,300.02629984581296,300.0262998488529,300.02629983659585,300.0262998130123,300.0262997804243,300.02629974047966,300.0262997010277,300.02629967927703,300.0262996715327,300.0262996605961,300.02629965527956,300.02629965525443,300.02629966369443,300.02629966854226,300.02629967584636,300.0262996787029,300.02629968118094,300.02629968272925,300.0262996870367,300.0262996878444,300.02629968933616,300.0262996913627,300.0262996893016,300.0262996926242,300.0262996975221,300.02629969484246,300.02629969602003,300.026299697475,300.02629969343445,300.0262996982504,300.0262996983391,300.02629969619227,300.0262996914573,300.0262996577661,300.0262995857866,300.0262994713504,300.0262993452891,300.02629924495125,300.02629917502895,300.0262991098856,300.026299038043
0.08228471155740555,300.0262996033208,300.0262996276763,300.0262997065456,300.0262997692018,300.0262998024103,300.026299817907,300.026299832956,300.0262998429337,300.02629984306327,300.02629984581296,300.0262998488529,300.02629983659585,300.0262998130123,300.0262997804243,300.02629974047966,300.0262997010277,300.02629967927703,300.0262996715327,300.0262996605961,300.02629965527956,300.02629965525443,300.02629966369443,300.02629966854226,300.02629967584636,300.0262996787029,300.02629968118094,300.02629968272925,300.0262996870367,300.0262996878444,300.02629968933616,300.0262996913627,300.0262996893016,300.0262996926242,300.0262996975221,300.02629969484246,300.02629969602003,300.026299697475,300.02629969343445,300.0262996982504,300.0262996983391,300.02629969619227,300.0262996914573,300.0262996577661,300.0262995857866,300.0262994713504,300.0262993452891,300.02629924495125,300.02629917502895,300.0262991098856,300.026299038043
0.08278471155740555,300.0262996033208,300.0262996276763,300.0262997065456,300.0262997692018,300.0262998024103,300.026299817907,300.026299832956,300.0262998429337,300.02629984306327,300.02629984581296,300.0262998488529,300.02629983659585,300.0262998130123,300.0262997804243,300.02629974047966,300.0262997010277,300.02629967927703,300.0262996715327,300.0262996605961,300.02629965527956,300.02629965525443,300.02629966369443,300.02629966854226,300.02629967584636,300.0262996787029,300.02629968118094,300.02629968272925,300.0262996870367,300.0262996878444,300.02629968933616,300.0262996913627,300.0262996893016,300.0262996926242,300.0262996975221,300.02629969484246,300.02629969602003,300.026299697475,300.02629969343445,300.0262996982504,300.0262996983391,300.02629969619227,300.0262996914573,300.0262996577661,300.0262995857866,300.0262994713504,300.0262993452891,300.02629924495125,300.02629917502895,300.0262991098856,300.026299038043
0.08328471155740555,300.0262996033208,300.0262996276763,300.0262997065456,300.0262997692018,300.0262998024103,300.026299817907,300.026299832956,300.0262998429337,300.02629984306327,300.02629984581296,300.0262998488529,300.02629983659585,300.0262998130123,300.0262997804243,300.02629974047966,300.0262997010277,300.02629967927703,300.0262996715327,300.0262996605961,300.02629965527956,300.02629965525443,300.02629966369443,300.02629966854226,300.02629967584636,300.0262996787029,300.02629968118094,300.02629968272925,300.0262996870367,300.0262996878444,300.02629968933616,300.0262996913627,300.0262996893016,300.0262996926242,300.0262996975221,300.02629969484246,300.02629969602003,300.026299697475,300.02629969343445,300.0262996982504,300.0262996983391,300.02629969619227,300.0262996914573,300.0262996577661,300.0262995857866,300.0262994713504,300.0262993452891,300.02629924495125,300.02629917502895,300.0262991098856,300.026299038043
0.08378471155740555,300.0262996033208,300.0262996276763,300.0262997065456,300.0262997692018,300.0262998024103,300.026299817907,300.026299832956,300.0262998429337,300.02629984306327,300.02629984581296,300.0262998488529,300.02629983659585,300.0262998130123,300.0262997804243,300.02629974047966,300.0262997010277,300.02629967927703,300.0262996715327,300.0262996605961,300.02629965527956,300.02629965525443,300.02629966369443,300.02629966854226,300.02629967584636,300.0262996787029,300.02629968118094,300.02629968272925,300.0262996870367,300.0262996878444,300.02629968933616,300.0262996913627,300.0262996893016,300.0262996926242,300.0262996975221,300.02629969484246,300.02629969602003,300.026299697475,300.02629969343445,300.0262996982504,300.0262996983391,300.02629969619227,300.0262996914573,300.0262996577661,300.0262995857866,300.0262994713504,300.0262993452891,300.02629924495125,300.02629917502895,300.0262991098856,300.026299038043
0.08428471155740555,300.0262996033208,300.0262996276763,300.0262997065456,300.0262997692018,300.0262998024103,300.026299817907,300.026299832956,300.0262998429337,300.02629984306327,300.02629984581296,300.0262998488529,300.02629983659585,300.0262998130123,300.0262997804243,300.02629974047966,300.0262997010277,300.02629967927703,300.0262996715327,300.0262996605961,300.02629965527956,300.02629965525443,300.02629966369443,300.02629966854226,300.02629967584636,300.0262996787029,300.02629968118094,300.02629968272925,300.0262996870367,300.0262996878444,300.02629968933616,300.0262996913627,300.0262996893016,300.0262996926242,300.0262996975221,300.02629969484246,300.02629969602003,300.026299697475,300.02629969343445,300.0262996982504,300.0262996983391,300.02629969619227,300.0262996914573,300.0262996577661,300.0262995857866,300.0262994713504,300.0262993452891,300.02629924495125,300.02629917502895,300.0262991098856,300.026299038043
0.08478471155740555,300.0262996033208,300.0262996276763,300.0262997065456,300.0262997692018,300.0262998024103,300.026299817907,300.026299832956,300.0262998429337,300.02629984306327,300.02629984581296,300.0262998488529,300.02629983659585,300.0262998130123,300.0262997804243,300.02629974047966,300.0262997010277,300.02629967927703,300.0262996715327,300.0262996605961,300.02629965527956,300.02629965525443,300.02629966369443,300.02629966854226,300.02629967584636,300.0262996787029,300.02629968118094,300.02629968272925,300.0262996870367,300.0262996878444,300.02629968933616,300.0262996913627,300.0262996893016,300.0262996926242,300.0262996975221,300.02629969484246,300.02629969602003,300.026299697475,300.02629969343445,300.0262996982504,300.0262996983391,300.02629969619227,300.0262996914573,300.0262996577661,300.0262995857866,300.0262994713504,300.0262993452891,300.02629924495125,300.02629917502895,300.0262991098856,300.026299038043
0.08528471155740555,300.0262996033208,300.0262996276763,300.0262997065456,300.0262997692018,300.0262998024103,300.026299817907,300.026299832956,300.0262998429337,300.02629984306327,300.02629984581296,300.0262998488529,300.02629983659585,300.0262998130123,300.0262997804243,300.02629974047966,300.0262997010277,300.02629967927703,300.0262996715327,300.0262996605961,300.02629965527956,300.02629965525443,300.02629966369443,300.02629966854226,300.02629967584636,300.0262996787029,300.02629968118094,300.02629968272925,300.0262996870367,300.0262996878444,300.02629968933616,300.0262996913627,300.0262996893016,300.0262996926242,300.0262996975221,300.02629969484246,300.02629969602003,300.026299697475,300.02629969343445,300.0262996982504,300.0262996983391,300.02629969619227,300.0262996914573,300.0262996577661,300.0262995857866,300.0262994713504,300.0262993452891,300.02629924495125,300.02629917502895,300.0262991098856,300.026299038043
0.08578471155740555,300.0262996033208,300.0262996276763,300.0262997065456,300.0262997692018,300.0262998024103,300.026299817907,300.026299832956,300.0262998429337,300.02629984306327,300.02629984581296,300.0262998488529,300.02629983659585,300.0262998130123,300.0262997804243,300.02629974047966,300.0262997010277,300.02629967927703,300.0262996715327,300.0262996605961,300.02629965527956,300.02629965525443,300.02629966369443,300.02629966854226,300.02629967584636,300.0262996787029,300.02629968118094,300.02629968272925,300.0262996870367,300.0262996878444,300.02629968933616,300.0262996913627,300.0262996893016,300.0262996926242,300.0262996975221,300.02629969484246,300.02629969602003,300.026299697475,300.02629969343445,300.0262996982504,300.0262996983391,300.02629969619227,300.0262996914573,300.0262996577661,300.0262995857866,300.0262994713504,300.0262993452891,300.02629924495125,300.02629917502895,300.0262991098856,300.026299038043
0.08628471155740555,300.0262996033208,300.0262996276763,300.0262997065456,300.0262997692018,300.0262998024103,300.026299817907,300.026299832956,300.0262998429337,300.02629984306327,300.02629984581296,300.0262998488529,300.02629983659585,300.0262998130123,300.0262997804243,300.02629974047966,300.0262997010277,300.02629967927703,300.0262996715327,300.0262996605961,300.02629965527956,300.02629965525443,300.02629966369443,300.02629966854226,300.02629967584636,300.0262996787029,300.02629968118094,300.02629968272925,300.0262996870367,300.0262996878444,300.02629968933616,300.0262996913627,300.0262996893016,300.0262996926242,300.0262996975221,300.02629969484246,300.02629969602003,300.026299697475,300.02629969343445,300.0262996982504,300.0262996983391,300.02629969619227,300.0262996914573,300.0262996577661,300.0262995857866,300.0262994713504,300.0262993452891,300.02629924495125,300.02629917502895,300.0262991098856,300.026299038043
0.08678471155740555,300.0262996033208,300.0262996276763,300.0262997065456,300.0262997692018,300.0262998024103,300.026299817907,300.026299832956,300.0262998429337,300.02629984306327,300.02629984581296,300.0262998488529,300.02629983659585,300.0262998130123,300.0262997804243,300.02629974047966,300.0262997010277,300.02629967927703,300.0262996715327,300.0262996605961,300.02629965527956,300.02629965525443,300.02629966369443,300.02629966854226,300.02629967584636,300.0262996787029,300.02629968118094,300.02629968272925,300.0262996870367,300.0262996878444,300.02629968933616,300.0262996913627,300.0262996893016,300.0262996926242,300.0262996975221,300.02629969484246,300.02629969602003,300.026299697475,300.02629969343445,300.0262996982504,300.0262996983391,300.02629969619227,300.0262996914573,300.0262996577661,300.0262995857866,300.0262994713504,300.0262993452891,300.02629924495125,300.02629917502895,300.0262991098856,300.026299038043
0.08728471155740555,300.0262996033208,300.0262996276763,300.0262997065456,300.0262997692018,300.0262998024103,300.026299817907,300.026299832956,300.0262998429337,300.02629984306327,300.02629984581296,300.0262998488529,300.02629983659585,300.0262998130123,300.0262997804243,300.02629974047966,300.0262997010277,300.02629967927703,300.0262996715327,300.0262996605961,300.02629965527956,300.02629965525443,300.02629966369443,300.02629966854226,300.02629967584636,300.0262996787029,300.02629968118094,300.02629968272925,300.0262996870367,300.0262996878444,300.02629968933616,300.0262996913627,300.0262996893016,300.0262996926242,300.0262996975221,300.02629969484246,300.02629969602003,300.026299697475,300.02629969343445,300.0262996982504,300.0262996983391,300.02629969619227,300.0262996914573,300.0262996577661,300.0262995857866,300.0262994713504,300.0262993452891,300.02629924495125,300.02629917502895,300.0262991098856,300.026299038043
0.08778471155740555,300.0262996033208,300.0262996276763,300.0262997065456,300.0262997692018,300.0262998024103,300.026299817907,300.026299832956,300.0262998429337,300.02629984306327,300.02629984581296,300.0262998488529,300.02629983659585,300.0262998130123,300.0262997804243,300.02629974047966,300.0262997010277,300.02629967927703,300.0262996715327,300.0262996605961,300.02629965527956,300.02629965525443,300.02629966369443,300.02629966854226,300.02629967584636,300.0262996787029,300.02629968118094,300.02629968272925,300.0262996870367,300.0262996878444,300.02629968933616,300.0262996913627,300.0262996893016,300.0262996926242,300.0262996975221,300.02629969484246,300.02629969602003,300.026299697475,300.02629969343445,300.0262996982504,300.0262996983391,300.02629969619227,300.0262996914573,300.0262996577661,300.0262995857866,300.0262994713504,300.0262993452891,300.02629924495125,300.02629917502895,300.0262991098856,300.026299038043
0.08828471155740555,300.0262996033208,300.0262996276763,300.0262997065456,300.0262997692018,300.0262998024103,300.026299817907,300.026299832956,300.0262998429337,300.02629984306327,300.02629984581296,300.0262998488529,300.02629983659585,300.0262998130123,300.0262997804243,300.02629974047966,300.0262997010277,300.02629967927703,300.0262996715327,300.0262996605961,300.02629965527956,300.02629965525443,300.02629966369443,300.02629966854226,300.02629967584636,300.0262996787029,300.02629968118094,300.02629968272925,300.0262996870367,300.0262996878444,300.02629968933616,300.0262996913627,300.0262996893016,300.0262996926242,300.0262996975221,300.02629969484246,300.02629969602003,300.026299697475,300.02629969343445,300.0262996982504,300.0262996983391,300.02629969619227,300.0262996914573,300.0262996577661,300.0262995857866,300.0262994713504,300.0262993452891,300.02629924495125,300.02629917502895,300.0262991098856,300.026299038043
0.08878471155740555,300.0262996033208,300.0262996276763,300.0262997065456,300.0262997692018,300.0262998024103,300.026299817907,300.026299832956,300.0262998429337,300.02629984306327,300.02629984581296,300.0262998488529,300.02629983659585,300.0262998130123,300.0262997804243,300.02629974047966,300.0262997010277,300.02629967927703,300.0262996715327,300.0262996605961,300.02629965527956,300.02629965525443,300.02629966369443,300.02629966854226,300.02629967584636,300.0262996787029,300.02629968118094,300.02629968272925,300.0262996870367,300.0262996878444,300.02629968933616,300.0262996913627,300.0262996893016,300.0262996926242,300.0262996975221,300.02629969484246,300.02629969602003,300.026299697475,300.02629969343445,300.0262996982504,300.0262996983391,300.02629969619227,300.0262996914573,300.0262996577661,300.0262995857866,300.0262994713504,300.0262993452891,300.02629924495125,300.02629917502895,300.0262991098856,300.026299038043
0.08928471155740555,300.0262996033208,300.0262996276763,300.0262997065456,300.0262997692018,300.0262998024103,300.026299817907,300.026299832956,300.0262998429337,300.02629984306327,300.02629984581296,300.0262998488529,300.02629983659585,300.0262998130123,300.0262997804243,300.02629974047966,300.0262997010277,300.02629967927703,300.0262996715327,300.0262996605961,300.02629965527956,300.02629965525443,300.02629966369443,300.02629966854226,300.02629967584636,300.0262996787029,300.02629968118094,300.02629968272925,300.0262996870367,300.0262996878444,300.02629968933616,300.0262996913627,300.0262996893016,300.0262996926242,300.0262996975221,300.02629969484246,300.02629969602003,300.026299697475,300.02629969343445,300.0262996982504,300.0262996983391,300.02629969619227,300.0262996914573,300.0262996577661,300.0262995857866,300.0262994713504,300.0262993452891,300.02629924495125,300.02629917502895,300.0262991098856,300.026299038043
0.08978471155740556,300.0262996033208,300.0262996276763,300.0262997065456,300.0262997692018,300.0262998024103,300.026299817907,300.026299832956,300.0262998429337,300.02629984306327,300.02629984581296,300.0262998488529,300.02629983659585,300.0262998130123,300.0262997804243,300.02629974047966,300.0262997010277,300.02629967927703,300.0262996715327,300.0262996605961,300.02629965527956,300.02629965525443,300.02629966369443,300.02629966854226,300.02629967584636,300.0262996787029,300.02629968118094,300.02629968272925,300.0262996870367,300.0262996878444,300.02629968933616,300.0262996913627,300.0262996893016,300.0262996926242,300.0262996975221,300.02629969484246,300.02629969602003,300.026299697475,300.02629969343445,300.0262996982504,300.0262996983391,300.02629969619227,300.0262996914573,300.0262996577661,300.0262995857866,300.0262994713504,300.0262993452891,300.02629924495125,300.02629917502895,300.0262991098856,300.026299038043
0.09028471155740556,300.0262996033208,300.0262996276763,300.0262997065456,300.0262997692018,300.0262998024103,300.026299817907,300.026299832956,300.0262998429337,300.02629984306327,300.02629984581296,300.0262998488529,300.02629983659585,300.0262998130123,300.0262997804243,300.02629974047966,300.0262997010277,300.02629967927703,300.0262996715327,300.0262996605961,300.02629965527956,300.02629965525443,300.02629966369443,300.02629966854226,300.02629967584636,300.0262996787029,300.02629968118094,300.02629968272925,300.0262996870367,300.0262996878444,300.02629968933616,300.0262996913627,300.0262996893016,300.0262996926242,300.0262996975221,300.02629969484246,300.02629969602003,300.026299697475,300.02629969343445,300.0262996982504,300.0262996983391,300.02629969619227,300.0262996914573,300.0262996577661,300.0262995857866,300.0262994713504,300.0262993452891,300.02629924495125,300.02629917502895,300.0262991098856,300.026299038043
0.09078471155740556,300.0262996033208,300.0262996276763,300.0262997065456,300.0262997692018,300.0262998024103,300.026299817907,300.026299832956,300.0262998429337,300.02629984306327,300.02629984581296,300.0262998488529,300.02629983659585,300.0262998130123,300.0262997804243,300.02629974047966,300.0262997010277,300.02629967927703,300.0262996715327,300.0262996605961,300.02629965527956,300.02629965525443,300.02629966369443,300.02629966854226,300.02629967584636,300.0262996787029,300.02629968118094,300.02629968272925,300.0262996870367,300.0262996878444,300.02629968933616,300.0262996913627,300.0262996893016,300.0262996926242,300.0262996975221,300.02629969484246,300.02629969602003,300.026299697475,300.02629969343445,300.0262996982504,300.0262996983391,300.02629969619227,300.0262996914573,300.0262996577661,300.0262995857866,300.0262994713504,300.0262993452891,300.02629924495125,300.02629917502895,300.0262991098856,300.026299038043
0.09128471155740556,300.0262996033208,300.0262996276763,300.0262997065456,300.0262997692018,300.0262998024103,300.026299817907,300.026299832956,300.0262998429337,300.02629984306327,300.02629984581296,300.0262998488529,300.02629983659585,300.0262998130123,300.0262997804243,300.02629974047966,300.0262997010277,300.02629967927703,300.0262996715327,300.0262996605961,300.02629965527956,300.02629965525443,300.02629966369443,300.02629966854226,300.02629967584636,300.0262996787029,300.02629968118094,300.02629968272925,300.0262996870367,300.0262996878444,300.02629968933616,300.0262996913627,300.0262996893016,300.0262996926242,300.0262996975221,300.02629969484246,300.02629969602003,300.026299697475,300.02629969343445,300.0262996982504,300.0262996983391,300.02629969619227,300.0262996914573,300.0262996577661,300.0262995857866,300.0262994713504,300.0262993452891,300.02629924495125,300.02629917502895,300.0262991098856,300.026299038043
0.09178471155740556,300.0262996033208,300.0262996276763,300.0262997065456,300.0262997692018,300.0262998024103,300.026299817907,300.026299832956,300.0262998429337,300.02629984306327,300.02629984581296,300.0262998488529,300.02629983659585,300.0262998130123,300.0262997804243,300.02629974047966,300.0262997010277,300.02629967927703,300.0262996715327,300.0262996605961,300.02629965527956,300.02629965525443,300.02629966369443,300.02629966854226,300.02629967584636,300.0262996787029,300.02629968118094,300.02629968272925,300.0262996870367,300.0262996878444,300.02629968933616,300.0262996913627,300.0262996893016,300.0262996926242,300.0262996975221,300.02629969484246,300.02629969602003,300.026299697475,300.02629969343445,300.0262996982504,300.0262996983391,300.02629969619227,300.0262996914573,300.0262996577661,300.0262995857866,300.0262994713504,300.0262993452891,300.02629924495125,300.02629917502895,300.0262991098856,300.026299038043
0.09228471155740556,300.0262996033208,300.0262996276763,300.0262997065456,300.0262997692018,300.0262998024103,300.026299817907,300.026299832956,300.0262998429337,300.02629984306327,300.02629984581296,300.0262998488529,300.02629983659585,300.0262998130123,300.0262997804243,300.02629974047966,300.0262997010277,300.02629967927703,300.0262996715327,300.0262996605961,300.02629965527956,300.02629965525443,300.02629966369443,300.02629966854226,300.02629967584636,300.0262996787029,300.02629968118094,300.02629968272925,300.0262996870367,300.0262996878444,300.02629968933616,300.0262996913627,300.0262996893016,300.0262996926242,300.0262996975221,300.02629969484246,300.02629969602003,300.026299697475,300.02629969343445,300.0262996982504,300.0262996983391,300.02629969619227,300.0262996914573,300.0262996577661,300.0262995857866,300.0262994713504,300.0262993452891,300.02629924495125,300.02629917502895,300.0262991098856,300.026299038043
0.09278471155740556,300.0262996033208,300.0262996276763,300.0262997065456,300.0262997692018,300.0262998024103,300.026299817907,300.026299832956,300.0262998429337,300.02629984306327,300.02629984581296,300.0262998488529,300.02629983659585,300.0262998130123,300.0262997804243,300.02629974047966,300.0262997010277,300.02629967927703,300.0262996715327,300.0262996605961,300.02629965527956,300.02629965525443,300.02629966369443,300.02629966854226,300.02629967584636,300.0262996787029,300.02629968118094,300.02629968272925,300.0262996870367,300.0262996878444,300.02629968933616,300.0262996913627,300.0262996893016,300.0262996926242,300.0262996975221,300.02629969484246,300.02629969602003,300.026299697475,300.02629969343445,300.0262996982504,300.0262996983391,300.02629969619227,300.0262996914573,300.0262996577661,300.0262995857866,300.0262994713504,300.0262993452891,300.02629924495125,300.02629917502895,300.0262991098856,300.026299038043
0.09328471155740556,300.0262996033208,300.0262996276763,300.0262997065456,300.0262997692018,300.0262998024103,300.026299817907,300.026299832956,300.0262998429337,300.02629984306327,300.02629984581296,300.0262998488529,300.02629983659585,300.0262998130123,300.0262997804243,300.02629974047966,300.0262997010277,300.02629967927703,300.0262996715327,300.0262996605961,300.02629965527956,300.02629965525443,300.02629966369443,300.02629966854226,300.02629967584636,300.0262996787029,300.02629968118094,300.02629968272925,300.0262996870367,300.0262996878444,300.02629968933616,300.0262996913627,300.0262996893016,300.0262996926242,300.0262996975221,300.02629969484246,300.02629969602003,300.026299697475,300.02629969343445,300.0262996982504,300.0262996983391,300.02629969619227,300.0262996914573,300.0262996577661,300.0262995857866,300.0262994713504,300.0262993452891,300.02629924495125,300.02629917502895,300.0262991098856,300.026299038043
0.09378471155740556,300.0262996033208,300.0262996276763,300.0262997065456,300.0262997692018,300.0262998024103,300.026299817907,300.026299832956,300.0262998429337,300.02629984306327,300.02629984581296,300.0262998488529,300.02629983659585,300.0262998130123,300.0262997804243,300.02629974047966,300.0262997010277,300.02629967927703,300.0262996715327,300.0262996605961,300.02629965527956,300.02629965525443,300.02629966369443,300.02629966854226,300.02629967584636,300.0262996787029,300.02629968118094,300.02629968272925,300.0262996870367,300.0262996878444,300.02629968933616,300.0262996913627,300.0262996893016,300.0262996926242,300.0262996975221,300.02629969484246,300.02629969602003,300.026299697475,300.02629969343445,300.0262996982504,300.0262996983391,300.02629969619227,300.0262996914573,300.0262996577661,300.0262995857866,300.0262994713504,300.0262993452891,300.02629924495125,300.02629917502895,300.0262991098856,300.026299038043
0.09428471155740556,300.0262996033208,300.0262996276763,300.0262997065456,300.0262997692018,300.0262998024103,300.026299817907,300.026299832956,300.0262998429337,300.02629984306327,300.02629984581296,300.0262998488529,300.02629983659585,300.0262998130123,300.0262997804243,300.02629974047966,300.0262997010277,300.02629967927703,300.0262996715327,300.0262996605961,300.02629965527956,300.02629965525443,300.02629966369443,300.02629966854226,300.02629967584636,300.0262996787029,300.02629968118094,300.02629968272925,300.0262996870367,300.0262996878444,300.02629968933616,300.0262996913627,300.0262996893016,300.0262996926242,300.0262996975221,300.02629969484246,300.02629969602003,300.026299697475,300.02629969343445,300.0262996982504,300.0262996983391,300.02629969619227,300.0262996914573,300.0262996577661,300.0262995857866,300.0262994713504,300.0262993452891,300.02629924495125,300.02629917502895,300.0262991098856,300.026299038043
0.09478471155740556,300.0262996033208,300.0262996276763,300.0262997065456,300.0262997692018,300.0262998024103,300.026299817907,300.026299832956,300.0262998429337,300.02629984306327,300.02629984581296,300.0262998488529,300.02629983659585,300.0262998130123,300.0262997804243,300.02629974047966,300.0262997010277,300.02629967927703,300.0262996715327,300.0262996605961,300.02629965527956,300.02629965525443,300.02629966369443,300.02629966854226,300.02629967584636,300.0262996787029,300.02629968118094,300.02629968272925,300.0262996870367,300.0262996878444,300.02629968933616,300.0262996913627,300.0262996893016,300.0262996926242,300.0262996975221,300.02629969484246,300.02629969602003,300.026299697475,300.02629969343445,300.0262996982504,300.0262996983391,300.02629969619227,300.0262996914573,300.0262996577661,300.0262995857866,300.0262994713504,300.0262993452891,300.02629924495125,300.02629917502895,300.0262991098856,300.026299038043
0.09528471155740556,300.0262996033208,300.0262996276763,300.0262997065456,300.0262997692018,300.0262998024103,300.026299817907,300.026299832956,300.0262998429337,300.02629984306327,300.02629984581296,300.0262998488529,300.02629983659585,300.0262998130123,300.0262997804243,300.02629974047966,300.0262997010277,300.02629967927703,300.0262996715327,300.0262996605961,300.02629965527956,300.02629965525443,300.02629966369443,300.02629966854226,300.02629967584636,300.0262996787029,300.02629968118094,300.02629968272925,300.0262996870367,300.0262996878444,300.02629968933616,300.0262996913627,300.0262996893016,300.0262996926242,300.0262996975221,300.02629969484246,300.02629969602003,300.026299697475,300.02629969343445,300.0262996982504,300.0262996983391,300.02629969619227,300.0262996914573,300.0262996577661,300.0262995857866,300.0262994713504,300.0262993452891,300.02629924495125,300.02629917502895,300.0262991098856,300.026299038043
0.09578471155740556,300.0262996033208,300.0262996276763,300.0262997065456,300.0262997692018,300.0262998024103,300.026299817907,300.026299832956,300.0262998429337,300.02629984306327,300.02629984581296,300.0262998488529,300.02629983659585,300.0262998130123,300.0262997804243,300.02629974047966,300.0262997010277,300.02629967927703,300.0262996715327,300.0262996605961,300.02629965527956,300.02629965525443,300.02629966369443,300.02629966854226,300.02629967584636,300.0262996787029,300.02629968118094,300.02629968272925,300.0262996870367,300.0262996878444,300.02629968933616,300.0262996913627,300.0262996893016,300.0262996926242,300.0262996975221,300.02629969484246,300.02629969602003,300.026299697475,300.02629969343445,300.0262996982504,300.0262996983391,300.02629969619227,300.0262996914573,300.0262996577661,300.0262995857866,300.0262994713504,300.0262993452891,300.02629924495125,300.02629917502895,300.0262991098856,300.026299038043
0.09628471155740556,300.0262996033208,300.0262996276763,300.0262997065456,300.0262997692018,300.0262998024103,300.026299817907,300.026299832956,300.0262998429337,300.02629984306327,300.02629984581296,300.0262998488529,300.02629983659585,300.0262998130123,300.0262997804243,300.02629974047966,300.0262997010277,300.02629967927703,300.0262996715327,300.0262996605961,300.02629965527956,300.02629965525443,300.02629966369443,300.02629966854226,300.02629967584636,300.0262996787029,300.02629968118094,300.02629968272925,300.0262996870367,300.0262996878444,300.02629968933616,300.0262996913627,300.0262996893016,300.0262996926242,300.0262996975221,300.02629969484246,300.02629969602003,300.026299697475,300.02629969343445,300.0262996982504,300.0262996983391,300.02629969619227,300.0262996914573,300.0262996577661,300.0262995857866,300.0262994713504,300.0262993452891,300.02629924495125,300.02629917502895,300.0262991098856,300.026299038043
0.09678471155740556,300.0262996033208,300.0262996276763,300.0262997065456,300.0262997692018,300.0262998024103,300.026299817907,300.026299832956,300.0262998429337,300.02629984306327,300.02629984581296,300.0262998488529,300.02629983659585,300.0262998130123,300.0262997804243,300.02629974047966,300.0262997010277,300.02629967927703,300.0262996715327,300.0262996605961,300.02629965527956,300.02629965525443,300.02629966369443,300.02629966854226,300.02629967584636,300.0262996787029,300.02629968118094,300.02629968272925,300.0262996870367,300.0262996878444,300.02629968933616,300.0262996913627,300.0262996893016,300.0262996926242,300.0262996975221,300.02629969484246,300.02629969602003,300.026299697475,300.02629969343445,300.0262996982504,300.0262996983391,300.02629969619227,300.0262996914573,300.0262996577661,300.0262995857866,300.0262994713504,300.0262993452891,300.02629924495125,300.02629917502895,300.0262991098856,300.026299038043
0.09728471155740556,300.0262996033208,300.0262996276763,300.0262997065456,300.0262997692018,300.0262998024103,300.026299817907,300.026299832956,300.0262998429337,300.02629984306327,300.02629984581296,300.0262998488529,300.02629983659585,300.0262998130123,300.0262997804243,300.02629974047966,300.0262997010277,300.02629967927703,300.0262996715327,300.0262996605961,300.02629965527956,300.02629965525443,300.02629966369443,300.02629966854226,300.02629967584636,300.0262996787029,300.02629968118094,300.02629968272925,300.0262996870367,300.0262996878444,300.02629968933616,300.0262996913627,300.0262996893016,300.0262996926242,300.0262996975221,300.02629969484246,300.02629969602003,300.026299697475,300.02629969343445,300.0262996982504,300.0262996983391,300.02629969619227,300.0262996914573,300.0262996577661,300.0262995857866,300.0262994713504,300.0262993452891,300.02629924495125,300.02629917502895,300.0262991098856,300.026299038043
0.09778471155740556,300.0262996033208,300.0262996276763,300.0262997065456,300.0262997692018,300.0262998024103,300.026299817907,300.026299832956,300.0262998429337,300.02629984306327,300.02629984581296,300.0262998488529,300.02629983659585,300.0262998130123,300.0262997804243,300.02629974047966,300.0262997010277,300.02629967927703,300.0262996715327,300.0262996605961,300.02629965527956,300.02629965525443,300.02629966369443,300.02629966854226,300.02629967584636,300.0262996787029,300.02629968118094,300.02629968272925,300.0262996870367,300.0262996878444,300.02629968933616,300.0262996913627,300.0262996893016,300.0262996926242,300.0262996975221,300.02629969484246,300.02629969602003,300.026299697475,300.02629969343445,300.0262996982504,300.0262996983391,300.02629969619227,300.0262996914573,300.0262996577661,300.0262995857866,300.0262994713504,300.0262993452891,300.02629924495125,300.02629917502895,300.0262991098856,300.026299038043
0.09828471155740556,300.0262996033208,300.0262996276763,300.0262997065456,300.0262997692018,300.0262998024103,300.026299817907,300.026299832956,300.0262998429337,300.02629984306327,300.02629984581296,300.0262998488529,300.02629983659585,300.0262998130123,300.0262997804243,300.02629974047966,300.0262997010277,300.02629967927703,300.0262996715327,300.0262996605961,300.02629965527956,300.02629965525443,300.02629966369443,300.02629966854226,300.02629967584636,300.0262996787029,300.02629968118094,300.02629968272925,300.0262996870367,300.0262996878444,300.02629968933616,300.0262996913627,300.0262996893016,300.0262996926242,300.0262996975221,300.02629969484246,300.02629969602003,300.026299697475,300.02629969343445,300.0262996982504,300.0262996983391,300.02629969619227,300.0262996914573,300.0262996577661,300.0262995857866,300.0262994713504,300.0262993452891,300.02629924495125,300.02629917502895,300.0262991098856,300.026299038043
0.09878471155740556,300.0262996033208,300.0262996276763,300.0262997065456,300.0262997692018,300.0262998024103,300.026299817907,300.026299832956,300.0262998429337,300.02629984306327,300.02629984581296,300.0262998488529,300.02629983659585,300.0262998130123,300.0262997804243,300.02629974047966,300.0262997010277,300.02629967927703,300.0262996715327,300.0262996605961,300.02629965527956,300.02629965525443,300.02629966369443,300.02629966854226,300.02629967584636,300.0262996787029,300.02629968118094,300.02629968272925,300.0262996870367,300.0262996878444,300.02629968933616,300.0262996913627,300.0262996893016,300.0262996926242,300.0262996975221,300.02629969484246,300.02629969602003,300.026299697475,300.02629969343445,300.0262996982504,300.0262996983391,300.02629969619227,300.0262996914573,300.0262996577661,300.0262995857866,300.0262994713504,300.0262993452891,300.02629924495125,300.02629917502895,300.0262991098856,300.026299038043
0.09928471155740556,300.0262996033208,300.0262996276763,300.0262997065456,300.0262997692018,300.0262998024103,300.026299817907,300.026299832956,300.0262998429337,300.02629984306327,300.02629984581296,300.0262998488529,300.02629983659585,300.0262998130123,300.0262997804243,300.02629974047966,300.0262997010277,300.02629967927703,300.0262996715327,300.0262996605961,300.02629965527956,300.02629965525443,300.02629966369443,300.02629966854226,300.02629967584636,300.0262996787029,300.02629968118094,300.02629968272925,300.0262996870367,300.0262996878444,300.02629968933616,300.0262996913627,300.0262996893016,300.0262996926242,300.0262996975221,300.02629969484246,300.02629969602003,300.026299697475,300.02629969343445,300.0262996982504,300.0262996983391,300.02629969619227,300.0262996914573,300.0262996577661,300.0262995857866,300.0262994713504,300.0262993452891,300.02629924495125,300.02629917502895,300.0262991098856,300.026299038043
0.09978471155740556,300.0262996033208,300.0262996276763,300.0262997065456,300.0262997692018,300.0262998024103,300.026299817907,300.026299832956,300.0262998429337,300.02629984306327,300.02629984581296,300.0262998488529,300.02629983659585,300.0262998130123,300.0262997804243,300.02629974047966,300.0262997010277,300.02629967927703,300.0262996715327,300.0262996605961,300.02629965527956,300.02629965525443,300.02629966369443,300.02629966854226,300.02629967584636,300.0262996787029,300.02629968118094,300.02629968272925,300.0262996870367,300.0262996878444,300.02629968933616,300.0262996913627,300.0262996893016,300.0262996926242,300.0262996975221,300.02629969484246,300.02629969602003,300.026299697475,300.02629969343445,300.0262996982504,300.0262996983391,300.02629969619227,300.0262996914573,300.0262996577661,300.0262995857866,300.0262994713504,300.0262993452891,300.02629924495125,300.02629917502895,300.0262991098856,300.026299038043
0.1,300.0262996033208,300.0262996276763,300.0262997065456,300.0262997692018,300.0262998024103,300.026299817907,300.026299832956,300.0262998429337,300.02629984306327,300.02629984581296,300.0262998488529,300.02629983659585,300.0262998130123,300.0262997804243,300.02629974047966,300.0262997010277,300.02629967927703,300.0262996715327,300.0262996605961,300.02629965527956,300.02629965525443,300.02629966369443,300.02629966854226,300.02629967584636,300.0262996787029,300.02629968118094,300.02629968272925,300.0262996870367,300.0262996878444,300.02629968933616,300.0262996913627,300.0262996893016,300.0262996926242,300.0262996975221,300.02629969484246,300.02629969602003,300.026299697475,300.02629969343445,300.0262996982504,300.0262996983391,300.02629969619227,300.0262996914573,300.0262996577661,300.0262995857866,300.0262994713504,300.0262993452891,300.02629924495125,300.02629917502895,300.0262991098856,300.026299038043
