t(s),T value at [0.0, 0.006001, 0] (K),T value at [3.061224489795918e-05, 0.006001, 0] (K),T value at [6.122448979591836e-05, 0.006001, 0] (K),T value at [9.183673469387755e-05, 0.006001, 0] (K),T value at [0.00012244897959183673, 0.006001, 0] (K),T value at [0.0001530612244897959, 0.006001, 0] (K),T value at [0.0001836734693877551, 0.006001, 0] (K),T value at [0.00021428571428571427, 0.006001, 0] (K),T value at [0.00024489795918367346, 0.006001, 0] (K),T value at [0.00027551020408163264, 0.006001, 0] (K),T value at [0.0003061224489795918, 0.006001, 0] (K),T value at [0.000336734693877551, 0.006001, 0] (K),T value at [0.0003673469387755102, 0.006001, 0] (K),T value at [0.00039795918367346937, 0.006001, 0] (K),T value at [0.00042857142857142855, 0.006001, 0] (K),T value at [0.00045918367346938773, 0.006001, 0] (K),T value at [0.0004897959183673469, 0.006001, 0] (K),T value at [0.0005204081632653061, 0.006001, 0] (K),T value at [0.0005510204081632653, 0.006001, 0] (K),T value at [0.0005816326530612245, 0.006001, 0] (K),T value at [0.0006122448979591836, 0.006001, 0] (K),T value at [0.0006428571428571428, 0.006001, 0] (K),T value at [0.000673469387755102, 0.006001, 0] (K),T value at [0.0007040816326530612, 0.006001, 0] (K),T value at [0.0007346938775510204, 0.006001, 0] (K),T value at [0.0007653061224489796, 0.006001, 0] (K),T value at [0.0007959183673469387, 0.006001, 0] (K),T value at [0.0008265306122448979, 0.006001, 0] (K),T value at [0.0008571428571428571, 0.006001, 0] (K),T value at [0.0008877551020408163, 0.006001, 0] (K),T value at [0.0009183673469387755, 0.006001, 0] (K),T value at [0.0009489795918367346, 0.006001, 0] (K),T value at [0.0009795918367346938, 0.006001, 0] (K),T value at [0.0010102040816326531, 0.006001, 0] (K),T value at [0.0010408163265306122, 0.006001, 0] (K),T value at [0.0010714285714285713, 0.006001, 0] (K),T value at [0.0011020408163265306, 0.006001, 0] (K),T value at [0.0011326530612244898, 0.006001, 0] (K),T value at [0.001163265306122449, 0.006001, 0] (K),T value at [0.001193877551020408, 0.006001, 0] (K),T value at [0.0012244897959183673, 0.006001, 0] (K),T value at [0.0012551020408163266, 0.006001, 0] (K),T value at [0.0012857142857142856, 0.006001, 0] (K),T value at [0.0013163265306122447, 0.006001, 0] (K),T value at [0.001346938775510204, 0.006001, 0] (K),T value at [0.0013775510204081633, 0.006001, 0] (K),T value at [0.0014081632653061224, 0.006001, 0] (K),T value at [0.0014387755102040815, 0.006001, 0] (K),T value at [0.0014693877551020407, 0.006001, 0] (K),T value at [0.0015, 0.006001, 0] (K)
1e-07,300.03369144558405,300.0336972977037,300.0337098812445,300.033713979386,300.0337158739116,300.0337129495066,300.0337146964539,300.03371683327464,300.0337107877892,300.0337111045472,300.0337166726364,300.03371654341146,300.03371351422,300.033708276222,300.0337110574213,300.0337107286993,300.0337042690739,300.0337102059955,300.03370885548776,300.03371002638676,300.0337073448252,300.0337084970789,300.033708954434,300.03370831825464,300.0337103362906,300.0337075149049,300.03370718053355,300.03370755677736,300.03370786940167,300.0337088763632,300.03371026975384,300.03371325790187,300.03370505751934,300.033707800246,300.0337088211003,300.0337115109609,300.03370990782935,300.03370932602803,300.03370905709437,300.03371019432274,300.0337085364131,300.0337062252201,300.03370964935084,300.0337104810793,300.03369285836345,300.0336954508706,300.03368987057416,300.033690641645,300.03368102608476,300.0336914948043
2.1e-07,300.03364104495824,300.03364304268354,300.0336446772677,300.033645452042,300.0336457411728,300.03364557057864,300.03364589946796,300.03364666157466,300.0336455261695,300.0336454775866,300.0336464084055,300.03364613080197,300.03364572265457,300.03364507396884,300.0336453541733,300.0336444487117,300.0336438633957,300.0336447786861,300.03364423055467,300.03364450690924,300.0336439406236,300.0336442619954,300.03364409372165,300.03364458273535,300.03364453195275,300.0336440253163,300.0336438870106,300.03364460070975,300.0336443783384,300.0336446335576,300.0336447732013,300.03364457680675,300.03364426759174,300.0336449215143,300.0336441585986,300.03364462877136,300.0336445920125,300.0336439189214,300.0336446961638,300.0336447611934,300.033644425593,300.0336449865425,300.03364455547387,300.0336447173487,300.03364257646706,300.0336414934658,300.0336400185007,300.03364118826147,300.03364004158885,300.0336392086606
3.31e-07,300.03229031699544,300.0322917075058,300.0322929209052,300.03229336874927,300.0322936192053,300.0322935663886,300.0322937341091,300.03229418273787,300.03229363441886,300.0322936999466,300.0322940557138,300.032293838732,300.0322936763682,300.0322932270475,300.0322933591536,300.03229263515294,300.0322924959996,300.03229286995247,300.03229254129667,300.0322926028823,300.03229244288565,300.03229262978783,300.03229245751913,300.0322927661714,300.03229268658913,300.03229261226045,300.0322925427811,300.03229290637995,300.03229273459306,300.0322928677312,300.03229290031993,300.0322926383797,300.03229279729624,300.0322930629448,300.0322926600848,300.0322927709654,300.03229279513323,300.0322924439417,300.03229290697845,300.0322928787057,300.032292777562,300.03229316616506,300.0322927702672,300.032292803005,300.03229144681944,300.0322905121606,300.03228966459005,300.0322903124775,300.0322893862738,300.0322888374353
4.6410000000000003e-07,300.03125579114266,300.0312569519448,300.0312579669394,300.03125829954433,300.03125850134666,300.03125845955276,300.03125859799115,300.0312589005721,300.03125853977394,300.03125858998703,300.0312588374925,300.0312586629719,300.0312585494082,300.0312582250573,300.0312582753206,300.0312577182769,300.03125762884514,300.0312578764566,300.03125764346373,300.03125766340884,300.03125760272803,300.03125772022554,300.03125760418396,300.0312577891766,300.031257745552,300.0312577349754,300.0312577060185,300.03125791477214,300.0312577982341,300.0312578926584,300.03125792575753,300.0312577281842,300.03125785283186,300.0312580220923,300.0312577841829,300.03125781861826,300.03125784507887,300.0312576320195,300.0312579181476,300.03125789583544,300.0312578473533,300.03125808802247,300.0312578227951,300.031257797113,300.0312567435861,300.0312560119403,300.0312553399689,300.0312557351553,300.0312550162889,300.0312546258449
6.105100000000001e-07,300.03048139763087,300.0304823898665,300.0304832604008,300.030483524136,300.0304836894904,300.0304836538398,300.0304837775833,300.03048398885534,300.03048373692434,300.03048376870845,300.0304839603386,300.0304838217305,300.03048372863014,300.0304834861605,300.0304834907183,300.0304830457832,300.0304829724673,300.03048315882086,300.03048297817276,300.0304829780841,300.03048295901885,300.03048303892723,300.03048296550367,300.0304830819378,300.0304830570084,300.0304830628964,300.03048304983383,300.0304831818647,300.0304831015441,300.03048317755025,300.03048320979957,300.0304830622587,300.030483152075,300.03048326987044,300.03048311281253,300.0304831229197,300.03048314753937,300.0304830030118,300.0304831956134,300.0304831823423,300.0304831549398,300.0304833085581,300.0304831284097,300.03048306862274,300.03048221543304,300.03048161697876,300.03048105009793,300.03048129890647,300.0304807414526,300.0304804277543
7.715610000000001e-07,300.02987741119114,300.0298782637525,300.0298790238244,300.02987924159356,300.0298793796347,300.02987935132336,300.0298794618614,300.02987961541544,300.02987943214214,300.02987945393085,300.0298796053898,300.0298794949834,300.02987941368156,300.02987922397404,300.0298792038931,300.0298788362824,300.0298787723249,300.0298789203822,300.0298787725326,300.0298787611016,300.0298787632271,300.029878820957,300.0298787754774,300.02987885303713,300.029878837762,300.0298788492149,300.0298788419299,300.02987893176714,300.02987887447966,300.0298789377127,300.02987896709425,300.02987885452984,300.0298789226772,300.02987900816225,300.0298788972649,300.029878898715,300.0298789201588,300.0298788148451,300.02987895385206,300.0298789453167,300.0298789285897,300.02987903060625,300.02987890318224,300.0298788227221,300.0298781132092,300.0298776007321,300.02987711347254,300.0298772694544,300.0298768286266,300.0298765586896
9.487171000000002e-07,300.02938873837456,300.0293894689815,300.0293901394142,300.0293903260954,300.0293904429701,300.0293904222733,300.02939052023487,300.0293906361351,300.0293904980335,300.02939051545246,300.0293906362058,300.02939054706144,300.02939047391055,300.0293903195689,300.029390285476,300.0293899751674,300.0293899181704,300.029390039025,300.0293899136862,300.0293898965982,300.02938990945654,300.0293899536674,300.0293899261439,300.0293899805292,300.02938997098556,300.0293899840161,300.02938997908336,300.02939004335326,300.0293900014582,300.0293900539684,300.0293900798172,300.0293899925515,300.02939004599506,300.0293901107288,300.02939002910307,300.02939002764685,300.02939004554537,300.0293899653659,300.02939007084797,300.02939006428323,300.0293900534693,300.0293901239579,300.02939002989467,300.02938993659694,300.02938933473257,300.0293888815685,300.0293884582376,300.029388551674,300.0293881961033,300.02938795503036
1.1435888100000002e-06,300.0289819784254,300.02898260015644,300.02898319445274,300.02898335995314,300.0289834601728,300.0289834465309,300.0289835328404,300.02898362311356,300.02898351637424,300.02898353202863,300.028983628916,300.02898355569295,300.02898348873595,300.02898335959156,300.02898331671815,300.0289830514217,300.0289830001153,300.0289830998202,300.0289829915518,300.02898297227046,300.02898298986895,300.028983025776,300.02898300977307,300.0289830496698,300.0289830439613,300.02898305683686,300.0289830532444,300.02898310071885,300.0289830697926,300.02898311284764,300.0289831350126,300.02898306680913,300.0289831093952,300.02898316031957,300.02898309857704,300.02898309637953,300.0289831110688,300.0289830483398,300.02898313108585,300.02898312534217,300.02898311796747,300.0289831685635,300.02898309618865,300.0289829947501,300.0289824763772,300.0289820673256,300.0289816966908,300.0289817458314,300.0289814539916,300.02898123433505
1.3579476910000003e-06,300.0286358883756,300.0286364127615,300.0286369405685,300.028637091354,300.0286371783871,300.0286371708997,300.02863724668487,300.02863731874476,300.0286372350323,300.0286372497769,300.02863732798687,300.02863726683654,300.02863720481923,300.0286370946853,300.0286370457518,300.02863681723795,300.0286367706381,300.02863685293136,300.0286367588376,300.0286367391978,300.02863675806736,300.0286367888152,300.0286367802032,300.0286368106965,300.0286368077317,300.0286368196814,300.02863681713103,300.02863685299513,300.02863683026794,300.0286368650399,300.0286368836464,300.02863683020195,300.02863686441776,300.02863690567176,300.02863685802953,300.0286368558974,300.02863686798077,300.0286368180059,300.0286368843049,300.0286368790941,300.02863687378624,300.02863691141533,300.0286368534338,300.0286367468947,300.028636295074,300.02863592109406,300.02863559456836,300.0286356111275,300.0286353678235,300.0286351655395
1.5937424601000005e-06,300.02833628996365,300.0283367281288,300.0283371969721,300.02833733715966,300.02833741370443,300.0283374114057,300.0283374778506,300.02833753643705,300.0283374704313,300.0283374843531,300.0283375478594,300.0283374960726,300.02833743816393,300.0283373429317,300.02833728958103,300.02833709186905,300.02833704912786,300.0283371166511,300.0283370350351,300.0283370158618,300.028337034058,300.02833706148573,300.02833705760634,300.0283370818254,300.0283370808701,300.02833709159665,300.0283370899376,300.02833711758717,300.02833710113225,300.02833712879544,300.028337144157,300.0283371022931,300.02833712995016,300.0283371640612,300.02833712670224,300.0283371249327,300.02833713499416,300.02833709465114,300.02833714848947,300.0283371438507,300.0283371398224,300.02833716869105,300.0283371203587,300.02833701090026,300.02833661328987,300.02833626872365,300.0283359794188,300.02833597143587,300.02833576561375,300.0283355783248
1.8531167061100007e-06,300.02807332217725,300.02807368501595,300.02807410113166,300.0280742332692,300.0280743014249,300.02807430339953,300.02807436165574,300.02807440993956,300.0280743579641,300.0280743709228,300.0280744227626,300.02807437842813,300.0280743241097,300.02807424077537,300.02807418422753,300.0280740126574,300.0280739730774,300.028074027911,300.0280739575443,300.0280739391459,300.0280739556502,300.02807398078295,300.0280739799246,300.028073999869,300.0280740003792,300.02807400982925,300.0280740089196,300.0280740307203,300.0280740190808,300.0280740407756,300.02807405331987,300.02807402057095,300.0280740430695,300.02807407165653,300.02807404195704,300.0280740406524,300.0280740491514,300.02807401624625,300.0280740603445,300.0280740563745,300.0280740531634,300.0280740758684,300.028074033988,300.0280739233178,300.02807357063506,300.02807325174365,300.028072993945,300.0280729672865,300.02807279071624,300.02807261689253
2.138428376721001e-06,300.02783988669506,300.0278401846787,300.0278405534234,300.0278406790221,300.02784074042603,300.02784074585077,300.02784079698813,300.02784083720474,300.02784079650445,300.0278408083661,300.02784085085716,300.02784081259546,300.0278407615724,300.0278406877934,300.02784062910973,300.02784047985983,300.0278404429032,300.02784048679155,300.02784042657214,300.02784040905385,300.0278404234052,300.0278404467773,300.02784044784465,300.02784046482384,300.0278404663805,300.02784047462075,300.0278404743175,300.02784049195094,300.0278404839778,300.02784050076787,300.02784051096336,300.0278404853652,300.02784050380995,300.02784052797483,300.0278405040882,300.0278405032667,300.0278405105339,300.02784048346973,300.0278405197929,300.02784051654373,300.02784051386965,300.02784053204016,300.02784049439583,300.02784038391525,300.0278400689964,300.02783977316494,300.0278395420443,300.0278395011943,300.0278393476476,300.02783918619605
2.4522712143931014e-06,300.02763072438404,300.02763096729836,300.02763129337177,300.0276314132611,300.0276314692015,300.02763147735726,300.0276315223378,300.0276315561462,300.02763152453065,300.02763153523574,300.0276315701544,300.02763153692905,300.0276314890429,300.02763142294975,300.0276313631129,300.02763123295443,300.0276311982219,300.0276312326686,300.0276311814985,300.0276311649211,300.02763117699124,300.0276311988533,300.0276312011563,300.02763121603743,300.02763121831674,300.0276312254664,300.0276312256384,300.02763124029093,300.0276312350676,300.02763124791295,300.02763125621107,300.02763123618735,300.0276312514488,300.0276312719896,300.0276312525948,300.0276312522303,300.0276312584971,300.0276312360835,300.02763126610995,300.02763126357036,300.0276312612566,300.02763127593136,300.02763124096134,300.0276311318281,300.02763084903154,300.02763057432014,300.02763036577755,300.02763031426144,300.02763017897155,300.027630029022
2.7974983358324118e-06,300.02744184234865,300.02744203908594,300.02744232667146,300.0274424412344,300.0274424927386,300.027442503012,300.0274425426797,300.0274425713609,300.0274425470388,300.0274425565999,300.0274425853203,300.0274425563129,300.02744251146834,300.0274424515775,300.027442391494,300.0274422776672,300.02744224486383,300.0274422711798,300.0274422279495,300.02744221238504,300.02744222224226,300.0274422426902,300.02744224580425,300.0274422591614,300.0274422619168,300.02744226811245,300.0274422686484,300.02744228113824,300.02744227793823,300.02744228768125,300.02744229448047,300.02744227877383,300.0274422915294,300.02744230905716,300.0274422931944,300.0274422932351,300.0274422986646,300.02744227999807,300.02744230487383,300.0274423029824,300.02744230091395,300.02744231276347,300.02744227936375,300.0274421725129,300.0274419173251,300.0274416622063,300.02744147277417,300.0274414133985,300.0274412926883,300.0274411534816
3.177248169415653e-06,300.02727014484725,300.02727030328776,300.0272705561548,300.02727066548744,300.02727071338336,300.0272707252643,300.0272707603464,300.0272707849118,300.02727076641213,300.0272707748905,300.02727079848853,300.0272707730224,300.02727073113624,300.0272706762923,300.0272706167723,300.0272705169182,300.02727048581977,300.02727050515665,300.027270468772,300.0272704543063,300.02727046213045,300.02727048118396,300.02727048485457,300.0272704970646,300.02727050011174,300.0272705054909,300.02727050630057,300.02727051717613,300.0272705154313,300.02727052279056,300.0272705284215,300.0272705160435,300.0272705268116,300.02727054181463,300.02727052877435,300.02727052915486,300.0272705338666,300.0272705182506,300.02727053888407,300.02727053755063,300.0272705356515,300.02727054510973,300.02727051251054,300.0272704086653,300.02727017743064,300.0272699406292,300.0272697674033,300.0272697024061,300.0272695934233,300.02726946425315
3.5949729863572187e-06,300.0271131876898,300.02711331466764,300.02711353624915,300.0271136402724,300.0271136852284,300.02711369830297,300.0271137294221,300.0271137506754,300.02711373680063,300.0271137442826,300.02711376361196,300.0271137411088,300.02711370208095,300.0271136514041,300.0271135931417,300.02711350525385,300.0271134756825,300.02711348905996,300.0271134584776,300.0271134451925,300.02711345122094,300.0271134688705,300.0271134729467,300.0271134842535,300.02711348745754,300.0271134921508,300.0271134931639,300.0271135027816,300.02711350205453,300.0271135076251,300.0271135123508,300.027113502538,300.0271135117091,300.02711352458897,300.0271135138361,300.0271135144875,300.0271135185734,300.02711350546315,300.02711352258814,300.0271135217118,300.0271135199307,300.0271135272761,300.0271134949589,300.02711339464474,300.027113184373,300.0271129647666,300.0271128053445,300.0271127365027,300.0271126370256,300.0271125172113
4.054470284992941e-06,300.02696901013513,300.02696911146995,300.02696930492067,300.0269694034611,300.0269694460095,300.026969459951,300.02696948764014,300.0269695062178,300.02696949600545,300.02696950258536,300.02696951833053,300.02696949828953,300.02696946199245,300.02696941482645,300.02696935838907,300.02696928077006,300.02696925257976,300.02696926090664,300.0269692351644,300.02696922311964,300.02696922761174,300.02696924384577,300.0269692482331,300.0269692587928,300.026969262057,300.0269692661845,300.02696926734785,300.0269692759339,300.0269692758935,300.02696928015257,300.0269692841766,300.02696927634986,300.02696928421517,300.0269692953074,300.0269692864299,300.02696928728653,300.0269692908221,300.02696927978525,300.02696929400406,300.0269692934852,300.02696929178467,300.0269692971924,300.0269692648293,300.0269691683963,300.0269689766201,300.02696877317726,300.02696862559833,300.0269685543119,300.0269684626058,300.02696835148174
4.559917313492236e-06,300.02683601696737,300.02683609753893,300.02683626577607,300.02683635862707,300.0268363991782,300.0268364137342,300.0268364384542,300.0268364548567,300.0268364475405,300.0268364533097,300.02683646602526,300.026836448014,300.0268364142926,300.02683637015673,300.0268363159849,300.0268362472031,300.02683622027246,300.0268362243617,300.0268362025991,300.02683619181954,300.02683619503415,300.026836209854,300.02683621448347,300.0268362243949,300.0268362276524,300.0268362313214,300.02683623259617,300.026836240293,300.02683624069374,300.02683624401146,300.0268362474886,300.02683624121437,300.0268362479923,300.0268362575787,300.0268362502518,300.02683625125616,300.026836254307,300.02683624499616,300.02683625680845,300.0268362565563,300.0268362549029,300.0268362584818,300.0268362258889,300.0268361335398,300.0268359582066,300.02683576994866,300.0268356326335,300.0268355599966,300.026835474705,300.0268353716194
5.11590904484146e-06,300.0267128939623,300.02671295781096,300.02671310353924,300.0267131905065,300.02671322935885,300.02671324433805,300.02671326649124,300.02671328111006,300.02671327608215,300.02671328112376,300.0267132912631,300.0267132749133,300.0267132435917,300.02671320213904,300.02671315055375,300.0267130894013,300.02671306363044,300.0267130642088,300.02671304567696,300.0267130361484,300.02671303832955,300.02671305175596,300.02671305656503,300.0267130658916,300.02671306909855,300.0267130724021,300.026713073761,300.02671308066107,300.0267130813247,300.026713083979,300.02671308702634,300.0267130819811,300.0267130878395,300.026713096156,300.0267130901191,300.0267130912227,300.02671309384914,300.0267130859817,300.0267130958054,300.02671309574015,300.0267130940972,300.0267130959162,300.0267130630165,300.02671297483766,300.0267128142252,300.0267126402058,300.0267125118962,300.02671243875756,300.0267123588199,300.02671226313885
5.727499949325607e-06,300.02659854611744,300.02659859655336,300.0265987222798,300.0265988032139,300.02659884056465,300.0265988558224,300.0265988757633,300.0265988889051,300.02659888568127,300.02659889006765,300.0265988980058,300.02659888300946,300.0265988539002,300.02659881488273,300.026598766098,300.02659871155305,300.0265986868621,300.02659868457584,300.02659866863905,300.02659866030984,300.0265986616786,300.0265986737531,300.02659867867686,300.0265986874603,300.02659869059073,300.0265986936067,300.0265986950308,300.02659870120067,300.026598702001,300.02659870419376,300.0265987068999,300.02659870284094,300.0265987079134,300.02659871515715,300.026598710197,300.0265987113604,300.026598713619,300.0265987069634,300.0265987151479,300.02659871520143,300.026598713524,300.02659871363227,300.02659868042514,300.02659859641716,300.0265984490662,300.02659828836227,300.0265981680641,300.0265980950789,300.0265980196674,300.0265979307805
6.400249944258168e-06,300.02649205173697,300.02649209145005,300.02649219949063,300.026492274309,300.0264923102657,300.0264923256902,300.02649234373314,300.0264923556395,300.0264923538308,300.0264923576232,300.02649236367427,300.02649234977923,300.0264923226924,300.02649228593356,300.0264922400713,300.02649219126477,300.0264921675929,300.0264921630121,300.0264921491427,300.0264921419296,300.02649214267933,300.0264921534626,300.0264921584317,300.02649216670125,300.02649216974226,300.02649217253366,300.0264921740095,300.02649217950466,300.02649218035583,300.02649218222894,300.02649218466127,300.0264921814034,300.02649218580115,300.02649219213544,300.0264921880754,300.02649218926695,300.0264921912107,300.02649218557593,300.02649219241226,300.0264921925265,300.0264921907595,300.0264921892009,300.02649215573854,300.0264920758428,300.02649194050366,300.02649179221373,300.0264916791443,300.0264916068178,300.0264915352885,300.0264914526153
7.1402749386839854e-06,300.02639262777626,300.02639265893805,300.0263927514213,300.02639282011984,300.0263928547152,300.0263928702156,300.02639288663903,300.02639289750294,300.0263928967931,300.02639290004277,300.0263929044735,300.02639289147737,300.0263928662284,300.0263928316016,300.02639278870686,300.02639274489616,300.0263927221996,300.026392715822,300.02639270359055,300.0263926973867,300.0263926976817,300.0263927072496,300.02639271219266,300.0263927199705,300.0263927229184,300.0263927255345,300.0263927270514,300.02639273192517,300.02639273277117,300.0263927344216,300.02639273663146,300.02639273402997,300.0263927378484,300.02639274340856,300.02639274010096,300.02639274129547,300.026392742973,300.0263927382011,300.02639274392936,300.02639274405374,300.02639274213243,300.0263927389558,300.02639270532495,300.02639262944575,300.0263925050343,300.0263923682819,300.02639226182396,300.02639219054697,300.02639212240183,300.02639204539696
7.954302432552384e-06,300.0262996033208,300.0262996276763,300.0262997065456,300.0262997692018,300.0262998024103,300.026299817907,300.026299832956,300.0262998429337,300.02629984306327,300.02629984581296,300.0262998488529,300.02629983659585,300.0262998130123,300.0262997804243,300.02629974047966,300.0262997010277,300.02629967927703,300.0262996715327,300.0262996605961,300.02629965527956,300.02629965525443,300.02629966369443,300.02629966854226,300.02629967584636,300.0262996787029,300.02629968118094,300.02629968272925,300.0262996870367,300.0262996878444,300.02629968933616,300.0262996913627,300.0262996893016,300.0262996926242,300.0262996975221,300.02629969484246,300.02629969602003,300.026299697475,300.02629969343445,300.0262996982504,300.0262996983391,300.02629969619227,300.0262996914573,300.0262996577661,300.0262995857866,300.0262994713504,300.0262993452891,300.02629924495125,300.02629917502895,300.0262991098856,300.026299038043
8.849732675807622e-06,300.0262996033208,300.0262996276763,300.0262997065456,300.0262997692018,300.0262998024103,300.026299817907,300.026299832956,300.0262998429337,300.02629984306327,300.02629984581296,300.0262998488529,300.02629983659585,300.0262998130123,300.0262997804243,300.02629974047966,300.0262997010277,300.02629967927703,300.0262996715327,300.0262996605961,300.02629965527956,300.02629965525443,300.02629966369443,300.02629966854226,300.02629967584636,300.0262996787029,300.02629968118094,300.02629968272925,300.0262996870367,300.0262996878444,300.02629968933616,300.0262996913627,300.0262996893016,300.0262996926242,300.0262996975221,300.02629969484246,300.02629969602003,300.026299697475,300.02629969343445,300.0262996982504,300.0262996983391,300.02629969619227,300.0262996914573,300.0262996577661,300.0262995857866,300.0262994713504,300.0262993452891,300.02629924495125,300.02629917502895,300.0262991098856,300.026299038043
9.834705943388386e-06,300.0262996033208,300.0262996276763,300.0262997065456,300.0262997692018,300.0262998024103,300.026299817907,300.026299832956,300.0262998429337,300.02629984306327,300.02629984581296,300.0262998488529,300.02629983659585,300.0262998130123,300.0262997804243,300.02629974047966,300.0262997010277,300.02629967927703,300.0262996715327,300.0262996605961,300.02629965527956,300.02629965525443,300.02629966369443,300.02629966854226,300.02629967584636,300.0262996787029,300.02629968118094,300.02629968272925,300.0262996870367,300.0262996878444,300.02629968933616,300.0262996913627,300.0262996893016,300.0262996926242,300.0262996975221,300.02629969484246,300.02629969602003,300.026299697475,300.02629969343445,300.0262996982504,300.0262996983391,300.02629969619227,300.0262996914573,300.0262996577661,300.0262995857866,300.0262994713504,300.0262993452891,300.02629924495125,300.02629917502895,300.0262991098856,300.026299038043
1.0918176537727226e-05,300.0262996033208,300.0262996276763,300.0262997065456,300.0262997692018,300.0262998024103,300.026299817907,300.026299832956,300.0262998429337,300.02629984306327,300.02629984581296,300.0262998488529,300.02629983659585,300.0262998130123,300.0262997804243,300.02629974047966,300.0262997010277,300.02629967927703,300.0262996715327,300.0262996605961,300.02629965527956,300.02629965525443,300.02629966369443,300.02629966854226,300.02629967584636,300.0262996787029,300.02629968118094,300.02629968272925,300.0262996870367,300.0262996878444,300.02629968933616,300.0262996913627,300.0262996893016,300.0262996926242,300.0262996975221,300.02629969484246,300.02629969602003,300.026299697475,300.02629969343445,300.0262996982504,300.0262996983391,300.02629969619227,300.0262996914573,300.0262996577661,300.0262995857866,300.0262994713504,300.0262993452891,300.02629924495125,300.02629917502895,300.0262991098856,300.026299038043
1.210999419149995e-05,300.0262996033208,300.0262996276763,300.0262997065456,300.0262997692018,300.0262998024103,300.026299817907,300.026299832956,300.0262998429337,300.02629984306327,300.02629984581296,300.0262998488529,300.02629983659585,300.0262998130123,300.0262997804243,300.02629974047966,300.0262997010277,300.02629967927703,300.0262996715327,300.0262996605961,300.02629965527956,300.02629965525443,300.02629966369443,300.02629966854226,300.02629967584636,300.0262996787029,300.02629968118094,300.02629968272925,300.0262996870367,300.0262996878444,300.02629968933616,300.0262996913627,300.0262996893016,300.0262996926242,300.0262996975221,300.02629969484246,300.02629969602003,300.026299697475,300.02629969343445,300.0262996982504,300.0262996983391,300.02629969619227,300.0262996914573,300.0262996577661,300.0262995857866,300.0262994713504,300.0262993452891,300.02629924495125,300.02629917502895,300.0262991098856,300.026299038043
1.3420993610649945e-05,300.0262996033208,300.0262996276763,300.0262997065456,300.0262997692018,300.0262998024103,300.026299817907,300.026299832956,300.0262998429337,300.02629984306327,300.02629984581296,300.0262998488529,300.02629983659585,300.0262998130123,300.0262997804243,300.02629974047966,300.0262997010277,300.02629967927703,300.0262996715327,300.0262996605961,300.02629965527956,300.02629965525443,300.02629966369443,300.02629966854226,300.02629967584636,300.0262996787029,300.02629968118094,300.02629968272925,300.0262996870367,300.0262996878444,300.02629968933616,300.0262996913627,300.0262996893016,300.0262996926242,300.0262996975221,300.02629969484246,300.02629969602003,300.026299697475,300.02629969343445,300.0262996982504,300.0262996983391,300.02629969619227,300.0262996914573,300.0262996577661,300.0262995857866,300.0262994713504,300.0262993452891,300.02629924495125,300.02629917502895,300.0262991098856,300.026299038043
1.486309297171494e-05,300.0262996033208,300.0262996276763,300.0262997065456,300.0262997692018,300.0262998024103,300.026299817907,300.026299832956,300.0262998429337,300.02629984306327,300.02629984581296,300.0262998488529,300.02629983659585,300.0262998130123,300.0262997804243,300.02629974047966,300.0262997010277,300.02629967927703,300.0262996715327,300.0262996605961,300.02629965527956,300.02629965525443,300.02629966369443,300.02629966854226,300.02629967584636,300.0262996787029,300.02629968118094,300.02629968272925,300.0262996870367,300.0262996878444,300.02629968933616,300.0262996913627,300.0262996893016,300.0262996926242,300.0262996975221,300.02629969484246,300.02629969602003,300.026299697475,300.02629969343445,300.0262996982504,300.0262996983391,300.02629969619227,300.0262996914573,300.0262996577661,300.0262995857866,300.0262994713504,300.0262993452891,300.02629924495125,300.02629917502895,300.0262991098856,300.026299038043
1.6449402268886436e-05,300.0262996033208,300.0262996276763,300.0262997065456,300.0262997692018,300.0262998024103,300.026299817907,300.026299832956,300.0262998429337,300.02629984306327,300.02629984581296,300.0262998488529,300.02629983659585,300.0262998130123,300.0262997804243,300.02629974047966,300.0262997010277,300.02629967927703,300.0262996715327,300.0262996605961,300.02629965527956,300.02629965525443,300.02629966369443,300.02629966854226,300.02629967584636,300.0262996787029,300.02629968118094,300.02629968272925,300.0262996870367,300.0262996878444,300.02629968933616,300.0262996913627,300.0262996893016,300.0262996926242,300.0262996975221,300.02629969484246,300.02629969602003,300.026299697475,300.02629969343445,300.0262996982504,300.0262996983391,300.02629969619227,300.0262996914573,300.0262996577661,300.0262995857866,300.0262994713504,300.0262993452891,300.02629924495125,300.02629917502895,300.0262991098856,300.026299038043
1.819434249577508e-05,300.0262996033208,300.0262996276763,300.0262997065456,300.0262997692018,300.0262998024103,300.026299817907,300.026299832956,300.0262998429337,300.02629984306327,300.02629984581296,300.0262998488529,300.02629983659585,300.0262998130123,300.0262997804243,300.02629974047966,300.0262997010277,300.02629967927703,300.0262996715327,300.0262996605961,300.02629965527956,300.02629965525443,300.02629966369443,300.02629966854226,300.02629967584636,300.0262996787029,300.02629968118094,300.02629968272925,300.0262996870367,300.0262996878444,300.02629968933616,300.0262996913627,300.0262996893016,300.0262996926242,300.0262996975221,300.02629969484246,300.02629969602003,300.026299697475,300.02629969343445,300.0262996982504,300.0262996983391,300.02629969619227,300.0262996914573,300.0262996577661,300.0262995857866,300.0262994713504,300.0262993452891,300.02629924495125,300.02629917502895,300.0262991098856,300.026299038043
2.011377674535259e-05,300.0262996033208,300.0262996276763,300.0262997065456,300.0262997692018,300.0262998024103,300.026299817907,300.026299832956,300.0262998429337,300.02629984306327,300.02629984581296,300.0262998488529,300.02629983659585,300.0262998130123,300.0262997804243,300.02629974047966,300.0262997010277,300.02629967927703,300.0262996715327,300.0262996605961,300.02629965527956,300.02629965525443,300.02629966369443,300.02629966854226,300.02629967584636,300.0262996787029,300.02629968118094,300.02629968272925,300.0262996870367,300.0262996878444,300.02629968933616,300.0262996913627,300.0262996893016,300.0262996926242,300.0262996975221,300.02629969484246,300.02629969602003,300.026299697475,300.02629969343445,300.0262996982504,300.0262996983391,300.02629969619227,300.0262996914573,300.0262996577661,300.0262995857866,300.0262994713504,300.0262993452891,300.02629924495125,300.02629917502895,300.0262991098856,300.026299038043
2.222515441988785e-05,300.0262996033208,300.0262996276763,300.0262997065456,300.0262997692018,300.0262998024103,300.026299817907,300.026299832956,300.0262998429337,300.02629984306327,300.02629984581296,300.0262998488529,300.02629983659585,300.0262998130123,300.0262997804243,300.02629974047966,300.0262997010277,300.02629967927703,300.0262996715327,300.0262996605961,300.02629965527956,300.02629965525443,300.02629966369443,300.02629966854226,300.02629967584636,300.0262996787029,300.02629968118094,300.02629968272925,300.0262996870367,300.0262996878444,300.02629968933616,300.0262996913627,300.0262996893016,300.0262996926242,300.0262996975221,300.02629969484246,300.02629969602003,300.026299697475,300.02629969343445,300.0262996982504,300.0262996983391,300.02629969619227,300.0262996914573,300.0262996577661,300.0262995857866,300.0262994713504,300.0262993452891,300.02629924495125,300.02629917502895,300.0262991098856,300.026299038043
2.4547669861876638e-05,300.0262996033208,300.0262996276763,300.0262997065456,300.0262997692018,300.0262998024103,300.026299817907,300.026299832956,300.0262998429337,300.02629984306327,300.02629984581296,300.0262998488529,300.02629983659585,300.0262998130123,300.0262997804243,300.02629974047966,300.0262997010277,300.02629967927703,300.0262996715327,300.0262996605961,300.02629965527956,300.02629965525443,300.02629966369443,300.02629966854226,300.02629967584636,300.0262996787029,300.02629968118094,300.02629968272925,300.0262996870367,300.0262996878444,300.02629968933616,300.0262996913627,300.0262996893016,300.0262996926242,300.0262996975221,300.02629969484246,300.02629969602003,300.026299697475,300.02629969343445,300.0262996982504,300.0262996983391,300.02629969619227,300.0262996914573,300.0262996577661,300.0262995857866,300.0262994713504,300.0262993452891,300.02629924495125,300.02629917502895,300.0262991098856,300.026299038043
2.7102436848064303e-05,300.0262996033208,300.0262996276763,300.0262997065456,300.0262997692018,300.0262998024103,300.026299817907,300.026299832956,300.0262998429337,300.02629984306327,300.02629984581296,300.0262998488529,300.02629983659585,300.0262998130123,300.0262997804243,300.02629974047966,300.0262997010277,300.02629967927703,300.0262996715327,300.0262996605961,300.02629965527956,300.02629965525443,300.02629966369443,300.02629966854226,300.02629967584636,300.0262996787029,300.02629968118094,300.02629968272925,300.0262996870367,300.0262996878444,300.02629968933616,300.0262996913627,300.0262996893016,300.0262996926242,300.0262996975221,300.02629969484246,300.02629969602003,300.026299697475,300.02629969343445,300.0262996982504,300.0262996983391,300.02629969619227,300.0262996914573,300.0262996577661,300.0262995857866,300.0262994713504,300.0262993452891,300.02629924495125,300.02629917502895,300.0262991098856,300.026299038043
2.9912680532870735e-05,300.0262996033208,300.0262996276763,300.0262997065456,300.0262997692018,300.0262998024103,300.026299817907,300.026299832956,300.0262998429337,300.02629984306327,300.02629984581296,300.0262998488529,300.02629983659585,300.0262998130123,300.0262997804243,300.02629974047966,300.0262997010277,300.02629967927703,300.0262996715327,300.0262996605961,300.02629965527956,300.02629965525443,300.02629966369443,300.02629966854226,300.02629967584636,300.0262996787029,300.02629968118094,300.02629968272925,300.0262996870367,300.0262996878444,300.02629968933616,300.0262996913627,300.0262996893016,300.0262996926242,300.0262996975221,300.02629969484246,300.02629969602003,300.026299697475,300.02629969343445,300.0262996982504,300.0262996983391,300.02629969619227,300.0262996914573,300.0262996577661,300.0262995857866,300.0262994713504,300.0262993452891,300.02629924495125,300.02629917502895,300.0262991098856,300.026299038043
3.300394858615781e-05,300.0262996033208,300.0262996276763,300.0262997065456,300.0262997692018,300.0262998024103,300.026299817907,300.026299832956,300.0262998429337,300.02629984306327,300.02629984581296,300.0262998488529,300.02629983659585,300.0262998130123,300.0262997804243,300.02629974047966,300.0262997010277,300.02629967927703,300.0262996715327,300.0262996605961,300.02629965527956,300.02629965525443,300.02629966369443,300.02629966854226,300.02629967584636,300.0262996787029,300.02629968118094,300.02629968272925,300.0262996870367,300.0262996878444,300.02629968933616,300.0262996913627,300.0262996893016,300.0262996926242,300.0262996975221,300.02629969484246,300.02629969602003,300.026299697475,300.02629969343445,300.0262996982504,300.0262996983391,300.02629969619227,300.0262996914573,300.0262996577661,300.0262995857866,300.0262994713504,300.0262993452891,300.02629924495125,300.02629917502895,300.0262991098856,300.026299038043
3.6404343444773596e-05,300.0262996033208,300.0262996276763,300.0262997065456,300.0262997692018,300.0262998024103,300.026299817907,300.026299832956,300.0262998429337,300.02629984306327,300.02629984581296,300.0262998488529,300.02629983659585,300.0262998130123,300.0262997804243,300.02629974047966,300.0262997010277,300.02629967927703,300.0262996715327,300.0262996605961,300.02629965527956,300.02629965525443,300.02629966369443,300.02629966854226,300.02629967584636,300.0262996787029,300.02629968118094,300.02629968272925,300.0262996870367,300.0262996878444,300.02629968933616,300.0262996913627,300.0262996893016,300.0262996926242,300.0262996975221,300.02629969484246,300.02629969602003,300.026299697475,300.02629969343445,300.0262996982504,300.0262996983391,300.02629969619227,300.0262996914573,300.0262996577661,300.0262995857866,300.0262994713504,300.0262993452891,300.02629924495125,300.02629917502895,300.0262991098856,300.026299038043
4.014477778925096e-05,300.0262996033208,300.0262996276763,300.0262997065456,300.0262997692018,300.0262998024103,300.026299817907,300.026299832956,300.0262998429337,300.02629984306327,300.02629984581296,300.0262998488529,300.02629983659585,300.0262998130123,300.0262997804243,300.02629974047966,300.0262997010277,300.02629967927703,300.0262996715327,300.0262996605961,300.02629965527956,300.02629965525443,300.02629966369443,300.02629966854226,300.02629967584636,300.0262996787029,300.02629968118094,300.02629968272925,300.0262996870367,300.0262996878444,300.02629968933616,300.0262996913627,300.0262996893016,300.0262996926242,300.0262996975221,300.02629969484246,300.02629969602003,300.026299697475,300.02629969343445,300.0262996982504,300.0262996983391,300.02629969619227,300.0262996914573,300.0262996577661,300.0262995857866,300.0262994713504,300.0262993452891,300.02629924495125,300.02629917502895,300.0262991098856,300.026299038043
4.425925556817606e-05,300.0262996033208,300.0262996276763,300.0262997065456,300.0262997692018,300.0262998024103,300.026299817907,300.026299832956,300.0262998429337,300.02629984306327,300.02629984581296,300.0262998488529,300.02629983659585,300.0262998130123,300.0262997804243,300.02629974047966,300.0262997010277,300.02629967927703,300.0262996715327,300.0262996605961,300.02629965527956,300.02629965525443,300.02629966369443,300.02629966854226,300.02629967584636,300.0262996787029,300.02629968118094,300.02629968272925,300.0262996870367,300.0262996878444,300.02629968933616,300.0262996913627,300.0262996893016,300.0262996926242,300.0262996975221,300.02629969484246,300.02629969602003,300.026299697475,300.02629969343445,300.0262996982504,300.0262996983391,300.02629969619227,300.0262996914573,300.0262996577661,300.0262995857866,300.0262994713504,300.0262993452891,300.02629924495125,300.02629917502895,300.0262991098856,300.026299038043
4.8785181124993674e-05,300.0262996033208,300.0262996276763,300.0262997065456,300.0262997692018,300.0262998024103,300.026299817907,300.026299832956,300.0262998429337,300.02629984306327,300.02629984581296,300.0262998488529,300.02629983659585,300.0262998130123,300.0262997804243,300.02629974047966,300.0262997010277,300.02629967927703,300.0262996715327,300.0262996605961,300.02629965527956,300.02629965525443,300.02629966369443,300.02629966854226,300.02629967584636,300.0262996787029,300.02629968118094,300.02629968272925,300.0262996870367,300.0262996878444,300.02629968933616,300.0262996913627,300.0262996893016,300.0262996926242,300.0262996975221,300.02629969484246,300.02629969602003,300.026299697475,300.02629969343445,300.0262996982504,300.0262996983391,300.02629969619227,300.0262996914573,300.0262996577661,300.0262995857866,300.0262994713504,300.0262993452891,300.02629924495125,300.02629917502895,300.0262991098856,300.026299038043
5.376369923749304e-05,300.0262996033208,300.0262996276763,300.0262997065456,300.0262997692018,300.0262998024103,300.026299817907,300.026299832956,300.0262998429337,300.02629984306327,300.02629984581296,300.0262998488529,300.02629983659585,300.0262998130123,300.0262997804243,300.02629974047966,300.0262997010277,300.02629967927703,300.0262996715327,300.0262996605961,300.02629965527956,300.02629965525443,300.02629966369443,300.02629966854226,300.02629967584636,300.0262996787029,300.02629968118094,300.02629968272925,300.0262996870367,300.0262996878444,300.02629968933616,300.0262996913627,300.0262996893016,300.0262996926242,300.0262996975221,300.02629969484246,300.02629969602003,300.026299697475,300.02629969343445,300.0262996982504,300.0262996983391,300.02629969619227,300.0262996914573,300.0262996577661,300.0262995857866,300.0262994713504,300.0262993452891,300.02629924495125,300.02629917502895,300.0262991098856,300.026299038043
5.876369923749304e-05,300.0262996033208,300.0262996276763,300.0262997065456,300.0262997692018,300.0262998024103,300.026299817907,300.026299832956,300.0262998429337,300.02629984306327,300.02629984581296,300.0262998488529,300.02629983659585,300.0262998130123,300.0262997804243,300.02629974047966,300.0262997010277,300.02629967927703,300.0262996715327,300.0262996605961,300.02629965527956,300.02629965525443,300.02629966369443,300.02629966854226,300.02629967584636,300.0262996787029,300.02629968118094,300.02629968272925,300.0262996870367,300.0262996878444,300.02629968933616,300.0262996913627,300.0262996893016,300.0262996926242,300.0262996975221,300.02629969484246,300.02629969602003,300.026299697475,300.02629969343445,300.0262996982504,300.0262996983391,300.02629969619227,300.0262996914573,300.0262996577661,300.0262995857866,300.0262994713504,300.0262993452891,300.02629924495125,300.02629917502895,300.0262991098856,300.026299038043
6.376369923749304e-05,300.0262996033208,300.0262996276763,300.0262997065456,300.0262997692018,300.0262998024103,300.026299817907,300.026299832956,300.0262998429337,300.02629984306327,300.02629984581296,300.0262998488529,300.02629983659585,300.0262998130123,300.0262997804243,300.02629974047966,300.0262997010277,300.02629967927703,300.0262996715327,300.0262996605961,300.02629965527956,300.02629965525443,300.02629966369443,300.02629966854226,300.02629967584636,300.0262996787029,300.02629968118094,300.02629968272925,300.0262996870367,300.0262996878444,300.02629968933616,300.0262996913627,300.0262996893016,300.0262996926242,300.0262996975221,300.02629969484246,300.02629969602003,300.026299697475,300.02629969343445,300.0262996982504,300.0262996983391,300.02629969619227,300.0262996914573,300.0262996577661,300.0262995857866,300.0262994713504,300.0262993452891,300.02629924495125,300.02629917502895,300.0262991098856,300.026299038043
6.876369923749304e-05,300.0262996033208,300.0262996276763,300.0262997065456,300.0262997692018,300.0262998024103,300.026299817907,300.026299832956,300.0262998429337,300.02629984306327,300.02629984581296,300.0262998488529,300.02629983659585,300.0262998130123,300.0262997804243,300.02629974047966,300.0262997010277,300.02629967927703,300.0262996715327,300.0262996605961,300.02629965527956,300.02629965525443,300.02629966369443,300.02629966854226,300.02629967584636,300.0262996787029,300.02629968118094,300.02629968272925,300.0262996870367,300.0262996878444,300.02629968933616,300.0262996913627,300.0262996893016,300.0262996926242,300.0262996975221,300.02629969484246,300.02629969602003,300.026299697475,300.02629969343445,300.0262996982504,300.0262996983391,300.02629969619227,300.0262996914573,300.0262996577661,300.0262995857866,300.0262994713504,300.0262993452891,300.02629924495125,300.02629917502895,300.0262991098856,300.026299038043
7.376369923749304e-05,300.0262996033208,300.0262996276763,300.0262997065456,300.0262997692018,300.0262998024103,300.026299817907,300.026299832956,300.0262998429337,300.02629984306327,300.02629984581296,300.0262998488529,300.02629983659585,300.0262998130123,300.0262997804243,300.02629974047966,300.0262997010277,300.02629967927703,300.0262996715327,300.0262996605961,300.02629965527956,300.02629965525443,300.02629966369443,300.02629966854226,300.02629967584636,300.0262996787029,300.02629968118094,300.02629968272925,300.0262996870367,300.0262996878444,300.02629968933616,300.0262996913627,300.0262996893016,300.0262996926242,300.0262996975221,300.02629969484246,300.02629969602003,300.026299697475,300.02629969343445,300.0262996982504,300.0262996983391,300.02629969619227,300.0262996914573,300.0262996577661,300.0262995857866,300.0262994713504,300.0262993452891,300.02629924495125,300.02629917502895,300.0262991098856,300.026299038043
7.876369923749304e-05,300.0262996033208,300.0262996276763,300.0262997065456,300.0262997692018,300.0262998024103,300.026299817907,300.026299832956,300.0262998429337,300.02629984306327,300.02629984581296,300.0262998488529,300.02629983659585,300.0262998130123,300.0262997804243,300.02629974047966,300.0262997010277,300.02629967927703,300.0262996715327,300.0262996605961,300.02629965527956,300.02629965525443,300.02629966369443,300.02629966854226,300.02629967584636,300.0262996787029,300.02629968118094,300.02629968272925,300.0262996870367,300.0262996878444,300.02629968933616,300.0262996913627,300.0262996893016,300.0262996926242,300.0262996975221,300.02629969484246,300.02629969602003,300.026299697475,300.02629969343445,300.0262996982504,300.0262996983391,300.02629969619227,300.0262996914573,300.0262996577661,300.0262995857866,300.0262994713504,300.0262993452891,300.02629924495125,300.02629917502895,300.0262991098856,300.026299038043
8.376369923749304e-05,300.0262996033208,300.0262996276763,300.0262997065456,300.0262997692018,300.0262998024103,300.026299817907,300.026299832956,300.0262998429337,300.02629984306327,300.02629984581296,300.0262998488529,300.02629983659585,300.0262998130123,300.0262997804243,300.02629974047966,300.0262997010277,300.02629967927703,300.0262996715327,300.0262996605961,300.02629965527956,300.02629965525443,300.02629966369443,300.02629966854226,300.02629967584636,300.0262996787029,300.02629968118094,300.02629968272925,300.0262996870367,300.0262996878444,300.02629968933616,300.0262996913627,300.0262996893016,300.0262996926242,300.0262996975221,300.02629969484246,300.02629969602003,300.026299697475,300.02629969343445,300.0262996982504,300.0262996983391,300.02629969619227,300.0262996914573,300.0262996577661,300.0262995857866,300.0262994713504,300.0262993452891,300.02629924495125,300.02629917502895,300.0262991098856,300.026299038043
8.876369923749304e-05,300.0262996033208,300.0262996276763,300.0262997065456,300.0262997692018,300.0262998024103,300.026299817907,300.026299832956,300.0262998429337,300.02629984306327,300.02629984581296,300.0262998488529,300.02629983659585,300.0262998130123,300.0262997804243,300.02629974047966,300.0262997010277,300.02629967927703,300.0262996715327,300.0262996605961,300.02629965527956,300.02629965525443,300.02629966369443,300.02629966854226,300.02629967584636,300.0262996787029,300.02629968118094,300.02629968272925,300.0262996870367,300.0262996878444,300.02629968933616,300.0262996913627,300.0262996893016,300.0262996926242,300.0262996975221,300.02629969484246,300.02629969602003,300.026299697475,300.02629969343445,300.0262996982504,300.0262996983391,300.02629969619227,300.0262996914573,300.0262996577661,300.0262995857866,300.0262994713504,300.0262993452891,300.02629924495125,300.02629917502895,300.0262991098856,300.026299038043
9.376369923749304e-05,300.0262996033208,300.0262996276763,300.0262997065456,300.0262997692018,300.0262998024103,300.026299817907,300.026299832956,300.0262998429337,300.02629984306327,300.02629984581296,300.0262998488529,300.02629983659585,300.0262998130123,300.0262997804243,300.02629974047966,300.0262997010277,300.02629967927703,300.0262996715327,300.0262996605961,300.02629965527956,300.02629965525443,300.02629966369443,300.02629966854226,300.02629967584636,300.0262996787029,300.02629968118094,300.02629968272925,300.0262996870367,300.0262996878444,300.02629968933616,300.0262996913627,300.0262996893016,300.0262996926242,300.0262996975221,300.02629969484246,300.02629969602003,300.026299697475,300.02629969343445,300.0262996982504,300.0262996983391,300.02629969619227,300.0262996914573,300.0262996577661,300.0262995857866,300.0262994713504,300.0262993452891,300.02629924495125,300.02629917502895,300.0262991098856,300.026299038043
9.876369923749304e-05,301.03339435582194,301.0308101853343,301.02303404292525,301.0101969660002,300.9925030742366,300.97022395322574,300.94368385997996,300.91327831484847,300.87945282850956,300.84267019687,300.80342732615384,300.76224909741006,300.71964674448157,300.67613048154476,300.63219453507816,300.5883057398728,300.5448972838559,300.5023643762613,300.4610577376715,300.42127639545527,300.3832781343526,300.3472617421644,300.31338388564893,300.28174725756634,300.2524179959689,300.22541530535875,300.2007247350605,300.17829863410725,300.15806509026714,300.1399268601574,300.123771199795,300.10947301964325,300.09689620215585,300.08590259861006,300.07635188969545,300.0681043359245,300.0610250683839,300.05498497391807,300.0498615010803,300.0455415486443,300.0419202375608,300.0389020782077,300.03640131851193,300.0343409489533,300.032653184453,300.03127856320924,300.0301653084058,300.0292688135749,300.02855093439166,300.0279793127881
0.00010376369923749304,388.5603729780259,388.3327517784709,387.64770469413213,386.51683787843524,384.95822239534874,382.9958980136378,380.65856091534926,377.9811758308222,375.0031422547014,371.76532990253634,368.3116036769326,364.6882804165954,360.94042479721975,357.1129878356952,353.2494823137778,349.39096843639385,345.57549345521124,341.837776204045,338.2085658366702,334.7140595581285,331.3768171751465,328.2142032359692,325.23987659041734,322.46275511692005,319.8885543831253,317.51886920957844,315.3523525550051,313.384751072829,311.60969237086795,310.0185908205898,308.60151069226254,307.347441642417,306.2444141218145,305.28028750635013,304.44273630044665,303.7194909944176,303.0987132078073,302.56907266730224,302.1198167072133,301.7410237338039,301.4234945351755,301.15885447804374,300.93958444443865,300.7589316739364,300.61095205868514,300.4904301159719,300.39282404671644,300.3142222385473,300.2512810874829,300.2011640300824
0.00010876369923749304,428.9617350473296,428.6289788734207,427.6314848967106,425.98540233269875,423.7166654918788,420.8600939429067,417.45812135595645,413.56134450549973,409.2264234728448,404.5137616748387,399.48743723339595,394.2139088075677,388.7593169179678,383.1889979678863,377.56612760794275,371.9504370202247,366.39734750901084,360.957240708757,355.67474429484867,350.58819662867324,345.72999052495544,341.12568201691647,336.7949211934122,332.75096194275255,329.0018491237947,325.55008564763676,322.3937122025283,319.5266680763451,316.93957339255655,314.6201129891325,312.55384875116187,310.72475158086957,309.1155882067504,307.70865816498656,306.4860386311336,305.4299741757936,304.52324008145916,303.74934946880586,303.09271286474075,302.5388511396304,302.0743922441658,301.68715382931833,301.36616571167724,301.1016085870776,300.8848092447655,300.7081572103698,300.56503087513045,300.4497201942086,300.35734103538954,300.2837474946592
0.00011376369923749304,459.1252288957333,458.7143269029443,457.48429534918535,455.4547050472856,452.65736075598454,449.13514726310086,444.9406543929863,440.1361193387096,434.7912271159166,428.9807060932333,422.783587154585,416.2815348030036,409.5561807765222,402.688020866021,395.7548637520857,388.8302983732101,381.9826085003577,375.27382549820356,368.7589065692881,362.485158645294,356.4923813106069,350.8121714873319,345.4686956687234,340.47841068845923,335.8511899997874,331.5902223706074,327.6931504934737,324.1525939570963,320.95702914278115,318.0913784651761,315.5379120635917,313.2769226183362,311.2872632881751,309.5471512496135,308.0345276788902,306.72755809524347,305.6050286614486,304.6466267531002,303.8331549521267,303.14675009211453,302.57092449041124,302.0906498371252,301.6923799142541,301.36399397101394,301.0947740009417,300.8753120290014,300.6974207805544,300.5540359138528,300.4391115571697,300.34751296903113
0.00011876369923749304,484.1652246612722,483.68970545100416,482.267235314923,479.92027619064635,476.68549238894843,472.6124505874278,467.7621070637564,462.2063510570065,456.02566469112156,449.306570302659,442.14044224078805,434.6215487591936,426.84427967440814,418.9016486521414,410.8835427417031,402.8749897623561,394.9548806421601,387.1948732087239,379.6584598707273,372.40034959846633,365.466491581599,358.8934786427392,352.7092429566355,346.93290561814024,341.5758952835,336.64200262562264,332.12858309544305,328.02720205391887,324.3246123508103,321.00348800330187,318.04341598715826,315.4216839527707,313.1139324691044,311.09503009337504,309.33951944065853,307.8222033259092,306.5185787965163,305.40517488830005,304.45980774862994,303.66181393104216,302.9921211213264,302.4333371884866,301.96977440281495,301.58739462077483,301.2737750504417,301.01800667266514,300.8105926426433,300.64333434977254,300.50921157882397,300.40225899279113
0.00012376369923749304,505.9888462062104,505.45721310236553,503.8675459376244,501.24485218713755,497.6300230116495,493.07843109387863,487.65828407141515,481.4498635422344,474.54303330484913,467.03453085482096,459.0264334402266,450.62395167642063,441.9325225085081,433.0560074636951,424.09475802256475,415.1437124703,406.29094981377193,397.6164740212314,389.19118072506075,381.07619843128134,373.322827634597,365.9720051688749,359.0549552701464,352.59313174148554,346.5993468605935,341.0779459238802,336.02607092746183,331.43440728051826,327.2882509086395,323.56835808513955,320.2520196194944,317.3139449897319,314.7270096407108,312.463197368939,310.4941182354686,308.7916665924677,307.3284921980292,306.0783862310921,305.016570958914,304.1199491537758,303.36719798782354,302.738864337731,302.2173911532652,301.7870637116512,301.43396692341923,301.1458758392248,300.91214380259004,300.72357492722176,300.5722911224002,300.4515946433861
0.00012876369923749305,525.5510086048948,524.9692472483011,523.2301700146215,520.3610786386677,516.4066478447891,511.4274395021858,505.4981321179543,498.70650889021806,491.1508146500605,482.93689422017565,474.1763710623227,464.98422001452155,455.47572038480394,445.76440085088063,435.9599366632284,426.1660958233745,416.47914376158906,406.9865244346717,397.7657366541792,388.88363635858343,380.39630989863133,372.34858032706586,364.77462988509797,357.6980144000791,351.1328099196164,345.08388571903185,339.54822505352223,334.5157599493592,329.9705195801332,325.89157904492833,322.2542086772236,319.03084314871694,316.19191137092537,313.7068412170371,311.5446402266315,309.67461637507887,308.0668845985884,306.6927951969186,305.52525400068237,304.53898818351183,303.7106598727479,303.01896808813325,302.4446776828106,301.97056648839146,301.5813760357531,301.26369503851254,301.0058387333414,300.7977095834286,300.6306527811254,300.49730647869876
0.00013376369923749306,543.4099530708921,542.7825758539461,540.9075079126721,537.814151655015,533.5506323102927,528.1822371160964,521.7895298185742,514.467122359107,506.32088474410807,497.46493553833886,488.0195712016091,478.10863851523726,467.8563495868833,457.38500685595926,446.8127462126287,436.25134723241,425.8045039649073,415.5664139399307,405.6205734157622,396.03904279356254,386.8822657924942,378.1986065938422,370.02495301019883,362.38679017399676,355.2993681096161,348.7680585288531,342.78972899776926,337.3536559261863,332.4427469771174,328.03457686151694,324.10260559467713,320.61722388782965,317.54665666983254,314.85802560765086,312.51798610952375,310.49350424380316,308.75239685934713,307.2637981552233,305.9985075254437,304.92927154326276,304.03091510033914,303.2804501271069,302.6571074070517,302.1422846354621,301.7194918615254,301.3742287272351,301.0938560957835,300.86744634429385,300.6856285835746,300.5404278081573
0.00013876369923749307,559.9253799853012,559.255948861542,557.2554891462767,553.9553490923096,549.4068422771091,543.6796165530271,536.859660703327,529.0478841164949,520.3571849131868,510.9092983301617,500.83250381509106,490.2588133894513,479.3206527108092,468.14839042629376,456.8679392593324,445.5984419293677,434.450420541785,423.52428186310937,412.90903928696184,402.6815435029874,392.90625565691187,383.63480825050755,374.90659479265196,366.74889384871835,359.17805880296146,352.19994776110724,345.81134776379355,340.00095829554834,334.750681541905,330.03673625053614,325.8309397038969,322.10182249989975,318.81559877424655,315.9372825471628,313.4313760325171,311.2626976534437,309.3969540270141,307.80124148203,306.44441945291635,305.2974082501803,304.3333362052074,303.5276552287255,302.858175729191,302.3050156887302,301.850541807968,301.47924117690127,301.1775860761047,300.9338749385628,300.73806828281863,300.5816177775181
0.0001437636992374931,575.345161769251,574.6365828444284,572.5193825845942,569.0267278698602,564.2129073804267,558.1516332657012,550.9339455905352,542.6666180959546,533.4690899869404,523.4701777767904,512.8055805341364,501.61489743402564,490.0381797971094,478.2132834235874,466.2733379786855,454.34431817440446,442.5430821352482,430.97579971754175,419.7366077324731,408.9068079169317,398.5546000543874,388.7346617951215,379.48872864573,370.8457618394944,362.82316057010013,355.42725683310914,348.65478660688154,342.49393767124707,336.92570242740084,331.92506275299945,327.462331198383,323.504329502009,320.01541994910974,316.9586720777152,314.2965982773756,311.99202886273656,310.00871433015897,308.3118592617237,306.8685195802104,305.647915673842,304.62159441617115,303.76355157790283,303.05027003594813,302.46067000228686,301.9760466462592,301.5799367885891,301.2579776109935,300.99773917348176,300.78855188735486,300.6213263195423
0.0001487636992374931,589.8487340592579,589.1034379893815,586.876735606452,583.2035057006353,578.1408343126691,571.7662511952877,564.1755365578529,555.4809668776596,545.8081154397375,535.2924328136547,524.0765662790847,512.3072176326876,500.1315712666025,487.69448440031806,475.13583370376705,462.5879798652867,450.1737037180662,438.0045633251196,426.17948800865025,414.7839455658384,403.88963997705525,393.55410670473134,383.8212857061601,374.7217281184182,366.27383074086384,358.48438933370596,351.3501139580595,344.8587359377385,338.9904186894437,333.7190077778671,329.01342742412675,324.8389180095622,321.15812395745354,317.9323077532853,315.12212949706014,312.68856570438004,310.5935403851022,308.80048922798784,307.27477932928207,305.98403723815727,304.8983249724113,303.99026927813316,303.23510328541965,302.61061803681326,302.09709722033114,301.6771794075379,301.33571129834434,301.0595725408913,300.837495446534,300.6598762348717
0.00015376369923749311,603.5709838085878,602.7910433220948,600.4610131415358,596.6173929585866,591.3199152130894,584.6497179274386,576.7070574295817,567.6094052937019,557.4881222835486,546.4849121870948,534.7489684140735,522.4336814767962,509.6929480498327,496.6782114066982,483.5356930993907,470.40375795465445,457.41075552555435,444.6733109033265,432.2948623304637,420.3647994886935,408.95812950692175,398.1350852080602,387.94169308366315,378.41001482913043,369.5594035864483,361.39711040794424,353.9198411943768,347.1149184081912,340.9617459515389,335.43311954865806,330.49667512095266,326.1161812181938,322.25267950997466,318.86574342317147,315.91429881034895,313.3575836655492,311.1558067059533,309.27074006293753,307.66616031299753,306.30819102553716,305.1654920658708,304.20939568563676,303.41395175843144,302.75588075536695,302.2145061200103,301.7716125133047,301.4112941376143,301.1197725018954,300.88520898634357,300.69750813456056
0.00015876369923749313,616.6163794331886,615.8035896489152,613.375580358487,609.3703934913262,603.8502777417511,596.8997990474099,588.6234623484826,579.1436686403825,568.5972665132384,557.1318836344383,544.9029113069547,532.0700697614675,518.793602910139,505.2311793776171,491.53501614855554,477.8491501964971,464.3071918674823,451.03055379977917,438.12693629107656,425.6894383714211,413.796195174252,402.50999722339577,391.87885481159174,381.93627116291384,372.7025198088688,364.18529979901336,356.381331898643,349.2775712576513,342.85272285171635,337.07860801183807,331.92166160062976,327.34427584218065,323.30599004378445,319.7647914416613,316.6779745273222,314.00313925702255,311.69887593325143,309.7253848771968,308.0449377524472,306.62223421789184,305.42460393089,304.4221494442585,303.5877951371599,302.8972417812975,302.3288970121755,301.8637299952078,301.48511530808446,301.1786442130355,300.93193060491046,300.73440688308165
0.00016376369923749314,629.0678113992992,628.2237468566254,625.7024509064281,621.5434389576199,615.8113623898723,608.5940577310547,600.0000800291726,590.1565274281281,579.2054740613885,567.3001830697,554.6019382480038,541.2764742685358,527.490061574056,513.4062769352782,499.18302523497465,484.9697232654914,470.90497088510176,457.11472196649083,443.7107212039696,430.7895895763269,418.4324356661632,406.7044845207982,395.6556395345103,385.32078456183774,375.7210817333041,366.8646716570016,358.74830673644846,351.3586114699591,344.67364536143356,338.6643219549977,333.29595206230624,328.52963588544895,324.3234990083248,320.63403328226144,317.4169926495897,314.6284277306966,312.22539590340097,310.1666066247469,308.41290216256266,306.92762797854067,305.6768469337609,304.62948896334825,303.75740380322384,303.0353172840177,302.440760293435,301.9539202370556,301.5574809057127,301.2364277522867,300.9778476977524,300.7707180563022
0.00016876369923749315,640.992378700782,640.1184351384885,637.5080128895459,633.202040173169,627.2674709471193,619.7952736749295,610.8978785041156,600.7068755669316,589.3693325913554,577.0438929771233,563.8974623711936,550.1015101169282,535.8280484585241,521.2462804184579,506.51952527110126,491.80231949912655,477.2380109392746,462.9568753053814,449.07450772864235,435.6908841160159,422.8899486400468,410.73925102975574,399.29050681343267,388.57992612195665,378.62953122480144,369.44789848255436,361.03182682272217,353.3676427248358,346.43280783142285,340.1973872746944,334.62563646965924,329.67743876768833,325.30958509313393,321.47715290336885,318.1344365875573,315.2360165582858,312.73749351509196,310.5961582364005,308.7714909324951,307.2255450053591,305.92317302634194,304.83218315613635,303.9233957555286,303.1706015365541,302.5504893631834,302.0424948455356,301.62863657583904,301.29331585483277,301.0231107818847,300.80655865854754
0.00017376369923749317,652.4453195367246,651.5427453053437,648.8469184057652,644.4001259040033,638.27153534389,630.5551238622877,621.3670410548666,610.8431862532434,599.1354138642171,586.4075197015155,572.8317893076694,558.5851762451025,543.8451795189821,528.7863756585718,513.5772529170758,498.3772339230269,483.3341975159573,468.5825440775474,454.2415447744392,440.4143802272289,427.18770611034563,414.63129797009447,402.7986105079857,391.7271311368819,381.439716516493,371.9453734275387,363.24096060094297,355.31253575683536,348.1370054182862,341.68363966631017,335.9157002390105,330.7919212366552,326.2678300542868,322.2971626235067,318.83282665988355,315.8280035836756,313.23690603075926,311.01547105912744,309.12187741624103,307.5169423421532,306.1643589414593,305.03085931353786,304.08627512463465,303.3034977378067,302.6584051603295,302.1297080801286,301.6987828177663,301.34946590415007,301.0678428405471,300.8420243656998
0.00017876369923749318,663.4727656788496,662.542685883938,659.7648090585216,655.1827327834337,648.8677585038113,640.9167616388618,631.4494717568925,620.605933318985,608.5426014458614,595.428219412579,581.4402347076535,566.760859214318,551.5728485101853,536.0559242957299,520.3835219194228,504.71973887641707,489.21678860178906,474.01301757922,459.23121498565814,444.97763000358395,431.3415172457011,418.39478838137006,406.1925710090061,394.77358528534296,384.1614987523833,374.365743637131,365.3832503699955,357.1998343073602,349.7918854815577,343.12792720993957,337.17028343399494,331.876600234011,327.2012059372658,323.09656099745774,319.5142525268792,316.406127533995,313.72507281246953,311.4257306082668,309.4650331595151,307.80261222757986,306.40104752676814,305.22603652751485,304.24645905763447,303.43433952456957,302.76477328565466,302.21577040958346,301.7680856611563,301.405008295493,301.11214583977716,300.8771945752879
0.0001837636992374932,674.1137242473958,673.157159658984,670.3002769507826,665.5879406697302,659.093514365287,650.916672243727,641.1805980547988,630.0293331726532,617.6237652148405,604.1373993490423,589.7526474001413,574.656774489859,559.0375836409412,543.0797340831825,526.9614063280492,510.85118033849494,494.905425180157,479.2662706504414,464.05987979577725,449.39544612499697,435.36472039141586,422.0416684518822,409.48303017729677,397.7287176838127,386.80318776417585,376.7162933916294,367.4650473885906,359.03504668388695,351.4021999305261,344.5343276380305,338.39286685349373,332.934431445125,328.1122094586393,323.87744611909227,320.1804682212792,316.97184730881713,314.2032011313513,311.8279309030831,309.8017725275537,308.08321855770646,306.6337773799805,305.4181496511492,304.40429698810664,303.5634063880736,302.8698162705877,302.3008582240582,301.83668431357466,301.4600524256914,301.1561053946822,300.9121360220317
0.0001887636992374932,684.4015364206736,683.4194185274669,680.4863080830933,675.6482971552559,668.9807463558576,660.5860385046866,650.5906974424306,639.1426268084726,626.4069936939097,612.5618961795867,597.7945302346716,582.2970269725516,566.2620457750195,549.8789934921973,533.3306109667517,516.7897844144504,500.41687451872036,484.35764512653924,468.7415009134659,453.68046568786474,439.2686919128877,425.5821243350977,412.6790593057167,400.60056331407384,389.3718623617891,379.003225678998,369.49175811640026,360.82285997789654,352.9719906092391,345.90630793016663,339.58640870627295,333.9679257333555,329.0029606793974,324.6415988062348,320.8329619089908,317.52640017753197,314.67231446448926,312.22291433768777,310.13278544806025,308.35932363446085,306.86300458578893,305.6075668703985,304.5600847661747,303.69093497676005,302.9737225707852,302.3851209534565,301.9046967647241,301.51469108184347,301.1997941878184,300.9469054260328
0.00019376369923749322,694.3649726057961,693.358155772733,690.3513660176416,685.3918870348613,678.5570172952123,669.9517661080918,659.7058934132788,647.9710421883105,634.9165191028746,620.7248605024405,605.5878813633318,589.7024069687807,573.2657775740889,556.4719730803811,539.5081246259441,522.5512624688979,505.7655878378521,489.3003610689705,473.28810652491273,457.8435731174766,443.06322782661266,429.02492472559595,415.7884650260513,403.39603475691325,391.873610447669,381.23187325919974,371.4680287728279,362.56730060309894,354.5047282101936,347.24684388691463,340.75344699964273,334.9792363549452,329.87527690671516,325.39054489433244,321.47300812328695,318.070845349657,315.13328864834034,312.6114015230976,310.45866191490404,308.63140818052324,307.0891189785627,305.7946028487284,304.7140752270479,303.8171275489222,303.07665329086524,302.4686863891801,301.9722239755783,301.5690037213134,301.24327452357886,300.9815514712987
0.00019876369923749323,704.0290690942813,702.9983405054745,699.9202197348823,694.8431493068356,687.8463114346318,679.0372668018829,668.548916243969,656.5365293572762,643.1734239320589,628.6464324127462,613.1518367664678,596.8909980753273,580.0657755855441,562.8745610605371,545.5087188086513,528.1492731407416,510.9641260516232,494.10590702076433,477.7101471437904,461.89422294424105,446.75683504063136,432.37768226783135,418.81802271196693,406.12112949869135,394.31371218030625,383.4068596494448,373.3978860892371,364.2718567140694,356.0034181904367,348.55851128900076,341.89617758763484,335.9702254324244,330.73072901333455,326.12560270351884,322.10170756163365,318.60609716648435,315.5868794166845,312.9940140148933,310.7799106476418,308.8998865786014,307.31245652304335,305.9795287326723,304.86648623456523,303.94215840495656,303.1787473010153,302.5516647326517,302.0393530647762,301.62305896621143,301.28660027051967,301.01611630993295
0.00020376369923749325,696.8819348486608,695.8714842867573,692.855072805427,687.8799146854528,681.0233768672609,672.3906702840565,662.1120205801644,650.3392771306346,637.2418747760881,623.002832931947,607.8142521195272,591.8729540657774,575.376571433916,558.5192403797034,541.4882265533513,524.4607429894745,507.6012159557256,491.0591297321306,474.9673017691626,459.4409009861181,444.5767267684536,430.4531838251403,417.13054897197287,404.6516391320556,393.0429482112803,382.3157946087521,372.4679638005355,363.48526037709127,355.3432206415638,348.008879832832,341.4424482495047,335.5989603843907,330.42978568141314,325.8840849698924,321.9099477012022,318.4556197936997,315.4703160057294,312.90502339228243,310.71310255376085,308.85071041918377,307.27712094892996,305.9549092729407,304.85003189711983,303.9318176956039,303.17288703780855,302.5490026611871,302.0388989867558,301.62406055889386,301.28849680827045,301.0184992263968
0.00020876369923749326,696.6062547603881,695.5983101722849,692.5892536896538,687.6261976290116,680.7862761265113,672.1743835012182,661.9203031460459,650.1754020519032,637.1086101680169,622.9022588798468,607.7477651155143,591.8413387611009,575.3798622696236,558.5567972278304,541.5587681811925,524.5623897067808,507.73154542512964,491.21527903406843,475.14605906480523,459.6387799731111,444.7901139920119,430.6783901241634,417.3639358925336,404.8896771787704,393.2823237756847,382.553449406838,372.70115356242906,363.71158037997577,355.56064668868214,348.21575412864524,341.6374882522062,335.78124538802626,330.59872092458073,326.03938735375937,322.0516082937763,318.58385912752397,315.58555280925447,313.00783621824684,310.8041880459312,308.93085548568837,307.34716740941604,306.0157267223707,304.90249597126524,303.97678770888416,303.21119221065953,302.581429662663,302.0661826128859,301.6468784594728,301.3074664673507,301.0341769621799
0.00021376369923749327,697.2096449637355,696.20187137333,693.1932899878743,688.2310063075087,681.3920920981353,672.7813543038654,662.5284503867454,650.7846100327761,637.7185976024793,623.5125319589968,608.3576090730857,592.4498205325949,575.9858012177395,559.1587852653336,542.1551845653319,525.1514303248296,508.31125696060303,491.7836099518833,475.700911794165,460.17806144477817,445.31180070097366,431.1805737312865,417.84487901975444,405.34785230110265,393.7164525381192,382.9625287727117,373.0844718355335,364.0687234543468,355.8914992650552,348.5204862005183,341.9165380431582,336.03529516230867,330.8286661309086,326.2463055654056,322.2367257841869,318.7485134191552,315.73116015077665,313.13585935353575,310.9161050358091,309.02813444981274,307.4312426758045,306.0879796935207,304.96423996588254,304.0292559406928,303.25553004998847,302.6186895244469,302.09732187731106,301.6727598382371,301.32886041558794,301.0517655231736
0.00021876369923749328,697.9814416208342,696.9733915103234,693.9639849435823,689.0003255843258,682.1594534809686,673.5461284026333,663.2899430787692,651.5420468332261,638.4711028174156,624.2591064079825,609.097118807543,593.1809901273214,576.7072046872023,559.8688572782387,542.8522339462443,525.8336652876328,508.97681640591776,492.43060331686365,476.3274644693792,460.78235963448174,445.89214008944725,431.7354026501215,418.37283976994945,405.84781586232003,394.1875447914423,383.40415188601827,373.49631279040096,364.45075601717735,356.2439780346057,348.8439320945548,342.21171746774024,336.3031938564027,331.0704592235758,326.46332454568005,322.43042548958294,318.9204367331644,315.8829057206631,313.2690507098363,311.03236184126513,309.12904791350644,307.51835407164606,306.1627628343469,305.0280874446181,304.08346897065724,303.3013118896698,302.6571417409638,302.12944350038816,301.69944874096916,301.3509166411797,301.06989595501386
0.0002237636992374933,698.6992334840813,697.6910485722744,694.6812540850106,689.7169359445818,682.8750877771182,674.2604028870212,664.0023892499887,652.2520875505232,639.1780300613722,624.9620638722508,609.7950876561206,593.8727796071939,577.3914497848184,560.5440292392657,543.5166560860409,526.4855401343846,509.61425977369294,493.05168491583197,476.9302554328229,461.36498029144946,446.452807938251,432.2724794327176,418.8848725462535,406.33357482478004,394.64604935458505,383.83469433872943,373.89846802704636,364.82438520850917,356.58922318927137,349.16120349592865,342.50167375888986,336.5667168151807,331.3086252442693,326.67737187569827,322.6217217862977,319.090444661191,316.0331506180618,313.40108980155117,311.1477557311295,309.2293355016394,307.60503099993326,306.23726357152884,305.09177101311093,304.1376084003783,303.34708703613313,302.6956350457604,302.1616386360057,301.72623147111904,301.3730776594123,301.088135114969
0.0002287636992374933,699.2747992949916,698.2668541622395,695.2577955261331,690.2946681295703,683.4543865375424,674.8415343489097,664.5854830310533,652.8371027568128,639.7647274791265,625.54998698145,610.3835450899601,594.4608342043723,577.9779195579031,561.127499508134,544.09549899432,527.0579461099605,510.17827685197153,493.60526446520913,477.4713054441065,461.8914195681526,446.962619133889,432.7637630177429,419.35589293576834,406.78280445722646,395.07219944669544,384.2367438274209,374.27567780127515,365.1763059887636,356.9156934225791,349.4623401988358,342.7778551636837,336.8185592299832,331.53695635268673,326.8831989461473,322.80619990691065,319.2548428277347,316.17881918415117,313.529429289128,311.2601877675233,309.3272767155658,307.6898704882478,306.3103438020711,305.1543722711001,304.1909369983048,303.3922668098404,302.7337018763295,302.1935379019635,301.7528177791304,301.3951166393039,301.1063067090013
0.00023376369923749332,699.6711324497031,698.6638986800185,695.6569853028046,690.6973695720187,683.8618470501326,675.2548383322871,665.0055134981076,653.2644964565529,640.1998397370855,625.992868530586,610.8339210837298,594.9180920062115,578.4411117846298,561.5953585944364,544.5664609896809,527.5301874303271,510.64975993558596,494.0737903216923,477.93457426799705,462.3470928042302,447.40837991306864,433.19737828213107,419.77526682538075,407.18602996594547,395.4575958346486,384.6028921043992,374.6214408250908,365.500841623685,357.21845692191744,349.74307908886243,343.0365951190966,337.0555835053839,331.7527810913166,327.0785426429991,322.9819523817784,319.4120316465152,316.31857683304213,313.65296137998774,311.3687431036343,309.4221199496118,307.7722582476114,306.38150408428487,305.2154872964194,304.2431298256452,303.4365912159636,302.77113533586817,302.2249775638657,301.7790788147568,301.4169327624468,301.12433231422904
0.00023876369923749334,699.8743246436567,698.8683095962249,695.8650557308936,690.9114457172398,684.0841136364722,675.4872601214614,665.2497841827706,653.5219827840725,640.4715383334109,626.2793774685771,611.1354154512471,595.2343105765507,578.7713615791366,561.9385321772623,544.9210647343816,527.894383894753,511.02142023785075,494.4505541127418,478.31391824525036,462.7264011534051,447.78501303437724,433.56874348084995,420.13887981198036,407.5395745307828,395.7989686897348,384.93024533864576,374.9332083815494,365.79575813430006,357.49556501542065,350.00172854164913,343.27643221459374,337.27653322355974,331.9550244961082,327.26248771742235,323.14820377244126,319.5613573596484,316.45187512823685,313.7712283045025,311.4730415756584,309.5135511136741,307.85193613048955,306.4505333709492,305.2749444816001,304.2940481103442,303.4799486674575,302.8078462167076,302.25588672953086,301.8049585871512,301.43848208973117,301.14217767973935
0.00024376369923749335,699.8819332064711,698.8776496396397,695.8795846483442,690.934499489739,684.1188240895862,675.5364817209637,665.3160299632082,653.6073576932014,640.5776879275935,626.407453839985,611.2860494491008,595.4075974677224,578.966866840556,562.1553115986626,545.1576971445556,528.1490191763261,511.2918384454873,494.73423294933326,478.6081095489629,463.028209733376,448.091473892118,433.8769010290212,420.44585768478066,407.84264327561186,396.0955982179806,385.2181543744723,375.2103974087133,366.06053396419554,357.74655311346623,350.2378764600342,343.49700248868686,337.4810883586651,332.1434064356267,327.4347900934256,323.3047424402654,319.70263735424,316.5785573021499,313.8840961932822,311.57296948528307,309.60147418738546,307.928823520744,306.5173643895364,305.33268804569616,304.3436459042423,303.52230157721226,302.84380399497184,302.2862408006997,301.83043743418256,301.4597490412551,301.15983057640284
0.00024876369923749336,699.6975150454654,698.6954652326158,695.7040866535485,690.769993155114,683.9693688532831,675.4058035267159,665.2074444394241,653.5236931294636,640.5212260151433,626.3798899281875,611.2884615747319,595.4404311045622,579.0299417524591,562.2478447203044,545.2783396490712,528.2959099828272,511.4626699042203,494.9263256412817,478.8184965532334,463.2537236190909,448.3288322897592,434.1227941044406,420.69702611778973,408.09595373271253,396.3481032869943,385.4671488166245,375.4534574453569,366.29554745522466,357.97173681939427,350.4517836591923,343.6985193582948,337.66942172126824,332.3180652725609,327.59555921634416,323.4516538257323,319.8359373672881,316.6986731183357,313.99160203243554,311.6685537393809,309.68590825423024,308.00293353538177,306.5820057972038,305.38872339140187,304.3919263014117,303.56365146102905,302.87900915996727,302.31603964633416,301.85551489475887,301.480733025826,301.17729041368085
0.0002537636992374934,699.3278245397596,698.3284918140351,695.3452403852174,690.4245118260268,683.6422044517027,675.1015205879477,664.9301309325359,653.2768735783488,640.3077946064666,626.2020652478748,611.1477526302566,595.3376212563131,578.9650965176596,562.2203373453825,545.2868923405966,528.3386526739985,511.53721222492254,495.02983872706915,478.9478047578937,463.4053992901429,448.4992893609477,434.30838342788275,420.8941212903364,408.30103399004156,396.55782063658916,385.67839079206874,375.6633924861906,366.5016604766594,358.17185123518095,350.6440730258182,343.88150713162696,337.8419716840267,332.47936503693876,327.7450953014965,323.5891837967715,319.9614573433964,316.8123840259776,314.0938752628152,311.75989737850256,309.76693476047,308.07433010395573,306.64450743341365,305.4430891209926,304.438919017893,303.6040210683328,302.91347904622484,302.34529642766313,301.8802009403365,301.50144159644424,301.1945629247099
0.0002587636992374934,698.7812860662486,697.7851304160547,694.8113770783016,689.90627177963,683.1453890409385,674.6314924322312,664.4917130747326,652.874253311867,639.9444493481491,625.8807119986845,610.8703111885457,595.1051974177335,578.7779907509703,562.0780729395661,545.188260588635,528.2817766197957,511.5196245804542,495.04857030932976,478.99948323814186,463.48635131195385,448.60564173034766,434.43616584459676,421.0393596093747,408.4598401150319,396.72646648277083,385.8533771859825,375.84150033118715,366.6799914449398,358.34785432907,350.81556006050323,344.04665572820426,337.9993182775688,332.62779030095794,327.88380060501044,323.7176641484001,320.0794692062316,316.91991145192435,314.1910950377887,311.84714442906915,309.84466876290855,308.14310457055115,306.7049413780277,305.49584178176633,304.48466817045465,303.6434446420031,302.94724011112885,302.37403150740596,301.9045111959407,301.52188672005775,301.21165726977426
0.0002637636992374934,698.067124576694,697.0745805482667,694.11162027334,689.2242714241653,682.4877488891187,674.0043290669872,663.9005440273758,652.3238921746599,639.4389248434236,625.4232124539903,610.4631451413233,594.7497761639166,578.4748378302476,561.8268547240091,544.9878351926559,528.1302623280314,511.41448334805943,494.98670241491595,478.9773326272786,463.50001458641503,448.6509764673855,434.5089002421784,421.1351927268115,408.57453831635746,396.85594382207273,385.993770071236,375.9892241393688,366.8317860440426,358.50081493282704,350.96715634689554,344.1947379148852,338.14211259921115,332.76388628268217,328.0121288662729,323.8374701502765,320.19028139707905,317.0215073331278,314.2834658641033,311.9304598716751,309.919242541727,308.20936235791055,306.7633911550332,305.5470471713234,304.52922531073,303.68196236664045,302.9803235332782,302.4022689781083,301.92846421619925,301.5420826513481,301.22858438528147
0.0002687636992374934,697.1948562665598,696.2063322193296,693.2553818409519,688.3877939243301,681.6783900974732,673.2289141447078,663.1652432545928,651.6341079272763,638.7992042998152,624.8371873942621,609.9334901398496,594.2781905597335,578.0620559683008,561.4726788438688,544.691187831653,527.8892591236305,511.22652174880307,494.8485621279642,478.88528710293946,463.4499463993127,448.6384922801638,434.5294468746351,421.18416390383084,408.6473772058671,396.9482294208564,386.10129724546846,376.1080653435359,366.9583413728192,358.63184701610396,351.0998128967929,344.3265607236318,338.2710353699868,332.8882236769162,328.1305556181406,323.94899561332335,320.2942180448555,317.117436805419,314.3712032901201,312.0100178706424,309.9907959706352,308.273215129994,306.8199453871316,305.5967752269694,304.57264533055474,303.7196171049658,303.01276262482713,302.4300346210905,301.9520798837859,301.5620446825445,301.24535601290927
0.00027376369923749343,696.1739854181214,695.1898635862902,692.2520620166588,687.4061111689854,680.7264079865568,672.314121165509,662.2944208293994,650.8132098213075,638.0332634031422,624.1302511587719,609.2885765484468,593.6972695844578,577.546060518931,561.0215398120484,544.3038897539413,527.5639170532343,510.96047480667727,494.638479326533,478.7272845213578,463.3397084826422,448.57139296354114,434.5006715937376,421.1888223793438,408.68061162659757,397.00530640880623,386.177692890199,376.19953168050847,367.0609606665596,358.7420704426584,351.21448631334613,344.4429364283796,338.3867721700446,333.0013776342107,328.23956043658177,324.05263797944536,320.39160650678855,317.20796784663,314.4545253416463,312.08599472919525,310.05947075217193,308.33477609946203,306.87469399593954,305.6450969649045,304.6149840092779,303.7564524426806,303.0445912810912,302.4573546834022,301.97537844960954,301.5817883940887,301.26198411760953
0.00027876369923749344,695.0138235432065,694.0344605790945,691.1108704505007,686.2883071696674,679.6407137302399,671.2686441801926,661.2965129726682,649.8693396676879,637.1489175271723,623.3098655182872,608.5354904095395,593.0137065262495,576.9331400434663,560.4793143989807,543.8314035537685,527.1592865296018,510.6209867654741,494.36070170761377,478.50718882529844,463.1727965271965,448.4528236950521,434.42538857124407,421.1516721355243,408.67645705990867,397.02912391596504,386.2246620223972,376.2651060448218,367.14092614888614,358.8325874300027,351.312118484989,344.5446651199604,338.4899985637651,333.10391512909985,328.3396162697591,324.1487893542839,320.4827698722463,317.2933650429958,314.5336473654714,312.1585646463411,310.1254069444915,308.3941571995948,306.9277259112866,305.692082634534,304.65629653440953,303.79251150893856,303.0758430449903,302.4842551396347,301.99837995337555,301.60132920215244,301.2784805360813
0.00028376369923749345,693.7233830863224,692.749110887502,689.8407210328303,685.0431742685789,678.4299324669985,670.1008982942566,660.1796853993309,648.8103784308421,636.1537319332379,622.3832537843194,607.6810917124078,592.2339816063063,576.2293834309985,559.8516933363857,543.2790194951397,526.6802592641264,510.21255657441696,494.01934473030633,478.22874431392626,462.95259861747866,448.28583344823323,434.30632648319056,421.07514163044056,408.6370626727865,397.02157319506193,386.2438594498207,376.30622803654217,367.1994829362153,358.90446858229734,351.3936245281994,344.6325243517253,338.5813712541726,333.1963874429101,328.431183083189,324.23783116324796,320.5680224924445,317.3738858693963,314.608778950478,312.2278971818592,310.1887408851892,308.45146739288907,306.9791277005454,305.7378006135821,304.69663661566227,303.82783626966614,303.1065505463234,302.5107612493233,302.02110387603886,301.6206820871323,301.29485676575143
0.00028876369923749347,692.3113175255462,691.3424442223984,688.4501726291747,683.6791546533148,677.1023458879906,668.8189636044384,658.9517788553369,647.6438935928938,635.0549711610381,621.357352395562,606.7319683137125,591.3643183417921,575.4406387812477,559.14414276808,542.6518195504924,526.1315348869108,509.739507058887,493.6183632844626,477.89554973723847,462.6823716628128,448.0733536575318,434.1461092941363,420.96156657870335,408.56449596567654,396.98447400383236,386.2368777535721,376.3242834103844,367.23782982211503,358.95874488261086,351.4598858654329,344.70726318712724,338.6615229911413,333.27932583100255,328.51470419228633,324.3201310636467,320.6476673943438,317.44977853499756,314.6801221425225,312.2941557850142,310.24960398515657,308.50681168755796,307.0289827709572,305.78231676458745,304.7360559685771,303.86246711539525,303.1367451745132,302.5368972984697,302.0435689367052,301.63986143488165,301.3111238412897
0.0002937636992374935,690.785890757862,689.8227017835609,686.9473987905574,682.2043104662876,675.66586289526,667.4305565454744,657.620281280242,646.3771122460898,633.8595731505771,620.2387861532892,605.6944123547269,590.4106611981792,574.5724923299076,558.3618844716511,541.9546589282883,525.5176037770268,509.2059690383296,493.16153707055946,477.5110449028229,462.36522918760045,447.818187141965,433.94724625835,420.81318097005374,408.4607347450593,396.9195674662669,386.20524097167595,376.3205985152864,367.2571144074302,358.99640344985426,351.51174654738406,344.7695990286634,338.73105985164057,333.35323920245315,328.59060429337944,324.396041282835,320.7219948855784,317.5212808184865,314.7478704772575,312.35749699581754,310.30812207255644,308.5602906016677,307.07737093430995,305.8256940831907,304.7746040318984,303.8964426353781,303.1664568990344,302.56268645753914,302.0657929809195,301.6588809492754,301.32729226651384
0.0002987636992374935,689.1549651121322,688.197724305332,685.3401758944816,680.6263121021354,674.1280081136596,665.9430186701685,656.1923169034087,645.016910547463,632.5741390917157,619.033858495817,604.5744109846901,589.3786667799709,573.6302601196157,557.5098880174646,541.1921587232043,524.8427402027725,508.6158749516014,492.6524647016691,477.0785052428986,462.0041363490691,447.5230035569669,433.71212778704273,420.632113331691,408.3276637591988,396.82851305921497,386.15040191328,376.2964379126181,367.2584309988692,359.0183856943888,351.55001164271783,344.8202162195445,338.7905600320631,333.41861308278163,328.6592885777622,324.4658978657908,320.79128191906767,317.5886195345887,314.81220853480147,312.41807007543173,310.36441508786606,308.6119999129763,307.12436820291407,305.8679925326984,304.81232783419244,303.929799510654,303.1957141841588,302.5881507138553,302.087792927336,301.67775361035166,301.3433719816949
0.0003037636992374935,687.4260012189192,686.474951927401,683.6358830170278,678.9524380813891,672.4959217657902,664.3633165243622,654.6746461165521,643.5698135857449,631.2049332817617,617.7485513426197,603.3776461873742,588.2737036362296,572.6189877815597,556.592870524398,540.3687056451479,524.111002024276,507.97295853461213,492.09456335861944,476.60104145037985,461.60190955828057,447.1903390049604,433.44302505333826,420.42038633259676,408.16707430659847,396.71288822950373,386.0737417885039,376.25300402228095,367.24282027426557,359.02558700473264,351.57544694783496,344.85976577750193,338.8405736064767,333.47590939649905,328.72114253793114,324.53002050406405,320.8557919433762,317.65201040432447,314.87331182823067,312.47601691115,310.4185970035853,308.66203059164246,307.17004673365494,305.9092689979276,304.8492719560504,303.96257248331574,303.22454396413116,302.61331085167365,302.10958475181206,301.6964916616793,301.3593723535669
0.0003087636992374935,685.6060653653368,684.6614315304905,681.8415092103071,677.1895822314063,670.7763667191874,662.6980485244671,653.0736721473527,642.0420018191928,629.7578892986157,616.3885309772375,602.1095003521233,587.1008575025535,571.5434554357181,555.6153012103696,539.4884562168006,523.3262345393225,507.2807583199573,491.4910719528091,476.0816023176442,461.16121901044085,446.82259827513485,433.14209196111835,420.17991850222865,407.98066572590983,396.5741896765933,385.9765713050552,376.19143805383607,367.21127006780387,359.01885740529235,351.5887795341485,344.8888658471874,338.8816228982129,333.5255667704231,328.77653221368337,324.58871273430157,320.91577506197524,317.7116581821024,314.93134690450205,312.53147209616156,310.47077588700733,308.71046884941995,307.21447486639755,305.9495773150752,304.8854785532328,303.994794374374,303.2529716569006,302.6381864626848,302.13118349539684,301.71510661639127,301.3753021798468
0.00031376369923749353,683.7018414766377,682.7638286862652,679.9636653571334,675.3442653836086,668.9757399660032,660.9534561622406,651.395451935432,640.4393215732628,628.2386200757935,614.9591576609962,600.7750653939606,585.8649399020576,570.4081857541245,554.5814089063025,538.5553437335954,522.4920768912497,506.5426235007908,490.84505645967886,475.5229795581212,460.68459301726375,446.4220587126463,432.8113685796819,419.9125272610912,407.7700480539268,396.41383566992704,385.86013267665237,376.1128217369887,367.1647168523887,358.9990028189319,351.5906988173805,344.9081026007617,338.91420323424495,333.5680011622144,328.82580471307654,324.64226236785214,320.9714683857594,317.76775694358514,314.98647157842345,312.5845631188463,310.5210540526825,308.7573962619191,307.2577172216033,305.9889683493244,304.9209874180992,304.02649613216767,303.2810212020983,302.662795975666,302.1526032873642,301.7336092749795,301.39116970290206
0.00031876369923749355,681.7196458391113,680.7884423410693,678.0085987374254,673.4226497460922,667.1000867280864,659.1354377722683,649.645709496757,638.7672979420724,626.6524302875507,613.465497455544,599.3791539750364,584.5704987354432,569.2174538975964,553.4951913259047,537.5730868610991,521.6119699962682,505.76172119764755,490.15941654114704,474.92781380622,460.1744234111553,445.9908750578463,432.4527854518815,419.6199327338527,407.53674538109334,396.23316898481863,385.7256021771331,376.0181795310037,367.1040476401804,358.96678669275195,351.5818579406897,344.9180314082315,338.93878393020174,333.603606685071,328.8692888993452,324.6909420600355,321.0230965024778,317.8204904709106,315.03883524726405,312.6354106185111,310.56952826934025,308.8028899352686,307.29983483395944,306.02749010150524,304.9558360643586,304.0577068993978,303.30871511381,302.687156697826,302.17385737744314,301.7520097502879,301.4069826290244
0.00032376369923749356,679.6654433142294,678.7412209867682,675.9822090695208,671.4305547311201,665.1551159894518,657.2495636924151,647.8298506403337,637.0311489959238,625.0043299890515,611.9123352454146,597.9263118678932,583.221829952224,567.9752984712693,552.3604252909074,536.5451991241735,520.6891652991499,504.94104449105396,489.43689287258337,474.2986012623073,459.6329715371184,445.5310848183694,432.0681683829921,419.30376199400683,407.28219959245956,396.03346018086893,385.5740929974007,375.90848110049143,367.03010211621245,358.92293182676053,351.5628753334866,344.91917815911313,338.95580940503646,333.6327565429202,328.90729617148475,324.735009958386,321.07087201239705,317.8700326931614,315.08857925120384,312.6841286789581,310.6162899978667,308.8470226981366,307.3408853066059,306.06518783140046,304.9900598252006,304.0884540908613,303.33607454186307,302.7112848628928,302.19495817335974,301.77031749667077,301.42274815095425
0.0003287636992374936,677.5448642145068,676.6277794913927,673.8900652056927,669.3734734276429,663.1462166612406,655.3010920411505,645.952978283439,635.2358005666722,623.2990488117006,610.304188291481,596.4208308241066,581.822989700901,566.685532932051,551.1806773808884,535.4749987933253,519.7267338988797,504.0834207972471,488.6800747865863,473.63770062890086,459.06237451114146,445.0446138839451,431.6592434496311,418.96555350707183,407.00777428689264,395.815911039634,385.4066582439248,375.78464391637453,366.94367488213567,358.8681222989149,351.5343363541307,344.91204065671684,338.96570035822316,333.6558040191525,328.94012129043097,324.7747103895099,321.11499609648513,317.9165481540714,315.135837256469,312.73082514084365,310.6614256447629,308.88986330643627,307.3809229757015,306.1021041894321,305.0236919581856,304.11876347661007,303.36311933744526,302.73519568264203,302.2159172811015,301.7885413412931,301.4384729720851
0.0003337636992374936,675.3632212929701,674.4534160429513,671.7374219396104,667.2565891838002,661.0784738540382,653.2949845990803,644.0199078675196,633.3859011299686,621.541050251421,608.6453198733991,594.8667615280123,580.377806560409,565.351757073659,549.959314657111,534.3656188416187,518.7275757415093,503.1915203078014,487.89140797741834,472.94734010428886,458.46465153278416,444.53328219217224,431.22764205639334,418.6067616182545,406.7147587375134,395.58165804030057,385.2242939720803,375.64753588859134,366.84551772869133,358.8030054159993,351.49679495571036,344.8970900329124,338.9688549650021,333.67308348115256,328.9680432189715,324.8102745577984,321.15565909476027,317.9601924883892,315.1807356457929,312.7756019201965,310.70501682074786,308.931476652303,307.419999078515,306.1382793512422,305.05676375249726,304.1486592670269,303.3898681202731,302.7589033996735,302.2367455461816,301.80668951623124,301.45416333130294
0.0003387636992374936,673.1255264881172,672.2231288492658,669.5292365714722,665.084791949859,658.9566849145193,651.2359224598243,642.0351825496011,631.4858364702945,619.7345457480723,606.9397527325298,593.2679263611258,578.8898935932119,563.9773683448374,548.6995152314802,533.2200167588649,517.6944286824879,502.26786431079944,487.073202098758,472.2296242808044,457.84171011320825,443.9988093198767,430.77490592749473,418.2287609837849,406.4043718036794,395.331775793998,385.02794218443637,375.4979779693194,366.7363418835706,358.7281936441006,351.4507753350299,344.87477214917055,338.9656500604857,333.6849113758491,328.991325954464,324.8419212384145,321.19304108011227,318.00111289468646,315.2233939061001,312.81855532478244,310.74714059770383,308.97192397180464,307.4581619205561,306.1737511515517,305.08930463565935,304.1781641975106,303.41633834547815,302.7824213399876,302.2574530947659,301.8247696904821,301.46982502777183
0.0003437636992374936,670.8365071953289,669.9416323654206,667.2701850042545,662.8626941580828,656.7853750071038,649.1283212361897,640.0030879613897,629.5397439280766,617.8835083631602,605.191282130999,591.627931801954,577.3626600541772,562.5655728446079,547.4042785343636,532.0409840867906,516.6298772920888,501.31483327695076,486.2276381477441,471.4865408500147,457.1953521298394,443.44281991976817,430.30249196121866,417.83285088131424,406.07776573700573,395.0672803858158,384.81849374912736,375.3367466873969,366.61682020037586,358.6442664889454,351.39677353914874,344.8455089618601,338.956442293822,333.69158720031356,329.0102193408672,324.86985745321545,321.2273124181164,318.039448596722,315.2639250068901,312.85977636294587,310.7878697595663,309.011263047802,307.4954570388428,306.20855521495776,305.12134227783935,304.20729961126847,303.4425463690202,302.8057619644234,302.27804937392557,301.84278900130744,301.48546344521435
0.0003487636992374936,668.5006219237576,667.613372908236,664.964677231642,660.5946460019952,654.5688121056935,646.9763456899715,637.9276664082663,627.551526105478,615.9916859373002,603.4034884136084,589.9501803534652,575.7993226532997,561.1193958985912,546.076435191374,530.8311555913797,515.5363613261931,500.33467463890423,485.35677556941334,470.7199670546045,456.52727965290956,442.8668489528634,429.8117769025804,417.4202593594506,405.7360298458526,394.7891325930011,384.59679121050726,375.1645765895544,366.48758926740436,358.55177230762445,351.3352590135179,344.80969983809337,338.9415692407051,333.6933944374512,329.0249598516656,324.89427912252654,321.25863430691163,318.0753312884313,315.30243576523316,312.89935104156183,310.82727304439936,309.0495484057111,307.5319273594807,306.24272508219696,305.1529026925573,304.23608553927534,303.46850751087817,302.8289369183643,302.2985431905493,301.86075408454457,301.50108357540427
0.00035376369923749364,666.1220752578456,665.2425435771531,662.6168721377026,658.28475003621,652.3110213181847,644.7839237099809,635.8127304350132,625.5248639602577,614.0626136596273,601.5797490078031,588.237881936612,574.2029163139819,559.6416921615036,544.7186564576716,529.5930180244058,514.4161838178939,499.3295102226168,484.4625590437106,469.9316758523548,455.8391005123781,442.2723466881397,429.30406180848865,416.99214720336477,405.38019399769354,394.4982409610585,384.3636314759433,374.9821625742741,366.34925142385276,358.4512300409231,351.266676082389,344.767722814099,338.9213504673628,333.69060145093755,329.0357713387373,324.9153716885961,321.28715929364785,318.1088855596237,315.33902719496353,312.9373606511056,310.8654153760223,309.086831500832,307.56761334847045,306.2762923309988,305.18401033309544,304.2645407768349,303.494236115571,302.85195707935713,302.318942748633,301.8786711036676,301.5166900406998
0.00035876369923749365,663.7048320836171,662.8330984417896,660.2306915689162,655.9368750580101,650.0157985057169,642.5547596012311,633.6618757223453,623.4632292530424,612.0996260158984,599.7232498299421,586.4940647197228,572.5763043983055,558.1351552189201,543.3334631845428,528.3289184505863,513.2715187680067,498.30134331048873,483.54682493637847,469.1233417750657,455.1323335895739,441.66068345518954,428.7805762925341,416.5496117048822,405.01123194899276,394.1954647285117,384.11976837055784,374.790162111051,366.20237667710785,358.3431308607272,351.19144535669363,344.7199357919726,338.8960885424626,333.6834623363583,329.0428657445774,324.9333107085464,321.31303176566706,318.1402293008561,315.3737948387929,312.973882036784,310.90235808431737,309.12316089653154,307.6025531551632,306.309286691059,305.21468818422983,304.29268295643817,303.5197456097648,302.87483260245153,302.3392556847973,301.8965457774764,301.53228711552293
0.00036376369923749366,661.2526310676482,660.3887659841173,657.8098336666324,653.5546692589527,647.6867231852136,640.2923466741679,631.4784933035141,621.3698963377091,610.1058681054316,597.8369960884758,584.721585374836,570.9221883908464,556.6023266803269,541.9232343107446,527.0410721333,512.1044184278745,497.2520653300932,482.6113074079767,468.2965464770947,454.4084138286298,441.03315414533733,428.24248254524446,416.0936902332638,404.6300644991418,393.8816165972079,383.8659150571141,374.5891973425488,366.0475045188897,358.22793973053,351.10996506765855,344.66667767329164,338.8660699956167,333.6722177274152,329.04644377690374,324.94826241598696,321.3363884157086,318.1694740868825,315.40682908284197,313.00898785530813,310.9381591138702,309.15858243299465,307.636782748128,306.3417361529398,305.2449578491271,304.3205286167937,303.5450485568639,302.897572963177,302.35948910196555,301.9143834063617,301.5478787467435
0.0003687636992374937,658.7689973951979,657.9130618017352,655.3577854664093,651.1415726529133,645.3271707215574,637.9999791402041,629.265781107124,619.2479533008527,608.0843063326674,595.9238224895902,582.9231387662749,569.2431170460312,555.0456047681405,540.4902148829542,525.7315699828549,510.91682017809353,496.18346217176753,481.65764418394735,467.4527839760786,453.6686969699566,440.3909824631646,427.69087913147246,415.62536360808986,404.23756246963944,393.5574653491491,383.6027463218529,374.37985707030424,365.88514564077434,358.10609687945873,351.0226123264818,344.60826942984335,338.83156622267734,333.65709555733736,329.0466955457426,324.9603842513613,321.35735868118877,318.196725538712,315.43821545360925,313.04274681731937,310.9728732209474,309.19313938653994,307.6703360434259,306.37366707089114,305.2748396313979,304.3480932680201,303.57015670857817,302.92018699815037,302.3796496011945,301.93218889714126,301.5634685729624
0.0003737636992374937,656.2572547861737,655.409300590873,652.8778347827442,648.7008287988671,642.9403238274149,635.6807633311944,627.0267548433372,617.1003124669901,606.0377384893885,593.9864028606712,581.10126708607,567.5414950128514,553.4672524156692,539.0365236174263,524.4023855785263,509.71055301349236,495.09722014451523,480.68738199431084,466.59346559359585,452.9144640127142,439.73532493464313,427.12680457040784,415.1455592790784,403.83454951274615,393.22373831352866,383.33090072946175,374.16269862671777,365.71578355143436,357.9780191918061,350.9297443117507,344.5450151128796,338.7928343390024,333.638311776483,329.0438011638133,324.96982536169946,321.3760651581043,318.22208366472336,315.4680348977399,313.0752239157582,311.0065521590441,309.2268726196884,307.7032450254401,306.40510425970797,305.3043526123997,304.3753914530724,303.5950810535214,302.9426829433552,302.39974331169157,301.94996678648766,301.5790599427113
0.0003787636992374937,653.7205368153296,652.8806074354602,650.3730814053428,646.2354958442501,640.5291833961152,633.337628267702,624.7642582576572,614.9297202929004,603.9688032501192,592.0272592131367,579.2583684567285,565.8195909563111,551.8694048922328,537.5641600198767,523.0553817801624,508.4873436489403,493.9949315835866,479.70198169518017,465.7199246068075,452.14692541621895,439.06727468077617,426.5512407061358,414.65515431985057,403.4218047557795,392.88112368936885,383.05098265186984,373.9382496373878,365.5398760990899,357.84410151505836,350.83169938714747,344.4772028030554,338.7501179825123,333.6160710276553,329.0379313114793,324.9767270708297,321.3926239904298,318.24564318155143,315.4963640451798,313.10648064065396,311.0392448533865,309.25982072229294,307.7355398605074,306.43607108582137,305.33351472394156,304.4024368055241,303.6198318629346,302.96506847016724,302.419775919073,301.9677212629956,301.5946559316023
0.0003837636992374937,651.1617975677176,650.3299284332057,647.8464476376469,643.7484569192397,638.0965786974019,630.9733356052154,622.480972780643,612.738766678537,601.8799891070954,590.0487702698831,577.3967050253588,564.0795451983174,550.2540769767775,536.0750110835329,521.6923169478821,507.24882226309,492.87810012544105,478.7028230864198,464.8334206240752,451.3672250520136,438.38786496726163,425.96511587811455,414.1549782439521,403.0000652883768,392.53027273018336,382.7635641764713,373.7070096786498,365.35785690336377,357.7047178900182,350.7287981525138,344.40510550365866,338.7036480687362,333.5905672809827,329.0292477678151,324.98122332133744,321.40714523607556,318.26749381562246,315.5232754564321,313.13657518091895,311.07099756486446,309.29202014411294,307.7672490036596,306.46658955286813,305.36234281658864,304.42924210385763,303.64441873365683,302.9873507192192,302.439752691938,301.9854561879405,301.61025935846965
0.00038876369923749373,648.5838216628739,647.760040692089,645.300688210772,641.2424299146954,635.645176968228,628.5904889897596,620.1794266041327,610.5298937240756,599.7736427732439,588.053179484545,575.5184105750185,562.3233769024665,548.6231697029845,534.5708575868415,520.3148507898327,505.99652789850165,491.7481456670314,477.6912094409213,463.9351436986016,450.5764439192767,437.6980725415559,425.36930790172954,413.6458156521436,402.57002850068216,392.1718017976473,382.4691868998712,373.4694518356126,365.17013670110964,357.5602227069466,350.62134443162927,344.32898197998395,338.6536435002655,333.56198443039597,329.01790390949003,324.9834410896893,321.41973321058003,318.28772058630744,315.5488378547134,313.1655626137975,311.1018540439202,309.323505319258,307.79839929881575,306.4966803820115,305.3908527237807,304.4558193224361,303.6688506284754,303.0095363322108,302.45967850683815,302.0031751147934,301.62587280055243
0.00039376369923749374,645.9892336821978,645.1735617316294,642.7383996069659,638.7199766774419,633.1774924316837,626.1915428552398,617.8620032154101,608.3054039635008,597.6519770824018,586.0426025805206,573.6254976798673,560.5529908278625,546.9784766994978,533.0533800129201,518.924549858536,504.7319135371156,490.6064090268373,476.6683717614102,463.02621819454953,449.7756036366251,436.9988207690611,424.7646468693896,413.12840872025754,402.1323542806646,391.80629429148564,382.1683636134552,373.22602416616286,364.97710461094664,357.41095179179445,350.5096262001844,344.2490775478114,338.6003118331183,333.5304968538114,329.00404517923715,324.9835007759947,321.4304868097598,318.30640407170205,315.57311634383547,313.19349508264503,311.1318556749436,309.3543087829457,307.82901607278296,306.5263630872986,305.41905932199256,304.4821796793336,303.6931359139986,303.0316314817726,302.4795578717288,302.02088130755817,301.6414986077682
0.00039876369923749376,643.3805070339347,642.5729583232644,640.1620288266536,636.1835116565337,630.6958947771002,623.7788106948083,615.5309494207047,606.0674681050699,595.5170784159508,584.0190346376617,571.7198644306496,558.7701836770483,545.3216901488507,531.5241641127935,517.5228927163059,503.45635087000454,489.45415632503943,475.635472780678,462.1077064200748,448.96566972335313,436.29098258015046,424.15191778263204,412.6034595369157,401.6876670787822,391.43430246279553,381.861579887088,372.9771510764249,364.779129321238,357.25722342659907,350.39391645743535,344.1656248139605,338.5438499025309,333.49626993914194,328.98780952568285,324.9815165698886,321.4394998125465,318.32362065804864,315.5961726126478,313.2204219637194,311.16104161172694,309.3844612810211,307.8591232234251,306.5556560463433,305.44697658716586,304.5083336812072,303.71728239619256,303.0536418994973,302.4993949479897,302.03857775799776,301.6571389161303
0.00040376369923749377,640.7599722894602,639.9605548034431,637.5738816324239,633.6353100334296,628.2026171336718,621.3544728378516,613.1883828887313,603.8181323083442,593.3709136844095,581.9843567539166,569.8033007564549,556.9766500625799,543.6544063881543,529.9847061339754,516.1112747897783,502.1711347799243,488.29258309985664,474.59361072078855,461.1806120414054,448.1475546828725,435.5753832395013,423.53186302548374,412.0716323002148,401.2365578480391,391.0563491178767,381.5492955571242,372.72323461304666,364.57656020616605,357.0993393080472,350.2744740449665,344.07884437183475,338.48444441064544,333.459460578214,328.96932781628465,324.97759679399053,321.4468611652195,318.3394427737989,315.61806512686064,313.2463900226541,311.189448904525,309.4139918726795,307.88874330235524,306.58457656661795,305.47461764763784,304.5342911653888,303.7412973537238,303.0755729022475,302.51919357109966,302.05626720181505,301.67279566035734
0.0004087636992374938,638.1298250233976,637.3385408918874,634.9761303021598,631.0775153678677,625.6997635688186,618.9205837631072,610.8362992439193,601.5593250264404,591.2153368915284,579.9403423082607,567.8774943677946,555.1739881159167,541.9781311738017,528.4364177351947,514.6910129328879,500.87748755453487,487.1228181764667,473.5438228262687,460.24588329160116,447.32212090067674,434.8528029488099,422.90518468897255,411.53355538217215,400.7795858672056,390.6729292194011,381.2319461247053,372.46465567751125,364.3697283743975,356.93758544807315,350.15154441587083,343.9889454547765,338.42227247848496,333.42021763060865,328.94872422506506,324.9718442263504,321.4526552482051,318.35393910928235,315.63884930904374,313.2714435612644,311.21711261924946,309.4429280268191,307.91789759249565,306.61314094763026,305.5019948337878,304.56006133937194,303.7651875692434,303.09742941684726,302.53895727004885,302.07395213385473,301.68847058572834
0.0004137636992374938,635.4921331886717,634.708979046041,632.3708209220943,628.5121467898302,623.1893161411355,616.4790789770582,608.4765787376544,599.2928634408833,589.0520953072066,577.8886628500752,565.9440363449096,553.3637047612359,540.2942846314421,526.8806306071374,513.2633497167592,499.57656284736044,485.94592730419936,472.48708868561766,459.3044159870255,446.49018336860377,434.1239792934663,422.27254675624533,410.9898232693371,400.317280454632,390.28451139145153,380.9099440700526,372.2017751674381,364.1589476546342,356.772233020188,350.0253603575149,343.8961265499298,338.3575021644994,333.37868235934997,328.9261165967584,324.9643564032293,321.4569621265615,318.3671748229088,315.6585777075598,313.2956245553069,311.2440659493021,309.4712957124344,307.94660618083515,306.64136453924823,305.5291197246093,304.5856528178573,303.7889593587455,303.11921600326014,302.5586892855694,302.09163482238625,301.7041652592271
0.0004187636992374938,632.8488440560106,632.0738113811453,629.7598802490018,625.9411057664331,620.6731415362387,614.0317814852705,606.1109925244132,597.0204595150285,586.882835274192,575.8308936388343,564.004426393996,551.5472206756181,538.6042059113839,525.3186008180476,511.82945746402856,498.2694494026758,484.7629165768791,471.4243333547332,458.35705636388263,445.6525122465616,433.3896095432258,421.6345771572596,410.4409983875365,399.85014257970136,389.8915393346265,380.58368008817445,371.9349350495879,363.9445155221297,356.60353915505243,349.89614267089286,343.80057597517043,338.2902929518525,333.3349888402731,328.90161678890445,324.95522590349583,321.45985778521435,318.3792117347806,315.6773001551573,313.31897278378403,311.2703403205292,309.49911948343845,307.97488802669704,306.66926179642564,305.55600319141035,304.61107365751826,303.8126185991231,303.14093687635193,302.57839258725926,302.1093173225274,301.719881080024
0.0004237636992374938,630.2017907457555,629.4348661837269,627.1451221690972,623.366182470954,618.1529973122367,611.5804078827678,603.7412085681444,594.743725690563,584.7091076721186,573.7685188566138,562.0600777927452,549.7258749558282,536.909157568439,523.7515129019558,510.3904420441133,496.95717455958743,483.57473565034826,470.3564302950766,457.40460374647495,444.8098352722501,432.6503528163413,420.99186970151044,409.8876128182778,399.378646378568,389.49443315705395,380.25352425109884,371.664459369016,363.72671397001614,356.4317476886009,349.76410080940553,343.7024724215186,338.2207962064968,333.28926434679494,328.87533099333757,324.94454061584764,321.4614143499447,318.3901085085456,315.6950639179025,313.3415259503512,311.2959654897494,309.52642255828107,308.0027610258131,306.6968463305633,305.5826554388284,304.6363313896347,303.8361707540394,303.16259592632923,302.5980698896717,302.1270014888642,301.73561928933566
0.00042876369923749384,627.5526983781616,626.7938640446134,624.5282537795564,620.7890617795777,615.6305377799383,609.1265740879803,601.3687972027312,592.4641802501103,582.5323730610093,571.7029365145708,560.1123220453023,547.9009295106953,535.2103296840704,522.1804837062349,508.947346444945,495.6407075496488,482.3822807703514,469.28420413862193,456.44781305812694,443.9628400287704,431.9068321160461,420.3449858967358,409.33016991386734,398.9032405804269,389.09359062680517,379.9198271014311,371.3906551985513,363.50581032905677,356.2570898658311,349.62943347972725,343.6019854633023,338.14915560795873,333.2416297117097,328.8473600384295,324.9323839899912,321.4617002950734,318.3999208222694,315.7119138350911,313.3633197973501,311.32096963728276,309.55322689470984,308.0302420704827,306.72413095773004,305.60908604333935,304.6614330507349,303.8596208982273,303.184196737942,302.61772366743895,302.14468898731946,301.7513809797059
0.00043376369923749385,624.9031898667341,624.152423635958,621.9108811169416,618.2113289198312,613.1073195413342,606.671800743249,598.9952363688615,590.183252367512,580.3540065249732,569.6354630732063,558.162413265473,546.0735731968889,533.5088437475699,520.6065660141123,507.50115413569984,494.32096260144107,481.18639762312233,468.20843329086904,455.48739718502554,443.1121760793858,431.15963624771416,419.6944566610431,408.7691458178622,398.4243498501581,388.6893883508467,379.5829206817335,371.1138135325097,363.2820580392049,356.0797850031662,349.4923292072531,343.4992760381959,338.07550755463393,333.19219966752814,328.8177996733618,324.9188352728451,321.4607806387244,318.4087015290564,315.72789245074165,313.38438821295904,311.3453794538791,309.57955325999524,308.0573471060762,306.75112774395234,305.63530398942527,304.6863852113795,303.8829737403179,303.2057426085306,302.6373561694911,302.16238130631893,301.7671671037416
0.00043876369923749386,622.2547913775454,621.5120671551568,619.294514555247,615.6344747931194,610.5848067083566,604.2175183033756,596.6219165481791,587.9022868659523,578.1753022354798,567.5673377949306,556.2115323057768,544.2449257147235,531.8057563118988,519.0307519567529,506.05279223410145,492.99880186466567,479.987884020206,467.12985238245835,454.5240292025547,442.25845697808893,430.40932162447456,419.0407839354075,408.2049908970308,397.94237605281114,388.28218288533543,379.2431195039247,370.83421012829615,363.05569737613246,355.9000411121148,349.3529668684571,343.39449689911703,337.9999815452737,333.14108316677533,328.7867408356137,324.9039697307565,321.45871712649034,318.4165008081001,315.7430401372271,313.4047633319182,311.3692202224195,309.60542129692294,308.08409118412675,306.7778480477656,305.66131770355736,304.71119400320777,303.9062336442972,303.2272365649935,302.65696943243194,302.18007976730064,301.7829784823432
0.0004437636992374939,619.6089374759559,618.8742254570279,616.6805738947548,613.0599009922843,608.0643758224555,601.7650718322726,594.2501454141963,585.6225487027472,575.9974777522852,565.4997268462054,554.260790648769,542.4160412795095,530.1020624387744,517.453976228539,504.6031344909644,491.67503816545633,478.787492428272,466.0491545792179,453.5583444730554,441.40226216404665,429.65641396853357,418.3844422030245,407.63813109058697,397.4576994450193,387.87231178173215,378.9007214626153,370.5521062992992,362.82695613567194,355.71805548676036,349.2115161923309,343.2877930398324,337.92270053823086,333.08838368357124,328.7542699027772,324.88785885865894,321.4555684042702,318.4233663067989,315.7573952115696,313.42447563025746,311.3925158947376,309.63084958583465,308.1104885122367,306.80430256021094,305.6871350861382,304.73586514436397,303.92940464968143,303.2486813797465,302.67656529312563,302.19778553461117,301.7988158124588
0.0004487636992374939,616.9669759807132,616.2402428941721,614.0703931614737,610.4889245336922,605.5473204941386,599.3157255264142,591.881152218128,583.3452271983349,573.8216780788689,563.4337271653702,552.3112340759271,540.5879120829103,528.3986989465917,515.8771191182483,503.1530041037779,490.3504376038137,477.58593235394113,464.96699375979927,452.59094262333406,440.54413874744296,428.90140991496355,417.7258799215567,407.0689691820612,396.97067979809043,387.46009457290563,378.55600869602654,370.26774966225184,362.59605027891837,355.53401525744414,349.06813823292543,343.1793020959926,337.8437812899223,333.0341994977215,328.720468929728,324.8705705770303,321.45139018099314,318.42934327452696,315.77099404488297,313.44355401442334,311.4152891638853,309.6558557029793,308.13655250101044,306.8305013424457,305.7127635415384,304.76040396340846,303.9524904904935,303.27007958573995,302.6961454005457,302.2154996248275,301.81467967439556
0.0004537636992374939,614.3301725440373,613.6113818840747,611.4652251355667,607.9227823220202,603.0348557803138,596.8706669825002,589.5160919265593,581.0714400258096,571.6489794880717,561.3703701111449,550.3638461283582,538.7614715577686,526.6965474738317,514.3010093679497,501.7031763703175,489.02572200331656,476.38387259295354,463.8839865694275,451.62238940966347,439.6846031937188,428.1447785242464,417.0655208738945,406.4978859988084,396.48165745718836,387.04583370310826,378.20924839788495,369.9813748420074,362.36318454054145,355.3480979128373,348.92298581487654,343.0691547231989,337.7633346738668,332.9786239624643,328.6854158721145,324.8521694174527,321.44623538189353,318.4344746886104,315.7838711654152,313.46202590517595,311.4375615321435,309.6804562754187,308.1622958082089,306.8564538611249,305.73821000635354,304.78481542181385,303.9754946131214,303.2914334905952,302.71571122693456,302.233222915542,301.83057053871454
0.0004587636992374939,611.7003509599888,610.9894590278266,608.8668651072572,605.3632348382655,600.5286948532886,594.4315508876863,587.1565511454135,578.8026978485987,569.4808106526255,559.3109981433914,548.4198805755702,536.9378839078461,524.996683215584,512.7266349412401,500.25455479686457,487.701713963627,475.1820589569529,462.8008065251504,450.65329076083896,438.8241986265801,427.3870048643334,416.40379670889854,405.92526423500044,395.99097041786274,386.6298264931564,377.8607009986376,369.69320892171515,362.12855596356997,355.16047353498345,348.77620492060805,342.9574754574919,337.6814662341439,332.9217458943216,328.6491849004844,324.83271681013673,321.4401544327641,318.4388015425816,315.79605954902365,313.4799175242569,311.45935358669914,309.70466723919293,308.18773057445026,306.8821691985563,305.76348113272996,304.80910427069637,303.9984203078394,303.312745285082,302.7352641558489,302.25095621575935,301.84648882173093
0.0004637636992374939,609.0780074122562,608.3749718127171,606.275814292906,602.8107891443242,598.0293522318691,591.998900169338,584.8030613879378,576.5395401357774,567.3177175723314,557.2561616098589,546.4798892884543,535.1176992120079,523.2996507973406,511.15453118184394,498.8076616207291,486.378918950846,473.9809767699793,461.71791584888405,449.684083324982,437.9633341890175,426.62846920747415,415.7410580226604,405.35142454146376,395.4989096095422,386.2123348138624,377.510600347492,369.40345907305016,361.89234662463673,354.9713008605327,348.62793281261435,342.8443820084051,337.5982760552958,332.86364964672566,328.6118464635399,324.81227103182334,321.4331950583563,318.4423625032595,315.8075901651347,313.49725336774077,311.4806844385878,309.7285032769009,308.21286788514465,306.9076555569331,305.7885828457002,304.8332746660931,304.0212703822842,303.334016771807,302.7548052610216,302.26870008880763,301.8624347459969
0.00046876369923749394,606.4641084469678,605.7688846623092,603.6930308157002,600.2663929461439,595.5377611953606,589.5736298256962,582.4565157248392,574.2828346269005,565.1605395319523,555.2066685480025,544.5446466197909,533.3016560710715,521.6061513969609,509.58536057297647,497.3631197560336,485.0579198254131,472.7811687302051,460.6358173195798,448.7152305334882,437.1024348362473,425.86955916975745,415.07765646399235,404.77668417039945,395.00575962421243,385.79361246257105,377.15917141028274,369.1123234575106,361.6547299417579,354.78073062937085,348.4782995966431,342.7299858461415,337.5138589042488,332.8044151317461,328.5734673680355,324.79088742322665,321.4254026539048,318.4451944167271,315.8184925801547,313.5140568648982,311.5015723976776,309.75197847616437,308.2377183880624,306.93292081889985,305.81352083796634,304.8573305951336,304.0440475206267,303.35524966203445,302.77433554729896,302.2864550447113,301.87840849156515
0.00047376369923749395,603.8596412324338,603.1721822625219,601.119491966522,597.731011351065,593.0548700806532,587.1566671096506,580.1178163482498,572.0334548621536,563.010118253542,553.1633261477771,542.614922979401,531.490486334932,519.9168769852922,508.0197743320799,495.9215392136558,483.7392853312157,471.58316261454763,459.55499837297657,447.74718039722717,436.24191032542836,425.11064764470325,414.4139296379862,404.2013471649175,394.5117927894988,385.3739019866759,376.8066289502334,368.81999108344246,361.4158712057566,354.5889064366522,348.3274291574381,342.61439307444226,337.4283049604271,332.74411837431813,328.53411115534834,324.76861860500924,321.41682036739394,318.44733228722305,315.8287948625575,313.53035023578786,311.52203480456257,309.7751061527565,308.2622921200036,306.9579723859935,305.8383004249925,304.88127575006126,304.0667541769059,303.37644548742867,302.7938558791003,302.304221483275,301.8944101514794
0.00047876369923749397,601.2655299945582,600.5857865295261,598.556112780888,595.205548059113,590.5815669851359,584.7488805031289,577.7878084248646,569.7922193514329,560.8672426423165,551.1268911811374,540.6914409086525,529.6848766494458,518.2324770735592,506.45838400726984,494.4834931389458,482.42355013400146,470.3874548656171,458.47591778669585,446.7803548566132,435.38214682487245,424.3520862982029,413.7501961518145,403.6257006602625,394.01726647020786,384.95343276799883,376.45317621398505,368.52664094494054,361.17592705229237,354.3959644431592,348.1754390341048,342.4977044153478,337.34169986874446,332.6828316039014,328.49383821118226,324.7455145917892,321.4074892092208,318.4488093774869,315.83852367149524,313.54615456742715,311.54208809466303,309.7978989036271,308.28659855004395,306.98281721350173,305.86292657282917,304.90511355026456,304.0893925923573,303.3976056136105,302.813366990978,302.3219997022801,301.91043973811776
0.000483763699237494,598.6826371530132,598.010557753749,596.0037472058646,592.6908465653419,588.1186810137061,582.3510810138864,575.4672814431374,567.5598929678637,558.732650218835,549.0980714615264,538.7748765534093,527.8854699280828,516.5535601683214,504.901762900757,493.04951919006834,481.11121614278204,469.1945118463493,457.39900686046553,445.81515088201485,434.5235079312851,423.5942065012111,413.08675646314174,403.05001564966165,393.52242375449134,384.5324216331089,376.0990054705884,368.2324424945274,360.9350458735314,354.20203373141726,348.0224407261121,342.38001547041364,337.2541249611519,332.62062344119533,328.4527059219584,324.72162292234503,321.39744815997085,318.449657297471,315.84770432943264,313.5614898729637,311.56174784620544,309.8203686456383,308.3106466106856,307.0074618354257,305.8874039180553,304.9288471581646,304.11196480804114,303.41873125017344,302.8328694955471,302.33978990375124,301.926497188135
0.000488763699237494,596.111766885734,595.4472981533113,593.463191620594,590.1876936261656,585.6669856705785,579.964025473807,573.1569724007677,565.3371900091358,556.6070300410945,547.0775286160114,536.8658622779849,526.0928678020246,514.8806960544903,503.350448183891,491.6201214863311,479.8027542946109,468.00477146603794,456.3246708895758,444.8519418018893,433.66633586065336,422.837320392035,412.4238938228134,402.4745478165697,393.02749418479794,384.11107349198255,375.7442985666194,367.9375561231202,360.6933682309477,354.00723665884055,347.8685399937895,342.26141697503766,337.165657470737,332.55755907741275,328.4107688241341,324.6969887833394,321.3867342724135,318.4499060880099,315.85636089045795,313.57637514719727,311.58102882515954,309.8425266517946,308.334444726963,307.0319123877896,305.91173678639404,304.9524794940471,304.134472676635,303.43982346004395,302.8523638909027,302.35759219982515,301.94258236709857
0.000493763699237494,593.5536685635818,592.8967552972804,590.9351882256414,587.6968225930669,583.2272021168644,577.5884197015466,570.8575688556245,563.1247771222202,554.4910254910117,545.0658807240666,534.9649891493114,524.3076329452811,513.2144179592857,501.80494289998916,490.19577245183154,478.498606242656,466.8186447178455,455.25329055799216,443.8910785585629,432.8109525744351,422.08172188114366,411.7618751667799,401.8995383223215,392.5326944498475,383.68958194275604,375.3892274519267,367.6421336146738,360.4510272463758,353.81168919227923,347.71383714298497,342.1419950393559,337.0763707344803,332.4937004440154,328.368078745539,324.6716551263891,321.3753827679748,318.4495842999271,315.8645162048406,313.590828419028,311.59994502766955,309.86438358543705,308.3580008439045,307.05617463062663,305.9359292102679,304.9760132500486,304.1569178735558,303.46088316831117,302.87185056762127,302.37540661829445,301.9586950738718
0.000498763699237494,591.0090398841744,590.3596252292928,588.420428136269,585.2189164560804,580.8000021459438,575.2249213929641,568.5697117162215,560.9232759809021,552.3852368282036,543.0637047390311,533.0728092197404,522.530291214656,511.555224547223,500.2657178140746,488.7769145213503,477.19918592112913,465.63651710690806,454.1852232348219,442.9328908790955,431.9576608315125,421.3276875913763,411.1009519520449,401.32521454547623,392.0382290350732,383.2681298408976,375.0339546750021,367.34631857497345,360.20814897114013,353.61550122403276,347.55842729410756,342.02183137602435,336.986334385036,332.42910637329595,328.3246849391017,324.64566277883364,321.3634271280123,318.4487190688661,315.8721919800883,313.60486680104793,311.61850972016225,309.8859495325569,308.3813224524754,307.0802539687445,305.95998494537776,304.9994509033642,304.17930190746335,303.4819111705695,302.89132981537745,302.39323310785085,301.9748350447636
0.000503763699237494,588.4785297434136,587.8365553299736,585.91955421777,582.7546106346688,578.3860109134852,572.8741427751985,566.2939978063393,558.7332657492004,550.2902235423511,541.0715387215265,531.1898376355742,520.7613336293438,509.90358176852544,498.7332131295116,487.3639617261248,475.90488100244437,464.45874998228487,453.1208041854421,441.9776883707796,431.10674517389896,420.57547774018093,410.4413609421025,400.7517907773297,391.54429083517704,382.8468898357575,374.67863385037134,367.05024683651965,359.9648527348313,353.418776870604,347.4024006365876,341.90100351572755,336.89561453222376,332.36383275036627,328.2806342094283,324.6190505485793,321.3508991801983,318.4473361861026,315.87940883871005,313.6185065364439,311.63673547727126,309.9072340323403,308.4044166140945,307.1041554713454,305.9839074863644,305.0227947287235,304.20162613018374,303.50290814080074,302.91080182920064,302.41107154304603,301.99100195745814
0.000508763699237494,585.9627408911284,585.3281469643415,583.4331637083682,580.3044955603854,575.9858094650025,570.5366530653994,564.0309822426007,556.5552853670249,548.2065065378506,539.089883915753,529.3165545993974,519.00121821538,508.25992458338976,497.2078400912877,485.95730117671735,474.61605426147395,463.2856817854766,452.0603477080808,441.02576155035564,430.258472853788,419.82533697017965,409.7833249470556,400.1794688778553,391.0510617322818,382.4260248773374,374.3234101003113,366.75404684137663,359.7212514752481,353.22161475542225,347.24584266975205,341.77958501122544,336.80427393488964,332.29793265708986,328.2359710326694,324.59185532337756,321.3378291803062,318.4454601655725,315.88618637288107,313.6317630433736,311.6546342177059,309.92824610604964,308.4272899838097,307.1278838905676,306.0077000816069,305.04604681017975,304.2238917460869,303.5238746388261,302.93026671539155,302.428921728987,302.00719543473843
0.0005137636992374941,583.4622324054687,582.8349579486571,580.9618106636143,577.869119084392,573.5999370928396,568.2129807645578,561.7811806537752,554.3898356849869,546.1345701756742,537.119206691513,527.4534072069531,517.2503717335975,506.6246585787229,495.68998249061076,484.55729445581983,473.3330448580454,462.1176292251125,451.0041482040608,440.0773828139184,429.41309470783085,419.0774951330019,409.1270535225467,399.60843889551154,390.5587131425302,382.00568869563176,373.96842047283906,366.4578400035854,359.4774520508223,353.02410827662146,347.0888344310077,341.6576456306698,336.71237216373873,332.2314565084516,328.1907376700823,324.564112164869,321.324245889671,318.4431143073427,315.89254319619135,313.64465095696187,311.67221723818676,309.948994284339,308.44994883221017,307.15144367901325,306.03136574721003,305.0692090522522,304.24609982095023,303.5448111173523,302.9497244971199,302.4467834057813,302.02341504801393
0.0005187636992374941,580.9775220107605,580.3575048612989,578.5060082464918,575.4489887334375,571.22889354537,565.9036158082133,559.5450712624183,552.2373814676732,544.0748641903632,535.1599403684467,525.6008111735865,515.5091913046587,504.9981614895069,494.17999808162443,483.16427893051764,472.05616954602016,460.9548883850558,449.9524811879702,439.1328073528935,428.5708459832402,418.33216803029944,408.47274363081436,399.0388796537127,390.0674065334838,381.5860262545194,373.613794337625,366.16174105252327,359.233555536679,352.82634586083196,346.93145271212916,341.53525154085423,336.6199657556894,332.1644521818207,328.144974275664,324.5358543977046,321.31017664858075,318.440320757731,315.8984969926496,313.6571841690562,311.6894952455601,309.96948663309604,308.47239906615056,307.17483900632067,306.0549072802275,305.0922831904573,304.2682512903391,303.5657179286337,302.9691751197203,302.46465625274556,302.03966032066586
0.0005237636992374941,578.5090882568774,577.896265215634,576.0662308809368,573.0445738315808,568.8731411051186,563.609011590036,557.3230968440203,550.0983532796515,542.0278054954517,533.2124869347608,523.7591524615056,513.7780459413897,503.38078463400956,492.67821991849587,481.7785689913527,470.78572381543535,459.7977357716205,448.90560424273286,438.19227402040576,427.73194711945905,417.58955811515887,407.82058026663515,398.4709593063212,389.5772939143328,381.16717418191126,373.2596537612785,365.8658583584339,358.9896575053632,352.62841120385264,346.7737702643789,341.41246548100526,336.5271083602556,332.0969651395291,328.0987189982055,324.507113694032,321.2956474458359,318.4371005662734,315.9040645631033,313.6693758658745,311.70647838719924,309.98973077789674,308.4946462483564,307.1980737748389,306.0783272711654,305.1152708012695,304.2903469675309,303.58659533077576,302.9886184557049,302.4825398923929,302.05593073121713
0.0005287636992374941,576.0573725738657,575.4516795085569,573.6429162822606,570.656307500836,566.5331065485691,561.3295868705343,555.1156665753259,547.9731492652078,539.9937798876097,531.2772186700039,521.9287888166607,512.0572779964615,501.77285427015113,491.18495761946576,480.4004572240945,469.52198297297406,458.6464293045656,447.8637579236903,437.2560061516483,426.89660448854363,416.8498551566536,407.17073705052456,397.904835864212,389.08851830067687,380.7492611776625,372.90611386329203,365.5702942412211,358.74584829316245,352.4303834989902,346.6158559931219,341.2893469276705,336.43385087842387,332.02903854515404,328.0520080780909,324.4779201536184,321.2806829847008,318.43347373972205,315.90926186922485,313.68123856366725,311.7231762797923,310.0097339271541,308.5166956159765,307.2211516344553,306.1016281158089,305.13817331153894,304.31238755101094,303.6074434936978,303.008054309508,302.50043389420904,302.0722257163403
0.0005337636992374941,573.62278121271,573.0241531555359,571.2364673751722,568.2845885512119,564.2091829978176,559.0657275806697,552.9231577811579,545.8621368306518,537.9731436578115,529.3544796796334,520.1100512224134,510.34720453201567,500.1746728790521,489.7004985633353,479.03021551915833,468.2652031651997,457.5012092558272,446.8271666152146,436.3242123413612,426.06501109699917,416.11323686993353,406.5233767912928,397.3406576947259,388.6012141554534,380.33240840061114,372.5532831538145,365.2751452635099,358.502213252879,352.2323376537905,346.45777514255,341.16595225122444,336.3402415944621,331.9607133738697,328.0048759391466,324.4483023798603,321.2653067454548,318.42945929324424,315.91410407520624,313.6927841425091,311.7395980366099,310.0295028940364,308.5385520981435,307.2440759966271,306.12481202641084,305.16099200740234,304.33437363156287,303.6282625047761,303.0274824219783,302.5183377782314,302.08854467371
0.0005387636992374941,571.2056870811888,570.6140583210824,568.8472541082072,565.9297832687728,561.9017316724601,556.8177885284612,550.7459175874826,543.7656542365451,535.9662251164644,527.4445873478697,518.3032452760385,508.6481186168188,498.58652038089235,488.22510902307397,477.66809612292604,467.01562234839616,456.36229913943987,445.7960393429371,435.3970871811669,425.23734725150064,415.3798695139968,405.87865201983345,396.7785639956595,388.11550780744375,379.91672983597925,372.2012638543218,364.9805025088925,358.25883299383895,352.03434449583335,346.2995894710838,341.04233486447026,336.24632630106254,331.89202851720825,327.95735527582275,324.4182875519159,321.2495410447393,318.4250752989848,315.91860558729184,313.7040238783279,311.75575229334095,310.0490441172271,308.5602203325992,307.26685004766114,306.14788104227875,305.1837280427129,304.3563056989791,303.64905237418446,303.0469024746331,302.5362510184403,302.1048869647086
0.0005437636992374941,568.806431482403,568.221735652193,566.4756151720287,563.592227109046,559.6110835488433,554.5860950154761,548.5842644873323,541.6840121061505,533.9733260384581,525.5478337144383,516.508652493291,506.9602905558029,497.00865528756424,486.75903524065916,476.3143326347182,465.77346120841554,455.22990655571886,444.7705705443532,434.4748119592285,424.4137811906912,414.64990845908557,405.2367054958601,396.2186852452905,387.6315178486691,379.50233264427993,371.850152202172,364.68645184620976,358.0157836098651,351.83647096821085,346.141357417982,340.9185453637874,336.1521484181978,331.8230208825453,327.90947713597126,324.38790149318163,321.2334070918804,318.4203389321411,315.92278009127483,313.7149684732724,311.77164723257897,310.0683636805917,308.5817046814402,307.28947676128655,306.1708370397961,305.2063824470191,304.37818414840996,303.66981303995055,303.06631409368754,302.55417304597404,302.1212519169953
0.0005487636992374941,566.4253257625592,565.8474959213241,564.1218596280862,561.2722263021413,557.3375409328869,552.3709443692131,546.4384898253602,539.6174948556194,531.9947230333665,523.6644867801365,514.7265315456576,505.2839690562947,495.44131579610143,485.3025044468151,474.96914095277754,464.5389240335946,454.104223992475,443.7509408003007,433.55755532447046,423.59446968505887,413.923498725482,404.5976706891589,395.6611436298208,387.14935551188444,379.08931749278173,371.5000387399589,364.3930741806556,357.77313689589425,351.63878031527224,345.98313426165134,340.79463166324126,336.05774910604197,331.7537254876059,327.8612709994687,324.35716873631605,321.2169250423606,318.4152665146915,315.92664058807145,313.7256280845117,311.78729060703427,310.0874673318146,308.6030092460317,307.3119589105597,306.1936817419077,305.22895613311533,304.400009286375,303.69054437274247,303.0857168538711,302.57210325217625,302.13763882694263
0.0005537636992374942,564.0626528738243,563.4916215846961,561.7862684533675,558.9700593752243,555.0813789519802,550.1726073967134,544.308859206164,537.5663620508311,530.0306688454757,521.7947917456326,512.957119434441,503.6193823348034,493.8847208264792,483.85572582897044,473.63272017231003,463.3121995435207,452.98542958579174,442.73731752959867,432.64547391742,422.7795586067314,413.2007754953429,403.96167223680897,395.1060534495172,386.66912502929404,378.6777788705108,371.1510085905139,364.10044569244195,357.5309605538692,351.4413322591738,345.82497227011805,340.6706391220477,335.96316737228716,331.68417555026963,327.8127648529151,324.326112585007,321.20011404859713,318.4098735569093,315.9301994274822,313.7360123515569,311.8026897615461,310.10636050006406,308.6241378811383,307.33429907913927,306.21641672710194,305.2514499041917,304.4217813364527,303.71124618040176,303.10511028204365,302.59004099148603,302.15404696195066
0.0005587636992374942,561.7186688574733,561.1543682611291,559.4690960063966,556.6859785974023,552.8428469708992,547.991329764198,542.1956138310056,535.5308496953174,528.0813935878583,519.9389721875009,511.200632605436,501.96673916788853,492.33907100705954,482.41889145046275,472.3052534383711,462.0934616762018,451.8736878426878,441.72985564895043,431.73871296956315,421.96918347088945,412.4818645990897,403.3288263777164,394.5535215047363,386.19092397353006,378.26780538770214,370.8031417183505,363.80863806370843,357.28931838849695,351.2441831677411,345.6669208440926,340.54661066575653,335.8684401741636,331.61440257393315,327.7639852606254,324.294755172659,321.1829923081775,318.4041747967853,315.93346834023976,313.74613042218635,311.81785165396053,310.1250483127402,308.6450942083155,307.35649967196775,306.23904343791617,305.27386446060234,304.4435004446683,303.73191821223577,303.1244938606216,302.60798558417787,302.1704755626429
0.0005637636992374942,559.3936042520647,558.8359661361305,557.1705714191497,554.4202113516255,550.6221699362371,545.8273333070963,540.0989717671416,533.5111714533141,526.1471059143498,518.0972311751399,509.4572680076408,500.32622989033223,490.8045496106878,480.99217712377754,470.98690875616705,460.8828703359931,450.76915032781267,440.72869820006105,430.83740687297677,421.16346995037645,411.76688297776263,402.69924136571467,394.0036474629421,385.7148435818699,377.85948006055287,370.4565131782916,363.5177186943191,357.0482704934253,351.0473862141165,345.509026653031,340.4225869014977,335.7736025154528,331.5444364286724,327.7149574321172,324.26311751817383,321.1655771096924,318.39818423747425,315.9364584684406,313.7559909770524,311.8327828749377,310.14353561135647,308.6658816286026,307.3785629253912,306.2615631889939,305.2962004062752,304.46516668459566,303.75256016308373,303.1438670308243,302.6259363189603,302.1869238449521
0.0005687636992374942,557.0876654309732,556.5366212955505,554.8908999191622,552.1729614378064,548.419549653463,543.6808172744658,538.0191291536246,531.50751981165,524.2279941329655,516.2697523319378,507.72720409917457,498.6980273435918,489.2813234442178,479.5757432403975,469.67783976114913,459.68057210446653,449.67195631617034,439.7339769457793,429.94167972187125,420.3625343649774,411.05593912265573,402.07301786240026,393.4565242077499,385.2409690646016,377.45288058207205,370.11119335197327,363.227750907147,356.80787342835623,350.85099152863677,345.3513337645715,340.29860622761123,335.67868753876553,331.47430542843404,327.6657052862855,324.2312195789794,321.1478848762965,318.3919151828746,315.9391803944479,313.76560225304246,311.84748966674874,310.1618269666036,308.68650333455616,307.4004909167495,306.28397717471523,305.31845825478297,304.48678006218836,303.7731716771676,303.16322919575066,302.6438924554411,302.20339100210015
0.0005737636992374942,554.8010358732679,554.2565169927781,552.6302640857673,549.9444103110361,546.2351660004025,541.5519595114903,535.956261347143,529.5200671838973,522.3242272640327,514.4567008437921,506.01060180333786,497.08228777729084,487.7695436940404,478.16973555965683,468.37818645111173,458.48670091625314,448.5822334137279,438.7458129369535,429.05164582757175,419.56648414673896,410.34913349346084,401.450249310798,392.91223817096517,384.76937989838837,377.0480795797761,369.7672481728754,362.9387941434097,356.5681803875808,350.6550463433555,345.19388376770144,340.1747049379612,335.5837266133381,331.40403640446937,327.61625151244255,324.1990803014588,321.12993120712173,318.3853802714419,315.94164416834906,313.77497206546263,311.8619779411155,310.1799266926405,308.7069623216609,307.42228557346556,306.3062864764287,305.3406384350926,304.50834052035606,303.79375235174047,303.182579723295,302.66185322646436,302.21987620647894
0.0005787636992374942,552.533877371624,551.9958148531612,550.3888250441091,547.7347182584853,544.0691780806509,539.4409175834732,533.9105240112023,527.5489669599604,520.4359560460739,512.6582244178696,504.30760541754137,495.4791517063118,486.26934673001335,476.7742859588262,467.08807588235516,457.30137870175486,447.5000981476428,437.76431705157813,428.1674102083662,418.77541828261576,409.64655891607026,400.83102229087905,392.37086964852324,384.30015010543315,376.64514486092594,369.4247393404885,362.6509041485843,356.32924136039145,350.45959512960235,345.03671588998793,340.0509173212185,335.48874941858674,331.3336547752107,327.56661762839144,324.16671766891693,321.11173091665813,318.3785915083325,315.94385933404817,313.7841078291087,311.87625329614826,310.19783886065403,308.7272613991511,307.4439486816618,306.3284920693015,305.3627412970125,304.52984794329876,303.81430174054196,303.20191794891076,302.6798178403285,302.23637861143527
0.0005837636992374942,550.2863311806974,549.75465601906,548.166723600315,545.5440255183248,541.9217253201844,537.3478298445035,531.8820541517216,525.5943545040611,518.5633138922681,510.87445419429685,502.61834347764994,493.88874472588384,484.7808548700299,475.38951314651337,465.8076228318389,456.12471599849687,446.425656527731,436.7895905077089,427.289069055555,417.9894277356477,408.948300961117,400.21541685789356,391.8324931011821,383.8333485191914,376.2441396459676,369.0837245241903,362.3641331493985,356.0911032838,350.2646797289455,344.87986710918545,339.92727575537623,335.3937840236441,331.26318461277987,327.5168240356909,324.13414874721695,321.0932980722107,318.3715602959669,315.94583495406397,313.7930165782834,311.8903210324279,310.2155673117287,308.74740320027496,307.46548189432815,306.3505948288122,305.3847671163522,304.5513021606122,303.8348193570728,303.2212431782293,302.69778548288923,302.25289735296724
0.0005887636992374943,548.0585191091543,547.5331622387259,545.9640813209841,543.3724533437735,539.7929285102125,535.2728164537568,529.8709711019135,523.6563481038788,516.7064178001314,509.10550561329126,500.94292958011596,492.3111782868999,483.3041771073181,474.01552334132447,464.5369304271294,454.9568125327822,445.3590045806963,435.82172535152915,426.4167101769584,417.20859584579705,408.2544383042649,399.60350686441814,391.2971774407662,383.3690390373374,375.84512279078837,368.744257557369,362.078530022364,355.8538101879632,350.0703394779032,344.72337225951475,339.80381079774975,335.2988569630892,331.19264870630565,327.4668900722596,324.1013897282107,321.07464602953524,318.36429746309614,315.94757963310553,313.80170498581685,311.90418616828003,310.2331156690616,308.7673901920329,307.48688673906724,306.3725955369041,305.4067160998111,304.57270295117706,303.85530467769615,303.2405546895426,302.7157553195549,302.2694315513352
0.0005937636992374943,545.8505445583419,545.3314369019752,543.7810015599413,541.2201050151798,537.6828907991181,533.2159803422028,527.8773774591282,521.7350498734247,514.8653692168865,507.3514792400867,499.28146316412773,490.74655043356074,481.83940980243267,472.65241091761374,463.27609074583165,453.79775777320435,444.3002288585476,434.860804921869,425.550413419059,416.43299871150776,407.56504306919953,398.99536026696717,390.76498630271385,382.9072808626451,375.4481489983737,368.40638862229986,361.7941404542912,355.61740333469425,349.87661132672747,344.5672641328898,339.68055127069437,335.2039933090685,331.12206862221706,327.4168340624588,324.0684559710769,321.0557874667485,318.35681329245193,315.94910154048847,313.81017938114456,311.91785345428326,310.2504873495594,308.7872246844164,307.508164625439,306.39449488781673,305.4285883896099,304.59405004684317,303.87575714457626,303.2598517361559,302.7337264971791,302.2859803125902
0.0005987636992374943,543.6624935103947,543.1495660254482,541.6175704350176,539.0870668028573,535.5916986361492,531.1774081323122,525.9013599761752,519.8305466120729,513.0402548628368,505.61246154985434,497.63403025586,489.1949465053069,480.3866373417791,471.3002590200332,462.02518538609377,452.6476314574819,443.24940692254347,433.90690429239834,424.69025106888546,415.6627055529832,406.88018115421374,398.3910394179653,390.2359783056339,382.4481287324082,375.0532690204083,368.07016442625195,361.51100709519807,355.3819213494176,349.6835299525676,344.4115735753539,339.5575243432629,335.10921673999655,331.0514647616689,327.3666733647855,324.0353620416792,321.0367344166032,318.34911754705337,315.950408431454,313.81844576749074,311.93132738705356,310.26768557484934,308.8069088391749,307.52931685192544,306.41629349361347,305.4503840678798,304.61534313591915,303.89617616846226,303.2791335486177,302.75169814585513,302.30254273002754
0.0006037636992374943,541.4944354683969,540.9876191900665,539.4738577574471,536.9734088832264,533.5194226693623,529.1571710132016,523.9429904094795,517.9429106220142,511.23114751491744,503.88852567469127,496.00070417678705,487.6564398048881,478.945932764398,469.9591401484961,460.78428600967476,451.50650409398895,442.2066078039261,432.96009069264096,423.83628823667976,414.8977790581231,406.1999125432309,397.79060134382985,389.71020729853745,381.9916331369851,374.6605298493367,367.73562836927294,361.2291697040027,355.14740034690044,349.49112786729876,344.25632957896994,339.4347556090122,335.01454960600995,330.98085641524824,327.31642441729923,324.0021217500437,321.01749829721365,318.3412194952419,315.9515076674478,313.8265098382061,311.94461222234156,310.2847133817356,308.82644467813697,307.55034461253683,306.4379918894217,305.4721031608192,304.6365818664782,303.9165611313249,303.2983993368327,302.769669380619,302.31911788556584
0.0006087636992374943,539.3464243510633,538.8456504331409,537.349917916314,534.8791862106596,531.4661186001662,527.1553255734979,522.0023263262882,516.0722004862691,509.4381067524693,502.17973211462026,494.3815462178986,486.1310922343031,477.5173583586377,468.62911671506595,459.5534548589827,450.37443743927685,441.1718924426294,432.0204239088938,422.9885832203283,414.13827571200204,405.52429160205713,397.19409800987285,389.18772259637234,381.53784052802195,374.26997490136824,367.4028207040747,360.94866528736577,354.913874051079,349.29943552028953,344.10155936939685,339.3122691601526,334.92001299134216,330.9102618151005,327.2661027808979,323.9687481860551,320.99808994131064,318.3331279345096,315.9524062354134,313.8343769923027,311.95771198748014,310.30157363213004,308.84583409110644,307.5712490030772,306.45959053839977,305.4937456426345,304.6577658494899,303.9369113888547,303.3176482920641,302.7876393030635,302.33570485105656
0.0006137636992374943,537.2184993442554,536.723699097441,535.2457907203387,532.8044393472867,529.4318279966776,525.1719145940818,520.0794118730107,514.2184618092656,507.661179667154,500.4861294144332,492.7766062815564,484.61895490024517,476.1009662302445,467.3102415742005,458.3327452494027,449.25148495280644,440.14531410507976,431.0879566660687,422.14718785248084,413.3842461107247,404.8533673606121,396.6015765726871,388.6685692044507,381.08679351687533,373.881644190884,367.0717786884193,360.66952823202803,354.6813739092769,349.1084813963615,343.94728848936893,339.19008765822855,334.8256267737741,330.8396981846056,327.21572318055365,323.9352537534613,320.97851962410266,318.324851214183,315.95311076615,313.8420523492289,311.9706304932147,310.3182690224854,308.8650788433584,307.59203102708784,306.481089836445,305.5153114392725,304.6788946617859,303.95722627282817,303.33687958883115,302.80560700286935,302.3523026895275
0.0006187636992374943,535.110685711512,534.6217906394008,533.1615021991571,530.749195252882,527.4165790679648,523.206967802731,518.174278506659,512.3817279218736,505.9004015388251,498.8077548081029,491.1859234926228,483.1200686905928,474.6967988433132,466.0025585276936,457.12220203816275,448.13769223003754,439.1269187821425,430.16273499141823,421.3121478312294,412.63573526044274,404.1871837818404,396.0130796206457,388.15278803232707,380.63853106372494,373.4955744966751,366.7425367303788,360.3917904309698,354.4499292010957,348.91829210918365,343.79354087828557,339.0682324015018,334.73140968130895,330.76918178572924,327.1652995446116,323.90165020227346,320.9587970898133,318.31639725702144,315.95362755178473,313.84954076292246,311.9833713449499,310.3348020927557,308.88418058275477,307.6126916014849,306.50249011665755,305.5368004319565,304.6999678488689,303.977505093348,303.35609238670645,302.8235715592568,302.36891045636395
0.0006237636992374943,533.0229955656499,532.5399373985088,531.0970653661249,528.7134680368354,525.4203874011453,521.260502592576,516.2869456912326,510.56202055267727,504.1557964790596,497.14463483238825,489.6095267804033,481.63446482339685,473.30488953546,464.7061028055841,455.92186207091277,447.03309741496383,438.1167455682098,429.24479856105245,420.4835030351688,411.89278286227466,403.52578001797133,395.42864540310876,387.6404160976532,380.19308865784234,373.11179952042176,366.41512652682843,360.11548140369973,354.21956714224604,348.7288924903291,343.6403389481042,338.94672338920407,334.637379346209,330.69872796416547,327.11484504224853,323.86794865964066,320.93893157696294,318.3077735797848,315.9539625624024,313.85684683518014,311.99593795344134,310.35117523490936,308.9031408464993,307.6332315619077,306.5237916535713,305.55821246053756,304.72098492757357,303.9977471409653,303.37528583201873,302.84153204236145,302.38552720042867
0.0006287636992374944,530.9554286033726,530.4781393298138,529.0524809445624,526.6972596740968,523.4432566631841,519.3325247061704,514.4174215607998,508.7593504671665,502.42737804396165,495.4967859111679,488.0474354328554,480.16216536973366,471.92526300849914,463.42090152422725,454.73175460712633,445.93773159311166,437.11482702236594,428.33418103010104,419.66128782361477,411.1554235838297,402.8691906547532,394.8483080488961,387.13148672050727,379.7504984894527,372.7303500377948,366.089577195502,359.8406284109633,353.99031298356607,348.5403056742075,343.48770365572017,338.8255793828136,334.54355235652645,330.62835119237974,327.0643721191837,323.83415965927855,320.91893184245674,318.29898731282333,315.9541214618773,313.8639749283772,312.00833354496194,310.367390701018,308.92196106755034,307.6536516677917,306.54499466716476,305.5795473266676,304.74194538858524,304.0179516886889,303.39445905946513,302.85948751453856,302.4021519651254
0.0006337636992374944,528.907972804719,528.4363847013734,527.0277380592481,524.7005606868736,521.485179269139,517.423028886877,512.565703550918,506.97371807643617,500.71514981775846,493.8642149119512,486.49965962443804,478.70318375171826,470.5579357958378,462.1469741226603,453.5519017253722,444.85161916597224,436.12118951251716,427.43091034733106,418.84553132271327,410.4236873179964,402.21744594425695,394.27209777455687,386.62602970866624,379.31078961360265,372.3512540425456,365.76591540093233,359.56725656414625,353.76219010546697,348.35255317907877,343.3356545720066,338.70481796450275,334.4499443052523,330.5580651106582,327.01389253172965,323.80029316952124,320.89880618454055,318.29004521873804,315.9541096229469,313.87092917757144,312.02056117096856,310.38345061094145,308.94064258070983,307.67395260718183,306.5660993266622,305.60080479680653,304.76284869882517,304.0381179938865,303.41361119363836,302.87743703159924,302.41878378940845
0.0006387636992374944,526.8806050990767,526.4146507583686,525.0228148948706,522.7233507937675,519.5461370185042,515.5319994991755,510.7317789999533,505.20511401689123,499.01910596862507,492.246919675935,484.9662009188962,477.2575252168985,469.20291670773247,460.88433277832837,452.38231870944696,443.7747782077791,435.135853543324,426.53500905498225,418.03625769813414,409.69759942962185,401.57057202680846,393.70004108293494,386.1240715342641,378.8739881064288,371.9745368839247,365.4441654745717,359.2953889296317,353.535220108028,348.16565498433783,343.18420994767837,338.5844555928957,334.3565698371998,330.48788256626034,326.96341737926315,323.7663586200671,320.878562464679,318.28095371015894,315.95393214156417,313.87771350202127,312.0326237172953,310.39935695963135,308.9591866284036,307.6941350012971,306.5871057541378,305.62198460506966,304.7836943037084,304.0582453000851,303.4327413504721,302.8953796439808,302.4354217087394
0.0006437636992374944,524.8732919993989,524.4129043555106,523.037679323052,520.7655995279405,517.6261017012106,513.659411119413,508.91562572176974,503.45351970237584,497.3392317780958,490.64488952289776,483.44705274820853,475.82518729018693,467.8602072554917,459.63298280318145,451.2230144163035,442.70722080549336,434.1588340687273,425.64649457454334,417.23348641500354,408.97718099067094,400.9285911425811,393.132160952504,385.6256355022584,378.4401172141927,371.6002213977565,365.12434952937747,359.0250466283574,353.30942289695327,347.9796296042525,343.0333867761342,338.4645076562671,334.2634426937334,330.41781565076775,326.9129571351963,323.7323649274808,320.858208128411,318.27171886668407,315.95359385056764,313.88433161614853,312.0445239128966,310.4151116240709,308.9775943661706,307.7141994088621,306.6080140279297,305.64308645592416,304.80448162928076,304.0783328386744,303.45184863860925,302.9133143978565,302.45206475599537
0.0006487636992374944,522.8859902061669,522.4311025592858,521.0722894994726,518.8272668258159,515.7250356747575,511.8052290984319,507.11721255117965,501.7189078500679,495.6755041453472,489.05810573215837,481.94220086885565,474.4061602044212,466.5298020556471,458.3929230210956,450.07399162666127,441.64895338281497,433.1901407898169,424.7653794791521,416.43723248569586,408.26244900442737,400.291521833349,392.56847701791946,385.1307419110988,378.0091974954368,371.2283280314746,364.80648756913035,358.75624893080357,353.0848167655896,347.794494158327,342.8832008534236,338.34498852330563,334.1705757554482,330.3478757357179,326.8625216765184,323.69832051951425,320.8377502252315,318.2623464510217,315.95309933269994,313.8907870399729,312.05626433816354,310.4307163698706,308.9958668678736,307.73414633021446,306.6288241858773,305.66411002674306,304.82521008424123,304.09837983051784,303.4709321606964,302.9312403361851,302.4687119623297
0.0006537636992374944,520.9186471825618,520.4691932214935,519.1265944325419,516.9083035877399,513.8428924138726,509.96941009743733,505.33649986347245,500.00124298140616,494.0278920675669,487.48654200075424,480.4516237965069,473.0004273105884,465.21168921506444,457.16414612752453,448.93524737913657,440.5999770089909,432.2297784387513,423.8916717532662,415.6475067060713,407.5534166192631,399.65937913487727,392.009005742211,384.63940820597605,377.5812469565893,370.8588749634104,364.490597592738,358.4890133476337,352.8614184731965,347.6102644384521,342.7336668354774,338.22591159156104,334.0779810828987,330.2780735066051,326.8121203119806,323.66423335830314,320.8171954275486,318.25284192437454,315.95245293300815,313.8970831090448,312.06784743283345,310.44617285753606,309.0140051306473,307.75397621120146,306.6495362283874,305.6850549702218,304.84587906185504,304.1183854874769,303.48999101460805,302.9491564997052,302.48536235798827
0.0006587636992374944,518.9712017022317,518.5271155254584,517.2005345249821,515.0086522119509,511.97961703402086,508.15190259839034,503.57344006927093,498.30048189925293,492.39635709756067,485.9301648799372,478.9752932201651,471.6079654686906,463.90585069790905,455.94663903223386,447.806773288685,439.56028769315316,431.2777470494008,423.02537504021643,414.86431588071406,406.85009333247933,399.03217476039686,391.45376058101635,384.1516491250052,377.15628118133355,370.49187821660985,364.17669569376545,358.22335571619413,352.63924331964586,347.4269549729969,342.58479829273256,338.1072893336841,333.9856699554703,330.2084189953279,326.7617618089871,323.6301109624943,320.7965500487596,318.2432104611029,315.9516587706582,313.90322298390123,312.0792755035145,310.461482648425,309.0320100795958,307.77368944687515,306.6701501213393,305.7059209166672,304.8664879417634,304.13834901385184,303.5090242946049,302.967061927876,302.5020149730821
0.0006637636992374945,517.043584370965,516.6048005062275,515.2940420896255,513.1282471031365,510.1351467900146,506.35264739014553,501.8279780858928,496.6165741424298,490.78085377968563,484.388934191024,477.51317439675194,470.22874542018155,462.6122626753379,454.7403831859307,446.68855585010874,438.529876664879,430.3340422153484,422.1664888782228,414.08766303769846,406.1524851846929,398.40991727559236,390.9027521392377,383.66747683868186,376.7343134540397,370.12735176743723,363.8647961554178,357.9592902830708,352.4183052167226,347.24457908798786,342.4366077622761,337.98913334156634,333.8936529084832,330.1389216111569,326.7114544192559,323.59596042835403,320.77582006049033,318.2334569627022,315.9507207501882,313.9092096590681,312.0905507308431,310.4766472104085,309.0498825722526,307.79328638499726,306.6906657988379,305.7267074761626,304.88703609169454,304.1582696077435,303.5280310924282,302.98495565976674,302.5186688383203
0.0006687636992374945,515.1357181235132,514.7021715459892,513.4070418406509,511.26701515678735,508.3094115509118,504.57157803149244,500.10005178634106,494.9494624187041,489.18133006514546,482.8628034215869,476.06522652706695,468.8627321428497,461.33089585874046,453.54535489155603,445.5805767273396,437.50873064162977,429.3986553358517,421.31500892542215,413.3175476333811,405.4605949452173,397.7926122655043,390.3559883204784,383.1869010829298,376.3153548775384,369.7653076492168,363.5549115411932,357.6968297828898,352.19861675618716,347.06314896551237,342.2891067976247,337.8714543684789,333.8019397686121,330.06959017029334,326.6612059033081,323.56178844990836,320.755011109036,318.22358607112795,315.9496425722323,313.91504597163134,312.101675176293,310.49166792325184,309.0676234028144,307.81276732936226,306.71108316581996,305.74741424061637,304.9075228690814,304.17814646234046,303.5470104983335,303.00283673489815,302.5353229857034
0.0006737636992374945,513.2475186967439,512.8191448458914,511.53945136142676,509.4248762204975,506.5023342523275,502.808621292192,498.3895924269817,493.2990830172494,487.59772770762356,481.3517201029163,474.6314031140048,467.5098851889842,460.06171581730825,452.3615256009663,444.48281302917354,436.49683208369254,428.47157385033574,420.47092717442996,412.55396574769,404.77442228886616,397.18026249372946,389.81347446960393,382.7099292860429,375.8994144855062,369.40575605114253,363.24705278140766,357.43598551353784,351.9801892747523,346.8826756994779,342.1423060162532,337.7542623693039,333.7105396877012,330.00043292408736,326.6110235538404,323.52760133816025,320.73412853104446,318.21360218149994,315.94842774373717,313.92073460939775,312.1126507886527,310.50654608372736,309.0852333061605,307.83213254294833,306.731402100523,305.76804078570007,304.92794762259007,304.1979787671338,303.56596160206806,303.0207041940376,302.5519764491792
0.0006787636992374945,511.37889508024057,510.9556298753723,509.6911815500638,507.6017435332999,504.71383132722474,501.0636975730512,496.69652505491723,491.66536620154994,486.0299826401867,479.855626169641,473.21165230386714,466.1701590076101,458.8046832806757,451.18886219769627,443.3952375720962,435.4941594372117,427.55278146195997,419.63423215692825,411.7969102703627,404.09396396458266,396.572868054282,389.2752135087495,382.23656668980925,375.48649934971354,369.0487054126811,362.9412292557878,357.1767674079733,351.763032916119,346.7031693488526,341.99621514497613,337.6375665389504,333.6194611750517,329.93145758597547,326.56091421803563,323.4934050394271,320.71317736847584,318.2035094542146,315.94707958769806,313.92627811866544,312.1234794101879,310.5212829104744,309.102712961668,307.8513822509041,306.75162245682253,305.7885866726808,304.9483096935642,304.21776570906513,303.5848834937919,303.03855707994995,302.56862826526446
0.0006837636992374945,509.5297499454116,509.1115298000658,507.8621370437287,505.7975241440706,502.9438131161991,499.3367213060215,495.0207688960111,490.0482365836681,484.47802533433725,478.3744583023453,471.8059172115676,464.84350325154634,457.55975442733273,450.0273272664576,442.31781913080727,434.50068736587417,426.64225835077116,418.8049091387501,411.04637107855444,403.41921395627935,395.9704265164603,388.7412060670813,381.76681646508916,375.0766146823784,368.6941625136775,362.6374488723135,356.91918410278333,351.54715669020857,346.5246389885019,341.8508430632837,337.5213753490374,333.5287121282507,329.86267135720146,326.5108843188597,323.45920515284234,320.692162382874,318.1933118264949,315.9456012524363,313.9316789116236,312.1341627825036,310.5358795486166,309.12006299683304,307.8705166433807,306.7717440664442,305.80905145015345,304.96860841738805,304.23750647360873,303.60377526494864,303.05639443810685,302.58527747363104
0.0006887636992374945,507.6999800541156,507.2867418892804,506.05221662271396,504.01211930998386,501.19218425821646,497.62760133525603,493.36223772446965,488.44761348074996,482.94178114205346,476.9081482539797,470.4141362304814,463.529863069994,456.3268811594769,448.8768793499935,441.25052267701915,433.5163869717772,425.7399813769319,417.9829403059039,410.30233520622335,402.75016363625076,395.3729330630444,388.2114506046033,381.30067982210636,374.6697639338507,368.3421325603638,362.33571814248677,356.6632430036425,351.3325685297227,346.3470927577363,341.70619784472734,337.4056965829264,333.4382998626125,329.7940809513748,326.4609398753928,323.42500694705785,320.67108806898267,318.18301302340404,315.9439957204403,313.9369392733973,312.14470255212115,310.55033707415083,309.1372839907073,307.8895358782146,306.79176674105804,305.829434655678,304.9888431247738,304.2572002457928,303.6226360090851,303.07421531735554,302.6019231176611
0.0006937636992374945,505.88947664776015,505.4811579040113,504.26131359520764,502.2454248759477,499.4588440627181,495.9362412800164,491.72084021484375,486.86341125459705,481.42117062160906,475.4566231608222,469.0362433276596,462.2291793873334,455.1060113649387,447.73747319388144,440.1933096070782,432.5412260059846,424.8459242744858,417.16830494196176,409.5647870056733,402.08680191150756,394.7803806221366,387.6859435302874,380.83815611569776,374.26594888584646,367.99261926746107,362.03604225319066,356.4089503478125,351.11927534415304,346.17053790667296,341.56228679644425,337.29053736917933,333.34823113929485,329.7256926179222,326.4110865222411,323.3908153761865,320.64995866773586,318.17261656834853,315.94226581679175,313.9420613687578,312.15510027578364,310.5646564981163,309.1543764771592,307.90844008347017,306.81169027425847,305.8497358173256,305.0090131429757,304.276846211162,303.64146482262476,303.0920187705499,302.6185642449709
0.0006987636992374945,504.0981258177832,503.69466446638785,502.48931616366383,500.49733163590827,497.74368686396,494.2625398802731,490.09648027726604,485.29553963509284,479.9161098479307,474.0198058387091,467.6721683250862,460.94138916876943,453.8970891667791,446.60905997984344,439.14613795892774,431.57516906925014,423.96005783609985,416.360979597211,408.83370830162016,401.42911536335754,394.19275999293814,387.16467931478746,380.3792429457545,373.865169740437,367.645624936555,361.73842513529695,356.1563112638232,350.90728307136027,345.99498084051595,341.41911649690866,337.1759042135147,333.2585121921521,329.6575121644831,326.36132952807037,323.3566350950202,320.62877817865393,318.1621257930939,315.94041421719515,313.9470472485103,312.1653574255024,310.5788387705565,309.171340947968,307.92722935984887,306.83151444343855,305.86995445513935,305.02911779693545,304.2964435566845,303.6602608055957,303.10980385514466,302.63519990790496
0.0007037636992374946,502.32580885837973,501.9271434114198,500.73610777362614,498.76772567686146,496.04660235841123,492.60639132580195,488.4890573767042,483.7439040282321,478.4265107082061,472.5976150652175,466.32183716762677,459.66642567343587,452.70005516113304,445.4915875480954,438.1089626189057,430.61817780336355,423.0823500892012,415.5609382499505,408.109078538126,400.77708838054696,393.61005996574306,386.64765059798924,379.92393625307653,373.46742520498736,367.3011505309159,361.4428695291714,355.9053298284612,350.69659672683224,345.8204271618465,341.2766928319894,337.06180302933143,333.16914875338364,329.58954497829745,326.3116738133032,323.32247047355577,320.60755037167115,318.15154384731767,315.9384434556313,313.951898855578,312.1754753933583,310.59288478428294,309.1881778557594,307.9459037829698,306.8512390115606,305.8900900825121,305.049156410361,304.315991471605,303.6790230623159,303.12756963375574,302.6518291640025
0.0007087636992374946,500.57240260229685,500.1784721218612,499.00156744581625,497.05648870637333,494.36747592599176,490.96768556954066,486.8984668369667,482.20840580946617,476.95228118342715,471.18996584844916,464.98517217828316,458.40421869553757,451.5148466438402,444.38500060924395,437.0817355188479,429.6702110735526,422.2127664639062,414.7681524602956,407.3908749187306,400.1307032862592,393.0322674364138,386.13484829163247,379.47223041085084,373.0727125732311,366.959195746927,361.14937704721865,355.65600912119174,350.48722045072896,345.6468817110175,341.13502102939225,336.9482391668651,333.0801460780324,329.5217960466342,326.2621239670176,323.2883256108628,320.58627879842214,318.1408737077197,315.93635593165055,313.956618030795,312.1854554960675,310.6067953784506,309.20488761678945,307.964463405531,306.8708637288307,305.91014220748775,305.06912830674304,304.3354891482488,303.69775070203724,303.1453151746862,302.6684510764366
0.0007137636992374946,498.8377797404766,498.448523846969,497.2855700922589,495.3634983643679,492.7061889358994,489.346308625929,485.3246001301646,480.68894260303773,475.49332561651534,469.79676968303255,463.66209230133745,457.1546947940809,450.3413978263794,443.2892409462096,436.0644058239407,428.7312251423504,421.35126995311714,413.9825915168324,406.6790725400914,399.48994045925053,392.45936751559293,385.62626167723033,379.02411831195434,372.6810278026577,366.6197590822752,360.8579482336021,355.4083512761289,350.2791575528139,345.4743486047369,340.99410569156123,336.8352174410402,332.9915089673867,329.45426997630085,326.21268426308467,323.2542043483219,320.56496680301257,318.13011818671123,315.93415391732486,313.96120651842216,312.19529897932506,310.62057134195396,309.22147061358504,307.9829082593532,306.89038833428083,305.93011033398665,305.0890328103124,304.35493578277647,303.7164428395515,303.1630395524221,302.68506471442834
0.0007187636992374946,497.1218091262898,496.73716800589773,495.5879868171774,493.6886285199081,491.0626190377303,487.74214285492593,483.76734515229805,479.18540854795305,474.04954496764526,468.41793479393027,462.35251333394365,455.9177775117171,449.1796400415983,442.20424760663457,435.05692011174966,427.8011738353221,420.4978212651482,413.2042225764519,405.97364451943025,398.85477844939305,391.89134363289014,385.1218784995024,378.57959145227,372.29236558837965,366.2828379010523,360.56858262126707,355.16235753166734,350.0724105553693,345.3028312729235,340.85395082710704,336.72274215807676,332.9032417913347,329.3869710122798,326.1633586755793,323.22011028226393,320.54361753229733,318.11927994070203,315.9318395638724,313.96566597139923,312.2050070219355,310.63421341665236,309.23792719744756,308.0012383573162,306.90981255726217,305.94999396296225,305.10886924693966,304.3743305758928,303.7350985957585,303.1807418480969,302.7016691536354
0.0007237636992374946,495.4243560650679,495.04427047643645,493.908685203359,492.03174955365546,489.4366404385694,486.15506723235615,482.2265864856027,477.6976945511996,472.6208370573526,467.0533663686101,461.05634814669315,454.69338758319566,448.02950193970344,441.12995708621065,434.05922254282495,426.8800086990203,419.65237896921826,412.43301079767394,405.2745621160684,398.2251940878783,391.3281776362746,384.6216850555233,378.13864001019937,371.9067194336408,365.94842849590566,360.28127878638924,354.9180282778801,349.86698123418466,345.13233249391203,340.71455988083216,336.6108171409087,332.8153485097196,329.31990305552875,326.11415089349725,323.18604677603616,320.52223394568915,318.10836147800507,315.92941490797193,313.9699979563457,312.214580739741,310.6477223004328,309.2542576908261,308.01945369518916,306.9291361188563,305.96979259348905,305.1286369449815,304.3936727335133,303.7537170981989,303.1984211499281,302.7182634765183
0.0007287636992374946,493.7452825896058,493.36969386975613,492.2475295846532,490.39272862666564,487.82812416669157,484.5849576072151,480.7022056482617,476.22568852879465,471.20709679798506,465.7029667781108,459.77350689365954,453.48144313390264,446.890909674957,440.066303503341,433.07125502327034,425.9676791515245,418.8148996341385,411.6689194677565,404.5817948473194,397.60116259232507,390.7698498868888,384.12566627978254,377.7012529225425,371.5240817171152,365.61652614737284,359.99603440036486,354.6753631017837,349.6628706577074,344.96285442808266,340.5759357624124,336.4994457534659,332.7278326927403,329.25306967998426,326.0650643348111,323.152016971523,320.50081882451946,318.0973651663746,315.9268818777799,313.97420395832165,312.22402118935673,310.66109865011816,309.2704623895662,308.0375542533626,306.9483587332054,305.9895057237883,305.1483352360755,304.41296146738785,303.77229748155384,303.2160765536259,302.7348467726835
0.0007337636992374946,492.08444772227443,491.71329779180724,490.60438130523755,488.77142993614177,486.23693832248443,483.03168694652385,479.19408133205854,474.7692756352179,469.8082164140271,464.3666357875086,458.5038972124006,452.2818598689352,445.76378708350194,439.01321876552925,432.092957359638,425.06413262590155,417.9853379605024,410.91191012387367,403.89531059899355,396.9826576670207,390.21633934949205,383.63380582533966,377.26741795690907,371.14444375714436,365.2871251805261,359.7128462794532,354.43436083056616,349.4600792244364,344.7943986499863,340.43808087379887,336.38863092387385,332.6406975404408,329.1864741488036,326.0161021598936,323.11802380014507,320.4793747809714,318.0862932401964,315.92424229866543,313.9782853853606,312.23332937172233,310.6743430842273,309.28654156504194,308.0555399984853,306.9674801087675,306.00913285219127,305.16796345588614,304.43219599568556,303.79083888811243,303.233707162776,302.7514181392053
0.0007387636992374946,490.4417077243558,490.07493909197615,488.9790989662526,487.16771495874104,484.6629483171747,481.49512556830297,477.70208962852,473.3283384817577,468.42408565180426,463.0442707562664,457.24742441437354,451.0945512531414,444.64805585271733,437.9706327278726,431.1242674064994,424.16931470690747,417.16364690667194,410.16194266863,403.2150757307614,396.36965159851786,389.6676236787305,383.1460861412512,376.8371217808186,370.76779587304816,364.9602190190484,359.4317104321765,354.19501957287025,349.2586066986387,344.62696617903134,340.3009971353947,336.2783751666162,332.55394590132903,329.1201194298799,325.96726728433805,323.0840699933606,320.45790426660506,318.07514780734545,315.92149789867466,313.98224357278406,312.2425062354783,310.6874561855954,309.30249546617347,308.07341088501187,306.9864999494999,306.02867347804613,305.1875209448039,304.4513755435419,303.80934046820784,303.25131208919726,302.76797668092786
0.0007437636992374947,488.8169163331783,488.4544720995783,487.37153866038017,485.581442681998,483.10601709991255,479.9751413632032,476.2261042440721,471.9027573442726,467.054591979048,461.7357668289239,456.00399166619843,449.91942868253443,443.54363568248976,436.9384733440146,430.16512120702254,423.28316926123557,416.34977780884077,409.41897548016607,402.5410551766033,395.7621153467935,389.123679301421,382.66248854643635,376.4103500276355,370.3941274436408,364.6358002368549,359.1526221045783,353.95733675821765,349.0584522444633,344.46055750879873,340.1646860110636,336.1686806037093,332.46758029016473,329.05400821066326,325.91856239120233,323.050158092692,320.4364095804932,318.06393085572574,315.9186503137387,313.986079787309,312.2515526801755,310.70043850386037,309.3183243213396,308.091166856664,307.00541795597326,306.0481271025691,305.2070070486004,304.47049934356966,303.8278013806257,303.2688904532757,302.78452151074646
0.0007487636992374947,487.2099249876081,486.85174884874084,485.7815541949119,484.012469824406,481.5660053737399,478.4716000053078,474.76599670470495,470.492410360848,465.6996207747816,460.44101711656435,454.7735001621835,448.7564016474722,442.4504444387625,435.9166668098987,429.2154531268704,422.4056385616028,415.5436804954412,408.6829655171003,401.8732125405699,395.16001863217105,388.58448149502874,382.18299330014145,375.9870873594833,370.0234269630788,364.3138606073711,358.8755758234348,353.7213091746575,348.8596144585234,344.29517263504306,340.02914853202054,336.0595489849312,332.38160290495273,328.9881429123181,325.86998994270283,323.0162904592988,320.4148928769855,318.05264425950736,315.9157010926354,313.989795230957,312.26046955932554,310.7132905578213,309.33402834018693,308.1088078478108,307.02423382642115,306.06749322964345,305.2264211190413,304.4895666363366,303.8462207929831,303.28644138427575,302.8010517498716
0.0007537636992374947,485.6205830424223,485.26661929219983,484.20899730382996,482.4606510446679,480.0427718009484,476.9843651525961,473.3216365506227,469.097173719805,464.3590555099621,459.15991286947764,453.55584928850567,447.60537788797205,441.3683982997135,434.90513770064695,428.2751959817225,421.53666340495073,414.7453033961483,407.9538684185367,401.2115101880612,394.5633300181952,388.05000446250693,381.70757966915494,375.5673175272715,369.65568209415693,363.99439115056987,358.60056543751045,353.48693300471825,348.6620914010168,344.1308110824417,339.8943853196552,335.9509817071481,332.2960156431772,328.9225257032472,325.8215521913828,322.98246928311653,320.39335617311724,318.04128978507504,315.91265170171715,313.9933910447743,312.2692576832991,310.7260128376763,309.34960771534253,308.12633378477096,307.0429472577275,306.08677136656877,305.24576251445916,304.5085766708092,303.86459788208276,303.30396402062985,302.81756652807394
0.0007587636992374947,484.0487379720683,483.69893150451367,482.65371784939487,480.9258391406065,478.53617319830386,475.5132986375351,471.89289152133006,467.7169218384957,463.03277791929725,457.89234364141225,452.3509367794235,446.4662635415151,440.2974118948922,433.9038091008723,427.3442811587041,420.6761832250253,413.95459364572446,407.2316385993619,400.55590933282633,393.9720169906396,387.52022140366387,381.2362259919176,375.15102342796365,369.29087971916823,363.6773821778688,358.32758415694605,353.25420385973786,348.4658806254456,343.9674719301443,339.76039660733517,335.84297983277696,332.2108201173112,328.85715851201,325.7732511907781,322.9486965915829,320.3718013556798,318.0298690966995,315.90950352941553,313.9968683123724,312.27791782208084,310.73860580714376,309.3650626240346,308.14374458704197,307.0615579463546,306.10596102476245,305.26503060028784,304.52752870476735,303.8829318342405,303.3214575102071,302.83406498391315
0.0007637636992374947,482.4942355642867,482.14853187517167,481.11556401371644,479.40788523820265,477.0460647225965,474.05826064824487,470.47962773158554,466.3515275333008,461.7206681646327,456.63819744579774,451.1586588658791,445.3389632836784,439.2373984376307,432.9126027287192,426.42263873199886,419.82413619958726,413.1714971829345,406.51622934103966,399.9063701198743,393.3860460328207,386.99510458320924,380.7689097396671,374.7381871592097,368.92900598843454,363.36282333498207,358.05662459085886,353.023116812644,348.2709792070019,343.8051538361776,339.6271822612341,335.7355441074242,332.12601766963235,328.79204303966304,325.72508880560395,322.91497425796786,320.3502301879668,318.0183837619469,315.90625789053223,314.0002280632965,312.286450707885,310.7510699054742,309.3803932296238,308.16104016845793,307.0800655892148,306.12506172041685,305.28422474956096,304.5464220051879,303.9012218455897,303.3389210105629,302.85054626495
0.0007687636992374947,480.9569201040571,480.61526529205054,479.59438248075793,477.90663897120294,475.572300046951,472.619109900661,469.08170983863386,465.0008621812246,460.42260499029015,455.3973609042964,449.97891041683215,444.2233804619151,438.1882698510322,431.93143905391383,425.51019757290146,418.9804593524931,412.3959588447516,405.807592878106,399.2628517044782,392.80538269738184,386.4746253956288,380.30560757474694,374.3287900714593,368.5700463666112,363.0507036428163,357.7876787832378,352.79366642925316,348.0773837696738,343.6438550607552,339.49474180022736,335.62867497673506,332.0416093863769,328.7271807715464,325.6770667214822,322.8813040093266,320.3286443162117,318.0068352568354,315.9029160303265,314.0034712762301,312.29485703764055,310.7634055493562,309.3955996830522,308.1782204382813,307.0984698844897,306.14407297511286,305.3033443433755,304.5652558486011,303.91946712236256,303.3563536891687,302.867009527943
0.0007737636992374947,479.43663454829993,479.09897531565707,478.0900186092035,476.42194865172473,474.11473152831394,471.1957038021003,467.6990012011082,463.6647958734655,459.1384658707157,454.16971938802885,448.8115850736509,443.1194172227901,437.14993688782283,430.9602374100904,424.6068854545621,418.1450886508758,411.62792245606386,405.10568048055393,398.6253123274465,392.2299916747041,385.9587544270279,379.84629540620665,373.92281281766714,368.21398567686487,362.74101153649815,357.5207382472048,352.5658467981527,347.88509051213066,343.4835734885402,339.3630744148967,335.5223726024901,331.9575961112597,328.66257298854254,325.62918645423173,322.84768743409086,320.30704527572937,317.9952249707525,315.8994791284087,314.0065988820428,312.30313747535075,310.7756131347228,309.410682124211,308.19528530223045,307.11677053239686,306.1629943163929,305.3223887713226,304.5840295214201,303.93766688114965,303.373754723625,302.8834539390299
0.0007787636992374948,477.9332206917533,477.5995043445687,476.6023165966029,474.95366143226124,472.67321036651265,469.7878986066149,466.3313640299769,462.34319756132044,457.86812715078497,452.95515715180164,447.6565753778699,442.0269746329641,436.1223092443414,429.9989161016506,423.7126291516569,417.3179590976422,410.8673309150824,404.4104425322929,397.9937093868268,391.6598368580934,385.44746151407753,379.3909484428122,373.5202354006966,367.860808143016,362.433734902615,357.2557939977163,352.33965155922914,347.6940952324407,343.3243066499077,339.23217898568265,335.41663687798024,331.8739784583893,328.59822077782934,325.5814493587384,322.8141259893164,320.28543449677653,317.9835542111423,315.8959483024482,314.0096117666901,312.31129265433344,310.7876930384625,309.4256406832336,308.2122346634467,307.1349672359097,306.1818252782949,305.34135743188693,304.60274232024506,303.9558203491381,303.3911233018561,302.8998786738957
0.0007837636992374948,476.44651932441917,476.1166937724691,475.13111963518213,473.5016234594738,471.2475867552673,468.3955495625037,464.97865953189137,461.0359351947688,456.6114641790923,451.7535574616496,446.5137728926129,440.9459527942049,435.1052956689283,429.04739250539853,422.8273545352119,416.4990048194976,410.11412627464017,403.7218286058551,397.3679995062006,391.09488140588746,384.94071580019164,378.93954124358163,373.12103721852407,367.51049742973896,362.12886111474734,356.992836582774,352.1150739309019,347.50439335167107,343.16605174124965,339.1020541002223,335.3114674426928,331.7907568246036,328.5341250431505,325.5338566374264,322.7806210076002,320.2638133101421,317.97182420797435,315.892324611704,314.0125107739696,312.3193231793467,310.79964562003875,309.4404754817147,308.229068423404,307.15305970142987,306.2005654018502,305.36024973281667,304.6213935521432,303.9739267643311,303.4084586222896,302.9162829179266
0.0007887636992374948,474.97637038095877,474.65038413715706,473.6762700596962,472.06568002013995,469.83771002551407,467.01851105233294,463.64074804527525,459.7428758540618,455.36835143453897,450.5648027159921,445.3830683179625,439.87625095269186,434.09880406496376,428.105583167184,421.9509866627941,415.6881591506938,409.36824981956556,403.03978753351544,396.7481385997195,390.5350878006167,384.4384857890565,378.4920477659539,372.7251971073388,367.1630366809015,361.8263770673677,356.7318561132074,351.89210673611797,347.3159799364205,343.008805644364,338.97269806990755,335.2068636963388,331.7079314012525,328.4702865146235,325.4864093483461,322.7471737036831,320.2421829524797,317.9600361180026,315.88860906038695,314.0152967081423,312.3272296286069,310.8114712230234,309.45518663386144,308.2457864827626,307.1710476394169,306.21921423554465,305.37906509146484,304.6399825349056,303.9919853757474,303.42575989401917,302.9326658663507
0.0007937636992374948,473.52261308239883,473.2004152618861,472.2376094876811,470.64567567960916,468.44342878138644,465.6566367258013,462.3174891694805,458.4638858746315,454.1386626465192,449.3887745606878,444.2643516005461,438.8177676028683,433.10274158879236,427.1734038937768,421.0834498642779,414.88535471269165,408.629642140304,402.3642674749855,396.13408193402756,389.9804179053516,383.9407393956309,378.0484414116958,372.3326933826328,366.8184085561276,361.5262692081776,356.4728422910938,351.67074242716336,347.1288497203304,342.8525649449697,338.8441089456978,335.10282481225,331.6255021854506,328.4067057581071,325.4391084128957,322.71378518075136,320.22054457139495,317.9481910288253,315.8848026008599,314.01797033642373,312.3350125557023,310.8231701765469,309.46977424757836,308.26238874217154,307.1889307649754,306.2377713357481,305.3978029351033,304.6585085972823,304.0099954436038,303.44302633695366,302.94902672436683
0.0007987636992374948,472.08508607049316,471.7666263893831,470.81497895244524,469.24145441310293,467.06459102918217,464.30977962577015,461.00874188731984,457.19883096561705,452.9222709089893,448.22535399826086,443.15751203759766,437.77040058608463,432.11701474276293,426.25076984018216,420.2246678233805,414.090523489919,407.8982432029531,401.69521598182916,395.5257841872052,389.4308330173578,383.4474439947262,377.60869507064615,371.94350387836687,366.4765952656603,361.2285235689514,356.21578443687196,351.4509731093412,346.9429971246183,342.69732595038306,338.7162845332208,334.9993497501723,331.54346899082424,328.34338318414495,325.39195462319356,322.6804564364502,320.198899230297,317.9362899627532,315.8809061366844,314.0205323913519,312.34267249140765,310.83474279667087,309.4842384254899,308.2788751030208,307.20670879840276,306.2562362671107,305.4164627012123,304.6769710791965,304.0279562394799,303.46025718195125,302.9653647072617
0.0008037636992374948,470.6636275350693,470.3488563088704,469.40821902912637,467.8528597301781,465.7010442996314,462.9777923077646,459.71436468127257,455.94757632229414,451.71904878869543,447.07442149155725,442.06243837573857,436.7340471842632,431.14152946359854,425.33759559260136,419.37456365515527,413.3035969017963,407.1739924158701,401.0325800587484,394.92319950486865,388.88629391917937,382.95856646727367,377.17278116239123,371.5576059842987,366.13757860359897,360.9331257949509,355.9606715152094,351.2327905635669,346.75841627767784,342.54308470639427,338.5892224071903,334.89643726848385,331.46183145777326,328.2803190565067,325.34494864911665,322.6471883686228,320.17724791302555,317.9243338804961,315.87692052551995,314.0229835730363,312.3502099454057,310.8461893876838,309.4985792659031,308.29524546814616,307.22438146569925,306.2746086029297,305.4350438377444,304.6953693319391,304.04586704646687,303.4774516709402,302.9816790405149
0.0008087636992374948,469.25807533467537,468.94694347640836,468.01716995412596,466.4797347926629,464.3526357637652,461.66052695323845,458.434215643646,454.7099867326797,450.52886842781686,445.935857062081,440.97901890471564,435.7086042088075,430.1761912063063,424.43379524722945,418.5330599796221,412.5245058711946,406.45682869300344,400.376306221875,394.32628155354763,388.34676092726215,382.4740732443803,376.7406716759636,371.17497668155187,365.80133997958194,360.640061172974,355.707492159675,351.0161862679269,346.5751010337839,342.38983701337634,338.46291992517206,334.79408593586015,331.3805890632707,328.21751350034225,325.29809104501766,322.6139817807855,320.1555915282633,317.9123236846742,315.8728465818829,314.02532455129597,312.35762540791745,310.85751024332734,309.5127968637139,308.3114997424887,307.24194849904194,306.29288792548743,305.45354580336584,304.71370271834405,304.06372715930075,303.4946090570272,302.99796895989414
0.0008137636992374948,467.8682671108272,467.5607261288561,466.6416717382158,465.1219225263547,463.01921234267115,460.3578354768809,457.1681525809636,453.48592667857173,449.35160164127774,444.809540383246,439.9071415463185,434.69396808496515,429.22090502382275,423.53928248507486,417.700078991705,411.7531808894853,405.74669051409194,399.7263405542003,393.7349835714621,387.81219393822556,381.99393034926976,376.31233820764896,370.7955925765034,365.4678604489826,360.34931465809615,355.45623469627037,350.80115141824587,346.3930449909427,342.23757844166244,338.3373742407255,334.6922941424121,331.29974113021837,328.1549665099664,325.25138225613745,322.5808373873524,320.1339309137425,317.9002602231645,315.868685079771,314.0275559676881,312.3649193512475,310.86870564795265,309.5268913112585,308.3276378337115,307.2594096372246,306.31107382636185,305.4719680676761,304.731970612946,304.081535884481,303.5117286045929,303.01423371153925
0.0008187636992374949,466.4940403961428,466.1900423917376,465.2815642736024,463.77926572676233,461.7006208114103,459.06956962823256,455.91603311283654,452.2752604312735,448.18712000896153,443.6953508687703,438.84669393869115,433.6900349318481,428.2755756425859,422.6539706429772,416.87554252764,410.98955207832944,405.0435159818704,399.0826287582695,393.14925841681264,387.2825524728855,381.51810343720194,375.88775199698506,370.4194299330634,365.1371207416831,360.0608708991622,355.2068871658687,350.58767694770586,346.21224150792364,342.0863043462208,338.2125823159487,334.5910601103193,331.2192868363792,328.0926779562903,325.20482262472444,322.54775581861884,320.1122668402561,317.8881442922864,315.8644367551603,314.0296784374353,312.37209223124717,310.87977587761293,309.5408626991143,308.34365965277595,307.2767646260652,306.3291659067109,305.49031011140573,304.75017240212117,304.0992925403748,303.5288095893761,303.03047255203745
0.0008237636992374949,465.13523271663905,464.83473038128596,463.93668743522005,462.4516071591576,460.39670789735675,457.79558108786495,454.677714765567,451.0778521422384,447.0352949630592,442.5931677564295,437.7975635162441,432.6967006383022,427.3401075342124,421.7777727809911,416.0593721280105,410.2335492483528,404.3472428764136,398.4451162062598,392.56905861369233,386.7577957181278,381.04655783345765,375.4668839610307,370.0464647034154,364.8091012894874,359.7747142630818,354.95943734560876,350.3757535455577,346.0326837205083,341.93600988065896,338.08854093345076,334.49038190397977,331.1392252229033,328.0306475939146,325.1584123958743,322.5147376255154,320.09060001548073,317.87597663983684,315.86010230837917,314.03169255125465,312.37914448869986,310.89072120109336,309.55471111685074,308.3595651144784,307.2940132187821,306.34716377753256,305.5085714265951,304.7683074842117,304.1169964573083,303.5458512985466,303.046684748488
0.0008287636992374949,463.7916816884524,463.49462830092796,462.6068811765109,461.13878965319316,459.10732037320963,456.5357215583677,453.4530550607175,449.8935659288635,445.8959978707641,441.50287018737606,436.75963758535954,431.713860934811,426.4144049834546,420.91060174629763,415.25148909755796,409.48510195484243,403.65780870674325,397.8137479875593,391.9943363957258,386.2378825667249,380.579258569475,375.0497047269809,369.67667255728657,364.4837822522337,359.4908288579812,354.7138727692891,350.1653716749644,345.85436455699005,341.7866900105857,337.96524670777904,334.39025743969756,331.0595552024666,327.9688750678992,325.1121517231019,322.48178328414195,320.06893108762046,317.86375796797904,315.85568240636553,314.03359887709314,312.386076550632,310.90154188088263,309.56843665373435,308.37535413795024,307.3111551763413,306.3650670599012,305.5267515167542,304.78637526963416,304.1346469776451,303.56285303076794,303.06286957855906
0.0008337636992374949,462.46322510923386,462.16957453245857,461.29198561994014,459.84065619232865,457.8323051449171,455.289842850375,452.24191159887204,448.72226595564734,444.76910011252517,440.4243372812204,435.7328033960804,430.7414114616089,425.4983721526008,420.05237023379595,414.45181456191085,408.74413955059725,402.97515075982113,397.18846895395336,391.425043747534,385.72277165518733,380.11617041721695,374.6361846631996,369.31002890980926,364.1611435426613,359.20919855526023,354.4701807468056,349.9565215900134,345.6772767529569,341.6383395263583,337.842696096322,334.29068449492803,330.9802755670375,327.90735992022394,325.0660406736573,322.44889320009094,320.0472606488796,317.8514889359931,315.85117768481325,314.03539796177364,312.392888831553,310.9122381740876,309.5820393993889,308.391026647123,307.328190267776,306.3828753851818,305.5448498970036,304.80437518097483,304.15224345585267,303.57981409624915,303.07902633053476
0.0008387636992374949,461.1497010444584,460.85940772214315,459.99184114248214,458.55704999829993,456.5715093347394,454.0577969638542,451.0441421388049,447.5638165109211,443.6544731560531,439.35744820706594,434.7169482099588,429.7792478331729,424.5919131424776,419.2029908435235,413.6602695213679,408.0105912360573,402.29920614703985,396.5692237625266,390.8611324441209,385.2124213997346,379.6572579218473,374.22629390873936,368.94650894803715,363.8411648500876,358.92980701060185,354.228348382674,349.7491933519347,345.50141286538826,341.49095305524247,337.7208854097119,334.1916607171,330.90138499528894,327.8461015959523,325.0200792335969,322.41606771257074,320.0255892387709,317.83917016289405,315.84658875021086,314.03709033255666,312.3995817346273,310.92281033329476,309.5955194444127,308.40658257115945,307.3451182704785,306.40058839522305,305.5628660941995,304.82230665306946,304.1697852585571,303.59673381678795,303.09515430335574
0.0008437636992374949,459.8509479088769,459.56396686197746,458.7062884563052,457.2878146108535,455.3247803596711,452.8394361648693,449.85960467226096,446.4180820793482,442.5519886262729,438.30208225067514,433.71195936423754,428.82726569925376,423.69493205020376,418.36237613504323,412.8767749018659,407.28438610683145,401.62991184832447,395.9559569163785,390.3025540882723,384.70679003046826,379.20248543278956,373.82000240141383,368.5860876561735,363.52382566294443,358.6526376839807,353.9883625936767,349.5433768445574,345.3267652860956,341.34452507300807,337.59981082174795,334.09318363203226,330.8228820596695,327.7850994491123,324.9742673126202,322.3833070983355,320.00391734726776,317.82680222992303,315.84191618177886,314.03867649861974,312.4061556527824,310.9332586073808,309.6088768809568,308.4220218448535,307.36193897046843,306.41820574252966,305.5807996470419,304.8401691330711,304.1872717645872,303.613611525804,303.1112528066503
0.0008487636992374949,458.5668045433299,458.2830913663213,457.4351686848695,456.03279396295903,454.0919660054294,451.63461305802235,448.6881574945472,445.2849274103855,441.4615183714003,437.2581188779409,432.7177243325255,427.8853608025995,422.807333023841,417.53043867893416,412.10125160325595,406.5654531987399,400.96720475394835,395.3486128032506,389.74926014605455,384.2058356238259,378.7518171332386,373.41727990448527,368.22873983956686,363.2091052902261,358.3776738587119,353.7502101256712,349.33906178903874,345.15332625453425,341.1990499149881,337.4794683788613,333.99525065196315,330.74476523315013,327.724352748307,324.92860474868246,322.35061157543157,319.9822454178061,317.8143856829171,315.83716053331057,314.0401569524601,312.4126109697546,310.94358324227414,309.62211180326386,308.437344408999,307.3786521626357,306.435727090417,305.5986501061679,304.85796208050465,304.2047023650084,303.63044656836377,303.12732116075927
0.000853763699237495,457.2971102871324,457.01662114411624,456.17832343464625,454.79183245170407,452.8729144962085,450.44318065476654,447.52965927112007,444.16421758288357,440.38293452531815,436.22543779482834,431.73413078212457,426.9534290335198,421.92902031407834,416.7070911055122,411.33362054500816,405.8537215304783,400.3110217041642,394.74713573215445,389.20120198049557,383.7095161333911,378.3052170681922,373.01809603202867,367.87444014752896,362.89698288189317,358.10489865958385,353.5138775695969,349.1362377578967,344.98108787001445,341.0545217866202,337.359854009141,333.8978590832083,330.66703289565845,327.66386068206407,324.8830913123927,322.31798130676856,319.9605738501434,317.80192103456363,315.83232233491896,314.04153217122274,312.4189480610773,310.9537844816701,309.6352243081707,308.45255021073103,307.3952576509617,306.45315211314625,305.6164170342296,304.8756849673099,304.2220764631462,303.6472383011974,303.1433586967533
0.000858763699237495,456.04170504622925,455.7643966668861,454.93559486265457,453.5647750050653,451.6674745603923,449.2649924377775,446.3839691003519,443.05581806600173,439.3161095664173,435.2039190039444,430.7610666281579,426.031366481431,421.05989832308296,415.89224615090444,410.5738027094571,405.14912014401153,399.6612995267467,394.1514699680911,388.65833088352883,383.21778941913044,377.86264917106837,372.6224202730284,367.5231630950252,362.5874374482798,357.83429507011226,353.279351376715,348.9348941883754,344.8100421033366,340.9109347734963,337.24096353093927,333.80100613346366,330.5896833402159,327.6036223639385,324.83772671120715,322.2854164035209,319.93890300308095,317.78940876654434,315.8274020946954,314.04280261795833,312.42516729501176,310.96386256770273,309.6482144955763,308.4676392038385,307.41175524871807,306.470480496043,305.6341000059594,304.89333727787346,304.23939347460094,303.6639860927072,303.15936475644355
0.000863763699237495,454.8004293573134,454.5262590327111,453.7068257400063,452.3514671447431,450.475495492405,448.09990242156044,445.25094657264606,441.95959477660233,438.260916373061,434.19344285788566,429.7984200846409,425.1190694835159,420.19987165064174,415.085816700594,409.8217191826981,404.45157814279486,399.01797507253843,393.5615597649431,388.120598106276,382.73061327512744,377.42407728896904,372.230222014264,367.1748830832861,362.28044787854566,357.56584594895537,353.0466178731136,348.7350203951731,344.6401808078758,340.76828285093933,337.1227926610756,333.7046889187687,330.5127147787893,327.54363683737733,324.79251059342596,322.2529169283699,319.91723319705443,317.7768493315731,315.8224003002838,314.0439687428133,312.43126903342574,310.9738177415735,309.66108246887717,308.48261134905147,307.4281447786457,306.48771193559946,305.65169860822124,304.9109185090492,304.25665282725356,303.6806893229689,303.1753386923861
0.000868763699237495,453.57312444808866,453.3020500263575,452.4918595116387,451.15175504523665,449.2968272108766,446.9477652094618,444.13045182606584,440.875414133283,437.2172282758234,433.1938901095098,428.846079712633,424.21643467062825,419.3488451377166,414.2877158305487,409.07729119323756,403.7610247279195,398.38098524908753,392.97734939662183,387.58795488773984,382.2479454558787,376.9894652066482,371.84147056203653,366.8295744193879,361.97599295821567,357.29953404552515,352.81566327351004,348.53660558255905,344.47149573013985,340.626559893128,337.0053370226557,333.60890447014384,330.4361253478692,327.4839030803567,324.747442552002,322.2204828985908,319.89556471660035,317.764243155333,315.8173174203738,314.0450309841558,312.4372536326207,310.98365024414085,309.67382833537,308.49746661430424,307.4444260731135,306.50484613956144,305.6692124400497,304.92842817017,304.2738539612626,303.69734738372597,303.19127986788016
0.000873763699237495,452.3596322938531,452.09161217573865,451.2905403524084,449.9654855893318,448.1313203132899,445.8084360472506,443.02234559863575,439.80314310719746,436.18491910664943,432.2051419592683,427.90393446559983,423.3233590105639,418.5067239075262,413.49785684603944,408.3404401484975,403.077389232275,397.7502670524597,392.3987831865445,387.06035248197963,381.76974370121445,376.558776669244,371.45613516278723,366.48721133484537,361.67405138584496,357.0353420148299,352.58647369438154,348.33963885590686,344.30397851982156,340.48575968178903,336.88859215252137,333.51364973991696,330.35991311378734,327.424420009802,324.7025221281703,322.18811428899295,319.8738978127018,317.7515906383173,315.81215390611635,314.0459897696406,312.4431214441108,310.99336031647084,309.68645220662586,308.51220497497354,307.46059897426,306.52188282700035,305.68664111267753,304.94586578304813,304.2909963290537,303.7139596783771,303.2071876569603
0.000878763699237495,451.15979567057,450.8947888048724,450.10271321971163,448.7925064201619,446.97882612726664,444.68177087342127,441.92648927746365,438.7426492698115,435.1638632450717,431.22708009973127,426.971873732112,422.439739848817,417.67341340426617,412.7161533182526,407.61108766926907,402.4006011528143,397.1257575973083,391.82580553551657,386.53774218383336,381.29596575990513,376.13197540382544,371.074185022655,366.1477680032612,361.37460178884885,356.7732524315811,352.3590351664517,348.144109232667,344.13762073936937,340.3458759144755,336.77255350834866,333.4189216077517,330.284076077784,327.3651864857997,324.657748814906,322.15581103471965,319.8522327050209,317.7388921575772,315.8069101924664,314.0468455172144,312.44887281535534,311.0029482003523,309.6989541988352,308.52682641409626,307.4766633341156,306.53882172837126,305.7039842495519,304.96323088196823,304.3080793953013,303.730525621957,303.2230614443837
0.000883763699237495,449.97345820458645,449.7114240834963,448.92822390278945,447.6326659900002,445.8391967586479,443.5676263663704,440.84274494482963,437.6938008377321,434.15393566161976,430.2595867574337,426.0497873759984,421.5654749469337,416.8488194295726,411.9425191187929,406.8891556222061,401.73059018100804,396.50739414527504,391.25836094808807,386.0200753532514,380.8265694120098,375.70902513980707,370.69558932602035,365.8112185570719,361.0776227385328,356.5132478035967,352.13333364656165,347.95000565280617,343.9724138730952,340.20690221244826,336.6572164754085,333.3247168863904,330.208612180836,327.30620131560977,324.61312206021637,322.12357303391235,319.83056958402085,317.72614806838277,315.80158669945376,314.0475986360668,312.45450809044763,311.01241413877705,309.7113344331258,308.5413309225646,307.4926190147098,306.5556625855585,305.7212414863401,304.98052301367056,304.32510263690324,303.74704464111153,303.23890062561145
0.000888763699237495,448.80046441915295,448.54136307349216,447.76691906886924,446.48581360593164,444.71228513651374,442.46585998858694,439.77097542137835,436.65646671474053,433.15501195854785,429.30254473216,425.137565774071,420.70046251857076,416.0328481768299,411.1768684521736,406.17456615044614,401.0672862315656,395.8951141317998,390.69639405745215,385.5073034383032,380.3615124900231,375.28988962828157,370.3203172530795,365.47753710342977,360.7830927643572,356.25531058453026,351.9093550289517,347.75731698873267,343.80834933584003,340.06883212817877,336.5425763730035,333.23103232712356,330.1335193082555,327.2474632574876,324.56864127027757,322.0914001502473,319.8089086129839,317.71335870579856,315.79618383338857,314.04824952752654,312.4600276107616,311.02175837638697,309.7235930358554,308.555718499302,307.50846588816233,306.572405151908,305.7384124709253,304.9977417373269,304.3420655429486,303.76351617406715,303.2547046067854
0.0008937636992374951,447.64065977789033,447.3844517722671,446.6186463062869,445.35179947254653,443.5979450552821,441.37633002799413,438.7110443065466,435.63051653115957,432.1669684080017,428.35583743378737,424.23509985152793,419.8446012633633,415.2254062634199,410.41911588638027,405.46724170244283,400.4106194695027,395.2888551914059,390.13984964894956,384.99937799691435,379.90075289887227,374.8745326603161,369.94833799649064,365.14669773925846,360.4909903674702,355.99942318595635,351.6870851559795,347.56603205473266,343.6454184812163,339.9316591524881,336.4286284605961,333.1378646249993,330.0587952940695,327.1889710243234,324.5243058124191,322.0592922153476,319.7872499299295,317.70052438617927,315.7907019880007,314.04879858590755,312.4654317155582,311.0309811598901,309.73573013887966,308.56998915141935,307.52420383675843,306.58904919224835,305.75549686339315,305.0148866245079,304.3589676146795,303.7799396705943,303.2704728047002
0.0008987636992374951,446.4938907253445,446.24053715322896,445.48325416472863,444.23047473179406,442.49603121402026,440.2988956365711,437.6628160163535,434.61582068067406,431.18968198774274,427.41934891679296,423.3422811151418,418.9977903986992,414.42640076100423,409.6691763815983,404.7671050590883,399.7605203356268,394.68855518153134,389.5886726822415,384.49625071739064,379.4442486348159,374.46291808425883,369.5796207771326,364.81867456551817,360.20129403354053,355.74556798883907,351.4665098282983,347.3761396159368,343.4836126094447,339.79537672133904,336.31536794364075,333.0452104237809,329.98443792519043,327.1307232871078,324.4801150179651,322.0272490310785,319.76559364943625,317.68764540858876,315.7851415455193,314.0492461993067,312.47072074255414,311.04008273844715,309.7477458797971,308.58414289435416,307.5398327530117,306.6055944829005,305.7724943360088,305.03195725914395,304.3758083654459,303.7963145919662,303.28620464677056
0.0009037636992374951,445.36000472476337,445.1094672034932,444.3605921927252,443.1216915001239,441.4063992530982,439.23341686638116,436.626155818672,433.6122503547216,430.2230304145387,426.49296391253694,422.4590016843325,418.15992968949496,413.6357392239281,408.92696531718343,404.07407935920304,399.11691957051227,394.0941522049692,389.0428083122084,383.99787343778286,378.9919578032908,374.0550098220986,369.21413485901604,364.49344170071487,359.9139822449206,355.4937273544108,351.2476148145189,347.18762839683785,343.3229229748039,339.65997822229446,336.2027899791332,332.9530663206662,329.9104449453846,327.072718678229,324.4360681849377,321.9952703717296,319.7439398643736,317.67472205614513,315.77950287769306,314.0495927503549,312.47589502845403,311.04906336402934,309.75964040217184,308.59817975199155,307.55535253971186,306.6220408116774,305.78940457318646,305.0489532374793,304.392587320656,303.812640410913,303.30189957099446
0.0009087636992374951,444.23885029322366,443.9910909589456,443.2505109725255,442.02530290304446,440.3289057883044,438.17975470312484,435.6009298660994,432.61967757456466,429.2668921753287,425.57656785941737,421.585154320221,417.33091947606465,412.8533297158327,408.192398516956,403.38808812346576,398.4797482370317,393.5055846309789,388.502201908633,383.50419816414205,378.54383863575583,373.65077188491955,368.8518495633821,364.17097329368596,359.629033492168,355.2438836344863,351.0303858603781,347.00048708937925,343.16334079270825,339.5254570006591,336.090889680887,332.8614288707772,329.8368140590493,327.01495579461164,324.3921645806285,321.9633559860892,319.7222886475445,317.6617545972959,315.7737863467548,314.0498386169242,312.4809549094483,311.0579232917494,309.77141385573555,308.61209975676957,307.57076310996126,306.63838797787287,305.8062272714501,305.0658741680186,304.40930401771976,303.82891661157,303.31755702591244
0.0009137636992374951,443.1302770342311,442.8852585367863,442.1528621524694,440.94116310721324,439.2634084425432,437.1377710973319,434.5870052265361,431.637975221151,428.32114655626424,424.6700469309982,420.7206324527553,416.5106607001661,412.0790808345524,407.46539227289395,402.7090552768541,397.8489377415094,392.9227911151292,387.96679907471946,383.01517708771655,378.09984950557464,373.25016838748974,368.4927342820264,363.85124353569483,359.34642628495556,354.99601918123716,350.8148086974341,346.81470436063177,343.0048572464312,339.39180636531484,335.9796621245531,332.77029459143074,329.7635429348059,326.95743320070136,324.3484034440438,321.9315055994158,319.7006400532465,317.64874328702643,315.7679923063326,314.04998417279273,312.4859007216777,311.0666627801668,309.7830663965693,308.62590294976906,307.58606438719846,306.65463579224183,305.8229621393875,305.0827196714687,304.4259580059891,303.8451426894232,303.33317647056265
0.0009187636992374951,442.03413566791164,441.79182116567006,441.0674984769793,439.8691273501774,438.20976587522483,436.10732899330173,433.58424991157847,430.66701706286324,427.38567366972393,423.7732880622002,419.8653302059977,415.6990549293099,411.31290173538054,406.74586336729635,402.03690516966196,397.2244198535569,392.3457106179269,387.43654566450243,382.53076260113613,377.65994894298063,372.85316356202316,368.1367584898797,363.5342266718636,359.0661391623935,354.7501163564499,350.6008690513095,346.63026886007765,342.8474634934878,339.25901959426517,335.8691023523883,332.6796599661986,329.6906292089169,326.90014943130393,324.3047839882299,321.8997189153107,319.6789941187516,317.63568836800374,315.7621211023107,314.0500297882701,312.4907328016666,311.07528209156914,309.79459818726764,308.6395893807892,307.60125630521145,306.6707840769717,305.8396088975967,305.09948938067396,304.4425488466915,303.8613181512498,303.3487573744325
0.0009237636992374951,440.9502780589054,440.7106312135569,439.994273814278,438.8090519678728,437.1678378094555,435.08829235589684,432.59253290282743,429.70667778125664,426.46035447939454,422.886178973646,419.01914242165657,414.8960043794082,410.55470215277205,406.0337290934882,401.37156259715897,396.6061267246511,391.774282422288,386.9113877991944,382.0509073136281,377.2240956491658,372.45972177114993,367.78389175688096,363.21989701197367,358.78815070279205,354.5061575402894,350.3885526495019,346.4471692265172,342.6911506716931,339.12708993990077,335.75920537778836,332.5895214487674,329.6180704885342,326.8431029942839,324.26130540248164,321.867995617497,319.65735086571044,317.62259007165983,315.75617307364075,314.04997583078347,312.4954514867269,311.0837814922299,309.8060093970827,308.65315910840843,307.61633880813906,306.6868326656449,305.8561672786259,305.11618294054637,304.4590761128604,303.87744251505467,303.36429921740734
0.0009287636992374951,439.8785572420724,439.64154221337924,438.9330431819419,437.76079441998513,436.1374850571306,434.0805261952899,431.6117241762103,428.7568329948763,425.545070823509,422.0086081942427,418.1819646809438,414.10141193584093,409.80439242055917,405.3289072751309,400.71295281795256,395.99399090551185,391.2084461499028,386.3912718825188,381.5755640653097,376.7922485095298,372.06980752013084,367.4341037591704,362.90822894066093,358.51243953288736,354.2641251395902,350.1778452287806,346.2653940946164,342.53590990490795,338.99601063399723,335.64996618959185,332.4998754666059,329.545864354787,326.7862923731298,324.21796685444195,321.83633537150763,319.63571030148375,317.60944861921615,315.75014855310803,314.04982266542885,312.50005711533305,311.09216125264436,309.8173002020536,308.6666122000338,307.6313118504635,306.70278140319374,305.87263702690734,305.13280000799045,304.4755393892605,303.8935153100035,303.37980148971474
0.0009337636992374952,438.81882744611215,438.5844088866294,437.8836627703902,436.72421331327615,435.1185695420304,433.0838965897587,430.64169472440733,427.81735928124624,424.6397054363256,421.14046508208463,417.3536933248349,413.315181173011,409.0618834907448,404.6313162842034,400.0610015711118,395.3879453623316,390.6481417765426,385.8761446150745,381.10468594059705,376.364366606129,371.68338546834934,367.0873642896362,362.5991969270336,358.2389843365544,354.0240015956956,349.9687325421873,346.0849321011091,342.3817323084884,338.86577489245826,335.54137975616743,332.41071842444853,329.4740083657143,326.72971602939043,324.1747674920953,321.80473782628803,319.6140724204039,317.5962642226525,315.74404786805206,314.0495706554859,312.50455002747026,311.10042164774484,309.8284707851188,308.6799487319363,307.6461753969924,306.71863014584835,305.88901789868544,305.1493402518236,304.49193827231,303.90953607635294,303.39526369186694
0.0009387636992374952,437.77094411519573,437.53908716496346,436.84598996440786,435.6991684229689,434.11095432100944,432.0982707066228,429.68231657747316,426.8881341971124,423.7441419679317,420.28163984375425,416.5342254728056,412.53721637245906,408.3270869509399,403.9408750577138,399.41563509210954,394.78792349191133,390.09330964635933,385.3659530077754,380.6382262807701,375.9404092293597,371.3004204401125,366.74364326783916,362.292775533736,357.9677638630298,353.7857693918644,349.7612003656578,345.90577189066994,342.2286089944488,338.736375919813,335.43344102929206,332.32204670760217,329.4025000590514,326.6733724049888,324.13170644565986,321.7732026157155,319.59243720496954,317.5830370856229,315.73787134104646,314.0492201629007,312.50893056495664,311.1085629570956,309.83952133621267,308.69316878927594,307.66092942283257,306.73437876107687,305.9053096619388,305.165803352692,304.5082723699979,303.925504365376,303.4106853345996
0.0009437636992374952,436.7347639287055,436.5054342099198,435.81988336279653,434.6855207122851,433.1145036033737,431.1235168214086,428.7334628217368,425.96903629702416,422.8582650024493,419.43202355209456,415.7234590401156,411.76742253960356,407.59991504050885,403.2575031132003,398.7767801276366,394.1938591357502,389.5438904852201,384.8606443944059,380.1761386957317,375.5203358889101,370.9208774347924,366.40291074934805,361.9889394254851,357.69875693466565,353.54941106026376,349.5552345042815,345.72790212147163,342.07653107635326,338.60780691348066,335.3261449478306,332.2338566850856,329.33133695487334,326.61725992441944,324.0887828293834,321.7417293600411,319.5708046269776,317.5697674043199,315.73161929053725,314.04877154873736,312.5131990717418,311.1165854650697,309.850452052349,308.70627246611514,307.6755739133553,306.7500271275202,305.92151209629765,305.1821890029821,304.524541301799,303.94141973928646,303.42606593880794
0.0009487636992374952,435.7101448191723,435.4833084308385,434.8052027962406,433.68313235022237,432.1290827685278,430.1595043353258,427.79500761706333,425.0599451503315,421.9819600747181,418.5915081625269,414.92129275370826,411.0057054191702,406.88028066547986,402.58112056307675,398.14436394933955,393.60568659313867,388.9998254131233,384.3601664433339,379.7183770749976,375.10410632401374,370.54472163633693,366.0651369345059,361.6876633771003,357.4319424542349,353.31490918856787,349.35082079821444,345.5513114704408,341.92548967394555,338.4800610678101,335.2194864412239,332.14614471260677,329.2605165581049,326.5613769968323,324.04599574324664,321.7103176672553,319.5491746485935,317.55645536829184,315.72529203144404,314.04822517359804,312.5173558941809,311.1244894610071,309.8612631376895,308.7192598654215,307.6901088641531,306.765575134919,305.93762499295644,305.19849690672817,304.5407446985846,303.9572817711585,303.44140503548067
0.0009537636992374952,434.69694598849696,434.4725695010692,433.80180934347675,432.6918667276552,431.1545583819792,429.2061037911382,426.8668262125535,424.1607413566735,421.11511368552726,417.7599865279799,414.127626166789,410.25197150937277,406.16809741227917,401.91164812787633,397.51831436653237,393.0233406332992,388.46105595573556,383.8644671684174,379.26489559795004,374.6916805130354,370.1719184221778,365.7302921766574,361.3889222810515,357.16729941180785,353.0822464261769,349.14794512826114,345.3759886382252,341.7754759175301,338.3531315779063,335.11346043279514,332.0589071353862,329.19003636090054,326.5057220180101,324.00334427457915,321.6789671343816,319.5275472233645,317.54310116121155,315.71888987572385,314.0475813980166,312.5214013812881,311.13227523935666,309.8719548036006,308.73213109906203,307.70453428098966,306.7810226840369,305.9536481545816,305.21472677951664,304.556882202531,303.973090044845,303.4567021656311
0.0009587636992374952,433.69502792253854,433.4730783725511,432.80956534584607,431.7115884718413,430.19079820977316,428.2631868875039,425.948794960757,423.27130656002885,420.2576133154664,416.9373524124975,413.3423596721468,409.50612807490205,405.4632795603445,401.24900714844443,396.89855973792737,392.44675650661907,387.9275240550923,383.37349493914223,378.81564874339125,374.28301868242056,369.8024333715632,365.3983469898584,361.0926911545455,356.90480689121995,352.8514054900755,348.94659342113897,345.20192235388447,341.6264809521135,338.2270116432506,335.00806184288064,331.97214029083324,329.11989384490073,326.4502933722431,323.9608274995892,321.64767734870213,319.505922297176,317.52970496160333,315.71241313290005,314.04684058282294,312.5253358849676,311.1399430998016,309.88252726869723,308.7448862877863,307.7188501797424,306.7963696865768,305.96958139521513,305.2308783483867,304.5729534670245,303.9888441548926,303.4719568802262
0.0009637636992374952,432.7042524041489,432.48469728884254,431.82833442030983,430.7421634594096,429.23767123143995,427.33062649185894,425.04079133047014,422.3915234613993,419.40934743745964,416.12350050358725,412.5653945142764,408.7680831587807,404.7657420936687,400.5931195971301,396.2850289824336,391.87586995501636,387.3991720794981,382.8871984900271,378.3705912984251,373.8780813150353,369.436232273341,365.06927205609236,360.7989451461704,356.64444407614684,352.6223691703456,348.7467516544401,345.0291013793181,341.4784959413189,338.1016944711264,334.9032855917949,331.8858405110802,329.05008648337025,326.39508943410544,323.91844448481436,321.616447888917,319.4842998091568,317.51626694352603,315.70586211055894,314.04600308948307,312.5291597602255,311.14749334736973,309.8929807588753,308.7575255612023,307.73305658633893,306.8116160650927,305.9854245401748,305.2469513517275,304.58895815656354,304.00454370645474,303.4871687401131
0.0009687636992374953,431.72448252472947,431.5072897966771,430.85798147100127,429.7834588279044,428.29504765152114,426.40829665191563,424.1426939181868,421.52127583018944,418.57020552804624,415.31832642336997,411.7966328003595,408.0377455931367,404.0754007113251,399.94390808802166,395.6776515890634,391.31061722148047,386.8759428326642,382.4055269293275,377.9296783667013,373.4768291579255,369.0732811332168,364.74303823201484,360.50765954212,356.3861902558057,352.39512033534896,348.54840586130325,344.85751451343947,341.3315120710805,337.97717327985606,334.7991266026346,331.8000041253826,328.98061174322356,326.3401085701374,323.8761942884941,321.58527832624077,319.4626796925322,317.5027872772164,315.6992371148133,314.0450692804136,312.532873365363,311.1549262925296,309.9033155073335,308.7700490577439,307.74715353668665,306.82676175289714,306.0011774259498,305.262945539173,304.6048959466596,304.0201883152021,303.5023373159444
0.0009737636992374953,430.75558269438244,430.5407207561172,429.89837269938675,428.83534298595606,427.36279890974936,425.4960726058426,423.25438245826786,420.66044851434765,417.7400780774703,414.5217267385872,411.0359775101583,407.3150250089467,403.392171837022,399.30129588627307,395.0763576259913,390.7509350588244,386.35777956211973,381.92842974707173,377.4928653760471,373.07922322952254,368.71354618051083,364.41961655524676,360.2188097720143,356.13002483029913,352.1696419365934,348.35154213480877,344.68715059610986,341.1855205531308,337.8534413018592,334.69557980393097,331.71462746238967,328.91146708694123,326.28534914043814,323.83407596186913,321.5541682254394,319.44106187542985,317.4892661296942,315.69253845073695,314.0440395192729,312.53647706215065,311.16224225127223,309.9135317545847,308.78245692462974,307.76114107659714,306.8418066939636,306.0168399000939,305.2788606714936,304.6207665237343,304.0357776072318,303.5174621881007
0.0009787636992374953,429.7974186507267,429.58485634937585,428.949375613105,427.8976856221461,426.44079768994357,424.5938307911913,422.37573783189146,419.80892744932805,416.9188565986341,413.7335989695232,410.2833325048754,406.59983184479916,402.71597262773287,398.66520691656314,394.48107774880253,390.19676073768574,385.8446259669282,381.4558568224601,377.0601080855188,372.68522482631795,368.35699387443617,364.0989782502388,359.9323714143369,355.87592731561676,351.9459170132977,348.1561466321091,344.5179985118411,341.0405126282871,337.7304917865396,334.59264013215517,331.6297068522914,328.8426499743842,326.23080950017265,323.79208855040946,321.52311714580947,319.41944628163895,317.4757036653307,315.6857664227704,314.04291417123096,312.53997121598627,311.16944154518154,309.9236297484573,308.79474931781635,307.77501926170487,306.85675084282525,306.03241182111464,305.2946965204855,304.63656958501525,304.05131121897375,303.532542946612
0.0009837636992374953,428.8498574664438,428.63956408837225,428.0108590335497,426.97035771263177,425.52891792768617,423.7014488526308,421.5066420748453,418.96659966593086,416.1064336349729,412.95384159789216,409.53860253502705,405.89207735472326,402.04672098144584,398.035565770728,393.89174320797184,389.6480320538123,385.33642620474376,380.98775843065596,376.63136259189605,372.2947955290341,368.0035909099203,363.7810947337243,359.64832020150345,355.62387734831134,351.72392869666857,347.9622055783054,344.3500471932774,340.89647956954747,337.6083180030073,334.49030253408415,331.5452386288475,328.77415786450763,326.17648800099676,323.75023109497624,321.4921246421027,319.3978328313258,317.4621000463819,315.67892133509804,314.0416936032161,312.5433561960368,311.17652450149035,309.9336097440883,308.8069264019431,307.7887881573811,306.8715941644705,306.0478930583604,305.3104528688573,304.65230483842976,304.066788797096,303.54757919107726
0.0009887636992374953,427.912767555619,427.7047128210846,427.0826931022581,426.0532315275912,424.62703481684235,422.8188056485503,420.6469783842159,418.13335329707695,415.30270276730363,412.18235407374306,408.8016932473812,405.1916736151306,401.38433554407584,397.4122977146083,393.3082858556067,389.10468733466547,384.8331248982362,380.5240852489981,376.20658533564733,371.90789720831276,367.653304222991,363.4659376197794,359.3666320245809,355.373854689862,351.5036602139014,347.76970527008353,344.18328562446743,340.7534126850044,337.48691324264485,334.38856196903316,331.4612191313038,328.70598821698155,326.1223829924034,323.7085026329181,321.4611902653985,319.3762214417072,317.44845543348896,315.6720034920009,314.04037818414383,312.54663237536414,311.1834914531265,309.94347200390666,308.8189883502712,307.8024478386424,306.886336634233,306.063283491904,305.3261295101152,304.66797200249647,304.08220999840785,303.56257053058204
0.0009937636992374953,426.98601867893706,426.7801727367616,426.16474928616634,425.1461806365504,423.73502481497803,421.94578125658643,419.7966311240332,417.30907758356955,414.5075586196972,411.41903682142964,408.0725111910029,404.4985335309104,400.7287357155782,396.79532869414663,392.7306381514927,388.56666544537353,384.3346671409158,380.06478836265995,375.7857331063897,371.5244920299439,367.3061009957455,363.15347872451076,359.08728293767086,355.1258392307405,351.2850948919182,347.57863207911817,344.0177028439335,340.6113033205837,337.36627082152347,334.2874134109603,331.3776447061999,328.6381384937204,326.0684928229939,323.66690219910646,321.4303135639259,319.3546120276838,317.4347699861464,315.66501319818326,314.0389682851248,312.5498001310368,311.19034273874763,309.95321679760957,308.8309353446177,307.81599839005634,306.9009782376811,306.0785830124245,305.34172624844564,304.6835708062157,304.0975744897623,303.57751658361576
0.0009987636992374953,426.0694819477922,425.8658153700494,425.2569003817896,424.2490799126461,422.85276564773505,421.0822569781283,418.9554858299199,416.49366287889313,413.72089686442376,410.6637912446914,407.3509638224535,403.81257084072126,400.07984165530456,396.18458534077274,392.15873316847205,388.0339057940669,383.84099850238624,379.6098192697825,375.3687630478675,371.1445424596558,366.96194866092395,362.8436900703838,358.8102491619742,354.8798109941927,351.06821616085426,347.3889724552562,343.8532879475491,340.47014286261697,337.2463840826754,334.18685185044876,331.29451170907487,328.57060616032595,326.01481584167806,323.6254288269122,321.39949408383876,319.3330045024354,317.42104386314054,315.65795075907647,314.0374642796555,312.55285984422807,311.1970787027651,309.9628444021306,308.84276757528255,307.82943990564115,306.9155189705026,306.0937915210863,305.35724289859627,304.69910098895815,304.112881947956,303.5924169779864
0.0010037636992374953,425.16302982736704,424.96151360409107,424.3590205183813,423.36180553588224,421.98013631221386,420.228115341854,418.1234292127979,415.6870006530994,412.94261422601915,409.9165197308904,406.63695951018394,403.13370012151944,399.4375742866361,395.57999497611127,391.5925045971887,387.50634833662326,383.352065033052,379.15912988610677,374.9556326624709,370.7680112674881,366.6208149061033,362.5365438902118,358.53550708954947,354.635750139749,350.85300755730447,347.20071292948967,343.69003009123264,340.32992274025423,337.12724639822943,334.0868722965728,331.21181650607286,328.5033886874485,325.96135039880505,323.58408154912576,321.36873136994456,319.3113987779796,317.40727722295856,315.65081648111993,314.0358665437914,312.55581190030057,311.203699695359,309.97235510160056,308.8544852409709,307.84277248876305,306.92995883838677,306.1089089294165,305.37267928575517,304.7145623003521,304.12813205962914,303.6072713507347
0.0010087636992374954,424.2665361387347,424.0671416726518,423.47098516012426,422.4842349954288,421.11701707941756,419.38324010634705,417.3003491616994,414.8889834958252,412.1726084845128,409.1771256544473,405.9304075381632,402.46183679235935,398.80185530093144,394.981485616044,391.03188675023114,386.98393358085235,382.8678132683069,378.71267254912675,374.54629981531804,370.394861531765,366.2826676775311,362.2320126308194,358.2630332867816,354.39363696647547,350.63945272734105,347.01384011672695,343.5279184934644,340.19063442772494,337.0088511714167,333.98746977865187,331.1295554754557,328.4364835520682,325.90809484723,323.5428593988242,321.3380249663901,319.2897947656955,317.39347022417087,315.64361067202077,314.0341754563038,312.55865668887867,311.21020607248334,309.9817491873021,308.86608854871133,307.8559962520295,306.94429785690454,306.12393515917995,305.3880352454293,304.7299545001692,304.143324521163,303.6220793480474
0.0010137636992374954,423.37987606003463,423.18257516131877,422.5926711074054,421.6162470910149,420.2632894958035,418.5475162618405,416.48613474572824,414.0995051184874,411.410778477864,408.4455133795147,405.23121810878024,401.79689711750535,398.17260716082205,394.38898597415937,390.4768145657012,386.4666025901479,382.38819023222914,378.2704000217893,374.14072273792004,370.0250566426904,365.94747518361453,361.930068956396,357.9928044975714,354.15345191597703,350.4275354293118,346.82834071837203,343.36694243763696,340.05226944645307,336.8911918384498,333.88863934789777,331.04772500902425,328.36988823870155,325.8550475433168,323.5017614101862,321.30737441730594,319.26819237681474,317.37962302578643,315.6363336409932,314.03239139882095,312.5613946039096,311.2165981958632,309.99102695761786,308.8775777137682,307.8691113171792,306.9585360513862,306.1388701422528,305.4033106233205,304.7452773582098,304.15845903857763,303.63684062516893
0.0010187636992374954,422.50292612677146,422.30769100782743,421.72395649722057,420.7577219334637,419.4188363839912,417.72083003113545,415.6806762152174,413.3184603556989,410.6570241036453,407.7215882619299,404.53930234505606,401.13879820888735,397.5497531028888,393.80242546461966,389.9272236102381,385.9542969866305,381.9131434408056,377.83226549575977,373.7388600314491,369.6585603055796,365.6152058980821,361.6306857515535,357.7247976462612,353.91517557516596,350.2172395364296,346.6442015247193,343.2070912742441,339.91481936703383,336.77426187028334,333.7903760789607,330.96632151345494,328.3036002405358,325.8022068478823,323.4607866192591,321.276779267411,319.24659152288075,317.36573578758384,315.62898569897845,314.03051475595475,312.5640260437127,311.222876432983,310.00018871797226,308.88895295955115,307.88211781496966,306.97267345679643,306.1537138204951,305.418505275201,304.7605306541867,304.17353532742777,303.6515548463125
0.0010237636992374954,421.6355642312834,421.44236750155835,420.8647208027581,419.90854094441397,418.5835418426707,416.90306886973553,414.883865002122,412.545745165943,409.91124632001174,407.00525665048093,403.85457229220196,400.4874580279352,396.9332171397494,393.2217342044745,389.383050081524,385.4469589538095,381.4426209047097,377.39822259427586,373.3406706696287,369.295336543748,365.28582856283253,361.3338361241023,357.4589898403078,353.67878867880427,350.0085490391632,346.4614094171743,343.0483544229172,339.7782758110767,336.6580547742603,333.69267507137783,330.88534141155304,328.23761706049424,325.74957112708285,323.41993406467884,321.2462390625791,319.22499211617736,317.3518086704187,315.621567158847,314.02854591541353,312.5665514110191,311.22904115706774,310.00923478076885,308.90021451751977,307.8950158850613,306.98671011760814,306.1684661456207,305.4336190667879,304.77571417760765,304.18855311269806,303.66622168457
0.0010287636992374954,420.7776696214247,420.586484282251,420.01484483220196,419.0685868552714,417.75729124575275,416.0941214652407,414.0955937196916,411.7812566315489,409.17334714599485,406.2964258875247,403.1769409185561,399.8427953868219,396.3229240615884,392.64684301544855,388.8442308102978,384.9445312387854,380.97657113165394,376.9682253746096,372.94611400126433,368.93534970107044,364.95931219048623,361.0394934075593,357.1953583727137,353.4442721118319,349.80144804743725,346.27995137030626,342.8907213743162,339.64263045292296,336.54256409564954,333.5955314509281,330.8047811434276,328.1719362122359,325.6971387532467,323.3792027883451,321.21575335037073,319.20339407012966,317.3378418365076,315.61407833558206,314.02648526810077,312.5689711130009,311.23509274705685,310.0181654653212,308.91136262708494,307.9078056758994,307.0006460876743,306.1831270790673,305.4486518736164,304.7908277276584,304.20351212869804,303.6808408218221
0.0010337636992374954,419.9291228985059,419.7399223379754,419.1742107268011,418.2377437054338,416.9399712408043,415.2938777360397,413.3157561614576,411.024892958003,408.4432296611551,405.5950043089891,402.50632211593324,399.20472994914905,395.71879943715714,392.077683425231,388.3107032619012,384.44695715401633,380.51494312833785,376.54222833015615,372.55514975243193,368.5785644442292,364.6356260666525,360.7476311633989,356.9338807242299,353.21160691149004,349.5959207926513,346.0998144537411,342.7341816918793,339.5078750212416,336.42778341907865,333.4989403708993,330.7246371675921,328.1065552210929,325.6449081056545,323.3385918360544,321.1853216805286,319.1817972996764,317.3238354496923,315.6065195464481,314.02433320820273,312.57128556129146,311.2410315875712,310.02698109778004,308.92239753550734,307.9204873445942,307.0144814300981,306.1976965918644,305.4636035809125,304.80587111308347,304.2184121189554,303.69541194864576
0.0010387636992374954,419.0898060145315,418.90256400240463,418.3427019582416,417.4158968398271,416.1314697468062,414.50222882933906,412.54424729957464,410.27655347263305,407.7207980046299,404.9009012437922,401.84263069941585,398.5731822300995,395.12076961427124,391.51418766829113,387.7824055373811,383.9541805786717,380.05768640201256,376.12018639216876,372.16773802834126,368.22494576466374,364.3147397519281,360.45822318306136,356.6745345653392,352.9807742692492,349.3919516295255,345.9209858339027,342.5787250134415,339.37400130050924,336.3137063698684,333.40289701327004,330.64490596199227,328.0414716249471,325.59287757127004,323.2981002580923,321.1549436054423,319.16020172161757,317.30978967568143,315.5988911111422,314.0220901332624,312.5734951719967,311.24685806887385,310.0356820110557,308.9333194977919,307.93306105679824,307.0282162171019,306.2121746645011,305.47847408346445,304.8208441520675,304.23325283611024,303.70993476422365
0.0010437636992374954,418.25960226877555,418.0742929514254,417.5202033253624,416.6029329057929,415.33167595127213,413.71906711856593,411.78096328255054,409.5361386226981,407.00595737360567,404.21402701271097,401.1857824066186,397.9480735960898,394.52876171983246,390.9562886862454,387.25927637417124,383.4661459595916,379.6047509616801,375.70205493115594,371.78383931488906,367.8744589802392,363.99662308363804,360.1712434897286,356.4172977580313,352.7517555325515,349.1895250377819,345.7434527756086,342.4243410527248,339.2410011323817,336.20032661527114,333.30739658981065,330.5655840249667,327.97668297505027,325.5410455454236,323.25772710978737,321.1246186805804,319.13860725493595,317.29570468227445,315.5911933519318,314.01975644424425,312.575600365698,311.25257258682507,310.04426854473604,308.94412877658044,307.9455269865821,307.041850529895,306.22656128679256,305.49326328549495,304.83574667211536,304.24803404180705,303.7244089762504
0.0010487636992374955,417.43839630373157,417.25499419912467,416.7066009502517,415.79873984936205,414.540480306763,412.9442862001786,411.0258014323987,408.8035499729191,406.2986140212506,403.5342929267276,400.5356938964531,397.3293262639452,393.94270365939906,390.4039201277991,386.74125514637393,382.98279831187483,379.15608731894713,375.28778975795956,371.4034144799192,367.52706973664453,363.6812461773319,359.88666633987935,356.1621483573799,352.52453220637597,348.9886256236679,345.5672026435269,342.2710196007078,339.1088664169579,336.08763786561997,333.21243434310696,330.4866678761414,327.91218683678903,325.4894104324506,323.21747145202767,321.0943464648937,319.1170138210957,317.2815806395664,315.5834265937769,314.01733254558667,312.577601567448,311.2581755428313,310.05274104500074,308.9548256420411,307.9578853163087,307.0553844585402,306.24085645774585,305.5079711005308,304.85057850993263,304.26275550658784,303.7388343008406
0.0010537636992374955,416.626074100473,416.4445540931884,415.9017822737584,415.00320691095084,413.7577745268327,412.17778088991946,410.2786602412458,408.07869020247824,405.59867525413307,402.86161128488334,399.8922827474201,396.71686329962614,393.36252411633,389.8570163482852,386.2282818646648,382.5040832191123,378.7116464885496,374.8773471245287,371.02642477420227,367.18274400853625,363.3685794280488,359.60446622463377,355.90906461292997,352.29908595463417,348.78923812133047,345.3922229035018,342.11875052688,338.97758911394567,335.9756338753908,333.11800554751056,330.40815405726255,327.8479807903985,325.43797064628654,323.17733235174245,321.06412652118945,319.09542134431865,317.2674177201354,315.5755911644403,314.01481884524503,312.57949920675816,311.26366734378945,310.06109986453237,308.96541037175587,307.9701362365061,307.0688181018195,306.2550601854257,305.52259745127446,304.8653395113049,304.27741700978373,303.7532104624348
0.0010587636992374955,415.82252297345883,415.6428603097464,415.1056360504534,414.2162246205123,412.98345158143684,411.4194472185405,409.53943936742553,407.36146310152026,404.9060494291582,402.1958953716669,399.25546745545665,396.11060861652766,392.7881525505246,389.3155124088215,385.72029717583763,382.0299468332865,378.27137998856585,374.47068372440566,370.65283183215104,366.8414481004388,363.05859351136,359.3246178708985,355.658024969906,352.0753986014066,348.59134739404783,345.21850112375273,341.9675237803854,338.84716124373097,335.86430844418214,333.02410551001844,330.3300391329695,327.7840624316253,325.38672461102146,323.13730888235017,321.03395841647927,319.0738297518388,317.2532160992131,315.5676873945844,314.01221575472596,312.58129371758,311.26904840202627,310.0693453624238,308.9758832506053,307.9822799457386,307.08215156709934,306.2691724868189,305.5371422694733,304.88002953097737,304.2920183394072,303.76753719370623
0.0010637636992374955,415.0276315648168,414.8498018476954,414.3180523430725,413.43768479217465,412.217405691837,410.66918242703446,408.8080396310877,406.6517735671815,404.22064595004736,401.53705945396297,398.6251674313605,395.51048697337797,392.21951919678037,388.7793440751072,385.21724236201084,381.56033587435206,377.83523984033445,374.0677566929377,370.2825976722833,366.5031486474143,362.7512593842026,359.0470962423219,355.40900807024894,351.8534521320246,348.39493843532426,345.04602497595397,341.81732939106183,338.71757488835556,335.75365541761636,332.93072957108603,330.25231969151116,327.72042937234414,325.3356707614147,323.09740012417467,321.00384172230065,319.0522389741365,317.23897595483993,315.5597156178556,314.00952368911123,312.5829855382801,311.27431913523276,310.0774779040827,308.9862445706525,307.9943166504768,307.0953849701946,306.2831933876995,305.5516054957901,304.89464843253415,304.3065592920434,303.78181423546647
0.0010687636992374955,414.24128983813466,414.0652690225324,413.5389225164725,412.66748051839744,411.459532325028,409.9268849613985,408.08436300935176,405.9495275991764,403.5423752633886,400.8850187775871,398.00130299781824,394.9164239717568,391.6565550627904,388.2484478158782,384.7190593395127,381.0951976295176,377.403178568092,373.6685236072304,369.915684697446,366.16781261551387,362.44654828551324,358.7718765400673,355.16199275349015,351.63322869400747,348.19999636985676,344.8747822362001,341.66815747037924,338.58882219240843,335.6436686881664,332.8378731053757,330.1749923454088,327.6570792411283,325.28480754337266,323.057605164831,320.97377601501495,319.0306489451537,317.2246974680048,315.5516761709582,314.00674306707447,312.5845751116083,311.27947996639523,310.08549786113315,308.996494631024,308.0062465649672,307.10851843523255,306.29712292249286,305.56598707967294,304.90919608827767,304.3210396727418,303.7960413365713
0.0010737636992374955,413.46338907179154,413.28915345972734,412.76813923112934,411.9055061636752,410.70972818772066,409.192454466959,407.3683126310311,405.2546322949652,402.87114885428207,400.23968956342986,397.3837953860576,394.32834605325513,391.0991919267999,387.72276080103984,384.2256906574628,380.6344799522416,376.9751491983464,373.27294248585497,369.5520556948132,365.83540730202094,362.14443173667246,358.49893420341635,354.9169580574711,351.4147105978614,348.00650645437753,344.7047607858621,341.51999821228407,338.4608953638344,335.5343421959104,332.74553152244494,330.09805373206655,327.59400968377787,325.2341334143912,323.0179230995816,320.9437608760808,319.0090596024901,317.2103808227712,315.5435693937168,314.00387431088933,312.58606288466086,311.2845313237215,310.0934056113151,309.00663373779014,308.0180699111005,307.1215520945164,306.3109611341399,305.5802869792246,304.9236723791074,304.33545929490776,303.8102182538263
0.0010787636992374955,412.69382185185555,412.5213480876646,412.0055964362076,411.1516573578154,409.9678912199031,408.46579178228546,406.6597927709545,404.5669958445304,402.20687924160546,399.6009890032334,396.7725667321473,393.74618049629834,390.5473623349415,387.2022208994956,383.73707949606694,380.1781312609608,376.5511052589988,372.8809717883229,369.19167383566895,365.505900335497,361.8448815417696,358.2282449102077,354.673883218916,351.1978803177458,347.81445407838004,344.53594861234126,341.3728418939517,338.3337866746633,335.42566992921917,332.65370026737594,330.0215005143333,327.5312183638062,325.18364684396346,322.978353031666,320.9137958923066,318.98747088758296,317.19602620638875,315.5353956291292,314.00091784643047,312.5874493088385,311.28947364056455,310.1012015383813,309.0166622038437,308.0297869182788,307.1344860883883,306.3247080739615,305.59450516107285,304.93807719439997,304.34981798019345,303.82434475189194
0.0010837636992374956,411.93248206457685,411.7617471301792,411.2511893622267,410.405830988818,409.2339205880106,407.74679893271696,405.9587088439099,403.8865275247843,401.54947997292066,398.96883525502295,396.16754007296436,393.1698554126502,390.00099959826713,386.6867666766887,383.2531696646416,379.72610053756335,376.1310007782288,372.4925704143401,368.8345026749872,365.1792596756419,361.5478697876968,357.95978457712226,354.43274767386424,350.98272049201523,347.6238247647332,344.36833380972297,341.2266788764531,338.20748846166435,335.317645925378,332.5623748213501,329.94532938101787,327.46870296288773,325.1333463139556,322.93889407260315,320.8838806560814,318.965882745869,317.1816338093935,315.52715522340907,313.9978741031675,312.5887348397983,311.29430735534197,310.1088860319917,309.02658034877714,308.04139782328343,307.14732056509234,306.3383638015225,305.6086416002404,304.9524104318875,304.3641155583898,303.8384206031897
0.0010887636992374956,411.17926488850105,411.01024609871524,410.50481451335213,409.6679251953831,408.5077166777265,407.0353791235276,405.26496739823267,403.21313769362996,400.89886561904586,398.3431474382134,395.5686393418493,392.5992997436186,389.4600377894956,386.1763373918725,382.77390559938226,379.27833732562283,375.7147902831553,372.107697702854,368.48050615081854,364.8554536129762,361.2533688440815,357.69352935982033,354.1935310579712,350.7692139236422,347.4346041701899,344.20190457933825,341.08149960533916,338.08199312692864,335.2102642711472,332.47155070216957,329.86953704735913,327.40646118126824,325.08323031895264,322.89954534246925,320.85401476558565,318.9442951269317,317.1672038256946,315.5188485260197,313.99474351415165,312.58991993740295,311.2990329114525,310.116459487607,309.03638849875927,308.052902870141,307.16005568063747,306.35192838449643,305.622696280015,304.96667199753796,304.37835186731763,303.8524455878066
0.0010937636992374956,410.43406678622887,410.26674178413026,409.76636965933363,408.93783935906765,407.78918108643836,406.33143673275254,404.57847610906293,402.5467377836994,400.254951768312,397.72384562841137,394.9757893639677,392.03444325597957,388.92441173949106,385.6708729951274,382.29923236089155,378.83479172840595,375.30242879828586,371.7263134309021,368.12964858349613,364.5344507683561,360.9613513630658,357.42945565294053,353.95621320668243,350.55734358052723,347.2467780857949,344.0366492302354,340.93729461114674,337.9572931383843,335.1035191032639,332.381223464729,329.7941202554539,327.34449073814005,325.03329736657366,322.8603059701519,320.824197824983,318.922707984633,317.1527364526505,315.5104758896995,313.99152651599763,312.59100506566364,311.3036507571905,310.12392230637954,309.04608698641084,308.06430230999,307.17269159866055,306.3654018985296,305.63666919182,304.9808618054347,304.3925267527196,303.86641949340077
0.0010987636992374956,409.69678549584495,409.53113224817014,409.0357538271159,408.2154740961198,407.0782166153742,405.6348773036975,403.8991437712921,401.8872402957884,399.6176550205253,397.11085085193196,394.38891585139663,391.4752165376371,388.39405703348956,385.1703141241363,381.8290956314808,378.39541440666676,374.89387184376665,371.3483778122761,367.7818946746679,364.2162200923307,360.6717902789409,357.1675400899662,353.72077415528906,350.3470925957011,347.0603324371967,343.87255617956686,340.7940545098305,337.83338103024573,334.9974046088879,332.29138870143856,329.7190757746448,327.28278937198263,324.9835459777603,322.82117509358125,320.7944294445945,318.9011212772308,317.1382318911342,315.502037670479,313.9882235488584,312.5919906926804,311.3081613456569,310.131274895043,309.05567615067906,308.07559640094706,307.18522849028915,306.37878442710644,305.6505603350852,304.99497977765634,304.406640068152,303.880342115107
0.0011037636992374956,408.9673200220393,408.80331681463633,408.31286729214355,407.5007312490076,406.3747272614372,404.94560753715433,403.2268802922199,401.2345587920076,398.98689298065335,396.5040850800486,393.8079453979538,390.92155099303574,387.86891000708886,384.6746021007367,381.36344171225755,377.96015657623985,374.48907543344376,370.9738514960101,367.43720950616785,363.90073086434825,360.3846588076437,356.90775954296697,353.4871941388693,350.138444267426,346.8752532848689,343.70961395289675,340.65177000312354,337.7102494034025,334.89191502599385,332.202042042603,329.6444004018689,327.22135484087227,324.93397468703785,322.7821518599398,320.7647092410548,318.87953496748406,317.1236903455874,315.4935342276907,313.98483505639484,312.59287729057814,311.3125651346685,310.13851766580126,309.06515633671233,308.0867854079727,307.19766653400507,306.39207606141457,305.66436971711806,305.00902584415746,304.4206916748764,303.89421325544225
0.0011087636992374956,408.2455706269426,408.0831960602682,407.5976115693818,406.7935138776668,405.67861820876334,404.26353528334005,402.56159668394184,400.58860788867077,398.36258425225475,395.9034712229924,393.23280547378477,390.3733788383412,387.3489077420163,384.18367892725985,380.90221752001366,377.52897000544516,374.0879960727476,370.602695564703,367.09555853873235,363.58795269182195,360.0999304461243,356.65009112222145,353.255453592124,349.93138205919996,346.69152682424595,343.5478111844304,340.51043187883187,337.58789092574807,334.78704464371344,332.1131791567555,329.5700909619702,327.1601849227597,324.88458204275173,322.743235425852,320.73503683745264,318.8579490227434,317.10911202406623,315.4849659239712,313.981361485741,312.59366533543937,311.31686258666423,310.14565103621516,309.0745278957337,308.0978696027374,307.2100059155077,306.40527690021037,305.6780973529752,305.02299994264916,304.43468144175273,303.9080327242109
0.0011137636992374956,407.53143882069656,407.37067180535996,406.88988940407353,406.09372625048724,404.9897958200187,403.5885695335819,401.9032050554854,399.9493032489363,397.74464843066846,395.3089331237203,392.6634244197255,389.83063309640374,386.8339880616886,383.697487282672,380.4453705839248,377.1018070123143,373.6905907564102,370.2348715326857,366.75690761057297,363.2778555090613,359.81757897159014,356.3945121757289,353.02553314910904,349.7258895996702,346.50913938577554,343.3871366171726,340.37003101106376,337.4662983324547,334.68278780262915,332.02479575095214,329.4961443079774,327.09927741572005,324.83536660728026,322.7044249575539,320.70541186345565,318.8363634150313,317.09449713827706,315.4763331252571,313.9778032874634,312.59435530723385,311.32105416861106,310.152675429089,309.08379118491405,308.10884926348814,307.2222468275781,306.41838704968507,305.6917432653347,305.0369020184806,304.4486092451315,303.92180033841095
0.0011187636992374956,406.8248273517787,406.6656471041334,406.1896047622523,405.40127383505603,404.3081676274571,402.92062041176473,401.2516186047127,399.31656157522093,397.13300609598053,394.72039555146443,392.099731441455,389.2932475915195,386.3240895265777,383.2159705185311,379.99284904207326,376.67862046165106,373.2968169660261,369.87034134404155,366.4212229358119,362.9704095760775,359.53757844063443,356.14100028861424,352.79741364287327,349.52195068245913,346.32807743489576,343.2275791030166,340.2305583603993,337.34546442619376,334.5791388950224,331.936887571026,329.4225573213481,327.038630138174,324.78632695722365,322.6657196310446,320.6758339554208,318.8147781211099,317.07984590360365,315.46763620077445,313.9741609155175,312.59494768974497,311.3251403519062,310.15959127235607,309.09294656724603,308.1197246749142,307.2343894699431,306.43140662333167,305.7053074843687,305.05073202452013,304.46247496874673,303.9355159221398
0.0011237636992374957,406.12564019710067,405.9680262348829,405.49666282103016,404.7160632886771,403.6336423237569,402.25959916555956,400.60675161000836,398.6903006014005,396.52757880578315,394.13778419508066,391.5416566034511,388.76115694400266,385.81915142939454,382.7390726547681,379.54460163780635,376.25936376193516,372.9066326674655,369.5090673704885,366.0884711027901,362.6655854772705,359.2599031882557,355.88953328243304,352.5710761050043,349.31954926590925,346.1483275719367,343.0691276027677,340.0920049740027,337.2253820773068,334.476092365078,331.8494504018046,329.3493269121821,326.9782409290836,324.7374616835721,322.6271186322208,320.6463027564903,318.7931931225387,317.06515853912646,315.458875523022,313.970434827198,312.59544297049416,311.32912161227955,310.16639899896313,309.1019944114164,308.1304961280141,307.24643404914036,306.4443357418121,305.7187900476168,305.06448992103833,304.4762785036098,303.9491793065006
0.0011287636992374957,405.4337825518978,405.2777146899141,404.81096995867733,404.0380024486851,402.9661297526513,401.6054181574495,399.9685194217672,398.0704390848168,395.9282890877424,393.5610256562103,390.9891308227664,388.2342965645819,385.31911379010444,382.26673837530814,379.1005777159398,375.84399086207895,372.5199963081498,369.1510124091322,365.75861907225317,362.3633541200032,358.98452782677305,355.6400892143828,352.3465017650892,349.11866947274996,345.969876531954,342.9117711861056,339.9543619856789,337.1060442239288,334.3736427090473,331.762480067292,329.27645001940425,326.9181076481224,324.6887693918537,322.58862115699367,320.616817916675,318.7716084057213,317.05043526763416,315.45005146774946,313.9666254830874,312.5958416406621,311.3329984296937,310.1730990467546,309.1109350916797,308.14116391996265,307.25838077838387,306.45717453282504,305.7321909998598,305.07817567559,304.49001974790315,303.9627903295086
0.0011337636992374957,404.7491608194278,404.5946191652894,404.13243374451196,403.3670003225685,402.3055408993721,400.95799085556945,399.33683845369785,397.45689679810096,395.3350604319884,392.9900474422679,390.44208586263414,387.71260264863366,384.8239173507843,381.7989130235393,378.6607272188171,375.4324562480487,372.1368668141978,368.7961396800977,365.4316341754256,362.0636867330712,358.71142724464556,355.39264637642435,352.1236720500939,348.919295589691,345.79271118449594,342.75549903148726,339.8176206158798,336.98744387206585,334.2717844753731,331.6759724308174,329.20392361091956,326.8582281758221,324.6402487022618,322.5502264113904,320.58737909292535,318.75002396194304,317.0356763156278,315.4411644139295,313.9627333469996,312.5961441950082,311.33677128824263,310.17969185835653,309.11976898773105,308.1517283539779,307.27022987742964,306.4699231309745,305.7455103929947,305.09178926289803,304.5036986068741,303.97634883599846
0.0011387636992374957,404.07168260049417,403.9186475504006,403.4609629286153,402.70296707792,401.65178788092044,400.31723182437537,398.7116261739583,396.8495945208325,394.7478172833413,392.4247779592696,389.9004543259189,387.19601217026434,384.3335035703344,381.33554259764156,378.22500068223513,375.0247149393569,371.7572035874506,368.44441282404705,365.107484111977,361.7665548650733,358.44057660519945,355.1471832943198,351.90256858366575,348.72141206694715,345.61681853330845,342.60030042599516,339.6817721716607,336.86957409563047,334.170512264776,331.5899233951515,329.13174468374035,326.7986004136971,324.5918982497647,322.5119336116414,320.55798594918923,318.72843978739996,317.0208819133188,315.43221474372655,313.9587588859208,312.59635113178774,311.34044067605043,310.18617788105934,309.12849648457984,308.1621897391898,307.2819815724429,306.48258167763976,305.7587482859093,305.1053306647374,304.5173149927306,303.98985467753084
0.0011437636992374957,403.4012566828102,403.2497089173805,402.79646743138767,402.0458140322284,401.0047839361799,399.6830567151568,398.0928010961358,396.24845403104456,394.1664850333889,391.86514650451375,389.364169648423,386.68446287625216,383.8478146190546,380.8765737457853,377.7933492312437,374.6207224854356,371.380966502384,368.0957958995906,364.7861369478897,361.4719303826888,358.1719513452696,354.9036787265913,351.6831731853646,348.5250035176971,345.4421857159813,342.44616476513266,339.5468080465909,336.75242803643573,334.06982073030633,331.5043289025932,329.0599102640894,326.73922228434714,324.54371668419765,322.47374198425246,320.52863815646094,318.70685588321754,317.0060522946192,315.4232028424593,313.95470256994713,312.5964629526674,311.3440070851679,310.19255756670157,309.13711797242286,308.17254839050787,307.2936360958651,306.49515032084474,305.77190474435906,305.1187998698194,304.5308688245358,304.0033077123003
0.0011487636992374957,402.7377930302189,402.5877135103717,402.13885833296115,401.3954536425266,400.3644434158865,399.055382256407,397.4802827700867,395.65339809658997,393.5909900124242,391.3110832591266,388.8331660920612,386.1778932798607,383.36679337309465,380.42195376120924,377.3657245758301,374.22043496189957,371.00811590291573,367.7502533805988,364.46756111323265,361.1797854688681,357.90552717375994,354.66211166340537,351.46546786982503,348.3300547174805,345.26880000353844,342.2930815525698,339.41271972061935,336.6359989041516,333.9697045773632,331.4191849350273,328.9884174074772,326.68009173154013,324.49570267033806,322.43565076606416,320.49933539281756,318.6852722554635,316.9911876971277,315.4141290985603,313.95056487221973,312.5964801626392,311.34747101146917,310.1988313715527,309.145633846519,308.1828046284912,307.3051936862827,306.50762921512967,305.7849798408438,305.1321968736776,304.5443600281042,304.01670780504304
0.0011537636992374957,402.0812027717822,401.9325727346642,401.4880478624808,400.75179949490985,399.73068177246995,398.4341262440647,396.87399177264706,395.06435046637995,393.0212594812592,390.7625192804841,388.30737873791344,385.67624265453287,382.89038340879085,379.9716305771858,376.94207900649565,373.82380896670577,370.6386125991139,367.40775015342183,364.1517253998474,360.89009262094186,357.6412800701289,354.42246132538787,351.24943484585583,348.1365506035375,345.0966487999771,342.14104039984267,339.27949875990015,336.52027997622406,333.87015856368055,331.33448751395565,328.9172631987574,326.6212067202755,324.44785488796515,322.3976592042983,320.4700773434463,318.6636889151514,316.9762883621086,315.4049939035306,313.9463462688568,312.59640326993247,311.3508329545475,310.20499975619623,309.1540445070632,308.19295877921763,307.31665458829593,306.5200185214226,305.79797365448496,305.1455216785537,304.55778853589845,304.0300548269455
0.0011587636992374957,401.4313981907538,401.2841991457161,400.8439493872705,400.1147662939374,399.1034155497769,397.81920753163934,396.2738496982281,394.481235861508,392.45722162292395,390.21938649452153,387.78674347916683,385.17945102747746,382.418528996895,379.5255527618852,376.5223653897332,373.4308016162182,370.27241786381546,367.0682515140219,363.83859895895444,360.6028246486535,357.3791862828033,354.1847071623728,351.03505651547783,347.94447627409306,344.925719641756,341.99003102600767,339.1471368165782,336.4052645977604,333.7711774992846,331.2502327005015,328.84644475216,326.5625652368297,324.40017203190473,322.35976655659243,320.44086370066236,318.6421058782378,316.9613545344663,315.39579765189166,313.9420472388844,312.5962327859254,311.3540934176102,310.21106318541257,309.1623503590614,308.20301117415477,307.3280190523891,306.5323184069126,305.81088627090475,305.15877429328395,304.5711542869258,304.0433486555531
0.0011637636992374958,400.7882927134477,400.64250643807134,400.20647740189395,399.48426985192935,398.4825623726914,397.2105460202313,395.6797791493073,393.9039799662703,391.8988055342624,389.6816176879395,387.2711970139568,384.68745917315516,381.9511750967069,379.08366951314315,376.1065371634131,373.041370541184,369.9094934291601,366.7317231650264,363.5281512986816,360.317954672121,357.11922232752596,353.9488288520901,350.82231547290695,347.75381698758986,344.75600019723765,341.84004325725505,339.0156256285377,336.29094618138186,333.6727562464224,331.166416595391,328.77595921130404,326.5041652887842,324.3526528120597,322.3219720910232,320.41169416391773,318.6205231656125,316.9463864627145,315.3865407411333,313.9376682641635,312.59596922505455,311.35725290737395,310.21702212806304,309.1705518122064,308.21296215003133,307.3392873348014,306.544529044923,305.82371778210546,305.1719547331876,304.58445722663635,304.0565891746792
0.0011687636992374958,400.1518008980152,400.00740943418475,399.5755475171237,398.86022707817244,397.86804093666194,396.60806264846093,395.09170372682695,393.3325094190918,391.3459412174355,389.14914650031983,386.76067683811675,384.20020860667546,381.48826735011886,378.64593065314386,375.6945483320849,372.65547388262905,369.54980148304554,366.39813121270606,363.2203522815241,360.0354561197321,356.86136498564167,353.71480629879613,350.6111945034831,347.5645581618732,344.5874782660872,341.6910670264826,338.8849570191155,336.17731820704523,333.5748897194635,331.08303533891046,328.705803749191,326.44600490503774,324.3052959534273,322.28427508611884,320.3825684398022,318.59894080308214,316.93138439894113,315.3772235716584,313.9332098293163,312.59561310472384,311.3603119339591,310.2228770569726,309.1786492807536,308.2228120487095,307.3504596973988,306.5566506147868,305.8364682863496,305.1850630199546,304.5976973068211,304.0697762743152
0.0011737636992374958,399.52183842314236,399.3788240731674,398.9510764488307,398.24255596804414,397.25977099714765,396.01167938231396,394.5095480205097,392.7667518033718,390.7985595713416,388.6219074161564,386.2551212378454,383.7176415771113,381.0297520755788,378.21228662302286,375.2863534622022,372.27307028767837,369.19330466551196,366.0674421638846,362.9151721217372,359.75530272597774,356.605591302325,353.4826196318496,350.4016765825498,347.37668537333036,344.4201417786298,341.5430923728322,338.75512289678244,336.064374221836,333.4775728847768,331.0000851108426,328.63597556817933,326.3880821358024,324.25810019610384,322.2466748308615,320.35348624203533,318.57735882134864,316.9163485987689,315.3678465467254,313.92867242165045,312.5951649452128,311.3632710107843,310.2286284488148,309.18664318339813,308.232561217058,307.36153640754696,306.5686833017216,305.8491378880416,305.19809918153527,304.61087448551126,304.08290985054055
0.0011787636992374958,398.8983220766775,398.7566673994628,398.3329820068028,397.63117559206717,396.65767335899375,395.4213192049177,393.93323759910254,392.2066356382546,390.25659238296373,388.0998357568143,385.7544692823004,383.2397010607406,380.5755762619814,377.7826884773983,374.8819076772778,371.8941189053085,368.8399660650597,365.7396229227851,362.61258138267067,359.4774685292291,356.35187858475507,353.2522492042383,350.193744874288,347.1901843559869,344.25397879516925,341.39610944119227,338.62611525479286,335.9521078397331,333.3808007605835,330.91756213038207,328.5664718999421,326.330395052586,324.2110642952777,322.20917062468027,320.32444729145226,318.55577725598135,316.9012793213112,315.35841007238724,313.92405653108176,312.5946252695836,311.36613065446096,310.23427678399537,309.1945339431528,308.2422100068265,307.3725177379854,306.58062729670735,305.8617266976097,305.2110632520302,304.6239887268779,304.0959898054339
0.0011837636992374958,398.2811697442012,398.1408575514645,397.7211830835065,397.0260060849042,396.06166986574675,394.8369061062535,393.36269900055856,391.65209036933845,389.71997231865174,387.5828676724226,385.2586608161263,382.7663307542218,380.1256875624929,377.35708787883846,374.48116665297397,371.51857938203773,368.48974921490685,365.4146407878176,362.31255097404505,359.2019278694604,356.10020440023874,353.0236755910588,349.9873827305059,347.00504100056423,344.08897750527035,341.25010848166676,338.49792617080504,335.84051274134936,333.2845684167869,330.8354626560318,328.4972900054079,326.2729417481607,324.1641870212109,322.1717617774354,320.29545131598206,318.5341961473841,316.8861768291259,315.3489145574287,313.9193626500551,312.5939946035884,311.3688913846877,310.23982254653777,309.2023219872258,308.2517587745208,307.3834039667025,306.59248279636324,305.8742348313897,305.22395527158113,304.6370400011322,304.10901604698387
0.0011887636992374958,397.6703003975473,397.53131375008513,397.1155996427972,396.4269686343034,395.47168338891834,394.25836507281883,392.7978597221645,391.1030463593285,389.18863291534973,387.0709401337109,384.76763645192534,382.29747506771207,379.680034288319,376.9354370922698,374.08408661213645,371.1464118575593,368.1426180891915,365.0924634483136,362.01505214917864,358.92865538592366,355.8505465742899,352.7968795879525,349.7825736893885,346.82124135349926,343.9251262270079,341.1050798490138,338.37054780647406,335.7295826736464,333.18887097478193,330.75378298548037,328.42842717468636,326.2157203365175,324.11746715921,322.13444760939376,320.26649805061925,318.51261554075796,316.87104138816363,315.33936041330094,313.91459127346496,312.59327347557485,311.371553724145,310.2452662239684,309.2100077469007,308.2612078812788,307.3941953768116,306.6042500028275,305.886662411509,305.2367752862632,304.6500282844269,304.12198848900147
0.0011937636992374958,397.06563408328526,396.9279562872864,396.516152708592,395.8339854700022,394.8876378172082,393.6856220772458,392.2386482106248,390.5594348786448,388.6625085717749,386.5639909237966,384.2813375626775,381.8330791179333,379.23856540241945,376.51768897933414,373.6906243197758,370.77757696032415,367.79853709912356,364.7730589812121,361.7200565021659,358.6576260147777,355.6028831886638,352.5718422095017,349.5793014742104,346.6387716159293,343.76241340618316,340.9610140020558,338.24397240702007,335.6193114496273,333.09370360724415,330.67251945546354,328.3598807269792,326.1587289528106,324.0709035095873,322.0972274511962,320.23758723738973,318.49103548605876,316.8558732677146,315.3297480540542,313.9097428985736,312.5924624163929,311.3741181983898,310.25060830720264,309.2175916574164,308.270557692748,307.4048922564282,306.6159291236369,305.89900956577185,305.2495233479772,304.6629535587581,304.1349070510323
0.0011987636992374959,396.46709191117276,396.3307065145791,395.9227643535101,395.24697985260025,394.309458045693,393.1186040678847,391.6849938521081,390.0211880959912,388.1415345395572,386.0619586299313,383.79970627411774,381.3730887211947,378.80123051317895,376.103796992699,373.30073707800335,370.412035803077,367.45747108909194,364.4563958477004,361.42753596501376,358.3888149866766,355.3571925793529,352.3485446875884,349.3775499920123,346.45761814264506,343.60082761551104,340.81790150306205,338.11819230077043,335.509692948008,332.99906153790016,330.5916684416081,328.29164801047716,326.1019657532883,324.02449488761283,322.0601006438181,320.20871862531067,318.4694560379505,316.8406727403519,315.3200778962686,313.90481802492957,312.5915619592999,311.3765853357513,310.2558492904322,309.2250741578486,308.2798085789642,307.4154948985487,306.62752037160806,305.9112764275458,305.26219951434337,304.6758158118679,304.14777165826956
0.0012037636992374959,395.87459604258635,395.73948683150104,395.3353576874919,394.6658760624093,393.73706996499163,392.5572389583617,391.13682696226704,389.48823906889453,387.62564691434613,385.5647826352111,383.3226854570771,380.917450386377,378.3679798680373,375.69371517032937,372.91438272092563,370.0497499783515,367.11938533272996,364.1424428898151,361.137462804738,358.1221978243194,355.1134533345465,352.1269684697182,349.17730333224665,346.27776744101345,343.4403575537799,340.67573301710695,337.99319989868064,335.40072111286815,332.9049400412804,330.5112263582616,328.22372640224444,326.0454289152146,323.9782401234568,322.0230665385225,320.17989197034507,318.4478772557554,316.8254400818715,315.3103503589834,313.8998171542847,312.59057263986676,311.37895566722597,310.26098967101234,309.23245569099174,308.2889609142305,307.42600360092973,306.63902396472014,305.92346313564923,305.27480384859643,304.6886150371481,304.16058224146786
0.0012087636992374959,395.28806967893985,395.15422067408207,394.75385684640366,394.09059938828693,393.17040045041267,392.0014556171176,390.5940787762352,388.96052173422015,387.1147826268919,385.07240311026123,382.8502187197935,380.46611130788506,377.93876434708733,375.2873981297222,372.531519609504,369.6906815539303,366.78424552894535,363.8311693270073,360.8498096204244,357.8577503399655,354.8716442925567,351.90709521731316,348.97854576539214,346.0992061698724,343.28099204498506,340.53449931140403,337.86898769383424,335.2923899532833,332.81133444245563,330.4311896583072,328.15611330809054,325.98911663677984,323.93213806212503,321.9861244968068,320.1511070353514,318.42629920339937,316.8101755712306,315.3005658636247,313.89474079051035,312.5894949958831,311.3812297263737,310.26602994935035,309.23973670324244,308.2980150769983,307.43641866596926,306.6504401259976,305.9355698342398,305.2873364194805,304.7013512335443,304.1733387368575
0.001213763699237496,394.7074370500963,394.5748325033034,394.1781869806359,393.52107611646284,392.6093773510925,391.45118385693434,390.0566814386118,388.43797089867144,386.6088794341079,384.5847610048974,382.3822504001988,380.0190193585739,377.51353545664415,374.8848010621141,372.15210662638236,369.33479306827184,366.4520177979176,363.52254475267523,360.5645493402583,357.595448632919,354.63174453971425,351.68890680397544,348.781261741542,345.92192113839974,343.12272003743897,340.3941912546187,337.7455482609219,335.18469354293984,332.71824011675733,330.3515548329653,328.0888061624311,325.9330271370019,323.88618756338525,321.949273890343,320.1223635900285,318.40472194935523,316.7948794904838,315.2907248339319,313.88958943951377,312.5883295672632,311.3834080492145,310.2709706287953,309.2469176444838,308.30697144974937,307.4467404005885,306.66176908339577,305.94759667270375,305.2997973011458,304.71402440546075,304.1860410860592
0.001218763699237496,394.1326234027825,394.0012477935577,393.60827424370166,392.9572335193643,392.05392947913185,390.90635442445785,389.52456799343787,387.92052222927936,386.1078759101209,384.10179803977303,381.91872555818827,379.57612308265533,377.09224532279194,374.48587972666235,371.7761031706897,368.9820475259106,366.1226686770667,363.216539130668,360.2816552185245,357.3352690869841,354.39373340823676,351.47238531372386,348.5854358889655,345.74589930495904,342.96553060285896,340.25479981616036,337.62287425570287,335.07762601973286,332.6256524894842,330.2723184115828,328.0218024281381,325.87715865561904,323.8403875016871,321.9125141009132,320.0936614108561,318.3831455665816,316.7795521247162,315.28082769588264,313.88436360915284,312.58707689595144,311.38549117412555,310.2758122155273,309.2539989679711,308.3158304188789,307.45696911611526,306.67301106968614,305.95954380554736,305.31218657304646,304.72663456266673,304.198689236
0.001223763699237496,393.5635549890118,393.43339302111895,393.0440457808435,392.3989998444488,391.5039865987349,390.3668989897223,388.99767237417336,387.4081122438881,385.61171143731406,383.6234566980161,381.4595899678769,379.1373716885879,376.6748466849128,374.0905904446063,371.4034691528196,368.63240839283355,365.79616511699817,362.9131227917642,360.0011008325828,357.0771883678963,354.15759047407175,351.25751303920686,348.39105301264755,345.5711277759223,342.8094129354343,340.11631606545575,337.5009584144492,334.9711815853491,332.53356703559507,330.19347696141006,327.9550995963792,325.8215094529736,323.79473676607506,321.87584452033826,320.0650002810316,318.36157013245986,316.7641937619753,315.2708748776172,313.8790638091523,312.585737525829,311.38747964173905,310.2805552184501,309.26098113021794,308.3245923745796,307.4671051281683,306.68416632234363,305.9714113922878,305.32450431983835,304.73918172020285,304.2112831388292
0.001228763699237496,393.00015905452227,392.8711956526257,392.4854297176537,391.8463043030471,390.9594794153606,389.83275013568255,388.47592939367763,386.90067830164384,385.12032619736897,383.14968021686275,381.00479010984884,378.70271504195796,376.2612928892025,373.6988900934142,371.0341649891933,368.28583959183743,365.47247447742643,362.61226643012935,359.72286007981995,356.8211834207293,353.9232955547177,351.044272479893,348.1980980928064,345.3975938044738,342.6543563508754,339.97873117120486,337.379793553374,334.86535450483564,332.44197927938865,330.1150270873676,327.8886951864491,325.76607780988854,323.7492342600949,321.8392645504028,320.0363799904022,318.33999572872773,316.7488046932018,315.2608668093616,313.8736905510173,312.5843120026193,311.3893739948406,310.2852001490817,309.2678645908844,308.33325771072776,307.4771487565438,306.69523508343485,305.9831995973468,305.3367506312793,304.75166589828865,304.2238227518352
0.001233763699237496,392.4423638272365,392.3145841335865,391.9323551487147,391.2990770592273,390.42033956488945,389.3038413477603,387.95927473420267,386.3981585934903,384.63366116231333,382.68041257929076,380.55427316340416,378.27210365835344,375.8515378821777,373.310736100917,370.6681515970079,367.94230549786994,365.1515645230812,362.3139410997537,359.44690717458343,356.56723146728336,353.6908287070246,350.8326463402424,348.00655628339223,345.22528478939444,342.50035028544403,339.84203640062077,337.25937256804474,334.76013910615484,332.350884794172,330.0369654318019,327.8225867455907,325.7108620275363,323.7038789016947,321.80277360277495,320.0078003353952,318.31842244141126,316.73338521215726,315.2508039233504,313.8682443479496,312.5828008737957,311.39117477826875,310.2897475214489,309.2746498126662,308.34182682477,307.48710032510155,306.7062175995079,305.9949085899443,305.3489256021287,304.76408712223116,304.2363080373635
0.001238763699237496,391.8900985057483,391.76348787691234,391.384752126266,390.7572492186814,389.886499602813,388.78010700341014,387.44764493740155,385.9004921326781,384.1516580855766,382.21559850565984,380.1079869988088,377.8454886962387,375.4455362041788,372.9260864394363,370.30539038897473,367.60177093335875,364.83340341959973,362.01811821087483,359.17321664509745,356.31531000345547,353.4601702249767,350.62261752785923,347.8164129105686,345.0541882738302,342.3473842949694,339.7062231186546,337.13968843278326,334.65552977972766,332.26027920191814,329.95928867423197,327.7567718488094,325.65586042730104,323.65866962311947,321.766371098922,319.9792611189431,318.29685036075364,316.7179356153521,315.2406866537482,313.86272571476127,312.58120468848756,311.3928825388149,310.2941978519807,309.2813372611843,308.3503001176114,307.49696016165433,306.71711412148284,306.006538543994,305.3610293320495,304.7764454223337,304.2487389627342
0.001243763699237496,391.3432932478429,391.21783725148055,390.84255164890203,390.22075281764296,389.35789299345043,388.26148236171025,386.94097739435927,385.4076187452921,383.674259493061,381.7551834453623,379.66588016954984,377.4228219498303,375.0432429828722,372.54489961990777,369.9458432680519,367.26420116353137,364.51795972940727,361.72476952638726,358.90176333036453,356.0653967965947,353.2313006374606,350.41416915162995,347.6276534711782,344.8842919440451,342.19544805384857,339.5712827872066,337.020734200053,334.55152097796474,332.1701581729128,329.881993531087,327.6912480986789,325.6010713506345,323.6136053708016,321.7300564700215,319.95076215040746,318.2752795811426,316.7024562019713,315.2305154365713,313.85713516779,312.5795239973892,311.3944978251243,310.298551659404,309.28792740487694,308.3586779935052,307.50672859785686,306.7279249045439,306.01808963799937,305.3730619255107,304.78874083380686,304.2611155001619
0.001248763699237496,390.8018791590543,390.6775635707379,390.30568565030666,389.6895208118384,388.8344540991979,387.74790355298245,386.43921033564925,384.9194790608011,383.2014086742311,381.2991135684887,379.22790190460324,377.00405584198126,374.6446139267564,372.16713468600506,369.58947262217293,366.92956189172935,364.20520240759026,361.43386715824215,358.6325223770567,355.81746988284476,353.004200706018,350.20728451984627,347.4402636311945,344.7155836281603,342.04453135403395,339.4372069643257,336.90250299983506,334.448107214788,332.080517425393,329.8050767554362,327.6260131251401,325.5464931589062,323.56868510524606,321.6938291568698,319.922303245499,318.2537102010361,316.68694727379943,315.22029070960866,313.8514732248142,312.57775935266704,311.39602118759774,310.30280946464006,309.294420714892,308.36696085994345,307.51640596909726,306.7386502080327,306.02956205495127,305.3850234916902,304.8009733966781,304.2734376266746
0.001253763699237496,390.2657882812665,390.14259908134477,389.7740869880298,389.1634870654792,388.3161181698157,387.23930756844726,385.94228282142154,384.4360145026351,382.7330496732269,380.8473357575122,378.79400210071583,376.589143417076,374.24960531867504,371.79275120826685,369.23624131897617,366.59781925471964,363.89510079776335,361.14538356383923,358.36546923639634,355.57150756447584,352.778851422589,350.0019471383172,347.2542292241611,344.5480512948812,341.89462410400927,339.3039873033967,336.7849880389929,334.34528306514153,331.9913527251754,329.72853513670987,327.56106458529416,325.4921242332477,323.5239078009113,321.6576886097862,319.8938842261957,318.23214232288564,316.67140913514476,315.21001291234245,313.84574040496756,312.5759113078692,311.39745317829477,310.3069717907023,309.30081766498125,308.3751491275496,307.5259926143894,306.74929029534303,306.0409559822269,305.3969141443803,304.8131431557049,304.28570532403415
0.001258763699237496,389.73495358136154,389.6128769518675,389.247689432309,388.64258634029767,387.80282133175587,386.7356322499168,385.4501347315257,383.9571672787939,382.2691272800038,380.3997975989967,378.3641313147058,376.17803833393975,373.85817400933996,371.421709278231,368.88611270053707,366.26893981800595,363.5876246279342,360.8592915424136,358.10057966103,355.3274884072077,352.55523400724394,349.7981407084694,347.0695362496206,344.38168305221325,341.74571632775456,339.17161555231735,336.66818260062826,334.2430431644941,331.9026598852779,329.6523655004147,327.4964001631887,325.4379629743921,323.4792724460859,321.6216342885142,319.86550492065845,318.21057605305907,316.65584209276244,315.1996824858686,313.83993722865563,312.5739804178347,311.39879435083697,310.31103916259474,309.3071187313956,308.3832432099714,307.53548887626647,306.75984543381634,306.05227161148906,305.4087340018921,304.8252501602867,304.2979185786576
0.001263763699237496,389.2093089399198,389.0883312615223,388.7264276549426,388.1267542846314,387.2945005775374,386.2368162795318,384.96270675567337,383.4828803724913,381.80958702150394,379.95644737533104,377.9382407557866,375.77069485876564,373.47027741086873,371.0539695025778,368.53905057810624,365.9428905711426,363.28274400636775,360.5755642314198,357.8378297018984,355.0853912375268,352.3333299059086,349.59584912543994,346.88617087153364,344.21646714616907,341.59779816370144,339.04008355266706,336.5520800434279,334.1413822083341,331.8144347655335,329.57656470784207,327.4320175695987,325.3840078025094,323.43477804276193,321.58566566212005,319.83716516314473,318.1890115017611,316.6402464557774,315.18929987281723,313.8340642174706,312.57196723860415,311.40004526031316,310.3150121072125,309.3133243927814,308.39124352377655,307.5448951006761,306.770315894639,306.0635091385878,305.4204831869631,304.83729446437866,304.3100773815387
0.001268763699237496,388.6887891399767,388.5688969889737,388.2102372182166,387.6159274225603,386.7910937551706,385.74279916954436,384.47994038364385,383.0130975328376,381.35437515286264,379.51723405649375,377.51628227791514,375.36706785806325,373.08587349033854,370.6894929972867,368.1950192268571,365.6196389230539,362.9804294174528,360.29417510291546,357.5771957051017,354.84519513999805,352.11312078808265,349.39505647616096,346.70411941669005,344.05239195946626,341.4508598636802,338.90938323886604,336.43667380100214,334.0402949516556,331.72667327219744,329.5011296557702,327.3679145418025,325.3302571570366,323.3904236065047,321.5497822088889,319.8088647939204,318.1674487829535,316.62462253560597,315.17886551727304,313.8281218941081,312.56987232733036,311.40120646318496,310.3188911532427,309.319435130079,308.3991504883483,307.55421163687674,306.78070195274097,306.0746687634619,305.43216182666407,304.84927612640604,304.32218172817073
0.001273763699237496,388.17332985583823,388.0545100011941,387.69905456389034,387.11004314310014,386.2925395576349,385.2535212521517,384.00177789553635,382.547763265566,380.9034386486521,379.0821072918514,377.09820837216995,374.96711279163156,372.70492076335984,370.32824138180763,367.853983380644,365.29915269736154,362.68065171757274,360.0150979599466,357.3186543087663,354.60687945457397,351.89458854455324,349.1957470374393,346.5233683731139,343.889446010218,341.3048917918594,338.77950663732827,336.32195738121726,333.93977620843964,331.6393713575481,329.4260572761614,327.3040888433529,325.27670949650457,323.34620816631923,321.5139834162181,319.78060365916974,318.14588801427374,316.60897064587795,315.1683798646957,313.82211078228397,312.56769624219066,311.4022785171936,310.3226768310672,309.32545142642164,308.40696452578356,307.56343883733535,306.7910038866947,306.0857506900428,305.443770052308,304.86119520917987,304.33423161846923
0.001278763699237496,387.66286764196127,387.5451070423853,387.19281700224315,386.6090396894558,385.798777512415,384.76892366938387,383.5281623520728,382.08682282380335,380.4567251941675,378.65101740199367,376.6839721591604,374.5707857055586,372.32737828767245,369.97017677325084,367.5159082267749,364.98140012772126,362.3833821309834,359.73830693293587,357.06218243991003,354.3704237739024,351.6777152851064,348.99790527403024,346.3439043884622,343.72761795061865,341.1598844236791,338.65044586560686,336.20792436552006,333.83982085112774,331.55252501948246,329.3513445358536,327.2405382638439,325.2233632983612,323.3021307645135,321.4782687805082,319.7523816109043,318.12432931695287,316.5932911023576,315.1578433618403,313.8160314066515,312.5654395422996,311.40326198126854,310.3263696726663,309.331373767036,308.41468606079144,307.5725770576266,306.80122197861687,306.0967551261589,305.45530799935983,304.8730517798127,304.34622705669665
0.001283763699237496,387.1573399218998,387.04062572296647,386.69146270118756,386.11285614833776,385.30974797109593,384.2889483630488,383.0590375849532,381.6302221988916,380.01418317675643,378.2239153706075,376.2735273814713,374.1780432252507,371.9532056567664,369.6152617805965,367.1807594007995,364.66634985317177,362.08859224569875,359.46377647607665,356.80775731131166,354.13580794063466,351.4624833362359,348.80151583671045,346.1657142684201,343.5668965656231,341.01582834477824,338.52219313153444,336.0945684082581,333.7404238100911,331.46613030110666,329.2769884362484,327.1772606186739,325.1702170587913,323.2581904565602,321.44263780705296,319.72419850687015,318.1027728157329,316.5775842228652,315.1472564566787,313.8098842927194,312.5631027876226,311.4041574154356,310.3299702115235,309.33720263914444,308.4223155205942,307.58162665633307,306.81135651407016,306.1076822834408,305.46677580734683,304.8848459096363,304.3581680513863
0.001288763699237496,386.65668497732145,386.5410045086323,386.19493067544965,385.62143243934514,384.82539209902376,383.81353806473686,382.59434818726834,381.1779081112595,379.57576167719674,377.8007528363938,375.8668283961439,373.7888425484947,371.582362993531,369.2634594989282,366.8485029813162,364.3539709134989,361.79625400938767,359.1914813637344,356.5553564183842,353.9030120447353,351.2488752388525,348.6065635603467,345.98878497509264,343.40727077162273,340.8727142499182,338.3947407323586,335.98188323599464,333.6415800730947,331.3801832903222,329.2029860129942,327.11425374880514,325.11726929253336,323.2143863109552,321.4070900099266,319.69605421045384,318.0812186387834,316.56185032719725,315.1366195983199,313.80366996677037,312.5606865388905,311.4049653807281,310.33347898253237,309.3429385318683,308.4298533348286,307.5905879949473,306.82140778196685,306.11853237722903,305.4781736197707,304.89657767411904,304.3700546152684
0.001293763699237496,386.1608419370971,386.04618270948333,385.7031607758216,385.13470930441764,384.34565186503073,383.3426362858895,382.13403950397014,380.72982800135014,379.1414104611232,377.38148208502975,375.46383016719767,373.40314143855414,371.214810943932,368.91473350369006,366.51910548479907,364.0442327446143,361.5063397252826,358.9213966868565,356.30495753605385,353.67201642079533,351.0368737459943,348.4130334619653,345.8131036253945,343.24872961511835,340.7305329419015,338.2680810538732,335.86986264681855,333.5432846847573,331.2946801194074,329.1293343356657,327.0515155205194,325.064518532694,323.17071740907414,321.3716249118701,319.6679485905879,318.05966691761734,316.5460897370485,315.1259332369323,313.7973889557805,312.55819135751517,311.40568643909796,310.33689652190355,309.3485819361324,308.4372999354491,307.59946143777483,306.8313760744735,306.12930562648137,305.48950158402033,304.9082471527854,304.38188676519593
0.0012987636992374961,385.66975076646594,385.5561004692315,385.2160936784874,384.6526282973599,383.8704700312311,382.8761873079325,381.6780576224055,380.2859300206054,378.7110799705071,376.9660560411767,375.0644882581933,373.02089821730283,370.8505106707225,368.56904784497124,366.19253386044755,363.73710517395364,361.21882204810254,358.6534978493929,356.05653871564664,353.44280164535,350.8264618205387,348.220910738822,345.63865748943897,343.0912622713907,340.58927533048916,338.14220656954546,335.7585005096517,333.44553274600725,331.20961696459653,329.05603050744145,326.9890438251722,325.01196333055975,323.1271828450271,321.33624204417583,319.63988152165484,318.0381177870071,316.5303027759318,315.11519782366514,313.79104178733905,312.55561780550624,311.4063211533282,310.34022336707426,309.35413334457155,308.4446557566325,307.6082473518385,306.84126168691694,306.14000225368204,305.5007598512854,304.91985442913557,304.3936645220717
0.0013037636992374961,385.1833522562792,385.07069875448383,384.73367087442614,384.17513177343983,383.3997901428875,382.41413617247883,381.22634936291234,379.84616302250924,378.28472131519,376.5544282605396,374.66875882484044,372.64207175839726,370.48942384718634,368.22636704181986,365.86875548505964,363.432558415893,360.93367397999157,358.3877605647283,355.81007828178355,353.2153485342027,350.61762263291916,348.03018076647254,345.46543398892646,342.9348580431699,340.44893243131384,338.017109839642,335.6477907635527,333.34831941353593,331.1249900456547,328.9830716647765,326.9268365789432,324.9596022554067,323.08378172551227,321.30094094657113,319.61185288339107,318.0165713848996,316.5144897691,315.1044138105709,313.7846289895695,312.55296644538873,311.4068700869471,310.3434600566182,309.35959325143773,308.45192123468394,307.61694610678455,306.8510649176918,306.1506224847527,305.5119485764717,304.9313995905662,304.40538791077597
0.0013087636992374961,384.70158801232395,384.5899193441061,384.25583465889304,383.70216287906436,382.93355651835236,381.95642867159984,380.7788622694834,379.41047655369397,377.8622862644752,376.1465529219767,374.2765986076522,372.2666214804901,370.1315126509179,367.88665607658663,365.5477381579311,363.13056306718835,360.6508688664741,358.1241608521284,355.56555482928553,352.98963813975524,350.41033955884507,347.8408290968467,345.2934206955343,342.7795063593048,340.30949536479363,337.89278351035074,335.53772741701795,333.2516398992478,331.04079562545104,328.9104549770743,326.8648917225852,324.9074338943086,323.0405131696667,321.2657211671009,319.5838625607895,317.99502785233176,316.49865104346713,315.0935816505287,313.7781510910512,312.55023784012144,311.40733380414287,310.34660713015694,309.364962152509,308.4590968079439,307.62555807478947,306.8607860681691,306.16116654896314,305.52306791811634,304.9428827282917,304.41705696009507
0.0013137636992374962,384.22440044473046,384.1137048186687,383.782528120983,383.2336655415337,382.47171423908463,381.50301133817163,380.33554460049794,378.9788208451094,377.44372723877717,375.742384819663,373.88796492464667,371.89450734048637,369.7767397576388,367.5498803893015,365.2294500957828,362.8310901024358,360.37038039242964,357.8626750332,355.3229472200902,352.7656517483474,350.20459617702863,347.6528414563252,345.1226053293078,342.6251967734314,340.1709553550438,337.76922031290337,335.4283045472812,333.15548946970875,330.9570300095286,328.8381776463557,326.80320722117034,324.85545685194313,322.99737630891747,321.23058226200925,319.5559104440024,317.97348733334593,316.4827869275296,315.08270179716715,313.7716086207416,312.547432553017,311.4077128696801,310.34966512827356,309.37024054499966,308.4661829166973,307.63408363046904,306.8704254426057,306.1716346788445,305.5341180383056,304.95430393726747,304.42867170265015
0.0013187636992374962,383.7517327574639,383.6419985499778,383.3136951332759,382.7695844588768,382.01420913974505,381.05383143629365,379.8963453195238,378.55114680325823,377.0289973013322,375.3418793553103,373.50281566409956,371.5256898268446,369.4250683350547,367.2160058720842,364.913859927716,362.5341108695578,360.0921825780864,357.60327972836785,355.0822345801805,352.54337087760484,350.0003762669173,347.4662037438215,344.95297575705456,342.47191896264417,340.03330372878895,337.6464130626953,335.3195162996116,333.05986344559244,330.8736895456735,328.7662369069259,326.7417810638359,324.8036697503966,322.95437028683057,321.19552379562026,319.52799642824334,317.9519499749044,316.4668977512887,315.0717747047893,313.7650021079,312.54455114766233,311.4080078488174,310.3526345924259,309.37542892747206,308.47318000308314,307.64252315078767,306.8799833480558,306.18202711010315,305.54509910259225,304.9656633161128,304.4402321748275
0.0013237636992374962,383.2835289379028,383.17474469069197,382.8492803415682,382.30986508977,381.56098779837134,380.60883695178535,379.461214086192,378.1274060014989,376.6180501499716,374.94499253044256,373.12110927734835,371.16012995292346,369.07646203675216,366.8849988635898,364.6009366901983,362.2395970853142,359.8162497750367,357.34595185336804,354.8433962965275,352.32277727379835,349.79766380643514,347.2809020288685,344.7845199907413,342.31966272616773,339.89653191427567,337.5243546584061,335.2113568866104,332.9647572011255,330.790770623482,328.6946300250404,326.6806112635277,324.75207122896774,322.91149425895946,321.16054534021885,319.5001204136892,317.93041592680515,316.4509838461724,315.0608008282968,313.75833208201146,312.54159418784104,311.40821930722586,310.35551606486297,309.3805277997495,308.48008851100633,307.6508770149698,306.88946009428327,306.1923440815352,305.55601127991474,304.97696096703504,304.4517384167092
0.0013287636992374962,382.8197337465066,382.711888164027,382.38922915469016,381.85445364354,381.1119975266355,380.16797658276033,379.0301012471452,377.7075506714177,376.2108401089584,374.5516809387321,372.7428047716494,370.79778925037704,368.7308849961378,366.55682614349143,364.29064982208195,361.94752083084,359.5425566622747,357.09066861576025,354.6064120140469,352.10385290921346,349.5964429697308,347.09692254971145,344.61722618589516,342.16841798403124,339.760631440186,337.4030380811198,335.1038205875075,332.8701661635314,330.708269673926,328.62335429856967,326.6196958567421,324.7006599439705,322.8687473926928,321.12564647592995,319.4722823053823,317.9088853415973,316.4350455449587,315.0497806231159,313.7515990727126,312.5385622374562,311.4083478109092,310.3583100885413,309.3855376628305,308.4869088860503,307.65914560441246,306.898855993675,306.2025858349434,305.56685474251753,304.98819699575535,304.4631904720044
0.0013337636992374962,382.3602927065724,382.25337465355085,381.9334877344122,381.40329707025285,380.6671863601832,379.73119973027974,378.602957827061,377.29153369427127,375.80732212089066,374.1619017583941,372.36786170308994,370.4386297625981,368.3883018204207,366.2314549270013,363.9829691596541,361.65785454721174,359.2710782422578,356.8374075114586,354.37126163257227,351.88657997953305,349.3966981249368,346.9142517114076,344.4510826400101,342.0181747757466,339.6255939345536,337.2824563934465,334.99690174745797,332.77608581247443,330.62618316891866,328.5524070566622,326.5590329032687,324.64943456853575,322.82612886710154,321.09082679059895,319.4444820131314,317.88735837449656,316.4190831816984,315.0387145451235,313.7448036097172,312.53545586045436,311.4083939261252,310.3610172070438,309.39045901880485,308.49364157539117,307.6673293025991,306.9081713611561,306.2127526150537,305.5776296658719,304.9993715114344,304.4745883879814
0.0013387636992374962,381.9051520940841,381.79915059306927,381.4820029854409,380.956343050891,380.2265030490596,379.2984564890879,378.17973551975314,376.8793085925017,375.40745173867094,373.7756127446441,371.99624016955573,370.0826140382126,368.04867758464064,365.9088528594305,363.6778649317218,361.3705710310425,359.0017898369914,356.58614632128365,354.13792530384376,351.6709409012326,349.1984138319377,346.7328760839336,344.2860777909579,341.8689232589891,339.491411123681,337.1626027386442,334.8905947768387,332.68251167950245,330.5445076208787,328.48178565940816,326.49862048593013,324.5983937924131,322.7836378727854,321.05608587967026,319.41671945141405,317.86583518330144,316.4030970916395,315.02760305057495,313.7379462227439,312.5322756207515,311.40835821930807,310.3636379644986,309.39529237077033,308.50028702771334,307.6754284950147,306.91740651410595,306.22284466943415,305.588336228598,305.01048462659946,304.485932215401
0.0013437636992374962,381.45425892765365,381.3491631566036,381.0347225455055,380.51353998761914,379.78989704821953,378.86969763842893,377.76038667935006,376.47082952132484,375.0111851175443,373.3927722222173,371.6279008037565,369.7297051246255,367.71197782574086,365.58898801078965,363.3753077547319,361.08564343010715,358.7346670841414,356.3368631075349,353.90638342851446,351.45691830898943,349.0015748401495,346.55278240030134,344.12220021540605,341.72065370828363,339.3580748310602,337.04347033974244,334.7848941505462,332.5894393474915,330.4632395822947,328.4114874975009,326.43845671032346,324.54753632177125,322.7412736117195,321.0214233460675,319.38899453927877,317.84431592830947,316.3870876111513,315.016446596031,313.7310274414441,312.5290220821588,311.4082412569922,310.3661729055006,309.4000382227517,308.50684569312654,307.6834435690623,306.92656177227536,306.23286224841434,305.59897461238825,305.02153645707244,304.49722200844985
0.0013487636992374962,381.0075609585569,380.90336024846295,380.5915947755374,380.0748369941399,379.3573185081261,378.44487463294803,377.3448643115527,376.0660512603929,374.6184790072059,373.0133390779528,371.2628047663093,369.37986656161866,367.3781685366886,365.2718288704307,363.07526862792713,360.8030452389992,358.46968593317075,356.0895362105857,353.67661665317524,351.2444950531069,348.80616608631055,346.37395755468185,343.9594386272416,341.57335651369414,339.22557697629634,336.9250524986691,334.67979440729476,332.4968644500887,330.3823756452899,328.3415099919,326.37853970455956,324.4968608789988,322.69903529710047,320.98683880007206,319.36130720024653,317.8228007722343,316.37105507764977,315.0052456382874,313.72404779533156,312.525695808311,311.4080436057375,310.3686225750335,309.40469707961995,308.5133180230841,307.6913749139807,306.93563745770535,306.2428056050062,305.6095450019313,305.0325271218982,304.50845782467485
0.0013537636992374963,380.5650066608639,380.46169049340995,380.1525687499426,379.64018388614113,378.92871826543677,378.02393959367674,376.93312206497376,375.6649292055333,374.22929074397865,372.637272753442,370.90091373888106,369.0330623750034,367.04721616064364,364.95734434173164,362.77771892853934,360.52275029481865,358.2068226415046,355.8441442455013,353.4486058673981,351.0336541969532,348.6121726922845,346.1963886005396,343.79778187600255,341.4270221795199,339.0939095740353,336.8073425953781,334.5752901489169,332.40478267115776,330.3019124411864,328.2718505934933,326.3188676190037,324.4463662025051,322.65692215319285,320.95233185920296,319.3336573622137,317.8012898801226,316.3549998295233,314.9940006343045,313.71700781371237,312.52229736259494,311.4077658320556,310.3709875183935,309.409269447014,308.5197044703021,307.69922292076376,306.9446338946469,306.25267499482567,305.6200475848374,305.043456743275,304.51963972491853
0.0013587636992374963,380.1265452216659,380.0241032269231,379.7175942469687,379.209531171835,378.5040478337792,377.6068452991044,376.5251142225566,375.26741936056345,373.84357824306267,372.2645332377433,370.5421899173924,368.68925707032685,366.7190875851757,364.64550373682414,362.48263040702057,360.244732772894,357.94605377072344,355.60066609867965,353.22233220079937,350.824379014417,348.41957996287675,346.02006274877647,343.63721894531693,341.28164132299594,338.96306473289485,336.69033408698033,334.4713760396655,332.3131897442246,330.22184664007057,328.2025067827592,326.2594386260154,324.3960510465204,322.6149334151751,320.91790214809646,319.306044957355,317.77978341927235,316.3389222060595,314.98271204113763,313.7099080256168,312.5188273080797,311.40740850233766,310.3732682811144,309.41375583126324,308.5260054886809,307.7069879820805,306.953551409482,306.26247067601594,305.63048255156406,305.0543254464841,304.53076777325504
0.0013637636992374963,379.69212653139886,379.590548485555,379.2866217391666,378.7828300425904,378.08325939461696,377.1935451763354,376.1207956930783,374.87347832918323,373.4612999908569,371.8950810601638,370.18659600528133,368.34841562663405,366.39375013653125,364.3362767713655,362.189975182313,359.96896718253674,357.6873561827846,355.3590809245177,352.99777702012295,350.61665298737927,348.22837338366315,345.8449673658861,343.47773895134986,341.1372046730013,338.833034654401,336.57402050687864,334.3680468055171,332.2220814519247,330.14217495035956,328.1334760694299,326.200250919689,324.3459141808969,322.5730683289863,320.8835492983861,319.2784699220263,317.75828155915116,316.3228225473724,314.9713803158688,313.70274895973137,312.5152862074477,311.4069721827832,310.3754654088933,309.41815673931126,308.53222153322724,307.714670492197,306.96239033064575,306.2721929091712,305.6408500953438,305.0651333598219,304.54184203692625
0.0013687636992374963,379.26170117426466,379.1609769973877,378.8596023839484,378.36003236365855,377.6663057882055,376.7839932923342,375.720122002734,374.4830633069461,373.08241503735366,371.5288772831083,369.83409520682983,368.0105034902864,366.0711715739509,364.02963355935503,361.89972573715835,359.6954283628305,357.43070703627313,355.11936814210173,352.7749219263447,350.41045980320246,348.0385386188338,345.6710899721199,343.3193311412593,340.9937030687719,338.7038116319284,336.45839546390516,334.26529723347926,332.1314536254517,330.0628941183677,328.0647559921549,326.1413027155942,324.2959543909097,322.5313261511733,320.8492729485828,319.250932196669,317.73678447131545,316.3067011943307,314.9600059155395,313.6955311443324,312.5116746229276,311.4064574393302,310.37757944751917,309.42247267864104,308.53835305997745,307.72227084689905,306.97115098855005,306.2818419572622,305.65115041211214,305.0758806145318,304.55286258628
0.0013737636992374963,378.8352204187504,378.73534017258635,378.43648801424183,377.94109066499414,377.253140504641,376.3781443452576,375.32304928680594,374.0961320733086,372.70688298860733,371.1658834949967,369.4846512205528,367.6754865688366,365.7513200840387,363.7255446079971,361.61185491344713,359.42409147845547,357.1760837826837,354.88150743192375,352.55374875179814,350.20578335223706,347.85006150905053,345.4984182396639,343.16198489166095,340.8511274586224,338.57538804964656,336.3434526414628,334.1631221708991,332.0413021440082,329.98400092787534,327.99634411816555,326.0825922505176,324.2461704770583,322.48970614873724,320.81507274395614,319.22343172571385,317.7152923293301,316.2905584884866,314.94858929708374,313.68825510722104,312.50799311622745,311.40586483758705,310.3796109428009,309.42670415720204,308.54440052592304,307.72978944341673,306.979833715508,306.2914180855621,305.6613837004364,305.0865673447375,304.5638294947077
0.0013787636992374963,378.412636208247,378.31359009405077,378.01723112924185,377.5259581321699,376.84371767500005,375.9759536558767,374.92953428141647,373.7126429837595,372.3346639992769,370.8060618032506,369.13822823265,367.34333122496156,365.43416427518196,363.42398081260876,361.3263359076089,359.15493201554807,356.92346416273176,354.6454787326239,352.334239557322,350.00260772534693,347.6629280693195,345.3269399908282,343.00568970710265,340.7094688986736,338.4477563814716,336.22918579667123,334.0615165247754,331.9516229342588,329.9054921996984,327.92823804294017,326.0241177822048,324.1965612548688,322.44820759898204,320.7809483364153,319.1959684574866,317.69380530868955,316.2743947720064,314.9371309172629,313.68092137565884,312.50424224847,311.40519494276475,310.3815604404982,309.43085168333744,308.5503643889366,307.73722668034947,306.9884388456598,306.3009215615741,305.67155016144613,305.09719368737706,304.5747428385832
0.0013837636992374963,377.99390115176664,377.8956795081662,377.6017848852596,377.11458859738786,376.4379920625722,375.57737715908627,374.5395343153658,373.33255496202935,371.96571876524405,370.4493748273491,368.7947909105227,367.0140042704533,365.1196731720246,363.12491345157594,361.0431422660438,358.8879257775964,356.6728262026971,354.4112622377596,352.1163766294306,349.8009172114529,347.47712448687935,345.1566431962482,342.85043521854834,340.5687185515891,338.32090919002354,336.11558875951675,333.9604752610743,331.8624119697846,329.8273647912598,327.860435389871,325.9658775891033,324.14712555469663,322.4068297893622,320.74689938439127,319.1685423441129,317.67232358673857,316.25821038760034,314.9256312326012,313.67353047630456,312.50042258012854,311.40444831961133,310.3834284862526,309.43491576571387,308.5562451076988,307.744582957593,306.9969667148998,306.3103526549602,305.68164999876456,305.1077597821376,304.5856026972027
0.0013887636992374964,377.5789685147597,377.481561815653,377.1901030866689,376.7069365305861,376.03591905418614,375.18237139550473,374.15300730205513,372.95582749237985,371.6000085163059,370.0957856919543,368.45430439635334,366.6874729602683,364.80781620999255,362.8283141813549,360.7622478805959,358.6230488813731,356.42414821079825,354.1788383926013,351.90014247750673,349.6006962950959,347.29263711910454,344.98751597309945,342.6962111818726,340.4288676853182,338.19483912558974,336.00265543200715,333.85999340404766,331.77366527054096,329.7496155961624,327.7929338099317,325.90786997010593,324.0978622215296,322.36557201733234,320.7129255527194,319.1411533414254,317.65084734259494,316.24200567845486,314.91409069932195,313.6660829351523,312.4965346709642,311.4036255323472,310.38521562552086,309.4388969132517,308.56204314162824,307.7518586762674,307.00541766080454,306.31971163746977,305.69168341843977,305.11826577139124,304.59640915272513
0.0013937636992374964,377.16779221003253,377.071191062516,376.7821401769524,376.30295703064115,375.6374546516279,374.7908935031633,373.76991173149474,372.5824206119752,371.2374950089443,369.74525802010777,368.1167343007511,366.36370498663575,364.49856322987335,362.5341550315236,360.4836269840686,358.36027775290444,356.17740877359967,353.94818789095655,351.6855198310182,349.401929654019,347.10945249142566,344.8195465833246,342.54300747636535,340.28990767184894,338.0695389250951,335.89037978733097,333.76006603555555,331.6853789023178,329.6722415437647,327.7257309813467,325.85009324429654,324.0487701147932,322.3244335901966,320.6790265125229,319.11380140887053,317.62937675707195,316.22578098816535,314.90250977328583,313.6585792774706,312.4925790799646,311.40272714460133,310.38692240350866,309.44279563505717,308.5677589508105,307.7590542386456,307.0137920225621,306.3289987828713,305.7016506288787,305.12871180013144,304.6071622901127
0.0013987636992374964,376.7603267887642,376.6645219310937,376.37785122984445,375.90260581666735,375.24255546315385,374.40290120928546,373.39020666239924,372.2122949033332,370.87814051917076,369.39775592649744,367.782046696462,366.04266847322583,364.19188447244835,362.2424083998786,360.2072541457827,358.0995891234769,355.9325867524508,353.7192916720212,351.4724916367578,349.20460215677025,346.9275572952653,344.6527234318746,342.39081410324764,340.15182998596833,337.9450014110789,335.7787558690224,333.66068829439257,331.5975489762027,329.5952395987573,327.65882460926247,325.79254575069535,323.9998481081547,322.2834138249593,320.645201941097,319.08648650941666,317.60791201260275,316.2095366606693,314.89088890992855,313.65102002774285,312.48855636528344,311.4017537193497,310.3885493651064,309.4466124403551,308.5733929959301,307.7661700480848,307.0220901409026,306.3382143668835,305.71155184078043,305.1390980159106,304.61786219707335
0.0014037636992374964,376.3565274316246,376.26150973120724,375.97719194057385,375.50583921941285,374.8511786950969,374.01835282215615,373.0138517143673,371.8454114868591,370.52190783544745,369.0532440107951,367.4502081121446,365.72433196937715,363.88775057318,361.95304704758337,359.93310426717784,357.84096002568236,355.6896612799584,353.4921309172598,351.2610410561077,349.00869886032456,346.74693838599114,344.48703506496327,342.23962118419814,340.01462620403197,337.8212194906777,335.6677777901316,333.5618553756181,331.51017164804693,329.5186067607432,327.59221242541935,325.73522584800713,323.95109508933075,322.2425120481771,320.6114515217938,319.0592086094628,317.5864532931651,316.19327304018145,314.87922856420147,313.64340570960843,312.48446708418135,311.40070581885374,310.3900970548257,309.4503478384235,308.578945738203,307.7732065089572,307.0303123580298,306.34735866710787,305.72138726707175,305.14942456877833,304.6285089640029
0.0014087636992374964,375.95634993999226,375.8621103914092,375.58011861720456,375.1126141727518,374.46328214356623,373.63720722308165,372.6408070601487,371.4817320134604,370.16876025168585,368.7116873510662,367.1211855262113,365.4086644443842,363.58613255695275,361.6660440943622,359.6611525774565,357.58436778950045,355.4486117564921,353.2666870473134,351.05115146232765,348.8142050077272,346.56758278088637,344.3224701683357,342.08941895989165,339.8782880027425,337.69818615461696,335.5574397323996,333.46356252989074,331.4232431179347,329.4423400638191,327.52589218782634,325.67813191436926,323.90250995989396,322.20172759581055,320.57777494390854,319.0319676787484,317.5650007842068,316.17699047112876,314.8675291905117,313.63573684580575,312.4803117929683,311.399584004601,310.3915660167374,309.45400233852945,308.58441763931023,307.78016402658307,307.03845901755375,306.35643196296274,305.73115712284243,305.1596916112204,304.63910268392846
0.0014137636992374964,375.559750727273,375.4662804503329,375.1865881720759,374.7228882052733,374.0788241862416,373.25942385844036,372.2710334179975,371.1212186572433,369.8186615603211,368.3730514972497,366.79494636073554,365.09563528184566,363.2870018328688,361.3813730137456,359.3913746292726,357.3297900384197,355.20941784672283,353.0429417189374,350.8428064378685,348.6211060257575,346.38947765713687,344.1590175655516,341.9401977885485,339.7428071579378,337.57589447620865,335.4477359454402,333.3658050628071,331.336759629656,329.36643657615997,327.4598616804373,325.6212623471027,323.85409163508206,322.16105981307805,320.5441719025662,319.0047636902641,317.54355467257255,316.16068929808756,314.8557912426641,313.62801395811545,312.4760910469463,311.39838883724696,310.3929567944109,309.45757644986554,308.5898091613329,307.7870430071648,307.04653046442485,306.3654345356181,305.7408616252826,305.16989929809887,304.6496434524523
0.0014187636992374964,375.1666868103186,375.07397704814065,374.7965581133406,374.3366194319676,373.6977637742609,372.8849627318229,371.9044920441114,370.7638341082914,369.47157604546334,368.03730246471065,366.47145847542504,364.785214274072,362.99033018909904,361.099007628364,359.12374629446293,357.07720468559717,354.972059476196,352.8208768219679,350.6359897717099,348.42938752261364,346.2126103498363,343.9966662162824,341.791948144496,339.60817554338826,337.45433761035673,335.3386607459268,333.2685783342458,331.2507174701826,329.29089339960655,327.3941187128295,325.5646155624635,323.80583904360765,322.1205080543109,320.51064209860954,318.9775966201633,317.5221151464319,316.14436986572076,314.84401517380456,313.62023756730537,312.4718054003547,311.39712087655715,310.39426993085465,309.4610706814885,308.5951207666889,307.793843857722,307.05452704486845,306.3743666679311,305.75050099362016,305.1800477865925,304.66013136769675
0.0014237636992374964,374.7771158009458,374.6851579180733,374.4099865366022,373.9537665460082,373.3200604242023,372.5137843962635,371.5411447251576,370.40954156552607,369.1274684761265,367.70440672786333,366.1506901616613,364.4773716165551,362.69608978778786,360.8189221052903,358.85824375982327,356.82658993005725,354.73651682793763,352.6004744763172,350.43068545672384,348.2390352856189,346.03696835000915,343.8354052146237,341.64466061674256,339.47438512960366,337.3335087925706,335.2302085167855,333.17187775771487,331.165112969148,329.2157076692546,327.3286611198834,325.5081899953964,323.7577511274696,322.08007168280835,320.47718523848766,318.95046644767456,317.50068239520715,316.12803251871657,314.83220143636333,313.6124081930769,312.467455406315,311.39578068135165,310.39550596845766,309.4644855422583,308.60035291807003,307.8005669860279,307.0624491063212,306.3832286443835,305.76007544905974,305.19013723613887,304.67056653024906
0.0014287636992374965,374.39099589755597,374.29978137809803,374.02683211665044,373.5742888106306,372.9456742101588,372.1458499465614,371.1809537708849,370.0583047296483,368.78630409953337,367.374331213867,365.8326101366048,364.1720779024971,362.40425316001443,360.54109095143303,358.59484352292856,356.57792425292894,354.50277033909504,352.3817170289996,350.2268776870631,348.0500352789494,345.86253930265127,343.6752237874217,341.4983259075626,339.3414279826502,337.21340133798645,335.122373706395,333.07569879970544,331.0799424983305,329.140876553048,327.26348676146586,325.4519840992902,323.7098268417657,322.0397500706947,320.4438010341465,318.92337315501527,317.4792566095039,316.11167760172833,314.82035048200055,313.6045263540112,312.46304161677847,311.3943688094503,310.3966654489327,309.467821540779,308.6055060783807,307.8072128005464,307.07029699736813,306.3920207510188,305.76958521472216,305.20016780837614,304.6809490431081
0.0014337636992374965,374.00828587685345,373.91780632265665,373.6470540992951,373.19814605110764,372.5745657559083,371.78112101169233,370.82388200682203,369.71008779616255,368.4480486344979,367.04704329639253,365.51718753736714,363.8693041174008,362.11479320080764,360.2654890089785,358.33352238799665,356.3311864137232,354.2708006976121,352.16458705118646,350.0245508555753,347.86237364138293,345.6893110047892,343.5161112926165,341.3529348310953,339.2092962629778,337.09400864039617,335.01515082779184,332.98003697904903,330.99520247114117,329.0663972513741,327.19859352211506,325.3959963457347,323.66206515450676,321.99954259877785,320.41048920291934,318.896316727307,317.45783798104105,316.0953054593149,314.8084627615522,313.5965925675186,312.45856458247357,311.392885817619,310.3977489132604,309.47107918534033,308.61058071067794,307.8137817103713,307.07807106768087,306.4007432753814,305.77903051558485,305.21013966708654,304.6912790116308
0.0014387636992374965,373.6289450856648,373.53919221451224,373.27061229329775,372.82529864682044,372.2066962271748,371.4195597473102,370.4698927670621,369.3648554484825,368.1126682648838,366.72251078946107,365.2043919152488,363.5690216337203,361.8276831642173,359.9920914508823,358.0742574617977,356.08635544664804,354.0405888389382,351.94906733529103,349.82368955124235,347.6760366840708,345.5172714035573,343.3580572175981,341.2084783119549,339.0779822242566,336.9753241712848,334.9085344578828,332.88488786628113,330.9108893421143,328.9922669966629,327.1339793107272,325.3402252242798,323.6144650464325,321.95944865640826,320.3772494674191,318.86929715248976,317.4364267025827,316.0789164358828,314.7965387249776,313.5886073497869,312.4540248528556,311.3913322615171,310.39875690163444,309.474258983861,308.61557727811254,307.8202741251655,307.08577166795686,306.4093965064568,305.7884115784235,305.22005297814076,304.70155654347957
0.0014437636992374965,373.2529334328564,373.16389907669566,372.8974670624016,372.45570752342553,371.8420273239848,371.0611288283385,370.11894988713266,369.0225728511173,367.7801296331398,366.400701941354,364.89419323004324,363.27120220557254,361.5428966584404,359.72087377641196,357.8170261496072,355.84341065696486,353.81211594277266,351.73514089208334,349.62427855664663,347.49101088833015,345.34640859429385,343.2010511775805,341.0649473838543,338.94747821222495,336.85734147887615,334.8025192366639,332.790247083009,330.8269996064034,328.91848305298856,327.06964206024696,325.2846692421961,323.5670255108282,321.9194676413399,320.34408155543207,318.84231442124013,317.4150229678712,316.0625108756286,314.7845788213072,313.58057121573245,312.4494229760566,311.38970869564685,310.39968995340837,309.4773614438325,308.6204962438709,307.8266904551021,307.09339914985986,306.4179807346118,305.7977286317544,305.22990790944186,304.7117817485708
0.0014487636992374965,372.88021138135167,372.7918874845494,372.5275793174578,372.0893341451167,371.4805212731144,370.7057914416508,369.7710176969516,368.6832056429399,367.45039983391223,366.0815854285938,364.58656184440696,362.9758179635096,361.2604076410014,359.4518118067376,357.56180615120337,355.6023316173825,353.58536342984263,351.5227909478356,349.42630284546135,347.3072829034594,345.17671081865535,343.04508291398884,340.922333188241,338.817776663547,336.74005418718684,334.6970998664454,332.6961103012852,330.7435297992801,328.8450427156745,327.0055797273592,325.22932692423797,323.51974555334425,321.8795989595922,320.3109851998117,318.8153685268885,317.3936269715604,316.0460891224834,314.77258349859255,313.57248467895164,312.44475949883736,311.38801567330245,310.40054860704316,309.4803870722652,308.62533807111856,307.83303111080636,307.1009538659611,306.4264962515367,305.8069819057773,305.23970463087153,304.72195473902343
0.0014537636992374965,372.51073994024614,372.42311855787125,372.16091050864975,371.7261405069828,371.1221408206308,370.3535112788407,369.42606101386815,368.3467199305362,367.1234464077323,365.76513034999715,364.28146851829547,362.6828414093509,360.9801904139894,359.1848816805735,357.3085754569097,355.36309816449193,353.36031295871663,351.31200094149705,349.229747579969,347.12483954457576,345.0081664627497,342.8901422928643,340.7806269729459,338.68887010468103,336.62345599508876,334.59227111108464,332.60247324298655,330.66047649563836,328.77194331090163,326.94179029218395,325.17419681240824,323.47262419181584,321.83984202531366,320.27796013837485,318.78845946533806,317.37223890915124,316.02965152005703,314.7605532038563,313.5643482516734,312.44003496653943,311.38625374652196,310.40133340005605,309.48333637563405,308.63010322294497,307.8392965032986,307.1084361696821,306.43494335018806,305.81617163231965,305.24944331423626,304.7320756291085
0.0014587636992374965,372.1444806570213,372.0575539531537,371.7974226178133,371.3660891274596,370.7668492245244,370.00425252908093,369.08404513578887,368.01308228163424,366.7992373347804,365.4513062207976,363.978884403465,362.39224541107626,360.7022196193488,358.92005984986884,357.0573123436812,355.12569039523987,353.1369464226525,351.1027545218998,349.03459810860414,346.94366779047436,344.8407640552882,342.73621930328324,340.6398200908458,338.5607511507587,336.50754067538037,334.4880277952248,332.5093316791983,330.57783630950155,328.69918219532053,326.87827175797395,325.1192774657252,323.42566045608567,321.8001962606465,320.2450061137986,318.761587234985,317.35085897692704,316.01319841158454,314.7484883830442,313.5561624447132,312.4352499230393,311.38442346603927,310.402044868971,309.4862098598268,308.6347921623086,307.84548704393853,307.11584641523757,306.4433223247322,305.8252980447819,305.2591241332144,304.74214453519943
0.0014637636992374965,371.7813956098556,371.69515585592205,371.4370781508535,371.009143040876,370.41461024743313,369.65797987207014,368.7449358343885,367.6822597186146,366.47774102872614,365.14008296684045,363.6787810380397,362.1040031977793,360.4264702342254,358.65732307554845,356.8079953712358,354.8900886634418,352.9152459464797,350.89503554499413,348.8408399635233,346.7637547815101,344.6744922657564,342.5833040557926,340.4999039985379,338.4334125044744,336.3923020738662,334.38436480354113,332.4166814296037,330.4956058935355,328.6267567556662,326.81502215081457,325.06456745999185,323.37885338782746,321.7606610955931,320.21212287351807,318.7347518366395,317.3294873718909,315.9967301398733,314.7363894809775,313.54792776742795,312.43040491070326,311.3825253812373,310.40268354926934,309.4890080300928,308.63940535198424,307.85160314437036,307.1231849575805,306.4516334704899,305.83436137808275,305.26874726330425,304.752161575723
0.0014687636992374966,371.42144740003306,371.335886973169,371.07984013025657,370.65526579009395,370.0653881494577,369.314658471068,368.40869934840475,367.3542197121002,366.15892633064294,364.8314309188465,363.3811303411444,361.8180883546804,360.1529175663678,358.3966484233024,356.5606033782296,354.6562735763345,352.69519388351637,350.6888280711144,348.6484588582002,346.5850878175023,344.50933990260387,342.4313867808613,340.3608702550285,338.3068469549861,336.2777341084455,334.28127707999397,332.32451836188,330.41378193856474,328.5546644083763,326.7520395193267,325.01006538756656,323.33220204037156,321.72123596788356,320.1793101696266,318.7079532734487,317.30812429170373,315.98024704725077,314.7242569413065,313.53964472767177,312.4255004703432,311.3805600401029,310.40324997534253,309.49173139099275,308.6439432545101,307.85764521646877,307.13045215234723,306.4598770838824,305.8433618686061,305.2783128817723,304.7621268711106
0.0014737636992374966,371.06459914444787,370.97971052588497,370.725672087697,370.30442141924186,369.71914768106853,368.9742539660183,368.07530237701724,367.0289301746259,365.8427625029985,364.5253208067472,363.0859046076019,361.5344748182,359.88153724958204,358.13801325942563,356.3151154784765,354.4242259911684,352.47677281252174,350.4841163622757,348.457440685048,346.40765435566084,344.3452959114529,342.28045782734773,340.22271052043413,338.1810473768267,336.1638307682099,334.1787596270892,332.23283839109854,330.33236117309366,328.48290259921407,326.6893219343721,324.9557698571371,323.28570547853235,321.681920322845,320.1465677587755,318.68119155081956,317.28676993462363,315.9637494755141,314.71209120646597,313.5313138317535,312.42053714117367,311.3785279891822,310.4037446804453,309.49438044634996,308.6484063321375,307.8636136722869,307.13764835580395,306.4680534623772,305.85229975414865,305.2878211676032,304.7720405437507
0.0014787636992374966,370.7108144682054,370.6265902416843,370.3745380567394,369.95657446654025,369.3758540761007,368.636732466758,367.7447120733092,366.7063594543877,365.52921922371945,364.2217237540893,362.7930765026954,361.25313687109093,359.6123052392421,357.881395246706,356.07151105721215,354.19392701183784,352.25996553468235,350.2808848794996,348.26777151306743,346.2314420085352,344.1823493733264,342.1305076609823,340.08541655469645,338.056006728826,336.0505861125489,334.07680750514515,332.1416374791322,330.251340362832,328.4114688028932,326.6268674887625,324.9016794934959,323.2393627784374,321.6427136132721,320.1138954020768,318.65446667634393,317.265424499446,315.9472377658801,314.69989271762984,313.5229355843943,312.4155154607703,311.3764297735375,310.4041681966505,309.49695569920226,308.6527950467802,307.869508924004,307.1447739247943,306.47616290443614,305.86117527386796,305.2972723014497,304.78190271794176
0.0014837636992374966,370.36005749731873,370.276490347527,370.0264025656344,369.61168995722005,369.03547304484135,368.3020605463143,367.4168960378132,366.3864763290702,365.2182665803307,363.92061127250867,362.50261905699574,360.97404913763063,359.3451978078535,357.62677234036266,355.8297697674017,353.9653579855522,352.0447550706328,350.07911828017114,348.07943758552017,346.05643854198615,344.02048950289446,341.9815268628673,339.94898021631,337.93171805304405,335.9379942702659,333.9754158315675,332.05091163406746,330.17071631022566,328.34036052270733,326.56467429696994,324.8477929373181,323.1931730273584,321.60361529929975,320.08129286500633,318.6277786597241,317.244088185445,315.930712258937,314.68766191466943,313.5145104886873,312.4104359650288,311.374265936705,310.40452105480455,309.4994576517556,308.6571098599659,307.87533138387516,307.15182921668793,306.4842057094633,305.86998866823177,305.3066664655835,304.79171351984553
0.0014887636992374966,370.0122928514996,369.9293755625338,369.6812306302072,369.26973339653154,368.6979707672036,367.97020523428625,367.091822312138,366.06924999975246,364.9098750641684,363.62195525627357,362.21450566125174,360.6971865788723,359.08019154067125,357.37412278403156,355.58987152609126,353.738500499545,351.8311246575118,349.87880141542564,347.89242531763,345.88263187317943,343.85970564674045,341.83350612799154,339.813393461064,337.8081744737154,335.8260494387017,333.87457978013106,331.96065690962286,330.09048585399034,328.26957529016295,326.5027404948413,324.7941088449415,323.1471353235439,321.5646248482762,320.04875991730796,318.6011275127002,317.22276119231594,315.914173294596,314.67539923611037,313.50603904605737,312.40529918812547,311.3720370206538,310.4048037844841,309.5018868053381,308.6613512327879,307.88108146418165,307.15881458932915,306.49218217775456,305.8787401789682,305.31600384384666,304.8014730774412
0.0014937636992374966,369.6674856370436,369.5852110908962,369.33898774683956,368.9306707628458,368.363313885991,367.64113401031307,366.76945937267817,365.75465008489215,364.6040155646661,363.32572797689625,361.9287100613458,360.4225244879546,358.81726333137175,357.12342510580123,355.351796510804,353.513336377822,351.6190577460517,349.679919327565,347.7067212943084,345.7100100686016,343.6999872816456,341.68643626376223,339.6786483407965,337.6853691962043,335.7147458828676,333.77429458026853,331.87086940457283,330.0106458686521,328.19911066461606,326.4410642393153,324.74062588814934,323.1012487760541,321.52574173463864,320.0162963329001,318.57451324897823,317.2014437201192,315.89762121204575,314.66310511909194,313.4975217562232,312.40010566247815,311.3697435657459,310.4050169139541,309.5042436603553,308.66551962585874,307.8867595771822,307.1657304009882,306.50009261044744,305.88743004901613,305.3252846216048,304.81118152048055
0.0014987636992374966,369.32560143980936,369.243962614879,368.9996398855436,368.5944685008445,368.0314695002479,367.3148147976262,366.44977612440476,365.44264661438655,364.3006593637145,363.0319020778139,361.64520635331155,360.15003848546996,358.55639037777746,356.87465811429576,355.115525155978,353.2898476779483,351.4085379977025,349.48245724750495,347.522312267907,345.5385613420992,343.541324012893,341.54030818855125,339.5447370021627,337.563295505971,335.60407793458785,333.6745555163671,331.78154526217793,329.93119326409067,328.1289642329118,326.3796437081422,324.68734275395474,323.0555125045973,321.48696543978997,319.98390188978254,318.5479358841593,317.18013596922447,315.8810563497059,314.6507799993274,313.48895911715886,312.39485591870925,311.36738611069694,310.4051609701263,309.50652871624686,308.669615499264,307.89236613506534,307.172577010312,306.50793730947237,305.89605852247723,305.3345089856993,304.82083898044283
0.0015037636992374967,368.9866063182896,368.90559628791516,368.66315348312696,368.261093514801,367.702405158699,366.9912159566867,366.13274189473657,365.1332100237105,363.99977813009326,362.74045056913593,361.36396897841564,359.879704514891,358.29755017763523,356.6278008948067,354.8810381494495,353.06801668787426,351.1995492817904,349.28640059225154,347.33918515599646,345.3682740529391,343.38370557259094,341.3951129302594,339.41165168541653,337.44194676754876,335.4940399916505,333.57535792707193,331.69268066962013,329.85212498508866,328.05913360902923,326.31847709960715,324.6342581443882,323.00992563936825,321.44829545197706,319.9515763699451,318.5213954356703,317.1588381402569,315.8644790451834,314.63842431106434,313.48035162505744,312.38955048560877,311.3649651925387,310.4052364785193,309.508742471444,308.6736393125173,307.8979015499027,307.17935477627645,306.51571657750446,305.9046258445681,305.3436771244017,304.8304455904914
0.0015092636992374967,368.6171612316424,368.53683462080676,368.29643507659654,367.89775692981533,367.3437539939483,366.6385057248068,365.7871676921586,364.79589532009624,363.6717647580203,362.4226899955906,361.05731512416844,359.5849081197195,358.0152546940792,356.35854002075325,354.62523490816903,352.8259839929102,350.9714919472914,349.0724186352695,347.13927828459344,345.1823471679674,343.2115751930267,341.2365142837393,339.2662464088171,337.3093309713679,335.37375260282926,333.4668890989176,331.5954801788078,329.76561046529866,327.98269853157996,326.25149837128805,324.5761032874009,322.9599594691852,321.40588620267,319.91610121893325,318.4922454727136,317.135422661753,315.8462292855046,314.6247965431432,313.47082968716165,312.38364775829325,311.36222604881584,310.4052372470672,309.5110919537504,308.6779788959515,307.903904948427,307.18672747869886,306.52419499097516,305.9139762232703,305.353694289179,304.8409515072544
0.0015153136992374968,368.2148854150246,368.13530074548436,367.8971194541367,367.5021128455721,366.9531969008787,366.25439903911376,365.4108094445154,364.42850601482166,363.31447652698574,362.0765371348259,360.72322630133175,359.26370025036016,357.7076284685068,356.06507720138404,354.34639729943046,352.5621140167688,350.72281478278234,348.83904575694226,346.92121228593214,344.9794876846229,343.02372582904593,341.06339026202653,339.1074828868194,337.16449175578214,335.2423391716185,333.3483497016206,331.48921892898466,329.67099626185166,327.8990737118337,326.1781869547936,324.51241877214653,322.9052120884423,321.3593895872036,319.8771784119003,318.4602343452426,317.1096805994091,315.82613726629955,314.6097625327201,313.46029141234914,312.37707488440634,311.3591217851018,310.4051394229597,309.5135736098291,308.6826484347634,307.9104058791255,307.19473784220435,306.5334264516591,305.92417292499454,305.36463148151597,304.8524340157641
0.0015219686992374967,367.7772820235867,367.6985018232018,367.4627257613025,367.07170026587005,366.52830044383967,365.8364974899083,365.0013109343374,364.0287348921878,362.9256616230644,361.6998015175009,360.3595788296557,358.91402892729263,357.3726955729055,355.7455163294094,354.0427122106781,352.27467921375916,350.45187778005135,348.58473086254065,346.68352577333303,344.7583241562837,342.81887566787736,340.87454787051126,338.93425565086073,337.00640944596205,335.09886368358497,333.2188848877724,331.37312042890716,329.56758115456927,327.80762988481956,326.09798203667833,324.4427085873301,322.84524853366906,321.30842786958226,319.83448359065864,318.42508722846003,317.08138285420375,315.80401587254346,314.59317349872055,313.4486228181186,312.3697492792436,311.3555979652108,310.40491363468766,309.5161802255245,308.687660149697,307.9174334657309,307.203429555594,306.5434670704707,305.9352825338429,305.3765640008856,304.8649755596996
0.0015292891992374968,367.30174670377465,367.22383758271906,366.9906659403429,366.60395137487126,366.0665249081111,365.3822970890595,364.55621123016135,363.59417105477667,362.50296575480445,361.29019157668364,359.96414949024904,358.5337443727327,357.0083842040932,355.39786752808095,353.71227504652677,351.9618630194415,350.1569545483124,348.3078392757185,346.42467673495685,344.5174076119276,342.59566860438645,340.6687231708353,338.74539173763617,336.83400040428137,334.9423297579263,333.0775830853114,331.24635513004984,329.4546145392268,327.70769206097316,326.010280705342,324.3664381983813,322.7795988238234,321.25259171629557,319.78766411877933,318.3865042241774,317.0502783321272,315.7796589358667,314.5748644030656,313.43569630924935,312.36157723265126,311.3515913545581,310.40452387766567,309.5188999573063,308.69302347581987,307.9250157329981,307.2128467426628,306.5543747799377,305.94737470114154,305.38957132572847,304.87866374737763
0.0015373417492374967,366.7855799000553,366.70861258500105,366.47825686943156,366.0962034692658,365.5652359464272,364.88919955645275,364.0729555436352,363.1223102880365,362.0439419689887,360.84532386601313,359.534624105389,358.12060691970237,356.6125338982054,355.0200536558233,353.3530955167083,351.6217649232344,349.83623668059954,348.0066564150891,346.1430455436208,344.25521392822213,342.352676009701,340.4445824847535,338.53965137052234,336.64611723443545,334.771680421418,332.9234753896493,331.108039485731,329.33129520227914,327.59853806420085,325.9144362987421,324.28303274919324,322.70775605807614,321.1914382294578,319.7363370864078,318.34415837043275,317.0160919883951,315.75283933975413,314.5546521398288,313.4213689705134,312.3524523216024,311.3470284657499,310.4039262029919,309.521715171551,308.69874405708754,307.9331787589505,307.2230332723951,306.56620880073007,305.96052176503787,305.40373688144,304.8935912622625
0.0015461995542374967,366.2260034072774,366.1500527237795,365.9227367085507,365.54571504877805,365.0217203169739,364.35452761324154,363.5489099919049,362.6105692128919,361.5460641227158,360.3627357894427,359.06860947367346,357.672298110319,356.1829057600788,354.60991964495634,352.9631060725521,351.252408000969,349.4878403901704,347.6793935511457,345.8369398591122,343.97014790952875,342.0884000277671,340.20072495175646,338.3157298274847,336.44155001259924,334.5857987585788,332.7555356904641,330.95723561312894,329.19677057683054,327.4793974398982,325.8097570212157,324.1918754425441,322.62917461213,321.1244890083678,319.6800872830897,318.29769356800296,316.97852274625984,315.72330696533766,314.5323335387018,313.4054806545287,312.342253605241,311.34182387983253,310.40306718028467,309.52460106091803,308.7048225250042,307.9419456216111,307.23403187685744,306.57902893137634,305.9747982105471,305.41914766736596,304.9098556519046
0.0015559431397374967,365.62018173221503,365.54532652463797,365.3212860120399,364.9496866206232,364.4332062623396,363.7755448235553,362.9813807974492,362.0563037474606,361.0067445202488,359.83990233690815,358.56364913936466,357.1864354453629,355.71719615160566,354.1652450995217,352.5401733969959,350.85174929154095,349.1098157795369,347.32419598406943,345.5046017410667,343.66054937117514,341.8012786723879,339.9356866902659,338.0722607227536,336.2190287507351,334.38350962148684,332.5726816955431,330.7929517002655,329.0501366024785,327.34945083705475,325.695504916086,324.0923061695264,322.5432684882085,321.0512282806429,319.6184651670117,318.24672244071144,316.9372412970665,315.69078647540164,314.50768317257007,313.38785184790754,312.33084358002833,311.33587831637936,310.4018821043269,309.527524005038,308.71125302694776,307.9513351049257,307.2458830413325,306.5928946261717,305.9902799360516,305.43589371027053,304.9275589646106
0.0015666610837874967,364.96524882422136,364.8915718018035,364.67105416475175,364.3052867711293,363.7968890774206,363.14948052598044,362.36763845853636,361.4568324014625,360.42335622722277,359.2742573261385,358.0172434824311,356.6605912566388,355.2130542943653,353.68376059016566,352.08211336766885,350.4176934178346,348.7001591220825,346.9391540014383,345.1442173098925,343.324701541473,341.4896930179031,339.6479468330719,337.80782095042633,335.9772273178297,334.16358260292463,332.37377703367065,330.61414331882867,328.89043832946635,327.20782998525203,325.57089529614524,323.98362047237083,322.4494098864899,320.97110115524396,319.55098486872527,318.19082415459536,316.8918877948732,315.6549749394568,314.4804509628499,313.36828130139156,312.31806587392714,311.3290764257637,310.40029291438736,309.53043964095195,308.7180214671408,307.9613601252988,307.2586236273739,306.6078638219475,306.0070432875571,305.45406730676564,304.9468071979885
0.0015784508222424967,364.2583406938278,364.1859281909805,363.96919165865614,363.6096840188585,363.109962377082,362.4735603610283,361.70494739085285,360.80946489710806,359.79326054809803,358.66321962744036,357.4268745958946,356.0923161573286,354.66810422914534,353.1631680749406,351.58670990702615,349.94810984992705,348.2568285372731,346.5223169788919,344.75392929997065,342.9608421071458,341.1519767879697,339.33593572076836,337.52093755268714,335.71476906047377,333.92473649292845,332.1576346353971,330.419715820678,328.7166714243945,327.05361840375383,325.4350967498374,323.86506893991486,322.3469280795749,320.8835120623351,319.477122278745,318.1295422309387,316.84206946747486,315.6155393097988,314.45035958185235,313.34654341385846,312.3037426613931,311.3212842785031,310.3982057954134,309.533290607945,308.7251034214416,307.97202583745707,307.27228518596405,306.6239914701963,306.02516381726906,305.473762012003,304.9677095179739
0.0015914195345429966,363.4966343557251,363.4255759945366,363.212888645802,362.8600848844386,362.36965549773794,361.7450428272939,360.990601471049,360.1115365446605,359.11384009181944,358.00422479239666,356.790036366513,355.4791674804834,354.0799715355498,352.6011658411454,351.0517381053916,349.4408541859501,347.7777634231322,346.0717109745043,344.3318528417959,342.56717722361566,340.78642864764606,338.9980455412056,337.210096782672,335.43023437414354,333.6656454509121,331.923021604303,330.20852801089836,328.5277847505823,326.8858529961485,325.28723185728404,323.73585715101217,322.2351086870599,320.7878234595808,319.3963132820429,318.0623824005952,316.787358176741,315.57211376810494,314.41710165957943,313.322385366704,312.2876717860359,311.3123465301601,310.39550843245206,309.536003932221,308.73246168666094,307.98332737671296,307.28689191526183,306.64132772741726,306.0447147186029,305.4950713267723,304.9903772011985
0.0016056851180735467,362.6773934012099,362.60778164449334,362.39942007419074,362.0537784854301,361.5732773435251,360.9612621797849,360.2219657988016,359.36044869252885,358.38253774874505,357.29476241249665,356.10427008731773,354.81874303601404,353.4463151430498,351.9954782995249,350.4749919470102,348.89379377816834,347.2609079695746,345.58536013498815,343.87609478416283,342.14189879268747,340.3913274912208,338.6326436958374,336.87375562990525,335.1221704788971,333.3849471317336,331.6686658008195,329.97939730236214,328.32268421033757,326.7035266996969,325.12637876699375,323.5951462984039,322.113193464602,320.68335490150446,319.30795221883744,317.9888105624841,316.72728797547035,315.5242969750552,314.3803368137843,313.2955240149216,312.26962358596654,311.302083246752,310.3920668944453,309.5384880200124,308.7400434266798,307.9952471947882,307.3024582161181,306.6599157539524,306.06576488599524,305.51808703037443,305.01492224788353
0.0016213772599571517,361.7980203169571,361.72994990120515,361.5261975274708,361.1881877820898,360.7182668096748,360.1196778113686,359.3965248280431,358.5537154133444,357.5969017518968,356.53241939282793,355.36720579936025,354.10872039556955,352.7648644543806,351.3438908624116,349.85431688024437,348.3048379535737,346.70423900843855,345.06131217430834,343.3847768197623,341.6832052717292,339.96495098851625,338.23808915220866,336.5103560619975,334.78910364561926,333.08125300240476,331.393264364139,329.7311065646208,328.10023804789546,326.50559237295624,324.95157380074164,323.44205464379957,321.98038074107035,320.5693825881719,319.2113906706654,317.9082509282294,316.66135272618743,315.47164927250395,314.339688537732,313.2656425551684,312.2493374290281,311.29028638591836,310.3877221319054,309.5406292341297,308.7477768821342,308.007751948966,307.3189857993624,306.6797890707278,306.08837654544465,305.54289710275316,305.04145560723805
0.0016386386160291172,360.8561154154285,360.78968265484855,360.590827640985,360.26092735544455,359.802249676649,359.2179300260727,358.5119367939527,357.689016372777,356.75463679132446,355.71492913307526,354.57660937929506,353.34690174675734,352.0334618475113,350.6442899962864,349.18764734565843,347.6719729646031,346.10579835591216,344.4976680983779,342.8560626034574,341.18932621661554,339.5055976021781,337.81275200249485,336.1183422070332,334.4295540989036,332.75316107441324,331.0954943934143,329.46241288206807,327.85928381943705,326.29096811752805,324.76181527013284,323.2756599738548,321.8358266584436,320.4451395319226,319.1059366939041,317.82008445822504,316.5890038702103,315.41368990976173,314.2947410008633,313.232387010282,312.22651798243305,311.27671594437163,310.3822860860636,309.54228803977367,308.75556761893284,308.02078891054526,307.3364603027987,306.7009684250495,306.11260240136164,305.5695831770438,305.0700849531848
0.0016576261077082793,359.84954192397674,359.7848438795368,359.59117665219014,359.2698672891958,358.8231015651135,358.2539018175503,357.56609407652104,356.7642555531547,355.8536608880899,354.8402263593391,353.7304351552417,352.53126413932046,351.2501104195572,349.89470835278735,348.4730492059585,346.99330165255844,345.4637296666646,343.89261622950545,342.28818894846086,340.6585506720521,339.01161221451787,337.3550363879574,335.6961806540342,334.04205378765016,332.3992712526138,330.77402599535804,329.1720584310647,327.59863723908205,326.05854423889866,324.55606870304996,323.09500324595433,321.67864739188155,320.309816506262,318.9908546500565,317.7236477225111,316.5096484636607,315.34989439349255,314.24503584455556,313.1953625952696,312.2008312650487,311.26109580371593,310.37553742623527,309.54329472197924,308.7632943047065,308.0342818696063,307.35484738408474,306.7234581220734,306.1384822480669,305.59821746385205,305.1009119459006
0.0016785123485553576,358.7764963963987,358.71362990761725,358.5254402643567,358.21320235306536,357.7790161750864,357.2257859083828,356.5571887947463,355.77762516975304,354.8921674142438,353.9065070455799,352.82688354525544,351.6600146753685,350.41302658386064,349.09337464903615,347.7087668079629,346.2670876120773,344.7763196443198,343.2444704289568,341.67950104933004,340.08925940504565,338.481415402395,336.86340686605274,335.2423839817646,333.62516716229743,332.0182034633291,330.4275378796899,328.85878367147427,327.31710310567473,325.807192056173,324.3332736906777,322.89909363163,321.5079225515643,320.1625639692974,318.8653658134259,317.6182323531961,316.4226476315596,315.2796920954838,314.1900690894566,313.1541300629433,312.17190056202884,311.24310933599304,310.3672169588356,309.5434447008605,308.7708040229509,308.0481265304743,307.3740882696497,306.7472417891112,306.16603900139927,305.6288590923384,305.13402891516614
0.0017014872134871438,357.6355831710732,357.57464375320717,357.3922175672918,357.08952525554696,356.66857761061215,356.13215589359197,355.4837825248561,354.7276737304064,353.86869127308455,352.91229250805225,351.8644628752857,350.7316498774468,349.5206968332658,348.2387676908097,346.89327415085575,345.4918034108418,344.04204324065086,342.5517122255683,341.0284915118452,339.4799608295794,337.91353627143985,336.33641818948735,334.7555375375241,333.17751502677527,331.6086186700951,330.0547356450673,328.52134302332735,327.01348850317765,325.5357747698381,324.0923525750675,322.6869151832687,321.32269999290537,320.0024951849786,318.72864997226014,317.50308529399746,316.3273156322306,315.20246429482097,314.1292883133791,313.1082021692569,312.1393023219716,311.2223948687264,310.35702278725466,309.54249350348425,308.7779071637866,308.06218541762286,307.3940947611542,306.7722775571377,306.19527411888805,305.6615498219609,305.16951490613366
0.0017267595649121084,356.42589112176915,356.36697173708234,356.1905872851886,355.8979022658633,355.49083513073174,354.97203988080014,354.344878596625,353.61337676323967,352.7821778433518,351.8564963622773,350.84205415795515,349.7450181122481,348.571937647305,347.3296736183807,346.025329343605,344.6661821502073,343.25961223056873,341.8130363363792,340.333842771129,338.8293302948331,337.306648607739,335.77274833524547,334.2343293774271,332.69780144328035,331.16924281459154,329.6543728451261,328.1585231629171,326.68661844628406,325.24316058926206,323.8322212020821,322.4574353654409,321.122002286721,319.82869079819704,318.57984827862424,317.37741009662,316.22291977201894,315.11754288115895,314.0620903100996,313.0570404498686,312.1025622073753,311.19854115807084,310.34460534809955,309.54015149428926,308.78437196957174,308.0762823468397,307.41474373147054,306.7984926694712,306.2261623974983,305.6963090941352,305.20743103836224
0.0017545591514795697,355.1470704594006,355.0902601781992,354.9201841378165,354.6379490259211,354.2453781953184,353.7449945559543,353.13999496883105,352.43420829655184,351.6320528641637,350.7384926207718,349.7589772191591,348.6993835717873,347.56595716460447,346.3652451190942,345.1040312202449,343.78927136058417,342.42802628103016,341.02739881959417,339.59447225720834,338.13625221064876,336.65960992980956,335.17123446929696,333.6775831497799,332.1848435598113,330.69889363297085,329.2252748567452,327.76916402376355,326.335354111372,324.928238306151,323.5518019636179,322.2096157042742,320.9048351245208,319.6402051533024,318.41806764410524,317.2403695623442,316.10868146428004,315.02421000356776,313.98781949963995,313.0000525608291,312.06115153047017,311.17108307879073,310.3295625072292,309.53607852079136,308.78991886455094,308.0901965628793,307.43587118347085,306.82577756336514,306.2586461678612,305.7331284168887,305.2478151465666
0.001785138696703777,353.7994068853687,353.7447894602291,353.5812726465454,353.3099039219802,352.9324092283648,352.45117716409464,351.86923525347294,351.1902107529099,350.41829102643055,349.55818281097595,348.6150561743819,347.5944899437642,346.5024168880036,345.3450610144096,344.1288766639624,342.86048792721,341.54662535423984,340.1940668436071,338.80957943238406,337.39986427125723,335.97150283337675,334.53091136481316,333.08429355757625,331.63760410677224,330.196510195625,328.7663654912377,327.3521825263818,325.95861375030626,324.589935475292,323.2500393445491,321.9424248148909,320.67019795423914,319.4360746777577,318.2423870210408,317.09109007858154,315.983778785157,314.9216990135714,313.90576742876965,312.9365905069649,312.01448437824325,311.13949781124876,310.3114349689353,309.5298786985694,308.79421476127504,308.1036567037678,307.45726599846154,306.8539795177732,306.29262894485805,305.7719651095724,305.29067569828345
0.001818776196450405,352.3838900197541,352.331542404419,352.1748153405907,351.91469601126414,351.55281114915203,351.091412525595,350.5333550932319,349.8820605592068,349.14148068197403,348.3160596451797,347.410681916965,346.43062157233584,345.38149136975534,344.2691843206326,343.0998168952999,341.879672460442,340.61514201931044,339.312668806033,337.97869359244066,336.6196028243094,335.2416778266431,333.8510516166314,332.4536638812286,331.0552261744707,329.66118490441374,328.2766961954625,326.90659898701915,325.5553963302019,324.22723932813875,322.92591817174656,321.65485406540074,320.4170971555128,319.2153286803717,318.05186594911316,316.92866805117035,315.8473509389168,314.8091971188199,313.81517377417543,312.86595015946375,311.96191581101635,311.10320188717543,310.28970233276414,309.5210956388215,308.79686761268965,308.1163348237947,307.4786635676389,306.88289602083773,306.3279686477287,305.81273548040286,305.3359850212942
0.0018557774461716958,350.902272786933,350.85226363914853,350.7025320771804,350.454004255885,350.108206477365,349.66725196219755,349.13382084876935,348.51112652484414,347.8028818305795,347.0132645223126,346.1468690283811,345.2086596589632,344.203923574293,343.138216635568,342.0173107370187,340.84714128759265,339.6337520166278,338.38324331550746,337.1017211128242,335.79524823313955,334.46979666781976,333.1312068233158,331.7851448869339,330.4370697442904,329.09219755978677,327.7554775862865,326.4315660703276,325.12480787552346,323.83922049636766,322.5784847320179,321.34593612274847,320.1445620668911,318.97700293226063,317.84555578008224,316.7521788789562,315.6985051027151,314.68585023065737,313.71522933561687,312.7873725453578,311.90274160470466,311.06154954459464,310.2637802222291,309.5092085110631,308.79742156605556,308.1278407910323,307.4997395789788,306.91226808376416,306.3644705690241,305.85530756792673,305.3836719234465
0.0018964788208651157,349.35711839329036,349.3095066076982,349.16694713764207,348.9303047601062,348.6010047555639,348.181020936762,347.6728574730673,347.079517950913,346.40447444540064,345.65163603085114,344.82530439919833,343.93013092126444,342.97107347468227,341.9533465533593,340.88237271093783,339.7637340804328,338.60312125238806,337.4062853803233,336.1789906523806,334.92696891394587,333.65587505489844,332.3712487529171,331.0784742993982,329.78274931007604,328.48905098612306,327.2021129513198,325.92640005526766,324.66609040902074,323.42505955913623,322.2068708792803,321.01476659612126,319.8516641645123,318.7201564020976,317.6225140123469,316.56068895064,315.5363261674232,314.5507705475409,313.60508157545496,312.70004746939054,311.83620009163604,311.01383293220607,310.2330190029369,309.4936294283518,308.79535316946317,308.1377174679377,307.5201043212252,306.94177381207146,306.4018803498337,305.89949364825986,305.43361384995865
0.0019412503330278777,347.7518317225696,347.70666504486064,347.57142094533003,347.3469028823606,347.0344351961668,346.6358523598666,346.15348258220183,345.5901195462511,344.9489942892535,344.2337466920912,343.4483848965526,342.59724615183836,341.6849574400601,340.71638978885886,339.69661378022647,338.63085507133223,337.52444732228,336.38278805442206,335.2112947211974,334.0153626137575,332.8003233949143,331.5714093818067,330.33371588981043,329.0921718001679,327.85150758192435,326.61623323408844,325.39061407796095,324.1786532935988,322.98407634621753,321.81032118390925,320.66052894144354,319.5375396554244,318.4438914969627,317.38182216283,316.353271155343,315.35988991757836,314.4030474566888,313.48384331414576,312.6031200932955,311.7614767290989,310.9592847858108,310.19670469611725,309.4737027352024,308.790069176909,308.14543717936374,307.53929796118973,306.97102263685105,306.43987730588503,305.9450427912269,305.4856287974401
0.001990498996406916,346.09067242811085,346.047986204217,345.92016369498765,345.7079475247554,345.41256187443446,345.03570290949517,344.5795240999064,344.04661056571126,343.43995368243833,342.7629254575128,342.0192416531565,341.2129263219538,340.34827613765395,339.42981882278553,338.4622726450398,337.45050587137587,336.3994936915901,335.31427778995806,334.19992599102784,333.06149344342225,331.9039843081881,330.7323186076911,329.5512971288989,328.3655739003881,327.179626045966,325.99773290439754,324.82395289927445,323.6621066658265,322.5157618251191,321.38822308289684,320.28252270797987,319.2014156796914,318.1473781057764,317.1226075648902,316.12902437551423,315.1682801866962,314.24176234517336,313.3506052151079,312.49570113534554,311.67771207537083,310.8970842612494,310.15406276507304,309.448706857741,308.78090658328324,308.1504000617822,307.55678734224915,306.9995507006795,306.4780685397027,305.99163383605656,305.5394672868327
0.002044672526123858,344.37874770838596,344.3385638218958,344.2182288776886,344.01842558178356,343.7402794465265,343.38535034070213,342.9556194519941,342.45346614820585,341.88164520455575,341.24326395213353,340.54174898481455,339.7808142588832,338.9644290076989,338.09678016415,337.18223573548937,336.2253080918571,335.2306148007803,334.2028418434758,333.1467067835544,332.06692319894387,330.96816550820057,329.85503839321126,328.7320442846175,327.6035577868475,326.4737974223768,325.34680599424166,324.22642861654805,323.1162965195741,322.019812268079,320.94013986077505,319.88019508610233,318.8426402029301,317.8298816416134,316.8440693939748,315.88709735893764,314.96061046841504,314.06600787253944,313.20445266998746,312.37688134709884,311.58401386287414,310.82636663306766,310.10426549043393,309.4178594261813,308.7671355816816,308.1519349573526,307.5719649286895,307.02681797466687,306.5159843590849,306.03886924381504,305.59480478380146
0.002104263408812494,342.62198366213795,342.584309708987,342.4714855813006,342.2841354083278,342.0232882260075,341.69037058614015,341.287195074526,340.81593957843995,340.27912701292223,339.67960510558856,339.020516539591,338.30527046552646,337.5375138512746,336.72109774888025,335.86004440884517,334.9585142743679,334.02077061151834,333.0511462726979,332.05401030827977,331.0337355907468,329.9946667373857,328.94109209365183,327.87721380306914,326.8071242031515,325.7347795048933,324.6639814534476,323.5983565942611,322.5413408401035,321.4961652278745,320.4658461200231,319.45317554397366,318.46071551341606,317.49079511894547,316.54550907276024,315.6267172294712,314.7360503417449,313.8749121513689,313.0444876073508,312.24575085462925,311.47947380704807,310.7462375355028,310.0464436353826,309.3803263820448,308.74796615372475,308.14930354932784,307.5841505664657,307.052207740463,306.55307558920146,306.08627035877817,305.65123503637176
0.002169813379769994,340.8270751403644,340.7919038822059,340.68656945332293,340.51163915657514,340.26804841767665,339.95709438339134,339.5804258982172,339.1400250527727,338.63818926954076,338.0775135703006,337.46086398372324,336.7913522939599,336.07231065250653,335.3072615115624,334.4998883112566,333.6540060231176,332.77352943192136,331.86244332112886,330.92477242024,329.9645521394756,328.98579952180665,327.9924877521889,326.9885187924841,325.97770175358494,324.963728538134,323.95015684248597,322.9403907225595,321.93766599924675,320.945036643157,319.9653651781225,319.00131311104553,318.05533500454465,317.1296750694961,316.2263649802877,315.34722267778466,314.4938568625019,313.66766809103086,312.86985557403506,312.10142379698544,311.3631896556621,310.6557923101316,309.97970301189446,309.3352357146516,308.722558957633,308.1417084107062,307.5925967268363,307.07502908628,306.5887133988848,306.13327466078397,305.70826486448345
0.002241918347823244,339.0014150239489,338.96872415092423,338.87081321239236,338.7081948158368,338.48171427103284,338.1925441018532,337.8421753762452,337.4324013969591,336.9653019935956,336.44322810424296,335.8687782564797,335.24477635689914,334.5742493709818,333.8604007210063,333.10658435540483,332.3162786601033,331.4930582218217,330.64056728464357,329.76249290012214,328.8625386659294,327.94439861511466,327.01173419444905,326.0681494223529,325.1171712236715,324.1622270451615,323.2066292274351,322.2535569210878,321.3060423969297,320.3669581400859,319.4390075513707,318.5247155715842,317.626422616538,316.74628078660317,315.88625107403107,315.04810156084113,314.23341076806054,313.44356786663803,312.6797781606254,311.9430684356177,311.2342927458637,310.5541408110296,309.9031463713549,309.28169631094124,308.6900410465063,308.12830553443536,307.59649782453914,307.09452301975693,306.6221922434413,306.1792355994877,305.76531097102384
0.0023212338126818188,337.15300473411173,337.1227569549392,337.03215846463905,336.8816696485462,336.6720497601026,336.4043522672137,336.07991742453373,335.7003579578174,335.2675453989405,334.78359680240305,334.25085409288465,333.67186468409614,333.049362015959,332.386242195453,331.68554123697754,330.95041213900885,330.1840999357381,329.38991825107007,328.5712254950911,327.73140147683444,326.87382411479433,326.00184880602035,325.11878604238404,324.2278836748351,323.33230649140705,322.43512197164347,321.539283587752,320.64761807346997,319.7628132979897,318.8874093534623,318.02378947172855,317.1741739296413,316.3406159901652,315.524998625654,314.7290322260981,313.9542569308293,313.20204206995965,312.4735904488747,311.769942531285,311.09198097988383,310.44043768675726,309.81590073974047,309.2188221309084,308.6495267114023,308.1082217115462,307.5950040376813,307.1098726744485,306.65273643923206,306.22342555340464,305.82169933454776
0.002408480824026251,335.29034843547305,335.26249189904445,335.1790512299759,335.0404373598526,334.847328033652,334.60066390971684,334.301642260119,333.9517044930443,333.5525243608794,333.10599662530956,332.6142190534683,332.07947564327736,331.5042197951463,330.8910539592226,330.2427098198306,329.56202831797356,328.85193777927805,328.11543337236355,327.3555561748855,326.5753725096654,325.77795333858427,324.9663559235445,324.1436038144232,323.312670989941,322.476463367476,321.6378059350665,320.7994274547656,319.9639487291282,319.1338713118829,318.3115690593643,317.49927942845494,316.6990974536962,315.9129715305199,315.1426997772755,314.38992736864157,313.6561479807816,312.9427025832122,312.25078264876356,311.5814332868618,310.9355566503189,310.31391770231176,309.7171498905415,309.14576152795075,308.6001433892007,308.0805768111669,307.5872397894666,307.120217867626,306.6795107161101,306.26504233871367,305.8766676779451
0.0025044525365051267,333.42233379063026,333.39680282989315,333.32032398370075,333.1932617398086,333.0162172828094,332.7900252666532,332.51574852805663,332.19466728775785,331.82826905879574,331.4182390709992,330.96644469129205,330.47492102621663,329.9458564980496,329.3815752520291,328.78452004697965,328.15723499192467,327.50234652385126,326.82254556207124,326.12056925029106,325.39918284748643,324.6611616480754,323.9092748171453,323.1462676428838,322.37484748215536,321.59766715102955,320.8173134115259,320.0362930756796,319.25702229220167,318.48181613522075,317.7128806844608,316.9523047811688,316.20205416901234,315.46396722281185,314.7397510675743,314.0309786479287,313.33908941885807,312.66538760851614,312.01104448270445,311.3771005498321,310.7644679543959,310.17393509318646,309.6061711052268,309.061731024407,308.54106210682437,308.0445105942356,307.5723266810865,307.12467395196927,306.701634837964,306.3032194990634,305.92937137768047
0.0026100214202318898,331.5581023251761,331.53481850192327,331.4650672237932,331.3491697281164,331.1876558919924,330.9812615977538,330.7309243458734,330.43777397550605,330.1031241005589,329.72846410524176,329.3154457621214,328.8658709807091,328.381679555279,327.8649340808021,327.3178053058349,326.7425573440809,326.14153126575707,325.5171297286457,324.87180118995605,324.20802416902654,323.5282915207504,322.8350963112079,322.13091620898956,321.4182011459452,320.69935851783947,319.9767429853166,319.25264395823143,318.52927590772265,317.80876885740093,317.0931610422061,316.3843911848593,315.6842928804573,314.9945903639901,314.31689449691027,313.65269967641353,313.0033839015762,312.3702066250068,311.75431020247555,311.15672129372126,310.5783523681548,310.0200052899639,309.48237474067156,308.9660522538396,308.47153137424687,307.9992131805825,307.5494102067251,307.1223545051728,306.71820204812155,306.3370403434936,305.9788929868632
0.002726147192331329,329.7069125854205,329.6857860041499,329.62249370432875,329.51731698956735,329.3707198880925,329.1833470344352,328.9560200717929,328.68972973474564,328.3856286442931,328.04502469047605,327.66936962399313,327.26024872226077,326.8193704780591,326.34855377289216,325.849715447,325.32485774406496,324.77605427502385,324.20543690014233,323.6151821960962,323.0074978972338,322.38460933708836,321.7487472173236,321.1021339968331,320.446973162626,319.7854361522077,319.11965341159987,318.4517032210842,317.78360302056774,317.1173008101156,316.4546684214048,315.79749436148967,315.1474785069753,314.5062279912191,313.8752531585007,313.2559644072505,312.6496717559242,312.05758239568115,311.4808014541162,310.92033271564895,310.37707936680096,309.8518466739014,309.3453444611071,308.85819014513197,308.39091283663396,307.9439577299802,307.51768907361094,307.11239695186987,306.7283007116557,306.3655553853971,306.0242553062927
0.0028538855416407123,327.87799945624147,327.85893030631746,327.8017986666455,327.7068492868604,327.5744859113286,327.4052696043845,327.1999158373196,326.9592877811376,326.68439029800027,326.3763645342644,326.03647826741695,325.6661172674245,325.2667767011831,324.8400503164655,324.3876199871957,323.91124515141337,323.4127509060901,322.8940169127269,322.3569659011739,321.80355209000516,321.23574960290625,320.6555419740811,320.0649103818689,319.4658244119801,318.86023059779484,318.2500446634388,317.6371416350666,317.02334815083225,316.41043476053085,315.80010982725236,315.1940129688202,314.59371011223607,314.0006895674963,313.41635803684255,312.84203747424476,312.2789642670493,311.728286593507,311.1910646248064,310.6682706853345,310.1607893635289,309.66941940685024,309.19487538101714,308.73778982755823,308.2987164244015,307.878133359399,307.4764454533208,307.0939897650363,306.73103813602563,306.3878025077316,306.06443767813613
0.002994397725881034,326.08043332987626,326.0633136072326,326.012019727015,325.9267632691651,325.8078932690169,325.655894918366,325.4713872388237,325.2551174395326,325.0079559509431,324.73089206139815,324.4250258102626,324.0915608320898,323.73179726118605,323.3471226876773,322.93900344350925,322.5089757998657,322.05863595562874,321.5896307414985,321.10364794250614,320.60240649606817,320.0876466862413,319.56112122271225,319.02458515730865,318.4797880122891,317.92846382235314,317.37232447841416,316.81305105367477,316.2522870545424,315.6916315931978,315.1326339212913,314.5767874831704,314.0255253657736,313.4802166112416,312.94216235476324,312.41259276944453,311.89266596924404,311.3834652646592,310.8859989198286,310.4011998667854,309.92992530355866,309.4729579290304,309.0310069089093,308.6047092806036,308.19463229358115,307.8012758891183,307.4250740853551,307.0663995204775,306.72556521625313,306.40282888887253,306.09839493579483
0.003148961128545388,324.3229832194208,324.30769857141786,324.26190048398576,324.1857707010069,324.07960904221636,323.94383241799875,323.77897299841027,323.58567349947975,323.36468311542666,323.11685404362686,322.8431347264983,322.5445639784305,322.22226518697596,321.8774388142787,321.51135520007733,321.1253472945302,320.7208023109681,320.2991540100302,319.8618746273491,319.4104666499419,318.9464545917234,318.4713774810195,317.9867802939538,317.49420731454245,316.9951935532519,316.4912590977369,315.9839015708478,315.4745902661356,314.96476015314994,314.4558070306013,313.94908219024205,313.4458882823705,312.9474759046989,312.4550399277251,311.96971658034096,311.4925821674613,311.0246503051534,310.5668713399672,310.1201317228514,309.68525320919116,309.26299355133256,308.85404689354755,308.4590445472752,308.0785566322435,307.7130937873377,307.3631079299244,307.02899585808996,306.711100340173,306.40971352686495,306.12507826531487
0.0033189808714761773,322.61398817511514,322.60041980485283,322.5597621741416,322.49217042327916,322.3979004848567,322.27730835620287,322.1308486816135,321.95907084077805,321.7626156469904,321.54221261839115,321.2986743848502,321.03289191209217,320.7458298104914,320.4385201695177,320.1120566677161,319.7675886297455,319.4063141254947,319.0294736257514,318.63834332977126,318.2342283265321,317.8184557592935,317.392368558144,316.95731822383186,316.5146592841346,316.06574195851675,315.6119074160388,315.1544812735132,314.6947685493293,314.2340484497938,313.773570116741,313.31454788738296,312.8581575817927,312.4055333915421,311.95776443708417,311.5158920358017,311.0809083147343,310.65375349356844,310.2353150621514,309.82642690952525,309.4278682313856,309.0403637907767,308.66458385823694,308.30114447600624,307.9506085182037,307.61348675674014,307.2902381066453,306.981272411238,306.6869509670473,306.4075891501183,306.1434571590938
0.0035060025887000456,320.9612411653456,320.9492677255867,320.9133875135676,320.8537321526968,320.77051877797567,320.6640495162451,320.5347104077673,320.382968181063,320.2093675969092,320.01452933769565,319.7991454106399,319.563975299513,319.30984220813014,319.0376280319436,318.74826858092547,318.4427487649615,318.1220969356415,317.78737971798256,317.4396965440419,317.0801740147906,316.70996026952315,316.3302198050219,315.94212744677714,315.5468637674136,315.1456088654046,314.73953842771243,314.3298181707869,313.9175995396092,313.50401521480006,313.09017541966335,312.6771637499944,312.2660338779176,311.8578067512515,311.4534674137185,311.0539624842727,310.66019873207114,310.27304046268563,309.89330853755416,309.52177934217656,309.15918349557217,308.806205780368,308.4634847358299,308.1316125224777,307.81113551401035,307.50255483791415,307.2063262148705,306.9228620498842,306.6525315008953,306.3956624336987,306.1525416968457
0.0037117264776463004,319.37188863684787,319.36138804050915,319.3299199266861,319.27759530520814,319.2045973017679,319.111180802385,318.9976716492108,318.8644639972731,318.712018196723,318.5408591865082,318.35157274124646,318.1448023978568,317.92124647801785,317.68165401895766,317.4268209327332,317.15758614130215,316.87482697372616,316.57945499384186,316.27241156014924,315.9546632161195,315.62719709139196,315.2910166573006,314.9471367292326,314.5965797175131,314.24037039004344,313.8795326378896,313.5150847596773,313.1480358290778,312.7793818568725,312.41010261511036,312.04115800207524,311.6734851470434,311.307995920601,310.9455740361307,310.5870727576846,310.2333134914077,309.88508331765127,309.54313392349354,309.20818048208,308.8809002466033,308.56193224021274,308.25187659920783,307.95129414004805,307.6607065875608,307.38059670262265,307.1114078171152,306.853545349667,306.607376521767,306.3732317534677,306.1514045704537
0.003938022755487181,317.85234717501623,317.84319825121526,317.81577959144903,317.77018428231713,317.70656587808674,317.62513817192416,317.52617460941474,317.4100061340839,317.2770195130888,317.1276561358085,316.9624089681046,316.7818201184748,316.5864785014504,316.37701656839147,316.1541072452194,315.91846085687416,315.670821410622,315.4119632566478,315.1426875105072,314.86381831394067,314.57619910843124,314.2806891875474,313.97815958389884,313.66949003036154,313.355564581542,313.0372689841716,312.71548670647024,312.39109589661837,312.0649661314182,311.73795571064613,311.41090851623386,311.08465149505406,310.75999247175486,310.4377175392391,310.1185890024152,309.80334402810865,309.492692353905,309.1873151923379,308.8878640811612,308.59495943170435,308.3091900572567,308.0311123518424,307.76124965038275,307.5000921874741,307.2480969147009,307.0056868234613,306.77325199644406,306.5511490674961,306.3397021646026,306.13920254359846
0.00418694866111215,316.40823626587587,316.4003201997533,316.3765953393156,316.33713930458566,316.28208013138385,316.2115961377571,316.1259155070343,316.02531454024165,315.91011634292937,315.78068994335,315.6374478342125,315.48084406021434,315.31137240206374,315.12956376711014,314.93598376653745,314.7312302878677,314.5159305138785,314.29073827120135,314.0563311689673,313.8134075879839,313.56268368266626,313.3048906032713,313.04077113287985,312.7710772466043,312.4965664744008,312.21799978427345,311.9361382619314,311.6517405847722,311.3655602889378,311.0783434848743,310.79082616616824,310.50373204233415,310.2177706391884,309.9336349771157,309.65199974989224,309.3735200640318,309.0988293444991,308.82853825713175,308.56323357773846,308.30347675191433,308.0498033282946,307.8027220456201,307.56271406436224,307.33023273858987,307.1057032137006,306.8895216182966,306.68205575238926,306.48364437717123,306.294597803162,306.11519733626506
0.004460767157299615,315.04432365855513,315.0375251703441,315.0171489777459,314.9832594457513,314.93596274071797,314.8754067659449,314.8017808739595,314.71531445481753,314.61627591373593,314.50497203696546,314.38174601708306,314.24697596051163,314.1010734890893,313.94448166911945,313.7776731077955,313.60114805132287,313.4154320079746,313.2210736582338,313.0186425812008,312.8087268465818,312.5919306175181,312.36887192961507,312.14017995690267,311.9064930680219,311.6684558224745,311.42671728267726,311.18192825518037,310.93473920883054,310.68579799444626,310.43574793271955,310.1852255267851,309.9348586139781,309.68526473422315,309.43704908778875,309.19080294203343,308.9471024813272,308.70650692043654,308.4695574805499,308.23677631386215,308.008665119514,307.7857045358612,307.56835319552215,307.35704689372096,307.1521982430814,306.9541961295116,306.763404841842,306.58016448571425,306.40479017746253,306.2375723644548,306.0787761582142
0.004761967503105828,313.76447798189355,313.7586862250012,313.7413267858737,313.71245273879765,313.67215162197164,313.62054542124173,313.55779037860026,313.4840758556405,313.39962354288974,313.30468701400963,313.19955014582285,313.0845259602877,312.9599555568917,312.82620647668784,312.6836712157733,312.5327657449001,312.37392762380256,312.2076143645854,312.0343016352983,311.8544813459018,311.66865974135663,311.4773556386879,311.2810982151992,311.08042547287454,310.87588177096734,310.6680164922052,310.4573817643285,310.24453075682686,310.0300157916165,309.814386756274,309.5981891749097,309.3819626466583,309.1662394597669,308.951542815165,308.73838544930584,308.5272686073652,308.318680367194,308.1130946941805,307.91097044768253,307.7127500860736,307.51885906036046,307.32970488412093,307.1456762907413,306.9671428280135,306.7944542362974,306.62793957153156,306.46790742061637,306.31464506058893,306.1684185858945,306.0294721908941
0.005093287883492661,312.5716228065133,312.5667319927955,312.552072488167,312.527687799899,312.4936496823565,312.4500581524544,312.39704136793233,312.3347547147359,312.2633801992053,312.18312614264187,312.09422592130585,311.9969370719629,311.8915404834786,311.77833910919196,311.657656812145,311.52983721923613,311.39524223159293,311.2542507501793,311.1072572630742,310.95467033276816,310.7969110853524,310.6344118210276,310.46761423226314,310.2969682000765,310.1229297772311,309.94596014369824,309.76652373566793,309.58508686194557,309.40211614932423,309.2180772372288,309.0334331633568,308.84864305686773,308.6641609744998,308.4804343724368,308.29790293019835,308.11699765274096,307.9381394013973,307.7617380438884,307.5881915597949,307.41788485706115,307.2511891982937,307.0884613204188,306.93004262043746,306.7762587340587,306.62741888678727,306.4838150528869,306.34572203460175,306.2133966345232,306.0870776516271,305.966985162536
0.005457740301918178,311.4676877413421,311.4635975298217,311.45133740713095,311.4309428105858,311.4024721810863,311.36600699782275,311.3216517056909,311.269532983952,311.2097992815886,311.1426206143733,311.06818756277994,310.98671058339227,310.89841940163217,310.8035620010686,310.7024037304165,310.59522642094004,310.48232721385875,310.3640175730473,310.2406221784423,310.11247773714024,309.9799317900403,309.8433416246305,309.70307284465434,309.55949843392415,309.4129971156914,309.2639525422081,309.11275176705084,308.95978412935165,308.80543998345945,308.6501096349089,308.49418200011525,308.3380435234423,308.18207721141295,308.0266613328157,307.87216842657523,307.7189645326198,307.5674079211091,307.4178483462856,307.2706262602645,307.1260717540016,306.98450403771466,306.8462306341179,306.71154662076344,306.5807342251422,306.45406218663436,306.33178498167393,306.2141428161136,306.10136084586816,305.9936490908485,305.89120175165283
0.005858637962186246,310.4535554561381,310.45017116394945,310.4400267765658,310.42315095141544,310.3995909446869,310.36941265618816,310.332700590238,310.28955727052255,310.24010288687293,310.1844751656779,310.1228285748399,310.0553337948673,309.9821772664915,309.90356039896943,309.8196988823778,309.73082201080666,309.6371717622318,309.539002037347,309.4365777957731,309.3301741270547,309.22007531019716,309.10657396978485,308.98996993153537,308.87056950037356,308.7486841322386,308.6246298117504,308.49872581216084,308.37129380257886,308.24265681754025,308.1131383983583,307.98306148950667,307.8527475505992,307.72251576526975,307.592681947987,307.4635577177697,307.3354498531472,307.20865920711606,307.08348006722144,306.96019948035837,306.8390963233014,306.7204408501319,306.6044939733378,306.4915065806199,306.38171916836205,306.27536124093587,306.1726506212165,306.07379339339013,305.9789831952536,305.8884010873409,305.8022149299736
0.006299625388481122,309.5290082510816,309.52624095773683,309.5179458855748,309.50414601828027,309.4848792525204,309.4601984466245,309.43017140342647,309.39488040273693,309.35442193451155,309.3089066207097,309.2584585860398,309.20321505235825,309.1433260049352,309.07895357335747,309.0102715041972,308.93746464438175,308.8607282214547,308.78026725979066,308.69629590865077,308.60903672105064,308.5187199139801,308.42558271963264,308.3298684726461,308.2318260589622,308.1317088460795,308.0297742110528,307.92628254026545,307.82149652133745,307.7156803139878,307.60909886495074,307.50201700721664,307.3946987401483,307.2874065906221,307.1804007044031,307.073938167228,306.96827247576874,306.86365262303417,306.76032256208197,306.65852063926394,306.55847879302667,306.4604221741235,306.3645685208965,306.27112755984257,306.1803006903852,306.0922804382031,306.0072498607527,305.9253824672983,305.8468415961105,305.7717802656191,305.70034062648745
0.006784711557405485,308.6926829796366,308.6904495948135,308.6837548559065,308.6726170193005,308.65706618374116,308.63714433869393,308.61290536093315,308.58441464151815,308.55174888582366,308.51499607081126,308.474254948355,308.42963473466307,308.3812548671597,308.32924452122694,308.2737422079138,308.21489538170687,308.152859879576,308.08779947602545,308.0198853624343,307.94929559179496,307.8762144978754,307.8008322024333,307.72334388977634,307.64394939128897,307.5628523287118,307.4802597617855,307.396381387091,307.31142898216376,307.22561574431427,307.13915575116994,307.0522632324353,306.9651519936875,306.87803490868816,306.7911231732352,306.70462575533696,306.61874897169014,306.53369572652343,306.44966507259426,306.36685174634886,306.2854454888164,306.20563073878265,306.127586102266,306.0514838392764,305.9774896055647,305.9057619686348,305.8364519102514,305.76970274169986,305.705649570836,305.6444191533133,305.58612942588593
0.007284711557405486,307.98138257934426,307.9795830887412,307.97418894060155,307.965214665409,307.9526842160893,307.9366310137985,307.917097952356,307.89413709748055,307.86780953615556,307.83818535688323,307.8053432539228,307.7693702865685,307.73036170199276,307.68842055386614,307.6436573929744,307.5961899670656,307.54614277969773,307.49364674878655,307.43883879955797,307.38186143512917,307.32286227555267,307.2619936834883,307.19941218270367,307.13527814498934,307.0697550998856,307.0030094727093,306.9352099398251,306.8665269914951,306.79713240318756,306.72719881138926,306.65689912365315,306.5864060578935,306.5158917407264,306.44552709518234,306.3754813967055,306.30592193837083,306.2370133983859,306.1689174848344,306.1017925586449,306.0357930610178,305.9710692719228,305.907766864307,305.84602646978914,305.785983474399,305.7277675960654,305.6715024752642,305.6173055958825,305.56528783586884,305.5155533286299,305.46819907277103
0.007784711557405486,307.38959550779896,307.3881405605225,307.38377919890456,307.37652306441595,307.366391344779,307.35341081629963,307.33761585251807,307.319048178181,307.29775675476316,307.27379777544155,307.24723434543836,307.2181362923824,307.1865800368531,307.1526482868546,307.11642979696984,307.0780191358919,307.0375163348972,306.9950266229416,306.9506601042444,306.90453142335747,306.85675939391075,306.8074667132137,306.7567794901854,306.70482700869593,306.6517411655738,306.59765627609596,306.54270855034,306.48703574725636,306.43077674877367,306.3740712251662,306.3170591538192,306.2598804494186,306.202674645993,306.1455803921205,306.0887350914735,306.0322746400726,305.97633289853593,305.9210414060217,305.86652907579946,305.81292171192644,305.76034182294734,305.7089082484135,305.65873579275103,305.6099350681853,305.5626121277318,305.5168681313431,305.47279927687373,305.4304964235859,305.3900449678078,305.3515245196455
0.008284711557405487,306.89336317964705,306.8921834145716,306.888646939802,306.8827631311873,306.8745474396236,306.8640214297421,306.8512127906997,306.83615513237334,306.81888789791896,306.7994563683207,306.7779114011804,306.7543092792739,306.7287116163094,306.7011851090233,306.6718013479208,306.6406366355835,306.60777170346864,306.5732915047252,306.5372849560489,306.4998446748924,306.4610666766528,306.4210501570767,306.3798971047976,306.33771212264503,306.29460196591185,306.2506753989621,306.2060427665041,306.16081571862185,306.1151068655563,306.06902951330574,306.02269726864887,305.9762237413981,305.9297222928725,305.88330561780305,305.83708545269155,305.7911723713395,305.74567534252435,305.7007015007237,305.65635590129864,305.61274111149567,305.5699570699639,305.52810077414665,305.4872659720356,305.4475430450771,305.4090186898254,305.37177564759617,305.33589264682996,305.3014440887534,305.26849993822304,305.23712545767404
0.008784711557405487,306.4740981684304,306.47313923149045,306.4702647197587,306.46548221604627,306.4588042140043,306.45024815331624,306.43983643144304,306.42759623289794,306.4135594623657,306.3977627555537,306.38024726356196,306.3610585305567,306.3402464259664,306.31786494111446,306.2939720394462,306.26862951359146,306.2419027550868,306.2138605914259,306.18457507752265,306.1541212887595,306.12257707128094,306.090022876732,306.0565414411542,306.0222176508284,305.98713815982705,305.9513912858146,305.9150666565282,305.8782549905605,305.8410478160547,305.80353726179726,305.76581573120416,305.72797566205645,305.69010932792105,305.65230849026176,305.61466416138376,305.5772664469833,305.5402041736484,305.5035647059627,305.4674337504078,305.43189500807637,305.39703007173625,305.3629181640388,305.32963587791147,305.2972570926533,305.2658526975258,305.2354903741964,305.20623455018045,305.17814613683134,305.1512824347104,305.1256969156864
0.009284711557405487,306.1172431727603,306.1164621386069,306.11412091977303,306.11022566961714,306.1047865243078,306.09781763481635,306.0893371789473,306.07936721687594,306.0679336401146,306.05506618653607,306.04079826075315,306.0251668343532,306.00821239821244,305.98997879405204,305.97051309531514,305.94986549422924,305.92808911306713,305.9052398755458,305.881376337102,305.8565595216345,305.8308527135921,305.80432133348785,305.77703266947,305.74905577771574,305.72046116330085,305.6913207063135,305.66170736845123,305.63169501795835,305.6013581993463,305.5707719685835,305.54001162257737,305.5091525049865,305.4782698499784,305.44743849140553,305.416732669817,305.3862259128719,305.35599072005584,305.32609841754794,305.2966190018199,305.2676208435248,305.23917061504113,305.21133307088894,305.1841708287328,305.15774431262287,305.13211151236874,305.10732780951184,305.0834459407897,305.0605157798122,305.03858425558917,305.0176951747243
0.009784711557405488,305.8113035732061,305.81066632565035,305.80875613327885,305.8055780031527,305.80114018104103,305.79545418055244,305.7885347950796,305.7803999744249,305.77107078610896,305.76057143314733,305.74892910318675,305.7361738864631,305.72233874357414,305.70745936475754,305.69157407482567,305.6747237437151,305.65695163070893,305.63830328278857,305.61882639561435,305.59857068475196,305.5775877110464,305.55593078812797,305.533654756219,305.5108159095277,305.4874717281019,305.4636808275303,305.43950271394937,305.41499764416835,305.3902264363837,305.365250340565,305.3401308128413,305.31492935839185,305.28970740913974,305.26452607947294,305.23944600892366,305.21452727301266,305.1898291149798,305.16540983133086,305.14132664771023,305.1176354652394,305.0943908126101,305.0716456614609,305.049451241164,305.02785700401364,305.00691041496464,304.98665681329646,304.9671393847777,304.9483989796205,304.93047404256345,304.91340046822086
0.010284711557405488,305.5471380987913,305.546617380373,305.5450565064739,305.5424595605834,305.5388332654655,305.534187009766,305.5285328596693,305.52188545262555,305.5142619683443,305.5056821483573,305.4961681683311,305.4857445701028,305.47443824141214,305.4622782974095,305.44929600464036,305.4355247101493,305.4209997120919,305.40575817941084,305.38983903732696,305.3732828659603,305.3561317524809,305.3384292238318,305.3202200546943,305.3015502160823,305.28246664853884,305.26301723025506,305.2432505713055,305.22321590195025,305.2029629164561,305.18254167166333,305.1620023978794,305.141395371704,305.1207708209684,305.1001787185452,305.0796686539624,305.059289768657,305.03909052644923,305.0191186239717,304.9994208927407,304.9800430807443,304.96102982417415,304.9424244917199,304.92426902741045,304.9066039333752,304.8894680852817,304.8728986231494,304.85693093087013,304.84159848419324,304.82693279076705,304.81296327278056
0.010784711557405489,305.31743118155816,305.3170051198156,305.31572799794003,305.3136031524614,305.3106360744634,305.3068344339764,305.3022080912442,305.29676900443667,305.29053120828706,305.28351083476605,305.27572600421666,305.26719676867884,305.25794510090685,305.24799479385587,305.2373713998561,305.22610217447544,305.21421596841503,305.20174316416336,305.1887155811973,305.17516639647204,305.16113001829535,305.1466420389854,305.1317390706636,305.116458710543,305.1008393478528,305.08492014635823,305.06874087055314,305.05234179661056,305.0357635830547,305.0190471919446,305.0022337295709,304.98536434350933,304.9684801494567,304.9516220563088,304.93483066129164,304.91814620474986,304.9016083726486,304.88525622715235,304.86912812993927,304.85326155311066,304.83769306653,304.8224582060306,304.8075913395412,304.7931256637902,304.7790930414815,304.7655239158447,304.7524472962615,304.739890631068,304.7278797560797,304.7164387996291
0.01128471155740549,305.11629543144977,305.1159464112912,305.1149002367536,305.1131596383701,305.1107291080624,305.10761492159287,305.10382514939573,305.0993695758141,305.094259683791,305.0885086761743,305.0821313822423,305.07514421014815,305.06756514315543,305.05941365377043,305.0507106550933,305.0414784564792,305.03174067270834,305.02152217421906,305.010849008254,304.99974833687116,304.9882483285692,304.9763781267237,304.96416770819536,304.95164786177736,304.93885002278193,304.9258062668123,304.9125491621109,304.89911169876564,304.8855271812382,304.8718291677246,304.8580513352741,304.8442273964927,304.83039104398415,304.81657580117553,304.8028149365935,304.7891414342479,304.77558782269,304.76218612188984,304.7489677837537,304.73596352748314,304.7232033392279,304.7107163600808,304.698530771534,304.6866738031453,304.675171588118,304.6640490971324,304.65333012897355,304.64303720382765,304.633191518982,304.62381287220245
0.01178471155740549,304.9389687786455,304.9386825703087,304.93782468636095,304.9363973644439,304.9344042838812,304.9318505864279,304.92874288665223,304.9250892007349,304.9208989359614,304.9161829123143,304.91095328165574,304.9052234875876,304.89900826729,304.8923235776599,304.8851865564616,304.8776154874585,304.869629723676,304.8612496485306,304.85249660994197,304.8433928724145,304.83396152326003,304.82422645352005,304.81421223538604,304.80394411101224,304.7934478498991,304.78274975143074,304.7718765187224,304.76085520256936,304.74971311182304,304.73847776737114,304.72717678733693,304.7158378197461,304.70448850112086,304.69315632857047,304.6818685896766,304.6706523452857,304.659534280662,304.6485406655271,304.6376973084965,304.6270294128783,304.6165615859678,304.60631774342977,304.5963210108231,304.5865937397959,304.5771573792766,304.56803242493606,304.55923841386823,304.5507938348094,304.542716089883,304.5350214329717
0.01228471155740549,304.7815814747876,304.78134655339284,304.78064241160916,304.7794708853303,304.7778349916158,304.77573894794523,304.7731881821512,304.770189269205,304.76674992451933,304.7628790255734,304.75858654156445,304.75388349932814,304.74878198950864,304.7432951025948,304.7374368979812,304.7312223767223,304.7246674163424,304.7177887407317,304.7106038648432,304.70313105809157,304.69538926264846,304.68739808422805,304.6791776850999,304.6707487810471,304.662132517621,304.6533504794725,304.6444245819396,304.63537702691815,304.62623022785397,304.61700677548,304.60772933958157,304.5984206146478,304.5891032898351,304.579799938674,304.57053296169636,304.561324579063,304.5521967001604,304.5431708942542,304.53426835617347,304.5255097792498,304.5169153720886,304.5085047765465,304.5002969826299,304.4923103512485,304.4845624986825,304.47707025869215,304.46984968045143,304.4629159527486,304.4562833708135,304.4499652869364
0.01278471155740549,304.64097530390427,304.6407823145092,304.64020387126703,304.63924148202665,304.6378976231497,304.6361757574426,304.63408034365636,304.6316167799788,304.628791400359,304.62561149598105,304.62208525361444,304.6182217265125,304.6140308439078,304.6095233552481,304.6047108056571,304.59960551483437,304.59422052136574,304.58856955968145,304.5826670134265,304.5765278879684,304.5701677387292,304.5636026697377,304.55684923962883,304.54992446497755,304.54284571224014,304.53563071231173,304.5282974668035,304.5208642135657,304.5133493636753,304.5057714766256,304.4981491757994,304.4905011046926,304.4828459059995,304.47520212595714,304.4675881673865,304.4600222900758,304.4525224958271,304.4451065076549,304.43779174454403,304.43059520881224,304.42353350861106,304.4166227872006,304.40987864900427,304.40331618732796,304.39694988015503,304.39079356246816,304.384860426772,304.3791629588545,304.37371290888535,304.3685212520292
0.013284711557405491,304.5145622542819,304.5144035886733,304.51392803654574,304.51313683747617,304.5120320257141,304.51061644694107,304.50889376735466,304.50686842282687,304.50454561761774,304.5019313455636,304.4990323356899,304.4958560272151,304.49241058157236,304.48870483347116,304.48474827154337,304.48055102220286,304.476123801801,304.47147789927743,304.4666251366604,304.46157784890613,304.4563488206146,304.4509512906698,304.44539886910434,304.4397055453942,304.43388559349273,304.42795359036467,304.421924334471,304.4158128191067,304.4096341792599,304.4034036743893,304.3971366152756,304.3908483288598,304.38455414463397,304.37826931118394,304.37200895775067,304.36578810069125,304.3596215415159,304.3535238529478,304.3475093609918,304.34159204447417,304.33578556186865,304.3301031899804,304.3245577593266,304.31916168554164,304.3139268748732,304.3088647047317,304.3039860262546,304.2993011096392,304.29481961883073,304.29055058028723
0.013784711557405491,304.4002133133613,304.40008277347386,304.39969153227804,304.39904060967126,304.39813167793295,304.3969670774393,304.39554982535105,304.39388356958557,304.39197258941294,304.3898218162597,304.38743678541425,304.3848236144287,304.381989017031,304.37894025989453,304.37568514748847,304.37223200994146,304.36858966169876,304.3647673887598,304.36077491505785,304.3566223881953,304.3523203231967,304.3478796118883,304.34331144889546,304.3386273437642,304.3338390369675,304.3289585214176,304.3239979711327,304.31896972090124,304.3138862212798,304.30876002745333,304.30360373555845,304.29842995454555,304.2932512984034,304.2880803129023,304.28292944413056,304.27781104968074,304.27273730764955,304.2677202081931,304.26277154147203,304.25790280751164,304.25312524622706,304.2484497839607,304.24388697668036,304.23944704404533,304.23513978324297,304.23097455615186,304.22696029349714,304.22310544812126,304.2194179726922,304.2159052951131
0.014284711557405492,304.29617045950874,304.29606298854395,304.29574089932123,304.29520503164224,304.2944567610965,304.29349801384205,304.2923312749167,304.2909595463227,304.2893863490961,304.2876157436579,304.28565228665167,304.2835010121688,304.2811674470447,304.27865757242193,304.275977812012,304.27313502319055,304.27013646105854,304.2669897693753,304.2637029517982,304.26028436235345,304.256742655122,304.25308679727647,304.2493260027884,304.24546974746863,304.2415276942054,304.23750971666027,304.2334258364544,304.2292862079536,304.2251010799905,304.22088078958757,304.2166357061907,304.2123762092587,304.2081126851318,304.20385546233086,304.19961478581024,304.1954008317781,304.19122362598546,304.1870930396674,304.18301878219916,304.17901031973844,304.17507690754803,304.1712275431063,304.167470915876,304.16381544321496,304.16026919141376,304.1568398681579,304.1535348279104,304.1503610317735,304.14732502774575,304.1444329315413
0.014784711557405492,304.20097665513225,304.2008881219465,304.20062280062314,304.2001813831679,304.19956500174686,304.1987752426262,304.1978141541273,304.1966842082433,304.19538830385466,304.19392978657754,304.19231240994617,304.19054031899213,304.18861806652103,304.18655057871956,304.1843431461839,304.1820014176216,304.17953136841993,304.17693929455083,304.1742317878386,304.1714157302264,304.16849824848816,304.1654867300507,304.1623887632422,304.1592121545216,304.1559648615166,304.15265501827025,304.14929087958114,304.14588080992877,304.14243325076416,304.1389567181054,304.13545975339974,304.1319509057831,304.1284387326287,304.1249317420482,304.1214383718309,304.1179670070224,304.1145259061153,304.1111232004766,304.1077668907675,304.1044647730904,304.10122447289,304.09805340358093,304.0949587218568,304.0919473647964,304.089025977147,304.08620090801685,304.0834782171891,304.08086364046767,304.0783625720886,304.07598004994264
0.015284711557405493,304.1134199044285,304.11334693007893,304.11312824749626,304.1127644272867,304.11225640172063,304.11160547791167,304.11081334543627,304.10988204099914,304.10881395253085,304.1076118385023,304.1062787928013,304.10481823027914,304.10323390369035,304.1015298727237,304.0997104972756,304.09778043324974,304.09574460489637,304.0936082011035,304.09137665401215,304.0890556363149,304.08665102024526,304.08416889548675,304.0816155149939,304.07899731382884,304.07632084881584,304.07359282483463,304.07082004519174,304.06800940388734,304.06516785752615,304.0623024259851,304.0594201488457,304.0565280714628,304.05363324841176,304.0507426920734,304.0478633554186,304.04500215163927,304.0421658870913,304.03936126347656,304.03659487725855,304.0338731522487,304.0312023745165,304.0285886556617,304.02603789281005,304.02355580640244,304.02114787292,304.0188193249389,304.0165751581362,304.0144201012086,304.0123586001099,304.0103948068527
0.015784711557405493,304.03248836609055,304.0324281839058,304.03224784634847,304.0319478242255,304.03152888552626,304.03099210791265,304.0303388860209,304.02957089877447,304.02869011415027,304.02769880794085,304.0265995317857,304.0253951003705,304.02408860877426,304.02268340441583,304.02118308214494,304.0195914817269,304.0179126633488,304.01615090581987,304.01431068797524,304.01239668838946,304.0104137480206,304.00836688964887,304.0062612684651,304.00410219205014,304.00189506566653,303.99964541919974,303.9973588626314,303.99504108099916,303.99269781014914,303.99033483982623,303.98795797480466,303.9855730240613,303.9831858064899,303.98080210464457,303.9784276506796,303.9760681474697,303.9737292073462,303.971416356442,303.969135036478,303.966890542901,303.96468806035244,303.9625326298623,303.9604291128252,303.958382229069,303.9563964943442,303.9544762230356,303.9526255356683,303.9508483326468,303.94914828004653,303.947528801321
0.016284711557405494,303.9573342017329,303.95728454415587,303.95713575413527,303.95688822037374,303.9565425757536,303.95609970919924,303.955560772679,303.9549271508281,303.95420046621325,303.95338259753294,303.95247565035635,303.9514819457146,303.95040403765563,303.94924468768244,303.94800686131475,303.94669372692385,303.94530863390617,303.94385511240597,303.94233685704864,303.94075772856706,303.9391217195844,303.93743297513436,303.93569574734954,303.9339144162131,303.93209343967266,303.93023738091654,303.9283508681796,303.92643859186734,303.92450528350935,303.9225557207471,303.9205946924398,303.9186269903678,303.9166574167021,303.9146907421387,303.9127316944302,303.91078498054253,303.90885523038577,303.90694700284206,303.9050647894162,303.9032129571816,303.9013957844537,303.899617431308,303.8978819069474,303.89619310773764,303.89455475888656,303.89297041924124,303.8914434891391,303.8899771873483,303.8885745381845,303.88723836557426
0.016784711557405494,303.8872443602177,303.88720336710463,303.88708054846103,303.8868762253958,303.88659091960636,303.88622536466596,303.88578051274254,303.885257506249,303.884657683468,303.88398259618987,303.88323398278595,303.88241375797617,303.8815240304357,303.88056707937227,303.87954535227584,303.8784614648307,303.8773181813435,303.87611841567497,303.8748652169234,303.87356177255674,303.87221137690483,303.8708174524024,303.8693835078219,303.8679131595005,303.8664100856011,303.86487805347565,303.8633208831659,303.86174244626113,303.860146647526,303.85853743135806,303.85691875027277,303.8552945586648,303.8536688216209,303.8520454768059,303.85042842512416,303.84882155355285,303.8472286831982,303.8456535766182,303.8440999429272,303.84257138492484,303.8410714346989,303.83960352697073,303.83817096936434,303.8367769801662,303.8354246337082,303.83411686678556,303.83285648673075,303.8316461510424,303.83048835563744,303.82938543082065
0.017284711557405495,303.8216168924064,303.8215830365747,303.82148161128566,303.8213128819656,303.8210772787597,303.82077540729244,303.820408055119,303.8199761651634,303.8194808415939,303.8189233669027,303.818305177002,303.8176278519903,303.8168931336881,303.81610290406127,303.81525918392737,303.81436413372336,303.81342003584683,303.8124292965398,303.8113944332131,303.8103180787506,303.80920295235313,303.8080518812201,303.806867761859,303.80565358155593,303.80441237621767,303.8031472576303,303.8018613801239,303.80055794081363,303.7992401634662,303.79791130608356,303.796574632269,303.79523340666265,303.7938909047626,303.792550378033,303.7912150463138,303.7898881210462,303.78857275709277,303.787272061041,303.7859890974291,303.7847268395326,303.7834882046841,303.78227603003245,303.7810930453054,303.779941910109,303.77882516259933,303.77774522714594,303.7767044225316,303.7757049438446,303.77474885170767,303.77383806978673
0.017784711557405495,303.75994169267545,303.7599137193543,303.75982992602286,303.75969053220916,303.7594958926324,303.7592465074776,303.7589430285947,303.7585862345214,303.758177036522,303.75771649511705,303.75720579694155,303.75664624636113,303.75603928284363,303.75538646098266,303.754689449972,303.7539500350485,303.7531701014628,303.75235163710886,303.75149672122905,303.75060752962537,303.74968630755086,303.74873539160615,303.74775717373427,303.74675412275076,303.745728745293,303.7446836128271,303.7436213310334,303.74254454114526,303.74145590569515,303.74035811694546,303.73925387072313,303.73814586321265,303.7370368015189,303.7359293715516,303.7348262318723,303.7337300370866,303.73264339295565,303.73156886542773,303.73050898771544,303.7294662142972,303.72844295579046,303.7274415567812,303.7264642707378,303.7255132967121,303.72459073094535,303.72369857547346,303.72283874637526,303.72201305757744,303.72122321092706,303.72047079493836
0.018284711557405495,303.7017847962128,303.70176167372796,303.7016924197455,303.7015772159393,303.701416354858,303.7012102497512,303.7009594405297,303.70066457020135,303.7003263910023,303.6999457803897,303.69952371944134,303.6990612852002,303.69855966780824,303.69802015192596,303.69744411682007,303.6968330383351,303.696188474258,303.695512067525,303.6948055360934,303.69407067884316,303.693309350262,303.69252348237984,303.69171505111865,303.6908860977394,303.6900386925012,303.6891749613031,303.6882970574209,303.68740716371144,303.6865074799404,303.68560023183613,303.68468764704755,303.68377195303697,303.6828553881682,303.68194017199636,303.6810285002955,303.680122568441,303.6792245294138,303.6783365033557,303.6774605852816,303.6765988019185,303.6757531460118,303.6749255559369,303.6741178924781,303.673331974829,303.6725695348292,303.6718322262666,303.67112163311333,303.670439254952,303.6697864977799,303.66916467374926
0.018784711557405496,303.6467755416578,303.64675642121125,303.64669916218634,303.6466039150206,303.6464709209955,303.6463005216467,303.64609316449935,303.64584938076854,303.6455697915284,303.64525512318204,303.64490618721743,303.6445238731764,303.6441091654996,303.64366312616573,303.64318689526965,303.64268169340204,303.6421488082114,303.6415895980521,303.64100548284574,303.6403979504975,303.63976853316024,303.63911882906956,303.6384504709687,303.63776514736253,303.6370645685513,303.6363504928227,303.6356247002307,303.63488899547514,303.634145196566,303.63339514431925,303.6326406801489,303.63188364484915,303.63112589003504,303.63036925052415,303.629615540336,303.62886657592645,303.62812413674646,303.6273899751584,303.62666582460747,303.62595335897913,303.62525422624907,303.62457002963566,303.62390230600386,303.62325256109233,303.6226222261189,303.6220126675829,303.62142519544255,303.62086104991863,303.6203213929378,303.61980730866503
0.019284711557405496,303.5945960495551,303.5945802323825,303.5945328736865,303.59445409811605,303.59434410465934,303.5942031756679,303.59403168237867,303.59383006375293,303.5935988326396,303.5933385907384,303.59305000955464,303.592733823908,303.5923908484483,303.59202196136914,303.59162810537276,303.5912102903624,303.59076958103714,303.5903071008697,303.58982402381156,303.5893215810813,303.588801038827,303.58826371975425,303.5877109733906,303.58714419706104,303.5865648040135,303.5859742491007,303.58537400433875,303.58476556230994,303.584150425958,303.5835301183815,303.58290616221825,303.5822800791437,303.58165340152556,303.58102764663636,303.5804043134493,303.57978490562067,303.5791708943151,303.5785637283525,303.5779648426977,303.57737562006383,303.57679742384215,303.576231580594,303.57567935987623,303.57514200864637,303.5746207100105,303.5741165933672,303.5736307424902,303.5731641835085,303.5727178769088,303.572292718697
0.019784711557405497,303.5449725776423,303.544959488165,303.5449203044475,303.54485512983763,303.54476412842064,303.5446475336836,303.5445056538359,303.54433885167754,303.54414755072247,303.54393224967214,303.5436935044363,303.54343192210905,303.5431481771278,303.5428429959383,303.54251715826194,303.54217150002273,303.54180690183694,303.5414242932329,303.5410246450754,303.5406089766134,303.5401783343857,303.5397338135607,303.5392765298384,303.53880764008517,303.5383283123098,303.537839750792,303.53734317320175,303.5368398144,303.53633091719513,303.53581774231844,303.53530154919713,303.53478359602764,303.53426515153467,303.53374747079226,303.53323179267466,303.5327193625054,303.5322113969056,303.5317090940657,303.53121364244197,303.53072618437164,303.5302478482401,303.5297797321421,303.52932288495754,303.52887833990394,303.5284470752303,303.5280300245762,303.5276280849324,303.52724210562934,303.526872880831,303.52652115119236
0.020284711557405497,303.49766840112613,303.4976575649813,303.4976251343086,303.4975711948534,303.4974958818875,303.49739938853764,303.49728197091565,303.4971439289212,303.49698561229957,303.4968074346427,303.4966098563624,303.49639337907394,303.49615856137916,303.4959060043772,303.49563635316736,303.4953502999464,303.4950485732785,303.4947319424838,303.4944012106808,303.4940572220019,303.4937008416106,303.49333297669097,303.4929545498166,303.49256651919666,303.4921698502998,303.491765540399,303.4913545970671,303.4909380422733,303.4905169039605,303.4900922261102,303.48966505073275,303.4892364183994,303.4888073800199,303.4883789740839,303.48795222464935,303.4875281635993,303.4871077973025,303.48669211692896,303.4862821072619,303.48587871212493,303.48548286575976,303.4850954775131,303.4847174140182,303.48434953187717,303.4839926401313,303.48364751073325,303.4833148863663,303.4829954702992,303.48268991931667,303.4823988457629
0.020784711557405498,303.45247793507895,303.4524689611236,303.45244211103244,303.4523974559981,303.45233510749875,303.45225522531274,303.4521580224679,303.45204374689695,303.4519126874096,303.4517651872399,303.4516016278734,303.45142242378745,303.4512280378485,303.45101896757785,303.4507957468345,303.45055894903265,303.45030917709397,303.45004706794714,303.4497732861031,303.4494885309656,303.44919351784563,303.44888899855823,303.44857573610847,303.44825452451704,303.44792616191717,303.44759147449906,303.4472512962231,303.44690647313155,303.44655785562816,303.44620630855945,303.4458526942777,303.44549787353776,303.44514271722375,303.4447880848522,303.44443482300153,303.44408378713274,303.4437358098833,303.44339171136033,303.4430523079975,303.4427183796207,303.442390700023,303.44207002255524,303.4417570632904,303.4414525328309,303.4411571004051,303.4408714043733,303.44059605989037,303.4403316495108,303.44007871650524,303.43983776720313
0.021284711557405498,303.4092218708935,303.40921443645226,303.4091921997246,303.40915521986665,303.40910358870326,303.4090374384481,303.40895694648225,303.40886231779007,303.40875379083116,303.40863165065105,303.40849621348013,303.40834782178683,303.4081868592836,303.40801373787116,303.40782889945626,303.4076328192486,303.40742599631244,303.40720895813223,303.40698225464837,303.40674646560376,303.40650218246094,303.4062500285713,303.40599063505357,303.40572466017585,303.40545276377577,303.40517563059643,303.40489395108324,303.40460842584537,303.4043197585381,303.4040286659047,303.40373586178805,303.40344205831497,303.4031479775201,303.4028543309739,303.4025618185743,303.4022711499012,303.4019830139877,303.40169808954124,303.401417053788,303.4011405510286,303.4008692224045,303.40060369229167,303.4003445523406,303.40009239241317,303.3998477661741,303.39961120156727,303.39938320831243,303.3991642691603,303.3989548335557,303.39875532020625
0.0217847115574055,303.367743142444,303.3677369812049,303.3677185595829,303.3676879267746,303.36764515836734,303.36759036378385,303.3675236908973,303.36744530918634,303.367355415495,303.3672542467258,303.3671420651364,303.367019153671,303.36688583057327,303.3667424369431,303.3665893386534,303.36642692969235,303.3662556232462,303.3660758562934,303.36588808404014,303.36569278725926,303.36549045502306,303.36528160442674,303.3650667575475,303.36484646036956,303.3646212584004,303.3643917193955,303.3641584151249,303.363921925931,303.3636828341322,303.3634417339795,303.3631992165137,303.3629558709729,303.36271229627357,303.36246908164725,303.36222680572826,303.3619860574231,303.36174740702467,303.3615114163213,303.3612786473858,303.36104963248937,303.3608249030648,303.3606049768147,303.3603903425375,303.36018149020424,303.3599788779284,303.35978294236463,303.35959410603186,303.3594127691365,303.35923930354613,303.35907405552564
0.0222847115574055,303.32790357256295,303.327898464639,303.32788319903204,303.3278578166939,303.32782237979484,303.3277769789067,303.3277217374655,303.32765679558827,303.3275823157146,303.3274984948981,303.32740555074037,303.32730371696766,303.32719325765504,303.32707445533714,303.3269476129952,303.3268130574188,303.3266711307606,303.32652219512886,303.32636662737383,303.3262048263814,303.3260371965502,303.32586416705533,303.3256861697932,303.325503657843,303.3253170821671,303.32512691372926,303.32493362613275,303.3247377002323,303.3245396179896,303.3243398723106,303.3241389526585,303.32393734663407,303.3237355512821,303.3235340546375,303.3233333350555,303.3231338815842,303.3229361663047,303.3227406542988,303.32254781234775,303.3223580800913,303.3221718981977,303.3219896961104,303.32181187758414,303.3216388499157,303.32147099219117,303.32130866556696,303.32115222041807,303.32100198865766,303.3208582779911,303.32072137477337
0.0227847115574055,303.2895810784977,303.28957684226094,303.2895641882659,303.28954315063675,303.2895137804545,303.28947615269556,303.28943037054773,303.28937654984117,303.2893148245658,303.28924535877877,303.28916833312076,303.28908394061256,303.2889924004939,303.2888939468408,303.288788830598,303.2886773229395,303.28855970724464,303.2884362836671,303.28830736422844,303.2881732800388,303.28803436545553,303.28789097687985,303.28774347160527,303.28759222581317,303.2874376122617,303.28728002180503,303.2871198468196,303.2869574858353,303.28679333778587,303.2866278117002,303.28646131299496,303.28629424518584,303.2861270209967,303.2859600447289,303.28579371179006,303.28562842856417,303.2854645858765,303.2853025687972,303.2851427652234,303.2849855381843,303.28483125323106,303.28468026675944,303.28453291218807,303.2843895283628,303.2842504289895,303.28411591276983,303.28398627037154,303.2838617771862,303.28374268783807,303.28362923912323
0.0232847115574055,303.25266733758235,303.2526638229498,303.2526533307241,303.25263588937287,303.2526115408112,303.25258034710924,303.25254239466943,303.25249777922755,303.2524466112435,303.2523890274414,303.25232517785963,303.25225522184576,303.2521793415176,303.25209773084316,303.2520105976996,303.251918167217,303.25182067413203,303.2517183673155,303.2516115051373,303.25150036259276,303.2513852160873,303.2512663617647,303.2511440951863,303.2510187288637,303.2508905708514,303.25075994567965,303.2506271784947,303.2504925996837,303.2503565394703,303.25021933744085,303.2500813294512,303.2499428494343,303.2498042402965,303.2496658370353,303.24952796643004,303.2493909664102,303.2492551605552,303.2491208677178,303.2489884104704,303.24885808846756,303.248730205074,303.24860505620745,303.2484829171017,303.24836406990636,303.2482487742236,303.24813727707686,303.2480298197037,303.2479266307023,303.24782792077093,303.24773388569923
0.0237847115574055,303.2170658325658,303.2170629154757,303.217054213179,303.21703974945444,303.2170195586407,303.2169936921243,303.21696222238586,303.2169252285321,303.2168828015584,303.21683505553773,303.2167821151629,303.2167241119205,303.21666119718213,303.2165935317102,303.21652128772826,303.2164446522342,303.2163638196957,303.2162789965221,303.21619039666996,303.2160982486595,303.21600278093564,303.2159042397321,303.21580286951604,303.2156989300638,303.2155926758852,303.21548437658174,303.2153743016394,303.215262725025,303.2151499200869,303.2150361689007,303.21492174973514,303.2148069389275,303.2146920215557,303.214577275241,303.21446296996936,303.21434938696257,303.2142367941347,303.21412545552283,303.2140156395841,303.2139075935375,303.21380156925034,303.21369781255294,303.2135965505372,303.21349801837454,303.2134024308838,303.21330999231736,303.21322090297855,303.2131353527133,303.2130535158614,303.21297555427503
0.0242847115574055,303.18269021075633,303.18268778862137,303.1826805687843,303.1826685711362,303.1826518237525,303.18263036917426,303.18260426832876,303.18257358655865,303.18253839875587,303.18249880021443,303.18245489462856,303.1824067904287,303.182354613513,303.18229849714555,303.18223858402604,303.1821750295632,303.18210799487906,303.18203765121575,303.18196417575547,303.181887758514,303.1818085882374,303.18172686980535,303.1816428053867,303.181556611065,303.1814684970309,303.1813786873804,303.18128740550577,303.18119487864703,303.18110133306163,303.18100700318223,303.1809121195903,303.1808169109386,303.1807216143916,303.18062646005626,303.1805316709102,303.18043748118225,303.1803441126956,303.1802517840998,303.1801607190065,303.1800711212431,303.17998320001806,303.17989715966723,303.1798131874431,303.17973147957616,303.1796522138085,303.1795755589861,303.179501681503,303.1794307391026,303.17936287602316,303.17929822602406
0.0247847115574055,303.1494629030705,303.14946089103256,303.1494548993307,303.14944494463083,303.1494310498309,303.1494132501468,303.1493915969127,303.14936614407657,303.1493369532061,303.1493041040202,303.14926768281043,303.14922777892457,303.1491844971489,303.14913794796985,303.1490882496337,303.14903553137157,303.14897992668693,303.14892157768816,303.1488606311004,303.1487972450296,303.1487315753548,303.14866379267994,303.14859406414996,303.1485225696362,303.1484494826396,303.1483749895459,303.14829927556616,303.1482225292314,303.1481449378015,303.1480666962279,303.1479879955938,303.14790902506456,303.1478299820933,303.1477510574297,303.1476724351354,303.14759431048304,303.1475168671246,303.1474402861193,303.1473647539024,303.1472904383889,303.1472175134396,303.1471461490039,303.1470764993612,303.14700872845054,303.146942983311,303.14687940347306,303.1468181272328,303.1467592857319,303.14670299828197,303.1466493753831
0.0252847115574055,303.11731395876046,303.1173122866046,303.11730731260695,303.1172990507565,303.1172875196719,303.1172727485012,303.1172547806089,303.1172336605078,303.1172094387406,303.1171821821025,303.11715196245797,303.11711885335905,303.1170829420895,303.11704432026386,303.1170030858695,303.1169593464389,303.1169132125947,303.1168648023032,303.1168142370602,303.116761648518,303.11670716534053,303.1166509297135,303.1165930797762,303.1165337653774,303.1164731296402,303.1164113276904,303.11634851310475,303.11628484233927,303.1162204703516,303.11615555936623,303.1160902677431,303.116024751942,303.11595917649146,303.1158936995335,303.1158284729084,303.11576365958297,303.1156994115901,303.11563587885036,303.115573216969,303.11551156413503,303.1154510649119,303.11539186074407,303.1153340786176,303.1152778556835,303.11522331355127,303.1151705674743,303.1151197324598,303.1150709175991,303.1150242215587,303.11497973557834
0.025784711557405502,303.0861800594728,303.0861786690828,303.0861745386245,303.0861676798639,303.0861581078832,303.08614584680345,303.0861309333633,303.0861134042626,303.08609330092077,303.08607067940494,303.0860455996153,303.0860181220279,303.08598831941157,303.0859562677413,303.0859220482176,303.0858857503807,303.08584746589383,303.08580729271296,303.0857653314303,303.0857216917609,303.0856764798311,303.0856298142565,303.085581809151,303.0855325894649,303.0854822731662,303.08543098945967,303.08537886570633,303.0853260317774,303.0852726158698,303.0852187530714,303.0851645746259,303.08511020989994,303.08505579611557,303.08500146439314,303.08494733989073,303.08489355877555,303.08484024688335,303.08478752833514,303.0847355331601,303.08468437494025,303.08463417394927,303.084585047995,303.08453710147,303.0844904492934,303.0844451920088,303.0844014247628,303.08435924325346,303.0843187382894,303.0842799914353,303.0842430779793
0.026284711557405502,303.05600368271655,303.05600252597645,303.0559990948675,303.0559933993092,303.0559854514616,303.05597527128015,303.0559628899914,303.0559483378247,303.0559316486503,303.05591286962516,303.05589205072476,303.05586924160013,303.0558445029786,303.0558178978719,303.05578949356743,303.0557593646826,303.055727587167,303.0556942423872,303.0556594136124,303.05562319236054,303.0555856660911,303.0555469338647,303.0555070898921,303.0554662384678,303.05542447672735,303.05538191237554,303.0553386510428,303.0552948005617,303.0552504669547,303.05520576280213,303.0551607968733,303.0551156760872,303.05507051501183,303.0550254223694,303.0549805012216,303.0549358654945,303.05489161931587,303.0548478654267,303.0548047126306,303.0547622541394,303.054720590083,303.05467981866343,303.0546400255696,303.0546013072618,303.0545637468302,303.0545274227661,303.05449241475384,303.05445879843876,303.0544266412164,303.0543960051627
0.026784711557405503,303.0267323900647,303.0267314271268,303.026728575961,303.02672384495173,303.0267172438454,303.02670878914546,303.0266985074891,303.0266864237468,303.0266725655421,303.0266569726286,303.02663968674574,303.026620748583,303.02660020887515,303.0265781198866,303.02655453737134,303.0265295235657,303.02650314139385,303.0264754584652,303.0264465436918,303.02641647349094,303.0263853198609,303.0263531656323,303.02632008852606,303.0262861756946,303.02625150702033,303.0262161723689,303.02618025935504,303.02614385753606,303.026107054559,303.0260699443294,303.02603261698613,303.02599516084734,303.0259576716795,303.02592023963655,303.0258829494792,303.0258458966692,303.0258091673428,303.0257728465208,303.0257370253846,303.0257017802835,303.02566719463664,303.0256333503796,303.0256003177168,303.025568177776,303.0255369991847,303.02550684663663,303.0254777865317,303.02544988193534,303.0254231885023,303.0253977573641
0.027284711557405503,302.9983182197029,302.99831741755804,302.998315047427,302.99831111641754,302.998305632283,302.99829860866566,302.9982900683786,302.9982800318538,302.99826852154695,302.9982555710563,302.99824121528474,302.9982254875031,302.99820843015084,302.9981900865805,302.99817050298395,302.99814973132203,302.9981278237198,302.998104836376,302.9980808263009,302.99805585737784,302.9980299887976,302.9980032899159,302.9979758247904,302.99794766634267,302.9979188801657,302.9978895413189,302.99785972247815,302.9978294980437,302.99779894043195,302.99776812805027,302.9977371355902,302.99770603595505,302.99767490930185,302.99764383038786,302.99761286881636,302.99758210471356,302.9975516093027,302.9975214529153,302.99749171209663,302.99746244923705,302.9974337338898,302.9974056344893,302.9973782084222,302.99735152407345,302.9973256380853,302.9973006037203,302.99727647635495,302.9972533086149,302.99723114642535,302.9972100318513
0.027784711557405504,302.9707171664582,302.9707164977551,302.97071452670923,302.9707112593652,302.97070670183217,302.97070086538025,302.9706937696335,302.9706854313475,302.97067586870304,302.9706651101782,302.9706531849988,302.97064012029483,302.9706259516171,302.9706107149268,302.9705944484866,302.97057719572706,302.9705589998182,302.97053990749225,302.9705199658924,302.9704992284941,302.9704777438791,302.97045557021136,302.9704327602269,302.97040937502874,302.97038546837507,302.970361103033,302.97033633928794,302.97031123896664,302.97028586186076,302.9702602735107,302.97023453579874,302.9702087088518,302.97018285986337,302.97015705082134,302.97013133877545,302.9701057911095,302.9700804666836,302.9700554236514,302.97003072639654,302.97000642575534,302.96998257977225,302.9699592456724,302.9699364702323,302.9699143112418,302.9698928154095,302.96987202652724,302.96985199082144,302.96983275225136,302.9698143486788,302.96979681465774
0.028284711557405504,302.94388873532466,302.9438881773947,302.94388653751867,302.9438838208561,302.9438800321598,302.9438751807336,302.943869283539,302.94386235428664,302.94385440762244,302.9438454677621,302.9438355592159,302.94382470403104,302.9438129320358,302.9438002730604,302.94378675879113,302.9437724255746,302.9437573091543,302.94374144840697,302.9437248822945,302.94370765564696,302.9436898082585,302.9436713889939,302.9436524412071,302.9436330161829,302.94361315787796,302.9435929188503,302.9435723491074,302.9435515000432,302.9435304209836,302.9435091667836,302.94348778870153,302.9434663362748,302.9434448659259,302.9434234290511,302.94340207230323,302.94338085247387,302.943359818173,302.94333901745665,302.9433185045987,302.9432983208737,302.9432785147703,302.94325913420454,302.9432402171717,302.9432218126464,302.94320395910427,302.9431866924903,302.9431700514334,302.94315407269687,302.943138787459,302.94312422405164
0.028784711557405505,302.91779555687754,302.9177950909282,302.91779372592475,302.9177914662891,302.91778831565597,302.9177842816992,302.9177793791548,302.9177736192121,302.9177670135943,302.91775958296705,302.91775134792175,302.91774232629984,302.91773254317377,302.91772202328696,302.9177107928713,302.9176988823883,302.91768632142174,302.9176731423284,302.91765937728576,302.9176450639402,302.91763023480723,302.9176149310216,302.91759918816314,302.9175830493562,302.917566550441,302.9175497354936,302.9175326459945,302.91751532467924,302.9174978121975,302.9174801545272,302.9174623941144,302.91744457171853,302.91742673481,302.9174089259979,302.9173911833255,302.9173735547747,302.91735608045667,302.9173388000545,302.9173217594334,302.91730499195626,302.91728853817597,302.917272438274,302.9172567229798,302.91724143392963,302.9172266027747,302.917212258959,302.9171984348017,302.9171851610882,302.9171724634576,302.91716036508717
0.029284711557405505,302.892403054919,302.89240266536774,302.89240152855973,302.89239964830136,302.8923970273074,302.8923936718998,302.8923895949525,302.89238480556673,302.892379313051,302.8923731351111,302.8923662890809,302.8923587893224,302.89235065695397,302.8923419124983,302.89233257766244,302.8923226780174,302.89231223803705,302.8923012846657,302.89228984445464,302.89227794907845,302.8922656250246,302.89225290699943,302.89223982414103,302.89222641278843,302.8922127020619,302.89219872898786,302.89218452797115,302.8921701345605,302.8921555822123,302.8921409095273,302.8921261516408,302.8921113420367,302.8920965207408,302.8920817230716,302.89206697994354,302.89205233200806,302.89203781232897,302.8920234536457,302.89200929482644,302.89199536268956,302.891981691195,302.8919683140961,302.8919552561117,302.89194255276504,302.89193023005055,302.891918312027,302.89190682577055,302.8918957971,302.8918852470632,302.8918751945679
0.029784711557405506,302.86767915831126,302.86767883223393,302.86767788491204,302.867676319638,302.8676741383698,302.8676713463089,302.8676679547684,302.8676639711212,302.86765940268134,302.8676542646854,302.8676485717576,302.8676423353828,302.8676355733904,302.8676283028003,302.86762054156566,302.8676123111917,302.86760363191337,302.86759452618037,302.8675850158783,302.86757512771527,302.86756488318724,302.86755431165227,302.8675434369106,302.86753228965745,302.86752089344975,302.86750927945303,302.8674974761999,302.8674855132723,302.86747341816306,302.86746122333966,302.867448957872,302.86743664921335,302.8674243311963,302.8674120330892,302.8673997799054,302.8673876061925,302.8673755391708,302.8673636058213,302.8673518391858,302.86734026067154,302.86732889875924,302.8673177818578,302.86730692971565,302.86729637275965,302.86728613229593,302.867276227922,302.8672666823573,302.8672575172916,302.8672487499677,302.86724039575745
0.030284711557405506,302.84359405028204,302.84359377695716,302.84359298701304,302.8435916833123,302.8435898671919,302.84358754292373,302.84358472051156,302.84358140589717,302.84357760474876,302.8435733302409,302.8435685947431,302.8435634073619,302.8435577831898,302.84355173633935,302.843545281649,302.8435384372428,302.8435312198385,302.8435236481532,302.84351574020286,302.8435075185634,302.8434990005987,302.8434902112143,302.8434811697888,302.8434719023197,302.8434624277605,302.8434527724012,302.84344295990053,302.84343301488576,302.84342295990564,302.8434128223266,302.84340262618593,302.8433923939384,302.84338215426175,302.8433719314032,302.8433617454922,302.84335162599155,302.84334159527543,302.8433316755494,302.8433218950008,302.8433122705647,302.8433028261668,302.8432935857703,302.8432845650156,302.8432757900772,302.84326727837583,302.8432590458143,302.8432511114895,302.843243493658,302.8432362064092,302.8432292621872
0.030784711557405506,302.8201199495878,302.8201197201191,302.8201190609144,302.82011797447655,302.8201164616332,302.8201145258859,302.8201121761373,302.8201094171453,302.82010625322096,302.82010269581457,302.82009875541905,302.82009443917593,302.8200897598987,302.82008472928675,302.82007935959416,302.8200736661315,302.82006766269865,302.82006136491157,302.8200547875773,302.8200479498318,302.82004086561926,302.82003355613665,302.8200260370999,302.82001833059513,302.82001045176696,302.8200024228485,302.8199942634527,302.8199859940916,302.8199776332152,302.819969203946,302.8199607261446,302.819952218124,302.8199437042684,302.8199352046577,302.81992673538093,302.81991832166125,302.8199099818549,302.81990173420684,302.81989360285706,302.8198856010463,302.81987774891235,302.8198700667189,302.81986256671246,302.81985527151676,302.8198481953324,302.81984135100305,302.8198347546129,302.8198284215623,302.8198223633276,302.8198165899295
0.0312847115574055,302.7972309188325,302.7972307258367,302.7972301752666,302.79722926932374,302.79722800841915,302.7972263954159,302.7972244382887,302.7972221408166,302.7972195061924,302.79721654442363,302.7972132644395,302.79720967175956,302.79720577729876,302.797201590753,302.7971971222318,302.79719238470386,302.79718738954773,302.7971821498031,302.79717667761554,302.7971709892559,302.79716509583955,302.7971590154722,302.797152760837,302.7971463507607,302.79713979723897,302.7971331191268,302.7971263326783,302.79711945498707,302.79711250110597,302.79710549062395,302.7970984399363,302.7970913639238,302.7970842833929,302.7970772149639,302.7970701713851,302.79706317434227,302.79705623885997,302.7970493798987,302.79704261822144,302.7970359640194,302.7970294342791,302.79702304618394,302.7970168091789,302.79701074291916,302.7970048589374,302.7969991675453,302.79699368232,302.796988416285,302.7969833787517,302.7969785777353
0.031784711557405504,302.7749026959936,302.7749025333417,302.7749020730602,302.7749013170975,302.77490026552493,302.7748989206762,302.7748972897428,302.7748953756946,302.77489318080416,302.7748907138698,302.7748879825177,302.77488499092925,302.77488174843666,302.7748782630724,302.77487454316673,302.7748705997376,302.7748664421546,302.7748620813162,302.77485752716115,302.7748527935725,302.77484788932645,302.77484282995044,302.7748376256172,302.77483229243586,302.7748268397994,302.774821283749,302.7748156377502,302.77480991605586,302.7748041309037,302.7747982989398,302.7747924336833,302.7747865471718,302.7747806572284,302.7747747776015,302.77476891827826,302.7747630979902,302.7747573290002,302.77475162354506,302.7747459995672,302.77474046474333,302.7747350334367,302.7747297202649,302.7747245323622,302.77471948689924,302.77471459319884,302.7747098594775,302.77470529722575,302.77470091748756,302.77469672778136,302.7746927344636
0.032284711557405504,302.75311254583806,302.75311240844115,302.7531120232188,302.7531113919065,302.75311051429935,302.75310939229234,302.753108032414,302.7531064369659,302.7531046074644,302.75310255169336,302.75310027619156,302.75309778403795,302.7530950832443,302.7530921804619,302.7530890825446,302.75308579888474,302.75308233718516,302.7530787065642,302.7530749151309,302.75307097477696,302.7530668923456,302.75306268121227,302.75305834947204,302.75305391096674,302.75304937294004,302.7530447490875,302.753040050559,302.75303528924707,302.75303047505673,302.7530256221814,302.7530207417534,302.7530158434562,302.75301094262244,302.75300605061676,302.75300117514564,302.75299633247164,302.7529915325678,302.7529867854132,302.752982106592,302.7529775017096,302.7529729829448,302.75296856277623,302.75296424643466,302.7529600490085,302.7529559779905,302.7529520398645,302.7529482443831,302.7529446009412,302.75294111557287,302.752937793263
0.032784711557405505,302.73183912843047,302.73183901206244,302.73183868925446,302.731838161563,302.73183742855934,302.7318364917748,302.73183535717544,302.7318340265111,302.73183250067837,302.7318307866075,302.73182888993006,302.7318268128177,302.73182456217955,302.7318221435202,302.7318195624683,302.7318168270607,302.73181394361734,302.7318109197766,302.73180776213036,302.73180448090864,302.73180108135847,302.73179757505716,302.7317939683818,302.7317902732806,302.7317864952238,302.7317826459505,302.7317787346877,302.73177477136596,302.7317707639581,302.73176672461216,302.7317626624799,302.73175858529567,302.7317545063123,302.73175043491494,302.73174637692875,302.73174234654937,302.73173835185275,302.73173440094615,302.7317305074404,302.73172667523636,302.731722914693,302.731719236505,302.7317156443364,302.7317121515283,302.73170876405885,302.73170548697965,302.7317023285949,302.73169929692517,302.7316963967755,302.7316936319982
0.033284711557405505,302.7110623823736,302.7110622835239,302.7110620126301,302.71106157109716,302.71106095831584,302.7110601755167,302.71105922818657,302.7110581176206,302.71105684420814,302.7110554141604,302.71105383235124,302.7110521002063,302.71105022371376,302.7110482074256,302.711046055954,302.7110437762049,302.71104137335084,302.7110388537992,302.7110362228848,302.7110334894494,302.7110306574231,302.7110277368797,302.7110247327761,302.7110216554778,302.71101850899333,302.71101530342855,302.7110120464137,302.7110087462481,302.7110054093048,302.7110020460248,302.7109986639166,302.71099526910155,302.71099187309363,302.7109884836347,302.7109851049987,302.71098174965005,302.7109784240926,302.7109751348826,302.7109718939767,302.7109687038763,302.7109655734229,302.7109625118222,302.71095952145106,302.7109566141816,302.71095379473866,302.71095106699113,302.71094843803587,302.7109459147465,302.7109435009118,302.710941199449
0.033784711557405506,302.690763420784,302.69076333653607,302.69076310883503,302.6907627389578,302.69076222615064,302.6907615713946,302.69076077976774,302.69075985219047,302.69075878863805,302.69075759471514,302.69075627466134,302.69075482929105,302.6907532638215,302.69075158201395,302.69074978763723,302.69074788665273,302.6907458832814,302.69074378290645,302.690741589821,302.69073931170624,302.6907369514073,302.69073451773863,302.69073201448447,302.69072945068604,302.69072682914856,302.69072415861325,302.69072144538444,302.69071869640516,302.69071591672395,302.6907131153566,302.69071029844775,302.6907074707852,302.69070464242736,302.69070181975167,302.69069900575533,302.6906962114499,302.6906934420374,302.69069070278863,302.6906880042729,302.6906853478436,302.6906827410767,302.6906801919338,302.69067770173626,302.69067528111907,302.69067293377066,302.6906706625842,302.6906684736489,302.6906663728813,302.6906643632297,302.6906624468403
0.034284711557405506,302.6709244383086,302.67092436623875,302.67092417448566,302.67092386421746,302.67092343456534,302.6709228863043,302.6709222241617,302.6709214487498,302.67092055970716,302.6709195621249,302.6709184597121,302.6709172527825,302.6709159459077,302.67091454219246,302.6709130447062,302.67091145862065,302.6709097873674,302.6709080354775,302.6709062063815,302.67090430678905,302.6709023386522,302.67090030973,302.6708982228389,302.6708960859108,302.6708939007617,302.670891674992,302.6708894138046,302.6708871230144,302.6708848065747,302.6708824723095,302.67088012523226,302.67087776902855,302.6708754125371,302.6708730610027,302.6708707163728,302.67086838843807,302.67086608132297,302.6708637992339,302.6708615515737,302.67085933875694,302.67085716730327,302.67085504413365,302.67085296970606,302.67085095361125,302.67084899868144,302.67084710700556,302.6708452838314,302.67084353427595,302.670841860593,302.670840264294
0.03478471155740551,302.65152862774477,302.65152856583836,302.6515284040137,302.6515281433461,302.6515277828766,302.65152732320934,302.65152676876977,302.65152611991766,302.6515253760183,302.6515245417274,302.65152362030915,302.6515226116687,302.6515215198366,302.6515203473719,302.6515190967642,302.65151777252464,302.65151637743037,302.651514915303,302.65151338885875,302.65151180399323,302.65151016192493,302.65150846952656,302.65150672881725,302.6515049467981,302.65150312447383,302.6515012684894,302.6514993831333,302.6514974732817,302.6514955419828,302.6514935960632,302.651491639598,302.6514896753629,302.6514877111729,302.6514857513326,302.6514837969282,302.6514818567225,302.65147993394845,302.6514780319313,302.65147615909154,302.65147431507853,302.65147250552883,302.65147073649257,302.6514690077232,302.6514673279283,302.65146569923286,302.6514641230641,302.6514626039666,302.6514611463886,302.65145975201096,302.6514584218229
0.03528471155740551,302.63256010503625,302.6325600516184,302.6325599147197,302.63255969533685,302.63255939244,302.63255900649256,302.632558541659,302.632557998092,302.6325573749368,302.63255667647854,302.6325559056079,302.6325550618976,302.63255414892376,302.6325531687926,302.6325521235128,302.632551017042,302.63254985161507,302.6325486304627,302.6325473557104,302.63254603257053,302.6325446616599,302.6325432491061,302.6325417962719,302.6325403093766,302.6325387887605,302.63253724026794,302.63253566742804,302.6325340743361,302.63253246329236,302.63253084028787,302.6325292086199,302.6325275703134,302.63252593232306,302.6325242981731,302.63252266824463,302.6325210504333,302.6325194472349,302.6325178612459,302.63251630005806,302.63251476269835,302.63251325406526,302.6325117794789,302.6325103381197,302.63250893794617,302.6325075805005,302.6325062666657,302.6325050003983,302.63250378558666,302.6325026234393,302.6325015145167
0.03578471155740551,302.61400384160066,302.61400379527845,302.6140036791482,302.61400349413884,302.61400323916655,302.6140029145785,302.61400252431264,302.6140020683521,302.61400154566604,302.614000960223,302.6140003145999,302.61399960810013,302.6139988439174,302.61399802378185,302.6139971493038,302.6139962239766,302.61399524958586,302.6139942288699,302.61399316346564,302.61399205801155,302.613990912632,302.613989732827,302.61398851941993,302.61398727797217,302.61398600828164,302.6139847155208,302.61398340258813,302.6139820729288,302.6139807282262,302.61397937377046,302.61397801221375,302.6139766449628,302.61397527824784,302.6139739149455,302.6139725548611,302.61397120515744,302.6139698677211,302.61396854454597,302.61396724252324,302.6139659601761,302.613964701785,302.61396347205766,302.61396226971027,302.61396110206425,302.61395997018167,302.6139588744993,302.61395781848125,302.61395680554654,302.6139558365149,302.6139549115957
0.03628471155740551,302.595845603092,302.5958455627068,302.59584546388874,302.59584530750834,302.5958450924417,302.59584481893984,302.5958444907428,302.59584410769617,302.5958436686286,302.5958431772379,302.59584263583616,302.59584204351006,302.5958414031307,302.59584071611624,302.59583998374694,302.5958392091261,302.5958383936671,302.5958375396982,302.59583664845275,302.59583572408576,302.59583476632014,302.59583378012593,302.5958327658843,302.5958317286019,302.5958306676355,302.59582958759245,302.59582849084785,302.59582738030537,302.5958262571402,302.5958251260536,302.59582398916325,302.5958228473674,302.595821706285,302.5958205682553,302.59581943261514,302.59581830590594,302.59581718951176,302.5958160849289,302.5958149984543,302.5958139282056,302.5958128779455,302.5958118518666,302.5958108483113,302.59580987405735,302.5958089297719,302.59580801552687,302.59580713437316,302.59580628933617,302.5958054809158,302.5958047090347
0.03678471155740551,302.5780718938302,302.578071858418,302.57807177403834,302.5780716415115,302.5780714596842,302.57807122872873,302.5780709522113,302.5780706298658,302.57807026041047,302.5780698473098,302.5780693926529,302.5780688953523,302.5780683580073,302.57806778177655,302.5780671676672,302.5780665184544,302.5780658352437,302.57806512002094,302.57806437368663,302.578063599988,302.57806279832164,302.5780619732091,302.57806112467,302.578060257242,302.57805936992446,302.57805846684903,302.5780575499561,302.57805662169847,302.5780556828332,302.57805473756594,302.57805378757166,302.578052833331,302.5780518799463,302.57805092931096,302.57804998038205,302.57804903917287,302.57804810665345,302.5780471839092,302.57804627673187,302.5780453829149,302.5780445057866,302.57804364910544,302.57804281091495,302.57804199752707,302.5780412092849,302.5780404459624,302.57803971026414,302.57803900488415,302.5780383300602,302.5780376854815
0.03728471155740551,302.5606699062368,302.56066987499526,302.5606698026643,302.5606696900203,302.56066953589016,302.5606693403809,302.56066910690606,302.5606688351088,302.56066852362164,302.56066817570763,302.5606677932672,302.5606673750746,302.5606669234986,302.560666439483,302.56066592380876,302.5606653789743,302.5606648058305,302.5606642060779,302.56066358034235,302.56066293202645,302.56066226026275,302.5606615691923,302.56066085853956,302.5606601324455,302.56065938962087,302.5606586337961,302.5606578665508,302.5606570899621,302.56065630444357,302.560655513783,302.56065471928895,302.5606539211001,302.56065312388057,302.5606523291542,302.56065153557176,302.5606507486964,302.560649969157,302.56064919770074,302.5606484396884,302.5606476926564,302.5606469595675,302.5606462438145,302.5606455432031,302.56064486364505,302.56064420521795,302.5606435674539,302.56064295276565,302.56064236356866,302.56064179988596,302.5606412612175
0.03778471155740551,302.54362747470736,302.5436274469686,302.54362738469854,302.54362728863543,302.5436271575937,302.54362699162715,302.54362679401305,302.5436265643223,302.543626301122,302.54362600750017,302.5436256851971,302.5436253328784,302.5436249527171,302.5436245454788,302.54362411175737,302.5436236538177,302.54362317229993,302.5436226686664,302.5436221433172,302.5436215993626,302.5436210357227,302.54362045621485,302.5436198603238,302.54361925185316,302.5436186292829,302.5436179960039,302.5436173532963,302.5436167029245,302.5436160450202,302.5436153830183,302.54361471792413,302.5436140495971,302.54361338232894,302.5436127173368,302.54361205302644,302.54361139457535,302.5436107423326,302.5436100967667,302.54360946286994,302.54360883797654,302.54360822474206,302.5436076262497,302.54360704011856,302.54360647191453,302.54360592149874,302.5436053882072,302.5436048742071,302.54360438167873,302.54360391047,302.5436034599278
0.03828471155740551,302.5269330334273,302.526933008635,302.5269329547722,302.52693287254357,302.5269327607574,302.5269326194236,302.52693245169814,302.52693225709413,302.52693203412974,302.52693178574066,302.5269315135309,302.52693121608155,302.52693089539935,302.5269305521017,302.52693018662814,302.5269298010457,302.52692939582073,302.5269289722165,302.52692853044755,302.526928073376,302.52692759975156,302.5269271131156,302.52692661275904,302.526926102198,302.5269255797289,302.5269250484549,302.52692450940793,302.526923964091,302.52692341240595,302.52692285748856,302.52692230009376,302.5269217398533,302.52692118074145,302.5269206237214,302.52692006700386,302.5269195154354,302.52691896913535,302.5269184283436,302.52691789773564,302.5269173744895,302.52691686100144,302.5269163600922,302.5269158692363,302.52691539369965,302.5269149331671,302.52691448681696,302.52691405660903,302.5269136445247,302.5269132502696,302.52691287306806
0.03878471155740551,302.51057557770366,302.5105755553944,302.51057550856274,302.5105754378841,302.5105753421651,302.5105752213802,302.51057507857604,302.51057491322047,302.5105747237963,302.5105745131056,302.510574282636,302.5105740309044,302.5105737597753,302.5105734697432,302.5105731611205,302.51057283580604,302.510572494123,302.5105721371681,302.5105717650039,302.5105713802807,302.51057098161374,302.5105705723074,302.5105701514968,302.5105697224523,302.5105692833262,302.51056883697674,302.51056838423,302.5105679263712,302.51056746311474,302.5105669973423,302.51056652960216,302.5105660593415,302.51056559026273,302.510565123119,302.51056465596736,302.51056419336896,302.5105637352554,302.5105632816792,302.5105628370423,302.51056239840455,302.51056196794264,302.5105615482545,302.5105611367044,302.51056073829693,302.51056035257403,302.5105599785878,302.5105596181229,302.5105592729918,302.5105589427851,302.5105586266293
0.03928471155740551,302.494544628442,302.49454460822943,302.49454456728387,302.4945445062542,302.49454442394995,302.49454432031644,302.4945441983017,302.4945440573381,302.4945438958847,302.4945437166253,302.49454352094824,302.49454330732254,302.4945430774907,302.49454283184554,302.4945425705945,302.49454229549343,302.49454200674745,302.4945417053141,302.49454139113146,302.49454106666894,302.494540730436,302.4945403855335,302.49454003097185,302.49453966981093,302.4945393000908,302.4945389244611,302.49453854357716,302.49453815854235,302.4945377689191,302.4945373773727,302.49453698428067,302.4945365889416,302.4945361948245,302.49453580250827,302.4945354099309,302.4945350214062,302.49453463671273,302.4945342557499,302.4945338826826,302.49453351448335,302.4945331531429,302.49453280106894,302.49453245554423,302.4945321213443,302.49453179789583,302.494531484151,302.4945311817455,302.4945308923488,302.4945306154583,302.494530350124
0.03978471155740551,302.47883019944385,302.47883018100595,302.478830144993,302.4788300920306,302.4788300209339,302.4788299316249,302.47882982696194,302.4788297063501,302.47882956823383,302.4788294151923,302.47882924852826,302.4788290666764,302.4788288712743,302.4788286626306,302.4788284408663,302.4788282076151,302.47882796298524,302.4788277078174,302.47882744194857,302.4788271676924,302.4788268834769,302.47882659222716,302.4788262928548,302.4788259882382,302.4788256763321,302.4788253596074,302.4788250385782,302.47882471419587,302.47882438590005,302.4788240561711,302.47882372524623,302.47882339230455,302.47882306061365,302.4788227306087,302.4788224001368,302.4788220732963,302.4788217497416,302.4788214292473,302.478821115772,302.47882080622605,302.4788205024424,302.47882020666583,302.4788199161212,302.47881963538185,302.47881936378235,302.47881910019646,302.4788188461333,302.4788186031401,302.4788183706402,302.4788181476236
0.04028471155740551,302.46342276724135,302.4634227503095,302.46342271843537,302.46342267222343,302.46342261049745,302.46342253316044,302.46342244298876,302.46342233936696,302.4634222207325,302.4634220895711,302.46342194711156,302.4634217917655,302.4634216250798,302.4634214472931,302.463421258456,302.46342106009706,302.46342085224495,302.46342063564276,302.46342041004516,302.4634201776315,302.46341993676833,302.4634196902279,302.4634194368449,302.46341917934024,302.46341891560553,302.46341864795806,302.46341837679483,302.4634181029404,302.46341782573586,302.46341754750273,302.46341726836295,302.4634169874008,302.4634167077092,302.46341642960454,302.46341615086624,302.4634158754044,302.4634156027727,302.463415332645,302.4634150687986,302.46341480810315,302.46341455225684,302.4634143033647,302.46341405861244,302.46341382239467,302.46341359397235,302.46341337215904,302.46341315835554,302.46341295400475,302.4634127584712,302.4634125706989
0.04078471155740551,302.4483132432208,302.44831322757074,302.4483131991742,302.44831315861666,302.4483131047324,302.4483130374093,302.4483129593482,302.44831286991894,302.4483127675579,302.44831265466695,302.4483125324108,302.44831239918705,302.4483122564636,302.4483121044218,302.4483119430539,302.4483117737982,302.44831159661857,302.4483114121757,302.4483112201579,302.44831102262856,302.4483108179086,302.44831060863703,302.4483103935893,302.44831017534955,302.44830995176414,302.44830972501785,302.44830949541085,302.4483092636616,302.44830902903254,302.4483087937087,302.44830855771716,302.4483083200677,302.44830808370114,302.4483078488359,302.44830761320304,302.44830738054657,302.4483071503397,302.4483069221745,302.4483066996692,302.4483064796694,302.4483062637582,302.44830605391974,302.4483058473169,302.4483056481843,302.4483054557255,302.4483052687083,302.4483050884408,302.44830491627624,302.4483047515329,302.4483045931207
0.04128471155740551,302.4334929478168,302.43349293326116,302.43349290779133,302.43349287197543,302.4334928246599,302.4334927657206,302.4334926977883,302.4334926202232,302.4334925314653,302.4334924338405,302.4334923284579,302.4334922137084,302.4334920909912,302.4334919604398,302.43349182199927,302.43349167702974,302.43349152544215,302.433491367828,302.43349120382237,302.4334910353874,302.43349086081207,302.4334906826187,302.43349049953775,302.43349031403386,302.4334901239231,302.4334899312753,302.43348973631066,302.4334895396587,302.43348934052,302.4334891409613,302.4334889409323,302.4334887393848,302.43348853912653,302.43348834029496,302.4334881405887,302.43348794360486,302.4334877487523,302.4334875555577,302.4334873674983,302.4334871814094,302.43348699877555,302.4334868214762,302.4334866466638,302.43348647842987,302.4334863159331,302.43348615790774,302.4334860055825,302.4334858602327,302.4334857211414,302.4334855871939
0.04178471155740551,302.418953586583,302.4189535729653,302.41895354996313,302.4189535181286,302.4189534763217,302.41895342440876,302.4189533649557,302.41895329731625,302.41895321993826,302.41895313507905,302.4189530437984,302.4189529444869,302.4189528384831,302.41895272588147,302.4189526065883,302.41895248189593,302.4189523516724,302.41895221645075,302.4189520758238,302.4189519316651,302.4189517822425,302.41895162997565,302.41895147356195,302.41895131536114,302.4189511531708,302.41895098896083,302.41895082288545,302.41895065549954,302.4189504859557,302.4189503162175,302.4189501461719,302.4189499747263,302.41894980457107,302.4189496357776,302.4189494660247,302.4189492987785,302.4189491333972,302.41894896935537,302.41894881000445,302.4189486521815,302.41894849728527,302.41894834710445,302.41894819879155,302.4189480563086,302.4189479187805,302.4189477849175,302.41894765587995,302.4189475328759,302.41894741516154,302.41894730160533
0.04228471155740551,302.404687227971,302.4046872151604,302.404687194243,302.40468716575657,302.4046871285753,302.4046870825582,302.40468703021065,302.40468697088284,302.4046869030341,302.40468682885836,302.40468674937233,302.4046866629711,302.4046865709398,302.40468647334046,302.4046863700483,302.4046862622962,302.40468614991744,302.40468603339605,302.4046859122915,302.404685788399,302.4046856599747,302.4046855293468,302.40468539518986,302.40468525977064,302.4046851208784,302.4046849803955,302.4046848384216,302.404684695449,302.4046845505935,302.404684405729,302.40468426069094,302.404684114354,302.40468396930476,302.4046838255601,302.40468368078956,302.40468353834206,302.4046833975362,302.4046832578058,302.4046831223894,302.4046829881344,302.4046828563662,302.4046827287933,302.4046826025768,302.4046824815614,302.40468236484674,302.4046822511276,302.4046821415046,302.4046820371275,302.40468193723245,302.40468184067794
0.042784711557405514,302.39068628266386,302.39068627055065,302.3906862513989,302.3906862257327,302.39068619244136,302.3906861513785,302.39068610499214,302.39068605263196,302.39068599277095,302.39068592754506,302.3906858579327,302.3906857823372,302.3906857019964,302.39068561694546,302.3906855270349,302.3906854334452,302.3906853359818,302.3906852350872,302.3906851302945,302.39068502333043,302.3906849124463,302.3906847998887,302.39068468431736,302.3906845679164,302.3906844484751,302.39068432779817,302.3906842059409,302.3906840833428,302.39068395909226,302.39068383498403,302.3906837108124,302.3906835854284,302.3906834613261,302.39068333847774,302.3906832145525,302.3906830927934,302.3906829724886,302.3906828530403,302.3906827375851,302.3906826229887,302.39068251051197,302.3906824017931,302.3906822940088,302.39068219089614,302.39068209153686,302.3906819946171,302.3906819011854,302.39068181234035,302.3906817273042,302.3906816449303
0.043284711557405514,302.3769434843309,302.3769434728233,302.37694345517076,302.3769434318848,302.37694340187034,302.37694336497685,302.37694332359854,302.37694327708664,302.37694322392946,302.37694316620946,302.3769431048708,302.3769430383285,302.37694296777795,302.37694289323247,302.3769428145223,302.3769427327821,302.3769426477951,302.37694255996826,302.3769424688152,302.37694237600067,302.3769422797778,302.37694218231957,302.37694208227776,302.3769419817627,302.3769418785695,302.3769417744349,302.37694166937706,302.37694156379155,302.37694145674686,302.37694134996786,302.37694124321564,302.3769411353254,302.3769410287082,302.3769409233001,302.3769408167764,302.37694071228435,302.3769406090894,302.3769405065694,302.3769404077687,302.3769403095767,302.37694021319817,302.37694012020904,302.3769400278069,302.37693993962995,302.3769398547481,302.3769397718442,302.37693969192105,302.37693961603225,302.37693954339085,302.3769394728497
0.043784711557405515,302.36345187168337,302.36345186070434,302.3634518443287,302.36345182305604,302.36345179580735,302.3634517624292,302.3634517252647,302.36345168366825,302.3634516361453,302.3634515847284,302.36345153033096,302.3634514713822,302.3634514090392,302.3634513432975,302.3634512739715,302.36345120215486,302.36345112761313,302.3634510507235,302.3634509709845,302.3634508900061,302.36345080604735,302.3634507212151,302.36345063415854,302.3634505469212,302.3634504573099,302.36345036700027,302.36345027598065,302.36345018460895,302.36345009194036,302.3634499996376,302.3634499074353,302.36344981415914,302.3634497221453,302.36344963130034,302.3634495393116,302.36344944923854,302.3634493603304,302.3634492719468,302.3634491870479,302.3634491025517,302.3634490196133,302.3634489397532,302.3634488601944,302.3634487844835,302.36344871168353,302.3634486404783,302.36344857183065,302.3634485067539,302.3634484444564,302.36344838379347
0.044284711557405515,302.3502047717234,302.3502047612083,302.35020474592375,302.35020472635836,302.35020470144923,302.35020467104096,302.3502046374284,302.3502045999701,302.35020455719007,302.3502045110739,302.35020446250763,302.3502044099362,302.3502043544825,302.35020429612734,302.3502042346726,302.3502041711753,302.35020410538743,302.35020403766055,302.3502039674825,302.3502038964135,302.35020382272273,302.3502037484569,302.35020367226696,302.3502035961358,302.35020351788637,302.35020343913936,302.3502033598586,302.3502032803705,302.35020319972205,302.35020311952013,302.35020303947874,302.3502029584191,302.3502028786094,302.3502027999324,302.35020272009194,302.3502026420668,302.3502025650951,302.3502024885238,302.3502024152351,302.35020234217956,302.35020227046846,302.3502022015724,302.3502021327433,302.3502020674425,302.35020200473014,302.35020194329473,302.3502018840634,302.35020182801406,302.35020177435297,302.3502017219411
0.044784711557405515,302.3371957840897,302.3371957739842,302.3371957596355,302.33719574152195,302.3371957185968,302.3371956907037,302.3371956600911,302.337195626123,302.3371955873428,302.33719554569217,302.33719550203193,302.3371954548247,302.3371954051619,302.33719535301236,302.3371952981685,302.3371952416543,302.33719518321135,302.33719512316907,302.3371950610084,302.3371949982442,302.337194933159,302.33719486774436,302.33719480065645,302.33719473382325,302.3371946650867,302.3371945960183,302.3371945265619,302.33719445701706,302.33719438642675,302.3371943163479,302.3371942464782,302.33719417563873,302.33719410603544,302.33719403753196,302.3371939678524,302.3371938999011,302.33719383290895,302.3371937662145,302.33719370262816,302.33719363913576,302.3371935768095,302.33719351707504,302.3371934572157,302.3371934006133,302.33719334632815,302.33719329305666,302.3371932416939,302.33719319318595,302.33719314673976,302.3371931012243
0.045284711557405516,302.32441876641394,302.3244187566721,302.32441874312957,302.3244187262544,302.3244187050165,302.32441867925905,302.3244186511861,302.32441862016793,302.3244185847681,302.3244185468867,302.32441850736143,302.3244184646739,302.3244184198865,302.3244183729587,302.32441832367545,302.324418273031,302.32441822075896,302.32441816717017,302.3244181117409,302.32441805594476,302.32441799808026,302.32441794008815,302.3244178806326,302.32441782159117,302.3244177608277,302.32441769986883,302.3244176386421,302.3244175774246,302.3244175152586,302.32441745365566,302.32441739230103,302.32441733001895,302.32441726895854,302.32441720896793,302.32441714779424,302.32441708827264,302.32441702963064,302.32441697120146,302.3244169157289,302.32441686023617,302.32441680576045,302.3244167536867,302.32441670133153,302.32441665200236,302.32441660476206,302.3244165583172,302.32441651353423,302.32441647133044,302.3244164309156,302.32441639116837
0.045784711557405516,302.311867820608,302.3118678111913,302.3118677983461,302.31186778253124,302.31186776273285,302.3118677387941,302.31186771287685,302.31186768435805,302.3118676518218,302.3118676171289,302.3118675810958,302.31186754222387,302.31186750154893,302.31186745902255,302.3118674144247,302.31186736872195,302.3118673216428,302.3118672734814,302.311867223712,302.31186717377034,302.31186712197274,302.31186707021277,302.3118670171653,302.311866964661,302.311866910588,302.31186685643155,302.3118668021064,302.3118667478701,302.3118666927674,302.3118666382684,302.3118665840491,302.3118665289397,302.31186647503654,302.3118664221756,302.3118663681294,302.31186631566834,302.3118662640193,302.31186621251317,302.3118661638314,302.3118661150362,302.31186606713345,302.31186602147045,302.3118659753991,302.3118659321561,302.3118658908095,302.3118658500776,302.3118658108012,302.3118657738712,302.3118657385022,302.31186570358363
0.04628471155740552,302.2995372800135,302.29953727088923,302.2995372586504,302.29953724374684,302.299537225181,302.2995372027964,302.29953717871416,302.29953715231875,302.299537122215,302.2995370902262,302.29953705714917,302.29953702150567,302.29953698430694,302.2995369454983,302.2995369048559,302.29953686332163,302.29953682061983,302.2995367770307,302.2995367320282,302.2995366870131,302.2995366403208,302.2995365938013,302.29953654614167,302.2995364991293,302.2995364506778,302.2995364022349,302.2995363537047,302.2995363053284,302.2995362561553,302.2995362076173,302.29953615938393,302.2995361102936,302.2995360623935,302.2995360155103,302.29953596744326,302.2995359209022,302.2995358751157,302.29953582941454,302.29953578642164,302.29953574323963,302.29953570084547,302.29953566055235,302.29953561974816,302.2995355816028,302.29953554519125,302.29953550924483,302.29953547458103,302.29953544206677,302.29953541092266,302.29953538005043
0.04678471155740552,302.2874216973477,302.2874216884881,302.28742167677933,302.2874216626625,302.2874216451561,302.2874216241047,302.2874216015898,302.2874215770039,302.28742154897265,302.2874215192837,302.2874214887155,302.28742145581066,302.2874214215574,302.2874213858962,302.2874213486009,302.2874213105901,302.2874212715859,302.2874212318561,302.2874211908761,302.287421150014,302.2874211076256,302.28742106552,302.2874210223979,302.28742098000646,302.2874209362859,302.28742089264904,302.2874208489919,302.2874208055413,302.287420761353,302.28742071782386,302.2874206746189,302.28742063058644,302.28742058772775,302.28742054586246,302.287420502818,302.2874204612468,302.28742042038107,302.28742037955357,302.2874203413317,302.2874203028594,302.28742026508735,302.2874202292969,302.28742019291303,302.2874201590419,302.28742012676673,302.2874200948333,302.2874200640375,302.28742003522433,302.28742000762145,302.2874199801436
0.04728471155740552,302.27551583338834,302.2755158247699,302.275515813527,302.27551580009253,302.2755157835009,302.2755157635977,302.2755157424266,302.2755157193882,302.27551569312885,302.27551566540217,302.27551563696954,302.2755156063946,302.2755155746441,302.2755155416546,302.27551550719863,302.2755154721734,302.27551543629994,302.2755153998351,302.2755153622569,302.2755153249028,302.27551528615027,302.2755152477695,302.27551520847624,302.27551516997966,302.2755151302477,302.27551509066063,302.2755150511081,302.2755150118045,302.2755149718138,302.2755149325,302.27551489352544,302.27551485374994,302.2755148151315,302.2755147774844,302.27551473866527,302.2755147012723,302.2755146645427,302.2755146278127,302.2755145935973,302.27551455908184,302.2755145251933,302.2755144931832,302.275514460514,302.27551443023117,302.275514401427,302.275514372863,302.27551434531483,302.27551431960734,302.2755142949761,302.2755142703497
0.04778471155740552,302.26381464634414,302.26381463794684,302.26381462711595,302.2638146142765,302.26381459847835,302.26381457956876,302.2638145595545,302.2638145378443,302.26381451310584,302.2638144870596,302.2638144604508,302.26381443186455,302.26381440224714,302.26381437153236,302.26381433949217,302.2638143070037,302.263814273788,302.2638142400923,302.26381420539815,302.26381417101425,302.26381413534034,302.26381410010987,302.2638140640546,302.26381402884755,302.2638139924853,302.26381395631756,302.26381392022904,302.2638138844236,302.2638138479742,302.2638138122143,302.26381377680514,302.26381374061896,302.263813705573,302.26381367147764,302.2638136362195,302.26381360234495,302.2638135690976,302.26381353581826,302.263813504972,302.2638134737864,302.26381344316576,302.2638134143341,302.26381338479155,302.26381335752546,302.2638133316382,302.26381330590715,302.2638132810898,302.26381325799196,302.2638132358578,302.2638132136302
0.04828471155740552,302.2523132818629,302.2523132736696,302.25231326320545,302.2523132508875,302.25231323578146,302.25231321773583,302.25231319872194,302.252313178157,302.25231315472934,302.2523131301279,302.2523131050827,302.2523130782001,302.2523130504072,302.2523130216355,302.2523129916574,302.2523129613312,302.2523129303786,302.2523128990383,302.25231286679616,302.25231283493395,302.2523128018738,302.2523127693144,302.2523127360041,302.252312703582,302.25231267007337,302.2523126367993,302.2523126036407,302.25231257079224,302.25231253733693,302.2523125045797,302.2523124721814,302.25231243902795,302.25231240699776,302.2523123758987,302.25231234364753,302.2523123127416,302.25231228243143,302.2523122520637,302.2523122240558,302.25231219567706,302.2523121678113,302.25231214165655,302.25231211475045,302.2523120900248,302.2523120665926,302.25231204324757,302.25231202073024,302.2523119998287,302.2523119797962,302.2523119595902
0.04878471155740552,302.2410070636324,302.24100705562853,302.24100704549267,302.24100703363484,302.2410070191356,302.2410070018455,302.241006983701,302.241006964128,302.2410069418354,302.2410069184818,302.24100689478246,302.2410068693653,302.2410068431391,302.24100681603363,302.24100678782224,302.24100675934557,302.2410067303265,302.2410067009962,302.2410066708455,302.24100664113064,302.2410066102963,302.24100658000833,302.2410065490318,302.24100651897356,302.241006487888,302.2410064570691,302.24100642639496,302.2410063960523,302.2410063651348,302.24100633492037,302.24100630507075,302.24100627448587,302.2410062450073,302.24100621644146,302.2410061867355,302.2410061583395,302.2410061305121,302.24100610260643,302.2410060769942,302.2410060509867,302.2410060254482,302.2410060015522,302.2410059768741,302.2410059542918,302.24100593292957,302.2410059115981,302.2410058910218,302.24100587197205,302.24100585371167,302.2410058352129
0.04928471155740552,302.22989148453394,302.22989147670677,302.22989146686706,302.2298914554174,302.22989144145356,302.22989142482777,302.229891407443,302.2298913887336,302.2298913674291,302.2298913451583,302.2298913226229,302.2298912984719,302.22989127359676,302.2298912479261,302.22989122123465,302.229891194346,302.2298911669853,302.2298911393766,302.22989111101634,302.2298910831363,302.22989105420396,302.22989102585365,302.22989099686765,302.2298909688222,302.2298909398004,302.2298909110707,302.2298908825095,302.2298908542962,302.2298908255358,302.22989079748066,302.22989076979417,302.22989074139065,302.2298907140767,302.2298906876578,302.2298906601118,302.22989063384347,302.22989060812006,302.2298905823015,302.22989055871597,302.2298905347162,302.2298905111483,302.2298904891625,302.2298904663716,302.2298904456017,302.22989042598874,302.22989040636025,302.2298903874256,302.22989036994034,302.2298903531773,302.2298903361237
0.04978471155740552,302.2189621983111,302.2189621906497,302.2189621810787,302.2189621699937,302.2189621565051,302.21896214046706,302.21896212375,302.21896210579666,302.2189620853568,302.21896206403073,302.2189620425069,302.2189620194555,302.218961995751,302.21896197132156,302.2189619459436,302.21896192042476,302.2189618944923,302.2189618683643,302.21896184154286,302.2189618152366,302.21896178793577,302.21896176124454,302.21896173396254,302.2189617076365,302.2189616803787,302.21896165343287,302.2189616266744,302.2189616002764,302.2189615733554,302.21896154713954,302.2189615212945,302.21896149474924,302.218961469277,302.21896144468286,302.2189614189755,302.2189613945159,302.21896137058025,302.2189613465362,302.21896132466964,302.2189613023745,302.2189612804799,302.2189612601136,302.2189612389258,302.21896121969223,302.21896120156083,302.21896118337634,302.21896116583366,302.2189611496736,302.2189611341788,302.21896111835156
0.05028471155740552,302.2082150117194,302.20821500421437,302.20821499488886,302.20821498413164,302.20821497106766,302.208214955553,302.2082149394263,302.2082149221387,302.2082149024601,302.208214881963,302.2082148613232,302.20821483923163,302.20821481654684,302.2082147931967,302.20821476895946,302.20821474462764,302.20821471993116,302.20821469508235,302.2082146695895,302.20821464463893,302.2082146187436,302.20821459347866,302.2082145676613,302.2082145428099,302.20821451706547,302.2082144916487,302.208214466434,302.208214441589,302.2082144162423,302.2082143915986,302.2082143673264,302.20821434236996,302.20821431846974,302.20821429543173,302.20821427129454,302.20821424837754,302.208214225966,302.2082142034355,302.20821418303115,302.2082141621879,302.2082141417183,302.20821412272915,302.2082141029072,302.2082140849799,302.20821406810694,302.2082140511503,302.20821403479147,302.2082140197568,302.20821400533924,302.208213990556
0.05078471155740552,302.197645877126,302.197645869769,302.19764586066924,302.1976458502087,302.1976458375266,302.19764582248104,302.1976458068796,302.19764579018215,302.1976457711778,302.19764575141244,302.1976457315496,302.19764571030083,302.1976456885093,302.1976456661027,302.19764564286163,302.19764561956396,302.1976455959424,302.19764557220424,302.1976455478641,302.19764552408674,302.19764549940805,302.1976454753749,302.197645450822,302.1976454272406,302.19764540280045,302.1976453786995,302.1976453548124,302.1976453313014,302.1976453073074,302.1976452840129,302.1976452610895,302.1976452374965,302.19764521494346,302.197645193237,302.19764517044626,302.1976451488495,302.197645127742,302.19764510650725,302.1976450873509,302.19764506774845,302.1976450484969,302.19764503068257,302.1976450120286,302.1976449952153,302.1976449794147,302.1976449635057,302.19764494815695,302.19764493408104,302.19764492058135,302.19764490668985
0.05128471155740552,302.1872508855287,302.1872508783126,302.18725086942163,302.1872508592315,302.18725084689515,302.1872508322729,302.18725081714206,302.1872508009708,302.18725078256773,302.18725076345237,302.1872507442767,302.1872507237725,302.18725070276804,302.18725068119124,302.18725065882506,302.1872506364334,302.187250613752,302.18725059098335,302.1872505676488,302.18725054489204,302.18725052127184,302.1872504983077,302.187250474852,302.1872504523697,302.18725042905874,302.1872504060957,302.18725038335526,302.18725036099534,302.187250338169,302.1872503160373,302.1872502942754,302.18725027185775,302.18725025046393,302.18725022990174,302.1872502082702,302.18725018780833,302.187250167821,302.18725014769996,302.187250129613,302.18725011107506,302.1872500928685,302.1872500760601,302.1872500584089,302.1872500425494,302.18725002766575,302.187250012654,302.18724999817016,302.18724998491405,302.18724997219925,302.18724995907235
0.05178471155740552,302.17702625996986,302.17702625288825,302.17702624419167,302.17702623424935,302.1770262222283,302.17702620799054,302.17702619328406,302.17702617758533,302.17702615972195,302.1770261411879,302.17702612262383,302.17702610278167,302.17702608247527,302.17702606163266,302.17702604003966,302.1770260184465,302.1770259965923,302.17702597467496,302.17702595222244,302.1770259303587,302.1770259076644,302.17702588563327,302.17702586313476,302.1770258416083,302.1770258192803,302.1770257973062,302.1770257755614,302.1770257541995,302.177025732386,302.17702571126136,302.17702569050437,302.1770256691048,302.17702564871314,302.17702562913865,302.17702560851006,302.177025589028,302.1770255700072,302.177025550848,302.17702553368093,302.17702551606044,302.1770254987546,302.17702548281113,302.1770254660245,302.17702545098496,302.1770254368886,302.17702542264834,302.17702540890843,302.17702539635604,302.177025384315,302.17702537184664
0.05228471155740552,302.16696834931736,302.16696834236467,302.1669683338499,302.1669683241365,302.1669683124048,302.1669682985187,302.16696828419754,302.1669682689259,302.16696825155014,302.1669682335395,302.1669682155235,302.16696819627384,302.1669681765905,302.16696815640194,302.1669681354967,302.16696811461185,302.16696809348997,302.1669680723247,302.16696805065095,302.1669680295729,302.16696800769375,302.1669679864813,302.1669679648227,302.1669679441325,302.16696792266475,302.166967901555,302.1669678806792,302.1669678601874,302.16696783925727,302.16696781900936,302.1669677991264,302.16696777861347,302.1669677590925,302.16696774037496,302.16696772061846,302.16696770198655,302.166967683804,302.16696766547943,302.1669676491076,302.16696763228157,302.1669676157556,302.16696760055925,302.166967584522,302.1669675701905,302.16696755677305,302.16696754319935,302.16696753010217,302.1669675181566,302.16696750669655,302.1669674947981
0.05278471155740552,302.1570736223923,302.1570736155634,302.1570736072199,302.1570735977191,302.15707358625446,302.15707357269207,302.15707355872314,302.1570735438403,302.1570735269083,302.157073509372,302.1570734918505,302.1570734731348,302.1570734540114,302.1570734344093,302.15707341411985,302.1570733938675,302.15707337339825,302.1570733529019,302.1570733319198,302.15707331153783,302.1570732903806,302.15707326989127,302.15707324897414,302.15707322901983,302.1570732083097,302.1570731879598,302.1570731678472,302.1570731481183,302.15707312796303,302.1570731084828,302.1570730893644,302.15707306962787,302.15707305086784,302.15707303289764,302.1570730139038,302.1570729960137,302.1570729785619,302.1570729609657,302.1570729452849,302.15707292915033,302.1570729133033,302.1570728987557,302.1570728833712,302.1570728696543,302.15707285682527,302.1570728438304,302.1570728312913,302.15707281987153,302.157072808915,302.15707279751217
0.05328471155740552,302.14733866241994,302.14733865571037,302.1473386475287,302.1473386382265,302.14733862701013,302.14733861374776,302.14733860010284,302.1473385855763,302.1473385690507,302.1473385519474,302.14733853487513,302.1473385166439,302.14733849802724,302.1473384789547,302.14733845922046,302.1473384395368,302.147338419653,302.1473383997554,302.1473383793921,302.14733835963057,302.1473383391171,302.14733831927066,302.1473382990124,302.14733827970986,302.14733825967113,302.1473382399936,302.14733822055524,302.14733820149945,302.1473381820282,302.1473381632243,302.14733814477864,302.1473381257262,302.14733810763505,302.14733809032055,302.14733807199775,302.1473380547586,302.1473380379477,302.14733802099096,302.14733800591375,302.1473379903847,302.14733797513213,302.1473379611509,302.1473379463384,302.1473379331579,302.14733792084155,302.14733790835214,302.1473378963004,302.1473378853387,302.1473378748209,302.14733786385165
0.05378471155740552,302.13776016178525,302.13776015519096,302.137760147163,302.13776013804744,302.13776012706313,302.13776011408027,302.1377601007356,302.1377600865376,302.1377600703868,302.1377600536814,302.13776003702,302.13776001923145,302.13776000107646,302.1377599824853,302.1377599632551,302.13775994408616,302.1377599247315,302.13775990537374,302.1377598855677,302.1377598663631,302.13775984642746,302.13775982715634,302.13775980748767,302.1377597887661,302.1377597693265,302.1377597502478,302.13775973140923,302.1377597129511,302.13775969408766,302.13775967588333,302.1377596580336,302.1377596395879,302.1377596220884,302.13775960535287,302.1377595876242,302.13775957096004,302.1377595547147,302.13775953832265,302.1377595237761,302.1377595087805,302.1377594940517,302.1377594805678,302.1377594662596,302.1377594535501,302.1377594416831,302.13775942963764,302.1377594180141,302.1377594074537,302.1377593973205,302.1377593867328
0.054284711557405524,302.1283349170741,302.12833491059143,302.1283349027102,302.12833489377067,302.12833488300447,302.1283348702837,302.1283348572187,302.1283348433257,302.12833482752274,302.1283348111853,302.12833479490223,302.1283347775208,302.12833475978937,302.128334741639,302.1283347228695,302.12833470416984,302.12833468529647,302.1283346664287,302.12833464712804,302.12833462842696,302.12833460901373,302.12833459026115,302.12833457112356,302.12833455292366,302.1283345340223,302.12833451548056,302.12833449717914,302.1283344792554,302.1283344609356,302.1283344432667,302.12833442594814,302.12833440804417,302.12833439107175,302.1283343748507,302.12833435765157,302.12833434149854,302.12833432575565,302.12833430986575,302.1283342957887,302.128334281266,302.12833426700155,302.12833425395735,302.1283342400967,302.1283342278033,302.12833421633275,302.12833420467973,302.12833419343474,302.1283341832283,302.1283341734341,302.12833416318443
0.054784711557405524,302.11905982438253,302.11905981800805,302.1190598102673,302.119059801495,302.1190597909349,302.11905977846106,302.11905976565816,302.11905975205013,302.1190597365718,302.11905972057684,302.1190597046443,302.11905968763995,302.1190596702995,302.1190596525553,302.1190596342099,302.119059615941,302.1190595975085,302.1190595790886,302.1190595602494,302.11905954200677,302.1190595230691,302.1190595047872,302.1190594861315,302.1190594684031,302.1190594499887,302.11905943193193,302.1190594141149,302.11905939667236,302.1190593788424,302.11905936165465,302.11905934481297,302.11905932739614,302.11905931089626,302.1190592951356,302.1190592784119,302.1190592627164,302.1190592474228,302.11905923198253,302.1190592183237,302.11905920422316,302.1190591903733,302.1190591777204,302.11905916425957,302.1190591523364,302.11905914121775,302.11905912991404,302.1190591190059,302.1190591091136,302.1190590996205,302.11905908967225
0.055284711557405525,302.10993187487895,302.1099318686097,302.1099318610038,302.1099318523908,302.1099318420263,302.10993182978643,302.1099318172305,302.10993180388994,302.10993178871655,302.10993177304215,302.10993175743664,302.1099317407834,302.1099317238066,302.10993170643906,302.10993168848654,302.1099316706156,302.10993165258975,302.1099316345821,302.1099316161673,302.1099315983447,302.1099315798431,302.1099315619913,302.10993154377576,302.1099315264768,302.10993150850607,302.1099314908904,302.1099314735133,302.10993145650707,302.1099314391214,302.1099314223693,302.10993140595895,302.10993138898317,302.10993137291,302.1099313575644,302.10993134127034,302.1099313259873,302.10993131109853,302.10993129606356,302.1099312827797,302.1099312690588,302.1099312555817,302.10993124327933,302.1099312301784,302.1099312185867,302.10993120778267,302.109931196792,302.1099311861859,302.1099311765743,302.1099311673503,302.1099311576728
0.055784711557405525,302.1009481506033,302.10094814443636,302.10094813696037,302.10094812849974,302.1009481183217,302.10094810630443,302.1009480939824,302.10094808089457,302.1009480660089,302.10094805063636,302.1009480353375,302.10094801901346,302.1009480023765,302.1009479853606,302.10094796777435,302.10094795027345,302.1009479326251,302.1009479149993,302.1009478969774,302.10094787954245,302.1009478614433,302.10094784398734,302.1009478261768,302.1009478092715,302.1009477917079,302.1009477744961,302.10094775752145,302.1009477409137,302.100947723934,302.1009477075791,302.1009476915615,302.1009476749879,302.100947659303,302.1009476443339,302.1009476284311,302.1009476135225,302.10094759900096,302.10094758433416,302.10094757138904,302.10094755801174,302.1009475448722,302.1009475328862,302.10094752011133,302.1009475088188,302.10094749829807,302.1009474875899,302.10094747725634,302.1009474678975,302.1009474589157,302.100947449483
0.056284711557405526,302.0921058204895,302.09210581442227,302.09210580707185,302.0921057987574,302.092105788758,302.09210577695325,302.09210576485384,302.09210575200564,302.092105737393,302.0921057223061,302.0921057072965,302.0921056912826,302.09210567496535,302.09210565827954,302.09210564103665,302.09210562388205,302.0921056065863,302.0921055893166,302.0921055716606,302.0921055545858,302.09210553686046,302.0921055197712,302.09210550233576,302.09210548579387,302.09210546860623,302.0921054517671,302.09210543516303,302.0921054189216,302.0921054023155,302.09210538632533,302.0921053706678,302.0921053544636,302.09210533913426,302.09210532450953,302.09210530896536,302.09210529439923,302.0921052802131,302.09210526588305,302.09210525324613,302.09210524018226,302.09210522735054,302.09210521565205,302.0921052031749,302.0921051921542,302.09210518189025,302.09210517143896,302.09210516135323,302.0921051522235,302.0921051434613,302.0921051342517
0.056784711557405526,302.08340213659875,302.0834021306287,302.0834021233999,302.0834021152263,302.0834021053983,302.0834020937975,302.0834020819108,302.08340206929097,302.08340205493846,302.0834020401231,302.0834020253877,302.0834020096675,302.0834019936525,302.08340197727836,302.0834019603593,302.0834019435305,302.083401926566,302.0834019096303,302.0834018923172,302.08340187557906,302.08340185820316,302.08340184145584,302.08340182437007,302.0834018081658,302.0834017913278,302.08340177483456,302.08340175857415,302.083401742672,302.0834017264118,302.08340171075884,302.08340169543385,302.08340167957124,302.08340166456986,302.08340165026203,302.083401635049,302.0834016207981,302.08340160692075,302.08340159290077,302.08340158054625,302.0834015677702,302.08340155522114,302.083401543786,302.0834015315824,302.0834015208104,302.0834015107812,302.08340150056506,302.08340149070614,302.0834014817857,302.0834014732241,302.08340146421915
0.05728471155740553,302.0748344305503,302.07483442467526,302.0748344175644,302.0748344095268,302.07483439986396,302.07483438845935,302.0748343767765,302.0748343643753,302.0748343502717,302.07483433571554,302.0748343212414,302.07483430580066,302.07483429007283,302.07483427399427,302.0748342573822,302.0748342408616,302.07483422421006,302.07483420758933,302.0748341905995,302.0748341741779,302.07483415713057,302.07483414070396,302.074834123946,302.0748341080574,302.0748340915467,302.0748340753765,302.07483405943674,302.07483404385073,302.0748340279131,302.07483401257383,302.07483399755796,302.0748339820133,302.0748339673165,302.0748339533024,302.074833938397,302.0748339244385,302.0748339108471,302.07483389711456,302.07483388502067,302.0748338725108,302.07483386022324,302.07483384903077,302.0748338370804,302.07483382653766,302.0748338167242,302.07483380672494,302.07483379707526,302.0748337883472,302.07483377997016,302.0748337711543
0.05778471155740553,302.0664001101393,302.06640010435706,302.0664000973607,302.0664000894549,302.0664000799516,302.06640006873624,302.0664000572496,302.06640004505846,302.0664000311938,302.06640001688623,302.0664000026617,302.06639998748824,302.06639997203433,302.0663999562375,302.0663999399177,302.0663999236901,302.06639990733566,302.0663998910136,302.06639987433005,302.06639985820755,302.0663998414709,302.0663998253468,302.06639980889804,302.06639979330646,302.0663997771036,302.06639976123705,302.06639974559846,302.0663997303087,302.0663997146737,302.0663996996282,302.06639968490157,302.0663996696545,302.06639965524244,302.06639964150236,302.0663996268847,302.06639961319894,302.06639959987416,302.06639958640994,302.0663995745582,302.0663995622961,302.0663995502519,302.0663995392847,302.06639952757024,302.06639951724014,302.06639950762667,302.0663994978287,302.06639948837335,302.0663994798234,302.0663994716173,302.0663994629772
0.05828471155740553,302.05809665613,302.0580966504384,302.05809664355377,302.05809663577566,302.05809662642696,302.0580966153948,302.0580966040975,302.05809659210854,302.05809657847414,302.0580965644056,302.0580965504208,302.05809653550364,302.0580965203123,302.0580965047851,302.0580964887448,302.058096472797,302.05809645672593,302.05809644068825,302.05809642429625,302.0580964084581,302.0580963920165,302.0580963761793,302.0580963600237,302.05809634471296,302.0580963288014,302.05809631322194,302.0580962978675,302.05809628285726,302.0580962675076,302.0580962527389,302.0580962382843,302.0580962233177,302.0580962091732,302.0580961956903,302.0580961813434,302.05809616791373,302.05809615483906,302.0580961416268,302.0580961300014,302.05809611797144,302.05809610615523,302.0580960953985,302.0580960839052,302.05809607377375,302.05809606434667,302.0580960547368,302.05809604546295,302.0580960370791,302.0580960290323,302.0580960205569
0.05878471155740553,302.0499216192154,302.0499216136127,302.04992160683685,302.0499215991829,302.04992158998425,302.0499215791296,302.0499215680155,302.0499215562221,302.0499215428102,302.0499215289723,302.04992151521833,302.04992150054795,302.04992148560893,302.04992147034073,302.04992145456873,302.0499214388891,302.0499214230895,302.04992140732384,302.04992139121066,302.04992137564375,302.0499213594839,302.0499213439201,302.0499213280436,302.04992131299986,302.04992129736536,302.04992128205845,302.0499212669738,302.0499212522285,302.04992123714953,302.0499212226428,302.0499212084457,302.0499211937447,302.04992117985324,302.0499211666131,302.04992115252224,302.0499211393344,302.0499211264958,302.04992111352135,302.0499211021089,302.04992109029763,302.04992107869634,302.04992106813745,302.04992105685267,302.0499210469079,302.04992103765574,302.0499210282226,302.0499210191194,302.04992101089135,302.04992100299404,302.04992099467347
0.05928471155740553,302.0418726171329,302.04187261161724,302.04187260494757,302.04187259741445,302.0418725883616,302.0418725776796,302.04187256674334,302.0418725551392,302.0418725419428,302.04187252832804,302.0418725147971,302.0418725003649,302.0418724856694,302.04187247065084,302.0418724551372,302.0418724397157,302.04187242417686,302.0418724086726,302.0418723928269,302.04187237752,302.0418723616301,302.04187234632786,302.0418723307185,302.0418723159297,302.0418723005598,302.041872285513,302.0418722706856,302.04187225619273,302.04187224137166,302.0418722271143,302.0418722131621,302.0418721987138,302.0418721850628,302.04187217205305,302.04187215820576,302.04187214524734,302.0418721326327,302.04187211988403,302.04187210867303,302.04187209706896,302.04187208567123,302.04187207529935,302.0418720642122,302.04187205444384,302.04187204535674,302.0418720360908,302.0418720271489,302.0418720190678,302.04187201131157,302.04187200313777
0.05978471155740553,302.03394733192755,302.033947326497,302.03394731993114,302.033947312516,302.03394730360526,302.03394729309116,302.0339472823276,302.03394727090733,302.03394725792003,302.0339472445217,302.03394723120675,302.0339472170052,302.0339472025452,302.033947187768,302.0339471725041,302.0339471573315,302.03394714204427,302.03394712679176,302.0339471112038,302.033947096147,302.03394708051684,302.03394706546584,302.03394705011294,302.0339470355686,302.03394702045256,302.03394700565514,302.03394699107395,302.0339469768226,302.03394696224836,302.0339469482294,302.0339469345111,302.0339469203045,302.033946906883,302.03394689409305,302.0339468804783,302.03394686773873,302.03394685533755,302.03394684280426,302.03394683178476,302.03394682037805,302.0339468091741,302.0339467989799,302.03394678808115,302.03394677848024,302.0339467695498,302.03394676044275,302.03394675165407,302.0339467437125,302.03394673609006,302.03394672805575
0.06028471155740553,302.0261435073545,302.02614350200747,302.02614349554307,302.02614348824295,302.0261434794709,302.02614346912054,302.02614345852515,302.02614344728374,302.02614343449983,302.02614342131193,302.02614340820656,302.0261433942289,302.0261433799973,302.0261433654539,302.0261433504319,302.02614333550036,302.02614332045647,302.02614330544725,302.0261432901082,302.0261432752929,302.0261432599133,302.02614324510444,302.0261432299988,302.0261432156897,302.02614320081796,302.0261431862603,302.0261431719159,302.02614315789657,302.0261431435595,302.0261431297694,302.02614311627553,302.026143102301,302.0261430890995,302.0261430765199,302.02614306312825,302.0261430505983,302.02614303840153,302.0261430260745,302.026143015238,302.02614300402,302.02614299300143,302.0261429829769,302.0261429722583,302.02614296281746,302.02614295403635,302.0261429450809,302.02614293643865,302.02614292863,302.02614292113515,302.02614291323425
0.06078471155740553,302.0184589464131,302.01845894114797,302.01845893478287,302.01845892759536,302.0184589189586,302.01845890876814,302.0184588983367,302.01845888726956,302.0184588746839,302.0184588617007,302.01845884879936,302.0184588350393,302.01845882102975,302.0184588067134,302.01845879192626,302.01845877722855,302.01845876242066,302.0184587476473,302.01845873254956,302.0184587179677,302.0184587028307,302.0184586882559,302.0184586733893,302.01845865930727,302.01845864467157,302.0184586303454,302.01845861622945,302.01845860243367,302.0184585883253,302.01845857475564,302.0184585614778,302.01845854772677,302.01845853473696,302.01845852235977,302.0184585091829,302.0184584968545,302.01845848485414,302.01845847272557,302.0184584620646,302.01845845102775,302.01845844018726,302.0184584303255,302.0184584197799,302.0184584104924,302.01845840185433,302.0184583930444,302.01845838454244,302.0184583768612,302.0184583694885,302.01845836171566
0.06128471155740553,302.01089150900503,302.01089150382023,302.0108914975525,302.010891490475,302.01089148197053,302.0108914719363,302.010891461665,302.0108914507679,302.01089143837567,302.01089142559226,302.0108914128896,302.01089139934163,302.0108913855482,302.0108913714529,302.0108913568942,302.0108913424239,302.01089132784534,302.01089131330104,302.01089129843746,302.0108912840823,302.01089126918055,302.01089125483287,302.0108912401979,302.0108912263358,302.01089121192865,302.0108911978265,302.01089118393145,302.010891170352,302.0108911564647,302.01089114310815,302.01089113003906,302.010891116504,302.01089110371873,302.0108910915367,302.0108910785673,302.0108910664334,302.0108910546225,302.0108910426854,302.01089103219334,302.01089102133125,302.01089101066236,302.0108910009572,302.0108909905785,302.01089098143865,302.0108909729381,302.0108909642681,302.0108909559013,302.01089094834236,302.0108909410872,302.0108909334378
0.06178471155740553,302.00343910970935,302.00343910460344,302.0034390984311,302.00343909146125,302.00343908308633,302.003439073205,302.00343906309024,302.0034390523592,302.00343904015597,302.0034390275676,302.0034390150589,302.0034390017179,302.00343898813514,302.00343897425546,302.00343895991944,302.00343894567067,302.0034389313154,302.003438916994,302.0034389023585,302.0034388882236,302.00343887355075,302.0034388594236,302.00343884501376,302.0034388313651,302.00343881717987,302.00343880329507,302.00343878961445,302.00343877624465,302.0034387625718,302.0034387494218,302.0034387365548,302.0034387232292,302.00343871064194,302.0034386986488,302.00343868588027,302.0034386739347,302.0034386623071,302.0034386505552,302.0034386402265,302.0034386295334,302.0034386190304,302.0034386094764,302.0034385992592,302.0034385902618,302.003438581894,302.00343857335923,302.0034385651229,302.00343855768216,302.0034385505403,302.0034385430101
0.06228471155740553,301.9960997156687,301.99609971064024,301.9960997045614,301.9960996976972,301.9960996894491,301.9960996797175,301.99609966975584,301.9960996591874,301.996099647169,301.9960996347714,301.9960996224521,301.9960996093132,301.9960995959364,301.9960995822671,301.9960995681485,301.99609955411586,301.9960995399784,301.9960995258744,301.996099511461,301.99609949754097,301.99609948309103,301.99609946917866,301.996099454988,301.996099441547,301.9960994275777,301.9960994139043,301.9960994004322,301.99609938726616,301.9960993738018,301.9960993608524,301.9960993481818,301.99609933505957,301.9960993226646,301.99609931085473,301.99609929828125,301.99609928651836,301.99609927506873,301.99609926349666,301.9960992533261,301.99609924279684,301.99609923245475,301.9960992230473,301.99609921298656,301.9960992041273,301.99609919588795,301.9960991874841,301.99609917937426,301.9960991720477,301.9960991650156,301.99609915760095
0.06278471155740553,301.98887134458005,301.98887133962756,301.98887133364053,301.9888713268798,301.9888713187561,301.98887130917103,301.9888712993595,301.9888712889501,301.9888712771127,301.9888712649017,301.9888712527679,301.9888712398268,301.9888712266512,301.9888712131876,301.9888711992815,301.9888711854601,301.9888711715354,301.98887115764364,301.98887114344734,301.9888711297367,301.9888711155044,301.9888711018016,301.9888710878246,301.9888710745861,301.9888710608273,301.98887104736,301.98887103409083,301.9888710211234,301.98887100786214,301.98887099510796,301.98887098262855,301.98887096970435,301.9888709574965,301.9888709458649,301.98887093348134,301.9888709218961,301.9888709106194,301.98887089922226,301.98887088920554,301.9888708788353,301.98887086864966,301.9888708593845,301.98887084947603,301.9888708407508,301.98887083263617,301.98887082435954,301.9888708163724,301.9888708091569,301.9888708022313,301.9888707949289
0.06328471155740553,301.9817520627838,301.98175205790596,301.98175205200897,301.9817520453498,301.981752037348,301.9817520279068,301.98175201824233,301.98175200798886,301.98175199632874,301.9817519843006,301.9817519723483,301.9817519596009,301.9817519466224,301.98175193336016,301.981751919662,301.9817519060471,301.9817518923305,301.9817518786464,301.9817518646622,301.98175185115645,301.9817518371368,301.9817518236386,301.9817518098704,301.9817517968296,301.9817517832763,301.98175177001013,301.9817517569393,301.9817517441654,301.9817517311023,301.98175171853865,301.98175170624563,301.9817516935146,301.98175168148913,301.9817516700314,301.981751657833,301.9817516464209,301.98175163531283,301.9817516240861,301.98175161421904,301.9817516040039,301.9817515939706,301.98175158484395,301.98175157508376,301.9817515664889,301.9817515584956,301.9817515503429,301.9817515424753,301.98175153536766,301.98175152854566,301.98175152135263
0.06378471155740553,301.9747399834471,301.97473997864256,301.974739972834,301.97473996627457,301.9747399583924,301.9747399490923,301.97473993957203,301.9747399294715,301.9747399179853,301.9747399061364,301.9747398943621,301.97473988180434,301.974739869019,301.974739855954,301.9747398424595,301.974739829047,301.9747398155342,301.97473980205325,301.9747397882767,301.97473977497134,301.97473976115975,301.9747397478618,301.9747397342978,301.97473972145025,301.97473970809796,301.97473969502846,301.97473968215127,301.9747396695667,301.9747396566972,301.9747396443197,301.9747396322088,301.9747396196665,301.9747396078192,301.97473959653104,301.97473958451354,301.97473957327054,301.97473956232704,301.9747395512667,301.97473954154566,301.9747395314819,301.97473952159726,301.97473951260565,301.97473950299025,301.97473949452274,301.97473948664765,301.9747394786157,301.9747394708646,301.9747394638622,301.9747394571412,301.97473945005487
0.06428471155740553,301.9678332648352,301.9678332601027,301.96783325438105,301.9678332479194,301.9678332401546,301.96783323099305,301.96783322161434,301.9678332116639,301.9678332003483,301.9678331886753,301.9678331770755,301.9678331647039,301.96783315210786,301.96783313923623,301.96783312594147,301.96783311272725,301.9678330994142,301.9678330861324,301.9678330725593,301.9678330594502,301.9678330458425,301.96783303274054,301.9678330193766,301.9678330067183,301.96783299356275,301.9678329806857,301.9678329679981,301.9678329555987,301.9678329429187,301.96783293072326,301.9678329187905,301.9678329064328,301.9678328947598,301.9678328836375,301.9678328717969,301.9678328607192,301.9678328499366,301.96783283903903,301.96783282946063,301.9678328195448,301.9678328098055,301.96783280094587,301.9678327914719,301.96783278312876,301.9678327753692,301.9678327674552,301.96783275981807,301.9678327529184,301.96783274629604,301.96783273931396
0.06478471155740553,301.96103010866614,301.9610301040045,301.96103009836816,301.9610300920026,301.9610300843533,301.96103007532776,301.961030066088,301.9610300562848,301.96103004513674,301.96103003363635,301.9610300222078,301.9610300100189,301.9610299976087,301.96102998492677,301.9610299718279,301.9610299588083,301.96102994569105,301.96102993260456,301.961029919231,301.9610299063144,301.96102989290654,301.9610298799968,301.96102986682894,301.961029854356,301.96102984139327,301.9610298287049,301.96102981620305,301.96102980398507,301.96102979149066,301.9610297794736,301.96102976771533,301.96102975553845,301.961029744036,301.96102973307615,301.9610297214088,301.961029710493,301.9610296998679,301.9610296891296,301.96102967969085,301.96102966991975,301.9610296603227,301.9610296515923,301.9610296422568,301.96102963403524,301.9610296263887,301.96102961859015,301.9610296110644,301.96102960426526,301.9610295977394,301.9610295908593
0.06528471155740553,301.9543287585453,301.9543287539533,301.9543287484007,301.95432874212963,301.9543287345936,301.95432872570166,301.95432871659847,301.95432870694003,301.9543286959564,301.9543286846255,301.95432867336524,301.95432866135565,301.9543286491279,301.9543286366323,301.95432862372576,301.9543286108971,301.9543285979721,301.9543285850773,301.95432857189957,301.9543285591718,301.9543285459601,301.9543285332389,301.9543285202633,301.95432850797226,301.95432849519864,301.9543284826953,301.95432847037563,301.9543284583355,301.95432844602317,301.95432843418104,301.9543284225937,301.9543284105942,301.954328399259,301.95432838845835,301.9543283769608,301.95432836620364,301.9543283557329,301.9543283451508,301.95432833584886,301.95432832621964,301.9543283167619,301.954328308158,301.9543282989582,301.95432829085587,301.9543282833199,301.9543282756345,301.954328268218,301.9543282615172,301.9543282550859,301.95432824830584
0.06578471155740553,301.94772749847345,301.9477274939498,301.9477274884797,301.9477274823015,301.94772747487684,301.9477274661162,301.94772745714715,301.9477274476308,301.9477274368089,301.94772742564464,301.94772741454955,301.94772740271617,301.9477273906676,301.94772737835495,301.9477273656374,301.9477273529963,301.94772734026014,301.94772732755354,301.94772731456806,301.9477273020258,301.9477272890066,301.94772727647046,301.9477272636838,301.9477272515713,301.94772723898336,301.9477272266615,301.9477272145207,301.9477272026552,301.94772719052145,301.9477271788509,301.9477271674314,301.9477271556059,301.9477271444348,301.94772713379035,301.94772712245947,301.94772711185794,301.9477271015387,301.94772709110975,301.94772708194193,301.9477270724519,301.94772706313086,301.94772705465107,301.9477270455843,301.94772703759884,301.94772703017145,301.94772702259695,301.94772701528746,301.9477270086832,301.9477270023445,301.94772699566244
0.06628471155740553,301.941224651427,301.9412246469707,301.9412246415816,301.9412246354946,301.9412246281795,301.9412246195479,301.9412246107107,301.9412246013341,301.9412245906711,301.9412245796705,301.9412245687379,301.9412245570776,301.94122454520516,301.9412245330724,301.94122452054046,301.9412245080837,301.9412244955331,301.9412244830114,301.94122447021493,301.9412244578548,301.9412244450248,301.94122443267054,301.9412244200693,301.94122440813214,301.9412243957265,301.9412243835831,301.9412243716178,301.9412243599238,301.94122434796554,301.94122433646356,301.9412243252089,301.9412243135543,301.9412243025443,301.94122429205316,301.94122428088593,301.94122427043715,301.9412242602666,301.94122424998807,301.941224240952,301.94122423159854,301.9412242224118,301.9412242140537,301.9412242051177,301.94122419724675,301.941224189926,301.94122418246036,301.94122417525585,301.94122416874643,301.94122416249866,301.9412241559128
0.06678471155740553,301.93481857800424,301.93481857361405,301.93481856830465,301.93481856230744,301.9348185551,301.9348185465953,301.93481853788785,301.9348185286486,301.93481851814175,301.93481850730217,301.93481849652915,301.93481848503916,301.9348184733398,301.9348184613839,301.9348184490344,301.93481843675886,301.93481842439064,301.93481841205073,301.93481839943996,301.93481838725893,301.93481837461485,301.93481836243933,301.9348183500204,301.9348183382556,301.9348183260293,301.93481831406115,301.93481830226847,301.9348182907429,301.9348182789571,301.9348182676207,301.93481825652793,301.93481824504124,301.9348182341896,301.93481822384916,301.93481821284263,301.9348182025441,301.9348181925196,301.9348181823888,301.93481817348214,301.9348181642629,301.93481815520795,301.93481814696946,301.93481813816186,301.93481813040364,301.9348181231875,301.9348181158287,301.9348181087275,301.93481810231106,301.9348180961526,301.9348180896613
0.06728471155740554,301.92850767513545,301.9285076708103,301.92850766557933,301.92850765967023,301.92850765256867,301.92850764418887,301.92850763560887,301.9285076265047,301.9285076161516,301.92850760547026,301.9285075948543,301.92850758353165,301.9285075720027,301.9285075602205,301.9285075480506,301.92850753595314,301.9285075237643,301.92850751160324,301.92850749917505,301.9285074871701,301.92850747470885,301.92850746270915,301.9285074504695,301.92850743887414,301.92850742682407,301.92850741502826,301.9285074034052,301.9285073920454,301.9285073804291,301.9285073692555,301.928507358322,301.92850734700033,301.92850733630434,301.928507326112,301.9285073152635,301.9285073051126,301.9285072952317,301.92850728524627,301.92850727646675,301.92850726737936,301.9285072584541,301.92850725033327,301.9285072416518,301.9285072340043,301.92850722689093,301.9285072196373,301.92850721263756,301.92850720631253,301.9285072002419,301.9285071938435
0.06778471155740554,301.92229037485265,301.92229037059155,301.92229036543756,301.9222903596153,301.9222903526179,301.9222903443609,301.9222903359063,301.92229032693507,301.9222903167331,301.92229030620746,301.92229029574594,301.9222902845881,301.92229027322657,301.92229026161544,301.92229024962205,301.9222902377,301.92229022568756,301.92229021370224,301.9222902014538,301.922290189622,301.92229017734064,301.9222901655138,301.92229015345055,301.9222901420219,301.92229013014514,301.92229011851884,301.9222901070628,301.92229009586583,301.9222900844162,301.9222900734029,301.9222900626259,301.9222900514667,301.9222900409238,301.9222900308771,301.92229002018416,301.92229001017836,301.9222900004387,301.92228999059614,301.9222899819417,301.9222899729841,301.92228996418623,301.9222899561811,301.92228994762377,301.92228994008514,301.9222899330729,301.92228992592266,301.92228991902266,301.9222899127876,301.92228990680326,301.92228990049625
0.06828471155740554,301.916165143117,301.91616513891876,301.91616513384065,301.9161651281038,301.91616512120885,301.91616511307257,301.9161651047415,301.916165095901,301.9161650858477,301.91616507547525,301.9161650651658,301.9161650541699,301.91616504297326,301.91616503153045,301.9161650197108,301.9161650079611,301.9161649961223,301.91616498431006,301.91616497223833,301.916164960577,301.9161649484726,301.91616493681596,301.9161649249262,301.9161649136615,301.91616490195537,301.9161648904959,301.916164879204,301.91616486816747,301.9161648568819,301.91616484602616,301.9161648354033,301.9161648244038,301.91616481401167,301.91616480410823,301.9161647935682,301.91616478370526,301.91616477410463,301.9161647644026,301.91616475587125,301.91616474704136,301.91616473836893,301.91616473047753,301.91616472204225,301.9161647146109,301.91616470769816,301.9161647006497,301.9161646938478,301.91616468770115,301.9161646818018,301.9161646755847
0.06878471155740554,301.91013047869893,301.9101304745626,301.91013046955914,301.9101304639063,301.91013045711213,301.9101304490947,301.91013044088504,301.9101304321733,301.91013042226626,301.91013041204457,301.9101304018847,301.9101303910483,301.9101303800138,301.91013036873665,301.91013035708795,301.91013034550804,301.91013033384013,301.91013032219814,301.9101303103004,301.9101302988069,301.91013028687667,301.9101302753874,301.9101302636684,301.91013025256524,301.910130241027,301.9101302297317,301.9101302186014,301.9101302077228,301.9101301965987,301.910130185898,301.91013017542684,301.9101301645846,301.91013015434066,301.91013014457843,301.910130134189,301.91013012446666,301.91013011500274,301.9101301054391,301.9101300970289,301.9101300883247,301.9101300797757,301.9101300719964,301.9101300636813,301.9101300563554,301.9101300495406,301.9101300425922,301.91013003588694,301.9101300298275,301.91013002401166,301.91013001788315
0.06928471155740554,301.9041849121103,301.90418490803495,301.9041849031048,301.90418489753466,301.9041848908397,301.9041848829393,301.9041848748492,301.904184866264,301.90418485650105,301.90418484642777,301.9041848364151,301.9041848257356,301.9041848148608,301.90418480374666,301.9041847922662,301.9041847808534,301.9041847693537,301.90418475787936,301.90418474615285,301.9041847348246,301.9041847230658,301.90418471174144,301.90418470019057,301.9041846892463,301.90418467787333,301.9041846667397,301.90418465576863,301.90418464504523,301.90418463408025,301.90418462353233,301.9041846132104,301.904184602523,301.9041845924251,301.90418458280175,301.90418457256055,301.90418456297664,301.9041845536475,301.9041845442201,301.9041845359292,301.90418452734866,301.9041845189212,301.90418451125214,301.90418450305543,301.90418449583336,301.904184489115,301.9041844822652,301.9041844756551,301.90418446968135,301.90418446394796,301.90418445790647
0.06978471155740554,301.8983270045843,301.8983270005689,301.89832699571105,301.8983269902222,301.8983269836249,301.89832697583967,301.8983269678671,301.89832695940663,301.8983269497854,301.8983269398582,301.89832692999045,301.8983269194655,301.8983269087479,301.8983268977942,301.89832688647954,301.89832687523113,301.89832686389707,301.89832685258784,301.8983268410299,301.89832682986423,301.8983268182743,301.89832680711226,301.8983267957269,301.89832678493923,301.8983267737291,301.8983267627545,301.8983267519402,301.89832674136994,301.8983267305614,301.8983267201638,301.8983267099891,301.89832669945406,301.8983266895,301.8983266800135,301.8983266699182,301.8983266604706,301.89832665127415,301.8983266419809,301.89832663380747,301.89832662534883,301.89832661704105,301.89832660948065,301.89832660140047,301.89832659428066,301.8983265876573,301.8983265809046,301.8983265743882,301.89832656849893,301.8983265628466,301.89832655689094
0.07028471155740554,301.89255534710134,301.89255534314486,301.8925553383581,301.8925553329493,301.89255532644813,301.8925553187762,301.89255531091953,301.89255530258174,301.89255529310014,301.89255528331665,301.8925552735916,301.89255526321887,301.892555252656,301.89255524186035,301.89255523070875,301.8925552196224,301.8925552084513,301.8925551973046,301.8925551859128,301.8925551749073,301.8925551634836,301.8925551524814,301.8925551412591,301.89255513062557,301.8925551195757,301.89255510875796,301.89255509809794,301.8925550876784,301.8925550770241,301.8925550667747,301.89255505674475,301.89255504636,301.8925550365475,301.8925550271957,301.89255501724426,301.89255500793104,301.89255499886514,301.892554989704,301.89255498164636,301.89255497330777,301.89255496511794,301.8925549576645,301.8925549496991,301.89255494268014,301.8925549361504,301.89255492949326,301.89255492306916,301.8925549172631,301.8925549116907,301.8925549058195
0.07078471155740554,301.8868685594582,301.88686855555983,301.88686855084296,301.88686854551304,301.8868685391065,301.8868685315461,301.8868685238034,301.88686851558646,301.8868685062422,301.8868684966004,301.8868684870159,301.88686847679287,301.88686846638234,301.88686845574233,301.8868684447514,301.8868684338246,301.88686842281413,301.8868684118275,301.88686840059927,301.8868683897514,301.88686837849156,301.88686836764674,301.88686835658507,301.88686834610337,301.8868683352114,301.8868683245481,301.88686831404016,301.8868683037691,301.8868682932667,301.8868682831632,301.88686827327604,301.8868682630391,301.8868682533662,301.88686824414725,301.8868682343374,301.88686822515643,301.8868682162193,301.88686820718834,301.88686819924476,301.8868681910244,301.88686818295076,301.8868681756028,301.8868681677505,301.8868681608308,301.88686815439326,301.88686814783034,301.8868681414972,301.88686813577317,301.8868681302795,301.8868681244915
0.07128471155740554,301.8812652893788,301.88126528553755,301.8812652808896,301.88126527563725,301.8812652693238,301.8812652618733,301.88126525424286,301.88126524614484,301.88126523693586,301.88126522743346,301.8812652179873,301.88126520791184,301.88126519765143,301.8812651871646,301.8812651763319,301.88126516556224,301.8812651547099,301.88126514388097,301.88126513281384,301.88126512212136,301.88126511102274,301.8812651003331,301.88126508942963,301.8812650790975,301.8812650683611,301.88126505784993,301.8812650474918,301.88126503736703,301.88126502701436,301.8812650170546,301.881265007308,301.8812649972168,301.88126498768133,301.88126497859326,301.881264968923,301.8812649598724,301.88126495106206,301.8812649421595,301.8812649343282,301.88126492622445,301.88126491826523,301.8812649110212,301.88126490328034,301.88126489645845,301.8812648901118,301.8812648836418,301.8812648773983,301.88126487175504,301.8812648663389,301.88126486063305
0.07178471155740554,301.8757442116633,301.87574420787826,301.87574420329804,301.87574419812216,301.8757441919005,301.87574418455796,301.8757441770381,301.87574416905727,301.8757441599815,301.8757441506164,301.8757441413064,301.87574413137634,301.87574412126366,301.8757441109278,301.875744100251,301.875744089636,301.87574407893953,301.87574406826593,301.87574405735745,301.875744046818,301.8757440358783,301.8757440253415,301.87574401459386,301.87574400440917,301.875743993826,301.8757439834647,301.8757439732542,301.87574396327364,301.8757439530683,301.8757439432503,301.8757439336423,301.8757439236947,301.87574391429473,301.8757439053355,301.87574389580277,301.8757438868806,301.8757438781953,301.8757438694191,301.87574386169865,301.8757438537097,301.8757438458633,301.87574383872175,301.87574383109063,301.8757438243652,301.87574381810816,301.87574381172965,301.8757438055744,301.87574380001087,301.87574379467117,301.8757437890462
0.07228471155740554,301.8703040273747,301.870304023645,301.8703040191316,301.87030401403086,301.87030400789945,301.8703040006635,301.8703039932524,301.8703039853869,301.8703039764423,301.8703039672125,301.87030395803674,301.87030394824967,301.87030393828263,301.8703039280955,301.87030391757213,301.8703039071096,301.87030389656655,301.870303886046,301.8703038752938,301.87030386490517,301.8703038541221,301.8703038437358,301.87030383314175,301.8703038231023,301.87030381267016,301.8703038024566,301.8703037923915,301.8703037825529,301.870303772493,301.8703037628146,301.8703037533431,301.8703037435371,301.8703037342706,301.8703037254385,301.87030371604124,301.87030370724574,301.8703036986836,301.87030369003196,301.8703036824207,301.8703036745449,301.8703036668097,301.87030365976904,301.8703036522462,301.8703036456158,301.8703036394471,301.87030363315876,301.8703036270906,301.8703036216056,301.8703036163413,301.87030361079604
0.07278471155740554,301.8649434630605,301.86494345938524,301.86494345493753,301.86494344991087,301.86494344386836,301.86494343673724,301.86494342943337,301.8649434216815,301.8649434128661,301.8649434037695,301.8649433947259,301.86494338507975,301.86494337525613,301.8649433652154,301.86494335484326,301.8649433445309,301.8649433341391,301.86494332376924,301.8649433131712,301.8649433029311,301.86494329230226,301.86494328206436,301.8649432716216,301.8649432617253,301.8649432514419,301.8649432413739,301.8649432314521,301.8649432217536,301.8649432118368,301.86494320229605,301.86494319295906,301.86494318329255,301.8649431741576,301.86494316545077,301.8649431561871,301.8649431475163,301.86494313907565,301.8649431305468,301.8649431230432,301.86494311527895,301.8649431076534,301.86494310071225,301.86494309329606,301.8649430867594,301.8649430806777,301.86494307447833,301.864943068496,301.8649430630884,301.86494305789836,301.86494305243167
0.07328471155740554,301.85966127000745,301.8596612663858,301.85966126200276,301.859661257049,301.85966125109405,301.8596612440662,301.85966123686785,301.859661229228,301.85966122053986,301.8596612115743,301.85966120266096,301.85966119315367,301.8596611834713,301.85966117357486,301.85966116335175,301.8596611531873,301.8596611429445,301.8596611327232,301.85966112227675,301.8596611121832,301.85966110170625,301.8596610916145,301.8596610813209,301.85966107156554,301.8596610614289,301.8596610515043,301.8596610417238,301.8596610321632,301.8596610223876,301.85966101298243,301.8596610037781,301.85966099424905,301.8596609852439,301.8596609766605,301.8596609675284,301.85966095898067,301.85966095065965,301.8596609422518,301.8596609348543,301.85966092720014,301.85966091968254,301.8596609128395,301.8596609055285,301.8596608990842,301.85966089308835,301.8596608869766,301.8596608810789,301.8596608757476,301.8596608706308,301.8596608652416
0.07378471155740554,301.85445622352796,301.85445621995916,301.85445621563974,301.85445621075786,301.8544562048891,301.854456197963,301.85445619086863,301.85445618333887,301.85445617477615,301.8544561659398,301.8544561571547,301.8544561477842,301.85445613824106,301.8544561284867,301.85445611841027,301.8544561083917,301.8544560982956,301.8544560882206,301.85445607792377,301.8544560679744,301.8544560576473,301.8544560476996,301.85445603755295,301.85445602793664,301.85445601794447,301.85445600816126,301.85445599852005,301.85445598909536,301.85445597945886,301.85445597018736,301.8544559611138,301.8544559517202,301.85445594284283,301.8544559343812,301.85445592537883,301.85445591695236,301.85445590874934,301.85445590046083,301.8544558931679,301.8544558856221,301.85445587821107,301.8544558714648,301.8544558642574,301.85445585790416,301.85445585199295,301.85445584596766,301.8544558401534,301.8544558348973,301.8544558298528,301.85445582453985
0.07428471155740554,301.84932712227686,301.84932711875996,301.84932711450335,301.8493271096922,301.8493271039083,301.8493270970823,301.84932709009036,301.8493270826692,301.8493270742299,301.8493270655208,301.84932705686214,301.8493270476264,301.8493270382203,301.84932702860596,301.84932701867416,301.8493270087991,301.84932699884774,301.8493269889169,301.84932697876746,301.8493269689602,301.84932695878075,301.84932694897503,301.8493269389731,301.8493269294938,301.8493269196441,301.8493269100003,301.84932690049624,301.8493268912056,301.8493268817062,301.84932687256645,301.84932686362174,301.8493268543617,301.8493268456104,301.8493268372687,301.8493268283943,301.84932682008736,301.8493268120006,301.8493268038297,301.84932679663984,301.849326789201,301.84932678189494,301.849326775244,301.8493267681388,301.8493267618754,301.8493267560476,301.84932675010754,301.8493267443754,301.8493267391936,301.8493267342203,301.8493267289826
0.07478471155740554,301.84427278759586,301.84427278413017,301.8442727799353,301.84427277519376,301.84427276949356,301.8442727627662,301.8442727558751,301.8442727485609,301.84427274024324,301.84427273165954,301.8442727231253,301.8442727140223,301.8442727047513,301.844272695275,301.84427268548563,301.84427267575205,301.8442726659432,301.84427265615454,301.84427264615016,301.8442726364831,301.844272626449,301.84427261678326,301.84427260692405,301.8442725975798,301.8442725878705,301.8442725783639,301.84427256899517,301.84427255983667,301.8442725504724,301.8442725414626,301.8442725326449,301.84427252351645,301.8442725148894,301.8442725066659,301.8442724979176,301.8442724897285,301.84427248175643,301.8442724737015,301.84427246661335,301.8442724592798,301.8442724520773,301.84427244552035,301.8442724385159,301.84427243234103,301.8442724265956,301.84427242073946,301.8442724150884,301.8442724099798,301.8442724050767,301.8442723999132
0.07528471155740554,301.83929206288605,301.8392920594707,301.8392920553366,301.8392920506637,301.8392920450459,301.83929203841564,301.8392920316239,301.83929202441504,301.8392920162172,301.839292007757,301.83929199934545,301.83929199037317,301.8392919812353,301.8392919718949,301.83929196224597,301.8392919526518,301.8392919429834,301.8392919333347,301.8392919234734,301.8392919139444,301.83929190405377,301.8392918945259,301.8392918848073,301.83929187559613,301.8392918660252,301.83929185665403,301.83929184741856,301.8392918383903,301.83929182915927,301.8392918202774,301.839291811585,301.83929180258633,301.83929179408176,301.8392917859749,301.8392917773508,301.8392917692779,301.83929176141885,301.8392917534782,301.83929174649035,301.8392917392608,301.8392917321602,301.83929172569606,301.83929171879083,301.83929171270336,301.83929170703897,301.8392917012658,301.83929169569467,301.8392916906581,301.83929168582426,301.83929168073394
0.07578471155740554,301.834383813005,301.83438380963923,301.83438380556515,301.8343838009597,301.83438379542304,301.8343837888885,301.83438378219466,301.8343837750896,301.8343837670097,301.8343837586712,301.8343837503805,301.8343837415371,301.8343837325303,301.83438372332387,301.83438371381317,301.8343837043565,301.83438369482644,301.83438368531574,301.8343836755955,301.8343836662026,301.83438365645316,301.83438364706114,301.83438363748127,301.83438362840127,301.8343836189666,301.83438360972895,301.83438360062485,301.834383591725,301.83438358262526,301.8343835738697,301.8343835653007,301.83438355642994,301.83438354804605,301.8343835400542,301.83438353155265,301.8343835235942,301.83438351584664,301.8343835080187,301.83438350112965,301.8343834940025,301.8343834870026,301.8343834806298,301.8343834738225,301.8343834678211,301.83438346223676,301.8343834565452,301.834383451053,301.83438344608754,301.834383441322,301.83438343630377
0.07628471155740554,301.8295469236891,301.82954692037225,301.829546916357,301.8295469118182,301.82954690636143,301.8295468999211,301.8295468933237,301.8295468863209,301.8295468783573,301.82954687013876,301.82954686196706,301.82954685325063,301.829546844373,301.8295468352986,301.8295468259242,301.82954681660294,301.8295468072092,301.82954679783455,301.82954678825325,301.8295467789944,301.8295467693842,301.82954676012616,301.8295467506829,301.8295467417322,301.82954673243205,301.82954672332585,301.8295467143513,301.829546705578,301.82954669660774,301.8295466879766,301.82954667952924,301.8295466707846,301.82954666251976,301.82954665464126,301.82954664626044,301.82954663841497,301.82954663077726,301.8295466230603,301.82954661626883,301.82954660924264,301.8295466023419,301.8295465960593,301.8295465893486,301.829546583432,301.8295465779266,301.82954657231556,301.82954656690106,301.82954656200576,301.8295465573076,301.8295465523604
0.07678471155740554,301.8247803009988,301.82478029773006,301.82478029377285,301.8247802892996,301.82478028392154,301.8247802775741,301.8247802710717,301.8247802641696,301.82478025632054,301.82478024822007,301.82478024016575,301.8247802315744,301.8247802228241,301.82478021387965,301.82478020463964,301.82478019545175,301.82478018619247,301.82478017695183,301.82478016750736,301.8247801583808,301.8247801489078,301.8247801397818,301.8247801304732,301.82478012165,301.82478011248224,301.82478010350576,301.82478009465893,301.8247800860104,301.82478007716765,301.82478006865915,301.8247800603319,301.8247800517115,301.82478004356403,301.8247800357973,301.82478002753555,301.8247800198013,301.82478001227196,301.8247800046646,301.82477999796913,301.8247799910426,301.8247799842397,301.8247799780459,301.8247799714304,301.82477996559754,301.82477996016985,301.82477995463825,301.82477994930036,301.82477994447424,301.8247799398425,301.8247799349654
0.07728471155740554,301.82008287078537,301.820082867564,301.82008286366414,301.8200828592554,301.8200828539549,301.8200828476989,301.82008284129006,301.82008283448727,301.82008282675105,301.82008281876693,301.8200828108281,301.82008280236005,301.8200827937352,301.82008278491895,301.8200827758112,301.8200827667549,301.82008275762803,301.82008274851944,301.82008273921,301.8200827302137,301.8200827208759,301.82008271188005,301.8200827027042,301.8200826940066,301.8200826849695,301.82008267612076,301.82008266739984,301.8200826588743,301.82008265015736,301.8200826417698,301.8200826335608,301.8200826250629,301.8200826170311,301.82008260937454,301.8200826012302,301.8200825936058,301.82008258618316,301.8200825786838,301.82008257208315,301.8200825652548,301.8200825585483,301.82008255244216,301.8200825459204,301.8200825401701,301.82008253481916,301.8200825293659,301.82008252410355,301.82008251934565,301.8200825147793,301.8200825099714
0.07778471155740554,301.81545357817964,301.815453575005,301.8154535711614,301.81545356681625,301.81545356159216,301.8154535554263,301.81545354910963,301.81545354240455,301.8154535347795,301.8154535269102,301.81545351908517,301.81545351073856,301.81545350223735,301.8154534935474,301.81545348457007,301.8154534756433,301.815453466647,301.8154534576686,301.8154534484922,301.8154534396242,301.8154534304197,301.81545342155215,301.81545341250717,301.8154534039334,301.8154533950251,301.8154533863023,301.8154533777054,301.81545336930105,301.8154533607082,301.8154533524398,301.8154533443474,301.81545333597046,301.8154533280527,301.81545332050473,301.8154533124761,301.8154533049598,301.81545329764253,301.8154532902496,301.81545328374244,301.8154532770108,301.8154532703995,301.81545326437976,301.8154532579506,301.81545325228154,301.8154532470063,301.81545324163017,301.8154532364424,301.81545323175175,301.81545322725003,301.81545322251026
0.07828471155740555,301.81089138709945,301.81089138397067,301.8108913801826,301.81089137590016,301.81089137075134,301.81089136467426,301.81089135844843,301.8108913518397,301.8108913443242,301.81089133656775,301.81089132885506,301.8108913206281,301.81089131224866,301.8108913036832,301.81089129483445,301.81089128603537,301.8108912771676,301.8108912683175,301.81089125927224,301.8108912505308,301.8108912414577,301.81089123271653,301.81089122380047,301.8108912153489,301.8108912065674,301.81089119796883,301.8108911894943,301.8108911812095,301.8108911727388,301.810891164588,301.8108911566105,301.81089114835265,301.8108911405473,301.81089113310645,301.8108911251919,301.8108911177823,301.8108911105689,301.8108911032809,301.8108910968659,301.8108910902297,301.810891083712,301.81089107777757,301.81089107143964,301.8108910658509,301.8108910606502,301.8108910553502,301.8108910502359,301.81089104561164,301.81089104117353,301.81089103650106
0.07878471155740555,301.80639527977684,301.80639527669337,301.80639527296,301.80639526873927,301.8063952636645,301.80639525767486,301.80639525153856,301.80639524502476,301.80639523761727,301.8063952299721,301.80639522237,301.80639521426093,301.8063952060015,301.80639519755874,301.80639518883663,301.80639518016335,301.8063951714224,301.8063951626988,301.80639515378266,301.806395145166,301.80639513622236,301.80639512760587,301.8063951188169,301.8063951104856,301.80639510182925,301.8063950933531,301.80639508499917,301.8063950768322,301.806395068482,301.806395060447,301.80639505258296,301.8063950444424,301.806395036748,301.8063950294127,301.8063950216106,301.80639501430625,301.80639500719514,301.80639500001064,301.80639499368647,301.80639498714436,301.8063949807192,301.80639497486874,301.8063949686207,301.8063949631111,301.806394957984,301.8063949527591,301.8063949477172,301.80639494315835,301.80639493878306,301.80639493417675
0.07928471155740555,301.801964256303,301.8019642532641,301.80196424958467,301.80196424542464,301.80196424042293,301.8019642345195,301.8019642284713,301.801964222051,301.8019642147499,301.8019642072145,301.8019641997213,301.8019641917284,301.80196418358736,301.80196417526537,301.8019641666681,301.8019641581189,301.80196414950285,301.80196414090386,301.8019641321151,301.80196412362136,301.8019641148054,301.8019641063117,301.80196409764807,301.80196408943544,301.8019640809024,301.80196407254687,301.80196406431185,301.80196405626094,301.80196404802956,301.8019640401088,301.80196403235647,301.8019640243317,301.8019640167466,301.8019640095154,301.8019640018242,301.80196399462346,301.80196398761336,301.80196398053084,301.80196397429626,301.801963967847,301.8019639615129,301.80196395574535,301.8019639495859,301.8019639441544,301.80196393909983,301.8019639339489,301.80196392897847,301.80196392448414,301.80196392017075,301.8019639156298
0.07978471155740555,301.7975973341902,301.79759733119516,301.7975973275687,301.79759732346866,301.797597318539,301.7975973127204,301.7975973067591,301.79759730043094,301.7975972932346,301.7975972858073,301.79759727842145,301.7975972705431,301.79759726251865,301.79759725431575,301.7975972458415,301.79759723741455,301.79759722892163,301.79759722044537,301.7975972117822,301.7975972034096,301.79759719471946,301.7975971863469,301.7975971778068,301.797597169711,301.7975971612995,301.79759715306295,301.7975971449451,301.7975971370088,301.7975971288945,301.7975971210863,301.79759711344417,301.79759710553355,301.7975970980561,301.7975970909276,301.79759708334575,301.79759707624726,301.79759706933663,301.79759706235467,301.7975970562084,301.79759704985065,301.79759704360646,301.7975970379206,301.79759703184857,301.797597026494,301.7975970215109,301.79759701643303,301.79759701153307,301.79759700710224,301.79759700284995,301.79759699837336
0.08028471155740555,301.79329354795004,301.7932935449983,301.7932935414242,301.7932935373831,301.7932935325243,301.79329352678934,301.7932935209136,301.7932935146763,301.79329350758326,301.7932935002624,301.79329349298234,301.7932934852169,301.7932934773073,301.79329346922174,301.7932934608687,301.79329345256224,301.79329344419074,301.79329343583555,301.793293427296,301.7932934190429,301.79329341047674,301.7932934022235,301.79329339380513,301.79329338582465,301.793293377533,301.79329336941373,301.79329336141143,301.79329335358796,301.7932933455891,301.79329333789195,301.7932933303584,301.79329332256026,301.7932933151891,301.79329330816176,301.79329330068765,301.79329329369,301.79329328687743,301.79329327999466,301.79329327393555,301.793293267668,301.7932932615123,301.79329325590703,301.79329324992125,301.7932932446425,301.79329323973,301.79329323472405,301.7932932298935,301.7932932255254,301.79329322133333,301.79329321692035
0.08078471155740555,301.7890519486876,301.78905194577845,301.7890519422558,301.78905193827285,301.78905193348385,301.78905192783134,301.78905192204,301.7890519158921,301.78905190890083,301.78905190168496,301.78905189450916,301.7890518868549,301.78905187905855,301.7890518710887,301.7890518628551,301.7890518546673,301.7890518464155,301.7890518381796,301.789051829762,301.7890518216267,301.7890518131827,301.7890518050471,301.7890517967487,301.7890517888819,301.7890517807084,301.7890517727047,301.78905176481624,301.78905175710406,301.789051749219,301.78905174163134,301.78905173420486,301.78905172651764,301.7890517192511,301.7890517123236,301.78905170495574,301.78905169805745,301.7890516913417,301.7890516845567,301.7890516785834,301.78905167240475,301.7890516663365,301.7890516608106,301.7890516549098,301.78905164970587,301.789051644863,301.78905163992795,301.7890516351659,301.78905163085966,301.789051626727,301.7890516223765
0.08128471155740555,301.78487160370963,301.78487160084245,301.7848715973705,301.78487159344485,301.7848715887246,301.78487158315335,301.7848715774451,301.78487157138545,301.7848715644943,301.7848715573819,301.78487155030894,301.7848715427643,301.78487153507945,301.78487152722363,301.7848715191078,301.78487151103707,301.784871502903,301.78487149478485,301.78487148648736,301.78487147846806,301.7848714701446,301.78487146212495,301.78487145394485,301.7848714461901,301.784871438133,301.78487143024324,301.7848714224671,301.7848714148646,301.78487140709177,301.7848713996119,301.784871392291,301.78487138471314,301.7848713775499,301.78487137072074,301.7848713634576,301.7848713566573,301.78487135003684,301.7848713433482,301.78487133745966,301.7848713313687,301.7848713253866,301.7848713199391,301.78487131412203,301.78487130899185,301.7848713042175,301.7848712993525,301.78487129465793,301.78487129041275,301.78487128633856,301.7848712820499
0.08178471155740555,301.7807515961475,301.7807515933217,301.78075158989975,301.78075158603053,301.7807515813781,301.7807515758869,301.78075157026046,301.78075156428764,301.7807515574954,301.7807515504848,301.7807515435132,301.7807515360765,301.7807515285016,301.78075152075814,301.78075151275834,301.78075150480294,301.7807514967851,301.7807514887828,301.7807514806038,301.78075147269885,301.78075146449413,301.78075145658886,301.7807514485254,301.78075144088103,301.78075143293864,301.78075142516127,301.7807514174958,301.78075141000147,301.78075140233926,301.78075139496576,301.7807513877489,301.7807513802788,301.7807513732174,301.7807513664852,301.78075135932534,301.7807513526217,301.78075134609526,301.78075133950165,301.7807513336966,301.7807513276921,301.78075132179487,301.7807513164246,301.78075131069016,301.7807513056327,301.780751300926,301.78075129613,301.78075129150204,301.78075128731695,301.78075128330045,301.78075127907266
0.08228471155740555,301.7766910245932,301.77669102180806,301.7766910184354,301.77669101462175,301.7766910100362,301.7766910046237,301.776690999078,301.77669099319087,301.7766909864959,301.77669097958574,301.77669097271394,301.7766909653837,301.77669095791714,301.77669095028443,301.776690942399,301.77669093455734,301.776690926654,301.7766909187659,301.7766909107037,301.7766909029115,301.7766908948238,301.77669088703124,301.7766908790827,301.7766908715472,301.776690863718,301.7766908560513,301.7766908484949,301.7766908411072,301.77669083355397,301.7766908262854,301.77669081917117,301.77669081180727,301.7766908048463,301.77669079820976,301.77669079115174,301.7766907845432,301.77669077810947,301.7766907716096,301.7766907658868,301.7766907599676,301.7766907541541,301.77669074885995,301.776690743207,301.77669073822125,301.77669073358123,301.7766907288533,301.77669072429086,301.77669072016516,301.7766907162055,301.7766907120378
0.08278471155740555,301.772689002748,301.77268900000297,301.77268899667877,301.77268899291994,301.7726889884002,301.7726889830654,301.7726889775993,301.77268897179647,301.77268896519746,301.77268895838625,301.77268895161274,301.7726889443874,301.77268893702774,301.7726889295041,301.7726889217314,301.7726889140017,301.77268890621133,301.77268889843583,301.77268889048867,301.77268888280764,301.7726888748353,301.77268886715376,301.7726888593185,301.77268885189034,301.7726888441727,301.77268883661515,301.7726888291663,301.7726888218838,301.772688814438,301.77268880727286,301.77268880025974,301.7726887930006,301.77268878613853,301.7726887795962,301.77268877263856,301.772688766124,301.77268875978166,301.7726887533741,301.7726887477326,301.77268874189735,301.7726887361664,301.7726887309474,301.7726887253747,301.77268872045966,301.77268871588547,301.7726887112245,301.77268870672685,301.7726887026596,301.7726886987561,301.7726886946475
0.08328471155740555,301.76874465908355,301.7687446563781,301.76874465310163,301.76874464939675,301.76874464494193,301.76874463968363,301.7687446342959,301.7687446285762,301.7687446220718,301.7687446153581,301.7687446086815,301.76874460155955,301.7687445943051,301.76874458688906,301.7687445792274,301.76874457160824,301.76874456392903,301.76874455626455,301.7687445484308,301.7687445408593,301.7687445330007,301.7687445254287,301.7687445177051,301.7687445103827,301.76874450277495,301.76874449532505,301.76874448798225,301.7687444808033,301.7687444734636,301.7687444664003,301.76874445948687,301.768744452331,301.76874444556654,301.7687444391172,301.7687444322585,301.7687444258364,301.7687444195842,301.76874441326777,301.7687444077063,301.7687444019539,301.7687443963043,301.7687443911593,301.7687443856658,301.7687443808205,301.76874437631113,301.7687443717163,301.76874436728247,301.76874436327284,301.7687443594248,301.76874435537445
0.08378471155740555,301.76485713651454,301.764857133848,301.7648571306187,301.764857126967,301.7648571225761,301.7648571173932,301.7648571120826,301.76485710644494,301.7648571000337,301.7648570934161,301.76485708683504,301.764857079815,301.7648570726642,301.7648570653542,301.7648570578021,301.7648570502916,301.76485704272216,301.764857035167,301.76485702744503,301.7648570199816,301.76485701223504,301.764857004771,301.7648569971575,301.7648569899394,301.76485698244005,301.76485697509617,301.76485696785795,301.7648569607811,301.76485695354586,301.764856946583,301.764856939768,301.7648569327139,301.7648569260456,301.7648569196879,301.7648569129267,301.7648569065959,301.7648569004325,301.7648568942059,301.7648568887233,301.76485688305263,301.76485687748334,301.7648568724113,301.76485686699584,301.76485686221923,301.7648568577738,301.7648568532442,301.7648568488733,301.76485684492053,301.76485684112697,301.76485683713423
0.08428471155740555,301.7610255920822,301.76102558945405,301.7610255862711,301.76102558267183,301.7610255783439,301.7610255732354,301.76102556800095,301.76102556244393,301.7610255561244,301.7610255496017,301.7610255431147,301.761025536195,301.76102552914654,301.761025521941,301.7610255144968,301.7610255070936,301.7610254996322,301.761025492185,301.7610254845732,301.76102547721615,301.7610254695801,301.7610254622224,301.7610254547174,301.76102544760215,301.76102544020955,301.7610254329703,301.7610254258351,301.76102541885905,301.7610254117267,301.76102540486295,301.7610253981448,301.7610253911911,301.76102538461754,301.76102537835027,301.7610253716852,301.7610253654444,301.76102535936866,301.7610253532305,301.7610253478257,301.7610253422356,301.7610253367454,301.7610253317454,301.76102532640687,301.761025321698,301.7610253173156,301.76102531285034,301.76102530854143,301.76102530464476,301.761025300905,301.76102529696897
0.08478471155740555,301.7572491966487,301.7572491940583,301.75724919092113,301.7572491873734,301.75724918310755,301.75724917807236,301.7572491729128,301.75724916743536,301.7572491612064,301.757249154777,301.7572491483828,301.75724914156206,301.75724913461437,301.7572491275117,301.7572491201739,301.7572491128765,301.75724910552157,301.75724909818064,301.7572490906775,301.75724908342534,301.75724907589824,301.75724906864536,301.75724906124736,301.7572490542334,301.7572490469462,301.75724903981,301.7572490327764,301.75724902589957,301.7572490188688,301.75724901210265,301.75724900548005,301.7572489986253,301.75724899214526,301.757248985967,301.75724897939676,301.7572489732447,301.75724896725524,301.75724896120437,301.7572489558763,301.7572489503656,301.7572489449534,301.7572489400243,301.75724893476166,301.75724893011966,301.75724892579944,301.75724892139755,301.75724891714987,301.75724891330844,301.7572489096217,301.7572489057416
0.08528471155740555,301.7535271346011,301.75352713204796,301.75352712895574,301.753527125459,301.7535271212543,301.7535271162912,301.7535271112056,301.7535271058066,301.7535270996667,301.75352709332935,301.7535270870266,301.75352708030346,301.753527073455,301.7535270664539,301.75352705922086,301.75352705202766,301.75352704477774,301.7535270375415,301.7535270301455,301.75352702299676,301.75352701557694,301.7535270084275,301.75352700113496,301.75352699422086,301.75352698703745,301.7535269800029,301.7535269730694,301.75352696629045,301.75352695935976,301.7535269526899,301.7535269461615,301.7535269394043,301.7535269330164,301.75352692692593,301.7535269204492,301.7535269143846,301.75352690848024,301.7535269025154,301.753526897263,301.7535268918306,301.75352688649525,301.75352688163616,301.75352687644835,301.7535268718723,301.7535268676133,301.75352686327386,301.7535268590865,301.7535268552996,301.7535268516652,301.75352684784013
0.08578471155740555,301.74985860356554,301.7498586010491,301.7498585980013,301.7498585945547,301.74985859041027,301.7498585855182,301.7498585805055,301.74985857518374,301.7498585691318,301.7498585628851,301.74985855667245,301.7498585500454,301.7498585432948,301.74985853639373,301.7498585292641,301.74985852217355,301.7498585150271,301.7498585078942,301.74985850060364,301.74985849355687,301.7498584862429,301.7498584791953,301.74985847200674,301.74985846519115,301.74985845811005,301.74985845117567,301.7498584443409,301.7498584376584,301.7498584308264,301.74985842425144,301.7498584178159,301.74985841115483,301.74985840485783,301.7498583988539,301.74985839246926,301.7498583864909,301.7498583806705,301.74985837479045,301.7498583696127,301.7498583642574,301.7498583589979,301.7498583542078,301.7498583490937,301.7498583445826,301.7498583403841,301.7498583361063,301.7498583319783,301.7498583282452,301.74985832466234,301.7498583208917
0.08628471155740555,301.7462428141303,301.74624281165,301.746242808646,301.74624280524876,301.7462428011637,301.74624279634173,301.7462427914008,301.74624278615516,301.74624278018985,301.7462427740324,301.74624276790865,301.7462427613763,301.74624275472223,301.7462427479197,301.7462427408919,301.7462427339026,301.7462427268582,301.746242719827,301.74624271264054,301.7462427056942,301.7462426984846,301.7462426915375,301.74624268445126,301.74624267773277,301.7462426707525,301.746242663917,301.7462426571795,301.7462426505921,301.74624264385733,301.746242637376,301.746242631032,301.7462426244657,301.7462426182582,301.74624261233964,301.7462426060459,301.7462426001525,301.74624259441487,301.74624258861843,301.7462425835142,301.74624257823507,301.7462425730503,301.74624256832817,301.7462425632868,301.74624255883975,301.7462425547008,301.74624255048377,301.74624254641446,301.74624254273425,301.7462425392022,301.7462425354852
0.08678471155740555,301.7426789895774,301.74267898713276,301.7426789841718,301.74267898082326,301.7426789767968,301.74267897204396,301.7426789671737,301.74267896200314,301.74267895612314,301.7426789500538,301.74267894401754,301.7426789375786,301.74267893101955,301.74267892431425,301.7426789173868,301.7426789104973,301.7426789035534,301.7426788966226,301.7426788895386,301.74267888269134,301.7426788755845,301.7426788687364,301.7426788617512,301.7426788551284,301.7426788482476,301.74267884150936,301.74267883486783,301.7426788283742,301.7426788217353,301.74267881534615,301.7426788090924,301.7426788026196,301.74267879650046,301.742678790666,301.7426787844618,301.74267877865225,301.74267877299616,301.7426787672822,301.7426787622504,301.7426787570463,301.7426787519352,301.74267874728025,301.7426787423105,301.7426787379266,301.74267873384633,301.74267872968926,301.7426787256777,301.7426787220498,301.7426787185679,301.74267871490366
0.08728471155740555,301.7391663656233,301.7391663632137,301.73916636029526,301.7391663569947,301.73916635302584,301.7391663483411,301.73916634354055,301.73916633844397,301.7391663326481,301.7391663266655,301.7391663207155,301.7391663143686,301.73916630790325,301.7391663012937,301.7391662944652,301.7391662876741,301.7391662808293,301.73916627399734,301.7391662670144,301.7391662602648,301.73916625325927,301.7391662465088,301.73916623962316,301.7391662330947,301.73916622631197,301.73916621966964,301.73916621312264,301.7391662067215,301.7391662001771,301.7391661938789,301.7391661877141,301.7391661813335,301.7391661753013,301.7391661695499,301.739166163434,301.739166157707,301.73916615213136,301.7391661464986,301.73916614153836,301.7391661364082,301.73916613136976,301.7391661267809,301.7391661218818,301.73916611756016,301.73916611353786,301.7391661094398,301.7391661054853,301.7391661019088,301.7391660984764,301.73916609486423
0.08778471155740555,301.7357041901666,301.7357041877916,301.735704184915,301.73570418166173,301.7357041777497,301.735704173132,301.7357041684001,301.73570416337645,301.7357041576635,301.73570415176647,301.7357041459015,301.73570413964524,301.7357041332723,301.7357041267572,301.7357041200261,301.73570411333196,301.7357041065848,301.73570409985035,301.73570409296707,301.7357040863137,301.73570407940804,301.7357040727538,301.7357040659663,301.7357040595308,301.7357040528447,301.735704046297,301.7357040398432,301.7357040335332,301.73570402708197,301.7357040208734,301.73570401479634,301.7357040085065,301.73570400256017,301.73570399689055,301.73570399086157,301.7357039852161,301.73570397971974,301.7357039741671,301.7357039692773,301.73570396422014,301.7357039592533,301.7357039547296,301.7357039499002,301.73570394563995,301.7357039416747,301.7357039376349,301.73570393373666,301.7357039302109,301.7357039268272,301.73570392326644
0.08828471155740555,301.73229172304434,301.7322917207034,301.73229171786795,301.73229171466136,301.7322917108054,301.7322917062537,301.73229170158953,301.73229169663773,301.7322916910065,301.73229168519373,301.73229167941264,301.73229167324575,301.7322916669639,301.7322916605417,301.7322916539068,301.73229164730816,301.73229164065737,301.7322916340189,301.73229162723385,301.73229162067537,301.73229161386814,301.73229160730875,301.732291600618,301.73229159427416,301.73229158768333,301.7322915812289,301.7322915748671,301.7322915686468,301.73229156228746,301.7322915561672,301.7322915501767,301.7322915439763,301.7322915381146,301.73229153252555,301.73229152658246,301.73229152101726,301.73229151559906,301.7322915101254,301.7322915053051,301.73229150031983,301.7322914954236,301.73229149096414,301.73229148620345,301.73229148200375,301.7322914780949,301.7322914741124,301.7322914702695,301.73229146679387,301.73229146345824,301.73229145994804
0.08878471155740555,301.72892823579514,301.7289282334878,301.72892823069304,301.72892822753226,301.7289282237315,301.72892821924506,301.72892821464757,301.72892820976654,301.72892820421583,301.7289281984862,301.7289281927877,301.7289281867089,301.72892818051673,301.7289281741863,301.7289281676461,301.7289281611416,301.72892815458573,301.72892814804203,301.72892814135366,301.72892813488875,301.7289281281786,301.72892812171267,301.7289281151173,301.72892810886384,301.72892810236687,301.7289280960043,301.72892808973313,301.72892808360143,301.7289280773326,301.7289280712995,301.72892806539414,301.7289280592821,301.72892805350375,301.72892804799426,301.72892804213575,301.7289280366497,301.72892803130856,301.72892802591275,301.728928021161,301.7289280162465,301.72892801142,301.7289280070239,301.7289280023308,301.7289279981908,301.7289279943375,301.7289279904116,301.72892798662326,301.728927983197,301.7289279799088,301.7289279764485
0.08928471155740555,301.7256130114295,301.72561300915527,301.7256130064005,301.7256130032851,301.72561299953867,301.72561299511636,301.7256129905847,301.7256129857734,301.7256129803021,301.7256129746543,301.72561296903723,301.7256129630453,301.7256129569415,301.72561295070153,301.72561294425475,301.7256129378431,301.7256129313807,301.7256129249304,301.7256129183374,301.7256129119646,301.72561290535015,301.72561289897635,301.72561289247494,301.7256128863106,301.7256128799062,301.7256128736343,301.72561286745236,301.725612861408,301.72561285522846,301.7256128492812,301.72561284345994,301.7256128374349,301.7256128317388,301.7256128263076,301.72561282053243,301.72561281512446,301.7256128098593,301.7256128045403,301.72561279985604,301.72561279501144,301.72561279025354,301.7256127859199,301.72561278129365,301.72561277721246,301.7256127734138,301.7256127695438,301.7256127658093,301.7256127624317,301.72561275919014,301.725612755779
0.08978471155740556,301.72234534420676,301.72234534196514,301.72234533924984,301.722345336179,301.7223453324862,301.7223453281272,301.7223453236603,301.7223453189178,301.72234531352467,301.7223453079576,301.72234530242076,301.72234529651445,301.72234529049786,301.7223452843469,301.7223452779921,301.72234527167194,301.7223452653018,301.72234525894345,301.72234525244454,301.7223452461626,301.7223452396425,301.72234523335953,301.7223452269508,301.7223452208742,301.7223452145611,301.72234520837856,301.7223452022846,301.72234519632633,301.72234519023476,301.72234518437216,301.72234517863376,301.7223451726945,301.7223451670794,301.7223451617255,301.72234515603253,301.7223451507015,301.7223451455112,301.72234514026786,301.7223451356502,301.72234513087454,301.7223451261843,301.72234512191227,301.7223451173518,301.7223451133286,301.7223451095839,301.7223451057689,301.7223451020875,301.72234509875784,301.72234509556233,301.7223450921998
0.09028471155740556,301.71912453941843,301.71912453720887,301.7191245345325,301.7191245315056,301.71912452786563,301.719124523569,301.719124519166,301.7191245144913,301.71912450917523,301.71912450368774,301.7191244982299,301.719124492408,301.7191244864773,301.71912448041417,301.71912447415,301.7191244679201,301.7191244616409,301.7191244553732,301.719124448967,301.7191244427746,301.71912443634744,301.71912443015407,301.71912442383666,301.7191244178467,301.71912441162345,301.719124405529,301.71912439952183,301.71912439364837,301.7191243876435,301.7191243818644,301.7191243762077,301.7191243703529,301.71912436481784,301.71912435954005,301.7191243539281,301.71912434867295,301.7191243435565,301.7191243383877,301.7191243338357,301.71912432912796,301.71912432450443,301.71912432029313,301.7191243157975,301.7191243118314,301.71912430814007,301.7191243043792,301.7191243007502,301.71912429746783,301.7191242943178,301.719124291003
0.09078471155740556,301.7159499131779,301.71594991100005,301.715949908362,301.7159499053784,301.7159499017905,301.71594989755533,301.7159498932152,301.7159498886074,301.7159498833673,301.71594987795817,301.71594987257834,301.71594986683954,301.71594986099353,301.7159498550169,301.71594984884223,301.71594984270115,301.71594983651147,301.7159498303333,301.7159498240184,301.7159498179143,301.7159498115788,301.71594980547366,301.7159497992463,301.7159497933416,301.7159497872071,301.7159497811994,301.7159497752778,301.715949769488,301.7159497635687,301.7159497578718,301.71594975229556,301.7159497465242,301.7159497410678,301.7159497358652,301.71594973033314,301.7159497251527,301.71594972010905,301.71594971501383,301.71594971052656,301.71594970588575,301.715949701328,301.71594969717654,301.71594969274486,301.7159496888352,301.7159496851963,301.7159496814889,301.71594967791145,301.7159496746758,301.71594967157046,301.71594966830287
0.09128471155740556,301.7128207922159,301.71282079006926,301.712820787469,301.71282078452805,301.7128207809915,301.71282077681684,301.71282077253875,301.71282076799673,301.7128207628316,301.7128207574998,301.71282075219676,301.7128207465399,301.7128207407774,301.71282073488607,301.7128207287995,301.7128207227461,301.7128207166447,301.7128207105545,301.7128207043298,301.7128206983127,301.7128206920675,301.7128206860494,301.71282067991075,301.71282067409027,301.71282066804304,301.712820662121,301.7128206562837,301.7128206505763,301.7128206447413,301.71282063912554,301.71282063362867,301.7128206279395,301.71282062256074,301.71282061743216,301.7128206119789,301.7128206068721,301.71282060190026,301.7128205968776,301.712820592454,301.71282058787926,301.7128205833863,301.7128205792939,301.71282057492533,301.71282057107123,301.71282056748396,301.7128205638293,301.71282056030276,301.71282055711305,301.71282055405186,301.71282055083077
0.09178471155740556,301.7097365136816,301.70973651156567,301.70973650900265,301.7097365061038,301.70973650261783,301.7097364985028,301.70973649428595,301.70973648980885,301.70973648471744,301.70973647946175,301.7097364742345,301.7097364686584,301.7097364629781,301.70973645717095,301.70973645117124,301.70973644520416,301.70973643918984,301.70973643318655,301.70973642705053,301.70973642111926,301.70973641496306,301.7097364090307,301.7097364029796,301.70973639724195,301.709736391281,301.70973638544325,301.70973637968916,301.709736374063,301.7097363683111,301.7097363627753,301.70973635735663,301.70973635174846,301.70973634644633,301.7097363413907,301.709736336015,301.70973633098095,301.7097363260798,301.7097363211286,301.70973631676793,301.7097363122583,301.7097363078293,301.709736303795,301.7097362994886,301.7097362956893,301.709736292153,301.70973628855035,301.7097362850739,301.70973628192957,301.7097362789119,301.7097362757366
0.09228471155740556,301.7066964249492,301.7066964228636,301.70669642033727,301.70669641747986,301.7066964140437,301.7066964099876,301.70669640583094,301.70669640141784,301.7066963963992,301.70669639121854,301.70669638606597,301.70669638056944,301.7066963749702,301.70669636924595,301.70669636333184,301.7066963574499,301.7066963515214,301.70669634560375,301.7066963395552,301.70669633370846,301.7066963276401,301.70669632179226,301.70669631582734,301.7066963101715,301.70669630429546,301.70669629854086,301.70669629286874,301.70669628732264,301.7066962816527,301.70669627619566,301.7066962708542,301.7066962653259,301.7066962600992,301.7066962551155,301.70669624981633,301.7066962448539,301.70669624002255,301.7066962351418,301.7066962308432,301.7066962263977,301.70669622203167,301.7066962180548,301.70669621380955,301.70669621006437,301.7066962065783,301.70669620302687,301.70669619959983,301.7066961965002,301.70669619352543,301.70669619039535
0.09278471155740556,301.70369988342986,301.7036998813742,301.7036998788839,301.7036998760674,301.7036998726803,301.70369986868224,301.703699864585,301.7036998602349,301.7036998552879,301.7036998501814,301.7036998451023,301.7036998396842,301.703699834165,301.70369982852236,301.70369982269267,301.70369981689464,301.7036998110507,301.7036998052174,301.70369979925516,301.70369979349175,301.7036997875099,301.70369978174546,301.7036997758655,301.70369977029026,301.7036997644979,301.7036997588253,301.70369975323393,301.7036997477669,301.7036997421776,301.7036997367983,301.7036997315329,301.70369972608324,301.703699720931,301.70369971601815,301.7036997107945,301.7036997059027,301.70369970114,301.7036996963288,301.7036996920913,301.70369968770905,301.70369968340515,301.7036996794848,301.7036996753001,301.7036996716081,301.70369966817157,301.7036996646707,301.7036996612924,301.7036996582368,301.7036996553044,301.70369965221875
0.09328471155740556,301.7007462563883,301.700746254362,301.7007462519074,301.70074624913116,301.7007462457925,301.70074624185156,301.70074623781284,301.7007462335249,301.7007462286486,301.7007462236149,301.7007462186084,301.7007462132677,301.7007462078272,301.7007462022651,301.7007461965186,301.7007461908033,301.70074618504265,301.7007461792926,301.7007461734154,301.7007461677341,301.7007461618375,301.7007461561552,301.7007461503591,301.7007461448633,301.70074613915347,301.70074613356167,301.7007461280499,301.70074612266075,301.7007461171511,301.7007461118484,301.7007461066579,301.7007461012859,301.7007460962069,301.70074609136407,301.70074608621474,301.7007460813926,301.70074607669767,301.70074607195494,301.70074606777774,301.7007460634578,301.70074605921513,301.7007460553506,301.70074605122534,301.7007460475859,301.70074604419824,301.7007460407471,301.70074603741693,301.70074603440474,301.700746031514,301.7007460284723
0.09378471155740556,301.6978349207645,301.69783491876717,301.6978349163477,301.69783491361113,301.69783491032024,301.69783490643556,301.6978349024546,301.6978348982279,301.6978348934212,301.69783488845945,301.6978348835243,301.69783487825987,301.69783487289703,301.69783486741426,301.6978348617498,301.697834856116,301.6978348504376,301.69783484476955,301.69783483897606,301.6978348333758,301.69783482756327,301.697834821962,301.6978348162485,301.69783481083084,301.69783480520243,301.6978347996903,301.6978347942571,301.69783478894465,301.6978347835135,301.6978347782863,301.6978347731697,301.69783476787416,301.69783476286756,301.69783475809356,301.69783475301756,301.69783474826403,301.69783474363595,301.6978347389607,301.69783473484296,301.6978347305844,301.6978347264021,301.6978347225926,301.69783471852605,301.6978347149383,301.6978347115989,301.6978347081968,301.69783470491404,301.69783470194466,301.69783469909504,301.6978346960966
0.09428471155740556,301.6949652629999,301.6949652610312,301.6949652586463,301.69496525594883,301.694965252705,301.69496524887586,301.69496524495173,301.6949652407854,301.6949652360473,301.6949652311564,301.69496522629174,301.6949652211024,301.6949652158161,301.6949652104116,301.69496520482795,301.6949651992745,301.69496519367704,301.6949651880898,301.694965182379,301.69496517685855,301.6949651711289,301.6949651656074,301.69496515997537,301.694965154635,301.69496514908667,301.69496514365306,301.6949651382973,301.6949651330605,301.69496512770667,301.69496512255387,301.69496511751015,301.69496511229005,301.6949651073547,301.69496510264867,301.69496509764497,301.6949650929591,301.6949650883969,301.69496508378813,301.69496507972895,301.69496507553106,301.6949650714083,301.6949650676529,301.69496506364425,301.6949650601076,301.69496505681565,301.69496505346194,301.69496505022585,301.6949650472987,301.69496504448955,301.69496504153386
0.09478471155740556,301.69213667886817,301.6921366769276,301.69213667457683,301.6921366719179,301.6921366687204,301.692136664946,301.69213666107794,301.69213665697106,301.69213665230075,301.6921366474796,301.6921366426844,301.69213663756915,301.69213663235826,301.6921366270309,301.69213662152686,301.69213661605266,301.692136610535,301.69213660502743,301.69213659939805,301.6921365939563,301.69213658830836,301.69213658286554,301.69213657731376,301.69213657204944,301.6921365665802,301.69213656122406,301.6921365559445,301.69213655078227,301.6921365455047,301.6921365404253,301.6921365354534,301.6921365303076,301.6921365254425,301.6921365208035,301.692136515871,301.6921365112518,301.69213650675454,301.69213650221144,301.69213649821,301.69213649407186,301.6921364900078,301.69213648630574,301.6921364823542,301.6921364788678,301.69213647562265,301.69213647231675,301.69213646912664,301.69213646624115,301.69213646347197,301.6921364605583
0.09528471155740556,301.68934857331,301.6893485713972,301.68934856908004,301.6893485664591,301.68934856330736,301.68934855958685,301.68934855577396,301.68934855172574,301.68934854712205,301.6893485423698,301.689348537643,301.6893485326008,301.6893485274643,301.6893485222129,301.6893485167874,301.6893485113913,301.68934850595235,301.6893485005233,301.6893484949742,301.68934848961,301.6893484840425,301.6893484786773,301.68934847320463,301.6893484680153,301.689348462624,301.6893484573441,301.68934845213977,301.68934844705115,301.68934844184867,301.68934843684167,301.6893484319405,301.68934842686804,301.6893484220722,301.6893484174992,301.689348412637,301.68934840808356,301.6893484036503,301.6893483991719,301.68934839522734,301.6893483911481,301.6893483871419,301.68934838349253,301.68934837959716,301.6893483761604,301.6893483729614,301.6893483697025,301.6893483665578,301.68934836371335,301.6893483609835,301.6893483581113
0.09578471155740556,301.68660036027217,301.6866003583867,301.6866003561027,301.6866003535193,301.68660035041245,301.68660034674514,301.6866003429867,301.6866003389963,301.6866003344584,301.6866003297739,301.6866003251146,301.6866003201443,301.6866003150811,301.68660030990463,301.6866003045565,301.6866002992374,301.686600293876,301.68660028852435,301.68660028305436,301.6866002777667,301.68660027227855,301.6866002669898,301.6866002615951,301.6866002564797,301.68660025116526,301.6866002459606,301.6866002408304,301.6866002358142,301.6866002306859,301.6866002257501,301.68660022091876,301.6866002159186,301.6866002111909,301.68660020668307,301.6866002018901,301.68660019740145,301.6866001930313,301.6866001886167,301.6866001847282,301.68660018070705,301.68660017675785,301.6866001731604,301.6866001693205,301.68660016593265,301.6866001627792,301.6866001595666,301.6866001564666,301.68660015366265,301.6866001509717,301.68660014814037
0.09628471155740556,301.6838914625506,301.68389146069217,301.6838914584407,301.68389145589424,301.6838914528318,301.68389144921684,301.68389144551213,301.6838914415787,301.6838914371055,301.68389143248794,301.6838914278951,301.68389142299577,301.68389141800475,301.68389141290214,301.6838914076303,301.6838914023871,301.6838913971021,301.6838913918268,301.68389138643477,301.68389138122245,301.6838913758126,301.6838913705992,301.6838913652814,301.68389136023893,301.6838913550001,301.68389134986967,301.6838913448125,301.6838913398677,301.6838913348125,301.683891329947,301.6838913251845,301.6838913202554,301.6838913155952,301.68389131115146,301.6838913064267,301.683891302002,301.6838912976941,301.68389129334224,301.6838912895092,301.68389128554526,301.6838912816522,301.683891278106,301.6838912743208,301.683891270981,301.68389126787247,301.6838912647056,301.68389126164976,301.6838912588857,301.6838912562329,301.6838912534419
0.09678471155740556,301.68122131163705,301.6812213098052,301.68122130758593,301.68122130507584,301.68122130205717,301.6812212984938,301.681221294842,301.6812212909647,301.68122128655534,301.6812212820037,301.6812212774764,301.681221272647,301.6812212677272,301.6812212626974,301.6812212575008,301.6812212523323,301.6812212471227,301.6812212419226,301.6812212366075,301.6812212314694,301.6812212261367,301.6812212209976,301.68122121575556,301.68122121078494,301.6812212056208,301.68122120056336,301.6812211955783,301.681221190704,301.6812211857207,301.6812211809245,301.6812211762298,301.68122117137096,301.68122116677705,301.68122116239664,301.6812211577391,301.68122115337746,301.6812211491308,301.68122114484095,301.68122114106245,301.6812211371549,301.6812211333173,301.68122112982155,301.68122112609024,301.68122112279804,301.68122111973366,301.6812211166119,301.68122111359946,301.68122111087473,301.6812211082597,301.6812211055084
0.09728471155740556,301.6785893475697,301.678589345764,301.6785893435765,301.6785893411022,301.6785893381267,301.6785893346142,301.6785893310145,301.6785893271926,301.67858932284616,301.6785893183595,301.67858931389685,301.67858930913627,301.6785893042867,301.6785892993287,301.6785892942061,301.67858928911136,301.67858928397607,301.6785892788501,301.6785892736107,301.678589268546,301.6785892632892,301.6785892582233,301.6785892530561,301.6785892481562,301.6785892430657,301.6785892380803,301.67858923316624,301.6785892283613,301.6785892234491,301.6785892187212,301.67858921409334,301.67858920930365,301.67858920477516,301.6785892004571,301.6785891958659,301.67858919156635,301.6785891873802,301.6785891831514,301.67858917942664,301.67858917557476,301.67858917179177,301.67858916834575,301.6785891646675,301.6785891614222,301.6785891584014,301.67858915532406,301.67858915235456,301.67858914966854,301.67858914709075,301.6785891443786
0.09778471155740556,301.6759950187869,301.67599501700704,301.6759950148508,301.6759950124119,301.6759950094788,301.6759950060165,301.6759950024682,301.67599499870084,301.6759949944165,301.6759949899938,301.6759949855948,301.6759949809022,301.67599497612173,301.67599497123445,301.67599496618504,301.67599496116287,301.67599495610085,301.6759949510479,301.6759949458833,301.6759949408907,301.6759949357089,301.6759949307152,301.6759949256216,301.6759949207915,301.6759949157735,301.6759949108592,301.6759949060151,301.6759949012786,301.67599489643635,301.6759948917758,301.67599488721385,301.67599488249243,301.6759948780284,301.6759948737718,301.6759948692461,301.6759948650076,301.67599486088113,301.6759948567126,301.6759948530408,301.6759948492437,301.67599484551454,301.6759948421176,301.6759948384917,301.6759948352926,301.67599483231476,301.6759948292812,301.675994826354,301.67599482370616,301.6759948211651,301.6759948184916
0.09828471155740556,301.6734377819849,301.6734377802305,301.67343777810504,301.6734377757009,301.6734377728098,301.6734377693969,301.6734377658993,301.67343776218564,301.6734377579624,301.6734377536029,301.6734377492666,301.673437744641,301.6734377399288,301.6734377351111,301.67343773013374,301.6734377251832,301.67343772019336,301.6734377152125,301.67343771012145,301.67343770520006,301.6734377000921,301.6734376951696,301.67343769014855,301.6734376853873,301.6734376804408,301.67343767559646,301.6734376708214,301.6734376661524,301.67343766137907,301.6734376567849,301.67343765228793,301.67343764763376,301.67343764323334,301.67343763903733,301.673437634576,301.673437630398,301.67343762633016,301.67343762222094,301.67343761860144,301.67343761485847,301.6734376111824,301.67343760783376,301.6734376042595,301.6734376011059,301.67343759817044,301.6734375951801,301.6734375922945,301.67343758968434,301.6734375871794,301.67343758454393
0.09878471155740556,301.6709171019782,301.67091710024886,301.6709170981538,301.670917095784,301.67091709293413,301.67091708956997,301.67091708612224,301.6709170824616,301.6709170782987,301.67091707400135,301.67091706972695,301.6709170651673,301.6709170605223,301.67091705577343,301.670917050867,301.6709170459871,301.6709170410683,301.67091703615847,301.67091703114005,301.67091702628875,301.6709170212536,301.6709170164013,301.67091701145176,301.6709170067584,301.67091700188234,301.67091699710704,301.6709169924,301.6709169877975,301.6709169830922,301.67091697856347,301.6709169741305,301.67091696954265,301.67091696520487,301.6709169610686,301.67091695667085,301.67091695255226,301.6709169485424,301.6709169444917,301.6709169409237,301.670916937234,301.6709169336102,301.67091693030926,301.6709169267859,301.67091692367717,301.6709169207835,301.6709169178357,301.67091691499115,301.6709169124182,301.6709169099489,301.67091690735094
0.09928471155740556,301.6684324515635,301.66843244985887,301.66843244779375,301.66843244545777,301.6684324426486,301.66843243933243,301.66843243593394,301.6684324323256,301.6684324282221,301.6684324239861,301.66843241977267,301.668432415278,301.6684324106992,301.6684324060181,301.66843240118163,301.6684323963713,301.66843239152274,301.66843238668287,301.66843238173595,301.6684323769539,301.66843237199043,301.6684323672073,301.6684323623283,301.66843235770176,301.66843235289525,301.66843234818793,301.668432343548,301.668432339011,301.6684323343727,301.6684323299085,301.6684323255387,301.66843232101616,301.66843231674017,301.6684323126628,301.6684323083277,301.66843230426775,301.668432300315,301.66843229632195,301.66843229280477,301.6684322891675,301.66843228559543,301.6684322823414,301.66843227886824,301.66843227580375,301.66843227295124,301.66843227004534,301.66843226724137,301.668432264705,301.6684322622708,301.6684322597098
0.09978471155740556,301.66598331138675,301.66598330970646,301.6659833076708,301.6659833053682,301.6659833025991,301.6659832993303,301.66598329598037,301.66598329242345,301.66598328837847,301.665983284203,301.66598328004966,301.6659832756191,301.6659832711057,301.66598326649125,301.6659832617238,301.66598325698203,301.6659832522026,301.66598324743177,301.66598324255534,301.6659832378414,301.6659832329488,301.66598322823376,301.6659832234243,301.6659832188637,301.6659832141256,301.6659832094854,301.6659832049115,301.6659832004392,301.665983195867,301.66598319146635,301.66598318715876,301.6659831827007,301.6659831784856,301.66598317446625,301.66598317019293,301.6659831661908,301.66598316229425,301.66598315835813,301.66598315489097,301.66598315130557,301.66598314778423,301.66598314457656,301.6659831411529,301.665983138132,301.66598313532006,301.6659831324556,301.6659831296914,301.6659831271912,301.6659831247917,301.6659831222672
0.1,301.6649353103079,301.66493530863806,301.664935306615,301.6649353043267,301.6649353015748,301.66493529832627,301.664935294997,301.66493529146214,301.6649352874423,301.6649352832926,301.66493527916504,301.6649352747619,301.66493527027643,301.6649352656906,301.6649352609526,301.6649352562402,301.6649352514903,301.66493524674905,301.6649352419028,301.664935237218,301.6649352323557,301.66493522766984,301.6649352228901,301.6649352183577,301.66493521364896,301.6649352090374,301.6649352044918,301.6649352000472,301.66493519550323,301.6649351911298,301.6649351868489,301.66493518241833,301.66493517822926,301.6649351742348,301.6649351699878,301.6649351660105,301.6649351621381,301.6649351582262,301.6649351547805,301.66493515121726,301.66493514771776,301.66493514452986,301.66493514112733,301.66493513812514,301.66493513533055,301.6649351324838,301.66493512973676,301.6649351272519,301.6649351248672,301.66493512235826
