t(s),T value at [0.0, 0.006001, 0] (K),T value at [3.061224489795918e-05, 0.006001, 0] (K),T value at [6.122448979591836e-05, 0.006001, 0] (K),T value at [9.183673469387755e-05, 0.006001, 0] (K),T value at [0.00012244897959183673, 0.006001, 0] (K),T value at [0.0001530612244897959, 0.006001, 0] (K),T value at [0.0001836734693877551, 0.006001, 0] (K),T value at [0.00021428571428571427, 0.006001, 0] (K),T value at [0.00024489795918367346, 0.006001, 0] (K),T value at [0.00027551020408163264, 0.006001, 0] (K),T value at [0.0003061224489795918, 0.006001, 0] (K),T value at [0.000336734693877551, 0.006001, 0] (K),T value at [0.0003673469387755102, 0.006001, 0] (K),T value at [0.00039795918367346937, 0.006001, 0] (K),T value at [0.00042857142857142855, 0.006001, 0] (K),T value at [0.00045918367346938773, 0.006001, 0] (K),T value at [0.0004897959183673469, 0.006001, 0] (K),T value at [0.0005204081632653061, 0.006001, 0] (K),T value at [0.0005510204081632653, 0.006001, 0] (K),T value at [0.0005816326530612245, 0.006001, 0] (K),T value at [0.0006122448979591836, 0.006001, 0] (K),T value at [0.0006428571428571428, 0.006001, 0] (K),T value at [0.000673469387755102, 0.006001, 0] (K),T value at [0.0007040816326530612, 0.006001, 0] (K),T value at [0.0007346938775510204, 0.006001, 0] (K),T value at [0.0007653061224489796, 0.006001, 0] (K),T value at [0.0007959183673469387, 0.006001, 0] (K),T value at [0.0008265306122448979, 0.006001, 0] (K),T value at [0.0008571428571428571, 0.006001, 0] (K),T value at [0.0008877551020408163, 0.006001, 0] (K),T value at [0.0009183673469387755, 0.006001, 0] (K),T value at [0.0009489795918367346, 0.006001, 0] (K),T value at [0.0009795918367346938, 0.006001, 0] (K),T value at [0.0010102040816326531, 0.006001, 0] (K),T value at [0.0010408163265306122, 0.006001, 0] (K),T value at [0.0010714285714285713, 0.006001, 0] (K),T value at [0.0011020408163265306, 0.006001, 0] (K),T value at [0.0011326530612244898, 0.006001, 0] (K),T value at [0.001163265306122449, 0.006001, 0] (K),T value at [0.001193877551020408, 0.006001, 0] (K),T value at [0.0012244897959183673, 0.006001, 0] (K),T value at [0.0012551020408163266, 0.006001, 0] (K),T value at [0.0012857142857142856, 0.006001, 0] (K),T value at [0.0013163265306122447, 0.006001, 0] (K),T value at [0.001346938775510204, 0.006001, 0] (K),T value at [0.0013775510204081633, 0.006001, 0] (K),T value at [0.0014081632653061224, 0.006001, 0] (K),T value at [0.0014387755102040815, 0.006001, 0] (K),T value at [0.0014693877551020407, 0.006001, 0] (K),T value at [0.0015, 0.006001, 0] (K)
1e-07,300.03369144558405,300.0336972977037,300.0337098812445,300.033713979386,300.0337158739116,300.0337129495066,300.0337146964539,300.03371683327464,300.0337107877892,300.0337111045472,300.0337166726364,300.03371654341146,300.03371351422,300.033708276222,300.0337110574213,300.0337107286993,300.0337042690739,300.0337102059955,300.03370885548776,300.03371002638676,300.0337073448252,300.0337084970789,300.033708954434,300.03370831825464,300.0337103362906,300.0337075149049,300.03370718053355,300.03370755677736,300.03370786940167,300.0337088763632,300.03371026975384,300.03371325790187,300.03370505751934,300.033707800246,300.0337088211003,300.0337115109609,300.03370990782935,300.03370932602803,300.03370905709437,300.03371019432274,300.0337085364131,300.0337062252201,300.03370964935084,300.0337104810793,300.03369285836345,300.0336954508706,300.03368987057416,300.033690641645,300.03368102608476,300.0336914948043
2.1e-07,300.03364104495824,300.03364304268354,300.0336446772677,300.033645452042,300.0336457411728,300.03364557057864,300.03364589946796,300.03364666157466,300.0336455261695,300.0336454775866,300.0336464084055,300.03364613080197,300.03364572265457,300.03364507396884,300.0336453541733,300.0336444487117,300.0336438633957,300.0336447786861,300.03364423055467,300.03364450690924,300.0336439406236,300.0336442619954,300.03364409372165,300.03364458273535,300.03364453195275,300.0336440253163,300.0336438870106,300.03364460070975,300.0336443783384,300.0336446335576,300.0336447732013,300.03364457680675,300.03364426759174,300.0336449215143,300.0336441585986,300.03364462877136,300.0336445920125,300.0336439189214,300.0336446961638,300.0336447611934,300.033644425593,300.0336449865425,300.03364455547387,300.0336447173487,300.03364257646706,300.0336414934658,300.0336400185007,300.03364118826147,300.03364004158885,300.0336392086606
3.31e-07,300.03229031699544,300.0322917075058,300.0322929209052,300.03229336874927,300.0322936192053,300.0322935663886,300.0322937341091,300.03229418273787,300.03229363441886,300.0322936999466,300.0322940557138,300.032293838732,300.0322936763682,300.0322932270475,300.0322933591536,300.03229263515294,300.0322924959996,300.03229286995247,300.03229254129667,300.0322926028823,300.03229244288565,300.03229262978783,300.03229245751913,300.0322927661714,300.03229268658913,300.03229261226045,300.0322925427811,300.03229290637995,300.03229273459306,300.0322928677312,300.03229290031993,300.0322926383797,300.03229279729624,300.0322930629448,300.0322926600848,300.0322927709654,300.03229279513323,300.0322924439417,300.03229290697845,300.0322928787057,300.032292777562,300.03229316616506,300.0322927702672,300.032292803005,300.03229144681944,300.0322905121606,300.03228966459005,300.0322903124775,300.0322893862738,300.0322888374353
4.6410000000000003e-07,300.03125579114266,300.0312569519448,300.0312579669394,300.03125829954433,300.03125850134666,300.03125845955276,300.03125859799115,300.0312589005721,300.03125853977394,300.03125858998703,300.0312588374925,300.0312586629719,300.0312585494082,300.0312582250573,300.0312582753206,300.0312577182769,300.03125762884514,300.0312578764566,300.03125764346373,300.03125766340884,300.03125760272803,300.03125772022554,300.03125760418396,300.0312577891766,300.031257745552,300.0312577349754,300.0312577060185,300.03125791477214,300.0312577982341,300.0312578926584,300.03125792575753,300.0312577281842,300.03125785283186,300.0312580220923,300.0312577841829,300.03125781861826,300.03125784507887,300.0312576320195,300.0312579181476,300.03125789583544,300.0312578473533,300.03125808802247,300.0312578227951,300.031257797113,300.0312567435861,300.0312560119403,300.0312553399689,300.0312557351553,300.0312550162889,300.0312546258449
6.105100000000001e-07,300.03048139763087,300.0304823898665,300.0304832604008,300.030483524136,300.0304836894904,300.0304836538398,300.0304837775833,300.03048398885534,300.03048373692434,300.03048376870845,300.0304839603386,300.0304838217305,300.03048372863014,300.0304834861605,300.0304834907183,300.0304830457832,300.0304829724673,300.03048315882086,300.03048297817276,300.0304829780841,300.03048295901885,300.03048303892723,300.03048296550367,300.0304830819378,300.0304830570084,300.0304830628964,300.03048304983383,300.0304831818647,300.0304831015441,300.03048317755025,300.03048320979957,300.0304830622587,300.030483152075,300.03048326987044,300.03048311281253,300.0304831229197,300.03048314753937,300.0304830030118,300.0304831956134,300.0304831823423,300.0304831549398,300.0304833085581,300.0304831284097,300.03048306862274,300.03048221543304,300.03048161697876,300.03048105009793,300.03048129890647,300.0304807414526,300.0304804277543
7.715610000000001e-07,300.02987741119114,300.0298782637525,300.0298790238244,300.02987924159356,300.0298793796347,300.02987935132336,300.0298794618614,300.02987961541544,300.02987943214214,300.02987945393085,300.0298796053898,300.0298794949834,300.02987941368156,300.02987922397404,300.0298792038931,300.0298788362824,300.0298787723249,300.0298789203822,300.0298787725326,300.0298787611016,300.0298787632271,300.029878820957,300.0298787754774,300.02987885303713,300.029878837762,300.0298788492149,300.0298788419299,300.02987893176714,300.02987887447966,300.0298789377127,300.02987896709425,300.02987885452984,300.0298789226772,300.02987900816225,300.0298788972649,300.029878898715,300.0298789201588,300.0298788148451,300.02987895385206,300.0298789453167,300.0298789285897,300.02987903060625,300.02987890318224,300.0298788227221,300.0298781132092,300.0298776007321,300.02987711347254,300.0298772694544,300.0298768286266,300.0298765586896
9.487171000000002e-07,300.02938873837456,300.0293894689815,300.0293901394142,300.0293903260954,300.0293904429701,300.0293904222733,300.02939052023487,300.0293906361351,300.0293904980335,300.02939051545246,300.0293906362058,300.02939054706144,300.02939047391055,300.0293903195689,300.029390285476,300.0293899751674,300.0293899181704,300.029390039025,300.0293899136862,300.0293898965982,300.02938990945654,300.0293899536674,300.0293899261439,300.0293899805292,300.02938997098556,300.0293899840161,300.02938997908336,300.02939004335326,300.0293900014582,300.0293900539684,300.0293900798172,300.0293899925515,300.02939004599506,300.0293901107288,300.02939002910307,300.02939002764685,300.02939004554537,300.0293899653659,300.02939007084797,300.02939006428323,300.0293900534693,300.0293901239579,300.02939002989467,300.02938993659694,300.02938933473257,300.0293888815685,300.0293884582376,300.029388551674,300.0293881961033,300.02938795503036
1.1435888100000002e-06,300.0289819784254,300.02898260015644,300.02898319445274,300.02898335995314,300.0289834601728,300.0289834465309,300.0289835328404,300.02898362311356,300.02898351637424,300.02898353202863,300.028983628916,300.02898355569295,300.02898348873595,300.02898335959156,300.02898331671815,300.0289830514217,300.0289830001153,300.0289830998202,300.0289829915518,300.02898297227046,300.02898298986895,300.028983025776,300.02898300977307,300.0289830496698,300.0289830439613,300.02898305683686,300.0289830532444,300.02898310071885,300.0289830697926,300.02898311284764,300.0289831350126,300.02898306680913,300.0289831093952,300.02898316031957,300.02898309857704,300.02898309637953,300.0289831110688,300.0289830483398,300.02898313108585,300.02898312534217,300.02898311796747,300.0289831685635,300.02898309618865,300.0289829947501,300.0289824763772,300.0289820673256,300.0289816966908,300.0289817458314,300.0289814539916,300.02898123433505
1.3579476910000003e-06,300.0286358883756,300.0286364127615,300.0286369405685,300.028637091354,300.0286371783871,300.0286371708997,300.02863724668487,300.02863731874476,300.0286372350323,300.0286372497769,300.02863732798687,300.02863726683654,300.02863720481923,300.0286370946853,300.0286370457518,300.02863681723795,300.0286367706381,300.02863685293136,300.0286367588376,300.0286367391978,300.02863675806736,300.0286367888152,300.0286367802032,300.0286368106965,300.0286368077317,300.0286368196814,300.02863681713103,300.02863685299513,300.02863683026794,300.0286368650399,300.0286368836464,300.02863683020195,300.02863686441776,300.02863690567176,300.02863685802953,300.0286368558974,300.02863686798077,300.0286368180059,300.0286368843049,300.0286368790941,300.02863687378624,300.02863691141533,300.0286368534338,300.0286367468947,300.028636295074,300.02863592109406,300.02863559456836,300.0286356111275,300.0286353678235,300.0286351655395
1.5937424601000005e-06,300.02833628996365,300.0283367281288,300.0283371969721,300.02833733715966,300.02833741370443,300.0283374114057,300.0283374778506,300.02833753643705,300.0283374704313,300.0283374843531,300.0283375478594,300.0283374960726,300.02833743816393,300.0283373429317,300.02833728958103,300.02833709186905,300.02833704912786,300.0283371166511,300.0283370350351,300.0283370158618,300.028337034058,300.02833706148573,300.02833705760634,300.0283370818254,300.0283370808701,300.02833709159665,300.0283370899376,300.02833711758717,300.02833710113225,300.02833712879544,300.028337144157,300.0283371022931,300.02833712995016,300.0283371640612,300.02833712670224,300.0283371249327,300.02833713499416,300.02833709465114,300.02833714848947,300.0283371438507,300.0283371398224,300.02833716869105,300.0283371203587,300.02833701090026,300.02833661328987,300.02833626872365,300.0283359794188,300.02833597143587,300.02833576561375,300.0283355783248
1.8531167061100007e-06,300.02807332217725,300.02807368501595,300.02807410113166,300.0280742332692,300.0280743014249,300.02807430339953,300.02807436165574,300.02807440993956,300.0280743579641,300.0280743709228,300.0280744227626,300.02807437842813,300.0280743241097,300.02807424077537,300.02807418422753,300.0280740126574,300.0280739730774,300.028074027911,300.0280739575443,300.0280739391459,300.0280739556502,300.02807398078295,300.0280739799246,300.028073999869,300.0280740003792,300.02807400982925,300.0280740089196,300.0280740307203,300.0280740190808,300.0280740407756,300.02807405331987,300.02807402057095,300.0280740430695,300.02807407165653,300.02807404195704,300.0280740406524,300.0280740491514,300.02807401624625,300.0280740603445,300.0280740563745,300.0280740531634,300.0280740758684,300.028074033988,300.0280739233178,300.02807357063506,300.02807325174365,300.028072993945,300.0280729672865,300.02807279071624,300.02807261689253
2.138428376721001e-06,300.02783988669506,300.0278401846787,300.0278405534234,300.0278406790221,300.02784074042603,300.02784074585077,300.02784079698813,300.02784083720474,300.02784079650445,300.0278408083661,300.02784085085716,300.02784081259546,300.0278407615724,300.0278406877934,300.02784062910973,300.02784047985983,300.0278404429032,300.02784048679155,300.02784042657214,300.02784040905385,300.0278404234052,300.0278404467773,300.02784044784465,300.02784046482384,300.0278404663805,300.02784047462075,300.0278404743175,300.02784049195094,300.0278404839778,300.02784050076787,300.02784051096336,300.0278404853652,300.02784050380995,300.02784052797483,300.0278405040882,300.0278405032667,300.0278405105339,300.02784048346973,300.0278405197929,300.02784051654373,300.02784051386965,300.02784053204016,300.02784049439583,300.02784038391525,300.0278400689964,300.02783977316494,300.0278395420443,300.0278395011943,300.0278393476476,300.02783918619605
2.4522712143931014e-06,300.02763072438404,300.02763096729836,300.02763129337177,300.0276314132611,300.0276314692015,300.02763147735726,300.0276315223378,300.0276315561462,300.02763152453065,300.02763153523574,300.0276315701544,300.02763153692905,300.0276314890429,300.02763142294975,300.0276313631129,300.02763123295443,300.0276311982219,300.0276312326686,300.0276311814985,300.0276311649211,300.02763117699124,300.0276311988533,300.0276312011563,300.02763121603743,300.02763121831674,300.0276312254664,300.0276312256384,300.02763124029093,300.0276312350676,300.02763124791295,300.02763125621107,300.02763123618735,300.0276312514488,300.0276312719896,300.0276312525948,300.0276312522303,300.0276312584971,300.0276312360835,300.02763126610995,300.02763126357036,300.0276312612566,300.02763127593136,300.02763124096134,300.0276311318281,300.02763084903154,300.02763057432014,300.02763036577755,300.02763031426144,300.02763017897155,300.027630029022
2.7974983358324118e-06,300.02744184234865,300.02744203908594,300.02744232667146,300.0274424412344,300.0274424927386,300.027442503012,300.0274425426797,300.0274425713609,300.0274425470388,300.0274425565999,300.0274425853203,300.0274425563129,300.02744251146834,300.0274424515775,300.027442391494,300.0274422776672,300.02744224486383,300.0274422711798,300.0274422279495,300.02744221238504,300.02744222224226,300.0274422426902,300.02744224580425,300.0274422591614,300.0274422619168,300.02744226811245,300.0274422686484,300.02744228113824,300.02744227793823,300.02744228768125,300.02744229448047,300.02744227877383,300.0274422915294,300.02744230905716,300.0274422931944,300.0274422932351,300.0274422986646,300.02744227999807,300.02744230487383,300.0274423029824,300.02744230091395,300.02744231276347,300.02744227936375,300.0274421725129,300.0274419173251,300.0274416622063,300.02744147277417,300.0274414133985,300.0274412926883,300.0274411534816
3.177248169415653e-06,300.02727014484725,300.02727030328776,300.0272705561548,300.02727066548744,300.02727071338336,300.0272707252643,300.0272707603464,300.0272707849118,300.02727076641213,300.0272707748905,300.02727079848853,300.0272707730224,300.02727073113624,300.0272706762923,300.0272706167723,300.0272705169182,300.02727048581977,300.02727050515665,300.027270468772,300.0272704543063,300.02727046213045,300.02727048118396,300.02727048485457,300.0272704970646,300.02727050011174,300.0272705054909,300.02727050630057,300.02727051717613,300.0272705154313,300.02727052279056,300.0272705284215,300.0272705160435,300.0272705268116,300.02727054181463,300.02727052877435,300.02727052915486,300.0272705338666,300.0272705182506,300.02727053888407,300.02727053755063,300.0272705356515,300.02727054510973,300.02727051251054,300.0272704086653,300.02727017743064,300.0272699406292,300.0272697674033,300.0272697024061,300.0272695934233,300.02726946425315
3.5949729863572187e-06,300.0271131876898,300.02711331466764,300.02711353624915,300.0271136402724,300.0271136852284,300.02711369830297,300.0271137294221,300.0271137506754,300.02711373680063,300.0271137442826,300.02711376361196,300.0271137411088,300.02711370208095,300.0271136514041,300.0271135931417,300.02711350525385,300.0271134756825,300.02711348905996,300.0271134584776,300.0271134451925,300.02711345122094,300.0271134688705,300.0271134729467,300.0271134842535,300.02711348745754,300.0271134921508,300.0271134931639,300.0271135027816,300.02711350205453,300.0271135076251,300.0271135123508,300.027113502538,300.0271135117091,300.02711352458897,300.0271135138361,300.0271135144875,300.0271135185734,300.02711350546315,300.02711352258814,300.0271135217118,300.0271135199307,300.0271135272761,300.0271134949589,300.02711339464474,300.027113184373,300.0271129647666,300.0271128053445,300.0271127365027,300.0271126370256,300.0271125172113
4.054470284992941e-06,300.02696901013513,300.02696911146995,300.02696930492067,300.0269694034611,300.0269694460095,300.026969459951,300.02696948764014,300.0269695062178,300.02696949600545,300.02696950258536,300.02696951833053,300.02696949828953,300.02696946199245,300.02696941482645,300.02696935838907,300.02696928077006,300.02696925257976,300.02696926090664,300.0269692351644,300.02696922311964,300.02696922761174,300.02696924384577,300.0269692482331,300.0269692587928,300.026969262057,300.0269692661845,300.02696926734785,300.0269692759339,300.0269692758935,300.02696928015257,300.0269692841766,300.02696927634986,300.02696928421517,300.0269692953074,300.0269692864299,300.02696928728653,300.0269692908221,300.02696927978525,300.02696929400406,300.0269692934852,300.02696929178467,300.0269692971924,300.0269692648293,300.0269691683963,300.0269689766201,300.02696877317726,300.02696862559833,300.0269685543119,300.0269684626058,300.02696835148174
4.559917313492236e-06,300.02683601696737,300.02683609753893,300.02683626577607,300.02683635862707,300.0268363991782,300.0268364137342,300.0268364384542,300.0268364548567,300.0268364475405,300.0268364533097,300.02683646602526,300.026836448014,300.0268364142926,300.02683637015673,300.0268363159849,300.0268362472031,300.02683622027246,300.0268362243617,300.0268362025991,300.02683619181954,300.02683619503415,300.026836209854,300.02683621448347,300.0268362243949,300.0268362276524,300.0268362313214,300.02683623259617,300.026836240293,300.02683624069374,300.02683624401146,300.0268362474886,300.02683624121437,300.0268362479923,300.0268362575787,300.0268362502518,300.02683625125616,300.026836254307,300.02683624499616,300.02683625680845,300.0268362565563,300.0268362549029,300.0268362584818,300.0268362258889,300.0268361335398,300.0268359582066,300.02683576994866,300.0268356326335,300.0268355599966,300.026835474705,300.0268353716194
5.11590904484146e-06,300.0267128939623,300.02671295781096,300.02671310353924,300.0267131905065,300.02671322935885,300.02671324433805,300.02671326649124,300.02671328111006,300.02671327608215,300.02671328112376,300.0267132912631,300.0267132749133,300.0267132435917,300.02671320213904,300.02671315055375,300.0267130894013,300.02671306363044,300.0267130642088,300.02671304567696,300.0267130361484,300.02671303832955,300.02671305175596,300.02671305656503,300.0267130658916,300.02671306909855,300.0267130724021,300.026713073761,300.02671308066107,300.0267130813247,300.026713083979,300.02671308702634,300.0267130819811,300.0267130878395,300.026713096156,300.0267130901191,300.0267130912227,300.02671309384914,300.0267130859817,300.0267130958054,300.02671309574015,300.0267130940972,300.0267130959162,300.0267130630165,300.02671297483766,300.0267128142252,300.0267126402058,300.0267125118962,300.02671243875756,300.0267123588199,300.02671226313885
5.727499949325607e-06,300.02659854611744,300.02659859655336,300.0265987222798,300.0265988032139,300.02659884056465,300.0265988558224,300.0265988757633,300.0265988889051,300.02659888568127,300.02659889006765,300.0265988980058,300.02659888300946,300.0265988539002,300.02659881488273,300.026598766098,300.02659871155305,300.0265986868621,300.02659868457584,300.02659866863905,300.02659866030984,300.0265986616786,300.0265986737531,300.02659867867686,300.0265986874603,300.02659869059073,300.0265986936067,300.0265986950308,300.02659870120067,300.026598702001,300.02659870419376,300.0265987068999,300.02659870284094,300.0265987079134,300.02659871515715,300.026598710197,300.0265987113604,300.026598713619,300.0265987069634,300.0265987151479,300.02659871520143,300.026598713524,300.02659871363227,300.02659868042514,300.02659859641716,300.0265984490662,300.02659828836227,300.0265981680641,300.0265980950789,300.0265980196674,300.0265979307805
6.400249944258168e-06,300.02649205173697,300.02649209145005,300.02649219949063,300.026492274309,300.0264923102657,300.0264923256902,300.02649234373314,300.0264923556395,300.0264923538308,300.0264923576232,300.02649236367427,300.02649234977923,300.0264923226924,300.02649228593356,300.0264922400713,300.02649219126477,300.0264921675929,300.0264921630121,300.0264921491427,300.0264921419296,300.02649214267933,300.0264921534626,300.0264921584317,300.02649216670125,300.02649216974226,300.02649217253366,300.0264921740095,300.02649217950466,300.02649218035583,300.02649218222894,300.02649218466127,300.0264921814034,300.02649218580115,300.02649219213544,300.0264921880754,300.02649218926695,300.0264921912107,300.02649218557593,300.02649219241226,300.0264921925265,300.0264921907595,300.0264921892009,300.02649215573854,300.0264920758428,300.02649194050366,300.02649179221373,300.0264916791443,300.0264916068178,300.0264915352885,300.0264914526153
7.1402749386839854e-06,300.02639262777626,300.02639265893805,300.0263927514213,300.02639282011984,300.0263928547152,300.0263928702156,300.02639288663903,300.02639289750294,300.0263928967931,300.02639290004277,300.0263929044735,300.02639289147737,300.0263928662284,300.0263928316016,300.02639278870686,300.02639274489616,300.0263927221996,300.026392715822,300.02639270359055,300.0263926973867,300.0263926976817,300.0263927072496,300.02639271219266,300.0263927199705,300.0263927229184,300.0263927255345,300.0263927270514,300.02639273192517,300.02639273277117,300.0263927344216,300.02639273663146,300.02639273402997,300.0263927378484,300.02639274340856,300.02639274010096,300.02639274129547,300.026392742973,300.0263927382011,300.02639274392936,300.02639274405374,300.02639274213243,300.0263927389558,300.02639270532495,300.02639262944575,300.0263925050343,300.0263923682819,300.02639226182396,300.02639219054697,300.02639212240183,300.02639204539696
7.954302432552384e-06,300.0262996033208,300.0262996276763,300.0262997065456,300.0262997692018,300.0262998024103,300.026299817907,300.026299832956,300.0262998429337,300.02629984306327,300.02629984581296,300.0262998488529,300.02629983659585,300.0262998130123,300.0262997804243,300.02629974047966,300.0262997010277,300.02629967927703,300.0262996715327,300.0262996605961,300.02629965527956,300.02629965525443,300.02629966369443,300.02629966854226,300.02629967584636,300.0262996787029,300.02629968118094,300.02629968272925,300.0262996870367,300.0262996878444,300.02629968933616,300.0262996913627,300.0262996893016,300.0262996926242,300.0262996975221,300.02629969484246,300.02629969602003,300.026299697475,300.02629969343445,300.0262996982504,300.0262996983391,300.02629969619227,300.0262996914573,300.0262996577661,300.0262995857866,300.0262994713504,300.0262993452891,300.02629924495125,300.02629917502895,300.0262991098856,300.026299038043
8.849732675807622e-06,300.0262996033208,300.0262996276763,300.0262997065456,300.0262997692018,300.0262998024103,300.026299817907,300.026299832956,300.0262998429337,300.02629984306327,300.02629984581296,300.0262998488529,300.02629983659585,300.0262998130123,300.0262997804243,300.02629974047966,300.0262997010277,300.02629967927703,300.0262996715327,300.0262996605961,300.02629965527956,300.02629965525443,300.02629966369443,300.02629966854226,300.02629967584636,300.0262996787029,300.02629968118094,300.02629968272925,300.0262996870367,300.0262996878444,300.02629968933616,300.0262996913627,300.0262996893016,300.0262996926242,300.0262996975221,300.02629969484246,300.02629969602003,300.026299697475,300.02629969343445,300.0262996982504,300.0262996983391,300.02629969619227,300.0262996914573,300.0262996577661,300.0262995857866,300.0262994713504,300.0262993452891,300.02629924495125,300.02629917502895,300.0262991098856,300.026299038043
9.834705943388386e-06,300.0262996033208,300.0262996276763,300.0262997065456,300.0262997692018,300.0262998024103,300.026299817907,300.026299832956,300.0262998429337,300.02629984306327,300.02629984581296,300.0262998488529,300.02629983659585,300.0262998130123,300.0262997804243,300.02629974047966,300.0262997010277,300.02629967927703,300.0262996715327,300.0262996605961,300.02629965527956,300.02629965525443,300.02629966369443,300.02629966854226,300.02629967584636,300.0262996787029,300.02629968118094,300.02629968272925,300.0262996870367,300.0262996878444,300.02629968933616,300.0262996913627,300.0262996893016,300.0262996926242,300.0262996975221,300.02629969484246,300.02629969602003,300.026299697475,300.02629969343445,300.0262996982504,300.0262996983391,300.02629969619227,300.0262996914573,300.0262996577661,300.0262995857866,300.0262994713504,300.0262993452891,300.02629924495125,300.02629917502895,300.0262991098856,300.026299038043
1.0918176537727226e-05,300.0262996033208,300.0262996276763,300.0262997065456,300.0262997692018,300.0262998024103,300.026299817907,300.026299832956,300.0262998429337,300.02629984306327,300.02629984581296,300.0262998488529,300.02629983659585,300.0262998130123,300.0262997804243,300.02629974047966,300.0262997010277,300.02629967927703,300.0262996715327,300.0262996605961,300.02629965527956,300.02629965525443,300.02629966369443,300.02629966854226,300.02629967584636,300.0262996787029,300.02629968118094,300.02629968272925,300.0262996870367,300.0262996878444,300.02629968933616,300.0262996913627,300.0262996893016,300.0262996926242,300.0262996975221,300.02629969484246,300.02629969602003,300.026299697475,300.02629969343445,300.0262996982504,300.0262996983391,300.02629969619227,300.0262996914573,300.0262996577661,300.0262995857866,300.0262994713504,300.0262993452891,300.02629924495125,300.02629917502895,300.0262991098856,300.026299038043
1.210999419149995e-05,300.0262996033208,300.0262996276763,300.0262997065456,300.0262997692018,300.0262998024103,300.026299817907,300.026299832956,300.0262998429337,300.02629984306327,300.02629984581296,300.0262998488529,300.02629983659585,300.0262998130123,300.0262997804243,300.02629974047966,300.0262997010277,300.02629967927703,300.0262996715327,300.0262996605961,300.02629965527956,300.02629965525443,300.02629966369443,300.02629966854226,300.02629967584636,300.0262996787029,300.02629968118094,300.02629968272925,300.0262996870367,300.0262996878444,300.02629968933616,300.0262996913627,300.0262996893016,300.0262996926242,300.0262996975221,300.02629969484246,300.02629969602003,300.026299697475,300.02629969343445,300.0262996982504,300.0262996983391,300.02629969619227,300.0262996914573,300.0262996577661,300.0262995857866,300.0262994713504,300.0262993452891,300.02629924495125,300.02629917502895,300.0262991098856,300.026299038043
1.3420993610649945e-05,300.0262996033208,300.0262996276763,300.0262997065456,300.0262997692018,300.0262998024103,300.026299817907,300.026299832956,300.0262998429337,300.02629984306327,300.02629984581296,300.0262998488529,300.02629983659585,300.0262998130123,300.0262997804243,300.02629974047966,300.0262997010277,300.02629967927703,300.0262996715327,300.0262996605961,300.02629965527956,300.02629965525443,300.02629966369443,300.02629966854226,300.02629967584636,300.0262996787029,300.02629968118094,300.02629968272925,300.0262996870367,300.0262996878444,300.02629968933616,300.0262996913627,300.0262996893016,300.0262996926242,300.0262996975221,300.02629969484246,300.02629969602003,300.026299697475,300.02629969343445,300.0262996982504,300.0262996983391,300.02629969619227,300.0262996914573,300.0262996577661,300.0262995857866,300.0262994713504,300.0262993452891,300.02629924495125,300.02629917502895,300.0262991098856,300.026299038043
1.486309297171494e-05,300.0262996033208,300.0262996276763,300.0262997065456,300.0262997692018,300.0262998024103,300.026299817907,300.026299832956,300.0262998429337,300.02629984306327,300.02629984581296,300.0262998488529,300.02629983659585,300.0262998130123,300.0262997804243,300.02629974047966,300.0262997010277,300.02629967927703,300.0262996715327,300.0262996605961,300.02629965527956,300.02629965525443,300.02629966369443,300.02629966854226,300.02629967584636,300.0262996787029,300.02629968118094,300.02629968272925,300.0262996870367,300.0262996878444,300.02629968933616,300.0262996913627,300.0262996893016,300.0262996926242,300.0262996975221,300.02629969484246,300.02629969602003,300.026299697475,300.02629969343445,300.0262996982504,300.0262996983391,300.02629969619227,300.0262996914573,300.0262996577661,300.0262995857866,300.0262994713504,300.0262993452891,300.02629924495125,300.02629917502895,300.0262991098856,300.026299038043
1.6449402268886436e-05,300.0262996033208,300.0262996276763,300.0262997065456,300.0262997692018,300.0262998024103,300.026299817907,300.026299832956,300.0262998429337,300.02629984306327,300.02629984581296,300.0262998488529,300.02629983659585,300.0262998130123,300.0262997804243,300.02629974047966,300.0262997010277,300.02629967927703,300.0262996715327,300.0262996605961,300.02629965527956,300.02629965525443,300.02629966369443,300.02629966854226,300.02629967584636,300.0262996787029,300.02629968118094,300.02629968272925,300.0262996870367,300.0262996878444,300.02629968933616,300.0262996913627,300.0262996893016,300.0262996926242,300.0262996975221,300.02629969484246,300.02629969602003,300.026299697475,300.02629969343445,300.0262996982504,300.0262996983391,300.02629969619227,300.0262996914573,300.0262996577661,300.0262995857866,300.0262994713504,300.0262993452891,300.02629924495125,300.02629917502895,300.0262991098856,300.026299038043
1.819434249577508e-05,300.0262996033208,300.0262996276763,300.0262997065456,300.0262997692018,300.0262998024103,300.026299817907,300.026299832956,300.0262998429337,300.02629984306327,300.02629984581296,300.0262998488529,300.02629983659585,300.0262998130123,300.0262997804243,300.02629974047966,300.0262997010277,300.02629967927703,300.0262996715327,300.0262996605961,300.02629965527956,300.02629965525443,300.02629966369443,300.02629966854226,300.02629967584636,300.0262996787029,300.02629968118094,300.02629968272925,300.0262996870367,300.0262996878444,300.02629968933616,300.0262996913627,300.0262996893016,300.0262996926242,300.0262996975221,300.02629969484246,300.02629969602003,300.026299697475,300.02629969343445,300.0262996982504,300.0262996983391,300.02629969619227,300.0262996914573,300.0262996577661,300.0262995857866,300.0262994713504,300.0262993452891,300.02629924495125,300.02629917502895,300.0262991098856,300.026299038043
2.011377674535259e-05,300.0262996033208,300.0262996276763,300.0262997065456,300.0262997692018,300.0262998024103,300.026299817907,300.026299832956,300.0262998429337,300.02629984306327,300.02629984581296,300.0262998488529,300.02629983659585,300.0262998130123,300.0262997804243,300.02629974047966,300.0262997010277,300.02629967927703,300.0262996715327,300.0262996605961,300.02629965527956,300.02629965525443,300.02629966369443,300.02629966854226,300.02629967584636,300.0262996787029,300.02629968118094,300.02629968272925,300.0262996870367,300.0262996878444,300.02629968933616,300.0262996913627,300.0262996893016,300.0262996926242,300.0262996975221,300.02629969484246,300.02629969602003,300.026299697475,300.02629969343445,300.0262996982504,300.0262996983391,300.02629969619227,300.0262996914573,300.0262996577661,300.0262995857866,300.0262994713504,300.0262993452891,300.02629924495125,300.02629917502895,300.0262991098856,300.026299038043
2.222515441988785e-05,300.0262996033208,300.0262996276763,300.0262997065456,300.0262997692018,300.0262998024103,300.026299817907,300.026299832956,300.0262998429337,300.02629984306327,300.02629984581296,300.0262998488529,300.02629983659585,300.0262998130123,300.0262997804243,300.02629974047966,300.0262997010277,300.02629967927703,300.0262996715327,300.0262996605961,300.02629965527956,300.02629965525443,300.02629966369443,300.02629966854226,300.02629967584636,300.0262996787029,300.02629968118094,300.02629968272925,300.0262996870367,300.0262996878444,300.02629968933616,300.0262996913627,300.0262996893016,300.0262996926242,300.0262996975221,300.02629969484246,300.02629969602003,300.026299697475,300.02629969343445,300.0262996982504,300.0262996983391,300.02629969619227,300.0262996914573,300.0262996577661,300.0262995857866,300.0262994713504,300.0262993452891,300.02629924495125,300.02629917502895,300.0262991098856,300.026299038043
2.4547669861876638e-05,300.0262996033208,300.0262996276763,300.0262997065456,300.0262997692018,300.0262998024103,300.026299817907,300.026299832956,300.0262998429337,300.02629984306327,300.02629984581296,300.0262998488529,300.02629983659585,300.0262998130123,300.0262997804243,300.02629974047966,300.0262997010277,300.02629967927703,300.0262996715327,300.0262996605961,300.02629965527956,300.02629965525443,300.02629966369443,300.02629966854226,300.02629967584636,300.0262996787029,300.02629968118094,300.02629968272925,300.0262996870367,300.0262996878444,300.02629968933616,300.0262996913627,300.0262996893016,300.0262996926242,300.0262996975221,300.02629969484246,300.02629969602003,300.026299697475,300.02629969343445,300.0262996982504,300.0262996983391,300.02629969619227,300.0262996914573,300.0262996577661,300.0262995857866,300.0262994713504,300.0262993452891,300.02629924495125,300.02629917502895,300.0262991098856,300.026299038043
2.7102436848064303e-05,300.0262996033208,300.0262996276763,300.0262997065456,300.0262997692018,300.0262998024103,300.026299817907,300.026299832956,300.0262998429337,300.02629984306327,300.02629984581296,300.0262998488529,300.02629983659585,300.0262998130123,300.0262997804243,300.02629974047966,300.0262997010277,300.02629967927703,300.0262996715327,300.0262996605961,300.02629965527956,300.02629965525443,300.02629966369443,300.02629966854226,300.02629967584636,300.0262996787029,300.02629968118094,300.02629968272925,300.0262996870367,300.0262996878444,300.02629968933616,300.0262996913627,300.0262996893016,300.0262996926242,300.0262996975221,300.02629969484246,300.02629969602003,300.026299697475,300.02629969343445,300.0262996982504,300.0262996983391,300.02629969619227,300.0262996914573,300.0262996577661,300.0262995857866,300.0262994713504,300.0262993452891,300.02629924495125,300.02629917502895,300.0262991098856,300.026299038043
2.9912680532870735e-05,300.0262996033208,300.0262996276763,300.0262997065456,300.0262997692018,300.0262998024103,300.026299817907,300.026299832956,300.0262998429337,300.02629984306327,300.02629984581296,300.0262998488529,300.02629983659585,300.0262998130123,300.0262997804243,300.02629974047966,300.0262997010277,300.02629967927703,300.0262996715327,300.0262996605961,300.02629965527956,300.02629965525443,300.02629966369443,300.02629966854226,300.02629967584636,300.0262996787029,300.02629968118094,300.02629968272925,300.0262996870367,300.0262996878444,300.02629968933616,300.0262996913627,300.0262996893016,300.0262996926242,300.0262996975221,300.02629969484246,300.02629969602003,300.026299697475,300.02629969343445,300.0262996982504,300.0262996983391,300.02629969619227,300.0262996914573,300.0262996577661,300.0262995857866,300.0262994713504,300.0262993452891,300.02629924495125,300.02629917502895,300.0262991098856,300.026299038043
3.300394858615781e-05,300.0262996033208,300.0262996276763,300.0262997065456,300.0262997692018,300.0262998024103,300.026299817907,300.026299832956,300.0262998429337,300.02629984306327,300.02629984581296,300.0262998488529,300.02629983659585,300.0262998130123,300.0262997804243,300.02629974047966,300.0262997010277,300.02629967927703,300.0262996715327,300.0262996605961,300.02629965527956,300.02629965525443,300.02629966369443,300.02629966854226,300.02629967584636,300.0262996787029,300.02629968118094,300.02629968272925,300.0262996870367,300.0262996878444,300.02629968933616,300.0262996913627,300.0262996893016,300.0262996926242,300.0262996975221,300.02629969484246,300.02629969602003,300.026299697475,300.02629969343445,300.0262996982504,300.0262996983391,300.02629969619227,300.0262996914573,300.0262996577661,300.0262995857866,300.0262994713504,300.0262993452891,300.02629924495125,300.02629917502895,300.0262991098856,300.026299038043
3.6404343444773596e-05,300.0262996033208,300.0262996276763,300.0262997065456,300.0262997692018,300.0262998024103,300.026299817907,300.026299832956,300.0262998429337,300.02629984306327,300.02629984581296,300.0262998488529,300.02629983659585,300.0262998130123,300.0262997804243,300.02629974047966,300.0262997010277,300.02629967927703,300.0262996715327,300.0262996605961,300.02629965527956,300.02629965525443,300.02629966369443,300.02629966854226,300.02629967584636,300.0262996787029,300.02629968118094,300.02629968272925,300.0262996870367,300.0262996878444,300.02629968933616,300.0262996913627,300.0262996893016,300.0262996926242,300.0262996975221,300.02629969484246,300.02629969602003,300.026299697475,300.02629969343445,300.0262996982504,300.0262996983391,300.02629969619227,300.0262996914573,300.0262996577661,300.0262995857866,300.0262994713504,300.0262993452891,300.02629924495125,300.02629917502895,300.0262991098856,300.026299038043
4.014477778925096e-05,300.0262996033208,300.0262996276763,300.0262997065456,300.0262997692018,300.0262998024103,300.026299817907,300.026299832956,300.0262998429337,300.02629984306327,300.02629984581296,300.0262998488529,300.02629983659585,300.0262998130123,300.0262997804243,300.02629974047966,300.0262997010277,300.02629967927703,300.0262996715327,300.0262996605961,300.02629965527956,300.02629965525443,300.02629966369443,300.02629966854226,300.02629967584636,300.0262996787029,300.02629968118094,300.02629968272925,300.0262996870367,300.0262996878444,300.02629968933616,300.0262996913627,300.0262996893016,300.0262996926242,300.0262996975221,300.02629969484246,300.02629969602003,300.026299697475,300.02629969343445,300.0262996982504,300.0262996983391,300.02629969619227,300.0262996914573,300.0262996577661,300.0262995857866,300.0262994713504,300.0262993452891,300.02629924495125,300.02629917502895,300.0262991098856,300.026299038043
4.425925556817606e-05,300.0262996033208,300.0262996276763,300.0262997065456,300.0262997692018,300.0262998024103,300.026299817907,300.026299832956,300.0262998429337,300.02629984306327,300.02629984581296,300.0262998488529,300.02629983659585,300.0262998130123,300.0262997804243,300.02629974047966,300.0262997010277,300.02629967927703,300.0262996715327,300.0262996605961,300.02629965527956,300.02629965525443,300.02629966369443,300.02629966854226,300.02629967584636,300.0262996787029,300.02629968118094,300.02629968272925,300.0262996870367,300.0262996878444,300.02629968933616,300.0262996913627,300.0262996893016,300.0262996926242,300.0262996975221,300.02629969484246,300.02629969602003,300.026299697475,300.02629969343445,300.0262996982504,300.0262996983391,300.02629969619227,300.0262996914573,300.0262996577661,300.0262995857866,300.0262994713504,300.0262993452891,300.02629924495125,300.02629917502895,300.0262991098856,300.026299038043
4.8785181124993674e-05,300.0262996033208,300.0262996276763,300.0262997065456,300.0262997692018,300.0262998024103,300.026299817907,300.026299832956,300.0262998429337,300.02629984306327,300.02629984581296,300.0262998488529,300.02629983659585,300.0262998130123,300.0262997804243,300.02629974047966,300.0262997010277,300.02629967927703,300.0262996715327,300.0262996605961,300.02629965527956,300.02629965525443,300.02629966369443,300.02629966854226,300.02629967584636,300.0262996787029,300.02629968118094,300.02629968272925,300.0262996870367,300.0262996878444,300.02629968933616,300.0262996913627,300.0262996893016,300.0262996926242,300.0262996975221,300.02629969484246,300.02629969602003,300.026299697475,300.02629969343445,300.0262996982504,300.0262996983391,300.02629969619227,300.0262996914573,300.0262996577661,300.0262995857866,300.0262994713504,300.0262993452891,300.02629924495125,300.02629917502895,300.0262991098856,300.026299038043
5.376369923749304e-05,300.0262996033208,300.0262996276763,300.0262997065456,300.0262997692018,300.0262998024103,300.026299817907,300.026299832956,300.0262998429337,300.02629984306327,300.02629984581296,300.0262998488529,300.02629983659585,300.0262998130123,300.0262997804243,300.02629974047966,300.0262997010277,300.02629967927703,300.0262996715327,300.0262996605961,300.02629965527956,300.02629965525443,300.02629966369443,300.02629966854226,300.02629967584636,300.0262996787029,300.02629968118094,300.02629968272925,300.0262996870367,300.0262996878444,300.02629968933616,300.0262996913627,300.0262996893016,300.0262996926242,300.0262996975221,300.02629969484246,300.02629969602003,300.026299697475,300.02629969343445,300.0262996982504,300.0262996983391,300.02629969619227,300.0262996914573,300.0262996577661,300.0262995857866,300.0262994713504,300.0262993452891,300.02629924495125,300.02629917502895,300.0262991098856,300.026299038043
5.876369923749304e-05,300.0262996033208,300.0262996276763,300.0262997065456,300.0262997692018,300.0262998024103,300.026299817907,300.026299832956,300.0262998429337,300.02629984306327,300.02629984581296,300.0262998488529,300.02629983659585,300.0262998130123,300.0262997804243,300.02629974047966,300.0262997010277,300.02629967927703,300.0262996715327,300.0262996605961,300.02629965527956,300.02629965525443,300.02629966369443,300.02629966854226,300.02629967584636,300.0262996787029,300.02629968118094,300.02629968272925,300.0262996870367,300.0262996878444,300.02629968933616,300.0262996913627,300.0262996893016,300.0262996926242,300.0262996975221,300.02629969484246,300.02629969602003,300.026299697475,300.02629969343445,300.0262996982504,300.0262996983391,300.02629969619227,300.0262996914573,300.0262996577661,300.0262995857866,300.0262994713504,300.0262993452891,300.02629924495125,300.02629917502895,300.0262991098856,300.026299038043
6.376369923749304e-05,300.0262996033208,300.0262996276763,300.0262997065456,300.0262997692018,300.0262998024103,300.026299817907,300.026299832956,300.0262998429337,300.02629984306327,300.02629984581296,300.0262998488529,300.02629983659585,300.0262998130123,300.0262997804243,300.02629974047966,300.0262997010277,300.02629967927703,300.0262996715327,300.0262996605961,300.02629965527956,300.02629965525443,300.02629966369443,300.02629966854226,300.02629967584636,300.0262996787029,300.02629968118094,300.02629968272925,300.0262996870367,300.0262996878444,300.02629968933616,300.0262996913627,300.0262996893016,300.0262996926242,300.0262996975221,300.02629969484246,300.02629969602003,300.026299697475,300.02629969343445,300.0262996982504,300.0262996983391,300.02629969619227,300.0262996914573,300.0262996577661,300.0262995857866,300.0262994713504,300.0262993452891,300.02629924495125,300.02629917502895,300.0262991098856,300.026299038043
6.876369923749304e-05,300.0262996033208,300.0262996276763,300.0262997065456,300.0262997692018,300.0262998024103,300.026299817907,300.026299832956,300.0262998429337,300.02629984306327,300.02629984581296,300.0262998488529,300.02629983659585,300.0262998130123,300.0262997804243,300.02629974047966,300.0262997010277,300.02629967927703,300.0262996715327,300.0262996605961,300.02629965527956,300.02629965525443,300.02629966369443,300.02629966854226,300.02629967584636,300.0262996787029,300.02629968118094,300.02629968272925,300.0262996870367,300.0262996878444,300.02629968933616,300.0262996913627,300.0262996893016,300.0262996926242,300.0262996975221,300.02629969484246,300.02629969602003,300.026299697475,300.02629969343445,300.0262996982504,300.0262996983391,300.02629969619227,300.0262996914573,300.0262996577661,300.0262995857866,300.0262994713504,300.0262993452891,300.02629924495125,300.02629917502895,300.0262991098856,300.026299038043
7.376369923749304e-05,300.0262996033208,300.0262996276763,300.0262997065456,300.0262997692018,300.0262998024103,300.026299817907,300.026299832956,300.0262998429337,300.02629984306327,300.02629984581296,300.0262998488529,300.02629983659585,300.0262998130123,300.0262997804243,300.02629974047966,300.0262997010277,300.02629967927703,300.0262996715327,300.0262996605961,300.02629965527956,300.02629965525443,300.02629966369443,300.02629966854226,300.02629967584636,300.0262996787029,300.02629968118094,300.02629968272925,300.0262996870367,300.0262996878444,300.02629968933616,300.0262996913627,300.0262996893016,300.0262996926242,300.0262996975221,300.02629969484246,300.02629969602003,300.026299697475,300.02629969343445,300.0262996982504,300.0262996983391,300.02629969619227,300.0262996914573,300.0262996577661,300.0262995857866,300.0262994713504,300.0262993452891,300.02629924495125,300.02629917502895,300.0262991098856,300.026299038043
7.876369923749304e-05,300.0262996033208,300.0262996276763,300.0262997065456,300.0262997692018,300.0262998024103,300.026299817907,300.026299832956,300.0262998429337,300.02629984306327,300.02629984581296,300.0262998488529,300.02629983659585,300.0262998130123,300.0262997804243,300.02629974047966,300.0262997010277,300.02629967927703,300.0262996715327,300.0262996605961,300.02629965527956,300.02629965525443,300.02629966369443,300.02629966854226,300.02629967584636,300.0262996787029,300.02629968118094,300.02629968272925,300.0262996870367,300.0262996878444,300.02629968933616,300.0262996913627,300.0262996893016,300.0262996926242,300.0262996975221,300.02629969484246,300.02629969602003,300.026299697475,300.02629969343445,300.0262996982504,300.0262996983391,300.02629969619227,300.0262996914573,300.0262996577661,300.0262995857866,300.0262994713504,300.0262993452891,300.02629924495125,300.02629917502895,300.0262991098856,300.026299038043
8.376369923749304e-05,300.0262996033208,300.0262996276763,300.0262997065456,300.0262997692018,300.0262998024103,300.026299817907,300.026299832956,300.0262998429337,300.02629984306327,300.02629984581296,300.0262998488529,300.02629983659585,300.0262998130123,300.0262997804243,300.02629974047966,300.0262997010277,300.02629967927703,300.0262996715327,300.0262996605961,300.02629965527956,300.02629965525443,300.02629966369443,300.02629966854226,300.02629967584636,300.0262996787029,300.02629968118094,300.02629968272925,300.0262996870367,300.0262996878444,300.02629968933616,300.0262996913627,300.0262996893016,300.0262996926242,300.0262996975221,300.02629969484246,300.02629969602003,300.026299697475,300.02629969343445,300.0262996982504,300.0262996983391,300.02629969619227,300.0262996914573,300.0262996577661,300.0262995857866,300.0262994713504,300.0262993452891,300.02629924495125,300.02629917502895,300.0262991098856,300.026299038043
8.876369923749304e-05,300.0262996033208,300.0262996276763,300.0262997065456,300.0262997692018,300.0262998024103,300.026299817907,300.026299832956,300.0262998429337,300.02629984306327,300.02629984581296,300.0262998488529,300.02629983659585,300.0262998130123,300.0262997804243,300.02629974047966,300.0262997010277,300.02629967927703,300.0262996715327,300.0262996605961,300.02629965527956,300.02629965525443,300.02629966369443,300.02629966854226,300.02629967584636,300.0262996787029,300.02629968118094,300.02629968272925,300.0262996870367,300.0262996878444,300.02629968933616,300.0262996913627,300.0262996893016,300.0262996926242,300.0262996975221,300.02629969484246,300.02629969602003,300.026299697475,300.02629969343445,300.0262996982504,300.0262996983391,300.02629969619227,300.0262996914573,300.0262996577661,300.0262995857866,300.0262994713504,300.0262993452891,300.02629924495125,300.02629917502895,300.0262991098856,300.026299038043
9.376369923749304e-05,300.0262996033208,300.0262996276763,300.0262997065456,300.0262997692018,300.0262998024103,300.026299817907,300.026299832956,300.0262998429337,300.02629984306327,300.02629984581296,300.0262998488529,300.02629983659585,300.0262998130123,300.0262997804243,300.02629974047966,300.0262997010277,300.02629967927703,300.0262996715327,300.0262996605961,300.02629965527956,300.02629965525443,300.02629966369443,300.02629966854226,300.02629967584636,300.0262996787029,300.02629968118094,300.02629968272925,300.0262996870367,300.0262996878444,300.02629968933616,300.0262996913627,300.0262996893016,300.0262996926242,300.0262996975221,300.02629969484246,300.02629969602003,300.026299697475,300.02629969343445,300.0262996982504,300.0262996983391,300.02629969619227,300.0262996914573,300.0262996577661,300.0262995857866,300.0262994713504,300.0262993452891,300.02629924495125,300.02629917502895,300.0262991098856,300.026299038043
9.876369923749304e-05,301.1773107412288,301.1743574021081,301.1654703761309,301.15079942522385,301.1305778308875,301.10511597626163,301.0747844394797,301.0400352439607,301.0013775450833,300.95934025162575,300.9144912565947,300.86743042521533,300.81874202448114,300.7690091561172,300.71879665003604,300.66863803083055,300.61902836936656,300.5704193334784,300.5232117476723,300.47774735703615,300.43432077298405,300.39315918119377,300.35444163034134,300.31828548317515,300.2847663267062,300.2539061085625,300.22568831371524,300.2000584836649,300.176934433474,300.15620502746987,300.1377414154092,300.12140063820823,300.10702713221514,300.09446301343274,300.0835479177005,300.0741221418234,300.06603155021895,300.05912858543115,300.05327318755036,300.0483360991557,300.0441974584888,300.04074813491866,300.03789012842935,300.0355354285615,300.0336065666772,300.03203558404806,300.0307633041265,300.0297387474084,300.02891832192915,300.0282650480566
0.00010376369923749304,401.2429718573234,400.9826633494812,400.1992159337675,398.9059140581698,397.12343950671783,394.87930394640193,392.20634523874674,389.1445705925762,385.739064785355,382.0365822146214,378.08730253017995,373.94420987719457,369.65884535649667,365.2826175982427,360.86528577728615,356.453797666359,352.0916473173555,347.8185253373058,343.6695741773629,339.67473030221555,335.8597707932325,332.2445302039755,328.84460672411245,325.6701779559339,322.72776302018804,320.01916983369784,317.54284587632657,315.29391761299485,313.26509139322025,311.44654491674277,309.8269146030224,308.39361001242133,307.1329454613415,306.0310412071781,305.0738069749154,304.2472173208693,303.537740256706,302.93242505321274,302.41898153482657,301.9860697108538,301.6231754281623,301.32072712513565,301.0701311365448,300.8636697417702,300.6945494841284,300.5568096802839,300.44525961107576,300.3554288029402,300.28349595591783,300.226219258546
0.00010876369923749304,447.4592790252754,447.07858528860675,445.9373615820456,444.0541089760705,441.45853334535474,438.1905143860306,434.29864572070926,429.8408643954507,424.8820474250912,419.4913399760906,413.74208664744083,407.71034919849376,401.4718078261076,395.10121219313805,388.6708279288651,382.2489668045141,375.89899584286974,369.6785145843867,363.6385278757552,357.82284304101836,352.2684650965912,347.00457692384646,342.05360803406865,337.4306741723982,333.14493875499056,329.19923008257337,325.59127928705607,322.31413198479646,319.3570436041407,316.7059174617723,314.34423397885803,312.2536582317316,310.4144816133342,308.806464372313,307.4091145826406,306.2021334826724,305.16583040777766,304.28135918716157,303.5309002342217,302.8979037398389,302.36708571701797,301.92452230003346,301.5576753034554,301.25532207553306,301.00754997187505,300.8056610320761,300.6420875160187,300.5103035353535,300.40472714481695,300.3206201170895
0.00011376369923749304,481.975224206044,481.5049793118602,480.09727671602496,477.7745531858944,474.57326446979494,470.5425602016086,465.74270242780204,460.24499998018325,454.12928613246993,447.481147313447,440.39108336680914,432.95259425290624,425.2591169269926,417.40276907446423,409.4725733203858,401.552702778705,393.7212393334004,386.0491029619581,378.59910297864093,371.4252898882337,364.573122318437,358.07867238084714,351.96951441710706,346.2644067339219,340.9745844575262,336.1036420470527,331.6488391701273,327.6016980221915,323.94901046275237,320.6735109241385,317.7549077170783,315.17065377160986,312.896560874055,310.90771810549893,309.178902229726,307.6851492445533,306.402206829993,305.3068545276684,304.3771478963457,303.5926685678915,302.9345710491832,302.38567839397695,301.93050799130106,301.55520670024,301.2475247886349,300.99670989152776,300.7934048594718,300.6295359867243,300.49819359428307,300.39350933540675
0.00011876369923749304,510.63633731535555,510.0919895685746,508.4635987450615,505.7769333712038,502.0740475663861,497.4117850408137,491.8600365771791,485.5012158075908,478.42757138498473,470.73824267447833,462.5379058709583,453.9345275170042,445.0361785466781,435.94932577018926,426.77682832694927,417.6159547791548,408.55692249858447,399.68165761153807,391.06272125802946,382.7626149422734,374.8338125180369,367.3180796782681,360.24727652221344,353.6431874481683,347.5188062539635,341.87839723025877,336.7188749506775,332.0305415096012,327.7982054758154,324.00201995683045,320.6186168349665,317.6220064424387,314.9843222754588,312.67682100877585,310.6703910731661,308.93622208416673,307.4463002301076,306.1737936529616,305.09334347319646,304.18133001417425,303.4159532179426,302.7773341411129,302.2475423977924,301.810533318015,301.45210869691107,301.15980059654925,300.9227551569278,300.7316023288858,300.57831887635456,300.4560871881084
0.00012376369923749304,535.6225116319008,535.0137645285139,533.193490713202,530.1903983027248,526.0514209135728,520.8401008089419,514.634689226461,507.52727102885285,499.62089826680455,491.0264636496275,481.8609484505272,472.24488956560674,462.2990377439777,452.1423005471348,441.8895284409774,431.64933734960186,421.52245655822094,411.6003531760325,401.9640444958033,392.68335827833755,383.8168695775053,375.41129120821506,367.5022265561455,360.11410626337545,353.2614860045633,346.9492453778107,341.1740378736042,335.9251444786854,331.1856951010334,326.93363942854637,323.14297527458706,319.7847583260554,316.8279553163096,314.2405207871408,311.9899875656807,310.0442181615175,308.3719423481352,306.943197538901,305.7296591536483,304.704925152088,303.84462283499204,303.1265174131006,302.53054185070516,302.03873520342006,301.6351936675608,301.3059453143952,301.0388221721671,300.82331442513737,300.65041839623956,300.5124794314696
0.00012876369923749305,558.025285716658,557.3589642901701,555.3670896501311,552.0810253261423,547.5520823301391,541.8498023076121,535.0599113847483,527.283154088157,518.6322482599625,509.2285789469921,499.200114526433,488.67861851627765,477.79614603366423,466.6826963626169,455.46380710647713,444.25820515976574,433.1759852646527,422.317117994231,411.77016048788784,401.6114738982808,391.9050865413883,382.7021336811301,374.0415789737051,365.95023467851513,358.4440806106096,351.52857609880675,345.2001756961434,339.4472836879552,334.25156853311694,329.5890468231359,325.43139740018495,321.74706807799225,318.5022230283927,315.6618905889799,313.1906252847259,311.05333073799744,309.21583752780975,307.64539184738135,306.3110205879684,305.1838344931105,304.2371573988992,303.44664231127894,302.79030413354343,302.24845898031356,301.8036676708172,301.44060241511477,301.1459088100046,300.90804657238857,300.71712434674475,300.5647285060897
0.00013376369923749306,578.4827878279847,577.7640326358108,575.615845425145,572.0720270129475,567.1878898881096,561.0384509721106,553.7162486321114,545.3299247663593,536.0010053800612,525.8604204864487,515.0461317375275,503.7001123756975,491.96468394017324,479.9799168611611,467.8810489358644,455.79598180653903,443.84330794136145,432.13071500280614,420.75360575082664,409.79427516163685,399.32171339220304,389.3910822664858,380.04441595389255,371.3107099185633,363.20726469655517,355.7400941324891,348.9055026173148,342.69112918214523,337.07734665677856,332.0384450673433,327.5440244512182,323.5601886075722,320.0505764159501,316.9775754901803,314.3030483137645,311.9892191194465,309.9992899468907,308.2979727539335,306.8518859894873,305.62987611221814,304.60316676952857,303.74548255226654,303.0330849506558,302.4447126716718,301.9615190703232,301.5669316790128,301.24650537614957,300.9877512127292,300.7799594624755,300.6140157560385
0.00013876369923749307,597.4062003307142,596.6390651742173,594.3466286451884,590.564955097737,585.3530637599272,578.7910360978799,570.977703582191,562.0290051438719,552.0745989590545,541.2542145073644,529.7150223784458,517.6084008151901,505.0861174083766,492.29750558966197,479.3867213873767,466.4900989538072,453.734040480042,441.2333267335987,429.0896552173097,417.3907795065111,406.2102613731128,395.6069759147748,385.62579811365435,376.29775032103487,367.64137227050105,359.66321336845095,352.35946757727385,345.71709829259873,339.7153151250153,334.3268464821946,329.5194050818238,325.2569608294463,321.5008481465768,318.2110409185137,315.3469370280496,312.8683034220262,310.7359283835541,308.91219341384834,307.3614988590048,306.05060335042225,304.9487911812859,304.02800380309804,303.26287927427023,302.6306936999095,302.11129372367736,301.6869496744614,301.34220091981535,301.06367402079354,300.83989516420854,300.661094768171
0.0001437636992374931,615.0788751172074,614.2666638656478,611.8398141321909,607.836511672985,602.3192437284621,595.3728239141622,587.1019565862066,577.6293897223969,567.092363536287,555.6388006239288,543.4244409830864,530.6094101757865,517.3542516448908,503.81690056179457,490.14979086231875,476.4970810207397,462.9924189951751,449.7571669025846,436.8988650862223,424.5103361433711,412.6693931302782,401.4383678612298,390.86478777385,380.9815744766537,371.8084403004376,363.35245528880705,355.6097361770089,348.56664492984055,342.20133708207163,336.4851153984408,331.3839629304768,326.8598885422208,322.8721038745583,319.3783556125333,316.3357638177419,313.701820558016,311.4350765686988,309.4957499726684,307.84617902864517,306.4511789979043,305.27822642512274,304.2975983938481,303.4824156811475,302.80858547545427,302.2547298151854,301.80203302923627,301.4340801168218,301.13666524443585,300.8975945055356,300.7064799412988
0.0001487636992374931,631.705932343186,630.8514052052377,628.2983628693164,624.0869938354277,618.2830552919121,610.975817419695,602.2755089024495,592.3112805589271,581.2274960413993,569.1797655457557,556.3318640862556,542.8521138110407,528.9092727454674,514.6693232032678,500.2924395198186,485.9300936103472,471.7227052286964,457.79778754143774,444.268343626123,431.23193754175713,418.770363992061,406.9491959133816,395.8184547333566,385.4128542605108,375.75322350104506,366.8471409222351,358.69067428791953,351.2696469271133,344.56125240612323,338.5354826220698,333.1567239145011,328.38516979791984,324.1780622764474,320.49107793882376,317.279216267624,314.4978480179218,312.1034346048267,310.05417125069346,308.31046526598084,306.835309844604,305.59448424295454,304.5567007874456,303.6936519134814,302.97995432933203,302.393074125876,301.91316910699936,301.5229209129742,301.20733471420783,300.95353310154337,300.75054032393217
0.00015376369923749311,647.4415665693381,646.5470744770148,643.8748433800378,639.4669638570152,633.3922956564295,625.7443327169171,616.638533408842,606.2101069420592,594.6101508950121,582.0015334518337,568.5556095090311,554.4484277954807,539.856481716281,524.9533265530761,509.9064170382186,494.8741009984554,480.00316381701253,465.4269007979003,451.263451734942,437.61484124381946,424.5666142147378,412.18739984785816,400.52957753854355,389.6295615781923,379.50924965983677,370.17671834656926,361.62801080818065,353.8484657765872,346.81439399743954,340.4945751665866,334.85191314040355,329.84491121809856,325.42897332126523,321.5578408228995,318.18452758158185,315.26241484673903,312.74600185922236,310.5915813933131,308.75774222814215,307.20575939126036,305.8998094246192,304.8071251239054,303.898046613926,303.1459671273421,302.5272553930861,302.0210933862393,301.609302817458,301.27613675878746,301.00806535977796,300.7935509957995
0.00015876369923749313,662.4051990280788,661.4727754820594,658.6874153913711,654.0930248908116,647.7614227498678,639.790127041379,630.2995729789149,619.4307317237427,607.3410989614722,594.2004301318724,580.1872664254996,565.4849758995813,550.2773718405753,534.7451707896009,519.0627080692999,503.39482685754444,487.89432464975147,472.6999576398506,457.93471830552755,443.7048470885635,430.0994372245176,417.1900130947845,405.031193403408,393.66101300446434,383.10239636180603,373.36390915254697,364.4415912045056,356.3203437758423,348.97566378050163,342.3752047694029,336.48048771848835,331.24843481268147,326.63272661553,322.58528686827344,319.05726143099247,316.0001569400057,313.36662124071245,311.11114957683225,309.1906100950982,307.56465008060803,306.195925637109,305.0502641295757,304.09671942746945,303.3075194624173,302.65798641500317,302.1263703582194,301.69367066110914,301.343420189409,301.0614634581772,300.8357233000594
0.00016376369923749314,676.6915835261159,675.7230098129997,672.8298301432651,668.0576910364572,661.4812457365554,653.2018632007429,643.3447358366761,632.0563385313034,619.5002719912001,605.8528549706697,591.2994703201375,576.0304481303725,560.2365567319666,544.1053119184589,527.817577693039,511.54435735379457,495.4441488782114,479.6608860200088,464.3221633011053,449.5382210022807,435.40152240927756,421.9863448537003,409.3494414543394,397.5303970102916,386.5531256036999,376.4266740249378,367.14709743845384,358.69890116235786,351.05682910947496,344.1874846306881,338.0510937205861,332.6030937391414,327.7955431758194,323.5786519301132,319.90180168183383,316.71472587494713,313.96831871767944,311.6153704919223,309.6111150763035,307.9136517422585,306.4841886779119,305.28721309979954,304.29055077848386,303.4653155317808,302.78582766136225,302.22944391711667,301.77637430323466,301.4094594228276,301.113941610029,300.877223659937
0.00016876369923749315,690.3774212129416,689.3742741829476,686.3779759724239,681.4358475861321,674.6252676236816,666.0513040607143,655.8437137430112,644.1542480730025,631.1523543751508,617.0206287123331,601.9509906788289,586.1404156674412,569.7863033170561,553.0826470075237,536.2165263936006,519.3648064602388,502.69140803835114,486.34518988661864,470.4581250301512,455.1442609083666,440.49927166025805,426.6000605931972,413.5054214830396,401.25642594607893,389.8779443441902,379.37949730749693,369.75717185913686,360.99511430545624,353.06736970534445,345.9395588840673,339.57069119982503,333.91480503207015,328.92242712921274,324.54214611434884,320.7216720800146,317.40905575077295,314.5535248864876,312.10624735960147,310.02089979420214,308.2541045162432,306.7656864274668,305.5188507480983,304.48024692491606,303.61992020787176,302.91122873346933,302.33067019753116,301.8576945026032,301.47447475580225,301.1656718679661,300.9181858318062
0.00017376369923749317,703.5258539663593,702.489541956653,699.3943246538263,694.2891393368368,687.2539935829777,678.3975201516829,667.8538697268028,655.7798686053869,642.3505809440219,627.7546253821316,612.1901861076176,595.8606005699072,578.9696098899794,561.7173966643529,544.2969752671677,526.8908043156395,509.6679779362246,492.7820527422264,476.36917908765065,460.54703811391846,445.41437137224943,431.0505937334514,417.5164550379621,404.8544567287517,393.0903952164051,382.23425824409856,372.2821793822971,363.2179789980996,355.01505187678885,347.63809711428974,341.04497784610396,335.1884106554489,330.01747180861645,325.47921192753887,321.5197528280288,318.08554393941785,315.1242250350109,312.5854158662621,310.4213051061967,308.58710206993544,307.0413065048325,305.7458939227687,304.6663839783082,303.77179426732823,303.034556409679,302.4303397835767,301.93786041184734,301.5386460726318,301.2167948070859,300.9587191864441
0.00017876369923749318,716.189613108945,715.1214035542719,711.9310471184145,706.6690456025811,699.4179498547496,690.289837928966,679.423102262122,666.9794638348069,653.1393977959011,638.0973167810896,622.0574248377695,605.2291662634342,587.8223622136667,570.0431240092479,552.0901466902487,534.1512398937457,516.4004449946032,498.99581058625853,482.0774819076044,465.76661643421835,450.1648928770788,435.3541337552756,421.39696803591005,408.33727510347626,396.2017497567488,385.00084054137267,374.73074068618666,365.3749744193418,356.9063301302615,349.288640180202,342.47868521693647,336.4279299275194,331.0840737273613,326.3927047114913,322.29843194154773,318.74617738759764,315.68206398700363,313.0542307407397,310.81344122400475,308.9135497138926,307.31178350907226,305.96893580761684,304.84943863191705,303.92131897865283,303.156114216269,302.5286932044345,302.01706178148333,301.60212240583553,301.2674269748664,300.9989144829604
0.0001837636992374932,728.4132849457186,727.3143260035791,724.0322552241839,718.6190926673037,711.1598557905191,701.7699609372893,690.5919058759523,677.7921441898322,663.5563764610316,648.0846028789541,631.5868258378447,614.2783650364995,596.374884261565,578.0881866947086,559.6224167770818,541.170514126479,522.9112612567319,505.00701090853823,487.60173664402316,470.8199285407579,454.76608339601125,439.52433634623253,425.1591250220557,411.7156591671922,399.22150646269426,387.687570266064,377.1101152042362,367.47239635734456,358.74663557600684,350.89584852815904,343.87579141534775,337.6367407253933,332.1250861622747,327.2850221356258,323.0597138590033,319.3926232357102,316.22842131532,313.513827854359,311.19823871899905,309.2342060753876,307.5777328900388,306.18847330678904,305.0298101853598,304.06881372292224,303.27615645067135,302.6259320356959,302.09545770169814,301.6650287833612,301.3176662257674,301.03884800256384
0.0001887636992374932,740.2349783581766,739.1063161249447,735.7356518390584,730.1764822653809,722.5162225593533,712.8735310310246,701.394887751798,688.2513323422509,673.6336226168762,657.7471588165229,640.8075400480782,623.0357503179248,604.653079230792,585.8768052098233,566.9163103620858,547.9694617379515,529.2195939724718,510.8331915869046,492.95790352005685,475.7214204035917,459.2309476277161,443.5728455186543,428.81329544565097,414.998793597637,402.15775685932476,390.3015376578039,379.42648255542986,369.5156020390066,360.54058780366535,352.46368459152364,345.23967729378285,338.81771255629957,333.14293192611694,328.1581992678834,323.8052991703494,320.0262953310941,316.7644665401771,313.9651697893932,311.5764859443096,309.54971366958137,307.83967579202744,306.40492712818207,305.20783669461457,304.2145489125715,303.3948984611538,302.72222703588875,302.1731830084583,301.7274712454955,301.3675956292033,301.0785845763143
0.00019376369923749322,751.6875768143433,750.5301692285302,747.0737696908182,741.3733141961355,733.5185533861448,723.6313004411526,711.8619062670633,698.3858633569574,683.398833551648,667.1114459976684,649.7447120561889,631.5250865436237,612.6792858694422,593.4298645866655,573.9912476287046,554.5660429303838,535.3419630222546,516.4894652251191,498.1597326919345,480.4835346699208,463.5706839384867,447.50968515734473,432.3684032933895,418.1945802260285,405.0174599310353,392.84883835722803,381.6851534775428,371.50919360900446,362.29215364595507,353.99554945049505,346.57324347287306,339.97330623430634,334.13968782887366,329.01397976933106,324.53664431491353,320.6484040241505,317.2912004487155,314.4090799455547,311.9488570402638,309.86062177483984,308.0980576408183,306.61865680694245,305.3838070513811,304.3587556525558,303.5125243332063,302.8177242294384,302.25035307203666,301.78954059436796,301.4172863897725,301.118179847219
0.00019876369923749323,762.7996948510788,761.6144230636867,758.0749177857481,752.2375203266347,744.1942604430087,734.0700271241833,722.0189407024416,708.2208250480139,692.8761058813765,676.2004843511833,658.4202145778829,639.7670440287047,620.4729324199199,600.7655265908995,580.8641142012547,560.9758714833843,541.2927275477371,521.988965217215,503.21917098269887,485.1170795904753,467.7950172401473,451.34355779768873,435.8321938554783,421.3098749742546,407.80665146307535,395.3347573980821,383.89073069359074,373.457158041894,364.0047682294955,355.49438701697824,347.87899954167096,341.1056498518012,335.11714904433836,329.8538701436036,325.2550070647147,321.25999410278143,317.8094865679928,314.8462685154537,312.3159332604934,310.1674038499433,308.35326229389926,306.8299721412135,305.5579701764937,304.5016330922601,303.62919273783757,302.91254953427955,302.32706743932147,301.8513152454909,301.4668000677586,301.15768199000183
0.00020376369923749325,754.6288318797621,753.4666764382687,749.9975632480978,744.2764322236089,736.3932493336602,726.4702352959018,714.6584795573727,701.1339169783123,686.0925517795393,669.7457537103675,652.3150150503144,634.0269011026865,615.108551469839,595.782751062523,576.2641000166468,556.7554125476914,537.444637767541,518.5024513189443,500.08032679929596,482.30946425083647,465.3000041280642,449.1410312917758,433.9009072614575,419.62805323286966,406.35226647517436,394.0860396361409,382.8264464390459,372.5569173841001,363.24919761590513,354.865364609676,347.35974055210283,340.6807726648474,334.7727546559438,329.5774863356433,325.03556791217056,321.08779870940066,317.6761012124469,314.74443560976033,312.23948380152206,310.11113003923873,308.31282542387953,306.80179682090863,305.53913739195207,304.48979548768375,303.62248167558437,302.90949795299207,302.3265424629892,301.85245617095006,301.46896540129114,301.16040431659496
0.00020876369923749326,754.3380379805873,753.1785433006828,749.717238765545,744.0089751329579,736.1434962771277,726.2427183005987,714.4572906796304,700.9626655762643,685.9543398695689,669.642959234012,652.2492901410102,633.999246342106,615.1191443692221,595.8310228978635,576.3487637637996,556.8745021939644,537.595564255658,518.6821133014821,500.28521095781275,482.5357271729382,465.5436394458668,449.39792760380396,434.16699319905285,419.89936495872416,406.6250715757645,394.35688381720536,383.09222260826346,372.8148967048359,363.4970782725177,355.10125728366796,347.5821801252463,340.88870419754164,334.9654934486903,329.754702548345,325.19724439437385,321.23418043773654,317.80765993912905,314.86182625504534,312.3434968998467,310.20266000601947,308.3928301557001,306.8712666487254,305.59907018236845,304.54117101128537,303.66624578860103,302.94654828274594,302.35771768218876,301.87852990694466,301.49064272955115,301.1783205710889
0.00021376369923749327,755.0525743110888,753.8930673256507,750.4316944287864,744.7233279256238,736.8576856653315,726.956642589915,715.1707713388109,701.6754379182469,686.6660197183047,670.3529839823957,652.9569012003595,634.7034824383688,615.8187965521978,596.5246467631499,577.0346858575406,557.5508443434135,538.2602748909424,519.333019680686,500.9200744846265,483.1522981851601,466.1397300612934,449.9714633168228,434.71607705628514,420.42232301834485,407.12049929735235,394.82367770941687,383.5296003821028,373.2224062926973,363.8746010423455,355.44899426911184,347.9006340393471,341.1786531048885,335.2279566146197,329.9909058554713,325.4085828693768,321.4221759971494,317.97392462065375,315.0080256522804,312.4713146946798,310.31376918608515,308.4888657780746,306.953803950944,305.66960720853365,304.6011148070796,303.7169034837436,302.98912117469354,302.39329878963974,301.9081043251098,301.5150903313704,301.1984203544232
0.00021876369923749328,755.9587754291249,754.7987514447328,751.3358441861801,745.6249521561768,737.7558007636466,727.8502676285018,716.058916325308,702.5570892912679,687.5401154343485,671.2183833632881,653.8123642457952,635.5476524432718,616.6501790610332,597.3416117852028,577.8354731974483,558.3335836376423,539.0230139907994,520.0737642718852,501.6368358556059,483.84314162864746,466.80282894311097,450.60514793547287,435.3188821928401,420.9930285715144,407.65816159252705,395.3276556331363,383.9995668713673,373.65835239146475,364.27683083800355,355.8181099332561,348.23751347972905,341.48442135586316,335.5039527106058,330.23864597486335,325.62972332791503,321.61847344900855,318.1471995658638,315.1601274198531,312.60408875584847,310.42902914571135,308.58836885226117,307.0392309207859,305.7425466495944,304.6630514149779,303.76921048785704,303.03305599495354,302.43000199997596,301.9386011680254,301.5402944641902,301.21913913906945
0.0002237636992374933,756.8020535999578,755.6416847947557,752.1777730956762,746.4652233153727,738.5937492077271,728.685205838678,716.8901213199132,703.3837784599823,688.3614201840041,672.0333250174873,654.619830414304,636.3463770890555,617.4387299154541,598.1183922923288,578.5987310254775,559.0814333278477,539.7534688753395,520.784777169646,502.3263494120323,484.50914012741,467.4433915670157,451.21850207205466,435.903450618895,421.54747355492736,408.18141593891653,395.8189513111811,384.4584477779453,374.08468026248477,364.67078068767455,356.18015725898863,348.568412903879,341.78517903650317,335.7757948124664,330.48298209463405,325.8481101237878,321.8125758631859,318.3187542699642,315.3109079059649,312.7358729303967,310.54357075642093,308.6873728862302,307.1243331170384,305.81529714352666,304.72490262437617,303.82150883456734,303.0770369875256,302.46678861533496,301.9692047709598,301.5656179951541,301.23998190054743
0.0002287636992374933,757.481428494263,756.3211546165592,752.8575571677118,747.1455185461202,739.2747007010701,729.366883071647,717.5724950713819,704.0666849117962,689.0445284074291,672.7161115563651,655.301552461151,637.0260514406733,618.115124938146,598.7900323599329,579.2639098642312,559.7382420745712,540.399834367208,521.4185087265732,502.9451959112821,485.110849220078,468.02576871481335,451.77947168730856,436.44110893725326,422.06013979939337,408.66766858586936,396.2776626515258,384.88880172186407,374.48618296565473,365.04325971450044,356.5237526099713,348.88355852594134,342.0725775704282,336.0363881071951,330.71791571894585,326.05869775446047,322.0002610587447,318.4850736644477,315.45745583838266,312.86426840570914,310.6554277075937,308.78427445680813,307.2078098254632,305.8868090667229,304.78582586404514,303.8731257292335,303.12052978030647,302.5032364727681,301.99958341122124,301.59080168264416,301.2607471561375
0.00023376369923749332,757.9545472664922,756.7949195518221,753.3332832817368,747.6244663487407,739.7580302003282,729.855613864308,718.0674695664446,704.568519864701,689.5535742301349,673.2324226127471,655.8248569432249,637.5557296180617,618.6502042726797,599.3291954240717,579.8055132002664,560.2803507953,540.9402680589179,521.9548962834504,503.4750411244916,485.6315990580479,468.53488080450154,452.274484724158,436.9197037636603,422.52019912431945,409.1073207451145,396.6953235312086,385.28319916142124,374.85637331992405,365.3886320592064,356.84402431467873,349.178760395199,342.343031482348,336.28267978780366,330.94086066064364,326.2593064301299,322.17970106585824,318.6446325978126,315.5985052262767,312.98822967585886,310.7637410364765,308.8783715219529,307.28909024987587,305.95662078347584,304.8454497629012,303.9237640221893,303.16329790803593,302.53915843713855,302.02958982327203,301.61573029959146,301.28134527565305
0.00023876369923749334,758.2055017719326,757.0471125589336,753.5892048275805,747.8865189512863,740.0284641995028,730.1364701348886,718.3605277205504,704.8752370907539,689.8750356738199,673.5693061504637,656.1773997878496,637.9237060527691,619.0329232836217,599.7255124616696,580.213854777322,560.6987560169865,541.3664425824828,522.3862758945116,503.9088664959425,486.0649936633446,468.96492786200224,452.69830733736046,437.33453518052727,422.9234515133791,409.49663733155273,397.0686283725716,385.6387287334509,375.19269946749534,365.70467174413983,357.1390399915996,349.4523490739772,342.5951054705092,336.5134418037152,331.15077129339716,326.4490502170485,322.35014893938705,318.79680443182514,315.73353300326676,313.10732233064493,310.868151818971,308.96936907300824,307.36793319781066,306.02453616734726,304.9036157162542,303.97329617540834,303.20523940890166,302.57447347947345,302.0591600096903,301.64035362370925,301.30173711079397
0.00024376369923749335,758.2315129481068,757.0749607302728,753.6225660986802,747.9289492104826,740.0833152483551,730.2068147466799,718.4490925452226,704.9843290620768,690.006483333943,673.7244184634549,656.3569295949966,638.1278274214583,619.2612313224395,599.9770390171566,580.4870987585113,560.991731873528,541.6767423440733,522.7111415807459,504.2452741267814,486.40974082297316,469.31472034025546,453.04984895531766,437.6846074555908,423.26899148852294,409.8347982927577,397.39683750109344,385.9547259780858,375.4945669492876,365.9908491532194,357.4083297827369,349.7039095109197,342.82843451684164,336.728354576906,331.3473691155914,326.62768757696955,322.5113962252981,318.941410179521,315.86238629668344,313.22141650806236,310.9685503653344,309.05717500281077,307.44426179669887,306.0904914691518,304.96027120655714,304.0216792238875,303.2463193892102,302.60915347853955,302.08827149161897,301.6646538430162,301.32190868063196
0.00024876369923749336,758.0366734218206,756.8825445498585,753.4374107243389,747.7557401693372,739.9264832717465,730.0704434611246,718.3368363311504,704.8993275069867,689.9512936953441,673.7009684789591,656.3664779597954,638.1709408588988,619.3377863765198,600.086241644266,580.6275202361253,561.1613640533349,541.8730675664644,522.9312137101643,504.48581159144544,486.6672235564536,469.58548595438924,453.33019193876476,437.97086808325105,423.55764243452984,410.12251378719077,397.6805586418917,386.2317067421739,375.76240991101565,366.24752643612464,357.6521929636592,349.93368658654583,343.0432169001475,336.92757685152407,331.5307796837587,326.79531651706407,322.6635183186685,319.07850690562805,315.98510750976226,313.3305430473278,311.0649585403461,309.14180433320143,307.51808595468833,306.1544928666335,305.015419766389,304.068914892827,303.28653839954177,302.64319827589,302.1169237342148,301.68863027526015,301.3418593051314
0.0002537636992374934,757.6287393255581,756.4775982496178,753.0414072638242,747.3744522844135,739.565380157125,729.7345816948186,718.030763218052,704.6269841690182,689.715939034796,673.5051261442777,656.2118940442654,638.0585607847011,619.2677585222589,600.0579407203392,580.6395885628014,561.2117733135681,541.9591962672312,523.049936481077,504.63360086922364,486.84025547790674,469.77974568606635,453.54158179548557,438.1953053173946,423.7911542229646,410.36131450260984,397.9211224815009,386.47082059679434,375.99721514780487,366.475545206175,357.87134263524274,350.14228050957536,343.239954418563,337.1115252939256,331.7013465914479,326.9522184022512,322.8067440049882,319.2082793242847,316.1018447155508,313.434819803519,311.15746948530216,309.2233301612357,307.58946264825056,306.2165844819807,305.0690953548641,304.11502917533903,303.3259162426673,302.6766229044351,302.14512812551146,301.71229154563804,301.36159553100134
0.0002587636992374934,757.0173811575855,755.8697653294764,752.444118505397,746.7945154516409,739.009253092066,729.2082472478538,717.5396187553478,704.175733945063,689.3085101019044,673.1446097372796,655.9005007088984,637.7975971546352,619.0576326707553,599.8981891686726,580.5289226729893,561.1481472122283,541.9398914606963,523.071658977308,504.6925910388217,486.9324023944766,469.9007011301021,453.68687677002754,438.3604562480889,423.97176583857845,410.5531648021886,398.120242273824,386.67355287759955,376.20026264065393,366.67600177276785,358.06671202315283,350.33048075612044,343.4193107647136,337.2807543344931,331.85953005319845,327.0987728036474,322.9413843358001,319.3309806998945,316.2128028055786,313.53441147651137,311.2462147568532,309.3018569176171,307.65847427365173,306.27683094764586,305.1213483902646,304.16006120069903,303.3644831479287,302.70945062754697,302.1729025147486,301.7356513236947,301.3811278214251
0.0002637636992374934,756.2131879557891,755.0696053879149,751.6560161552591,746.0262566541264,738.268230064579,728.5013182593946,716.872984550612,703.5548200641746,688.7378752189516,672.6278817777296,655.440329615234,637.3956316244485,618.7145271377422,599.6136342717808,580.301696488446,560.976188994307,541.820392986849,523.001169018032,504.66713288831016,486.9475961200858,469.9518857169788,453.7692344819192,438.4691267197229,424.1019563390835,410.70024243473347,398.27981999234635,386.8415549899757,376.3729777751352,366.85011911228423,358.23934413671884,350.49917146674824,343.58203083809025,337.43588770572524,332.0058491177396,327.23540897648013,323.06779209766376,319.44689916725434,316.31821564895085,313.6295067162826,311.3313455979064,309.37750512509024,307.7252163079646,306.33530746928625,305.1722377889235,304.20405688944777,303.4022747407791,302.74170897145723,302.2002680992988,301.75872589340474,301.40046866921904
0.0002687636992374934,755.2270837340706,754.0880121183593,750.6879034490718,745.0803301823507,737.3527605635247,727.6239870875474,716.040747812106,702.7737815389582,688.0131876236103,671.9636779500587,654.8396731174889,636.8604934998832,618.2457944343512,599.2111437883511,579.9642905617441,560.7017946935321,541.6061197546444,522.8434200019099,504.56172962174287,486.88990813405314,469.93696027364973,453.7919282234657,438.5242271172002,424.18429882137195,410.8048093414691,398.40183262769716,386.976544858701,376.5168446333663,366.99917173789436,358.3903270085808,350.64927591468154,343.7288933745151,337.57757824348465,332.1408477326529,327.3625773616822,323.18633800414125,319.5563379456046,316.4183297348256,313.7203046701148,311.4130219314943,309.4504024409763,307.7897900569226,306.39209398493654,305.22182628553634,304.24706522353506,303.439329085463,302.77342739265055,302.2272475943518,301.7815327244294,301.41963148733026
0.00027376369923749343,754.0699799959593,752.9358667542826,749.5505713526571,743.9673783765219,736.2732825751156,726.5864351684236,715.0527855484456,701.8421480408949,687.1435921965406,671.1607266842315,654.1068175186454,636.2000073115717,617.6587836219236,598.6975833728965,579.523084676915,560.3308608712168,541.3024924295701,522.6033682214279,504.3808883615498,486.7634147311328,469.85959119842624,453.75823746845833,438.528674468018,424.22137334105946,410.8691345985484,398.4882643522662,387.0802475201531,376.6333542362253,367.12444084076844,358.5207550171255,350.7817233310316,343.86068263944435,337.70648385965404,332.26507445565954,327.48073254358906,323.29739645507755,319.6596035010825,316.5133943839796,313.80700693078677,311.4914057721457,309.52067829403046,307.85229831212735,306.4472716668473,305.27017763004613,304.28913601186736,303.4756849131525,302.80463588012697,302.25386413602416,301.8040896157719,301.438629943737
0.00027876369923749344,752.7525683106433,751.623831203399,748.2545933468423,742.6978291309508,735.0400238309321,725.3986389685327,713.9187761067578,700.7692578188548,686.1380504592012,670.2275818262777,653.2498838999015,635.4218421831769,616.9606984900593,598.0796837303855,578.9843340474638,559.8691698305535,540.9148275505639,522.2858756906188,504.1290314263465,486.5721164286829,469.72337762813504,453.6713823895973,438.4853338709363,424.2157147922851,410.89544827669135,398.5410658843791,387.1543595192359,376.7239735110404,367.2271873820361,358.6317056756734,350.89742898728844,343.9781714255713,337.82325310380867,332.3790702576738,327.59032300038973,323.4013369685647,319.75699842186225,316.6036558551504,313.88981268689145,311.56665725621866,309.5884606521645,307.9128427329897,306.50092081206446,305.31735489693193,304.3303185422783,303.51138055275896,302.83536411178864,302.280140619178,301.82641417869235,301.45747755974094
0.00028376369923749345,751.2851982981682,750.1622263629931,746.8102047183464,741.2817767914457,733.6628849156447,724.0702558682476,712.6480883492773,699.564150633996,685.0052376750598,669.17252425111,652.2767345270677,634.5334232508707,616.1585141451806,597.363962469004,578.3540964705194,559.3223220550024,540.4482751855061,521.8956529053792,503.8104440440308,486.3198904458102,469.5318084684674,453.53448520177676,438.3969838968929,424.16978209855216,410.8859141476012,398.5621304333644,387.20052781796795,376.7901268940141,367.30863612811686,358.72422585085087,350.997282360103,344.0821109421859,337.92851657096014,332.48336125914267,327.69178499592414,323.498519071384,319.8488171664894,316.6893538259124,313.96891582539,311.6389322689238,309.65387408927734,307.9715222801663,306.55311957965966,305.36341947267294,304.3706607739027,303.546453290125,302.8656409486429,302.30609930025787,301.84852352644975,301.4761874688364
0.00028876369923749347,749.6778087792698,748.5609634576163,745.2272344518027,739.7289149595125,732.1513733251983,722.6105597930634,711.2497191484072,698.2355073788692,683.7534848199621,668.0035063753792,651.1949200612041,633.5418816919946,615.2589299419773,596.556679985409,577.6381911850317,558.6956980287697,539.9077836760007,521.437226449922,503.4292447355678,486.010463761148,469.2882380070404,453.35054819878354,438.26629690824785,424.08594066643604,410.84261412021243,398.5532799647495,387.22033773676253,376.833185797464,367.3699664983831,358.79932385099556,351.08214032785384,344.17322499532304,338.0228819492104,332.57845453809824,327.7855390501869,323.5892893430272,319.9353436013987,316.7707193522568,314.04450324992496,311.7083810657163,309.71703866114916,308.0284323038683,306.60394325526613,305.4084304655985,304.4102088661384,303.58093899404,302.8954941394268,302.3317615652086,301.8704340928849,301.49477227561505
0.0002937636992374935,747.9398924936643,746.8295088551489,743.5150703333727,738.0485020685312,730.5145696916122,721.0284082503803,709.7322613830614,696.7916191643058,682.3907488728859,666.7281237463883,650.0116525213903,632.4540291196723,614.2683453500496,595.6638168269512,576.8421777376169,557.9944385999512,539.298081478404,520.9149222844862,502.98937000780785,485.6473991600645,468.99587325691095,453.12244232866647,438.0958287969015,423.9664532137337,410.76754008409796,398.5162579830511,387.2153066007972,376.8544630450109,367.41230771637595,358.8579652231962,351.15282354655346,344.25220687930704,338.1069313677074,332.66483587959664,327.871988039764,323.67397982104575,320.01684966950256,316.8479737630346,314.11675396780936,311.77514752243064,309.7780692929424,308.08366404629885,306.65346384909566,305.45244438288427,304.4490069205018,303.6148719110351,302.9249501583445,302.3571478018339,301.89216153252386,301.513243977973
0.0002987636992374935,746.0804821819177,744.9768701888697,741.6826451899317,736.2493478147258,728.7611144760492,719.3322293487889,708.1038913406247,695.2403751528935,680.9246011220158,665.3536038536527,648.7337946271692,631.276347474868,613.1928504077473,594.6910647136751,575.9713475739533,557.2234371379435,538.6236698797742,520.3328590086827,502.49456814987667,485.23408954681645,468.65776876489144,452.85290247641547,437.88801471789725,423.81347592909,410.662590469291,398.45272646523676,387.1868810202172,376.8552104716068,367.4367367030596,358.90107091370623,351.2101148521565,344.3197179967193,338.1812202111929,332.7429687631028,327.95151633776294,323.75290727471076,320.09359478031877,316.92132815084886,314.1858386675004,311.8393687866562,309.8370754932311,308.13730440843847,306.70174990684865,305.49551497811274,304.4870968584287,303.64828456796727,302.95403412782775,302.38227733887413,301.91372067276717,301.5316139297712
0.0003037636992374935,744.1081502749716,743.0115960503217,739.7384365899377,734.3398128701256,726.8992076966258,717.5300215415111,706.3723684744476,693.5892623271727,679.3622269389034,663.8868059030932,647.3678595664327,630.0149887820089,612.0382254601486,593.6438262543664,575.0307237300166,556.3873391985251,537.8888226370193,519.6949474763796,501.9483988267674,484.7737575208039,468.2768261752925,452.54452702043324,437.6451686441342,423.62905803036483,410.5295698135103,398.3642654415271,387.1364364886445,376.83661854319314,367.4442777203633,358.9295169373299,351.2547589570261,344.37638758250307,338.2462768716598,332.8132941410766,328.02448961826275,323.8263730338866,320.16582566156455,316.99098324449244,314.2519196098955,311.9011751858894,309.89416127703504,308.1894358860655,306.74886645694414,305.5376932080727,304.5245183861572,303.6812077436658,302.98276979578446,302.40716842785235,301.9351254994772,301.54989282944297
0.0003087636992374935,742.0310171821296,740.9417842571676,737.690475049864,732.3278169868211,724.9366168903655,715.6293614067224,704.5450429643108,691.8453727940125,677.7104327932674,662.3342275120403,645.9200173445206,628.6757811309119,610.8099467576208,592.5272201509564,574.0250656370358,555.4905469294434,537.0975899882765,519.0048944226704,501.3542363357861,484.2694582798073,467.85579680010983,452.19978009188264,437.36948533854905,423.41514347407497,410.37019023353514,398.252374253056,387.0652784507365,376.7998172566819,367.43590312475857,358.9441350042016,351.287462967838,344.42281312917424,338.3026030952885,332.8762307203456,328.0912550832069,323.8946631709854,320.23377650431587,317.0571295241898,314.31515071940186,311.9606902991953,309.9494252219847,308.2401366136098,306.7948750446378,305.57902725920553,304.56130901515223,303.71367048464003,303.0111795476222,302.4318382522264,301.9563891638972,301.5680907251817
0.00031376369923749353,739.856764901414,738.7750954287344,735.5463575049222,730.2208522941166,722.8806901699561,713.6374163996874,702.6288681030378,690.0154157492315,675.9756577445171,660.7020156826463,644.3961052014392,627.2642385073261,609.5131956770495,591.3460897958394,572.9588770882859,554.5372264077625,536.2538053691059,518.2662085737488,500.7152751307326,483.72408458398763,467.3972860523925,451.82099551001915,437.06304382619356,423.17357400027583,410.18607407948343,398.1184738519185,386.97464428356227,376.7458778368918,367.4125348122616,358.9457137433098,351.3088974158244,344.45956124960554,338.3506747011446,332.93217555766927,328.15214195343566,323.9580489038199,320.29766929193227,317.1199474889116,314.3756778001931,312.0180311313839,310.00296060799633,308.28948047567997,306.83983382069465,305.61956261780443,304.59750411743573,303.7457001484944,303.0392844401528,302.4563029537324,301.97752400300914,301.5862170305825
0.00031876369923749355,737.5926537903724,736.518769713139,733.3132639051938,728.0259996780921,720.738372303908,711.5609605544246,700.6304155453385,688.1057322052457,674.1639875868134,658.9959803107844,642.8016404396625,625.7855729039402,608.152870089826,590.1050138801904,571.8364160805022,553.5313167161607,535.361093733875,517.4822082312254,500.03453669372965,483.1403729455378,466.90375898874436,451.41038171618106,436.7278117609569,422.906092974847,409.9787572961872,397.96390972502354,386.8657058254687,376.67581491150895,367.3750460786377,358.935000284775,351.3196975953777,344.48716880345967,338.3909425241125,332.98150484501224,328.20746211936904,324.01678713210026,320.3577142402651,317.17960801586224,314.4336388284096,312.07330834942894,310.05485560769216,308.3375372597461,306.883797663267,305.6593421668652,304.63313700219953,303.7773224642507,303.06710424885983,302.4805776692379,301.99854156811716,301.60428054668876
0.00032376369923749356,735.245541063176,734.1796452357112,730.9979755183665,725.7499468436664,718.5162224462205,709.4063917937148,698.5558921165211,686.1223112237193,672.2811704388329,657.22160907492,641.1418345636913,624.2447076723417,606.7335968982728,588.8083180972925,570.6617056767,552.476539967527,534.4228807534398,516.6560296623804,499.3148771447535,482.52091049034374,466.3775464610203,450.97002725733086,436.36565028558135,422.61434967236147,409.74969317609225,397.78995516410384,386.73957220942265,376.59058895248074,367.32426371153224,358.9127020429605,351.320465075644,344.50614417183965,338.4238334841448,333.0245748018945,328.25751088197006,324.07112104964295,320.4141103010204,317.2362727723656,314.48916428759946,312.12662655438174,310.105193505804,308.3843728323654,306.9268183187936,305.69840629822596,304.6682390046455,303.8085616023992,303.09465752286894,302.50467657366397,302.01945265818824,301.6222894877518
0.0003287636992374936,732.8219000616381,731.7641773189308,728.6068939969525,723.3990071296605,716.2204326034159,707.1797499571041,696.4111573165985,684.070806818279,670.33263297604,655.384082938213,639.4216080023051,622.6462914262702,605.2597450914658,587.4600873331987,569.4385453243724,551.3764117533237,533.4424024055363,515.7906358528128,498.5589951841448,481.86814212425224,465.8208515454153,450.50190652104413,435.9783191185297,422.29990376263385,409.5002562941256,397.59781469748145,386.59729283940976,376.4911088432698,367.26097019275136,358.87948859546793,351.3117692951332,344.5169686034214,338.44975171672564,333.0617226198718,328.3025677378559,324.12128079376055,320.4670456962602,317.2900946536848,314.54237752564256,312.1780845709816,310.15405293307464,308.4300493272211,306.9689445524767,305.73679303243205,304.702839581023,303.8394402498978,303.12196164384966,302.5286129260161,302.04026735564213,301.6402515089104
0.0003337636992374936,730.3278396702943,729.2784578457447,726.1460605869581,720.9791384622265,713.8568462358537,704.8867349583196,694.2017409483918,681.9565549755007,668.3234967753903,653.4882917572717,637.6456049318748,620.9947120405955,603.735438891751,586.0641779433565,568.170522255196,550.2342516692389,532.4227146384283,514.888825328448,497.7694401006716,481.1843777611409,465.23575602963206,450.0078855248691,435.56748169152416,421.9642298442573,409.23174648590236,397.3886275615758,386.4398604030545,376.3782344789129,367.1859059300557,358.8359935885087,351.2941491797411,344.52009758122443,338.46907972140053,333.0932674227218,328.34289717796923,324.16748410627787,320.5166984628064,317.3412182292197,314.5933951187144,312.2277757431465,310.2015081050421,308.47462533719124,307.01022230206377,305.77453814129706,304.7369664058567,303.86997968694095,303.1490328863415,302.55239911655667,302.06099506305156,301.65817373459447
0.0003387636992374936,727.7691234634733,726.7282343553285,723.6211750704433,718.4959620446289,711.4309765989341,702.5327246872553,691.9328604961174,679.7845904335414,666.2585944260949,651.538849666603,635.818207886124,619.29411044847,602.1645707119585,584.6242298530506,566.8610227220528,549.0531936918094,531.3667028991183,513.9532408554414,496.94861967037923,480.4717994540795,464.62422681473276,449.48972763116205,435.13471022249075,421.6087219225874,408.9453927785161,397.1634711322456,386.26821385046924,376.25277933789516,367.09977146560414,358.7828166230665,351.2681147450803,344.5159621766521,338.4821795000466,333.1195112184174,328.3787494797149,324.20993698938287,320.56323699258695,317.3897801855363,314.6423272327943,312.27578822757187,310.2476290593752,308.51815610531884,307.05069483080524,305.811675269852,304.77064546872396,303.9001998634039,303.17588647784964,302.5760467138199,302.08164453973876,301.6760627868647
0.0003437636992374936,725.1511883203307,724.1189286080117,721.0376141808754,715.9547805258807,708.948024571634,700.1227924101648,689.6094380153982,677.559662987682,664.1424851849036,649.5401100271222,633.943551951193,617.5483940464406,600.550813744339,583.143678314103,565.513242917276,547.8361962613253,530.2770913926743,512.986377895509,496.09880783440445,479.73246832799043,463.98812213984604,448.9490991048179,434.6814906500292,421.23469776640655,408.64235721567707,396.9233642646626,386.0832412943741,376.11551298664426,367.00322962704945,358.7205250925201,351.2341486579453,344.5049703693071,338.4893936666281,333.1407398274615,328.4103614795986,324.2488343454733,320.6068205599086,317.4359097587695,314.6892779765769,312.322205280409,310.2924818876677,308.56069371136607,307.0904028769105,305.8482360555332,304.80390116886986,303.9301194736021,303.20253665763835,302.5995665106248,302.10222393760955,301.6939248131761
0.0003487636992374936,722.4791623448535,721.4556544568375,718.4004493301347,713.3605954893594,706.4128958166052,697.6617235161676,687.2361163873934,675.2862531806658,661.9794700395066,647.4961798084753,632.0255384222494,615.7612495905177,598.8976340711424,581.6257652147675,564.1301994760911,546.586051981982,529.1564519905207,511.9905927412651,495.22215208684554,478.96833125116996,463.32919757307087,448.3875744629072,434.2092273837465,420.84340310259654,408.323738541148,396.66927050993047,385.88578280360264,375.9671634923096,366.89690760016515,358.6496559534843,351.1927077412421,344.487508319192,338.4910465170544,333.1572237779582,328.43795731827106,324.28436059422427,320.64759983001875,317.4797291517301,314.7343457419406,312.36710553387235,310.3361289591204,308.6022872518672,307.1293847978218,305.8842502432616,304.836756406581,303.9597560285095,303.22899673354266,302.62296856855545,302.1227408358061,301.7117655132387
0.00035376369923749364,719.7578819968959,718.743234932098,715.714463554335,710.7181241699179,703.8302171821979,695.1540315227347,684.8172748524134,672.9685872962446,659.7736061018064,645.410933330502,630.0678478507373,613.9361555161773,597.2083022337904,580.0735498837831,562.714739510237,545.3053968882447,528.0072127405788,510.96811028826573,494.32068053309246,478.1812272096272,462.6491117359345,447.80664158679645,433.7192478440718,420.43601562527436,407.9905757195784,396.40210118998993,385.67663307377495,375.80841972965266,366.7813989106753,358.57071741920845,351.144224413208,344.4639415834435,338.4874450524557,333.16921916176074,328.4617491532095,324.31669026288085,320.685717345623,317.5213539329532,314.7776235296963,312.41056326090506,310.3786291345841,308.642983012442,307.16767670830404,305.91974579560735,304.86923267067493,303.98912592492354,303.2552791363946,302.6462622605858,302.14320227392943,301.72959016478126
0.00035876369923749365,716.9919083874053,715.9862184921606,712.9841676322162,708.0318153539697,701.2043523018735,692.6039732968322,682.357043781109,670.6106516156092,657.528720292456,643.288025327052,628.0739524473595,612.0763936493357,595.4859042296422,578.489919359555,561.269550144689,543.9967192522773,526.8316659559944,509.92103142234276,493.39630859898,477.3728933663209,461.9494317451241,447.2077065820325,433.21280677830805,420.01364880753243,407.64385128416836,396.122718321442,385.4565439668781,375.63993357479853,366.6572653089621,358.48419057003935,351.08910805618103,344.434616273528,338.4788799523979,333.17696844873956,328.4819378365383,324.34598854767677,320.7213079896069,317.56089341623004,314.8191992594063,312.4526486269099,310.42003797015207,308.682824631706,307.2053126118143,305.9547489976068,304.9013501217567,304.01824451129875,303.28139547184185,302.66945631167823,302.1636147836937,301.74740364810964
0.00036376369923749366,714.1855427229458,713.1888944257475,710.213815361458,705.3058644481937,698.5394163770414,690.0155634782321,679.8593186702848,668.2162059243351,655.2484223048993,641.130903321011,626.047127830279,610.1850602983902,593.7333519270477,576.8775981157362,559.7971675493163,542.6623679248113,525.6319758753533,508.8513400156272,492.4508453846489,476.5449707996484,461.2316383662951,446.59209838122894,432.6910903485714,419.5773555118351,407.2844945075973,395.83193738508305,385.226226916883,375.46232198329847,366.52503855539567,358.39053087896724,351.02774631318306,344.3998601513907,338.4656264967349,333.1807012580521,328.4987135570344,324.3724118455684,320.7544994232741,317.5984510200473,314.85915606279764,312.49342792814775,310.4604079099714,308.72185325650855,307.2423245249295,305.98928455605227,304.9331276710993,304.0471261501325,303.3073565694664,302.6925588372774,302.1839844189515,301.76521046941247
0.0003687636992374937,711.3428409060323,710.3553074121938,707.4074179994409,702.5442277233822,695.8392901498387,687.3925881114839,677.3277733697773,665.7887962761856,652.9361168551258,638.9428193165683,623.9904641243338,608.2650767328452,591.9533929038907,575.2391572480661,558.2999854699625,541.3045602135479,524.4101858980839,507.76090953457276,491.4859996660459,475.6990099237498,460.4971308821806,445.96107309186027,432.1552199932386,419.1281314004283,406.913384397339,395.5305299420738,384.9863552021483,375.2761689531027,366.3852221067592,358.2901696526218,350.96050631260357,344.3599836647751,338.4479454362584,333.18063508653256,328.5122564464004,324.3961082563411,320.78541250014075,317.63412460695787,314.89757256077775,312.53296381680735,310.49978846827366,308.7601076884934,307.27874259482496,306.0233756932465,304.964583055136,304.07578427689384,303.33317252919295,302.7155773796937,302.2043167840852,301.7830147828082
0.0003737636992374937,708.4676273118666,707.4892712602307,704.5687578888908,699.7506357536854,693.1076330858323,684.7386175061667,674.765872559564,663.3317670324067,650.595015235137,636.7268408260051,621.9068764277549,606.319199064156,590.148619724338,573.5770231362211,556.780263271713,539.925389310874,523.1682254058314,506.6515092697874,490.50338555292154,474.83647559858014,459.7472316820895,445.3158180952431,431.60625606742815,418.6669181505994,406.5313525195742,395.2192261003799,384.7375660877376,375.0820273751158,366.2382927060424,358.18351538964185,350.8877358225967,344.31528092306195,338.4260838132686,333.1769759951289,328.52273715056987,324.4172180557134,320.814161655795,317.6680068032953,314.93452312438916,312.5713155130129,310.53822640083564,308.7976245221497,307.3145952099385,306.0570442353257,304.99573290564854,304.10423145555706,303.3588527650362,302.7385189424115,302.2246170607884,301.80082041115253
0.0003787636992374937,705.5635077710253,704.5943818547873,701.7014012977096,696.9286060802267,690.3478957951705,682.057018353373,672.176883504354,660.8482722029318,648.2281461956031,634.4858612554282,619.7991146696587,604.350027550824,588.3214786745287,571.8934856000698,555.2401335123775,538.526831287528,521.9079161850734,505.52481020159786,489.504527815947,473.958751941116,458.9831905829726,444.6574559057649,431.04520127053354,418.19460648183986,406.13918565786753,394.8987168368512,384.4804628422918,374.88042077533004,366.08470187902105,358.0709550593273,350.8097643376583,344.2660306157062,338.40027573380723,333.16991925484217,328.53031736725166,324.43587414043753,320.8408552746399,317.70018529990233,314.97007812024407,312.60853900421034,310.5757658662264,308.834438274638,307.34990910404224,306.090310695329,305.02659281578843,304.1324794308503,303.384406046271,302.761390022387,302.24489003329063,301.81863086564556
0.0003837636992374937,702.6338817930298,701.6740293466593,698.8087105076013,694.0814551333092,687.5633317258499,679.3509651313794,669.5638871177547,658.3412861205848,645.8383661876554,632.2226096781312,617.6697728856261,602.3600153535979,586.4742779815356,570.1907055730873,553.681609067334,537.1107516717598,520.6309784689238,504.3823905177293,488.49086689781467,473.0671468511099,458.20618889408405,443.9870478010831,430.47300387031464,417.7120390032922,405.737628313957,394.56965618134575,384.2156166350136,374.67184495332833,365.92487734173517,357.9528553040825,350.7269041003609,344.21249687578745,338.3707430936685,333.15964995393495,328.5351503511835,324.45220244660965,320.86559603452383,317.7307431346924,315.0043041411107,312.6446872324747,310.61244857727615,308.8705815077407,307.38470945400456,306.1231943512357,305.0571774021082,304.1605391773555,303.40984053613204,302.7841966404202,302.26514011208644,301.83644936428607
0.00038876369923749373,699.6819540686364,698.7314096227933,695.8938551889759,691.212309450249,684.757008165516,676.6234508361405,666.9297883706963,655.8136134818617,643.4283689961437,629.939660026537,615.521297940836,600.3514767686708,584.6091955418306,568.4707223174637,552.106589828548,535.6789116350682,519.3390366174947,503.2257408007918,487.46376362438747,472.16289626588934,457.4173432382517,443.3055972349122,429.89056073385734,417.22001289057926,405.3273850586425,394.23266326987,383.94356831881476,374.45676952238307,365.7592243233541,357.8295635694895,350.6394510615105,344.1549300914339,338.33769626050866,333.14634356835336,328.5373813887146,324.46632234253656,320.8884812303625,317.7597589579546,315.0372642223906,312.67981027033966,310.64831394325415,308.90608494232833,307.41901997155287,306.15571331922007,305.0875003627976,304.188420945614,303.43516382816426,302.80694436969185,302.28537135624254,301.85427884922916
0.00039376369923749374,696.7107452898684,695.7695350961174,692.959823100782,688.3241162270209,681.9318165893388,673.8772970733161,664.2773260798396,653.2678987888601,641.0006947976367,627.6394397345708,613.3559977310588,598.3265949675467,582.7282861862365,566.7354602061406,550.5168690012255,534.2329738061989,518.033624456742,502.05626890377835,486.4245036324323,471.2471681591395,456.617709143171,442.614053044373,429.29872017603486,416.719282401407,404.90912274101987,393.88832427393754,383.6648301058869,374.23563935656,365.5881268090801,357.7014091659858,350.5476857821069,344.0935676679834,338.3013347144674,333.1301664973837,328.5371482434019,324.4783469975524,320.9096030779082,317.7873072813478,315.0690180452612,312.713955485778,310.6833992032631,308.9409775657496,307.4528629893639,306.18788462238035,305.11757453232946,304.2161343053988,303.46038298034887,302.8296383625657,302.30558749435676,301.8721220031041
0.00039876369923749376,693.7231023268308,692.7912448538607,690.009430153927,685.4196532419048,679.090482391493,671.1151635485379,661.6090821116632,650.7066352268997,638.5577386763991,625.324237862267,611.1760488917774,596.2874292722132,580.8334885082943,564.9867350969585,548.914139021519,532.774507735051,516.7161902956906,500.8753045317527,485.3743015304531,470.3210662985855,455.80828441612147,441.9133124638761,428.69828463610537,416.2105612393348,404.4834725643145,393.5371942133619,383.3798871419623,374.00887595024767,365.4119487077515,357.56870426613705,350.45187428050326,344.0286347437563,338.2618476497222,333.1112765665745,328.53458157431334,324.48838372819284,320.9290489988248,317.81345871153644,315.0996221272622,312.74716769696676,310.7177395513622,308.97528673255687,307.48625954181114,306.2197242552078,305.1474119327246,304.24368818631746,303.4855045471329,302.85228337575273,302.32579194424807,301.8899812643528
0.00040376369923749377,690.7217077995793,689.799214202544,687.0453298761811,682.5015381885632,676.2355740370269,668.3395569918707,658.9274900372059,648.1321730116592,636.1017586308919,622.9962127337441,608.9835040450508,594.2359219936334,578.9266312823994,563.2262603235635,547.2999971181978,531.304995027672,515.3881016415066,499.6841035475203,484.31430480879254,469.3856337771857,454.9900123152327,441.20422395726644,428.0900131928639,415.6945247749192,404.05103203640516,393.17979865955095,383.0891989854166,373.7768786954301,365.2310349487201,357.43174484141855,350.35226882809906,343.96034486226415,338.21941453935597,333.0898234999173,328.5298053287027,324.4965343231073,320.9469018882105,317.8382801694055,315.1291300010919,312.77948931745874,310.7513682539221,309.0090382589731,307.5192294406945,306.2512472440502,305.17702382163816,304.27109091590523,303.5105346094895,302.8748837939389,302.34598783145105,301.9078588416457
0.0004087636992374938,687.7090890820374,686.7959636465375,684.0700223151925,679.5722374547163,673.3695116696583,665.5528395512088,656.2348432712347,645.5467272384973,633.6348831022146,620.6573991186078,606.7802986127152,592.1739048606056,577.0094394971426,561.4556523268536,545.6759505403978,529.8258341727875,514.050649631207,498.48385201845247,483.24559751460424,468.4418563319328,454.1637845299665,440.4875898795474,427.4746239284086,415.17181213312097,403.61236680285157,392.8166353361399,382.7932009971507,373.54002608184015,365.0457125124241,357.2908115422909,350.24910869678763,343.888900603585,338.1742056658388,333.0659493632198,328.5229371106666,324.50289534804745,320.96324036567194,317.86183509576415,315.15759238235603,312.81096049236584,310.78431675970296,309.0422565114942,307.5517913462662,306.2824677038249,305.2064207374673,304.29835025536676,303.5354788031299,302.89744365196765,302.36617800658996,301.9257567274326
0.0004137636992374938,684.6876267733539,683.7838673354936,681.0858624146513,676.6340743810206,670.4945752094882,662.757236687828,653.533302728143,642.9523852651914,631.1591180545287,618.3097149855083,604.5682572232446,590.1031050648303,575.0835400281547,559.6764359496892,544.0434214725759,528.3383450793891,512.7050531979571,497.2756700208711,482.1692037066065,467.49066546373683,453.3304439829251,439.76416897900594,426.8527961501363,414.64302815547546,403.16801236989784,392.448175623489,382.49230564693494,373.2986768249086,364.856291398886,357.14617052519003,350.14262086124387,343.81449417751696,338.12638261932784,333.03978898051514,328.51408852732584,324.5075584322102,320.97813901100875,317.8841836444049,315.18505732697975,312.84161922613157,310.8166148031199,309.0749644900019,307.5839628338557,306.31339889121807,305.2356125416708,304.32547343311444,303.56034234498463,302.9199666556716,302.38636506170263,301.94367671068284
0.0004187636992374938,681.6595626703172,680.7651610141861,678.0950678968806,673.6892370330049,667.6129119729117,659.954844605636,650.8249040252363,640.3511136577359,628.6763536359676,615.9549678551126,602.3490997381963,588.0251509466993,573.1504669735098,557.8900494164216,542.4037516567054,526.8437733439085,511.35246298897925,496.06061521755163,481.08609070375695,466.53294137117007,452.49078746446645,439.03467874999956,426.22517248008876,414.10874524508694,402.71847572453777,392.0748659732486,382.18690374160377,373.0531709261727,364.66306553814763,356.99807422986737,350.0330206589762,343.737307980991,338.07609876587395,333.01147032526416,328.5033655139944,324.510610537154,320.9916685855109,317.90538286334584,315.2115703789584,312.8715015024426,310.84829050114433,309.1071839057471,307.61576045638003,306.3440532546008,305.26460845848015,304.35246717624767,303.58513005806753,302.9424562014394,302.40655134558176,301.9616203888661
0.0004237636992374938,678.6270072725733,677.7419495064187,675.0997266832817,670.7397855170927,664.7265438452021,657.1476372439005,648.1115642623486,637.7447647271817,626.1883704469351,613.5948607782167,600.1244469227013,585.9415773449376,571.2116666734307,556.0978490175687,540.7582067406163,525.3432942644457,509.9939650511338,494.8396862230234,479.9971721411868,465.56951571012485,451.64556811096145,438.2997976460873,425.59236082025257,413.5695051020518,402.2642368583284,391.6971292388327,381.8773655801865,372.8038306705405,364.46631364642957,356.8467621103208,349.9205124109056,343.6575151220815,338.02349968750946,332.9811148880027,328.4908686397165,324.5121342094307,321.0038962398183,317.92548686503363,315.23717470908446,312.90064139679794,310.87937044425877,309.1389352545416,307.6471998030104,306.3744424808773,305.2934171121753,304.3793377401058,303.6098463948248,302.96491539459964,302.4267389781966,301.97958917922347
0.00042876369923749384,675.5919468505144,674.7162137627982,672.101803882193,667.7876588698964,661.8373740344294,654.3374728614554,645.3950884050023,635.1350826838207,623.6968454410804,611.2309979631738,597.8958257829863,583.85383063183,569.2685024347342,554.3011135187461,539.107980370236,523.8380166184669,508.63058429925576,493.6138257704523,478.90331084592447,464.60117419070923,450.7954977368652,437.56016716259705,424.9549362018958,413.0258203564554,401.8057502012322,391.31536592729634,381.5640420407501,372.55096156454636,364.266300031569,356.6924613223622,349.80529000506317,343.57527991281273,337.96872359606823,332.9488380219902,328.47669339447003,324.512207818015,321.0148857092312,317.9445469862404,315.2619112452475,312.92907118222263,310.90987978186024,309.1702378854739,307.67829555424987,306.4045775394682,305.32204656208364,304.4060909360242,303.6344954590716,302.987347066699,302.4469298642559,301.9975843293742
0.00043376369923749385,672.5562501038397,671.6898175002982,669.1031483718796,664.8346815481425,658.947193433586,651.5261002386386,642.6771752966242,632.523709433369,621.203357482648,608.864890075294,595.6646745924672,581.7632734543969,567.3222589791542,552.5010483117405,537.4541980423628,522.3289862193449,507.2632877813785,492.3839236930195,477.80532154414084,463.62865902198416,449.94124903013403,436.8163937971449,424.31344252650865,412.47817610563226,401.3434459713686,390.9299553777571,381.2472656034263,372.2948532194647,364.0632753510686,356.5353873706718,349.6875374458365,343.4907583328188,337.9119017224743,332.9147492683131,328.4609304592507,324.51090577753666,321.0246974973065,317.96261193833874,315.2858187948712,312.9568214285827,310.9398423024819,309.2011100654506,307.7090615336607,306.43446872361886,305.3505043354547,304.4327321574088,303.6590810266076,303.00975379174827,302.4671257059668,302.01560692730163
0.00043876369923749386,669.5216744369906,668.6645134597495,666.1054990045859,661.882569544827,656.0576866160532,648.715164521512,639.9594233236644,629.9121900382034,618.709392582359,606.4979592293951,593.4323476265436,579.6711892005482,565.3741466334353,550.6987893244525,535.7979207335175,520.8171892661062,505.8929877540438,491.15081973185943,476.703973410882,462.6526712144465,449.08345761989017,436.0690508960638,423.6683942054208,411.92703136193825,400.87773144617074,390.54125687116556,380.9273513138008,372.0357801828977,363.8574773258649,356.37574471800224,349.5674293710308,343.4040984657787,337.8531586831182,332.87895266180414,328.44366596017085,324.50829875825974,321.03338904851773,317.97972794859555,315.3089341600082,312.98392109592805,310.9692805091781,309.23156903983715,307.73951075646295,306.4641256892099,305.37879745834937,304.45926640424295,303.68360656459777,303.0321379015026,302.48732801504417,302.0336579107587
0.0004437636992374939,666.4898718759313,665.6419493056653,663.1104904558695,658.9329361555065,653.1704374878826,645.9062127312874,637.2433357558987,627.3019778651683,616.2163488325081,604.1315436952715,591.2001196248884,577.5787862079767,563.4253052778889,548.8954067053105,534.1401483193711,519.303555499788,504.52054458001635,489.9153061818137,475.5999924725151,461.67387274950363,448.22272402463716,435.3186803941609,423.02027770468646,411.37282041686456,400.408992160067,390.14961067590355,380.60459769056195,371.77400272220575,363.64913141271705,356.21372735901537,349.4451315388608,343.3154409104182,337.79261282483236,332.84154701904237,328.42498170763065,324.50445388368576,321.04101491070367,317.9959388930814,315.33129224558184,313.01039762225867,310.9982156903945,309.2616310894604,307.7696554752147,306.49355749123634,305.4069324846777,304.48569830612865,303.70807524980137,303.0545014998397,302.5075381240167,302.05173807613016
0.0004487636992374939,663.462394649104,662.6236731911691,660.1196587418052,655.9872974170195,650.286934618784,643.1006989603446,634.5303257826783,624.694439440024,613.7255410605561,601.766902334511,588.9691899987408,575.4872017323443,561.4768080689694,547.0919082966939,532.4818227982631,517.7889611788922,503.1467694598772,488.6781303854842,474.4940638714148,460.6928886245447,447.3596154887631,434.5657944547163,422.3695530013854,410.8159541269224,399.93759303346496,389.7553390333835,380.2792875810345,371.5097675629204,363.43845143791606,356.04951936106266,349.32080128684055,343.2249191677466,337.73037654986996,332.8026262096147,328.4049554215453,324.4994349165986,321.0476268879821,318.0112864217506,315.35292616122933,313.03627700608695,311.02666798662256,309.29131158421285,307.7995072227643,306.52277261810946,305.43491552350395,304.51203214395844,303.7324899857232,303.07684647629486,302.52775719687776,302.0698480867879
0.0004537636992374939,660.4407004538349,659.6111390092468,657.1344464251188,653.0470772394226,647.4085762722196,640.2999892747558,631.821721264479,622.0908590272297,611.2382052191845,599.4052187858209,586.7406867995198,573.3975056901743,559.529664950357,545.2892429109062,530.8238313313936,516.2742318855611,501.7724270081781,487.43999708534847,473.386834001761,459.71030878162486,446.49466771453166,433.8108770161571,421.7166549570517,410.25682112635025,399.463879437474,389.35874708753033,379.95168896797645,371.24330858505857,363.2256401948275,355.883295374061,349.1945879644039,343.1326600060788,337.66655662219694,332.7622794117347,328.38366094354524,324.4933024343114,321.05327418475616,318.02581007620734,315.3738673171686,313.061583884137,311.0546564531172,309.3206250334829,307.82907685265627,306.55177902392336,305.46275226473597,304.53827187030834,303.75685341875743,303.0991745188076,302.5479862391216,302.0879884809697
0.0004587636992374939,657.4261574280137,656.6057113500948,654.1562075298596,650.1136122504957,644.5366751536084,637.5053663418784,629.1187692177709,619.4924429524657,608.75550252953,597.047605414845,584.5156704639367,571.3107041907999,557.5848259660321,543.4883034212958,529.1670091113908,514.7601451732953,500.3982376840992,486.20157064301816,472.2789125246971,458.72668992721583,445.62838649625826,433.0543852513922,421.06199461355124,409.6957889713442,398.9881781985,388.9601237617569,379.62205573077716,370.97484748005456,363.01089000760294,355.7152211114608,349.0666333409564,343.0387838052868,337.6012544563109,332.7205913532392,328.36116843699745,324.48611399382054,321.05800354139694,318.0395474006397,315.39414551448147,313.0863416045026,311.08219911893633,309.34958513362017,307.8583745771581,306.5805841588218,305.49044800330205,304.56442112863436,303.78116795339076,303.1214871257307,302.5682261072055,302.1061596792148
0.0004637636992374939,654.420048845505,653.60867018297,651.186212182879,647.1881563708399,641.6724628943318,634.7180338002829,626.4226400499821,616.9003236841002,606.2785233931676,594.6951070433399,582.2951373497392,569.2277428707171,555.6431843878809,541.6899296802469,527.5121420701521,513.2474330662735,499.0248800858517,484.9634771340893,471.1708742705265,457.7425572499578,444.76124926290174,432.29675094537123,420.4059604163524,409.133205220179,398.51079854654995,388.55974258678907,379.2906283639751,370.70459437083116,362.794383263231,355.5454538041675,348.93707199094104,342.94340488161765,337.5345663897177,332.6776425389081,328.3375445756396,324.4779242875253,321.06185936214433,318.05253404636596,315.4137890301773,313.1105722955597,311.10931304254257,309.37820481262975,307.88741000306226,306.6091949975871,305.5180076619153,304.5904832713503,303.8054357665233,303.1437856171488,302.588477517474,302.12436199138153
0.00046876369923749394,651.4235775524775,650.6212152796866,648.225650999119,644.2718851363489,638.8170942880096,631.9391203881014,623.7344315601702,614.3155636886779,603.8082910873264,592.3487044715486,580.0800230752297,567.1495100427632,553.7055796695072,539.8949112749413,525.8599694360834,511.7367844196371,497.6529931174294,483.7263063264376,470.06326103508013,456.7584060428586,443.89370653486327,431.538381796045,419.74891936978634,408.5693984532847,398.03203301081794,388.15786248246144,378.9576346558087,370.43274839735886,362.576292913947,355.3741426291399,348.80603165738887,342.8466317943255,337.46658394011314,332.6335094649888,328.312852721562,324.46878529011957,321.06488383573,318.0648038704068,315.4328246973766,313.1342969309095,311.13601436419117,309.4064962722747,307.9161921654084,306.63761806656754,305.54543581251534,304.6164613768599,303.82965882096596,303.16607114555114,302.60874105457924,302.1425956232749
0.00047376369923749395,648.4378701606545,647.6444703957166,645.275639226543,641.3658997836765,635.9716512943808,629.1696838447608,621.0551727199356,611.7391590744676,601.3457652568158,590.0093178066459,577.8712056747925,565.0768396716755,551.772800237102,538.1039901310367,524.2111861501623,510.22884714944195,496.28317803570144,482.4906135492673,468.9565832768955,455.77470323593695,443.0261833003772,430.7796626435356,419.09121812857205,408.004679237053,397.55215826587033,387.75472849638254,378.6232903293195,370.1594982698791,362.35678295187415,355.20142911427183,348.67363359531737,342.74856763527276,337.397394048246,332.58826482174067,328.28715309321615,324.4587463972239,321.06711704918956,318.0763890284691,315.45127798092847,313.15753539060773,311.16231835531016,309.4344710277543,307.94472955925977,306.6658594690493,305.57273669647316,304.6423582656075,303.85383887816477,303.18834470589815,302.6290171794292,302.1608606829086
0.00047876369923749397,645.4639810123894,644.6794872237602,642.3372206654542,638.4712311132482,633.1371468250663,626.4107146000374,618.3858272481053,609.1720430361304,598.8918452152086,587.6778096092403,575.6695085818078,563.0105141867823,549.8455861274737,536.3178629736946,522.5664451495909,508.72423034037666,494.91600038528964,481.25692145970777,467.851321721378,454.7918888448845,442.15908031650486,430.02095663199395,418.43318402958084,407.43934103488573,397.0714359315149,387.350572502167,378.287799648353,369.88502279182137,362.13600885764026,355.0274475210466,348.53999289624863,342.64931030257515,337.327079307366,332.5419776847601,328.26050292408536,324.4478545562823,321.0685970952987,318.0873200626968,315.469173048754,313.1803065189184,311.1882394650666,309.46213994511345,307.97303016965805,306.6939249091728,305.59991424363733,304.6681765152129,303.8779775102025,303.21060714512146,302.64930623669323,302.1791571864233
0.000483763699237494,642.5028959314461,641.7272491336277,639.4113713759328,635.5888431433655,630.3145283245083,623.6631392634109,615.7272969917863,606.6150891126723,596.447373066963,585.3549878690849,573.4757034495518,560.9512671418346,547.9246314826379,534.537183654741,520.926359527193,507.2235062387825,493.5519918281485,480.0257217132802,466.7479288776876,453.81037734093485,441.2927753393877,429.26260630830313,417.77512606753635,406.87366106875163,396.5901133292241,386.94561385974123,377.9513559906347,369.6094913542947,361.91411802458936,354.8523252063505,348.4052187950233,342.5489527592888,337.25571818010025,332.4947136957902,328.23295661260596,324.4361543902128,321.0693601740355,318.09762598452176,315.48653283918696,313.20262817881223,311.21379136429704,309.4895132765269,308.00110149987194,306.72181971448487,305.62697209029477,304.6939184747445,303.902076111122,303.2328591710909,302.6696084618925,302.19748506368217
0.000488763699237494,639.5555357724196,638.7886747113323,636.499003186187,632.7196365680248,627.5046811584721,620.9278239258066,613.08042512552,604.0691142700117,594.0131366613577,583.0416088203854,571.2905128199442,558.899785731293,546.0105869097206,532.7625653541331,519.2915045741528,505.7272121379884,492.19165187429303,478.79747654411926,465.64683047369687,452.8305589467665,440.4276242880984,428.5049346615017,417.1173358180915,406.3079011342894,396.1084241977817,386.54006004005527,377.61414238994905,369.333064403908,361.6912501600942,354.67618296473387,348.2694149600105,342.44758327806943,337.18338520353706,332.4465352336707,328.2045658638831,324.4236883142643,321.06944068844564,318.1073343529219,315.5033791245642,313.22451730341584,311.23898698696905,309.51660069359315,308.02895059804814,306.74954885721365,305.65391359611436,304.71958627818776,303.9261359076128,303.25510136108323,302.68992398809985,302.2158441635645
0.000493763699237494,636.6227597808507,635.8646211094184,633.600967013745,629.864452030219,624.7084318216566,618.2055772849881,610.4459991794747,601.5348818187123,591.5898723883762,580.7383796063815,569.1146126493315,556.8567131717499,544.1040617143211,530.9945826633426,517.66241971316,504.23585216249023,490.8354495196693,477.5726202604279,464.5484268139937,451.8528008629328,439.5639623461238,427.74824610653263,416.46008831148083,405.74230837228436,395.626589370635,386.1341072163693,377.27633204930714,369.0558938855476,361.4675376653723,354.4991353523183,348.1326797677299,342.345285672664,337.1101511832476,332.39750157603817,328.1753798237128,324.41049664650365,321.06887133525686,318.11647134837324,315.519732571299,313.2459899446009,311.26383856932733,309.543411318761,308.05658408236263,306.7771169743447,305.68074186013627,304.7451818571557,303.95015796910127,303.2773341697805,302.71025285227415,302.2342342589738
0.000498763699237494,633.7053687752782,632.9558872197339,630.7180560106053,627.0240732216862,621.9265509751734,615.497153605107,607.8247539068655,599.0131041767232,589.1782678259807,578.4459608022162,566.9486346998705,554.8226509565714,542.2056260149293,529.2337735577514,516.0396103285527,502.7498989570595,489.483824796758,476.35156066026644,463.45309406556424,450.8774484290054,438.702105004238,426.99282741567157,415.80364285973315,405.1771159991523,395.14481741726854,385.7279408241382,376.93808882685755,368.77812366163,361.2431059951075,354.32129099346486,347.9951065628371,342.2421395170407,337.0360833769184,332.34766905234284,328.14544520538027,324.39661771232267,321.06768319056846,318.1250618427616,315.53561279665604,313.2670613188929,311.2883576868692,309.56995375500674,308.0840081647676,306.8045283865732,305.7074597358661,304.77070695289103,303.97414321728087,303.29955793682944,302.7305950012495,302.2526550515793
0.000503763699237494,630.8041081617152,630.063216679107,627.8510085427198,624.1992298193427,619.1597563239335,612.8032555201995,605.2173740001085,596.5044454862984,586.7789642475865,576.1649688045034,564.793168804491,552.798160991294,540.3158127454774,527.4806412646653,514.4235494995928,501.2697952864488,488.1371902431148,475.13468037243365,462.361185475475,449.9048262233298,437.84234904827014,426.2389486007647,415.1482438402179,404.61254399888355,394.6633052507502,385.3217360913734,376.59956769617645,368.49988990924135,361.0180739980942,354.1427528712417,347.85678390435544,342.1382203529033,336.96124566822795,332.29709118870977,328.1148064096758,324.3820879433323,321.0659057909154,318.13312946550343,315.5510384224313,313.28774585086154,311.31255528928244,309.59623611386775,308.1112286734178,306.83178711620104,305.7340698455288,304.7961631276,303.9980924351145,303.3217728939867,302.7509502974019,302.2711061763048
0.000508763699237494,627.919670790339,627.1873007176893,625.0005110134919,621.3906002679488,616.4087153433105,610.1245366907743,602.6244966645801,594.0095240936552,584.3925589979486,573.8959780954339,562.648765012886,550.7837676168114,538.4351195526242,525.7356560331125,512.8146796426028,499.7959555509829,486.79593229270483,473.9223381268716,461.2730325245781,448.9352391050287,436.98497349502895,425.48686374918964,414.4941214381173,404.04879977873225,394.18223870346,384.915658541236,376.2609151824593,368.2213214964819,360.79255424003276,353.96361860265995,347.7177957989749,342.0335998862867,336.8856987315497,332.2458188451345,328.08350563853736,324.36694197098245,321.0635672099892,318.14069666610334,315.56602712572277,313.30805721414936,311.3364417334699,309.6222660419338,308.1382510738593,306.8588969040425,305.76057459353194,304.82155177516086,304.022006275343,303.3439791718735,302.7713185240097,302.2895872055807
0.0005137636992374941,625.052699663534,624.3287808590811,622.1672005403314,618.5988144179232,613.6740478638296,607.4616043220249,600.0467140582554,591.528914899362,582.0196077451321,571.6395233887404,560.5159356254767,548.7799595269058,536.5640105939337,523.9992568111784,511.21341406729977,498.32876722296515,485.46041259455853,472.7148699587301,460.1889460209983,447.968973201646,436.1302404794306,424.73681181625983,413.84149235023636,403.48607879078384,393.70179307287185,384.509864468498,375.9222697760359,367.94254033924045,360.5666533095326,353.7839806995762,347.57822192218873,341.9283461738819,336.8095001880312,332.19390034547314,328.05158300270074,324.3512127152238,321.0606941312761,318.1477847733666,315.58059568697144,313.32800837027867,311.360026814777,309.6480507458896,308.1650804890536,306.8858612253999,305.7869761791888,304.846874131243,304.0458852685275,303.36617680636584,302.79169939032886,302.3080976533728
0.0005187636992374941,622.2046751035684,621.4891304544025,619.3525298454034,615.825291386576,610.9571275180334,604.8157761265963,597.4852792532151,589.0637994832475,579.661215659473,569.3966304492574,558.3956258115212,546.7876017282689,534.7032725552301,522.2721549579257,509.6203926881733,496.86880328580867,484.1311421080412,471.5127298900973,459.10932814148975,447.0063838015882,435.2784631171311,423.9890681507745,413.1905982120497,402.9245926431705,393.222153258955,384.10451503582306,375.5837715499013,367.66366777693116,360.3404759098459,353.6039291009366,347.4381391249741,341.82252448626866,336.7327050896903,332.14138175766715,328.0190767081403,324.33493154116684,321.0573120077143,318.1544141708253,315.59476018206993,313.34761177218513,311.3833199742776,309.67359719578343,308.1917218920319,306.9126834672301,305.81327675534897,304.87213141200095,304.0697299417483,303.3883658382337,302.81209261377023,302.3266370418711
0.0005237636992374941,619.3752519228537,618.6680088399339,616.5561715650687,613.0697253119791,608.2576772176529,602.1868098415662,594.9399894226805,586.6140175209634,577.3172664150791,567.1672269080178,556.2878057191998,544.80670424685,532.8529517100251,520.5544286287002,508.0357206945516,495.4161908732111,482.8082647965947,470.3160737684407,458.0343419896144,446.04763706919454,434.4298069511643,423.24379454647953,412.5415945092468,402.36448851175646,392.74345665380656,383.69973685908684,375.2455357790477,367.3848075469482,360.1141143512249,353.4235450473428,347.29761812663367,341.7161957091179,336.65536526994714,332.08830669865887,327.9860230124766,324.31812819877587,321.0534449066612,318.1606040257376,315.6085356067742,313.36687891132925,311.40632980086747,309.6989116127898,308.2181796049333,306.9393664576166,305.83947800097366,304.8973244366772,304.0935404935035,303.41054603913886,302.8324976934456,302.3452047176269
0.0005287636992374941,616.5648690934266,615.8658543302154,613.7785620764021,610.332549335053,605.5761255474854,599.5751281573687,592.4112600207852,584.1799758898757,574.988156988899,564.9516985696924,554.1928487778966,542.8376270173561,531.0133934927219,518.8464078787612,506.45971202230237,493.9712272094544,481.4920607346357,469.1251642316836,456.96423263192025,445.0929605118313,433.5844820801817,422.5011839757066,411.8946574910403,401.80592643705444,392.26584770121013,383.2956594839935,374.90767788223127,367.1060617714337,359.8876583344673,353.2429067249989,347.15672652311133,341.6094177768329,336.57752992259805,332.034716523045,327.95245630289475,324.3008309409981,321.04911573388864,318.16637263172106,315.62193632112263,313.3858208333875,311.4290645843394,309.7240000284911,308.2444578391229,306.9659129682338,305.86558157416425,304.92245402522786,304.117317134597,303.43271719783223,302.8529141459675,302.36380004253346
0.0005337636992374941,613.774006152056,613.0831454064221,611.0201767161036,607.6142336038931,602.9129354962646,596.9811850336049,589.8995342348392,581.7621054081778,572.6743043973122,562.7504473929355,552.1111408168138,540.8807388546518,529.184949003597,517.1484255729451,504.89268095040654,492.53420779679925,480.18280660434345,467.9402592334308,455.89923950779456,444.14257538011304,432.74269199121267,421.76142267692796,411.2499567421661,401.2490600159561,391.7894647375524,382.8924067668435,374.5703080596981,366.8275278530024,359.661193347673,353.0620886056831,347.01552867323505,341.5022458340643,336.49924586302706,331.9806505789146,327.9184092911372,324.2830666358224,321.0443462616379,318.1717373636556,315.6349759475969,313.40444799741584,311.45153215206346,309.748868112994,308.270560525533,306.99232555458576,305.8915889671749,304.94752087068116,304.141059978635,303.4548790283094,302.87334142994666,302.38242233287383
0.0005387636992374941,611.0031038793488,610.3203218988904,608.2814524838066,604.9152104472529,600.2685329469523,594.4053982223095,587.4052201132777,579.3608029779615,570.3760930981842,560.5638442501689,550.0430381444223,538.9363806890985,527.3679431436955,515.4607900898651,503.33491899221394,491.1054070815986,478.88075971424564,466.7615989938471,454.8395859088538,443.19668829768483,431.9046269918795,421.0246850771544,410.6076513195977,400.6940335140397,391.3144378755462,382.49009535885443,374.23353023704806,366.54929776380254,359.43480020914694,352.88116117201787,346.87408555134806,341.39473217421465,336.42055752205255,331.9261462350362,327.8839130586808,324.2648608191128,321.03915718246895,318.1767147285656,315.6476674168996,313.4227703156264,311.47373990265703,309.77352120285354,308.29649133744954,307.0186065743573,305.91750152103987,304.97252555070247,304.1647690511137,303.47703117691884,302.89377895153666,302.4010708636364
0.0005437636992374941,608.252564307958,607.5777850060351,605.562788092463,602.2358744744835,597.6433068408244,591.8481495063486,584.9286908836807,576.9764319830402,568.0938754646207,558.3922294692001,547.9888681468715,537.0048662091987,525.5626752879839,513.7837860118618,501.78669558925213,489.6850791402102,477.5861586670369,465.58940664094587,453.7854795871027,442.255491831354,431.0704647392688,420.29113427770534,409.9678901946116,400.1409822643336,390.8408893609393,382.08883502268037,373.89744234390525,366.27145828899995,359.2085552785626,352.7001910992698,346.73245490270796,341.2869263713387,336.3415070571108,331.8712389739472,327.8489971341667,324.2462377586046,321.0335681618337,318.1813204085609,315.66002300284083,313.44079718159276,311.49569482868924,309.79796431928276,308.32225370507183,307.0447581990319,305.94332043483007,304.99746853496447,304.1884442952885,303.4991732270393,302.9142260681642,302.4197448714946
0.0005487636992374941,605.5227531070468,604.8558996710428,602.8645463219141,599.576584891027,595.0376114406065,589.3097868968904,582.4702870724768,574.6093243202282,565.8279737188121,556.2359146623753,545.9489310070337,535.0864834670119,523.7694207754128,512.1176754996848,500.2482593720455,488.2734588288172,476.29922440238727,464.42388915127094,452.73711359905377,441.31916524468045,430.2403709093187,419.56092264584373,409.3308127731141,399.5900331226648,390.36893396901746,381.6887289759397,373.56213661003335,365.9940912807041,358.9825306735696,352.51924143913595,346.5906913985844,341.178875410316,336.2621344609082,331.8159624821466,327.81368956786156,324.22722051504905,321.02759788802535,318.185569301438,315.67205435518827,313.4585374967155,311.5174035379239,309.8222021851496,308.3478508290803,307.0707824247027,305.9690467742605,305.0223501920003,304.21208557763356,303.5213047034343,302.9346820920084,302.4384435575898
0.0005537636992374942,602.8140019002306,602.1549968914748,600.1870563037378,596.9376677427031,592.4517685193898,586.7906267534729,580.0303185442992,572.2597823479261,563.5786817817203,554.0951844712174,543.923501339892,533.1814964019535,521.9884323205036,510.46269959278845,498.7198393513756,486.87076286902544,475.0201611811525,463.26523823769185,451.6946671025836,440.3878752097089,429.4144998294248,418.83419237431656,408.6965493881365,399.04130489900325,389.8986793805022,381.28987421712986,373.2276998464539,365.7172738991719,358.7567944756393,352.3383717944597,346.44884678373205,341.0706238106342,336.1824776647385,331.76034873584564,327.77801700243305,324.20783100031156,321.0212641196167,318.18947555922,315.6837725308295,313.47599969531217,311.5388722734439,309.84623924106916,308.3732856934729,307.0966810822959,305.9946814798268,305.0471707956796,304.2356926930008,303.5434250763688,302.9551462932919,302.4571660901686
0.0005587636992374942,600.126610348204,599.4753757945529,597.5306155747326,594.3194179334834,589.8860693296776,584.290955692499,577.6090663395249,569.928080643885,561.346266943927,551.9702981449307,541.9128296749496,531.2901462249392,520.2199412985244,508.81907939613876,497.20164600845334,485.47719084409727,473.74915749114615,462.11363116881023,450.6583060945328,439.46177646764716,428.59299506728877,418.11107600356956,408.06522176062526,398.4949087619798,389.43022653482734,380.89236183252757,372.8942137106262,365.4410788406864,358.53141092480047,352.157638484703,346.3069700161939,340.96221374382407,336.1025726365563,331.70442808239994,327.7420047401772,324.18809003256024,321.01458373052105,318.1930526247574,315.69518802335915,313.4931917684289,311.5601069327425,309.8700796606612,308.39856107773005,307.1224558472556,306.020225374511,305.07193053134125,304.25926536950675,303.56553376551005,302.9756179034012,302.4759116070844
0.0005637636992374942,597.4608480295229,596.8173055115258,594.8954919322259,591.7221010495771,587.3407763848465,581.8110323156795,575.2067843405298,567.6144676014541,559.1309713854861,549.8614909789272,539.9171438099303,529.412652685119,518.4641589243702,507.18701717148775,495.6938722998268,484.09292611957886,472.4863868862826,460.96923152998284,449.6281840974206,438.5410124454155,427.775989981674,417.3916969112196,407.4369434322014,397.9509486194954,388.96366996309683,380.4962772858777,372.5617549570962,365.1655745532048,358.3064406041133,351.97709470283667,346.16510739994885,340.85368514494627,336.022453474123,331.6482293176703,327.7056768068943,324.1680173887048,321.00757275280336,318.19631326649534,315.70631079117345,313.51012128644334,311.58111308583665,309.89372736502025,308.42367956834704,307.1481082487211,306.0456791710806,305.09662950160174,304.2828032731614,303.58763014362387,302.9960961178465,302.49467921817336
0.0005687636992374942,594.8169561612924,594.1810268926635,592.281925132146,589.1459550297594,584.8161250915722,579.3510887952764,572.823700801516,565.3191668969303,556.9330135749739,547.768975641026,537.9366500608179,527.5492152416365,516.721277345031,505.5666973505397,494.19669459212497,482.71813670127233,471.2320087700779,459.83218993519165,448.6044428029533,437.6257158343951,426.96360824023486,416.6761697729684,406.81182017325006,397.40952147810475,388.4990981028478,380.1017006925458,372.23039567492833,364.8908254408075,358.0819406146871,351.796790664277,346.0233027108944,340.74507581851515,335.9421524935269,331.59177975955413,327.669056012604,324.1476318542381,321.0002464173638,318.19926961150355,315.7171502841531,313.5267954205219,311.60189599245535,309.91718603643994,308.4486435697663,307.17363967822314,306.0710434790039,305.1212677318581,304.30630601225283,303.60971354007756,303.01658009906794,302.51346800750974
0.0005737636992374942,592.1951491905029,591.5667540934535,589.6901284599385,586.5911917112335,582.3123252614362,576.9113323430267,570.4600197672544,563.0423788516476,554.7525895695517,545.6929434052387,535.971534426224,525.7000141564982,514.9914706598773,503.9582874824737,492.7102735374498,481.3529760398401,469.986169131418,458.70264469643325,447.5872126779078,436.7160091360055,426.1559643082346,415.9646009980782,406.18995036887765,396.8707177832238,388.03659359627216,379.7087070794611,371.9002035129827,364.6168920577916,357.85796474191636,351.61677374840644,345.8815973165949,340.63642153920375,335.86170031335394,331.5351053179051,327.6321640092771,324.12695127062074,320.9926191926079,318.2019331768625,315.7277154690086,313.54322096299313,311.6224606183508,309.9404591314301,308.47345531474207,307.19905139792536,306.0963188110012,305.1458451754994,304.3297731415023,303.6317832441604,303.0370689790981,302.5322770355481
0.0005787636992374942,589.5956162773376,588.9746760532087,587.120290195203,584.0579982713406,579.8295625212788,574.4919465813947,568.1159223983157,560.7842817051996,552.5898742311758,543.6335653069746,534.0219636786001,523.8652115197665,513.2748958787129,502.3619391245719,491.23475489704254,479.99758378863135,468.74900123823716,457.580722455426,446.57661353644136,435.81200517750983,425.3531639109835,415.2570891417571,405.5714253846736,396.3346217417555,387.57623357319824,379.31736663191083,371.57124189390134,364.3438312931148,357.6345636135071,351.4370886331429,345.7400302901706,340.5277561476343,335.78112593475487,331.4782305610445,327.5950213457462,324.1059925803432,320.9847048212113,318.204314899493,315.7380148533579,313.559404346693,311.64281165077927,309.9635498930653,308.49811687416707,307.22434454843426,306.12150558925146,305.1703617188441,304.35320416599893,303.65383850823014,303.05756186208686,302.55110534115676
0.0005837636992374942,587.018522685481,586.4049578810393,584.5725749847588,581.5465385794475,577.3679996361029,572.09309283031,565.7915682152202,558.5450328114131,550.4450223697053,541.590993229519,532.0880863912366,522.0449522151187,511.5716938247712,500.7777886822981,489.77027031878754,478.65208651957215,467.5206262932953,456.4665387812315,445.57275508189645,434.9138076006515,424.55530447219405,414.5537252963002,404.95632991382,395.80131162841724,387.1180899199026,378.9277449280745,371.2435702175363,364.0716965457935,357.4117848497915,351.2577774229668,345.59863851866635,340.4191116415318,335.7004568176373,331.42117877904855,327.5576475199489,324.0847718697897,320.9765163550812,318.20642516451244,315.7480565086061,313.57535166333776,311.66295351319604,309.9864613626997,308.52263016638983,307.24952015620136,306.14660415127213,305.19481718581676,304.3765985449288,303.6758785506955,303.0780578266964,302.56995194354937
0.0005887636992374943,584.4640110903914,583.8577421600876,582.0471251348783,579.0569544694787,574.9277777546309,569.7149113190532,563.4870962706394,556.3247697656259,548.3181698208466,539.5653609290842,530.1700339077107,520.2393648317995,509.88198998805666,499.20595820363417,488.316938072802,477.31659840085035,466.3011540553051,455.36019873660814,444.57573742052904,434.0215113252042,423.7624755300343,413.8545934624991,404.3447423068325,395.27086007685506,386.66222953466223,378.5399031620601,370.9172440544613,363.80053789178976,357.1896732067757,351.0788797707782,345.4574568062052,340.3105182624946,335.6197189531935,331.3639720439865,327.52006102864493,324.0633044100202,320.96806618860955,318.2082738321953,315.75784809168795,313.59106868097683,311.68289037920596,310.0091963910821,308.54699696605144,307.27457914053923,306.17161475549074,305.21921134237834,304.39995569510666,303.6979025588418,303.0985559283725,302.58881584411847
0.0005937636992374943,581.9322028138524,581.3331501783108,579.5440618308473,576.5893669410488,572.5090175852052,567.3575223306417,561.2026262566244,554.1236114698327,546.20943446505,537.5567850040852,528.2679212589564,518.4485625276675,508.20589533327694,497.6465561314807,486.8748637485017,475.9912218393912,465.0906834280456,454.2617974154032,443.5856515491699,433.13520298917695,422.97475913237736,413.15977090260856,403.73673488503243,394.743334356483,386.2087145708465,378.1538983561215,370.5923153301371,363.53040224286894,356.9682707123268,350.9004329939199,345.31651797221116,340.2020045786183,335.5389369329564,331.30663126727035,327.4822794147421,324.0416046955803,320.95936609030855,318.20987026361183,315.7673968657362,313.6065608605722,311.70262618580944,310.0317576489033,308.5712189124639,307.2995223202709,306.1965375865231,305.2435439007222,304.4232749943219,303.71990969151,303.1190552014986,302.6076960281771
0.0005987636992374943,579.4231989913634,578.8312830923294,577.0634862902823,574.1438772954848,570.1118205081161,565.0210272845579,558.9382595524189,551.9416591409292,544.1189171922512,535.565365813178,526.3818480321384,516.6726438471592,506.54350706583466,496.0996780172486,485.44414091594496,474.67604809062345,463.8893030196772,453.17142045293735,442.60257981853107,432.25496136717015,422.1922302125505,412.46932847599817,403.1323742387273,394.2187966358854,385.7576026682652,377.76978356266574,370.2688325002505,363.26133349786767,356.747616795869,350.72247218468095,345.17585294496223,340.09359756319,335.45813401457025,331.24917625426775,327.44431931235397,324.0196864814438,320.9504272329129,318.2112233450146,315.77670971973,313.6218333717524,311.72216464598046,310.05414763680545,308.59529751755827,307.32435042003397,306.221372760175,305.26781452325025,304.44655578450784,303.7418990816343,303.13955466143886,302.6265914666115
0.0006037636992374943,576.9370816777096,576.352223029668,574.605480855457,571.72056821187,567.7362696293357,562.7055097626018,556.6940802174131,549.7789972663737,542.0467028165066,533.5911883458324,524.5118991948168,514.9116934973744,504.89490935880406,494.5654071982974,484.02485175384777,473.3711578376815,462.6970916741717,452.08914451108024,441.6265963736592,431.3808577682021,421.41495694673995,411.78333095849746,402.53172151097,393.6973042335372,385.30894717342346,377.3876080566123,369.94684071770456,362.9933726867788,356.5277484119336,350.54503031557164,345.03549085071955,339.9853226696606,335.3773321844432,331.1916257563199,327.4061964897097,323.997562818182,320.94126022202875,318.2123415110376,315.7857931871773,313.63689110778427,311.7415092606128,310.07636869488255,308.61923417342234,307.34906407625544,306.2461203281806,305.2920228263373,304.4697973747445,303.7638698386473,303.16005330647533,302.6455011174518
0.0006087636992374943,574.4739148952008,573.8960341338502,572.1701100290469,569.3195047674275,565.38243077985,560.4110364819103,554.470155933104,547.6356945109219,539.9928609439703,531.6343230486628,522.6581458773961,513.1657830850428,503.260174043422,493.0438154415227,482.6170676463611,472.0766217419274,461.51411897654947,451.01503773952487,440.6577675728762,430.5129564141925,420.64300109409214,411.10183734634614,401.93483266769715,393.1789098565358,384.8627973492841,377.0074175186159,369.6263819917028,362.72655810803076,356.30870015788474,350.36813833964004,344.89545909866,339.87720390308465,335.29655221744514,331.13399752029943,327.3679258900249,323.97524608545484,320.93187512340467,318.21323276676986,315.7946534638832,313.6517386998015,311.7606633298667,310.09842301169755,308.643030159451,307.3736638428164,306.2707802826925,305.31616838389823,304.49299904410145,303.7858210507584,303.18055011964475,302.66442392736104
0.0006137636992374943,572.0337456284333,571.4627635561933,569.7574214570889,566.9407354059642,563.050353464209,558.1376582186308,552.2665388974006,545.5118045776185,537.9574467972124,529.6948266103293,520.8206461164782,511.4349718167994,501.63936126532894,491.5349635551429,481.22084975047085,470.7925009664805,460.3404457334402,449.9491602146248,439.6961523864216,429.65131480017965,419.8764183204672,410.4249011455897,401.34175875497897,392.66366182798293,384.4191985750889,376.62925420963546,369.3074953393371,362.4609254593138,356.0905043861196,350.19182528608565,344.7557834618279,339.76926388820993,335.21581373379973,331.07630833583164,327.32952167043794,323.9527480239068,320.9222814888956,318.2139047087623,315.8032964248488,313.66638053033154,311.77962996394774,310.120312632843,308.6666866491287,307.3981501964218,306.2953525605357,305.3402507307661,304.5161600443316,303.8077517871129,303.2010440704803,302.68335883305065
0.0006187636992374943,569.616604768961,569.0524423976705,567.3674468624856,564.5842928576429,560.7400717614697,555.8854106853238,550.0832666742228,543.4073670258498,535.9405019985354,527.7727427075073,518.9994455614564,509.719307164938,500.0325201085625,490.0389019705201,479.836249535704,469.5188476742798,459.1761244303498,448.8915643570326,438.7418027759073,428.7959840372614,419.115258506719,409.7525706476928,400.75254614405935,392.1516043036104,383.97819253675794,376.25315713729265,368.9902169300665,362.1965079622815,355.8731913110249,350.0161183514083,344.6164881543075,339.6615239343854,335.1351352533145,331.01857408030025,327.29099723911133,323.93007976555145,320.9124883811857,318.2143645450213,315.81172764034756,313.68082074615444,311.7984120933472,310.1420394690671,308.6902047164645,307.42252354169034,306.3198370472379,305.3642693658906,304.5392796024209,303.82966109983636,303.22153411666204,302.7023047626228
0.0006237636992374943,567.2225080128865,566.6650866038435,565.000202932024,562.2501950129947,558.4516051813794,553.6543153648414,547.9203630010379,541.32240804898,533.9420553146824,525.8681027141818,517.1945781464586,508.0188255006075,498.4396891891228,488.55567129569414,478.4633092976708,468.25570550207743,458.02119966689827,447.84229532928487,437.79476405561024,427.9470091791763,418.3595660423174,409.0848891920905,400.16723676482036,391.6427774782036,383.5398174083482,375.8791622144413,368.67458022344493,361.9333364814389,355.65678911095443,349.8410429863178,344.47759590480644,339.5540040974481,335.0545342470807,330.96080976174676,327.2523652905897,323.90725186271874,320.9025043973353,318.21461911404185,315.81995239122097,313.69506327052966,311.8170124785719,310.16360530398936,308.71358534209554,307.4467842159807,306.3442335808474,305.3882237553682,304.5623569230033,303.8515480259712,303.2420192055818,302.7212606368442
0.0006287636992374944,564.8514567140927,564.3006978155753,562.6556921595867,559.9384457538054,556.1849594783591,551.4443803031679,545.7778385567215,539.2569412138575,531.9621233651052,523.9809263763123,515.4060667295652,506.3335526962453,496.8608972197749,487.08530284216465,477.1020626468571,467.003110011652,456.8757085712017,446.8013914143899,436.8550752365558,427.1044295333751,417.6093801050696,408.42189541634787,399.5858683282622,391.13721778234225,383.1041080250231,375.50730241033784,368.3606161004397,361.6714396375079,355.4413240254752,349.6666229786149,344.33912802682835,339.4467232387396,334.97402718677216,330.90302955977097,327.2136378395014,323.88427431563946,320.89233769120847,318.21467490292855,315.8279756834321,313.7091118148227,311.83543371938924,310.1850118014262,308.7368294190785,307.47093249396534,306.36854195555094,305.41211333531027,304.58539119064665,303.87341158931105,303.2624982758258,302.7402253703552
0.0006337636992374944,562.5034386955925,561.9592641779889,560.333903648001,557.6490357432758,553.9401274256347,549.2556008634965,543.6556916919342,537.2109681642834,530.0007112957833,522.1112224537524,513.633923701069,504.663504698902,495.2961635476257,485.62781912634154,475.7525349739729,465.7610891194367,455.7396811944832,445.7688843764048,435.92276935427674,426.2682789573789,416.86473492764986,407.763623494558,399.00847453855255,390.63495806994365,382.67109604796076,375.13760789478357,368.04835298865703,361.4108439155426,355.2268204481186,349.49288053224353,344.2011044856042,339.33969908139346,334.89362959165913,330.84524686453045,327.17482625268815,323.86115659873366,320.88199599483994,318.2145380646501,315.8358022619163,313.7229698895618,311.85367826361335,310.20626051234615,308.759937758383,307.49496859196677,306.39276192509885,305.435937514559,304.6083815720166,303.8952508021362,303.2829702585793,302.7591978728164
0.0006387636992374944,560.1784290212688,559.6407611099431,558.0348138717673,555.3819431776614,551.7170895516667,547.0879604436245,541.5539091240273,535.1844792903722,528.0578134204347,520.2589893311638,511.87815156241516,503.0086880759894,493.7454986659004,484.1832343469865,474.41474389307143,464.5296635056765,454.61314088693035,444.74479980392005,434.99787378107993,425.4385861411678,416.12566005160147,407.11010336456627,398.4350852951677,390.1360277970683,382.2408101215976,374.77010617558585,367.73781698177805,361.15157376805666,355.0133010148562,349.319836342703,344.0635439619422,339.23294826402946,334.81335607345255,330.78747431393367,327.13594127983816,323.83790768566854,320.87148663879304,318.2142144344717,315.84343662376284,313.7366408149546,311.87174841545396,310.22735288147464,308.7829110941035,307.5188926720675,306.41689320605076,305.4596956772579,304.6313272179242,303.9170646668573,303.3034340789573,302.7781770499968
0.0006437636992374944,557.87639073011,557.3451520361172,555.7583874027413,553.1371345014306,549.5158148408725,544.9414311586115,539.4724665983412,533.1774543655948,526.1334138308187,518.424215599537,510.1387434773428,501.3691005348762,492.20890470124823,482.7515548398741,473.0886996635755,463.30884700415476,453.4961046557486,443.72915743731596,434.08041052359783,424.6153748762983,415.39218056943724,406.4613609445787,397.8657268856153,389.640453192417,381.8132760235872,374.40482222966637,367.4290319534864,360.89365171340285,354.80078668851,349.1475096689976,343.92646391314526,339.12648639197994,334.73322037908287,330.72972382911496,327.0969930826989,323.81453607324556,320.86081657155904,318.21370954560535,315.85088303076293,313.7501277308906,311.8896463434521,310.2482902535651,308.80575008840367,307.54270484600505,306.44093548084805,305.4833871852848,304.6542272652632,303.93885217757065,303.3238886572643,302.7971618048041
0.0006487636992374944,555.5972755348904,555.0723890836495,553.5045776006967,550.9145650878377,547.3362614004941,542.8159744904887,537.4113295176357,531.1898631531659,524.2274869777209,516.6068806098294,508.41568379664716,499.74473141766487,490.6863758778183,481.3327795108263,471.77440559227443,462.09864697346626,452.38858350629977,442.7219714805993,433.1703965063571,423.7986643124101,414.6643173554238,405.8174183396749,397.3004221692014,389.1482574199282,381.3885168078292,374.0417786281266,367.1220196661576,360.63709842963783,354.58929683929426,348.9759184022912,343.78988063114065,339.02032808616934,334.6532354315154,330.67200664827647,327.05799126293726,323.79104980417515,320.84999237804504,318.2130286441174,315.8581455213537,313.7634336064558,311.90737408802164,310.2690738793536,308.8284553362065,307.56640517886404,306.4648884007242,305.5070113805539,304.67708083884315,303.9606123215284,303.34433291018706,302.816151038263
0.0006537636992374944,553.3410244871185,552.822413745148,551.2733272705656,548.7141798866766,545.1783770953364,540.7115419067061,535.3704535412714,529.2216659833359,522.3399982241069,514.8069550001253,506.7089485578937,498.13556217239625,489.1778989592709,479.9269002482022,470.47185841628914,460.8990646507534,451.29058276716773,441.72325089858225,432.26784384205325,422.988469201738,413.9420872856069,405.1782940387197,396.7391907522782,388.65946073385874,380.966552940904,373.68099565556247,366.8167998745623,360.38193284409067,354.3788493216754,348.8050791314274,343.65380929795447,338.91448702975987,334.5734133686965,330.61433335897436,327.01894488871386,323.76745648879313,320.8390202971964,318.21217670313064,315.86522792199,313.7765612489847,311.92493356861803,310.2897049212137,308.85102736964325,307.58999369257396,306.4887515884588,305.5305675871936,304.69988705312153,303.98234408053105,303.3647657519236,302.83514365044084
0.0006587636992374944,551.1075686099529,550.5951575097671,549.0645692880364,546.5359140408717,543.0421001519977,538.6280754488871,533.349785155661,527.2728143030441,520.4709043718348,513.0244011976429,505.01850596133085,496.5415668018543,487.6834536698185,478.53390231585706,469.181048667946,459.7100954887699,450.20210239993736,440.7329997001223,431.37276008918053,422.1848001322172,413.225503447599,404.5440031021401,396.1820491553848,388.174080626711,380.5474024322327,373.32249142390447,366.5133904248229,360.12817221883915,354.1694605477275,348.6350072054642,343.5182640386596,338.8089760126708,334.4937655807217,330.55671392892634,326.97986252003363,323.74376332577066,320.82790623879396,318.2111584363541,315.87213385797065,313.78951331267126,311.94232659055166,310.3101844585253,308.8734666622735,307.61347036922365,306.51252464098553,305.5540551136067,304.72264501384325,304.00404643224164,303.38518609525056,302.8541385413257
0.0006637636992374945,548.8968295006856,548.3905424639429,546.878227195087,544.3796934734561,540.927359734108,536.5655082933637,531.3492622174185,525.3432511993009,518.6201541632356,511.259173896829,503.3443168231762,494.962712291073,486.20301309532647,477.15376472753195,467.9019610224431,458.5317294770846,449.1231372944343,439.7512172081017,430.48514849763137,421.3876637497319,412.514575340625,403.9145573410066,395.62901097267127,387.6921319703499,380.13108095826067,372.96628198104776,366.2118073488516,359.87583223229115,353.96114555714996,348.4657167933656,343.3832579719172,338.703806974073,334.414302745309,330.49915773541005,326.9407522329318,323.7199771218658,320.81665579946775,318.2099783109749,315.8788667637474,313.8022923067618,311.95955485146374,310.3305134927725,308.8957736330874,307.6368351542016,306.53620713185956,305.57747325441727,304.745353819588,304.0257183514296,303.4055928525335,302.8731346116566
0.0006687636992374945,546.7087199042935,546.2084818632854,544.7142157669354,542.2454354463971,538.8340764900023,534.5237652848868,529.368814470545,523.4329118975927,516.7876887587947,509.51122051471236,501.68633500737957,493.3989590145849,484.7365440654453,475.7864606035733,466.6345746291468,457.3639514481958,448.0536775501264,438.7778983167835,429.60500824284463,420.5970629700298,411.80930906629203,403.2899654878354,395.0800870239742,387.213627150636,379.7176019809524,372.61238141451634,365.9120649544834,359.62492705705586,353.75391808410507,348.29722094098673,343.24880325822664,338.59899104295516,334.3350348616603,330.44167359332135,326.9016216425509,323.6961043107635,320.80527427796505,318.20864055994207,315.8854298927411,313.81490060334926,311.9766199474825,310.3506929523842,308.91794865030124,307.66008795916997,306.55979861359214,305.6008212923124,304.76801256323364,304.0473588111445,303.4259849366812,302.89213076371044
0.0006737636992374945,544.5431442594702,544.0488806770347,542.5724415518046,540.1330490926441,536.7621630741762,532.5027634448111,527.4083640389176,521.5417242365202,514.973442192093,507.7804816246204,500.04450783690936,491.85026112439186,483.28400751769016,474.43195751083766,465.3788634273045,456.2067413692813,446.9937087443541,437.8130337371539,428.73233464905104,419.81299718079765,411.109707510528,402.67023335950745,394.53528549989454,386.73857619587955,379.30697686086387,372.26080195039924,365.61417591150746,359.3754694342781,353.54779062102773,348.12953162547865,343.1149111459914,338.49453857685273,334.25597128278594,330.3842697819539,326.8624779251618,323.67215097104713,320.7937666897076,318.20714919367316,315.8918263266892,313.82734044478985,311.99352337907374,310.370723697329,308.93999203495684,307.68322866488097,306.58329861985885,305.6240984997813,304.7906203333371,304.0689667838251,303.4463612620473,302.9111259020458
0.0006787636992374945,542.3999992184745,541.9116361064137,540.4528033848175,538.0424359226948,534.7115246437905,530.5024124549961,525.4678258952738,519.6696091198208,513.1773418031061,506.06689136929884,498.41877648554464,490.31656691958426,481.8453588443358,473.0902177865876,464.13479644692245,455.0600746202703,445.9432121880165,436.8566102308207,427.86711940213445,419.03546243436324,410.4157705171061,402.05536401267574,393.9946121002063,386.26698689941077,378.8992149650515,371.91155404778056,365.3181513337911,359.1274707446057,353.3427744795471,347.96265980723433,342.9815920155046,338.3904591988266,334.17712074636563,330.3269540705628,326.8233278391791,323.6481228433438,320.7821377806735,318.20550801120976,315.8980589845474,313.83961395075903,312.01026655660195,310.390606523479,308.9619040643337,307.7062571238447,306.6067066675881,305.6473041407591,304.8131762154386,304.0905412423459,303.4667207452822,302.9301189342065
0.0006837636992374945,540.2791741420535,539.7966380781288,538.3551928772675,535.9734903069044,532.6820593314238,528.522615118586,523.5471083078198,517.8164809468568,511.3993086508983,504.37037785442254,496.80907635110634,488.7978191984852,480.4205482229455,471.76119884713967,462.9023380955134,453.9239222588899,444.9021651693107,435.9086108330115,427.0093507526015,418.26445163147014,409.7274950531538,401.4453578920158,393.458070165913,385.79886493653976,378.4943237700567,371.5646464888734,365.0240008576779,358.8809410759435,353.1388798486574,347.7966154794919,342.84885542095014,338.28676183277275,334.09849140421403,330.26973374276866,326.78417774521796,323.6240253466817,320.770392040635,318.2037206108499,315.904130630967,313.85172312496536,312.026850805616,310.41034216674996,308.98368497518413,307.72917316285276,306.63002225893524,305.67043747217804,304.8356792932919,304.11208116100437,303.4870623061371,302.949108771387
0.0006887636992374945,538.1805515706324,537.7037697142115,536.2794948824401,533.926099934697,530.6736586952072,526.5632677987697,521.6461132655274,515.9822480225953,509.63925790669055,502.69086352342794,495.2153374110086,487.29395559414945,479.009520931311,470.4448534819907,461.6814484313833,452.79825127329894,443.8705411860871,434.96901506518634,426.1590137091254,417.49995469654124,409.0448753670215,400.84021297165594,392.9256608052461,385.33421397617155,378.092308960199,371.22008646506,364.7317327168347,358.635889288146,352.9361158502642,347.6314077157032,342.716710130514,338.1834547371415,334.0200908504164,330.2126156198559,326.74503362523825,323.59986359409754,320.75853371578296,318.2017904002814,315.91004388436903,313.8636698615385,312.0432773718725,310.42993130703303,309.0053349667995,307.7519765853689,306.65324488314826,305.6934977454325,304.8581286500242,304.1335855164512,303.5073848682216,302.96809432905997
0.0006937636992374945,536.104007672895,535.6329077793177,534.225587939098,531.9001462517751,528.6862081474142,524.6242608365683,519.764736883131,514.1668129480518,507.89709922823147,501.0282655145513,493.63748456096636,485.8049088940021,477.6122176475377,469.1411301341027,460.47208342409016,451.68302482289533,442.8483101673566,434.0377991377509,425.31609022310465,416.7419587448336,408.36790313886934,400.23992489010334,392.3973830138912,384.87303578732065,377.69317452139353,370.8778796590266,364.44135381371086,358.3923230747904,352.73449059222906,347.467044714771,342.58516416469087,338.08054553713976,333.94192614819633,330.1556060830175,326.70590110081804,323.5756424075286,320.7465668207677,318.1997206062406,315.91580122463233,313.8754559511069,312.0595474261098,310.4493745719253,309.02685420391583,307.7746671737887,306.67637401833014,305.71648420776035,304.88052336922976,304.15505328856784,303.5276873597189,302.98707452756986
0.0006987636992374945,534.0494126728282,533.5839231065557,532.1933446936854,529.8955048763636,526.7195873625204,522.7054789486364,517.902869786781,512.3700729921177,506.1727371163518,499.3824960009098,492.07543793764984,484.3306073443632,476.22857473597355,467.8499731669978,459.27419520267813,450.5782024678503,441.8354386844568,433.1149361433345,424.4805593646579,415.99044824185944,407.69656762431106,399.6444870789714,391.8732337897069,384.41533034076724,377.29692283070136,370.5380303231743,364.1528697877677,358.15024902216373,352.5340112190278,347.3035338442549,342.45422483287143,337.9780412554867,333.86400385557425,330.09871109459584,326.6667854505976,323.55136633202426,320.73449515018274,318.1975142837182,315.92140500041774,313.8870830865808,312.0756620685846,310.4686725402705,309.0482428194672,307.79724469157924,306.6994091331038,305.7393961035461,304.90286253600004,304.1764834612917,303.5479687140591,303.00604829269207
0.0007037636992374946,532.0166312562369,531.556681002847,530.1826323022522,527.9120459954776,524.7736706657005,520.8068016060159,516.0603974812593,510.5919204456417,504.46607125453687,497.75346251441715,490.5291132260377,482.870974940563,474.8585245196422,466.5713231192791,458.0877322922545,449.4837403878942,440.8318901523585,432.20039624107085,423.6523974904514,415.24540515543424,407.03085579143567,399.0538908857925,391.3532082421931,383.96109590607387,376.9035547418093,370.2005413544775,363.8662850806263,357.90967266559284,352.33468396013063,347.14088168163687,342.32389876828887,337.875948341789,333.7863300498726,330.0419362183643,326.6276916269315,323.52703964930674,320.7223222895183,318.1951743247345,315.9268574361411,313.8985528686534,312.0916223333829,310.48782574551797,309.06950091719364,307.81970888530054,306.7223496881827,305.7622326755487,304.92514523789316,304.1978750233933,303.5682278705528,303.02501455616033
0.0007087636992374946,530.0055229576931,529.5510416347802,528.193312813044,525.949634742142,522.8483274026713,518.9281033947323,514.23720069962,508.832242958597,502.7769968323073,496.1410682542904,488.9984219521805,481.42593170332077,473.50199553980815,465.30511694716074,456.91263983945333,448.3995915908531,439.83762502157083,431.2941468322981,422.83157840373786,414.5068091006915,406.37075245151345,398.46812569119044,390.8372996969489,383.5103291441798,376.5130696666249,369.8654143659524,363.5816029982736,357.67059854323963,352.1365141762109,346.97909405373764,342.19419196139864,337.7742727006004,333.70891035112027,329.9852866388959,326.5886242717874,323.5026663907138,320.710051625609,318.19270346670385,315.9321606386164,313.9098668110349,312.1074291925156,310.5068346789094,309.09062857411124,307.84205948651766,306.7451951378538,305.78499316605854,304.9473705658461,304.21922696920666,303.5884637749871,303.0439722561636
0.0007137636992374946,528.0159425288288,527.5668603958636,526.2252435306588,524.0081315544542,520.9434222917547,517.0692543590766,512.4331557360696,507.0909238611157,501.1054048531622,494.54521238086,487.48327176205237,479.9953939420217,472.1589128032708,464.05128825556346,455.74885982729853,447.32570611141057,438.8526009610773,430.3961527280758,422.0180735069658,413.7746374783891,405.7162403836776,397.887179020672,390.3254997953521,383.0630251957739,376.1254656531668,369.5326497548908,363.29882577046345,357.4330302474752,351.93950640327915,346.81817607436614,342.06510979176494,337.67301971822326,333.63174994440703,329.92876718005925,326.5495877319239,323.4782503495496,320.6976863566003,318.19010430040726,315.93731660338057,313.92102634543176,312.1230835598101,310.5256997925023,309.1116258428506,307.86429621360725,306.7679449313752,305.80767681798545,304.9695376150321,304.24053829931523,303.6086753801862,303.06292033781347
0.0007187636992374946,526.0477402888395,525.6039882560437,524.2782773626273,522.0873925173295,519.0588157589797,515.2301203283771,510.6481347628652,505.36784246914044,499.45118242779694,492.96579029536366,485.983566687133,478.579274505498,470.82919801795185,462.8097675183021,454.59633127995556,446.2620312005442,437.8767730327178,429.5063763088922,421.21185194729964,413.04886560681445,405.0673004538549,397.31103665128194,389.8177985896756,382.6191777656385,375.7407394599164,369.20224676800683,363.0179546074377,357.19697047394504,351.7436643948382,346.65813218028444,341.9366570585199,337.5721942883115,333.5548536012366,329.8723823226828,326.51058607338206,323.4537950928727,320.6852295014535,318.18737927759236,315.94232722071797,313.93203282628286,312.138586294606,310.54442150203624,309.13249275387045,307.88641877346356,306.7905985142945,305.83028287588394,304.991645485666,304.2618080211961,303.6288616465369,303.08185775358373
0.0007237636992374946,524.1007624580183,523.6622720943037,522.3522631492266,520.1872696877299,517.1943642570088,513.4105632280205,508.88200613196557,503.66287437540143,497.8142130532745,491.40269390637013,484.49920739732966,477.1774830208897,469.51276981731735,461.58048228786686,453.45499045783583,445.20851150606495,436.91009385740745,428.6247776769235,420.41288075537676,412.32946684758093,404.42391172821203,396.73968271335787,389.31418463385154,382.1787792031488,375.35888662679395,368.8742035636351,362.7389897540911,356.96242106842874,351.54899116214847,346.498966165562,341.80883800946185,337.47180083632867,333.4782256999221,329.81613622142453,326.4716230953223,323.42930397274665,320.67268390901404,318.18453071821705,315.9471942813971,313.94288753526484,312.15393820526674,310.5630001896514,309.15322931755304,307.90842686310987,306.8131553296898,305.8528105869151,305.0136932837601,304.28303514982366,303.64902154248205,303.1007834637236
0.0007287636992374946,522.1748514751056,521.7415550151263,520.4470459773012,518.3076114041363,515.3499205686353,511.6104413754487,507.13463466213835,501.9758917263915,496.1943768787961,489.8558118834453,483.0300914418226,475.78992612113007,468.20954397414243,460.363357395275,452.32477104349584,444.1650892446669,435.95251377356533,427.75131480118137,419.6211249776086,411.6164127255947,403.7860515813631,396.1730997876067,388.81464507007905,381.74182057910093,374.9799015429104,368.5485172711162,362.46193054169316,356.72938307159325,351.35548901268777,346.3406812143942,341.68165636885215,337.3718433429125,333.40187024506855,329.7600327208841,326.43270234323444,323.40478013697725,320.66005226666084,318.1815608173545,315.95191948213295,313.9535916855763,312.16914005251255,310.58143620646496,309.17383552618475,307.93032017121914,306.8356148193385,305.87525920175165,305.03568012183246,304.3042187082351,303.66915404498235,303.1196964366447
0.0007337636992374946,520.2698462991946,519.8416766495593,518.562467478824,516.4482625809878,513.5253340955543,509.82960976182056,505.40588191218865,500.30676348598456,494.5915509586846,488.32502989864537,481.57611347838304,474.41650766157625,466.91943360410846,459.1583151404458,451.20560431875026,443.13170436587274,435.0039809881091,426.88594365587534,418.83654780231956,410.909673043456,403.15369579957894,395.61126899771426,388.31916571146394,381.3082917590348,374.60377751124133,368.2251840474938,362.186775437279,356.4978567617361,351.16315958688887,346.1832799324527,341.5551153639711,337.2723253661953,333.3257908861838,329.7040753709909,326.3938271215522,323.380226539361,320.6473371085566,318.178471651774,315.95650443078915,313.96414642601314,312.1841925525873,310.5997298750134,309.19431135583073,307.9520983795483,306.85797642481737,305.8976279754263,305.0576051195709,304.32535772805954,303.6892581399489,303.13859564928464
0.0007387636992374946,518.3855826969024,517.9624734415895,516.6983661148982,514.6090649887761,511.72045113308695,508.067920319993,503.6956064409442,498.6553556863025,493.0056094931632,486.81023085639237,480.1371654916927,473.0571289262818,465.6423493596954,457.96527547353105,450.09741933339956,442.1082947082465,434.06444172035185,426.0286183522961,418.05911068000466,410.209215990547,402.5268186792229,395.0541700986912,387.8277311208696,380.87818147321036,374.2305068103613,367.9041991316451,361.91352209081253,356.26784169560705,350.9720038932299,346.0267643768338,341.4292177504873,337.1732500631277,333.24999093545625,329.6482674417005,326.3550005056972,323.35564594946584,320.63454082351774,318.17526518621355,315.96095065132977,313.9745528448429,312.1990963802631,310.6178814915662,309.214656768106,307.97376116429064,306.88023958853586,305.91991616812777,305.07946740445345,304.3464512500121,303.70933282264684,303.1574800874468
0.0007437636992374947,516.521893515478,516.1037789204975,514.854577445863,512.7898575204508,509.9351151314944,506.32522217944523,502.0036640545994,497.02153166641676,491.43642405748716,485.31129511226027,478.7131370011623,471.7116888243777,464.3781996148072,456.7841561676097,449.0001430659522,441.0947961482206,433.13384033912394,425.1792912645145,417.28877343796887,409.5150082470477,401.9053931206288,394.50178156114526,387.3403246861494,380.4514773833863,373.8600807533694,367.58555689596045,361.6421673802219,356.0393367473949,350.78202234175234,345.87113608466785,341.30396583669386,337.0746202098494,333.17447338473687,329.5926119370325,326.31622535357843,323.33104096196644,320.6216656625205,318.17194327935846,315.9652595885357,313.9848119734888,312.2138521716936,310.6358913283177,309.2348717118495,307.99530819735025,306.9024037547081,305.9421230459462,305.1012661123288,304.3674983243552,303.72937709807263,303.17634874611775
0.0007487636992374947,514.6786089424894,514.2654239598285,513.030934388137,510.9904764447564,508.1691669444948,504.60136190874266,500.32990804199574,495.405152299433,489.88386381995554,483.82810068117533,477.3039152587262,470.38008407701443,463.12689064055473,455.61487298314114,447.91370057670287,440.09114274187397,432.2121194934243,424.33791314917346,416.52549438960466,408.8270150831052,401.289390717626,393.9540806516654,386.8569286919234,380.02816614654574,373.4924897441341,367.2692508956802,361.37270745440276,355.812340145961,350.59321477607637,345.7163961004488,341.17936150666196,336.97643822115026,333.09924092176215,329.5371116084762,326.27750431657296,323.3064140055533,320.60871374586134,318.168507689538,315.9694326124921,313.9949247900319,312.2284605271204,310.6537596354623,309.25495612470445,308.0167391475421,306.9244683702643,305.96424788157066,305.12300038795763,304.38849801132847,303.74938998130466,303.19520062976403
0.0007537636992374947,512.8555567526989,512.4472370235934,511.2272674584027,509.21075564709804,506.4224450655632,502.89618374610245,498.6741893983824,493.806076208488,488.34779574930826,482.36052343551006,475.90938543706733,469.06220939528947,461.88832677259205,454.4573398245452,446.8380151535132,439.0972668599761,431.2992202368953,423.50443325964085,415.7692304385466,408.1452004533768,400.6787818429069,393.41104350948933,386.37752438805205,379.6082334757042,373.12772333097365,366.95527391599364,361.10513777427843,355.58684951039777,350.40558050398033,345.5625450021409,341.05540624236016,336.8787061690618,333.0242959456501,329.4817689677953,326.2388398500091,323.2817673514359,320.59568706998505,318.1649600801553,315.97347102286244,314.0048922225402,312.24292201344247,310.67148664315937,309.27490993461186,308.0380536817215,306.94643288570603,305.9862899549415,305.14466938551686,304.4094493815478,303.76937049783004,303.2140347526081
0.0007587636992374947,511.0525625427092,510.64904440027397,509.4434050057054,507.4505268585,504.6947858525689,501.209529818603,497.0363570381817,492.22415997216007,486.82808481198725,480.9084372935267,474.52943080870466,467.7579576495674,460.6624105703884,453.3114688892665,445.77300845062246,438.1130993166046,430.3950821463951,422.6787994547748,415.01993717793374,407.46952708715366,400.07353572942316,392.87264521962265,385.9020920549576,379.19166419793066,372.7657702578889,366.64361801700034,360.839453152005,355.3628618839857,350.2191183266078,345.4095829261171,340.9321011447844,336.78142580061746,332.94964058170325,329.42658629925705,326.2002342231767,323.25710312145713,320.5825875139981,318.16130202486056,315.97737605295464,314.014715152232,312.2572371666519,310.6890725633923,309.2947330612178,308.05925146584616,306.96829675590743,306.0082485538584,305.16627226906917,304.4303515163765,303.78931768384734,303.2328501388854
0.0007637636992374947,509.26944995393364,508.87067042518754,507.6791734320149,505.70961987319515,502.98602374127677,499.5412403505491,495.41625799725443,490.65925831977063,485.3245941597202,479.47171439860654,473.1639329163531,466.467220030581,459.4490429687988,452.17717080966,444.718600620801,437.1385694916187,429.4996434349364,421.86095830254396,414.2775689849986,406.7999565742613,399.47362054798646,392.3388598825665,385.4306110659301,378.77844230970504,372.40661851345635,366.33427457662646,360.57564778840145,355.14037376662054,350.03382656636325,345.25750959098,340.8094469541435,336.6845985548191,332.87527669554805,329.3715656713111,326.16168952888404,323.2324232958373,320.56941684587946,318.1575350124809,315.98114887359174,314.0243944164822,312.27140649414457,310.7065175917275,309.31442541720276,308.08033216597465,306.9900594408656,306.0301229745479,305.187808212999,304.45120350826943,303.8092305865476,303.2516458230826
0.0007687636992374947,507.50604088441816,507.11193769173775,505.93439740176996,503.98786275536156,501.29599144821765,497.8911538614829,493.8137376251393,489.1112243170325,483.8371853078619,478.050225289679,471.8127717349501,465.18988620268163,458.2481234222789,451.0543547880197,443.6747104411463,436.1736054472694,428.61284105923994,421.0508551787317,413.5420791111912,406.1364494469265,398.87900348124623,391.8096606808049,384.9630599465541,378.3685510297306,372.05025537748355,366.0272343315897,360.31371530868523,354.9193811457774,349.84970309355344,345.1063243203154,340.6874440691415,336.58822557884434,332.80120590664114,329.3167089477431,326.1232076925812,323.20772972056363,320.55617672840384,318.1536604517167,315.9847905967949,314.0339308116784,312.2854304769108,310.72382190897747,309.33398690953277,308.1012954492034,307.0117204064011,306.0519125221918,305.2092764024163,304.47200446109,303.82910826437285,303.2704208501581
0.0007737636992374947,505.76215569002005,505.37266725205217,504.2089000409053,502.28508203549393,499.6245201634052,496.2591073543069,492.22863976771833,487.57990954248044,482.36571830490874,476.6438390632457,470.4758258257233,463.9258444495915,457.05955004207385,449.9429287250583,442.64125543280505,435.2181340392051,427.7346108221461,420.24843436094494,412.8134197680381,405.47896525779026,398.2896507942007,391.2850199421961,384.49941643138277,377.96197284931316,371.6966674655283,365.7224874164952,360.05364879658583,354.69987952607664,349.6667453518306,344.9560260644247,340.5660925653956,336.4923077435278,332.7274296011699,329.262017798327,326.0847904810714,323.18302411444233,320.5428687247901,318.14967967561597,315.9883022792872,314.043325095933,312.2993095716112,310.7409856827729,309.3534174406396,308.1221409845464,307.0332791248135,306.0736165114171,305.23067603353076,304.49275349040374,303.8489497872557,303.28917427574606
0.0007787636992374948,504.03761337542187,503.6526788074858,502.5025031258333,500.6011028968773,497.97143973335744,494.64493649396536,490.66080694073855,486.0651642550966,480.9100518935842,475.2524235273775,469.1529724826539,462.67498181299436,455.8832197266943,448.8427993421302,441.61815197489295,434.2720810221245,426.86488747011225,419.45363911813536,412.0915422089247,404.82746265423657,397.70552790139993,390.7649092004044,384.0396575179816,377.5586895804156,371.3458407713739,365.4200234011478,359.7954408269092,354.48186395751276,349.4849503824893,344.80661342108147,340.44539221302927,336.39684565814895,332.6539489443733,329.20749370899614,326.04643951082613,323.1583080758259,320.5294943040858,318.14559394583586,315.9916849258275,314.0525779916603,312.3130442125442,310.75800906904726,309.37271690953014,308.142868443759,307.0547350754915,306.09523426675156,305.2520063139961,304.51344972374727,303.8687542368385,303.3079051663443
0.0007837636992374948,502.3322317754392,501.95179088944695,500.81502726283406,498.93574935261057,496.33657883485984,493.0484757771068,489.11008049460065,484.56683755352765,479.47004366387137,473.87584534804347,467.84408787167877,461.43718422428293,454.7190282859831,447.7538722974762,440.6053154128703,433.3353711503135,426.00360478601476,418.6664117958336,411.37639680698237,404.18189944920243,397.12659943098254,390.24929925250353,383.583759518457,377.1586824014897,370.9977607075504,365.1198313261571,359.5390834966211,354.26532906240493,349.3043148476669,344.65808465535457,340.32534249347526,336.30183968455646,332.58076489231036,329.1531379915566,326.0081562559228,323.1335830890335,320.5160548463023,318.14140445670256,315.99493949238035,314.0616901880212,312.3266348135089,310.7748922134402,309.39188521283154,308.16347750211025,307.0760877454823,306.11676512304524,305.2732664632285,304.53409230087567,303.88852070667417,303.326612599486
0.0007887636992374948,500.6458277270598,500.26982103098226,499.1462920582843,497.2888444136015,494.719765139885,491.46955869313405,487.5763007708066,483.0847775272697,478.04555019835414,472.5139701881148,466.5490471629539,460.21233662977147,453.56687055905377,446.67605229675877,439.6026601616221,432.4079282732961,425.15069567746514,417.88669389728574,410.6679331292543,403.542232688623,396.5528292856908,389.7381602138763,383.13169810858204,376.76193190118215,370.6524121439893,364.82189973691146,359.2845684545122,354.0502690611246,349.12483505249713,344.51043771853875,340.2059426155235,336.2072899506579,332.5078782030978,329.0989517929612,325.96994205562163,323.10885053047446,320.5025516473092,318.13711233907617,315.99806688913185,314.0706623432453,312.3400817695699,310.7916352526207,309.4109222457729,308.18396783910407,307.09733663001924,306.1382084258592,305.29445571269713,304.55468037398776,303.9082483024096,303.34529566389784
0.0007937636992374948,498.97821723262945,498.6065859295337,497.4961162801386,495.6602102479427,493.12082547206677,489.9080178770281,486.05930725044107,481.61883140018097,476.636427210212,471.16666283937207,465.26772465649026,459.00032310966253,452.4266405263777,445.60924319813967,438.61009980347575,431.4896754268141,424.3060922608388,417.1144261606745,409.96610000730277,402.9084187156621,395.9841807009934,389.2314615705302,382.6834483746235,376.3684181200096,370.30977944489143,364.5262167159904,359.0318869295097,353.8366777966547,348.94650696625996,344.3636702662314,340.0871915306474,336.11319636330313,332.43528944764296,329.0449361041644,325.93179812159747,323.08411167449106,320.48898592349997,318.1327186640322,316.00106798335605,314.0794950868342,312.35338545872634,310.80823831553585,309.42982790310725,308.204339139154,307.11848123301365,306.159563531824,305.3155733061915,304.5752131079316,303.9279361419523,303.3639534596433
0.0007987636992374948,497.3292156145847,496.961901601268,495.86431801105454,494.04966833205197,491.53958595510744,488.3636852543137,484.5589386950417,480.16884566666556,475.2425296741951,469.8337873478271,463.9999939014572,457.8010269910479,451.2982314162791,444.5533481121438,437.62754718138325,430.5805349193444,423.4697259412054,416.34954863259816,409.27084560441625,402.28041323186847,395.42061630044617,388.72917222894176,382.2389848579716,375.97812059009055,369.9698465038876,364.2327699140867,358.781029757692,353.62454875802985,348.7693262425736,344.2177796755931,339.9690879476386,336.01955862058713,332.36299901989133,328.9910917685762,325.8937255448415,323.05936769893117,320.47535881623907,318.1282244463657,316.0039436021399,314.0881890216507,312.36654624349273,310.82470152458825,309.4486020799772,308.22459109221234,307.13952106750867,306.18082980896975,305.33661850006376,304.5956896803902,303.9475833556204,303.3825850982532
0.0008037636992374948,495.69863766210995,495.3355835273538,494.25071479353755,492.45703959395024,489.97587215348096,486.83639217852107,483.07503328020107,478.73466622085687,473.86371195089544,468.51520713265904,462.74572780943555,456.61433095520823,450.18153580608634,443.5082694965406,436.65491448748116,429.6804284143512,422.64152748834533,415.59200073797206,408.58211747956665,401.65817135539487,394.8620981484101,388.2312605635387,381.79828159766987,375.59101837302035,369.63259677756616,363.94154657949974,358.5319874080648,353.4138751027074,348.5932882386692,344.07276306182666,339.8516303465821,335.92637622359814,332.29100714661246,328.937419490133,325.85572530224755,323.0346196904634,320.46167139609986,318.1236306479271,316.0066945349739,314.0967447259016,312.37956447239225,310.8410249967451,309.4672446727261,308.24472339435596,307.1604556560999,306.20200663702724,305.35759056345,304.6161092820492,303.9671890862784,303.4011897028423
0.0008087636992374948,494.0862977700836,493.72744679255027,492.6551237674646,490.8821445490271,488.42950920577556,485.32596956147705,481.6074287222241,477.31613847911217,472.4998279046116,467.2107850990481,461.50479876189104,455.4401171394661,449.0764457181773,442.473909246465,435.69211334723434,428.7892770084607,421.8214271090207,414.8417213465119,407.8998626482593,401.0416476764078,394.3085878002448,387.73769446192375,381.36131217093543,375.2070900959686,369.298013317439,363.65253358626495,358.28475000715116,353.2046496779154,348.41838803378823,343.9286172939096,339.73481699219803,335.83364848763404,332.21931389674154,328.8839198410004,325.8177982628971,323.00986864964585,320.4479246669029,318.11893818079733,316.009321536213,314.10516275501664,312.39244048136976,310.85720884458266,309.48575557965836,308.2647357483321,307.18128453132283,306.22309340770397,305.37848877846875,304.63647111674663,303.98675248945716,303.4197664082155
0.0008137636992374948,492.492010070658,492.1373062164522,491.0773618003272,489.3248034286326,486.90032195100787,483.8322479967494,480.15596239815306,475.913107496119,471.1507310150937,465.92038374518086,460.27707871212357,454.2782672338342,447.98285271114577,441.4501687799871,434.7390548993577,427.90700130574146,421.0093545156711,414.0986488359484,407.22402764041243,400.4307963098124,393.76004635008707,387.24844136793854,380.9280497317585,374.82631398607896,368.9660788004127,363.3657174609773,358.03930736244786,352.99686504102147,348.24462044674067,343.78533900961105,339.61864594658,335.74137455291236,332.1479191902988,328.8305932689268,325.779945194056,322.9851154957601,320.4341195695632,318.11414791030876,316.01182532741456,314.11344364342983,312.40517459512597,310.87325317726857,309.50413470174993,308.2846278640643,307.2020072360093,306.24408952493434,305.39931244039997,304.6567744016063,304.0062727334611,303.43831436096076
0.0008187636992374949,490.91558855780573,490.56497647772005,489.5172456105221,487.78483630181665,485.3881350482228,482.35505787654944,478.72047145945527,474.5254180748974,469.8162744834427,464.6438652636847,459.0624392819405,453.12866257268905,446.9006479663054,440.4369491193348,433.79564987170426,427.0335214882595,420.2052389916885,413.3627211521178,406.55455855539833,399.8255709454106,393.2164344763201,386.7634683226624,380.49846704766554,374.4486679032427,368.6367755578325,363.0810844083658,357.79564898479674,352.7905134789655,348.07198005266025,343.64292462982513,339.50311508135405,335.64955339479275,332.0768228069029,328.77744010426096,325.74216676689485,322.9603610714195,320.4202569857556,318.1092606579201,316.01420659955886,314.1215879062667,312.41776712837776,310.889158101486,309.52238194331335,308.3043994591221,307.2226233236147,306.2649944051067,305.42006085784516,304.6770183671551,304.0257489994614,303.45683271953135
0.0008237636992374949,489.3568472051465,489.01027223161157,487.9745918840009,486.2620631905236,483.89277308967996,480.8942295023867,477.30079293965866,473.15291487097204,468.4963113324234,463.38109163774186,457.86075185328616,451.991184221694,445.8297223697379,439.43415096795985,432.86180865329726,426.16875738307544,419.4090094534238,412.6338758660662,405.8914011143686,399.2259248956034,392.67771248483604,386.28274200343606,380.0725365347244,374.0741293713203,368.3100856031585,362.7986203356743,357.55376410971854,352.5855870267966,347.90046119899114,343.5013703722503,339.38822208928457,335.55818383353534,332.0060243938964,328.7244605666479,325.7044635619465,322.93560614696264,320.40633774140514,318.1042772039498,316.0164660151575,314.129596040943,312.43021838704743,310.904923722301,309.54049721261725,308.32405025915506,307.24313235851673,306.2858074772674,305.4407333528678,304.6972022574252,304.04518048157723,303.47532065431835
0.0008287636992374949,487.81560007735766,487.47300822111595,486.449217384578,484.7563041785353,482.4140607079146,479.4495931897553,475.8967638562046,471.7954424909731,467.19069450144127,462.1319247321183,456.67188765505443,450.86571306017925,444.7699665900827,438.4416747836327,431.9374413626769,425.3126285258381,418.620594509069,411.91205022829854,405.23450070998547,398.6318111407479,392.14384035018674,385.80622876099767,379.65023029087035,373.7026756078737,367.98599065833474,362.51831087589767,357.31364171775294,352.3820774853521,347.7300580207401,343.36067226444163,339.2739644953504,335.46726454361453,331.9355234741015,328.6716547714192,325.6668360743109,322.91085142464084,320.3923626100119,318.0991982901771,316.0186042102545,314.13746852867735,312.44252866938496,310.9205501439774,309.558480422465,308.34357999829376,307.2635339162879,306.30652818330384,305.46132926111767,304.7173253300424,304.0645663869444,303.4937773477118
0.0008337636992374949,486.29166143545655,485.9529993819759,484.94093905817965,483.26737951444517,480.95182267694776,478.0209793671196,474.50822130677864,470.4528455859172,465.8992769364207,460.8962263793353,455.49571784529724,449.7521298591832,443.7212711522584,437.4594208477422,431.0224579127248,424.46505422112756,417.8399225145519,411.1971812202984,404.5838024536702,398.04318237226937,391.61477775471616,385.33389465481173,379.23152012762455,373.3342835524801,367.6644721789081,362.2401414099264,357.0752705538499,352.17997643811793,347.5607644550247,343.22082615626476,339.160339667314,335.3767940626064,331.8653194532195,328.6190227356888,325.6292847186187,322.88609754261,320.37833231581544,318.0940246223135,316.02062179632543,314.14520583592343,312.45469826702526,310.9360374707398,309.5763314907319,308.36298841951873,307.2838275839422,306.3271559781065,305.481847931938,304.73738685629974,304.0839059357731,303.5122019941526
0.0008387636992374949,484.78484583623066,484.4500609418766,483.4495741313092,481.795109708928,479.505884007909,476.6082186694545,473.1350025603638,469.1249689394042,464.621911674814,459.67385846120027,454.33211358903424,448.65031535534695,442.68352650729526,436.4872893309669,430.1167680721218,423.62595359968896,417.066921626576,410.48920560343777,403.9392512204809,397.4599910336278,391.0904841257627,384.8657054866711,378.81637760027525,372.9689298936826,367.34551137795046,361.9640970876443,356.8386391458507,351.9792752673022,347.39257425494816,343.081827731776,339.0473448258058,335.2867707996695,331.79541162689213,328.5665643841679,325.5918098337646,322.86134507873317,320.36424753680865,318.0887568723534,316.02251936207864,314.1528084157243,312.4667274659847,310.9513858074896,309.59405034086524,308.38227527499924,307.3040129601584,306.34769032971263,305.50228872845696,304.75738612121955,304.1031983613946,303.53059380017606
0.0008437636992374949,483.29496822607825,482.9640085140594,481.97494020398733,480.33931562656653,478.076070039321,475.2111420265852,471.77694514325594,467.8116575509589,463.3584519259558,458.4646829859022,453.18094613186037,447.5601503208462,441.6566230984515,435.52518035547996,429.2202815235885,422.7952456726955,416.3015198529306,409.7880599653937,403.3007916917205,396.8821893592328,390.5709186710152,384.4016268326474,378.4047740365897,372.60659109464257,367.0290892488363,361.6901628480248,356.6037358221001,351.7799651691597,347.2254810028313,342.94367252055383,338.9349770539442,335.1971930436356,331.72579918743685,328.51427955471155,325.55441168742,322.8365945542042,320.3501089076044,318.08339568080703,316.0242974751638,314.16027670899257,312.47861654759924,310.96659526047364,309.61163690234736,308.40144032640364,307.32408965548007,306.3681307194305,305.5226510276642,304.777322423602,304.1224429102979,303.54895198444547
0.0008487636992374949,481.82184402951236,481.4946581856152,480.516855337416,478.89981857247534,476.662206522288,473.8295807465599,470.4338869202651,466.5127567147337,462.10875114697427,457.26856216087265,452.0420868695367,446.4815156295373,440.6404514237788,434.57299405384083,428.3329079190496,421.97284938317125,415.54364510019195,409.0936807641774,402.6683683953769,396.3097294113969,390.05604041210364,383.94162407346073,377.9966805641186,372.2472434175451,366.7151865869257,361.4183234382708,356.37054872822546,351.5820371685958,347.0594781228264,342.80635590850517,338.82323330651144,335.10805897072714,331.65648123027216,328.46216800360787,325.5170904803337,322.8118464369993,320.3359170221652,318.07794165882234,316.0259566837909,314.1676111457208,312.4903657894063,310.9816659379099,309.629091111125,308.42048334518205,307.344057292494,306.3884766419472,305.5429342204736,304.7971950760627,304.14163884215554,303.56727577777804
0.000853763699237495,480.3652892325688,480.0418266006968,479.0751381366045,477.4764403739605,475.26411970081693,472.4633665942785,469.1056661713195,465.228112093782,460.872663114455,456.08535846159816,450.91540741374564,445.4142923194852,439.63490209529436,433.6306306247203,427.4545569318595,421.15868365469925,414.7932252189296,408.40600436988626,402.0419257444893,395.74256311541217,389.5458082165013,383.4856624233391,377.5920681361566,371.8908629468159,366.40378401019916,361.1485634320377,356.13906584312053,351.3854821330844,346.8945588929422,342.66987314816924,338.7121104187047,335.0193666519184,331.5874567600447,328.4102294106211,325.47984635043264,322.7871011451639,320.3216724363984,318.0723953902005,316.02749751826525,314.17481214612377,312.50197546597434,310.99659795057096,309.64641291000476,308.43940411282335,307.3639155059879,306.4087276054193,305.563137711772,304.8170034050587,304.1607854298421,303.58556442316257
0.000858763699237495,478.9251204613473,478.6053310388776,477.6496078281856,476.0690034574353,473.8816363874894,471.112331865591,467.79212166367904,463.95756979009855,459.6500419920502,454.91493469656746,449.80077965418036,444.35836165203534,438.6398658949097,432.6979903855999,426.5851383062184,420.35266743753533,414.0501880465288,407.7249671042732,401.4214080735315,395.180642292834,389.04018082781363,383.03370695743183,377.1909075564155,371.53742561119793,366.09486197889083,360.8808672467792,355.9092749941661,351.19029078592666,346.73071645650396,342.53421936854,338.60160511447964,334.93111405995455,331.5187246964722,328.3584633837999,325.44267937672754,322.76235904994303,320.30737567062533,318.0667574333087,316.02892049244014,314.1818801217175,312.51344584968155,311.0113914123283,309.6636022490183,308.4582024210878,307.3836639430891,306.4288831315482,305.5832609204557,304.8367467509044,304.17988195944145,303.6038171757697
0.000863763699237495,477.50115505590776,477.18498948887844,476.24008433363804,474.6773309208094,472.5145840346958,469.77630945706954,466.49309271995594,462.7009764106198,458.44074239421286,453.75715406852515,448.6980758171326,443.3136051675822,437.65523382726275,431.7749738225793,425.72456190390346,419.55471975224106,413.3144614477337,407.05050527823437,400.8067596729005,394.6239186930486,388.53911689452144,382.5857226378415,376.79316950246675,371.18690720473944,365.7884008141624,360.6152191602552,355.6811638717217,350.9964537188797,346.56794383307283,342.39938958442866,338.4917140145051,334.84329907604376,331.45028387991437,328.3068694640595,325.4055895830349,322.73762047876113,320.2930272119293,318.0610283228973,316.0302261050939,314.1888154763362,312.52477721144635,311.0260464406581,309.6806590857575,308.47687807221564,307.40330226338403,306.4489427556406,305.6033032794545,304.85642446777723,304.1989277302473,303.62203330295506
0.000868763699237495,476.0932111397312,475.7806207178731,474.84638833812426,473.3012466015547,471.16279080163235,468.4551329316503,465.2084192821304,461.4581791293632,457.2446194462322,452.61188023219853,447.6071685207353,442.27990473818375,436.68089716958747,430.86148163742035,424.8727377484341,418.7647597309467,412.5859733530111,406.38255522730265,400.19792482159187,394.0723440232008,388.042574997249,382.141674338333,376.39882454800744,370.839283406739,365.48438071585946,360.35160332623656,355.4547200429201,350.8039614041837,346.40623392884845,342.2653787053853,338.38243364374455,334.75591949623686,331.38213307668167,328.25544712954934,325.36857694152275,322.7128857180577,320.2786275163867,318.0552085718226,316.03141484123154,314.1956186070919,312.5359698214121,311.0405631571118,309.6975833856814,308.49543087911456,307.4228301390209,306.4689060266543,305.62326423574484,304.8760359237139,304.21792205475543,303.64021208425527
0.000873763699237495,474.7011076849456,474.3920443365697,473.46834135514223,471.94057514064343,469.826085617251,467.14863658033045,463.9379419717445,460.22902574588204,456.0615288407342,451.4789773486538,446.52793082700975,441.25714261715996,435.71674751875634,429.95741479195146,424.029576066785,417.98270665634897,411.86465179483287,405.7210533452386,399.5948478181427,393.52586997655374,387.5505136746193,381.70152686777914,376.0078431839995,370.49452980069407,365.18278177939044,360.0900037894416,355.22993096479274,350.6128042060102,346.2455795465765,342.1321815441987,338.27376043868173,334.66897303750676,331.3142709840966,328.20419579981433,325.33164137608617,322.6881550159864,320.2641770111886,318.04929867268237,316.0324871733168,314.20228990527767,312.54702394958844,311.0549416877523,309.7143751223965,308.51386066552493,307.4422472547951,306.48877250723217,305.6431432503514,304.8955805005975,304.2368642586475,303.65835281137765
0.000878763699237495,473.3246645735128,473.01908086026407,472.10576578718195,470.5951420425481,468.50429823934746,465.85665548009996,462.68150214644413,459.0133647401999,454.8913268908084,450.35831013643565,445.46023629086113,440.2452014858137,434.76267683562025,429.0626745499479,423.1949873287565,417.2084799985422,411.1504249419668,405.0659361157991,398.99747300991805,392.9844482593485,387.0628914477595,381.26524499239576,375.62019583873234,370.15262189229514,364.8835840117657,359.83040449973805,355.0067839967574,350.42297239136036,346.08597339498203,341.99979282499254,338.16569075420364,334.58245734354216,331.24669623531446,328.1531148397581,325.2947827655622,322.66342858498206,320.2496760966552,318.0432990993651,316.03344356243696,314.20882975721815,312.55793986645057,311.0691821635569,309.7310342779116,308.5321672661665,307.46155330821927,306.50854177372173,305.6629397983389,304.9150575941365,304.25575368076846,303.67645478818355
0.000883763699237495,471.96370265455573,471.66155176604605,470.75848498256687,469.26477373148,467.1972593099634,464.57902554827996,461.4389419530364,457.81104532438474,453.73387057991255,449.24974391963303,444.4039590061582,439.2439644973997,433.818577486766,428.1771625166027,422.3688822841051,416.4419994497823,410.44322113186513,404.4171401427663,398.40574482081354,392.44803061623026,386.57966684351493,380.8327934568218,375.2358528968547,369.8135351265079,364.58676734683286,359.57278932564196,354.7852664124933,350.234456140433,345.9274080977498,341.8682071909352,338.05822087015736,334.496369990266,331.17940740391674,328.10220356341847,325.2580009467899,322.6387066042026,320.2351251481499,318.0372103085198,316.03428445940324,314.2152385450697,312.5687178434992,311.0832847207904,309.7475608428682,308.55035052686463,307.4807480095782,306.52821341618403,305.68265336879455,304.93446661383535,304.2745896730976,303.69451733066603
0.000888763699237495,470.6180437980068,470.3192795463361,469.42632328865795,467.9492976040393,465.904800407268,463.31558359342796,460.21010437722026,456.62191749091585,452.58901760870003,448.1531446730104,443.3589736490294,438.25331531846734,432.884342283809,427.3007806756942,421.551171997535,415.6831849572716,409.7429689012358,403.774602178314,397.819607777444,391.9165688543037,386.10079841642863,380.40413700409175,374.85478471742204,369.47724490378187,364.2923116597434,359.3171420671428,354.5653654112312,350.0472455564882,345.7698762020707,341.73741921157995,337.9513469975943,334.410708491092,331.1124030082858,328.0514612375622,325.2212957175217,322.6139892218504,320.22052451789637,318.0310327409478,316.03501030579,314.22151664757206,312.57935815378283,311.09724950134853,309.7639548167491,308.56841030465995,307.49983108196966,306.5477870383909,305.7022834648001,304.9538069829576,304.29337160071145,303.71253976692157
0.0008937636992374951,469.28751094474353,468.9920877589185,468.1091061015826,466.6485420784412,464.62675409408354,462.0661673629705,458.99483329014186,455.4458320579874,451.4566264389108,447.06837906433776,442.3251555185009,437.27313816769356,431.9598645203298,426.43343142455393,420.7417678816457,414.9319567540548,409.04959701487405,403.1382591497826,397.2390065338845,391.39001486587756,385.6262447695402,379.97924039455177,374.4769616510008,369.1437265954253,364.00019678068475,359.0634464678863,354.347068128484,349.86133067522627,345.6133701867723,341.6074233898506,337.8450652847147,334.32547030192984,331.04568151576945,328.0008870851062,325.184666839195,322.589276557379,320.205874536703,318.02476682292115,316.035621534916,314.2276644407542,312.58986107238394,311.1110766530725,309.7802162080634,308.5863464679003,307.5188022613322,306.5672622578111,305.7218296033967,304.97307813848175,304.31209884174234,303.73052143711686
0.0008987636992374951,467.971928153373,467.6798010736343,466.8066599126514,465.36233664047336,463.3629539632047,460.8306155877099,457.7929734919187,454.2826407118898,450.336556334458,445.995314494045,441.3023805745959,436.3033178523206,431.0450380065606,425.57501760693253,419.9405817279269,414.1882353881102,408.3630344928355,402.50804818493526,396.66388589502867,390.8683206499561,385.15596457405593,379.5580684237633,374.1023540558713,368.81295555817974,363.7104025079077,358.8116862267399,354.1303616462411,349.67670147370393,345.45788247005214,341.4782141686895,337.7393718225252,334.24065282594927,330.9792413466467,327.95048028837437,325.14811403956656,322.5645687035902,320.1911755155995,318.0184129674301,316.03611857276894,314.2336822985968,312.6002268768713,311.12476633003837,309.79634503451246,308.6041588963167,307.53766129645953,306.58663870558735,305.7412913155406,304.9922795310504,304.3307707873301,303.74846169345017
0.0009037636992374951,466.67112064382053,466.38224531588634,465.5188123516136,464.09051188633725,462.11323467966236,459.60876802334997,456.60437075227276,453.1321960466011,449.2286673998387,444.9338191323229,440.29052547401,435.3437398023061,430.13975710192386,424.7254425438593,419.1475257358871,413.4519417497149,407.6832106360214,401.88390663576195,396.09419083862406,390.3514383325336,384.68991658793914,379.14058593944003,373.7309323133686,368.4849071480322,363.4229086200809,358.5618450087695,353.9152330026495,349.49334787880696,345.30340541683097,341.3497859373796,337.63426265022326,334.15625341811506,330.91308087790014,327.9002399921958,325.1116370152187,322.539865728626,320.17642774738863,318.01197157536376,316.0365018388782,314.2395705936523,312.61045584771955,311.1383186928203,309.8123413231357,308.6218474810844,307.55640794900387,306.60591602650294,305.76066814605133,305.011410624913,304.3493868415687,303.7663599001085
0.0009087636992374951,465.38491483786896,465.09924750710354,464.24539222689725,462.83289956251497,460.87743202006965,458.400465489176,455.42887184840345,451.9943516007162,448.13282061599034,443.8837619537875,439.28946760347424,434.3942901022873,429.2439167455192,423.8846100625842,418.36251254040167,412.7229970971633,407.0100550502475,401.26577210089545,395.5298665360436,389.83932018574245,384.2280596734699,378.7267578574598,373.3626668423998,368.1595567332951,363.1376948880024,358.3139064556528,353.7016692012049,349.31125977529894,345.14993134574104,341.222133037558,337.5297337603179,334.0722693895007,330.847198446807,327.8501653068514,325.07523543394115,322.5151676778599,320.16163150811735,318.0054430366262,316.0367717471357,314.2453296976257,312.62054826869814,311.15173390872997,309.8282051104378,308.63941212486895,307.5750419934674,306.62509387893965,305.77995965355296,305.03047089786236,304.3679464214474,303.78421543321923
0.0009137636992374951,464.11313839679116,463.83063590230614,462.98622956297396,461.5893326028006,459.65538290918704,457.205549904023,454.2663246002287,450.8689618918369,447.04887787371,442.8450127698167,438.29908511090855,433.4548555214619,428.35741248465115,423.05242452369,417.5854552373584,412.001323080911,406.3434976688658,400.65358244670125,394.97085837184994,389.3319186459086,383.770352813817,378.3165491769916,372.9975281131713,367.83687970698884,362.85474108569446,358.0678541955518,353.4896572194733,349.130427013464,344.99745253576657,341.0952497689314,337.4257811035001,333.98869801139176,330.781592354353,327.8002553108769,325.0389089369948,322.49047457569264,320.14678705847155,317.99882773119197,316.03692870656874,314.2509599819181,312.6305044272303,311.1650121520337,309.84393644249866,308.6568527418595,307.59356321718303,306.64417193482745,305.7991654104081,305.04945984116534,304.38644895678766,303.80202768079846
0.0009187636992374951,462.85562025621,462.57624002490684,461.74115563498236,460.3596451626273,458.446925453835,456.02386431965476,453.11657790311494,449.7558824485388,445.97670200474914,441.81744225866953,437.3192569344691,432.5253235414774,427.48014050148754,422.2287908464559,416.8162674076778,411.286841766215,405.68346877400074,400.04727582710024,394.41711196220484,388.8291863305594,383.3167551286677,377.9099249947787,372.63548666016345,367.51685149855444,362.57402700090944,357.82367185247074,353.2791840173628,348.9508394163612,344.84596123255034,340.9691303947073,337.322400593272,333.90553651918736,330.7162608684794,327.75050905372535,325.00265714126215,322.46578642725615,320.13189464509605,317.9921260301018,316.0369731220676,314.2564618181324,312.6403246147249,311.17815360414727,309.8595353750658,308.6741692577881,307.6119714202857,306.66314987958606,305.81828500264527,305.0683769594887,304.40489389017444,303.8197960426949
0.0009237636992374951,461.61219065831585,461.3358906988759,460.5100030007371,459.1436726508159,457.2518989742764,454.8552529516756,451.9794817582132,448.6549698400271,444.9161568106891,440.8009219934856,436.3498628295831,431.6055823824207,426.6119976379317,421.4136145325532,416.0548631397818,410.579475654339,405.0298990164657,399.4467907021818,393.8685731721761,388.33107605443297,382.86722588895594,377.5068505186115,372.27651309438386,367.1994475849286,362.29553244507196,357.5813430551196,353.07023654496646,348.7724867867074,344.6954496543819,340.8437691467538,337.2195881103469,333.8227821161088,330.65120222716877,327.7009255582995,324.96647964128914,322.4411032200299,320.1169545018451,317.98533829640394,316.0369053950674,314.2618355785469,312.65000912688083,311.1911584538108,309.8750019736322,308.69136160993776,307.63026641567365,306.68202741205886,305.83731802988086,305.08722177081955,304.423280676884,303.83751993052977
0.0009287636992374951,460.3826811815652,460.1094200783948,459.29260553024676,457.941251758866,456.0701440331888,453.69956120808956,450.854887300511,447.56608170358925,443.86710708970156,439.7953244682661,435.39078339406683,430.6955210269962,425.75288141879275,420.6068016881475,415.301157050581,409.87914770238643,404.38271943441555,398.85206585565936,393.32518813199096,387.8375408445313,382.4217245307295,377.1072910800292,371.9205781149319,366.88464350100566,362.0192372626829,357.34085144530525,352.86280174999314,348.59535891340414,344.54590999787916,340.71916023049874,337.1173395068282,333.74043197672313,330.5864146413776,327.6515038233555,324.930376011224,322.4164249253728,320.101966850966,317.97846488604097,316.03672592418997,314.26708163655474,312.6595582639671,311.204026897244,309.8903363134988,308.70842974713895,307.6484480289609,306.70080424443995,305.8562641052349,305.1059938063805,304.44160878480716,303.85519876763294
0.0009337636992374952,459.1669247679791,458.8966616751155,458.0887984328574,456.7522204879042,454.90150246233765,452.5566357156172,449.7426468247086,446.48907676994594,442.8294186612918,438.8005231219265,434.4419000914114,429.79502924297253,424.902690073328,419.808259044481,414.55506430504704,409.1857813418257,403.7418614707942,398.2630404112226,392.78690325228166,387.3485339542615,381.9802106681929,376.71121214628215,371.5676525199034,366.57241484951686,361.745121340207,357.10218068587113,352.6568665848056,348.419445577725,344.39733444337924,340.5952978295795,337.01565061017857,333.6584832502905,330.5218962978214,327.60224282578645,324.8943458066567,322.39175149997624,320.0869319042173,317.9715061486864,316.0364351058443,314.27220036707297,312.6689723310776,311.216759138283,309.9055384798219,308.72537362975436,307.6665160984212,306.71948010219455,305.87512285524144,305.1246926105414,304.45987769436897,303.8728319889766
0.0009387636992374952,457.96475574815497,457.6974503831404,456.8984182821342,455.5764181734021,453.7458173870605,451.426324343874,448.6426138090197,445.42381488659873,441.80295838911786,437.816392360514,433.50309527232434,428.9039976039811,424.06132255523636,419.0178939770037,413.81650063443516,408.4993004957642,403.10725698963165,397.67965384783406,392.2536652383711,386.86400887670425,381.54264410596477,376.31857933158835,371.21770721666644,366.2627373103494,361.4731646144682,356.86531446820516,352.45241801308214,348.2447365591768,344.2497151600485,340.47217611025525,336.9145172269863,333.5769330639413,330.45764536161965,327.55314152278976,324.85838856636394,322.3670828872393,320.0718498639271,317.9644624285324,316.0360333347898,314.27719214692115,312.67825163836466,311.22935538849964,309.92060856764925,308.74219322965473,307.68447047492464,306.73805472397305,305.89389391975396,305.14331774072616,304.4780868984443,303.89041904110405
0.0009437636992374952,456.7760098641001,456.5116225018285,455.72130303858796,454.4136855077666,452.602933248664,450.3084762275138,447.55464293699583,444.37015703926954,440.78759420197645,436.8428075776709,432.5742521946057,428.0223175087401,423.2286785611701,418.2356145231206,413.08538235321885,407.8196295950305,402.4788382912408,397.10184601401903,391.725421103639,386.38391935704965,381.1089848505826,375.9293584077159,370.8707132315344,365.9555866493317,361.2033470805736,356.63023651933383,352.24944301611856,348.0712216410499,344.10304431072603,340.34978922559014,336.81393514654013,333.49577852569274,330.3936599788056,327.50419885392336,324.8225038139635,322.3424190185716,320.05672092399215,317.95733406503183,316.0355210046628,314.28205735517327,312.68739650124945,311.24181586730435,309.93554668194116,308.7588885301839,307.70231102186597,306.7565278615193,305.9125769518463,305.1618687673156,304.4962359022706,303.90795938205713
0.0009487636992374952,455.6005242899913,455.33901575653454,454.5572920703496,453.2638645609063,451.47269582483403,449.2029417864312,446.47859011746687,443.32796537152035,439.7831951130413,435.8796451734301,431.6552550414376,427.14988119877864,422.40465854783645,417.46132939861786,412.3616263747942,407.14669359311716,401.85653812636633,396.5295571411932,391.2021181820109,385.9082194042369,380.67919312128964,375.5435153139198,370.52664171886386,365.65093872650806,360.9356487993864,356.39693060862135,352.0479285987854,347.89889061567027,343.95731405651077,340.22813131941933,336.7139001442187,333.41501672731,330.3299382787077,327.4554137430562,324.78669105948177,322.3177598146263,320.04154527082096,317.95012139359494,316.0348985084686,314.28679637348137,312.69640724061287,311.25414080203313,309.95035293758156,308.77545952611575,307.7200376150868,306.7748992795736,305.93117161770897,305.18034527354706,304.5143242233571,303.9254524812995
0.0009537636992374952,454.43813765095956,454.1794693173773,453.4062261718911,452.1267987988698,450.3549522481541,448.10957274411726,445.41431250268755,442.2971032026401,438.7896312374367,434.92678257141824,430.7459889381605,426.28658177472903,421.5891637477529,416.6949480128294,411.64515022601205,406.48041798003777,401.2402897093316,395.9627278560726,390.68370413960986,385.4368633018339,380.2532293601356,375.1610161662633,370.18546396960227,365.3487695039248,360.6700499045683,356.1653805540915,351.84786179515635,347.7277332893673,343.8125165611041,340.10719653010534,336.61440798470335,333.33464474701907,330.2664783762078,327.40678510021723,324.7509498008394,322.29310518646554,320.02632308422415,317.9428247462452,316.0341662390408,314.29140958637475,312.7052841829665,311.2663304280203,309.9650274593771,308.7919062236016,307.7376501427906,306.7931687557704,305.9496775965414,305.1987468554104,304.53235139139093,303.942897819638
0.0009587636992374952,453.2886900399954,453.0328238161344,452.26794758088704,451.0023331006489,449.24955102282155,447.0282221442559,444.36166850477537,441.27743504388116,437.8067738082243,433.98409823454324,429.8463399676084,425.4323132112571,420.78209618371943,415.93638048260306,410.93587206059146,405.82072879514703,400.6300267302302,395.4012991922072,390.170126985609,384.96980561819163,379.8310542414222,374.78182726635106,369.84715141931,365.04905505294977,360.4065306092101,355.9355702283874,351.64922967382165,347.5577394871681,343.668643994918,339.9869789940958,336.51545442502254,333.25465965207843,330.2032783738816,327.3583118233472,324.71527952525713,322.2684550366631,320.01105453825346,317.93544445223415,316.033324589469,314.2958973815342,312.7140276606051,311.27838498865594,309.9795703820454,308.8082286401106,307.75514850545176,306.81133608053085,305.96809458044004,305.2170731215404,304.5503169481408,303.9602948891414
0.0009637636992374952,452.15202303306654,451.8989213613535,451.14229999330564,449.89031377323545,448.1563420396489,445.95874436564566,443.3205178105221,440.268826613124,436.83449519088043,433.05147167923735,428.95619518406994,424.5869703706918,419.9833586820673,415.18553764512023,410.23371067146593,405.16755263897153,400.0256833662056,394.84521260067754,389.66133508231985,384.50700121590455,379.41262868052263,374.4059151094997,369.51167565568085,364.75177156114603,360.14507121206816,355.7074835643864,351.4520193429007,347.3888990572324,343.52568853895946,339.867472849289,336.4170352174344,333.1750585012148,330.1403363640266,327.309992799958,324.6796797105862,322.24380926034576,319.9957398019923,317.9279808386181,316.0323739534967,314.30026015004404,312.72263801174137,311.2903047354318,309.99398185019356,308.8244268043619,307.77253261571923,306.82940105695195,305.98642227428365,305.2353236931068,304.56822044735804,303.9776431930557
0.0009687636992374953,451.0279797025334,450.777605551766,450.02912857681804,448.79058856501604,447.0751765894352,444.900995135529,442.290721394658,439.27114484804633,435.87266889633406,432.1287834883251,428.0754426259415,423.7504490154165,419.192854884743,414.4423310696244,409.5385855021126,404.52081668409926,399.4271942918616,394.29440995999414,389.15727715455273,384.0484052606107,378.99791384210357,374.0332463923709,369.17900842558197,364.4568953387193,359.88565210342523,355.48110456048437,351.25621795476627,347.2212018750372,343.3836423885009,339.748672238218,336.3191461121546,333.0958383469296,330.07765043058197,327.2618269087035,324.6441498265671,322.2191677461757,319.98037904029985,317.9204342307988,316.03131472589104,314.30449828662154,312.73111558062453,311.302089927973,310.00826201828767,308.84050075625004,307.78980239831435,306.84736350069045,306.00466039561474,305.25349820370104,304.5860614546744,303.99494224571936
0.0009737636992374953,449.9164046289482,449.6687214880891,448.9282799826049,447.7030066775882,446.0059073747851,443.8548315414051,441.27214153164186,438.284257917868,434.92116959263655,431.2159153225812,427.203971327134,422.92264581908205,418.41048926027986,413.70667306811,408.850416656912,403.88044868516766,398.83449468884265,393.7488335852348,388.6579022982819,383.5939732291587,378.5868711477765,373.66378802009325,368.84912164163615,364.1644028245581,359.628253770591,355.25641728556496,351.06181271049434,347.05463784732376,343.2424977565455,339.63057131105893,336.2217828599371,333.0169962376814,330.0152186509461,327.21381302086496,324.6086893360184,322.19453037727897,319.9649724145112,317.91280495302817,316.03014730278494,314.30861218982614,312.7394607176429,311.313740834059,310.0224110506128,308.8564505467636,307.80695778992435,306.8652232398436,306.0228086745175,305.2715962992209,304.603839547499,304.012191572474
0.0009787636992374953,448.8171439113162,448.5721157832928,447.8396023556435,446.62741877607243,444.9483885204521,442.8201120414017,440.2646418060517,437.30803523374186,433.9798731153288,430.31274993104336,426.34167132729385,422.1034583766958,417.63616711371446,412.97847670501824,408.16912491058275,403.2463769879965,398.2475202546235,393.20842623645655,388.16315998864735,383.14366091717363,378.17946228320415,373.29750711289296,368.5219873883662,363.8742705918855,359.37285680305934,355.0334058836667,350.8687908640502,346.8891969158168,343.1022468770964,339.5131642284733,336.12494121451255,332.9385292199494,329.9530390976948,327.16595000175636,324.57329769596043,322.1698970321192,319.9495200830948,317.9050933288813,316.0288720819943,314.31260226224845,312.7476737794111,311.3252577296329,310.03642912122484,308.8722762378978,307.82399873909,306.8829801148259,306.040866853494,305.28961763775226,304.6215543149118,304.02939070957507
0.0009837636992374953,447.7300451758955,447.48763657141023,446.76294534354616,445.5636769979979,443.9024755822799,441.79669647327694,439.26808712164245,436.3423474578567,433.048656476569,429.4191711601377,425.48843368089496,421.29278521364165,416.8697945954934,412.25765580599034,407.4946317167372,402.61853053790225,397.6662072105446,392.6731311264141,387.6730000873238,382.6974244460472,377.77564920468785,372.9343710122577,368.1975779279213,363.5864753535382,359.1194418973373,354.81205457836194,350.6771397262231,346.7248690607252,342.9628820082396,339.3964451642895,336.0286169348925,332.8604343401847,329.8911098402061,327.11823671205184,324.53797435867557,322.1452675853218,319.9340222022701,317.897299681697,316.0274894633099,314.31646891068095,312.7557551288442,311.3366408988002,310.0503164138948,308.88797790256115,307.84092520609033,306.90063397824287,306.0588346873369,305.30756188944923,304.6392053575561,304.0465392040995
0.0009887636992374953,446.6549575836096,446.4151335149635,445.69816010402724,444.5116349608312,442.868025554812,440.78444606211826,438.28234370913776,435.3870665113152,432.12739787308203,428.53506396167774,424.64415046525653,420.49052579368254,416.11127870942187,411.54412496572115,406.82685921559664,401.99683888723547,397.0904923091291,392.1428919276186,387.1873728492867,382.2552202693787,377.3753941452576,372.57434728665464,367.87586570540486,363.3009939668923,358.8679898614607,354.5923476768605,350.4868466683214,346.5616443040357,342.8243954350468,339.2804083080325,335.93280578754417,332.7827086466519,329.82942894619515,327.0706720090389,324.5027187727087,322.12064190844933,319.9184789265868,317.8894243349881,316.0259998487667,314.32021254627097,312.7637051352174,311.347890633818,310.0640731220456,308.9035556244769,307.85773716282256,306.9181846947617,306.0767119430001,305.3254287364115,304.65679228752884,304.06363661385245
0.0009937636992374953,445.5917318361416,445.35445781107535,444.645099311064,443.4711477682164,441.84489687763426,439.7832234268052,437.3072791328194,434.442065580848,431.2159766929888,427.66031439978985,423.80871478753903,419.6965805259954,415.36052731970017,410.83779955495595,406.1657302409094,401.38123220217534,396.5203128407144,391.61765277876736,386.70622892900184,381.817005178894,376.9786596202897,372.21740373682206,367.5568233538201,363.01780343844854,358.6184816192094,354.3742695738502,350.297899125637,346.39951271260674,342.6867794723079,339.16504786730695,335.83750354844085,332.70534919116807,329.76799448316206,327.02325474780156,324.46753038380984,322.09601987073074,319.90289040946686,317.8814676128236,316.02440364289043,314.3238335846563,312.77152417421354,311.35900723507433,310.07769944868187,308.9190094980793,307.8744345926783,306.9356321409789,306.0944983994668,305.3432178725607,304.674314728269,304.0806825072719
0.0009987636992374953,444.54022018077825,444.3054621963329,443.60361715981946,442.44207201499336,440.8329494405172,438.7928925852962,436.342762295973,433.5072191244226,430.31427352157135,426.79480965681984,422.9820207907697,418.91085077128434,414.6174491570904,410.13859572667354,405.5111683261068,400.7716412688189,395.95560663943144,391.0973582905726,386.22951938606803,381.38273630986487,376.5854084326728,371.863508400655,367.240423698654,362.7368809280958,358.3708982140371,354.1578047550857,350.1102846006914,346.23846440107195,342.5500264670993,339.05035807004106,335.7427060049958,332.62835303074246,329.70680451975926,326.97598378233585,324.43240863582247,322.07140133974667,319.8872568037126,317.8734298401836,316.02270125292375,314.3273324460855,312.7792126279591,311.36999101105874,310.09119560631336,308.934339628405,307.89101749041663,306.9529762052856,306.1121938476163,305.36092900351423,304.69177231444496,304.09767646333233
0.0010037636992374953,443.5002764140674,443.2680009504684,442.5735693703915,441.42426579105506,439.83204458741716,437.8133189588022,435.38866344525024,432.58240287580213,429.4221701460267,425.9384380382704,422.16396365894326,418.13323884701924,413.88195382425954,409.44643042149414,404.8630977097369,400.1679974985972,395.3963120885629,390.58195355102043,385.75719569033555,380.9523711460523,376.1956036775432,371.512629557703,366.92663976211225,362.458203753064,358.1252208127285,353.94293780073787,349.92399066627127,346.0784895345636,342.4141288011966,338.9363331665972,335.6484089578819,332.5517172291215,329.6458571270785,326.9288579666001,324.39735297151867,322.046786182073,319.8715782619808,317.8653113432875,316.02089308903203,314.3307095555226,312.786770885048,311.38084227832513,310.10456181687294,308.9495461309806,307.9074858620339,306.9702167877304,306.12979809008823,305.37856184645875,304.70916469184044,304.11461807144656
0.0010087636992374954,442.47175588434965,442.2419298989164,441.5548131904463,440.4175886841041,438.8420451193961,436.8443693749005,434.4448541740006,431.6674938481071,428.5395495592604,425.091088976819,421.354439621247,417.3636480318419,413.1539518003344,408.76122137234927,404.22144334020857,399.5702329330524,394.8423681253092,390.0713841300841,385.28920972652764,380.5258675241971,375.80920874660933,371.1647357332987,366.61544476702477,362.18174939158416,357.88143070879437,353.7296533885132,349.7390049682648,345.9195783312599,342.2790788933377,338.82296743175436,335.55460822274426,332.4754388582436,329.58515037986456,326.8818761555048,324.36236283338513,322.02217426388347,319.85585493722505,317.8571124498985,316.01897956449034,314.33396534273794,312.7941993405556,311.3915613614462,310.11779831162767,308.96462913170586,307.92383972463045,306.9873537998802,306.14731094114524,305.3961161300206,304.72649151723874,304.13150693136686
0.0010137636992374954,441.45451549322473,441.2271064143088,440.547207396797,439.42190178136667,437.8628152965161,435.8859120696466,433.51120742462734,430.7623703364319,427.6662959627696,424.2526530354615,420.55334595545185,416.60198256918136,412.43335444471325,408.0828871084517,403.5861308798812,398.97828024800515,394.2937142449913,389.56559608391956,384.8255137983869,380.10318363807835,375.42618733208553,370.819795702333,366.306812140434,361.9074954862656,357.63950932561875,353.5179362965549,349.5553152283059,345.76172106476923,342.1448692013428,338.71025516657005,335.46129963180954,332.3995149996074,329.5246823576556,326.8350372058427,324.3274376643609,321.9975654515154,319.8400869831088,317.848833489604,316.0169610958525,314.3371002423848,312.8014983960421,311.40214859296077,310.1309053310857,308.9795887667332,307.9400791062751,307.00438716467875,306.1647322265346,305.4135915941363,304.74375245830623,304.14834265308457
0.0010187636992374954,440.44841369600704,440.22338941696114,439.55061229598095,438.43706767031745,436.89422083876116,434.9378166887347,432.58759749001734,429.86691191956425,426.80229476866083,423.42302190982826,419.76058099051284,415.8481476701199,411.7200740001662,407.41134695859887,402.9570867085314,398.39207275714324,393.7502905047186,389.0645359585682,384.36606063237036,379.6842780421597,375.04650343025247,370.4777784926954,366.00071551688364,361.63541984720575,357.3994382193684,353.3077714061349,349.3729092462368,345.60490806635437,342.0114922240988,338.5981907001243,335.368479035397,332.32394274555776,329.46445114585686,326.7883399771629,324.29257690852967,321.97295961199745,319.82427455438847,317.8404747940734,316.0148381031024,314.34011469406386,312.80866845954694,311.41260431331455,310.14388312489854,308.99442518234355,307.95620404586657,307.02131681630397,306.1820617833482,305.4309879899217,304.76094719347464,304.16512485672865
0.0010237636992374954,439.453310501225,439.23063937440463,438.56488972389093,437.4629504384692,435.9361289260394,433.9999542877575,431.6739000140939,428.98099946085506,425.947432600849,422.60208842971235,418.97604410841916,415.1020495155442,411.0140235952641,406.746521053843,402.33423792622807,397.81154441505936,393.2120375265454,388.56815079318926,383.91080338091393,379.2691096548443,374.6701213446622,370.1386533883923,365.69712874141874,361.36550045484387,357.16119908167553,353.0991437041463,349.1917749023954,345.44912972700547,341.87894050341333,338.4867683911545,335.276142303335,332.2487192004927,329.40445483674733,326.74178333259204,324.257780011769,321.9483566135441,319.8084178072702,317.8320366972956,316.0126110097907,314.34300914237525,312.8157099455738,311.42292887079407,310.1567319517574,309.0091385348199,307.97221459299374,307.03814270002323,306.1992994598811,305.4483050795395,304.7780754118226,304.181853172464
0.0010287636992374954,438.46906746921564,438.2487183000166,437.5899030445084,436.49941567227575,434.98840819731356,433.0721973316129,430.7699919915385,428.10451510828204,425.10159729547945,421.7897465598537,418.19963574533233,414.36359525762236,410.31511724616666,406.08833032956124,401.7175123556448,397.236629819766,392.6788965001441,388.0763881228463,383.45969562528785,378.8576377613563,374.2970056890051,369.80238993236196,365.39602587231286,361.09771546257093,356.9247737421044,352.89203828540553,349.01190015973725,345.2943764993702,341.74720662574435,338.375982629582,335.18428532628866,332.17384148199534,329.3446915304251,326.6953661396035,324.22304642235736,321.92375632601585,319.79251689973967,317.8235195357955,316.0102802431541,314.3457840369591,312.8226232750679,311.4331226214549,310.1694520792869,309.0237289903166,307.98811080779245,307.0548647720475,306.21644511548953,305.4655426360668,304.7951368129563,304.19852724038776
0.0010337636992374954,437.4955477098637,437.27748975079624,436.6255171477904,435.5463304551971,434.050928748907,432.1544196931043,429.8757517667265,427.2373422937521,424.26467790061383,420.98589140001593,417.4312573920504,413.6326930206386,409.6232698578058,405.4366965269544,401.1068385438392,396.6672642147122,392.15080918501724,387.5891959808684,383.0126913780628,378.44982201626715,373.9271213896541,369.4689579289972,365.09738118353425,360.8320431991064,356.6901441704116,352.6864403547737,348.8332730657982,345.1406388995442,341.61628322381125,338.2658278379393,335.0929040170008,332.0993067218936,329.2851593356927,326.64908727073777,324.1883755915425,321.8991586213488,319.7765719918681,317.81492364883144,316.00784623422163,314.3484398325255,312.8294088753846,311.44318592904426,310.18204378393386,309.0381967247275,308.003892760802,307.07148299938416,306.23349862044756,305.48270044336124,304.81213110688907,304.2151467104261
0.0010387636992374954,436.5326158795318,436.3168188243344,435.6715984467548,434.6035633649735,433.1235621320309,431.24649665077635,428.99105903191867,426.37936573168065,423.4365646752201,420.1904191843953,416.6708115938314,412.90925190122096,408.9383972244925,404.79154219400505,400.502145763524,396.10338349032895,391.62771791227124,387.1065229008086,382.5697450852057,378.04562244568376,373.56043368790233,369.138327446392,364.80116916696346,360.568462170654,356.4572924786103,352.4823352291034,348.6558817545059,344.9879075087315,341.4861629780927,338.15629847269906,335.00199431145177,332.02511206725194,329.22585637088577,326.60294560427695,324.1537669740716,321.8745633739535,319.76058324609346,317.8062493785746,316.00530941790686,314.35097698887364,312.8360671802514,311.45311916491823,310.1945073508531,309.0525419235506,308.01956053281907,307.08799735968887,306.25045985580334,305.4997782959266,304.8290580139212,304.2317112422294
0.0010437636992374954,435.580138177228,435.3665721550209,434.7280148738088,433.6709844701502,432.20618134957425,430.3483048860309,428.1157948247494,425.53047141689024,422.6171490875034,419.40322728039547,415.9182019496131,412.19318196799185,408.26041602998026,404.152790685922,399.9033640138588,395.5449241851254,391.1095655859754,386.6283179180176,382.1308116278227,377.64499944911563,373.196908141909,368.8104688183238,364.5073645343741,360.3069510628455,356.22620092284615,352.27970833902174,348.4797144478466,344.836172974779,341.3568386182162,338.04738902551185,334.9115521699406,331.95125468129686,329.16678076464717,326.55694002487434,324.11922002868545,321.84997046108526,319.74455082748045,317.7974970702715,316.0026702330861,314.35339597090234,312.8425986297225,311.46292270795436,310.2068430737895,309.0667647817505,308.0351142147507,307.10440784111637,306.2673287132347,305.5167759987781,304.8459172645181,304.24822050506737
0.0010487636992374955,434.63798234005145,434.4266179095338,433.79463587636343,432.748465325897,431.2986608522003,429.4597224795612,427.2498415250511,424.6905466218628,421.806323812614,418.62421418680424,415.1733331106593,411.484394260675,407.58924384701095,403.5203661650987,399.31042402078424,394.9918234863609,390.59629568412527,386.1545305708539,381.69584632356884,377.24791380103557,372.8365106283675,368.4853526459857,364.21594221918883,360.0474887424833,355.9968519050955,352.07854523055556,348.3047594573946,344.6854260135909,341.22830292424504,337.93909402435514,334.82157357809194,331.8777317442807,329.10793065664996,326.51106942414134,324.084734218579,321.82537976318775,319.7284749039582,317.7886670723892,315.999929122666,314.35569724861045,312.8490036701269,311.4725969444597,310.21905125495755,309.0808655036203,308.050553907466,307.1207144421704,306.2841050949034,305.5336933673073,304.862708599189,304.2646741777236
0.0010537636992374955,433.7060176379609,433.4968257816506,432.8713324117756,431.83587896916106,430.4008765337858,428.5806289071427,426.39308285105085,423.85947989338376,421.00398272976673,417.85327953140416,414.436110778664,410.78280078868534,406.92479913637226,402.8941936006104,398.7232572369255,394.4440192303123,390.087852259232,385.6851109015479,381.2648049277382,376.8543266521508,372.479207343909,368.1629497994796,363.9268773780195,359.7900542590926,355.7692279746934,351.8788315666062,348.13100518570957,344.53565741042974,341.10054872786634,337.8314080345985,334.732054547792,331.8045404542852,329.0493041982699,326.46533270119494,324.0503090118285,321.80079116421024,319.71235564653836,317.7797597367457,315.9970865336373,314.35788129708965,312.85528275401094,311.4821422680746,310.2311322049175,309.0948443026399,308.0658797216463,307.1369171715536,306.3007889133105,305.5505302271462,304.87943176836495,304.2810719483893
0.0010587636992374955,432.78411486790145,432.57706698642136,431.95797694165435,430.9330999131936,429.5127057262426,427.7109050348191,425.54540385497603,423.0371610486116,420.21002091880484,417.0903240680476,413.7064417033441,410.0883145292321,406.26700124549296,402.27419876727527,398.141795841085,393.9014499021603,389.5841799385563,385.2200094567372,380.8376436340539,376.4641995303972,372.12496480625583,367.8432314190817,363.6401453920049,359.53462684628886,355.54331182969884,351.6805531282819,347.95844012760983,344.38685802110797,340.97356891348545,337.7243256599884,334.6429911180559,331.73167802796854,328.99089955321216,326.4197287631652,324.0159438817882,321.77620455189987,319.6961932295134,317.77077541862525,315.99414291712003,314.3599485965083,312.8614363400746,311.49155907967264,310.2430862424497,309.1087014013338,308.08109177763515,307.15301604801556,306.3173800911497,305.5672864140316,304.8960865322762,304.2974135145573
0.0010637636992374955,431.87214634733067,431.6672142537401,431.05444342557155,430.04000414148413,428.63402719375813,426.8504331135171,424.7066909181025,422.22348117060506,419.4243346562393,416.33524967322893,412.98423367954905,409.40084942495946,405.6157704066005,401.6603082443029,397.56597273734815,393.3640546355124,389.08522392400613,384.7591772876914,380.41431907517074,376.07749434167226,371.77374985513535,367.5261689162933,363.35572186795264,359.281185922974,355.31908631810643,351.4836958160936,347.7870528713254,344.2390187730763,340.8473564192311,337.61784154355723,334.55437935583103,331.65914170125825,328.9327148980922,326.3742565256679,323.981638307457,321.7516198180713,319.67998783063706,317.7617144768798,315.9910987283958,314.3618996320886,312.86746489310246,311.50084778725716,310.25491369442614,309.1224370311277,308.09619020528737,307.16901110020245,306.3338785611619,305.58396177366893,304.9126726608299,304.31369858291515
0.0010687636992374955,430.96998590717783,430.76714182135254,430.16060731421015,429.15646910114026,427.764721126487,425.99909677312286,423.8768317452772,421.4183326033403,418.6468214107946,415.5879593421784,412.2693955439127,408.72032038115344,404.9710277344657,401.052449413552,396.9957215538222,392.83177321158325,388.59092999171446,384.3025659502406,379.99478832290595,375.6941733703183,371.42552965296807,367.21173397468544,363.07358263929757,359.0297110943656,355.09653443891125,351.2882456510219,347.6168320995376,344.0921306664127,340.7219042378749,337.51195036845843,334.4662153567384,331.5869287299922,328.8747484229743,326.32891491324006,323.9473917738173,321.7270368588531,319.66373963128706,317.75257727401737,315.98795442693256,314.3637348940761,312.8733688838906,311.5100088058541,310.26661489568005,309.13605143220275,308.1111751438166,307.18490236650433,306.35028426598853,305.60055616159633,304.92918993348746,304.3299268692382
0.0010737636992374955,430.0775088842716,429.8767254273321,429.2763455419854,428.2823736957449,426.9046691337286,425.1567810160549,423.05571535894825,420.6216089462472,417.8773798384891,414.8483571845101,411.56183717107655,408.04664326253777,404.33269522375684,400.45055045742026,396.4309766410284,392.3045460580514,388.10124449131627,383.8501275044255,379.57900888821297,375.3141992793709,371.0802716853406,366.8998985505494,362.79370376688405,358.7801821528699,354.8756393430332,351.0941887754591,347.44776659031066,343.94618477471784,340.59720541767,337.40664685873287,334.3784952457554,331.5150363905104,328.816998331869,326.2837028597446,323.9132037721468,321.70245557491387,319.64744881661176,317.7433641762775,315.98471047639805,314.3654548777029,312.8791487891675,311.5190425574027,310.27819018887396,309.14954485335056,308.1260467416438,307.2006898949037,306.366597158026,305.6170694430484,304.9456381391416,304.3460980982828
0.0010787636992374955,429.194592113269,428.9958423020587,428.40153651917115,427.4175982777235,426.05375423662167,424.3233722103608,422.2432320927298,419.83320504829504,417.11590977727735,414.1163484194452,410.8614694695066,407.379734889681,403.7006957460261,399.85454035638486,395.87167306996633,391.78231424760804,387.61611434493835,383.4018145138818,379.1669387209107,374.9375351105819,370.73794376127387,366.5906348733616,362.51606153958176,358.5325790788052,354.65638433410936,350.9015114540356,347.27984521792035,343.8011722459201,340.4732530631121,337.3019257800088,334.291215177842,331.4434619801996,328.75946284319224,326.2386193087407,323.87907380030504,321.677875871667,319.6311155756606,317.7340755536954,315.9813673446663,314.3670600831441,312.8848050915123,311.52794947064234,310.28963992436576,309.16291755182556,308.14080515624426,307.2163737428233,306.3828171992789,305.6335014928202,304.9620170759939,304.362212003679
0.0010837636992374956,428.3211139181172,428.12437115973114,427.5360601235625,426.56202464025216,425.21186086038495,423.49875808237005,421.43927358453186,419.0530170016523,416.36231224128136,413.39183937064047,410.16820437692957,406.71951303504136,403.07495304634904,399.26434888621566,395.3177466298688,391.2650194962165,387.1354870459206,382.95758004497384,378.7585362091816,374.56414428423193,370.3985140132984,366.28391544607297,362.24063247474294,358.28688204098336,354.4387528691593,350.7102000743327,347.11305695358374,343.6570843029958,340.35004033562655,337.1977819401385,334.20437133851397,331.372202817994,328.7021401901867,326.1936632138262,323.84500136299545,321.65329765945756,319.61474010150044,317.7247117801542,315.97792550381445,314.3685510154693,312.8903382792677,311.53672998099773,310.3009644600734,309.1761697931977,308.15545055399497,307.2319539769743,306.3989443612144,305.64985219513153,304.9783265514319,304.3782683278232
0.0010887636992374956,427.45695410307746,427.26219218944243,426.6797976917039,425.71553600873517,424.37887482613417,422.68282770892927,420.643732769282,418.2809421349499,415.6164894146356,412.67473746064155,409.4819548554094,406.06589641866657,402.455391739637,398.6799066148779,394.76913382566516,390.7526041610979,386.6593106572797,382.51737766569204,378.35376017885073,374.19399059874064,370.06195089734615,365.97971304523264,361.9673933185094,358.0430713971564,354.222728559131,350.52024114749094,346.94739086609684,343.5139122446078,340.22756045418555,337.0942101897757,334.11795994436534,331.3012562448323,328.6450286213089,326.1488335389501,323.81098597200435,321.62872085373033,319.5983225913173,317.71527323342764,315.97438543011305,314.3699281845877,312.8957488464503,311.5453845304616,310.3121641613385,309.18930185120445,308.1699831100216,307.2474306732043,306.4149786246164,305.666121443491,304.9945663819069,304.3942668217711
0.0010937636992374956,426.6019939433412,426.40918704584806,425.83263200971214,424.8780170318813,423.55468334230204,421.8754715092464,419.8565038712645,417.5168790061709,414.87834464496984,411.96495120498776,408.8026348860881,405.4188047035718,401.8419373066421,398.101144899144,394.2257718751695,390.2450112384588,386.18753380993405,382.08116144432535,377.9525698924584,373.8270382300874,369.7282231924678,365.67800072095224,361.696321045977,357.8011276943349,354.0082951693313,350.33162130871585,346.78283612238226,343.37164744566684,340.10580669585875,336.9912054228944,334.03197724354163,331.23061962407496,328.5881264005815,326.10412925869764,323.7770271464182,321.60414537518034,319.5818632465049,317.70576029521175,315.9707476040081,314.37119210518927,312.9010372926567,311.55391356747486,310.32323940078857,309.20231400760207,308.1844030080455,307.262803916346,306.43091997944015,305.6823091405609,305.01073639281117,304.41020724513015
0.0010987636992374956,425.75611617526397,425.5652388394525,424.99444730372034,424.04935377240383,422.7391749956869,421.07658123637145,419.0774823961018,416.76072739519094,414.1477824365523,411.26239020598814,408.1301594636093,404.7781584908146,401.23451608967366,397.52799588093075,393.6875987060098,389.7421843609748,385.72010570069915,381.648885947923,377.55492504813657,373.4632517310522,369.39730000038656,365.37875179672153,361.4273928612244,357.56103166898566,353.79543661974964,350.14432731768875,346.6193819879538,343.2302813578193,339.9847723962994,336.8887625772545,333.94641951616836,331.1602903418825,328.5314318079151,326.05954935855004,323.74312441282007,321.57957114988756,319.5653622727411,317.6961733511477,315.96701251009716,314.3723432966797,312.90620412296744,311.56231754680607,310.33419055819866,309.21520655201704,308.198710440231,307.2780738000655,306.4467684246671,305.6984151980219,305.0268364183561,304.4260893659528
0.0011037636992374956,424.91920498624535,424.73023212654266,424.1651292299693,423.22943369737163,421.93223974215636,420.28604996833553,418.3065651224022,416.0123882959935,413.42470844311686,410.56696514619006,407.4644445902467,404.1438793142857,400.6330552880429,396.9603924833789,393.1545529523129,389.2440677950458,385.2569760900699,381.2205062405561,377.16078577830064,373.10259603028544,369.0691507448947,365.08193986908174,361.16058619721434,357.3227642471131,353.5841369852779,349.9583460588859,346.45701782729935,343.0898055098651,339.86445095017086,336.7868766348152,333.86128307473416,331.090265807557,328.47494313939893,326.0150928351192,323.7092773054659,321.55499810943627,319.54881988005155,317.68651279083565,315.9631806370982,314.3733822831125,312.91124984784716,311.5705969294278,310.3450180203521,309.22797978179665,308.2129056070327,307.2932404267116,306.46252396816016,305.7144395364386,305.04286630145043,304.44191296062945
0.0011087636992374956,424.0911460042776,423.9040528987905,423.3445648645709,422.4181456682346,421.13376889702914,419.50377209897414,417.54365009309697,415.2717639085798,412.70902946039274,409.87858778156084,406.80540726975505,403.5158896352332,400.0374829532534,396.39826840669025,392.6265739511613,388.7506064378352,384.7980952997999,380.79597788139114,376.77011264816673,372.7450364312182,368.74374517110465,364.78753880716556,360.8958787155726,357.08630654423223,353.3743804958328,349.7736645418113,346.295733104189,342.95021150810874,339.74483581151526,336.6855426220992,333.7765642644334,331.0205434538491,328.41865870756243,325.970758696359,323.6754853664424,321.53042619101853,319.532236282863,317.6767790078401,315.9592524778134,314.37430959311615,312.916174983043,311.5787521823929,310.3557221809004,309.2406340018602,308.22698871704296,307.3083039071654,306.4781866265198,305.730382085125,305.0588258935785,304.45767781378146
0.0011137636992374956,423.27182628718964,423.086588572551,422.5326426929672,421.6153799305464,420.3436551251576,418.7296433284547,416.7886366064872,414.53875763059636,412.0006534183589,409.19717093440215,406.1529655009616,402.89411283653857,399.4477279839528,395.84155812373865,392.10360173883413,388.2617458141058,384.34341421029194,380.3752569225861,376.3828666541052,372.39053861082004,368.42105334455914,364.4955227521092,360.633248306253,356.85163986523753,353.16615153638566,349.59026990114694,346.13551738191,342.8114910366479,339.6259204940676,336.58475561050983,333.692259463468,330.95112073723146,328.3625768416101,325.9265459617538,323.6417481458073,321.50585533752536,319.51561170004544,317.6669723996876,315.9552285290865,314.3751257598174,312.9209800494803,311.58678377870876,310.36630344022296,309.25316952454995,308.24095998684015,307.3232643606902,306.4937564249402,305.7462427820112,305.07471505467936,304.4733837181547
0.0011187636992374956,422.4611343116057,422.27772797787634,421.72925259910744,420.82102810340825,419.56179243073393,417.96356065353154,416.04142520702226,413.8132740486991,411.2994893732414,408.5226284860135,405.5070382711176,402.27847321676006,398.863720120663,395.29019687546787,391.5855770468473,387.7774320728665,383.892884257808,379.9582999070203,375.99900922183764,372.03906861821383,368.1010456502113,364.2058661163449,360.3726730870922,356.61874570417433,352.95943464690515,349.40814939682576,345.976360323433,342.6736358576013,339.5076985715177,336.48451071660406,333.6083650833132,330.8819951381408,328.30669588762987,325.88245366248697,323.6080652017122,321.4812854976231,319.4989463549442,317.65709336785744,315.9511092917553,314.37583132076185,312.92566557315627,311.5946921972107,310.3767622052866,309.26558666948216,308.2548196408368,307.3381219147822,306.5092333970665,305.76202157350997,305.0905336530258,304.48903047451313
0.0011237636992374957,421.6589599616441,421.4773613472686,420.93428585436493,420.03498316865364,418.7880761468392,417.2054223575475,415.30191767582915,413.09521892967257,410.6054474992715,407.8548753691245,404.86754554902325,401.668895983958,398.28538994030055,394.74412066609113,391.07244129780395,387.2976119838404,383.4464574315134,379.54506386586627,375.61850220448986,371.6905928731559,367.7836927912797,363.9185435827807,360.1141314032633,356.387605743917,352.754214522216,349.2272904140304,345.818251691514,342.53663781128,339.3901636777231,336.38480310232296,333.5248775689451,330.8131641611894,328.2510142087765,325.83848084158797,323.5744361005095,321.45671662581896,319.4822404754032,317.64714231776384,315.94689527059995,314.3764268178304,312.93023208503143,311.6024779224341,310.38709888950416,309.2778857633985,308.2685679111289,307.35287670502186,306.5246175848523,305.77771841438414,305.1062815651044,304.504617891533
0.0011287636992374957,420.86519451737377,420.68538030419245,420.147635106214,419.2571394597943,418.02240292475665,416.4551280002017,414.5700170210117,412.3844992113236,409.9184390802238,407.1938275601113,404.2344082779447,401.0653072493203,397.71266885050443,394.2032662581047,390.5641366010693,386.82223293376455,383.00408627036234,379.1355063160156,375.2413078805061,371.3450781643886,367.46896578798777,363.63353010387254,359.85760182663086,356.15820185575967,352.55047601177955,349.047680463122,345.6611813487333,342.4004888163045,339.27330950687497,336.2856279751823,333.4417933990367,330.74462533534927,328.19553018543263,325.79462655406127,323.54086041684485,321.4321486825129,319.4654942937782,317.637119658734,315.94258697428506,314.37691279715375,312.9346801209201,311.61014144448677,310.39731391259375,309.290067140018,308.28220503734536,307.3675288749258,306.5399090384181,305.7933332676148,305.1219586754954,304.52014578569685
0.0011337636992374957,420.07973064305014,419.9016778513665,419.36919436668614,418.4873926507473,417.26467072306775,415.71257840710234,413.84562746773713,411.68102299316627,409.2383765007483,406.53940207101357,403.60754836833655,400.46763402059867,397.14548908378254,393.6675711671291,390.0606057482805,386.35124292253556,382.5657238598369,378.7295852573659,374.867388951436,371.00249164787454,367.1568359761916,363.3508009005956,359.6030631550152,355.93051609892376,352.34820411939984,348.8693071795026,345.5051392574773,342.2651808696711,339.15712981362014,336.1869805884247,333.35910908611993,330.67637621410813,328.1402422153457,325.75088986699683,323.50733773373435,321.40758163404035,319.44870804694256,317.6270258039777,315.93818491529953,314.37728980902307,312.9390102213785,311.6176832589192,310.40740770043783,309.3021311398887,308.29573126649814,307.3820785757998,306.55510781591073,305.80886610426984,305.13756487675397,304.5356139811884
0.0011387636992374957,419.3024623751484,419.1261483588521,418.59885900062557,417.7256397443619,416.514778796548,414.9776756591221,413.1286544481279,410.98469952691414,408.5651732375157,405.8915169413673,402.9868886903858,399.8758041953719,396.583783691491,393.1369736565894,389.56179220870206,385.8845905592074,382.1313238285478,378.3272591699782,374.49670853959896,370.66280084491734,366.84727500590543,363.07033146132164,359.3504944113692,355.70453071998753,352.14738400285955,348.6921583234152,345.3501154798638,342.13070604676886,339.0416184131398,336.0888562411359,333.2768211767176,330.6084143756008,328.08514871374575,325.7072698596637,323.4738676426283,321.3830154527027,319.43188197628496,317.61686117055285,315.93368960989096,314.3775584077993,312.9432229315923,311.62510386659574,310.41738068494215,309.3140781102408,308.30914685283363,307.3965259665924,306.5702139833629,305.8243169033737,305.15310006929127,304.5510223097877
0.0011437636992374957,418.53328511021255,418.35868755195827,417.83652571375984,416.97177906076234,415.7726276848816,414.2503230815726,412.4190045909745,410.29543920679714,407.89874385018766,405.2500912298671,402.37235306638894,399.2897465541482,396.02748653765786,392.61141273224564,389.06764012443966,385.42222505785463,381.7008403447069,377.92848701111416,374.12923018563697,370.32597364017806,366.54025483972947,362.79209754060525,359.09987484287467,355.4802281522416,351.9480009734889,348.5162217796844,345.1961001776153,341.9970565013516,338.9267691811898,335.99125027832656,333.1949262514463,330.54073742271476,328.030248113441,325.6637656235868,323.44044974346286,321.358450116789,319.41501632769916,317.60662617932525,315.92910157799736,314.37771915181963,312.9473188012623,311.63240377356476,310.42723330389526,309.3259084048401,308.32245205768413,307.41087121374915,306.5852276145547,305.8396856517773,305.1685641612565,304.56637061076606
0.0011487636992374957,417.77209559253686,417.5991924989795,417.0820925406042,416.2257102255247,415.03811920120967,413.53042523321443,411.71658571128506,409.613153559716,407.2390039722291,404.61504500587375,401.7638662629779,398.7093907533194,395.47653229266314,392.09082813658506,388.57809430552066,384.9640962333085,381.274228112479,377.53322821215926,373.76491784596,369.99197827959233,366.2357477511857,362.51607515788794,358.8511839199607,355.2575910149746,351.75004049567275,348.3414855574007,345.04308361188276,341.8642244654653,338.81257605410195,335.89415809098205,333.11342092509176,330.47334298317446,327.9755388648971,325.62037626260945,323.4070836446987,321.3338856105877,319.39811135156737,317.5963212549227,315.9244213431751,314.37777260330205,312.95129838449026,311.63958349092843,310.4369660008278,309.3376223838414,308.33564714932055,307.4251144910685,306.6001487908745,305.85497234402925,305.1839570684193,304.5816587307831
0.0011537636992374957,417.0187919016969,416.84756159878236,416.33545883221484,415.48733415770346,414.311156420529,412.8178878951178,411.02130679968724,408.93775523525085,406.5858703015757,403.9862993407783,401.1613539832053,398.134667317978,394.9308564267866,391.5751603430873,388.0931002248515,384.5101544967756,380.85144236822384,377.1414426754411,373.4037358900936,369.66078336819567,365.9337263229694,362.24224059612175,358.604401335251,355.03660211269363,351.55348818629756,348.1679377895526,344.8910561430223,341.7322022493354,338.69903302875025,335.797575116081,333.03230184665813,330.40622870960283,327.9210194362956,325.5771008929402,323.37376896334854,321.3093219243896,319.38116730273686,317.5859468256854,315.91964943252395,314.37771932824813,312.9551622396622,311.6466435347129,310.4465792248732,309.3492204136436,308.3487324028064,307.43925597955786,306.61497760118243,305.8701769822474,305.19927871405366,304.59688652378213
0.0011587636992374957,416.2732734399446,416.1036945682566,415.5965252438069,414.7565530577221,413.5916436679555,412.11261805938824,410.33307801169485,408.26915799553547,405.9392605911683,403.3637762992356,400.56474285850226,397.5655076346103,394.39039520363394,391.0643505503699,387.61260401306225,384.0603508513482,380.43243887663186,376.7530907709497,373.04564909793356,369.3323578678615,365.6341634451185,361.9705704003195,358.35950700244223,354.8172444342827,351.3583298141434,347.9955667326078,344.7400082303276,341.60098224121407,338.58613416248306,335.7014968365846,332.9515656993924,330.3393922795618,327.8666883135775,325.53393864318673,323.3405053249939,321.28475905448306,319.36418444049025,317.57550332361166,315.9147863766094,314.3775598963444,312.9589109293326,311.65358442573813,310.4560734306278,309.36070286674516,308.3617080998519,307.4532958672912,306.6297141416735,305.88529957599195,305.21452902882106,304.6120538508877
0.0011637636992374958,415.535440919483,415.36749242964646,414.8651937222519,414.0332703951436,412.87948650686616,411.414523917772,409.6518106568549,407.60727670501296,405.29909363936946,402.7473989302812,399.97396044051976,397.00184394367454,393.85508567345096,390.55834067622754,387.1365524532455,383.6146368874134,380.01717392676665,376.3681333329663,372.6906226569145,369.00667109495976,365.33703231310983,361.7010413760357,358.1164810551196,354.5995011521031,351.16455129922304,347.82436076604864,344.58993043172063,341.4705569071921,338.4738735730228,335.6059187813993,332.8712092007855,330.27283139557414,327.81254400046987,325.4908886543764,323.3072923637914,321.26019700314055,319.34716302851035,317.5649911842995,315.9098327093819,314.37729488086177,312.9625450201074,311.66040668948807,310.46544907801217,309.3720701216005,308.3745745286699,307.4672343492675,306.6443585157423,305.90034014213853,305.2297079506558,304.62716058030315
0.0011687636992374958,414.8051963496341,414.63885749777376,414.14136749346767,413.31739089633334,412.17459172693486,410.7235148501529,408.97741718778633,406.95202732008175,404.6652892802714,402.13709125833986,399.3889351928644,396.4436093320752,393.32486566633645,390.05707335157035,386.6648929756001,383.1729647779702,379.6056043280163,375.9865316566077,372.33862215909903,368.68369271793944,365.04230642588414,361.43363058778243,357.8753038455121,354.38335562103913,350.9721387120716,347.6543083918616,344.44081340340307,341.3409187909741,338.36224543833634,335.5108365253121,332.79122910255137,330.20654378512614,327.7585850184973,325.4479500799646,323.27412972247004,321.23563577859875,319.3301033348395,317.5544108468846,315.90478896809475,314.3769248585545,312.9660650825265,311.667110855981,310.4747066321329,309.38332256247713,308.3873319838324,307.48107162727047,306.65891083384895,305.91529870475296,305.2448154246502,304.64220658720836
0.0011737636992374958,414.08244302391444,413.9176933671696,413.424951049716,412.6088205320283,411.4768673320725,410.0395014129554,408.3098111891234,406.3033268786475,404.0377683739092,401.53277827414,398.80959648273915,395.8907377255438,392.7996737853623,389.5604919142726,386.19757365198615,382.735287273861,379.19768740596487,375.6082474942933,371.98961359819225,368.36339275484204,364.74995958380606,361.16831535738453,357.635955943192,354.16879137749356,350.78107827299044,347.485398233987,344.29264789947007,341.21206051362344,338.2512439964762,335.4162456889027,332.7116221905852,330.1405272006531,327.7048099069788,325.4051220858319,323.2410170523181,321.2110753950308,319.3130056318339,317.54376275397493,315.8996556932186,314.3764504095572,312.96947169094614,311.6736974596399,310.48384656314533,309.39446057931434,308.3999807661282,307.4948079097287,306.6733712133857,305.93017529496666,305.25985140294085,304.65719175365865
0.0011787636992374958,413.36708550702895,413.2039048991239,412.71585013681806,411.9074665048246,410.7862225282855,409.36239532746293,407.648907366375,405.66109348958946,403.4164527963876,400.9343859255413,398.23587457249903,395.34316388093407,392.2794493996097,389.06854040293877,385.73454319039996,382.30155769892525,378.7933809981872,375.2332430521384,371.64356336648854,368.04574157075007,364.4599658865636,360.90507326227817,357.3984181337223,353.95579213833355,350.59135635124653,347.3176190377277,344.1454247714898,341.08397477327406,338.14086354539484,335.3221419384313,332.63238528490194,330.0747794195082,327.6512172230119,325.36240385026974,323.2079540131635,321.18651587251316,319.29587019611324,317.53304735158235,315.89443342835534,314.37587211728146,312.97276542342115,311.68016703916385,310.4928693461168,309.40548456758216,308.4125211824221,307.50844341157836,306.6877397785443,305.9449699508528,305.27481584459576,304.6721159684841
0.0011837636992374958,412.6590296217979,412.4973982086681,412.0139717413019,411.21323723659543,410.10256771146385,408.6921094680663,406.99462153471137,405.0252463221532,402.80126542993395,400.34184110828846,397.6677006111306,394.8008233784426,391.7641326371309,388.5811635505959,385.275750929376,381.8717299450823,378.3926434499758,374.86148098628314,371.30043825175386,367.73070987517497,364.1722997310109,360.64388213375713,357.16267141725547,353.74434179979363,350.40295946423237,347.15095966912224,343.9991349680494,340.9566543448145,338.03109844273354,335.2285209857052,332.5535152395555,330.0092982439163,327.5978055414433,325.3197945639563,323.17494027334425,321.1619572369857,319.27869730850614,317.52226508905073,315.889122720149,314.3751905683119,312.9759468615871,311.68652013739916,310.5017754608907,309.41639492814204,308.42495354551477,307.52197835412534,306.7020166601857,305.9596827173038,305.2897087155018,304.6869791271893
0.0011887636992374958,411.9581824360262,411.79808065149905,411.3192240774915,410.526042355851,409.4258144551087,408.02855785045,406.3468706076885,404.3957055952794,402.19213015288636,399.75507165669745,397.1050066256655,394.26365261376156,391.2536643778428,388.0983067783182,384.82114683232265,381.4457584673487,377.9954336100044,374.49292439915973,370.9602054340513,367.418268719391,363.8869358089592,360.38472005516957,356.92869700708593,353.53442443633577,350.2158742765863,346.98540911428324,343.8537695342709,340.8300920795444,337.9219431055881,335.1353785879245,332.475008942542,329.944081500912,327.5445734548273,325.27729342992234,323.14197550967253,321.13739952020603,319.26148725399156,317.5114164189822,315.8837241181959,314.3744063523007,312.97901659054276,311.6927573012118,310.5105653919519,309.4271920671082,308.43727817400395,307.5354129649102,306.7162019957094,305.9743136459096,305.30452998825393,304.701781131854
0.0011937636992374958,411.264452249327,411.1058608108588,410.6315165745508,409.84579268505007,408.7558754980123,407.3716556197285,405.7055725859204,403.77239256688006,401.5889718296254,399.17400633428593,396.54772551253495,393.7315887901722,390.7479862463616,387.6199161887929,384.3706814817995,381.0235982787988,377.6017108259342,374.1275368357041,370.62283248251225,367.1083894937169,363.6038491049188,360.1275653600701,356.6964763281617,353.3260242994704,350.03008759927826,346.8209564787028,343.709319611297,340.70428090480505,337.81339201025094,335.04271054750825,332.3968633156848,329.8791270422648,327.49151957337386,325.2348996635087,323.10905940739127,321.1128427596997,319.2442403216361,317.50050179716027,315.878238174954,314.37352006186285,312.9819751987319,311.6988790813602,310.5192396282926,309.43787639571036,308.4494953921475,307.5487474775732,306.730295928925,305.988862794837,305.3192796420442,304.71652189103435
0.0011987636992374959,410.5777485799105,410.4206484843776,409.950759863489,409.17240022787445,408.092664731898,406.7213190385418,405.0706465457083,403.15522952306753,400.9917163004601,398.5985748243544,395.99579102887446,393.2045699105878,390.24704060478484,387.145938559833,383.9243060737409,380.60520494547063,377.21143493996965,373.7652822795178,370.288287352059,366.80104392475135,363.3230148937972,359.87239663032943,356.46599101555546,353.11912581654155,349.8455863886616,346.6575909865286,343.56577643575116,340.5792138235863,337.70543969193307,334.9505127119029,332.3190753145049,329.81443274439147,327.4386425248851,325.1926124923144,323.0761916601245,321.0882869987038,319.2269568045284,317.4895216824711,315.8726654456491,314.37253229246966,312.98482327782676,311.7048860323681,310.5277986632798,309.44844833015793,308.46160552972657,307.56198213172127,306.7442986099244,306.00333022871024,305.3339576625525,304.7312013196647
0.0012037636992374959,409.89798215134635,409.742354670891,409.2768657641417,408.5057781564759,407.4360971890312,406.07746547511954,404.44201262763704,402.5441397673503,400.4002903714752,398.0287077205278,395.44913778378634,392.68253476955147,389.7507705454288,386.6763213378433,383.4819724116334,380.19053458122755,376.8245662843661,373.40612514898413,369.9565383800835,366.49620407256566,363.04440873855646,359.61919269420565,356.2372229129003,352.91371358947845,349.66235774549443,346.4953019798112,343.42313133917094,340.4548839141104,337.5980807444654,334.85878097337275,332.2416419280767,329.74999650825475,327.3859409546823,325.1504311561372,323.0433719698209,321.0637322861075,319.2096369997101,317.47847653682294,315.8670064881821,314.3714436423435,312.9875614226104,311.7107787123997,310.53624299452315,309.4589082915047,308.47360892191114,307.5751171727959,306.7582101949558,306.01771601849197,305.34856404183745,304.7458193389603
0.0012087636992374959,409.2250648793105,409.07089155724134,408.60974727213295,407.8458407987039,406.7860890298093,405.440013391322,403.8195920251454,401.9390476097995,399.8146218043484,397.46433651726335,394.9077012295676,392.16542294519854,389.25911988352595,386.21101263124774,383.0436329006519,379.7795438425763,376.4410656768973,373.05003029334273,369.627554283085,366.1938423278575,362.76800648783205,359.36793262437936,356.0101540707915,352.7097723935151,349.4803889139315,346.3340789177257,343.28137574741856,340.331284329395,337.4913098199823,334.76751126877514,332.16456017886964,329.68581625925236,327.333413525523,325.1083549069067,323.0106000466923,321.03917867638734,319.1922812081036,317.4673668250634,315.8612618630345,314.3702547123509,312.99019023086026,311.71655768313394,310.5445731237445,309.46925670551576,308.48550590912635,307.58815285194225,306.7720308462975,306.0320202413664,305.36309877822896,304.7603758763206
0.001213763699237496,408.5589098583244,408.4061725050706,407.94931854582995,407.1925036253235,406.1425575303407,404.8088823306678,403.20330697308054,401.33987835619615,399.23463930614514,396.90539360033426,394.37141765290875,391.6531747911866,388.7720331498914,385.74996120388107,382.60924054176087,379.3721899234499,376.06089441628626,372.6969629887283,369.30130415327284,365.89393140906895,362.4937842735187,359.1185957359569,355.7847667451572,352.50728717588163,349.29966728048987,346.1739113757677,343.14050118006907,340.2084082967963,337.38512162858717,334.67669957932003,332.0878271225775,329.62188994709413,327.28105891750994,325.0663830086105,322.9778756091462,321.0146262295395,319.17488973443807,317.4561930148951,315.8554321331727,314.36896610589713,312.99271030323246,311.722223509641,310.55278955664846,309.4794940025349,308.4972968369203,307.6010894258802,306.7857607321349,306.04624298062225,305.37756187622097,304.7748708652331
0.001218763699237496,407.89943134849557,407.7481120376148,407.29549489329645,406.54568323723186,405.50542107001905,404.18399290635443,402.59308073624237,400.74655829716664,398.660272519098,396.3518122372942,393.84022416607274,391.1457314286032,388.2894555835618,385.29311646835276,382.1787489257847,378.9684305499593,375.6840142776029,372.3468889341766,368.97775745513536,365.5964443594732,362.2217185083252,358.871161584443,355.5610433956015,352.3062430544689,349.1201803729895,346.01478904492797,343.0004992497775,340.08624911753395,337.279510938002,334.5863419303156,332.011439847935,329.5582155456692,327.2288758279913,325.02451473721334,322.945198383714,320.9900750110072,319.1574628871717,317.4449555767902,315.849517863953,314.36757842881946,312.99512224314606,311.7277767602593,310.5608928027939,309.4896206173538,308.50898205583326,307.61392715677607,306.7994000264373,306.0603843255379,305.3919533463657,304.7893042451784
0.001223763699237496,407.24654476226675,407.09662582650697,406.6481927592549,405.9052973526804,404.87459911910173,403.56526678928026,401.98883759792704,400.1590146973126,398.0914520103778,395.8035265679305,393.3140586980575,390.64303473785486,387.81133312441364,384.84042847938804,381.7521122274535,378.5682239751175,375.31038750763526,371.9997742476018,368.65688402198117,365.301354544232,361.95178588330015,358.6256099636873,355.33896668372074,352.1066253164682,348.94191585947146,345.8567017308448,342.8613616616275,339.96480016619836,337.1744725732013,334.4964343909007,331.93539547652375,329.49479105290425,327.17686297145343,324.9827493805711,322.91256810497373,320.9655250916062,319.1400009784127,317.43365498390364,315.84351962302446,314.36609228928154,312.9974266566682,311.73321800647295,310.56888337546695,309.49963698908243,308.5205619212682,307.62666631211584,306.8129489088361,306.0744443712669,305.40627320516836,304.80367596153553
0.001228763699237496,406.6001666511824,406.45163067859585,406.0073297120633,405.2712647945104,404.2500122262997,402.9526266960752,401.39050284847497,399.5771757843431,397.5281092618628,395.26047159471125,392.7928599857505,390.14502735054333,387.3376124057669,384.3918479271499,381.32928519942806,378.17152897354237,374.9399768202356,371.655585461749,368.338654052455,365.00863564742895,361.68396336533357,358.38192090380505,355.1185194713968,351.90841941698915,348.76486154709426,345.6996393529383,342.72308021246187,339.8440548902425,337.07000141603294,334.4069730737648,331.85969116256734,329.4316144906122,327.1250190794065,324.94108623833773,322.879984515469,320.9409765474459,319.12250432383826,317.42229171198494,315.83743798023306,314.3645082976678,312.99962415240014,311.7385478227915,310.57676179155527,309.50954356102085,308.53203679336275,307.6393071645799,306.82640756450496,306.0884232187251,305.4205214749833,304.8179859654884
0.001233763699237496,405.96021469267794,405.81304452278846,405.3728244307141,404.64350547740935,403.6315820063851,402.34599637714587,400.7980027738307,399.0009707382142,396.970176659912,394.7225831732342,392.27656756507974,389.65165264133566,386.86824074697745,383.94732613054873,380.91022316630927,377.77830483614036,374.5727453916479,371.3142895201262,368.0230381070311,364.7182616690785,361.41822819463596,358.14007466907697,354.89968481906874,351.7116109776567,348.5890053810118,345.54359194352503,342.58564679019673,339.7240068094586,336.96609240482456,334.3179541348567,331.7843240927166,329.3686839043336,327.07334290026284,324.89952462186847,322.84744736562425,320.91642945984887,319.1049732426111,317.41086623928936,315.8312735075244,314.36282706647785,313.00171534136416,311.7437667866292,310.5845285714237,309.5193407805325,308.54340703686256,307.6518499919191,306.83977618404055,306.1023209744783,305.43469818391026,304.8322342139325
0.001238763699237496,405.3266076769003,405.1807863969227,404.7445966918623,404.0219403951943,403.0192311278231,401.74530060474297,400.2112646441211,398.4303296802831,396.4175874851491,394.1897980026798,391.76512176216596,389.16285471983184,386.4031661460243,383.50681503054267,380.49488201863574,377.3885113647769,374.2086568558184,370.9758537729176,367.710007104488,364.43020692211724,361.1545578821968,357.9000517558283,354.68244598398485,351.5161857851891,348.41433544323297,345.38854964691774,342.44905337312036,339.6046495154411,336.86274053397875,334.22937377308244,331.7092914858257,329.30599736316924,327.02183319921005,324.8580638541168,322.81495641365535,320.8918839152663,319.08740805729474,317.39937904648804,315.825026778847,314.3610492102219,313.0037008368907,311.7488754781873,310.59218423879054,309.52902909891884,308.55467302099635,307.6642950768321,306.8530549633448,306.1161377506318,305.44880336569304,304.8464206693833
0.001243763699237496,404.6992654935649,404.554776434676,404.1225673568888,403.4064916081281,402.4128833004356,401.1504651610555,399.6302167022569,397.86518366248265,395.8702759022613,393.66205361627715,391.25846368448356,388.678578422436,385.9423372720969,383.070267183434,380.0832182068734,377.002108866936,373.8476752996936,370.64024597288375,367.3995323183675,364.1444460293773,360.89293020722664,357.66183289029107,354.466786418438,351.3221297899604,348.2408399514656,345.2345027185089,342.3132920291784,339.48597667103724,336.7599408535561,334.1412282299933,331.6345905927201,329.24355295960663,326.97048875807747,324.81670326952775,322.7825114254779,320.8673400051927,319.0698090937676,317.38783061657807,315.8186983700554,314.3591753453162,313.0055812545072,311.75387448033564,310.5997293206067,309.53860897129516,308.56583511935173,307.6766427068442,306.8662441035086,306.12987366472066,305.4628370596175,304.86054529988405
0.001248763699237496,404.0781091188555,403.9349358525167,403.5066583590047,402.79708223027535,401.81246326309963,400.5614168263383,399.05478815256413,397.3054646565198,395.3281769498202,393.13928837178605,390.75653521203213,388.19876930423476,385.48570345818433,382.63763575416453,379.6751887354029,376.6190581503737,373.48976525850964,370.3074342712487,367.09158537342097,363.8609539205459,360.6333232145835,357.42539902645075,354.2526897679848,351.1294291045461,348.0685072579455,345.08144152384097,342.178354915246,339.36798200978546,336.6576884688485,334.05351378946443,331.56021869595605,329.1813488093395,326.9193083751976,324.77544221392674,322.75011217461144,320.8427978260774,319.0521766811355,317.37622143479086,315.81228885881313,314.35720608997923,313.0073572118273,311.7587643784967,310.60716434693416,309.5480808564684,308.57689370975334,307.68889317418757,306.8793438106966,306.1435288396008,305.4767993104117,304.87460807891625
0.001253763699237496,403.46306060237237,403.3211869367035,402.8967926904028,402.193636416903,401.2178967714894,399.97808336707897,398.4849091494498,396.7511055431063,394.7912265301272,392.62144144199976,390.25927898852507,387.7233736308881,385.0332146936737,382.20887450961595,379.27075115650473,376.23932051776734,373.1348917110747,369.97738721358036,366.78613824204444,363.57970582911275,360.3757152121868,357.19073134387907,354.0401398696515,350.93807000225644,347.8973258482526,344.92935653766415,342.0442342763883,339.2506593353435,336.55597853994243,333.9662267773655,331.4861731095732,329.1193830510811,326.8682908652629,324.7342800444044,322.7177584420821,320.8182574792343,319.0345111516429,317.36455198850166,315.80579882449604,314.3551420641287,313.00902932844144,311.7635457605306,310.61448985082797,309.55744521681635,308.587849174142,307.7010467756827,306.892354296033,306.15710340334186,305.49069016814633,304.8886089853089
0.001258763699237496,402.8540430541348,402.71345303033803,402.29289438946057,401.59607935193026,400.6291105858647,399.400393524207,397.9205107861077,396.2020401012227,394.25936139909066,392.10845280527417,389.7666384125993,387.2523383705361,384.5848216169594,381.7839378119161,378.86986356435,375.86285776136606,372.783020075049,369.6500737356639,366.48316324070646,363.30067728930857,360.12008476842016,356.95781124555606,353.82912075012837,350.74803891565716,347.72728434011526,344.7782383429824,341.91092244511043,339.1340025209065,336.4548062812736,333.8793635612229,331.4124511788403,329.057653846372,326.8174350591772,324.69321612919805,322.68545001632094,320.7937190707504,319.01681284058367,317.3528227671372,315.7992288480961,314.35298388927896,313.01059822580805,311.7682192166209,310.62170636821793,309.56670251816746,308.59870189845515,307.71310381262174,306.90527577548943,306.17059748912095,305.50450968813686,304.9025480031501
0.001263763699237496,402.25098063164177,402.1116585204762,401.69488852800066,401.0043372354347,400.0460324589111,398.8282770013528,397.3615250832685,395.6582029974236,393.7325191561373,391.6002632360863,389.2785576290497,386.78561118572566,384.1404755080679,381.3627806117572,378.47248458899685,375.48963215764314,372.43411620222435,369.3254631593728,366.18263302637087,363.02384413303594,359.8664107095267,356.7266203556821,353.61961662395277,350.55932243508005,347.5583714822036,344.6280776300899,341.77841184059764,339.01800550861617,336.3541669611727,333.7929205498754,331.33905027999486,328.99615937938245,326.7667398039038,324.65224984756986,322.6531866930616,320.7691827113921,318.9990820862107,317.34103426208424,315.7925795121251,314.3507321884393,313.0120645271464,311.7727853391625,310.6288144377928,309.5758532296835,308.6094522725092,307.7250645906525,306.91810846977376,306.1840112351174,305.5182579308459,304.91642512169875
0.001268763699237496,401.65379852699675,401.51572882530223,401.10270119861343,400.4183372712166,399.4685911236377,398.2616644531588,396.8078849779979,395.1195297751866,393.2106382341633,391.0968142956275,388.79498152009216,386.3231404253612,383.7001282813014,380.94535844172765,378.0785733903966,375.11960646195513,372.088146373806,369.00352518853947,365.88452059291615,362.74918248679535,359.6146721169958,356.4971405174821,353.41161189168486,350.3719073071242,347.3905761529149,344.4788651955977,341.64669496794676,338.9026623089618,336.25405590140554,333.7068941931226,331.26596781997705,328.9348978567106,326.71620396230924,324.6113805896822,322.62096827523493,320.74464851651067,318.981319229645,317.3291869665978,315.7858514005189,314.34838758601313,313.01342885732987,311.77724472265044,310.6358146008854,309.58489782374266,308.6201006898832,307.7369294196647,306.93085260421947,306.19734478440915,305.5319349617868,304.930240335297
0.001273763699237496,401.06242295410004,400.9255903813705,400.5162595020446,399.83800765442834,398.89671628133436,397.7004874736481,396.2595243125485,394.5859568443086,392.69365788952746,390.59804832243424,388.3158556966599,385.86487511668224,383.26373247790326,380.53162740966144,377.68808965241385,374.75274390320936,371.74507729570024,368.68422990482736,365.58879926755395,362.47666876860785,359.36484832494705,356.269353791003,353.2050911380749,350.18578043314926,347.223887359149,344.330591941453,341.5157644173899,338.78796700017426,336.1544684767041,333.6212809813679,331.19320123615813,328.87386750717565,326.6658264130035,324.57060775646994,322.58879457286145,320.72011660594643,318.96352461478415,317.3172813757094,315.77904509854295,314.3459507076981,313.0146918427812,311.78159796356977,310.64270740135953,309.5938367758247,308.63064754780373,307.74869861367705,306.94350840867776,306.21059828486966,305.54554085142894,304.9439936432843
0.001278763699237496,400.47678113591365,400.341170630919,399.93549153465443,399.2632775592707,398.3303385895958,397.14467858465383,395.716377823268,394.0574214703556,392.1815181920925,390.10390842305924,387.8411264897345,385.41076495727225,382.83124125874946,380.1215441920077,377.30099357686026,374.3890081785429,371.40487609380875,368.36754776360743,365.2954427072488,362.20627968493716,359.1169189175096,356.0432424509078,353.00003913022545,350.0009288677626,347.05829423507856,344.183248873951,341.3856128635116,338.67391372761267,336.05540011429355,333.5360774452556,331.1207479960648,328.81306658160736,326.61560605017735,324.5299307595109,322.55666540294334,320.6955871039317,318.94569858821046,317.3053179861348,315.7721611926968,314.3434221803868,313.0158541113683,311.7858456602874,310.6494933854982,309.6026705643975,308.6410932470321,307.7603724907259,306.9560761174098,306.2237718890663,305.5590756751027,304.9576850499111
0.001283763699237496,399.896801291802,399.7623980092586,399.3603263759503,398.6940771267622,397.7693896504118,396.59417122431415,395.17838112956804,393.5338617641663,391.67416001531524,389.61433846278914,387.3707409417173,384.9607603070999,382.40260839706724,379.71506602722343,376.917245877549,374.0283634480155,371.06751030933333,368.0534495898412,365.00442489514177,361.9379922276113,358.87086372620024,355.8187889842651,352.7964408157491,349.8173398173007,346.8937860409123,344.03682710274063,341.25623306445885,338.560496703146,335.95684629341247,333.4512801553037,331.04860559709846,328.75249335263186,326.5655417834366,324.4893490208933,322.52458058935355,320.67106013899314,318.9278414990987,317.29329729618337,315.76520027062077,314.34080263206886,313.01691629230135,311.78998841294487,310.65617310189316,309.6113996708049,308.6514381917516,307.77195137275544,306.96855596898087,306.23686575416036,305.5725395129068,304.97131456425444
0.001288763699237496,399.32241262495216,399.1892019322406,398.79069407619716,398.13033745258286,397.21380199833254,396.04889973563485,394.6454707229566,393.0152166714155,391.17152502639135,389.12928305640884,386.9046467978422,384.514812180598,381.9777882711858,379.3121507091916,376.53680777436796,373.67077432931836,370.7329478940922,367.7419065739715,364.71572013697806,361.67178367074786,358.6266628273023,355.59597608833735,352.59428132092273,349.6350006383067,346.730352161654,343.8913178398248,341.1276178611471,338.44771020452913,335.8588025448292,333.36688572153145,330.9767715662513,328.69214611445443,326.5156325376334,324.4488619730822,322.4925399627243,320.64653584385314,318.909953699124,317.28121980566596,315.7581629210024,314.33809269173366,313.0178790160313,311.79402682335285,310.66274710133644,309.62002457915645,308.661682789458,307.7834355855092,306.98094820615535,306.2498800418073,305.5859324496157,304.9848822001338
0.001293763699237496,398.7535453098779,398.6215127838084,398.2265256441093,397.5719905749976,396.66350908870754,395.5087993551244,394.11758395613793,392.5014259622395,390.6735556764556,388.6486875590166,386.4427924976335,384.07287223878086,381.5567358573197,378.9127565806683,376.1596409873769,373.31620589250156,370.40115720585084,367.432890267824,364.4293030575425,361.4076315676823,358.38429653924504,355.3747866683693,352.39354594883974,349.4538988360047,346.56798210585714,343.7467123985573,340.99976017646065,338.3355485747743,335.7612644503527,333.2828907930834,330.90524345981834,328.63202318263905,326.46587725269626,324.4084690587836,322.4605433603349,320.622014355331,318.89203554236894,317.2690860158048,315.751049733484,314.33529298927454,313.0187429141499,311.79796149488686,310.6692159367128,309.62854577621874,308.6718274508502,307.79482545842325,306.9932530757938,306.26281491805895,305.5992545745885,304.99838797602786
0.0012987636992374961,398.19013048000875,398.05926190363334,397.6677530346264,397.0189694628606,396.1184452860039,394.9738062015023,393.5946590321819,391.9924302209261,390.1801951908425,388.1724980568933,385.9851271664122,383.634892781404,381.13940672238925,378.51684252675943,375.78570773093026,372.9646236547217,370.07210700366863,367.1263725805205,364.14514859710283,361.14551374790227,358.143745419987,355.1552038353761,352.19422017756216,349.2740220627717,346.4066655043768,343.60300219263485,340.87265301444995,338.22400622151866,335.66422764234096,333.19929205785024,330.83401886310696,328.5721228938856,326.4162748834567,324.36816973080704,322.428590625997,320.5974958142429,318.87408738523163,317.25689642914284,315.7438612985712,314.3324041553934,313.01950861929055,311.80179303238435,310.67558016289433,309.63696375130735,308.681872589723,307.8061213245202,307.0054708287506,306.2756705532666,305.61250598167857,305.01183191499246
0.0013037636992374961,397.63210021536963,397.5023815748407,397.1143091367767,396.4712080037056,395.5785458522064,394.44385726448746,393.076634993767,391.4881708356724,389.69138755940793,387.70066135842785,385.5316006068514,383.20082673916784,380.72575701687816,378.12436796843065,375.41497070782634,372.6159935750125,369.7457664432632,366.822325774406,363.86323200786376,360.8854083139885,357.9049902644027,354.93721090393467,351.9962896582722,349.0953581166091,346.24639210911954,343.4601787350872,340.74628945952503,338.1130776163888,335.5676878032051,333.11608624208606,330.7630953901431,328.51244360580455,326.3668243994751,324.3279634519272,322.39668160994114,320.5729803653029,318.8561095863331,317.2446515494537,315.73659820754125,314.3294268215074,313.02017676503016,311.80552204204366,310.6818403366357,309.6452789961817,308.6918186228612,307.8173235203052,307.0176017197731,306.2884471219851,305.6256867691444,305.02521404457883
0.0013087636992374961,397.0793875303515,396.95080501182576,396.5661277616304,395.9286409919229,395.0437469353015,393.9188903936636,392.56345171249825,390.9885899884127,389.2070775269167,387.2331249851005,385.0821632905852,382.77062766596805,380.3157434677329,377.73529285605207,375.0473931034868,372.27028204907884,369.42210507239474,366.5207224609914,363.58352885043195,360.6272936385644,357.6680121016759,354.72079138997725,351.7997402134256,348.9178949396132,346.08715179179194,343.31823363726477,340.6206626756466,338.002757294362,335.47164066491086,333.03327011002284,330.69247068337563,328.4529836966898,326.3175247848642,324.2878496947442,322.36481616870094,320.54846815702194,318.8381025064254,317.2323518816527,315.7292610523541,314.3263616196556,313.0207479857939,311.80914913132375,310.6879970164721,309.6534920049404,308.70166596993545,307.8284323856633,307.0296460074023,306.3011448028783,305.6387970395615,305.03853439675316
0.0013137636992374962,396.5319263615767,396.4044663481655,396.0231436303453,395.39120411702686,394.5139855578481,393.39884428743017,392.05504987830295,390.4936306447191,388.7272105834954,386.76983716252835,384.636766349872,382.3442497311943,379.9093233713037,377.34957766297987,374.68293858016716,371.92745590411766,369.101092826271,366.2215355969126,363.3060149902946,360.3711483612552,357.43279219269846,354.5059290085902,351.60455783490727,348.74162061644734,345.92893454264816,343.17715860782516,340.4957659055159,337.89303985312563,335.37608200847865,332.95084046348353,330.62214241337807,328.3937415652896,326.26837503811197,324.24782794154277,322.3329941649976,320.5239593416086,318.82006650829953,317.21999793170784,315.72185042556265,314.323209182408,313.02122291675903,311.8126749088462,310.6940507626175,309.66160327391856,308.7114150533988,307.83944826375784,307.0416039538745,306.3137637786259,305.65183689973486,305.05179300781674
0.0013187636992374962,395.9896515558619,395.8633006246248,395.4852923623073,394.8588339520158,393.98919960563785,392.88365848203637,391.55137098890737,390.00323654377706,388.25173295515566,386.3107468115725,384.1953615693147,381.92164771208013,379.5064545863311,376.967183379176,374.3215712711995,371.5874823936655,368.78270002297575,365.92473847990846,363.03066659431215,360.1169513856578,357.1993120274783,354.29260767181745,351.41072868218976,348.5665233728147,345.77173046923883,343.0369454517188,340.3715924697619,337.7839199524346,335.28100766347995,332.86879414149246,330.55210827854927,328.33471563057617,326.2193741719026,324.2078976841511,322.30121546762393,320.4994540748681,318.80200195669426,317.2075902065521,315.71436692022456,314.31997014277465,313.02160219376213,311.81609998429786,310.70000213686546,309.6696133015866,308.72106629838606,307.8503715009308,307.05347582502463,306.326304235831,305.6648064606132,305.06498991832717
0.0013237636992374962,395.45249885827866,395.32724377726265,394.95251046336836,394.3314679418261,393.4693278164461,392.37327334070346,391.0523573393947,389.5173521884376,387.78059159438783,385.85580353951127,383.7579013776395,381.50277698610455,379.1070955269773,376.5880715048687,373.96325577527074,371.2503291924766,368.4668973589207,365.63030474481786,362.7574601272265,359.8646818763228,356.96755332255503,354.08081148647034,351.21823908049663,348.3925915739341,345.6155297951598,342.8975860691744,340.24813576612894,337.67539231346757,335.18641350753376,332.7871280198841,330.4823660048121,328.2759043315143,326.1705212129374,324.16805842379864,322.26947995132764,320.4749525161028,318.7839092182052,317.19512921399604,315.7068111298157,314.3166451341169,313.0218864532066,311.81942496833574,310.70585170249075,309.6775225884505,308.7306201326132,307.8612024466039,307.0652618901905,306.3387663649288,305.67770583720323,305.07812517302006
0.0013287636992374962,394.92040490031644,394.79623262563854,394.4247353141827,393.8090443918835,392.9543097688762,391.867630042835,390.5579520118478,389.0359228353484,387.3137341708275,385.4049576312796,383.32433883953536,381.0875935234486,378.71120515590707,376.2122040442546,373.6079571507366,370.91596439143007,368.1536559043235,365.3382083595983,362.48637234818636,359.6143192557496,356.7374980184266,353.8705247519449,351.0270755189696,348.2198137230183,345.46032285880267,342.7590724546857,340.12538926866335,337.5674517181824,335.09229546580156,332.7058390109115,330.4129133453111,328.2173061268282,326.1218152017537,324.1283096709736,322.23778749669555,320.45045482801237,318.765788661194,317.1826154626414,315.69918364814384,314.3132347900595,313.0220763319716,311.82265047249274,310.7116000241525,309.6853316369536,308.7400769862795,307.87194145318176,307.07696242211875,306.3511503600972,305.6905351484862,305.09119882073196
0.0013337636992374962,394.39330718814745,394.2702048611202,393.90190515864504,393.2915024567521,392.44408587129897,391.36667057331886,390.0680988650779,388.55889448516564,386.85110906199736,384.958160040777,382.8946276475557,380.6760538795071,378.31874297741683,375.8395434992442,373.2556409099724,370.5843564924702,367.84294709871256,365.0484236213663,362.21738030728994,359.3658432013958,356.5091282769861,353.6617319580472,350.8372246488426,348.04817845975697,345.30610011210877,342.62139669599765,340.0033465269003,337.46009300867115,334.99864951048085,332.6249240628527,330.34374808010944,328.15891949476816,326.07325519254476,324.0886509452802,322.2061379900365,320.4259611765939,318.74764065569855,317.17004946179566,315.69148506926336,314.3097397444034,313.0221724673229,311.8257771090854,310.7172476678,309.69304095138006,308.7494372919703,307.88258887595595,307.0885776968712,306.36345641916756,305.70329451733403,305.10421091432414
0.0013387636992374962,393.8711440909968,393.749099035297,393.38395909242945,392.77878212888345,391.9385973508889,390.8703377119212,389.5827425244404,388.0862138728471,386.39266534412434,384.515362382246,382.4687221140836,380.2681151874577,377.9296690306155,375.47005286325185,372.9062730137638,370.2554744035794,367.53474274645936,364.7609251524609,361.9504613421472,359.11923364270143,356.2824264789706,353.4544177828274,350.64867328162154,347.8776745588027,345.15285211932394,342.48455097309613,339.88200116505163,337.3533110865153,334.9054716602991,332.54438015961745,330.274868015885,328.10074293287664,326.0248402529778,324.0490817752958,322.1745313232652,320.40147173104265,318.72946557334404,317.157431721387,315.6837159873919,314.30616063104117,313.0221754968245,311.8288054911225,310.72279520057805,309.7006510377595,308.75870148456147,307.8931450730107,307.10010799373407,306.37568474353714,305.71598407042745,305.11716151060654
0.0013437636992374962,393.3538548296178,393.2328545484974,392.8708370516343,392.270824227468,391.4377862427576,390.37857502277444,389.1018283717406,387.6178284580305,385.9383527830355,384.0765169217217,382.04657716336214,379.8637351508892,377.543943882657,375.1036956150324,372.55981986573676,369.9292874337856,367.22901501234037,364.4756878965318,361.68559307446174,358.8744707581294,356.05737522142294,353.2485670904234,350.46140838727166,347.708290928264,345.00056955575883,342.34852755719845,339.76134688119464,337.2471009121409,334.8127579800073,332.46420432035313,330.20627098562574,328.04277495775386,325.97656946401287,324.0096016984277,322.1429673937861,320.376986663654,318.7112637872538,317.1447627518808,315.6758769968273,314.30249808387225,313.0220860582523,311.83173623221603,310.7282431907356,309.7081624037735,308.7678700011254,307.90361040513005,307.1115535951267,306.387835538083,305.72860393817484,305.1300506702638
0.0013487636992374962,392.8413794648757,392.7214116384145,392.3624798015312,391.7675703873881,390.94159537918875,389.8913268439607,388.625302535229,387.15368641549503,385.4881218251322,383.6415765685541,381.6281483235913,379.4628720364891,377.16152862202665,374.7404357125644,372.2162483068287,369.6057652882052,366.92573641712914,364.1926871146526,361.4227534066332,358.63153497222294,355.83395731516606,353.0441649289153,350.275417092412,347.5400166082019,344.8492432065515,342.2133188097467,339.64137744646246,337.1414575041751,334.7205045798737,332.38439359905084,330.1379548483261,327.985014104823,325.9284419197206,323.97021026077016,322.1114461043772,320.35250614972426,318.693035671962,317.13204306419664,315.6679686918661,314.29875273672053,313.0219047895086,311.8345699464927,310.73359220753537,309.7155755586635,308.77694328083896,307.913985235706,307.12291478651275,306.399909011076,305.74115425463214,305.14287845778085
0.0013537636992374963,392.3336588864393,392.2147113688387,391.8588289254212,391.26896304827665,390.44996837897105,389.40853827719184,388.15311187968905,386.69373662571047,385.0419235884448,383.2104948670048,381.21339171909233,379.0654846667924,376.78238485188206,374.3802375869817,371.87552560980254,369.2848780631225,366.62487983321915,363.91189838146,361.1619205183822,358.3904069526803,355.6121557822922,352.84119652819015,350.09068667851943,347.3728407691346,344.6988639654354,342.07891718140434,339.52208670423596,337.0363759388032,334.62870761517854,332.30494508415137,330.0699174886816,327.92745892809575,325.8804567271014,323.9309070169619,322.0799673630749,320.3280303674537,318.674781603326,317.11927316962647,315.6599916667228,314.29492522325273,313.0216323285385,311.83730724850767,310.73884282116404,309.72289101314004,308.7859217648914,307.92426993064834,307.1341918563121,306.41190537409716,305.75363515742333,305.15564494137004
0.0013587636992374963,391.8306348015828,391.71269561850033,391.3598268135984,390.7749454436794,389.96284963683587,388.93015517758715,387.6852039966167,386.23792866547296,384.599709853769,382.7832259879186,380.80226406254053,378.67153241299275,376.40647468344935,374.02306613655475,371.53761947380315,368.96659624110674,366.32641848027913,363.63329758132056,360.9030728633968,358.15106760744834,355.3919538536668,352.63964729781964,349.9072045801406,347.20675271054785,344.5494228335121,341.9453152110566,339.40346856933905,336.9318513491278,334.5373632857088,332.2258558981521,330.00215681678543,327.8701079999377,325.83261300590317,323.89169153004343,322.0485310830587,320.30355949784916,318.6565019584409,317.1064535797538,315.6519465154512,314.2910161768983,313.0212693132472,311.8399487531592,310.7439956026457,309.7301092792937,308.7948058963955,307.9344648582959,307.1453850958145,306.42382484195423,305.76604678766256,305.16835019289925
0.0013637636992374963,391.3322497240978,391.21530707002216,390.8654166524225,390.2854615903252,389.4801843129957,388.45612414354974,387.22152719449525,385.78621279862915,384.1614330558843,382.3597247204711,380.3947226472683,378.28097518781624,376.0337607294767,373.66888672072173,371.2024980189585,368.65089068616675,366.03032592094047,363.3568609045251,360.6461891660028,357.91349808183503,355.1733349664476,352.4395028249484,349.7249583831142,347.04174185941287,344.40091091802907,341.81250552481345,339.28551702723496,336.8278789245288,334.44646783525496,332.1471231972141,329.9346707678243,327.8129599108345,325.78490988844084,323.85256337131506,322.01713718253654,320.27909372462767,318.6381971155535,317.09358480637405,315.64383383186555,314.28702623077055,313.0208163814194,311.8424950756055,310.7490511237553,309.73723087050723,308.80359612029883,307.9445703893288,307.1564947990936,306.4356676326,305.7783892898768,305.1809942878202
0.0013687636992374963,390.83844696331784,390.72248919898357,390.37554241350097,389.8004562775019,389.00191832278745,387.98639250674233,386.7620304891635,385.3385399668898,383.7270462748559,381.9399464639938,379.9907253396382,377.89377343846013,375.66420609774445,373.31766515417087,370.8701297810254,368.33773263894585,365.7365760565197,363.0825648435109,360.39124841785804,357.67767975564163,354.95628276162,352.240748872197,349.54393582280295,346.877797768712,344.25331943116373,341.68048083501816,339.16822613322705,336.7244539100267,334.35601755110844,332.0687441707707,329.8674573017752,327.7560132691577,325.7373465194153,323.81352212019516,321.98578558463106,320.25463323412134,318.61986745397826,317.08066736141575,315.63565420946463,314.2829560175891,313.02027417063937,311.8449468311817,310.75400995693406,309.7442563013697,308.8122928832976,307.95458689668254,307.1675212629232,306.4474339670511,305.7906628119297,305.19357730509836
0.0013737636992374963,390.3491706132544,390.23418626309535,389.8901488429814,389.319875056541,388.52799832641983,387.5209083221638,386.3066635942801,384.8948617807333,383.2965032274203,381.52384721987664,379.5902305714875,377.5098881395952,375.2977743846344,372.9693677009751,370.5404837060812,368.0270937119553,365.4451431227735,362.81038618911435,360.1382298746706,357.44359424031563,354.74078108154936,352.0433713755766,349.3641247823364,346.71491011597266,344.1066396888133,341.54923393925986,339.05159001166203,336.62157160564686,334.26600876356116,331.9907160411363,329.80051440310336,327.69926670093207,325.6899220557336,323.77456736407964,321.9544762172663,320.23017821518215,318.6015133540137,317.0677017568628,315.62740824135534,314.27880616960385,313.01964331821307,311.8473046353204,310.7588726752068,309.7511860875916,308.82089663374995,307.96451475546274,307.178464786694,306.4591240693086,305.8028675049462,305.2060993271428
0.0013787636992374963,389.86436554184644,389.75034329148843,389.40918145095486,388.8436642304107,388.05837171882655,387.0596203583266,385.85537691188415,384.4551305103999,382.8697582584567,381.111383583549,379.19319733264535,377.1292807864346,374.9344296687575,372.62396106877844,370.2135291452617,367.7189458848496,365.15600168569,362.54030202685266,359.88711305294316,357.2112233761239,354.52681396754963,351.84735644241897,349.18551329086387,346.55306870180976,343.96086310939154,341.4187577193909,338.9356028551371,336.5192273657873,334.1764378454063,331.9130360631175,329.7338400804606,327.6427188496032,325.6426356663292,323.7356986982011,321.9232090130551,320.20572885908825,318.5831351968601,317.0546885046781,315.61909652017863,314.2745773185201,313.0189244610913,311.84956910347154,310.7636398520999,309.75802074592116,308.8294078215934,307.97435434286206,307.189325672332,306.47073816627915,305.8150035232384,305.2185604397381
0.0013837636992374963,389.3839773803233,389.2709060741149,388.93258650097107,388.37177084341795,387.59298661962396,386.6024780875355,385.4081215230518,384.0192990769775,382.4467663325425,380.7025127365403,378.7995851635216,376.75191338786806,374.5741365046415,372.2814124030365,369.8892358495466,367.4132614997415,364.8691266373151,362.2722897332364,359.63787772674203,356.98054922934807,354.3143656574706,351.65269034931964,349.008089521821,346.3922634484769,343.81598121263215,341.28904514054966,338.82025892371087,336.4174165985888,334.08730121144174,331.83570152362455,329.6674323663848,327.58636837580593,325.59548653198357,323.6969157254897,321.8919839091875,320.1812853594509,318.56473336453774,317.04162811672836,315.6107196380367,314.270270095425,313.01811823579436,311.85174085102494,310.7683120615619,309.7647607940632,308.83782689826126,307.9841060380774,307.200104224218,306.48227648769745,305.827071024232,305.2309607319756
0.0013887636992374964,388.90795251268156,388.7958211512625,388.4603109996651,387.90414267101994,387.13179186317655,386.14943167626905,384.96484917865166,383.58732104357887,382.0274830255961,380.29719243862047,378.4093541477703,376.3777484596641,374.2168599164785,371.94168928131023,369.5675739645915,367.11001325656014,364.5844931916155,362.00632697211245,359.39050392449354,356.7515540895015,354.10342058330286,351.45935954009656,348.831841791205,346.2324843984276,343.6719856183994,341.1600892501887,338.70555254411863,336.31613476530833,333.9985953179754,331.75870974128566,329.60128931700126,327.5302139571338,325.5484738451481,323.65821805643424,321.8608008473199,320.15684791212266,318.5463082398068,317.0285211047098,315.6022781864206,314.2658851307157,313.0172252783384,311.8538204932339,310.77288987788404,309.7714067505981,308.8461543166016,307.9937702222297,307.2108007491081,306.49373926605006,305.8390701683943,305.2433002961865
0.0013937636992374964,388.4362380652761,388.32503580318297,387.99230268649717,387.4407282097456,386.6747369887681,385.7004319756629,384.5255122901961,383.15915060661166,381.61186451660535,379.89538102001967,378.02246490502546,376.0067490177379,373.8625653919337,371.60475970761445,369.24851402560944,366.8091742084505,364.3020768803772,361.7423916910394,359.144971925806,356.5242204665688,353.8939633688012,351.26735062376366,348.65675855586505,346.073721712885,343.5288680455066,341.03188317710897,338.59147810899134,336.2153773796959,333.9103166623329,331.68205806606204,329.53540901172425,327.47425428790996,325.5015968097675,323.6196053089445,321.8296597734651,320.1324167151058,318.5278602060879,317.015367980075,315.59377275614,314.2614230540282,313.0162462241625,311.85580864514066,310.7773738756235,309.7779591349032,308.85439053079756,308.0033472782836,307.2214155560557,306.5051267364996,305.8510011191625,305.25557922787596
0.0013987636992374964,387.9687818965262,387.85849803983484,387.52851002360387,386.9814766672278,386.22177223087965,385.2554305120967,384.09006392079186,382.73474258714054,381.1998675794425,379.49703737373,377.63887858371277,375.63887857148814,373.5112188760154,371.2705921068207,368.9320269522998,366.5107177572155,364.02185354914263,361.4804621176937,358.90126225831966,356.29853108826785,353.6859788271269,351.0766503725198,348.4828284118032,345.9159656704231,343.38662031054196,340.9044201304997,338.47803007608013,336.1151400073739,333.82246178236767,331.6057438788654,329.4697895529615,327.4184880789586,325.45485464110334,323.5810771082139,321.7985606378833,320.10799196846284,318.50938964738367,317.0021692539614,315.5852039372539,314.25688449416845,313.01518170805804,311.85770592150266,310.78176462952763,309.784418467075,308.8625359962886,308.0128375909696,307.2319489563346,306.51643913681096,305.86286404287347,305.26779762565695
0.0014037636992374964,387.50553258673614,387.39615659074,387.06888218576364,386.5263379523451,385.7728485095756,384.81437947788345,383.6584577761888,382.31405242234337,380.7914495747681,379.1021209478872,377.25855685393424,375.27410111720155,373.16278676500536,370.93915531911557,368.6180840438272,366.214617648802,363.7437993531843,361.22051675630917,358.65935569458367,356.0744688973351,353.47945195850974,350.88724571975365,348.31004009248926,345.75920666555663,343.24523432670316,340.7776933989848,338.36520296748506,336.01541826522157,333.73502725597496,331.52976459117764,329.4044290658188,327.36291405737836,325.40824656556026,323.5426330865845,321.76750339497437,320.0835738742272,318.4908969482021,316.98892543712026,315.57657231900225,314.2522700790435,313.0140323640988,311.85951293672053,310.78606271445955,309.7907852678531,308.8705911696935,308.02224154670654,307.2424012633629,306.52767670727746,305.874659108694,305.27995559118574
0.0014087636992374964,387.0464394280302,386.93796089495527,386.6133690504742,386.0752626654746,385.32791742099585,384.37723172206216,383.2306481959268,381.8970361570591,380.38656844201955,378.7105917382341,376.88146190042903,374.91238113152565,372.81723590045317,370.6104185945146,368.3066569738489,365.92084796882915,363.4678907535159,360.96253438414806,358.4192332489611,355.852017048835,353.2743679479292,350.6991237580652,348.1383824671881,345.6034352073427,343.1047021026394,340.651696349676,338.2529913688887,335.9162078207621,333.64800970060656,331.45411764467224,329.3393256978076,327.30753096631656,325.3617718205116,323.5042728834116,321.7364880031707,320.0591626363156,318.47238249348015,316.9756370398477,315.56787848973966,314.24758043559564,313.01279882557253,311.86123030476773,310.79026870532516,309.79706005854536,308.8785565087343,308.0315595335264,307.252772792629,306.5388396906493,305.8863864885524,305.2920532290983
0.0014137636992374964,386.59145241440365,386.48386109115756,386.1619211881432,385.62820208885546,384.886931227956,383.94394074129434,382.80659014458115,381.48365043543015,379.9851826914899,378.3224102806653,376.5075564156086,374.5536835650104,372.4745335632312,370.28435158743224,367.9977177855925,365.6293831381617,363.19410451294334,360.7064940480063,358.18087617456257,355.63115890749214,353.07071216281554,350.51227173730257,347.96784453930104,345.4486419179929,342.96501574130286,340.52642242723186,338.1413899287957,335.8175043915543,333.5614057727912,331.37880051083863,329.2744776185535,327.25233756474535,325.3154296541275,323.46599614493033,321.70551442483156,320.0347584604405,318.45384666850896,316.9623045719162,315.55912303686955,314.24281618973623,313.0114817249142,311.86285863912104,310.7943831770017,309.80324336095407,308.8864324721618,308.04079194099904,307.26306386161764,306.549928332062,305.89804635707077,305.30409064694663
0.0014187636992374964,386.1405222318875,386.0338080078441,385.71448985239164,385.18510817706283,384.44984285065516,383.51446067086334,382.3862392031077,381.0738524926378,379.58725139649243,377.9375376438533,376.1368035926672,374.19797383571836,372.13464746765214,369.9609243513071,367.6912388869834,365.3401979085259,362.9224176921522,360.45237506075114,357.9442659602072,355.4118780450484,352.8684701507716,350.3266770626169,347.7984154447205,345.2948175314958,342.8261674388085,340.40186515292515,338.030393357777,335.7193037445882,333.47521216765574,331.30381069060843,329.2098830195073,327.1973326272391,325.2692193252039,323.4278025241232,321.6745826261385,320.0103615540255,318.43528985886036,316.94892854250764,315.55030654678023,314.23797796628224,313.0100816936406,311.864398552693,310.79840670426745,309.80933569730473,308.89421951968285,308.0499391601593,307.2732747897377,306.56094287896656,305.9096388914985,305.316067955137
0.0014237636992374964,385.6936002488285,385.5877531536465,385.27102697047064,384.74593354759185,384.01660585749056,383.0887462757776,381.96955156028537,380.667600146731,379.192734185614,377.5559354219573,375.7691671187685,373.84521782290483,371.7975457556504,369.6401073332847,367.3871930458224,365.0532673581716,362.6528076458354,360.2001569978929,357.7093843274137,355.1941582376442,352.6676276373145,350.14232729253297,347.63008445019824,345.1419528922518,342.68814948330294,340.27801812371547,337.91999642771964,335.6216016956852,333.38942561845136,331.22914571398474,329.14554011365755,327.1425149437536,325.22314010299243,323.38969168058895,321.6436925769915,319.9859721261201,318.4167124503143,316.93550946014744,315.54142960478185,314.2330663888933,313.0085993622857,311.8658506577655,310.8023398617331,309.81533759017464,308.90191811188765,308.05900158343485,307.2834058982511,306.57188358106043,305.92116427164626,305.32798526686804
0.0014287636992374965,385.25063850628374,385.14564870775945,384.83148513379047,384.31063147155294,383.5871744559793,382.6667529419763,381.556484004258,380.2648517905486,378.801591235056,377.17756572741206,375.40461116830716,373.49538186076563,371.46319699102446,369.3218713689553,367.08555338501355,364.76856688757675,362.3852520188591,359.94981969418984,357.4762132274196,354.97798346322435,352.46817052363804,349.959210137038,347.46284095172837,344.9900389537182,342.5509542538423,340.15487501133083,337.81019397108287,335.5243941089019,333.3040428960823,331.1548031396736,329.08144713524575,327.0878833194068,325.17719126703304,323.35166328041237,321.6128442509073,319.96159038731633,318.3981148287875,316.9220478326405,315.5324927950447,314.2280820800101,313.0070353603383,311.86721556592454,310.80618322377427,309.82124956242365,308.90952871017976,308.0679796045752,307.2934575102031,306.5827506902192,305.93262267982107,305.33984269807024
0.0014337636992374965,384.81158970852937,384.70744751048244,384.3958175885617,383.8791558644764,383.1615034837876,382.2484366676389,381.14699391417463,379.8655663837352,378.41378326106235,376.80239118380035,375.04310039624556,373.14843273225574,371.13157015374384,369.00618767715025,366.78629337784287,364.48607221519853,362.119728742468,359.7013432402874,357.2447348382295,354.76333789896853,352.2700848843964,349.7773134556868,347.2966744729443,344.8390667770673,342.4145742192799,340.0324295613557,337.7009808801595,335.4276768959397,333.2190608086383,331.08078055471873,329.017602339483,327.0334365742613,325.13137210698653,323.3137169960361,321.58203762491763,319.9372165496669,318.3794973802636,316.90854416700756,315.52349670053906,314.2230256607945,313.0053903161803,311.8684938879967,310.80993736446567,309.82707213712615,308.91705177670633,308.0768736185822,307.3034299503528,306.59354446043,305.94401430076255,305.35164036734614
0.0014387636992374965,384.37640721368354,384.2731030538756,383.96397822654944,383.4514612772271,382.7395483998664,381.8337540545971,380.7410392519282,379.46970344484964,378.0292715124365,376.43037491880557,374.68459993152686,372.80433766297557,370.80263463431754,368.6930278547924,366.4893868433072,364.2057593732674,361.8562160305296,359.45470797939186,357.01493156169334,354.5502059187469,352.07335696550814,349.59662525572566,347.13157466352965,344.68902752985434,342.2790019371627,339.91067559232647,337.592352106343,335.3314460155583,333.13447620093086,331.00707557413847,328.9540040022696,326.9791735431091,325.0856819224698,323.27585250613305,321.5512726794699,319.9128508266042,318.3608604907238,316.89499896942294,315.5144419029758,314.21789775107095,313.0036648570264,311.8696862339867,310.81360285751606,309.83280583750457,308.9244877742904,308.0856840216413,307.31332354510573,306.60426514772524,305.9553393215797,305.36337839591073
0.0014437636992374965,383.94504502444266,383.8425694725286,383.5359215759383,383.0275028870293,382.3212652756934,381.42266229984955,380.3385785539919,379.0772230435674,377.6480177631442,376.06148055724685,374.32907537056303,372.46306431512784,370.4763602282263,368.38236387180575,366.1948079414942,363.9276047036278,361.59469237581845,359.20989450397735,356.78678602061365,354.3385720906008,351.8779731819823,349.41713369023256,346.9675312976451,344.5399124846995,342.144230052638,339.7896069948356,337.4843026594019,335.23569747299325,333.05028595403326,330.9336858405664,328.89065041991654,326.92509307525717,325.04012002289187,323.23806949548043,321.52054939832806,319.8884934328604,318.34220454607964,316.88141274515436,315.5053289827491,314.21269896926833,313.00185960886586,311.87079321301655,310.8171802762049,309.8384511868633,308.9318371663636,308.0944112110544,307.32313862244706,306.6149130101178,305.9665979316885,305.3750569075336
0.0014487636992374965,383.51745777893126,383.4158015344426,383.1116027923099,382.6072364885995,381.9066107866216,381.01511918717915,379.9395709233537,378.68808579297473,377.2699843050048,375.6956722141951,373.97649277079825,372.12458078154225,370.1527171304173,368.07416806608063,365.9025311690126,363.6515848536227,361.3351365463391,358.9668836525283,356.56028105588274,354.1284211742493,351.68392011576515,349.23882705627625,346.804534272368,344.39171301798046,342.0102512973698,339.6692177306426,337.3768276067585,335.1404273193803,332.96648698482375,330.8606090238941,328.8275399088695,326.87119403431643,324.9946857272924,323.2003676548354,321.4898677684762,319.864144584389,318.3235299321065,316.86778599850277,315.4961585188794,314.20742993236456,312.99997519640425,311.87181543326545,310.82067019332067,309.84400870852545,308.93910041690106,308.103055585174,307.33287551187607,306.6254883075369,305.9777903227514,305.3866760284808
0.0014537636992374965,383.09360074166455,382.99275463202366,382.69097764973037,382.19061848538934,381.4955422033333,380.6110830788717,379.5439760215486,378.3022528419557,376.8951339404691,375.33291448817084,373.6268186443476,371.7888555797706,369.83167592986206,367.76841313849525,365.61253135447384,363.37767677202294,361.07752758168937,358.7256565063151,356.3353997236487,353.9197381186192,351.4911845136086,349.0616937930929,346.642573606149,344.2444206085373,341.87705848846406,339.54950183179267,337.26992207277556,335.0456316511826,332.88307624553363,330.7878428209177,328.7646708054351,326.81747529799134,324.94937836418063,323.162746680812,321.4592277800215,319.83980449828766,318.30483703437824,316.85411923274415,315.48693108895816,314.2020912558313,312.99801224300774,311.8727535019121,310.82407318109955,309.8494789257689,308.94627799035663,308.1116175433376,307.34253454434156,306.6359913017651,305.98891668861586,305.3982358874586
0.0014587636992374965,382.6734297946234,382.5733847731895,382.2740025319489,381.77760588093594,381.08801738339935,380.2105129075366,379.1517540607874,377.91968586767223,376.5234299754845,374.97317245442224,373.2800199517107,371.45585764624917,369.5132076041766,367.46507214799453,365.32478365402335,363.1058577050028,360.8218447894625,358.48619438620557,356.1121252925128,353.71250805940355,351.2997532849598,348.8857224802807,346.4816394372819,344.09802683639055,341.74464452740574,339.4304533997449,337.16358123804855,334.95130660962445,332.80005072329834,330.71538495498754,328.70204146551004,326.7639357578721,324.90419727137726,323.12520627575947,321.4286294261003,319.8154733927222,318.2861262382032,316.84041295007273,315.4776472690942,314.1966835535801,312.995971370648,311.87360802507686,310.82738981116626,309.8548623617654,308.9533703515999,308.1200974858044,307.3521160521782,306.6464222563766,305.9999772252555,305.40973661555705
0.0014637636992374965,382.256901428441,382.15764857258625,381.86063442370653,381.36815627032024,380.6839947629435,379.8133681680286,378.76286579618295,377.54034706813445,376.15483621244505,374.6164116582846,372.9360640955602,371.1255563305315,369.19728351430456,367.1641185067257,365.0392635469241,362.83610519215944,360.56806774168945,358.24847884950975,355.89044124075485,353.5067163166424,351.1096134998735,348.71090183601274,346.3217220223894,343.9525233814706,341.6130023990041,339.3120666045069,337.0578003387043,334.85744838012937,332.7174074397134,330.6432331756598,328.6396502643122,326.71057431922907,324.85914179585694,323.08774614764195,321.3980727027846,319.7911514868516,318.26739792856176,316.8266676515449,315.46830763386055,314.1912074379106,312.99385319984873,311.87437960776657,310.83062065447575,309.86015953951994,308.9603779658542,308.12849581369244,307.36162036904443,306.6567814366755,306.01097213071114,305.4211783461944
0.0014687636992374966,381.8439727337004,381.7455032429167,381.4508309021538,380.96222783173334,380.28343334841065,379.4196089094698,378.37727251807206,377.1641991548639,375.7893169432299,374.26259810861984,372.5949189146047,370.79792138958805,368.88387539926254,366.8655259752293,364.75594683118874,362.5683970625777,360.3161762713205,358.01249168686013,355.67033125359023,353.3023483923316,350.92075238694457,348.5372207152681,346.1628117349239,343.8079020223599,341.48212517034926,339.19433568377826,336.952574665706,334.76405319176365,332.6351434503937,330.57138525835325,328.5774955961148,326.65738990080877,324.8142112935936,323.0503660099201,321.36755760899,319.766839000755,318.24865249004426,316.81288383702434,315.4589127562429,314.1856635194588,312.9916583496328,311.8750688538194,310.83376628125626,309.8653709818115,308.9673012986358,308.1368129289171,307.371047829861,306.66706910963626,306.0219016050331,305.43256121506306
0.0014737636992374966,381.43460139234367,381.3369065863785,381.0445501283778,380.55977931814823,379.8862927084396,379.0291957273726,377.9949360444339,376.79120534564674,375.42683694232585,373.9116982713367,372.2565526775261,370.47292298217576,368.57295537094797,366.56926865768753,364.4748096192639,362.30271143093955,360.0661504687463,357.77821491912573,355.45177922045514,353.0993899680562,350.73315733126327,348.36466810808116,346.00489906368324,343.6641546350479,341.35200598977815,339.07725494210223,336.8478995641661,334.6711173166847,332.55325584453726,330.49983900400764,328.51557587398287,326.6043814346324,324.76940512940615,323.0130655814339,321.3370841463852,319.74253615535895,318.2298903067913,316.7990620051289,315.44946320758953,314.1800524071477,312.9893874374719,311.8756763658522,310.83682726095356,309.8704972111354,308.97414081569434,308.1450492341305,307.3803987707506,306.6772855438445,306.0327658502241,305.4438853600756
0.0014787636992374966,381.02874566918973,380.93181698621186,380.64175083903683,380.1607700490988,379.4925329658385,378.6420897558613,377.6158187134031,376.42132935737834,375.0673614600355,373.56367906298965,371.9209340769905,370.15053166327414,368.2644959090088,366.2753209972284,364.1958283337644,362.0390266936787,359.8179706783585,357.54563079436144,355.2347692323227,352.89782690264923,350.54681587239213,348.193233137809,345.8479746113421,343.5212731916984,341.2226380858517,338.9608187500261,336.7437704326639,334.57863706959563,332.4717417444933,330.42859223874643,328.4538895295126,326.55154786579624,324.7247226768076,322.9758445862869,321.3066523193025,319.71824317236707,318.21111176243414,316.78520265317826,315.43995955756196,314.1743747081382,312.98704107923584,311.87620274520805,310.8398041621764,309.87553874964584,308.9808969829542,308.15320513266226,307.38967352897856,306.68743100943834,306.0435650701832,305.45515092131143
0.0014837636992374966,380.6263644035623,380.53019339835623,380.24239233810323,379.7651599025639,379.1021147896625,378.2582526599934,377.23988337587815,376.054535398997,374.7108562157708,373.2185078444582,371.5880322237333,369.83071837858995,367.9584698557748,365.98365777128527,363.9189797032566,361.77732152517973,359.57161749515035,357.31472178479095,355.0192855790492,352.6976452298767,350.3617157023642,348.0229050594178,345.69202909299827,343.3792497594294,341.0940147663414,338.84502154326856,336.6401827225713,334.4866088072039,332.39059830533444,330.35764281354227,328.39243501257295,326.4988881522745,324.6801633178543,322.93870275373223,321.2762621346504,319.69396027418975,318.1923172400375,316.7713062771429,315.4304023740871,314.16863102778217,312.9846198891446,311.87664859190545,310.84269755264313,309.8804961191013,308.98757026645745,308.1612810284612,307.39887244289446,306.69750577805155,306.05429947065045,305.4663580409646
0.0014887636992374966,380.22741700102637,380.1319953432146,379.84643448871304,379.37290930695565,378.7149993873942,377.87764662817904,376.8670933882237,375.6907881645082,374.3572873914305,372.87615241470473,371.25781664071746,369.5134544591291,367.6548504112511,365.6942540870132,363.6442407580935,361.51757487402153,359.32707176135517,357.08547058382464,354.805312746749,352.498831156148,350.1778446637037,347.85367325778685,345.53705333473437,343.23807649910566,340.96612941722645,338.72985782189744,336.5371319373844,334.39502892768644,332.3098227144329,330.2869886038862,328.3312107910506,326.4464012647242,324.6357264429985,322.90163981806,321.24591360182643,319.66968768387625,318.1735071220422,316.7573733715946,315.42079222331074,314.1628219695757,312.9821244797202,311.8770145045888,310.8455079991302,309.8853698408094,308.99416113230757,308.16927732603824,307.4079958518752,306.70751012275707,306.06496925915246,305.47750686329215
0.0014937636992374966,379.83186342523175,379.73718289752617,379.4538377051209,378.9839792332131,378.3311484972251,377.5002343646982,376.49741260506687,375.33005282609713,374.0066216248618,372.53658100461075,370.9302572573637,369.1987116158356,367.35361112817213,365.4070853767595,363.3715888262984,361.25976595926517,359.08431456312593,356.85786010311193,354.59283541520017,352.30137105825173,349.995190747468,347.6855272460314,345.3830382721951,343.0977456641441,340.83897550170184,338.61532214951427,336.4346136320628,334.3038938701594,332.22941219104155,330.21662750946007,328.27021535059686,326.3940861862919,324.59141145094156,322.86465551848664,321.2156067326327,319.6454256250475,318.1546817902105,316.7434044296572,315.4111296695516,314.15694813511436,312.9795554617411,311.87730108048004,310.84823606742026,309.89016043557376,309.00067004661423,308.17719443041005,307.41704409626846,306.71744431801136,306.0755746449488,305.4885975345632
0.0014987636992374966,379.43966418986474,379.3457166863448,379.06456294476186,378.5983311869978,377.9505243804372,377.1259790823148,376.1308053721863,374.9722950273299,373.65882600340524,372.19976227089126,370.6053244038546,368.88646193429713,367.054725907117,365.1221273935904,363.1010015294988,361.0038742667865,358.84332722725213,356.63187346962707,354.38183845527965,352.1052514811173,349.81374209131144,347.5184566638437,345.22997494917973,342.9582495993316,340.7125465591964,338.50140915244765,336.33262341237446,334.21320011415395,332.1493639858786,330.14655745381265,328.2094471943781,326.3419419124232,324.5472177484898,322.82774959904503,321.1853415411918,319.62117432183004,318.1358416255711,316.72939994295973,315.4014152752575,314.15101012404944,312.97691344419667,311.8775089153315,310.8508823222535,309.89486842364244,309.0070974754395,308.1850327470443,307.4260175173372,306.7273086396,306.0861158389789,305.4996302030087
0.0015037636992374967,379.05078035070517,378.9575578751233,378.6785717004163,378.21592720099324,377.5730898138847,376.75484449498794,375.7672365194935,374.61748087644276,373.3138680575224,371.86566529008667,370.28298880550926,368.57667786951737,366.75816899168547,364.8393562068729,362.8324567789091,360.7498795456525,358.60409131791687,356.4074940227898,354.1723069264276,351.91045913560185,349.63348697757135,347.35245127585245,345.07785451624966,342.81958073965626,340.58683620440087,338.38811351895555,336.23115693424865,334.122944179097,332.06967538071706,330.0767763840388,328.1489048428283,326.2899674506745,324.5031447504115,322.79092180847704,321.1551180438644,319.59693399879166,318.11698700836695,316.7153604015899,315.39164960096184,314.145008534045,312.97419903424344,311.8776386033793,310.8534473272781,309.89949432465625,309.0134438847449,308.19279268180514,307.43491645720565,306.7371033645841,306.0965930538101,305.51060501877186
0.0015092636992374967,378.6269670431905,378.5345325680556,378.257902250924,377.79915670955404,377.16172071322035,376.3503232995244,375.37093951211546,374.23070111270647,372.93780378328154,371.50140986816416,369.9315224582318,368.2388612334156,366.4347384617779,364.5309211938649,362.5394987694114,360.4727528880404,358.343025682679,356.1625983552086,353.9435747634609,351.6977750838157,349.4366342438971,347.17111994973834,344.91165053674524,342.66803526204126,340.4494152664283,338.26422776346516,336.1201712960112,334.02418736387,331.9824490348273,330.00036380716296,328.08257920573817,326.2329994236429,324.4548094868066,322.7505052308066,321.12192248609335,319.57028307086586,318.09622981299907,316.6998750275987,315.3808459600072,314.1383305695952,312.97112633032657,311.87768743958475,310.8561712274806,309.9044841479571,309.02032749521345,308.2012342883795,307.44461560981915,306.74779370906236,306.1080408519709,305.52260751085436
0.0015153136992374968,378.165493622961,378.07391461051196,377.7998418712917,377.34532923623624,376.7137574703486,375.909795101345,374.9393411677453,373.80943735220035,372.5281767082481,371.10460803009846,369.5486118968615,367.8707784712533,366.0822854311232,364.1947622303588,362.22015955438883,360.17062125693155,358.0583542453352,355.89550873222834,353.69406330097104,351.4657198281725,349.22180306001644,346.9731794577947,344.7301757960916,342.50251989380394,340.2992819073699,338.12883858749535,335.9988385041006,333.91618345565644,331.88701675170614,329.91672558673497,328.0099461058149,326.1705794129695,324.4018150416737,322.70616017968325,321.0854681599301,319.54098361273464,318.073376787524,316.682791247089,315.36888859915564,314.13089359928745,312.9676422997806,311.87762865662455,310.859050387922,309.90985446627025,309.02778237565406,308.21040663573785,307.4551767639327,306.75945211463267,306.12054047021337,305.5357260569745
0.0015219686992374967,377.66349638354853,377.5728449111699,377.30154527616196,376.851622371496,376.2264094222475,375.430509579829,374.4697397571108,373.3510442922911,372.0824053169827,370.6727488784099,369.13182309545266,367.4700780652486,365.69854587771795,363.8287071051575,361.8723623605528,359.8415062488866,357.7481992100175,355.60444951758706,353.4220999444322,351.2127240504774,348.9875269997869,346.75726529647267,344.5321661973302,342.32186892426137,340.13536632375434,337.98096920454907,335.86627153687107,333.798131633657,331.78266008570483,329.8252216143371,327.9304395701902,326.1022112626757,324.34373068491055,322.6575169295206,321.045441932086,319.5087747163172,318.04821496015177,316.6639398432419,315.355648008838,314.1226039292243,312.9636853480045,311.8774292336912,310.86207703936293,309.9156196522645,309.03584214978923,308.22035993031704,307.4666642637738,306.77215484054517,306.13417807868933,305.55005494747064
0.0015292891992374968,377.1179884086153,377.0283412559594,376.76004431946296,376.3150912838206,375.6967641022803,374.9095954125047,373.95931353873016,372.8527578004944,371.5977906441598,370.2032056478941,368.67860794862247,367.0342964155111,365.28114590540304,363.4304761514266,361.4939255861163,359.4833274636998,357.41058381417025,355.28754932822534,353.1259197513864,350.93712964937754,348.7322545694056,346.5219317436663,344.3162803888277,342.1248434464457,339.9565296473179,337.8195779457059,335.7215227007969,333.66917462107057,331.66860833374363,329.72516368326455,327.8434496261326,326.02735883443637,324.28008962184146,322.6041734909151,321.001502073669,319.47337039994704,318.0205096496626,316.6431330864723,315.34097918832464,314.11335521538655,312.9591838872475,311.87704862817304,310.86523817676004,309.9217909454612,309.0445392310801,308.2311449164203,307.4791445710667,306.78598168202984,306.14904464911524,305.56569439591175
0.0015373417492374967,376.52587371093637,376.4373123984823,376.1722619398471,375.73268242592246,375.12180061640464,374.34407323536095,373.4051332234359,372.3117068104099,371.071527537115,369.6932462787378,368.18631410851464,366.56086690384444,364.8276100074024,362.99768969279296,361.08256942204105,359.0939083028277,357.04343731516303,354.94284522844976,352.8036688601759,350.63719243752723,348.45435121284436,346.2656532173042,344.0811005250196,341.91013157215474,339.761563668742,337.64355754774965,335.5635825391628,333.52839727018886,331.54403685159855,329.6158135890856,327.74832023668955,325.94544382635513,324.2103867400239,322.5456933269218,320.9532759836727,319.43445737298407,317.9900023011329,316.6201626673412,315.3247196980298,314.1030266537735,312.95405467942385,311.8764372825672,310.8685142385074,309.928375309085,309.0539038597872,308.2428120936712,307.49268566092434,306.8010155408073,306.16523569448515,305.5827504412536
0.0015461995542374967,375.88396624476127,375.7965770125336,375.53503093453475,375.10125201360546,374.49840771492234,373.7308732010433,372.80417891970376,371.72492956326494,370.5007201121749,369.1400480166032,367.6521986687095,366.047132613135,364.33537278470664,362.52787873615137,360.63592550646536,358.67098458406434,356.6446025747501,354.56828930395267,352.4534100827271,350.31108679085196,348.1521030628115,345.9868271796745,343.8251343811019,341.6763498182438,339.54919155990643,337.45173527780054,335.39137942652224,333.3748256942035,331.4080657897635,329.4963815346531,327.644347437623,325.8558437016691,324.13407638612614,322.48160303065634,320.90035781568554,319.39169265562015,317.95640813830374,316.5947974163696,315.3066874770929,314.0914809215987,312.9482009224354,311.8755348732973,310.87187753120605,309.9353740405946,309.0639629057023,308.25541071532507,307.50735621636505,306.8173418139914,306.18285084840295,305.6013347118083
0.0015559431397374967,375.189014438381,375.1028881525341,374.84511820431885,374.41758991498875,373.8234071903941,373.0668577565427,372.15336217047485,371.0893947929812,369.8824019881272,368.5407166067929,367.0734462443416,365.49036323225164,363.8017946285101,362.0184993984337,360.1515500765114,358.21221641265953,356.21184665678595,354.16175800568794,352.0731310255282,349.95691258792294,347.8237227490365,345.68377887313835,343.54681908144124,341.4220458984669,339.3180698040841,337.2428740797227,335.2037800109149,333.2074270854244,331.2597593674018,329.36602493809846,327.53077775546706,325.75788978985224,324.0505702193752,322.4113899961736,320.84230602665093,319.3447010610281,317.9194136294663,316.56678079873956,315.286678406675,314.07856184371406,312.9415100491306,311.874268266672,310.87529036237447,309.942781096456,309.07473839616637,308.2689875269052,307.52322458147455,306.8350475625705,306.20199324691094,305.6215640160195
0.0015666610837874967,374.43773188951553,374.3529638636305,374.0992551089122,373.6784495849828,373.0935832306171,372.34885026158497,371.449553693302,370.4020284555681,369.21356188498277,367.89231065639746,366.44719200654237,364.8877766873072,363.2241818888848,361.46695156953575,359.62694109846365,357.71520376756786,355.7428748736048,353.72106467489493,351.6607551252954,349.5727048006164,347.4673575993659,345.35476819685266,343.244526725442,341.14570317888297,339.0667915667004,337.0156749500393,334.99959068733307,333.0251103799657,331.09812582194763,329.223847759932,327.4068070025686,325.65086563697633,323.9592352007657,322.3345001255394,320.7786408757544,319.2930725545416,317.8786737696298,316.5358281761734,315.2644636022109,314.0640917598401,312.93385120814753,311.8725491461653,310.8787028414067,309.9505810887128,309.08624572519045,308.28358520017207,307.5403574282491,306.85422041526175,306.2227686699908,305.64355971913557
0.0015784508222424967,373.62683481895107,373.54352453632174,373.294174525779,372.8805846352825,372.3057183128769,371.57367002867,370.68961739827137,369.65974656951545,368.49117514561857,367.19187171160337,365.7705502066178,364.2365660215587,362.5998120374734,360.8706023033458,359.0595598511129,357.17750625921184,355.2353487178498,353.24397566536527,351.21415599373694,349.15644610791685,347.0811005822589,344.99799904924924,342.9165722113692,340.845747072845,338.7938917581405,336.7687807704212,334.7775603053891,332.8267279482063,330.9221181906575,329.06890048333906,327.27157956191854,325.53400569791916,323.8593917915801,322.2503356278718,320.7088419127874,319.2363595141887,317.8338091897077,316.5016238345993,315.2397864225588,314.0478685713188,312.92507239754354,311.87027127547793,310.8820503081008,309.9587469087624,309.0984914963327,308.2992404133801,307.55881808733625,306.87494715807526,306.24528439395436,305.66744685852154
0.0015914195345429966,372.7530867832622,372.6713375063017,372.42665511269576,372.0207925393405,371.45663613775554,370.7381742813834,369.870451178095,368.8594946586801,367.71224166809935,366.43646053334976,365.04064866751327,363.5339319947283,361.9259642869803,360.2268143903366,358.4468574050401,356.5966674894396,354.68690809691884,352.7282304651993,350.73117545738813,348.70608290127416,346.6630043403383,344.61163146609874,342.5612235672048,340.52055366313107,338.49785405405305,336.5007818396868,334.5363843313998,332.61107850850794,330.73063609904534,328.9001809004273,327.12418829291505,325.4064944806736,323.7503124514691,322.1582529816273,320.6323455094357,319.174073929456,317.78440311435656,316.46381778539103,315.21235919142117,314.0296624518042,312.9149972261192,311.86730736420424,310.8852503488885,309.967236933121,309.1114709500283,308.3159815256253,307.5786644886758,306.8973119547872,306.2696477000069,305.6933529437536
0.0016056851180735467,371.8133509966625,371.7332692499982,371.4935731258035,371.09596582614597,370.5432519590633,369.8393073908304,368.9890348338596,367.9982941649457,366.8738306196929,365.62319994578615,364.25466961992214,362.77712178124,361.1999560480966,359.53298049230364,357.7863063769847,355.970244389848,354.095198241567,352.1715661832207,350.20964564952374,348.2195450285665,346.2110986503315,344.1937968760884,342.17671509546915,340.1684608417049,338.17712014590484,336.2102233592357,334.27471069908677,332.37691147799154,330.52252874915735,328.71663587632366,326.96367520890493,325.2674662727916,323.6312205457595,322.0575611500723,320.5485425045269,319.1056845913899,317.729998204769,316.4220223609086,315.181859637509,314.0092122154912,312.90342128459224,311.86350550826336,310.88819936436903,309.9759917676313,309.1251649260495,308.3338257914825,307.59994665499346,306.921394139163,306.2959639787426,305.72140638110034
0.0016213772599571517,370.80465039594657,370.7263453109511,370.4919619318065,370.10315090720974,369.56263046211,368.87415755206723,368.0424853095502,367.0732960162793,365.97313213161715,364.74932447053067,363.40989711015186,361.96347400835793,360.4191854781112,358.7865631057777,357.07543823678446,355.29584182529004,353.4579015829316,351.5717466996636,349.64741545684547,347.694769580075,345.7234116110834,343.74261677143284,341.76126362297896,339.78778224922974,337.83010149291374,335.8956151300697,333.99114759230235,332.12293298750916,330.29659931727616,328.5171642821565,326.78903309826217,325.1160056019864,323.5012897941015,321.94752016222156,320.45677605602236,319.03061434787907,317.67009334208393,316.3758086427626,315.14792707573116,313.9862213502477,312.8901081203884,311.8586851866512,310.89076865891957,309.9849304915481,309.1395363146225,308.35277606295386,307.6227036899997,306.94726551688075,306.3243343658044,305.75173445597625
0.0016386386160291172,369.7242352936779,369.647817804288,369.4190790678349,369.039614400548,368.51205106817326,367.84002079593733,367.0281191514016,366.0818412895379,365.0075159393324,363.8122367386149,362.50377099976663,361.09047018287214,359.58118019838275,357.98514045918716,356.3118862986983,354.57115261947405,352.7727747779022,350.92659668161025,349.0423815392126,347.1297289495128,345.1979948042727,343.2562250464493,341.31308811344707,339.3768242739313,337.4551938334474,335.5554437149344,333.68427340592547,331.84781379696875,330.0516109849097,328.300621306465,326.5992082825446,324.9511486070887,323.3596444182875,321.82734019803684,320.35633981914737,318.9482375240671,317.6041404321548,316.32470278483714,315.1101583734643,313.9603537426558,312.8747848271038,311.85263281084843,310.8928000353362,309.9939463724771,309.1545259566403,308.37281693007645,307.64696020498457,306.97498711457433,306.35485284116646,305.78446080209795
0.0016576261077082793,368.56965809936776,368.49523998222406,368.2724803413862,367.90291645969546,367.3890801946362,366.734471892647,365.9435217801906,365.0215285922412,363.97459663235765,362.80957038680725,361.5339473085978,360.1557923042267,358.68365202551354,357.1264582354148,355.4934343346882,353.7940029845886,352.0376909069243,350.2340405266522,348.39252402200503,346.52246330214325,344.6329525883175,342.7327941888118,340.8304328475056,338.9339063298378,337.0507946869759,335.1881873034578,333.3526491254821,331.5501993503817,329.7862948376762,328.06582437165287,326.3931047274773,324.7718855217533,323.2053601762164,321.696181347769,320.24647660219324,318.85787764021427,317.5315413442925,316.26818232384613,315.06810377502615,313.9312291489098,312.85713728414805,311.8450968449074,310.89410089616945,310.0029020387399,309.17004796582626,308.3939102607625,307.67272213356273,307.00460531639385,306.3876027245173,305.81970228327214
0.0016785123485553576,367.3388541482221,367.2665469045625,367.0501000274443,366.6909901864565,366.1916495792398,365.555441292877,364.7866227666048,363.89028740402665,362.87230481032157,361.7392587955197,360.49836432236475,359.1573861519227,357.72455727217886,356.2084867443649,354.6180705025083,352.96240311467983,351.250686668619,349.4921461208065,347.69594680509834,345.8711174476121,344.02647557194604,342.1705654136274,340.31159429850527,338.4573845753341,336.6153240344127,334.79233348935765,332.99483335028333,331.2287222058351,329.4993598726702,327.8115608967733,326.16958974447755,324.57716450121774,323.0374665015159,321.55315425127395,320.12637768974207,318.7588055987622,317.4516451362991,316.2056726093144,315.02126269525695,313.8984185013256,312.8368051153566,311.8357825445449,310.89443888039693,310.0116241191318,309.18598446532417,308.41599011618564,307.69997189615026,307.03614733641507,306.4226525033275,305.85756521414675
0.0017014872134871438,366.03022717212446,365.96014075455025,365.75033572009556,365.4022257127036,364.9181392923227,364.30129677884327,363.5557758398596,362.68645617406406,361.69896301496993,360.59960861771515,359.3953134991025,358.09352937004473,356.70216183175876,355.22948285239556,353.6840459883583,352.07460243446985,350.41001415277447,348.6991730790178,346.9509222395446,345.1739819465274,343.3768781688857,341.56788270812115,339.75495173167883,337.9456791525822,336.1472483033334,334.3664001250612,332.60940015723565,330.8820170624797,329.18950535471197,327.53659815907355,325.9275015412938,324.3658970514215,322.8549500039682,321.39732186394144,319.99518306765776,318.6502385594423,317.3637457664911,316.13654353346345,314.9690796409258,313.861439186372,312.81337647911124,311.824346404266,310.8935361011854,310.0198973931228,309.20217975992387,308.4389570421764,307.72866289516026,307.0696159898287,306.460050939984,305.8981408513123
0.0017267595649121084,364.6427373983562,364.5749787925497,364.37213585188897,364.0355569987669,363.56746353191164,362.97092797983424,362.24984185525443,361.4088634817644,360.4533648364598,359.38937659624105,358.22351377768064,356.96290306341365,355.6151098764128,354.1880556158651,352.6899374299934,351.1291486877934,349.5141964924683,347.8536248826408,346.1559396958854,344.429538079099,342.68263996031493,340.9232306050792,339.1590014288696,337.39730492611113,335.6451077041962,333.9089593591994,332.1949599615887,330.508738583122,328.8554357541076,327.23969551297216,325.66565889887517,324.1369653489119,322.6567596238812,321.2277026410736,319.85198283499386,318.53133977615215,317.2670805509318,316.0601068002875,314.9109404775342,313.81975048792583,312.7863828582266,311.81039045430975,310.8910630995474,310.0274585392575,309.2184340049679,308.4626717716401,307.7587133508878,307.10498374904927,306.49982142170364,305.9415000975842
0.0017545591514795697,363.17598970100113,363.110661380569,362.91508733815476,362.5905488455662,362.139156753988,361.5638313742253,360.8682724259339,360.0569100618356,359.13485510206414,358.1078476947106,356.98218743899645,355.76466518833683,354.4624945892888,353.0832341809126,351.6347118259399,350.12494971532976,348.5620863879894,346.9543040470538,345.3097572938492,343.6365060770563,341.9424503914958,340.23527532940483,338.5223942930136,336.81090557581945,335.10754686454936,333.41866488602363,331.7501834758356,330.10758217585305,328.49587848168755,326.91961922489935,325.38287326621605,323.88923176766855,322.44181377251454,321.0432754809955,319.6958201441026,318.4012197314183,317.16082969047534,315.9756140422019,314.8461693294035,313.7727494595969,312.75529408656683,311.7934566153315,310.8866326912215,310.0339896275512,309.2344964857855,308.4869484199669,307.7899995286541,307.14218610476667,306.54195554386104,305.98768738211317
0.001785138696703777,361.6303187038641,361.56751698541245,361.37950028073925,361.0674810990778,360.6334571775634,360.0801928948408,359.411191428237,358.6306490097612,357.7434085830016,356.7549121088421,355.67113522800764,354.4985235958397,353.2439289452675,351.9145361254922,350.517792271813,349.06133642925,347.5529261767627,346.00036915851933,344.41145579423863,342.7938957766589,341.15525611139327,339.502908770371,337.8439764204608,336.18529075879843,334.5333485920404,332.894282343478,331.2738287985179,329.67730785033757,328.1096046093875,326.5751601737325,325.077963573404,323.62155095293645,322.20900982831967,320.84298681666303,319.5256960696979,318.2589389718503,317.044117266097,315.8822561710015,314.774026482053,313.71976757220955,312.7195139311809,311.77302139871836,310.87979396094806,310.0391115742109,309.2500586887071,308.51154731639036,307.82234846182786,307.1811142984829,306.5864059559046,306.0367137092363
0.001818776196450405,360.0068672995265,359.9466806343719,359.7664862328676,359.46742659484613,359.0513842760147,358.52096482991436,357.87947116992166,357.1308610692638,356.2797042472962,355.33113832528625,354.2908080541155,353.164806205201,351.95961418659925,350.68203406508223,349.33912252504456,347.9381251690515,346.48640781784616,344.99139233278,343.4604933873727,341.9010586054094,340.32031004099986,338.72529453186837,337.12283205222855,335.5194759009472,333.92147046719236,332.3347226901872,330.7647715811514,329.2167672031157,327.69545272473306,326.20515464692465,324.74977406244443,323.3327847990118,321.9572363914995,320.625760292464,319.34057686690556,318.10351311774446,316.9160141792886,315.7791644348053,314.6937077455379,313.66006857506164,312.67837664235594,311.7484913334242,310.8700267490865,310.0423778641146,309.26474742681165,308.53616769017765,307.8555303440756,307.2216075537633,306.6330785509995,306.08854891169335
0.0018557774461716958,358.30765477168455,358.25016201960545,358.0780262482179,357.79231911027205,357.39480658438254,356.8879334281564,356.2747997247322,355.5591216155291,354.74519179717583,353.8378391045266,352.84237229671714,351.7645254956954,350.61040335185675,349.38641805896606,348.09922811976463,346.75567734992245,345.36273089503584,343.9274153935369,342.456759870087,340.9577395864229,339.4372210427807,337.90191511650005,336.35832813700705,334.81272402038223,333.27108382813367,331.739078273672,330.22203812472935,328.72493351078947,327.25235601318997,325.80850842863026,324.3971954215099,323.02182069288074,321.6853887220267,320.3905095017766,319.13940413185,317.93392058641325,316.7755435917597,315.66541373922416,314.6043458310903,313.59284810836283,312.6311449858964,311.7191996033083,310.8567370779548,310.0432689464835,309.27811837950173,308.5604405209317,307.88925084771006,307.2634450089161,306.6818241470041,306.143113200508
0.0018964788208651157,356.5356306516638,356.48089938999294,356.3170248766381,356.04500752637557,355.6664960790396,355.1837735341719,354.5997358441553,353.9178558439316,353.1421471133499,352.2771271358217,351.32776560175444,350.29943435155064,349.19785705269885,348.0290511802349,346.7992715715822,345.51495412657573,344.1826565498974,342.80900287419865,341.40062850890234,339.9641278528667,338.5060028774277,337.03261912089147,335.55015957032214,334.064588828433,332.58161456740345,331.10666117585953,329.64484114823546,328.20093481923493,326.7793725906587,325.3842243239115,324.01918947556646,322.6875933721783,321.39238779148553,320.1361542838669,318.9211084179675,317.74911362366475,316.62168948712554,315.5400288712313,314.5050143835294,313.5172357022364,312.5770103757039,311.6844044864259,310.83925407435675,310.0411878178924,309.2896505114154,308.58392196459704,307.92314372157557,307.3063376431594,306.73242988722427,306.2002681750763
0.0019412503330278777,354.69471065792425,354.6427955851576,354.48734647883145,354.2292926007847,353.8701655727066,353.412086750283,352.8577480073434,352.21037880198804,351.47371333240454,350.65195719055697,349.74974010715033,348.77207032060414,347.72428869214536,346.61201558647764,345.4410991618248,344.217563723195,342.94755516393553,341.63728983704806,340.29300376355076,338.9209040304395,337.52712099197703,336.11766717311707,334.69839402679946,333.2749582088276,331.85278502111925,330.4370432903469,329.0326178507977,327.6440898092545,326.2757190156363,324.93143318683065,323.6148176276452,322.329110705541,321.0772033573033,319.86164107537996,318.6846268758935,317.54803326968084,316.4534090250979,315.40199432663155,314.3947353872324,313.43229988404926,312.5150958201576,311.6432902900855,310.81682905192315,310.03545741654364,309.29874194645896,308.6060878754953,307.95676412715966,307.349920588322,306.78461068250556,306.25980754184013
0.001990498996406916,352.7897915873834,352.74073308344134,352.5938307407514,352.34994324781985,352.01048604231414,351.57742007077405,351.0532345911308,350.44091729030237,349.7439246353905,348.9661519134194,348.11189030740354,347.1857855777152,346.1927965064334,345.138146574631,344.0272768965039,342.8657991467451,341.6594456389529,340.41402249989505,339.13536301038295,337.82928278432684,336.5015355989158,335.15777524002294,333.80351518495604,332.4440970480475,331.08465609730047,329.730097450574,328.38506975583437,327.0539460913558,325.7408067915647,324.4494284127255,323.18327315133894,321.9454836254184,320.7388814069918,319.56596776871913,318.428925460255,317.32962887944774,316.26964937059967,315.25026847111707,314.27249070857664,313.33705717551015,312.4444624683213,311.594971558942,310.7886375092087,310.0253205507595,309.3047079762971,308.62633005059774,307.9895832777164,307.39374632241083,306.8380011168214,306.3214478851414
0.002044672526123858,350.82674283906493,350.7805657436445,350.64228506554787,350.4126900006612,350.09308156156214,349.6852626578356,349.1915228284043,348.61461130245624,347.9577104232212,347.2244089379418,346.41866326139495,345.54476032232867,344.60728019419867,343.6110524281055,342.56111350335095,341.462664213709,340.3210242842441,339.14158976943065,337.9297904672547,336.6910488459845,335.43073948604695,334.1541538783064,332.86646306093223,331.5726882828491,330.2776686643433,328.9860387885562,327.70220367729297,326.43032043006997,325.17428151801096,323.93770370753657,322.7239172957364,321.5359603152607,320.3765762057362,319.24821343130907,318.1530261659643,317.09288275580957,316.069369637353,315.08380274131,314.1372385330896,313.2304857744391,312.36412057244485,311.5385013793737,310.7537848592941,310.009943156378,309.3067819642405,308.64395491160553,308.02098504015476,307.4372793398379,306.89214833843334,306.38481993331027
0.002104263408812494,348.8123732961317,348.7690859617979,348.63945255015096,348.4241943396686,348.124500491303,347.742019374685,347.2788451274745,346.7374935302347,346.1208783575208,345.43228775787935,344.6753495303831,343.8539979575062,342.972440447506,342.035118346726,341.04666874403745,340.01188616600734,338.93568159832427,337.82304399514743,336.6790016747424,335.5085849306389,334.316789038967,333.10854199663333,331.88867011751216,330.66187094288125,329.43268310025303,328.2054653568937,326.9843729803722,325.7733402154072,324.576064156867,323.3959937501429,322.23631896748185,321.09996456126385,319.98958699767115,318.90757306891885,317.8560396008803,316.83684031490895,315.8515684664012,314.9015664935744,313.9879353781103,313.11154466008065,312.27304564837357,311.4728845890417,310.71131671177835,309.9884217010212,309.30411994532324,308.65818539504306,308.05026522695584,307.479892971491,306.94650654596296,306.4494608572028
0.002169813379769994,346.7543734669419,346.71396713474167,346.5929554119206,346.3919937091448,346.1121626912586,345.7549607665063,345.3222923580663,344.81644644487295,344.2400756752753,343.5961756557548,342.8880540386625,342.11930113506037,341.29376036543033,340.41549334291756,339.4887458370048,338.51791359517165,337.507505601656,336.4621095532018,335.3863571128784,334.2848901124144,333.1623270492782,332.02323372677193,330.8720917896682,329.7132738906231,328.551015782547,327.3893968869713,326.2323181162575,325.0834852792611,323.94639363916656,322.824317108264,321.720297490225,320.6371379109298,319.5773991449045,318.543397356316,317.53720295242704,316.5606459688912,315.6153175427354,314.70257791134077,313.8235641870844,312.97919871006343,312.17020048963,311.39709660013233,310.66023445314636,309.95979550343577,309.2958096979704,308.6681668184849,308.0766343252627,307.52086906813486,307.00043373773224,306.51480821433466
0.002241918347823244,344.66123395142216,344.6236824844285,344.5112148823991,344.32442317898347,344.0642836264685,343.7321502588654,343.32974475131493,342.85913746346404,342.32272913508433,341.7232328850472,341.06364688536604,340.34722852403934,339.57746843640126,338.7580596229322,337.89286734918807,336.9858988825482,336.04127079050045,335.06317820807203,334.05586379655216,333.0235874148607,331.97059600159974,330.9010970536596,329.81923005537175,328.72904388815954,327.63447117058826,326.53931037792063,325.44720518753434,324.36162889315244,323.2858697443159,322.22302044862,321.1759676021353,320.1473849276369,319.1397291279294,318.1552368966065,317.1959230478949,316.2635845620945,315.3598010184808,314.485941065151,313.64316871697696,312.83245014754647,312.05456344908447,311.3101083327181,310.5995166907567,309.9230645876999,309.2808849471115,308.6729774084223,308.0992243602515,307.5594012424481,307.05319140536244,306.5801961938826
0.0023212338126818188,342.54214231366,342.50740230900385,342.4033495899462,342.2305157000493,341.98977721699566,341.68235029615215,341.3097819868806,340.8739336033177,340.37696480951473,339.8213181175026,339.2096949045856,338.54503287775793,337.8304834385716,337.0693845762087,336.26523445701207,335.42166484021567,334.5424121912707,333.63129053961563,332.69216396175005,331.72891957242587,330.74544065917837,329.74558291096776,328.73314866870265,327.71186654271287,326.6853679918207,325.65717101182076,324.6306610475651,323.60907648113914,322.5954948373966,321.59282269832903,320.6037854371922,319.6309203907618,318.6765723733851,317.7428901016182,316.83182373446533,315.9451277250358,315.0843603471645,314.2508887695557,313.44589399954685,312.67037623071116,311.92516302461206,311.2109174099919,310.52814681724374,309.8772134226866,309.258345130462,308.67164399005026,308.1171004486522,307.59460226827116,307.10394780040815,306.64485480965925
0.002408480824026251,340.4068611985331,340.37487248255945,340.2790552056025,340.1198836491327,339.8981400183863,339.6149098708864,339.2715747549695,338.8697977249244,338.4115096156382,337.8988958205806,337.33437539646184,336.7205815677817,336.06034216405465,335.3566560115046,334.61266994715066,333.83165565770304,333.01698436141925,332.17210303230286,331.30051020321724,330.4057321033414,329.49129888720347,328.56072350101886,327.6174786569208,326.66497860000226,325.7065578940926,324.7454566768057,323.7848031615367,322.8276002479712,321.8767126626481,320.93485737827973,320.0045937567904,319.08831677510483,318.18825232951025,317.3064532173633,316.44479622134406,315.6049839190283,314.7885434418123,313.9968302963469,313.2310320869317,312.4921725477298,311.7811182639101,311.09858527975956,310.4451465041291,309.82124049346066,309.22718080453126,308.6631630362251,308.12927735026324,307.6255160447894,307.1517852705676,306.7079126152754
0.0025044525365051267,338.26559099664416,338.2362774922477,338.14846859429906,338.0025848285179,337.79931979114286,337.5396363667928,337.22476055368895,336.85616893609205,336.4355769451221,335.964927694194,335.446373907761,334.8822611971424,334.275111300509,333.62760168512415,332.94254570821784,332.2228726089699,331.47160549555326,330.69184069399125,329.88672664744684,329.0594430055455,328.21317976752744,327.3511186521188,326.4764126738947,325.59216997949136,324.7014347841358,323.8071741701246,322.9122621804172,322.0194675809239,321.13144198714394,320.2507108664081,319.3796641813734,318.52054977812077,317.6754686023561,316.8463703764354,316.0350503570128,315.24315025585196,314.4721563706753,313.72340230282447,312.9980715981102,312.29720060205057,311.62168384939986,310.9722793044921,310.3496143511924,309.75419311597466,309.1864042849916,308.64652685001886,308.1347409664887,307.65113424260574,307.1957119424319,306.7684033695407
0.0026100214202318898,336.12882059897754,336.10209154005486,336.02201995642696,335.88897633499715,335.70357177637555,335.4666549082733,335.17930676375295,334.84283002360445,334.45873906072813,334.0287506117456,333.55476826445425,333.0388682341307,332.48328513377817,331.8903944933136,331.2626957825215,330.60279527743785,329.91338707792676,329.1972353266834,328.45715596602554,327.6959985679804,326.916628192566,326.12190910803554,325.3146868263585,324.4977739076415,323.6739329687735,322.84586498162474,322.01619493793805,321.18746077279724,320.36210250882357,319.5424539021813,318.73073366174106,317.9290390944637,317.13934134351837,316.3634808901927,315.6031641064447,314.85996343790885,314.13531504354034,313.43052056056166,312.7467488070149,312.0850376044465,311.4462979731541,310.8313181385096,310.2407682311913,309.67520626532087,309.13508452923884,308.6207541305238,308.1324742790579,307.6704173676264,307.2346777264373,306.8252768623802
0.002726147192331329,334.0071699294822,333.9829213852908,333.91027659939175,333.7895598772254,333.621306171553,333.4062586010408,333.1453642521118,332.8397650069862,332.49078917339966,332.0999437763759,331.66890134183825,331.199487905738,330.6936710443797,330.1535450170978,329.5813163652772,328.97928937144303,328.3498498270012,327.6954498594499,327.0185922982479,326.3218150224432,325.6076753208705,324.8787357940975,324.1375486878409,323.38664354648176,322.62851219439943,321.86559847074676,321.1002854239162,320.33488538541064,319.5716301428133,318.81266327186574,318.0600319883483,317.31568112959667,316.581448510429,315.8590603675891,315.1501278176932,314.4561464472587,313.7784935916991,313.1184292969248,312.47709722661466,311.8555255991264,311.2546303306954,310.67521794863853,310.1179891368562,309.583543495049,309.07238462603266,308.5849235876378,308.1214867055937,307.68231953706584,307.26759425932283,306.8774138376425
0.0028538855416407123,331.91122815789805,331.8893448197698,331.82378220001533,331.71482235023393,331.5629305418871,331.36875330456843,331.1331150282739,330.85701019885767,330.54159642239523,330.1881881298809,329.79824540163077,329.37336394928263,328.91526514303644,328.4257834897237,327.9068545258388,327.36050258996437,326.7888270600289,326.1939895246551,325.5782005050891,324.9437060898731,324.2927745742758,323.627684363772,322.950710429942,322.2641136789785,321.5701277882296,320.8709502970148,320.1687312690613,319.46556448666274,318.7634786436914,318.0644303871003,317.3702968395334,316.6828699782623,316.00385218871725,315.3348517546698,314.67737931856186,314.03284701397627,313.4025655050709,312.78774428893695,312.18949194685814,311.60881634091766,311.0466268487305,310.5037363280263,309.9808636482147,309.47863736453616,308.99759963514725,308.538208697898,308.10084533237045,307.6858158110958,307.2933580213705,306.9236446499992
0.002994397725881034,329.8513918635658,329.8317490372208,329.772895791623,329.6750758544323,329.5386912889,329.3643009722273,329.1526178828975,328.9045025737563,328.62095741045175,328.3031214934779,327.95226127889765,327.5697622848285,327.1571208635329,326.7159337367354,326.247887909298,325.7547504828072,325.2383570865163,324.70060113168483,324.1434226370181,323.56879691750237,322.9787232758438,322.375214720149,321.7602863569572,321.1359463293775,320.50418437676655,319.86696418648296,319.2262134452368,318.58381610587594,317.9416045730641,317.30135345917125,316.664772796723,316.03350285803174,315.4091099690441,314.79308213234776,314.1868255717065,313.5916635303319,313.00883317983994,312.4394853990562,311.88468450159735,311.34540783286326,310.8225472377367,310.31691022100335,309.8292216079557,309.3601262716721,308.9101920199564,308.4799112219613,308.0697060500542,307.6799305338243,307.3108755276114,306.9627710129338
0.003148961128545388,327.8377078767518,327.8201736147554,327.76763516740607,327.68030180660764,327.55851876125604,327.402766062756,327.2136564110473,326.99192972588736,326.7384484309222,326.45419341137443,326.1402562005115,325.79783217694535,325.4282138439569,325.032782157764,324.6129982012367,324.1703947779508,323.7065667703884,323.2231622236998,322.7218730273412,322.2044254275439,321.6725705438806,321.12807571111506,320.5727146187161,320.0082596661254,319.43647210286485,318.8590955349957,318.27784727203726,317.6944116037582,317.1104329346912,316.5275102424717,315.9471909814206,315.37096636863413,314.80026750374003,314.23646119490894,313.68084665347465,313.13465406741363,312.5990414750899,312.0750941452059,311.5638239034219,311.06616826252485,310.5829912591291,310.11508395081967,309.66316534730856,309.2278843297224,308.80982165050057,308.4094908382301,308.0273423575758,307.6637648880575,307.3190892599788,306.99358998480466
0.0033189808714761773,325.87972581804786,325.8641631186714,325.81752968739767,325.7400040884072,325.6318808941634,325.49356983230325,325.3255941337514,325.12858601455116,324.90328285067943,324.65052400514486,324.37124436581587,324.06646881698805,323.7373068054009,323.38494521414816,323.01064155194535,322.61571708204565,322.20154885464524,321.7695623781914,321.3212239194617,320.85803261589683,320.3815125954021,319.89320575399654,319.3946634504843,318.88744012346814,318.3730848628031,317.8531359572203,317.3291134328514,316.80251326564274,316.27480140729654,315.74740891947255,315.22172655389124,314.69910051449983,314.1808289124377,313.6681578484207,313.16227830746607,312.66432460192993,312.17537129045223,311.69643227086084,311.2284598168331,310.7723433635294,310.32890984106996,309.898923642459,309.4830869618587,309.08204104185455,308.69636742849735,308.32658828237516,307.97316959829976,307.6365218338153,307.31700294236265,307.014919247492
0.0035060025887000456,323.98636512136216,323.9726341132185,323.9314872469533,323.8630759554362,323.76765005141493,323.64555711736966,323.4972412492896,323.3232393341051,323.12417797484215,322.9007710373536,322.65381434294335,322.3841812164836,322.09281813756076,321.78073893209194,321.449019251388,321.09879100829147,320.7312358473855,320.34757917713125,319.94908386392325,319.53704373118455,319.11277706971373,318.6776206685032,318.2329228769706,317.7800383296242,317.32032079768095,316.8551186609651,316.38576852739027,315.91359029840544,315.43988201871844,314.96591564792425,314.4929322891521,314.0221384228148,313.55470271135925,313.0917523754291,312.63437032370956,312.183593544473,311.7404101349996,311.30575820514986,310.8805247219219,310.4655440603234,310.0615979507824,309.6694150422567,309.28967077609025,308.9229880909346,308.5699380703894,308.2310397843179,307.90676270920807,307.59752683032895,307.3037049028543,307.0256227872931
0.0037117264776463004,322.16580022984925,322.1537602581966,322.1176790821262,322.05768436476035,321.9739867029318,321.86687920898424,321.7367365740786,321.5840120195086,321.4092348467258,321.21300857085595,320.99600659038373,320.75896863397696,320.50269731538873,320.22805343587106,319.935951547861,319.6273554908017,319.3032730819282,318.9647513004236,318.6128711673288,318.24874243225486,317.8734982744113,317.4882904132998,317.0942833586215,316.6926500936433,316.2845660577707,315.87120542631806,315.45373569754196,315.03331352397095,314.61108031156573,314.1881585815887,313.7656478093773,313.3446211135767,312.9261224126071,312.5111631175188,312.1007195184207,311.69573118840935,311.29709817399896,310.9056797924502,310.52229336813826,310.1477126445456,309.78266745037064,309.42784297028425,309.0838792720549,308.7513715895414,308.4308704921713,308.1228813730718,307.8278662061866,307.5462432410285,307.278388620119,307.02463629035867
0.003938022755487181,320.4253655888688,320.4148771219893,320.38344404603583,320.33117336724825,320.25824160119834,320.1648945027412,320.0514463828746,319.91827762559143,319.76583275229603,319.5946190261784,319.4052029404928,319.1982074065602,318.97430905181295,318.73423444806417,318.47875657635655,318.20869127639844,317.9248929616364,317.6282507664945,317.3196844226551,317.0001399507553,316.6705853679698,316.3320067175864,315.98540333780295,315.63178436331776,315.27216369525917,314.90755697639116,314.538977033199,314.16743038489017,313.79391351440563,313.4194097677391,313.0448857570308,312.67128848029586,312.29954282127926,311.93054856929956,311.56517807204756,311.2042747015587,310.8486502423742,310.4990836511565,310.1563197546526,309.82106760406066,309.49399995102857,309.1757523249048,308.8669223179546,308.5680695551379,308.27971550349605,308.00234271328225,307.7363960394248,307.48228203930654,307.2403700685505,307.01099187649777
0.00418694866111215,318.77147927795386,318.76240556276474,318.7352112411355,318.68998550302376,318.62687546900594,318.54608603150024,318.4478793689814,318.33257293322674,318.2005379323083,318.0521983064081,317.88802789541296,317.7085482307597,317.51432643674013,317.30597222191756,317.0841350838102,316.84950150797886,316.60279153300246,316.34475569292465,316.0761717205448,315.7978410797432,315.51058551332414,315.21524384500805,314.9126681120651,314.6037207557895,314.28927044381606,313.97018963521367,313.64735076923,313.3216233657846,312.9938708906589,312.6649481368184,312.3356981415747,312.00694970563205,311.6795152201951,311.3541880135761,311.0317402705383,310.71292159700585,310.398456630189,310.08904381502396,309.78535411971427,309.4880293989503,309.19768175684186,308.9148925148768,308.64021134575796,308.3741560251962,308.1172119858233,307.86983140480504,307.63243400572765,307.4054062583775,307.18910206517535,306.98384213903233
0.004460767157299615,317.2095812454547,317.20178966140855,317.1784370505307,317.1395973420538,317.0853924780489,317.0159923355103,316.93161439096247,316.83252209568093,316.7190236954796,316.59147149427844,316.4502595803751,316.29582210437593,316.12863166402155,315.9491969179219,315.7580603906237,315.5557962794107,315.343007716924,315.1203243623788,314.8883997833039,314.6479086833578,314.39954414320937,314.14401506442545,313.8820430264312,313.6143600495332,313.34170514556064,313.0648223764097,312.7844576877186,312.5013565192413,312.21626118912,311.9299087016602,311.6430281265001,311.3563384820857,311.07054686842275,310.7863461318205,310.5044130434335,310.225406987916,309.94996780881695,309.6787146433455,309.4122446984201,309.15113167483764,308.8959250800256,308.6471491559157,308.4053019369119,308.17085486437077,307.9442521747052,307.7259099127016,307.5162164161746,307.31553140310666,307.1241863486975,306.94248373139277
0.004761967503105828,315.74407998313586,315.73744307140583,315.71755051719583,315.6844632574882,315.63828179894773,315.5791461963927,315.5072358293471,315.42276809482877,315.32599749526617,315.2172151207703,315.09674683112536,314.96495192055033,314.8222218853808,314.6689785402435,314.50567230507306,314.3327804989698,314.1508051698251,313.96027120895087,313.76172428338253,313.55572863339773,313.34286487867047,313.12372799006783,312.8989247479162,312.6690719752894,312.43479370528706,312.1967196471464,311.9554825716107,311.7117163560066,311.4660538171083,311.21912489176304,310.9715544263692,310.7239603882971,310.47695227925306,310.231129103149,309.9870777909131,309.74537202840696,309.5065703411309,309.27121501701237,309.03983097391813,308.8129242833305,308.59098148214343,308.374468514905,308.1638297763625,307.95948765439755,307.7618418263648,307.57126826231735,307.3881194797359,307.2127235885102,307.04538444454533,306.88638083563137
0.005093287883492661,314.3783009348059,314.37269711238093,314.35590049547886,314.3279610181789,314.28896103439274,314.2390153335536,314.17827099835495,314.1069063557731,314.0251302764249,313.93318181979356,313.83132878534144,313.7198666819109,313.59911779518177,313.469429705933,313.33117396019543,313.184744749475,313.0305571972196,312.86904589153704,312.7006632600202,312.525877829915,312.34517249082364,312.1590428967777,311.9679954193967,311.7725457634455,311.5732166521023,311.3705366259727,311.16503789648107,310.9572547580611,310.747721805099,310.53697243521435,310.3255369993645,310.11394130479687,309.90270528226677,309.6923412374261,309.4833525051087,309.27623242352854,309.0714626547424,308.86951221476363,308.67083645283043,308.4758757008238,308.2850546205992,308.09878120110704,307.9174458314884,307.74142082367865,307.5710596755374,307.4066961132269,307.248644187889,307.0971973337357,306.95262836940475,306.8151886805392
0.005457740301918178,313.11443152124485,313.1097455217696,313.09569958577197,313.0723343711362,313.0397169283115,312.99794073868475,312.9471256295079,312.88741693380837,312.8189849551595,312.74202473187853,312.65675488543854,312.56341682764173,312.4622740605407,312.35361101414674,312.2377320187019,312.114960288749,311.9856365750755,311.85011802863005,311.7087769282204,311.5619993137714,311.4101836147799,311.2537394005285,311.09308573771136,310.9286501140762,310.76086655600864,310.59017469694993,310.4170180250773,310.2418426030936,310.0650956114374,309.88722412832516,309.70867359393264,309.52988656973616,309.35130163238944,309.17335188597286,308.9964638265015,308.82105646267064,308.64753986251355,308.4763143012635,308.30776936347286,308.14228273356736,307.9802196037623,307.82193175388875,307.66775668768787,307.5180171727,307.3730205141166,307.2330576713874,307.09840325374677,306.969314631986,306.846031844195,306.72877681738873
0.005858637962186246,311.95346143770337,311.9495845467701,311.93796361191096,311.9186315018069,311.8916424171323,311.85707194099973,311.81501699287026,311.76559515679014,311.70894427479425,311.64522229621383,311.57460636456796,311.49729220903674,311.4134936232718,311.323441555534,311.22738331774104,311.12558180691025,311.0183144479588,310.90587231833683,310.78855915544545,310.6666902891893,310.54059156166124,310.4105983574773,310.2770542902289,310.1403103727765,310.0007234937929,309.85865570260836,309.71447278716244,309.5685432498715,309.42123712615813,309.272925000058,309.123976739697,308.9747604799179,308.8256417161165,308.6769820528965,308.52913825822026,308.3824615256525,308.23729623311124,308.0939792115692,307.9528389734555,307.8141946505746,307.6783554777437,307.5456199720965,307.41627515345857,307.29059612700047,307.16884539856113,307.05127208778816,306.93811186561544,306.8295861468474,306.72590194334026,306.627251153545
0.006299625388481122,310.8951222960272,310.8919524627848,310.88245076985163,310.86664357082475,310.8445743189534,310.8163036222674,310.781909223071,310.74148546149604,310.69514296855556,310.64300857514036,310.58522458972357,310.521948332039,310.4533517488202,310.3796207027431,310.3009543663044,310.2175646278911,310.1296752652844,310.0375212746701,309.9413480989339,309.8414107994521,309.737973206752,309.63130717533863,309.5216915365054,309.40941146514683,309.2947572531223,309.17802376701485,309.0595093013879,308.9395147666909,308.818342738763,308.6962966735058,308.57367987488607,308.45079467020946,308.327941678315,308.20541876940115,308.083520287775,307.96253644654035,307.8427522811352,307.7244470361489,307.607893517329,307.49335717567504,307.3810956737127,307.2713581718268,307.1643846436871,307.0604055167955,306.95964104870893,306.862300648081,306.76858278508803,306.6786742802972,306.59275013631753,306.51097291233907
0.006784711557405485,309.93783663095354,309.93527853692717,309.9276104632516,309.9148533378192,309.8970416638907,309.8742235750662,309.8464608308226,309.8138283887136,309.7764141744787,309.73431903212037,309.68765615408404,309.63655072443225,309.5811396390758,309.52157095105804,309.4580034084299,309.3906060036021,309.3195573295242,309.24504506854726,309.1672653947809,309.0864223366615,309.00272711043687,308.91639755436194,308.8276572967511,308.73673527882204,308.6438647726165,308.5492829763183,308.4532300959619,308.3559487080389,308.2576830016855,308.15867816035694,308.0591795275716,307.95943194681377,307.8596791799645,307.7601630530817,307.6611228268909,307.5627947120445,307.46541099811066,307.3691995514215,307.27438328339235,307.1811793739346,307.08979892078884,307.00044633314553,306.9133187451579,306.8286057211337,306.74648870284386,306.6671404409815,306.59072489942685,306.51739664632214,306.447300685115,306.38057192143833
0.007284711557405486,309.12370977025387,309.1216487551824,309.11547066543164,309.10519215432646,309.09084067428023,309.07245452895484,309.05008287797455,309.0237853921422,308.9936320803559,308.9597032663417,308.9220891348075,308.8808894550479,308.83621337717346,308.7881789945635,308.7369129886514,308.6825502842491,308.62523354345814,308.5651127736119,308.5023448602609,308.437093074391,308.3695265437169,308.2998198230172,308.228152227496,308.1547074733225,308.07967288655925,308.0032391023501,307.9255993260899,307.84694883227496,307.76748435864454,307.6874036200262,307.60690463256594,307.5261851859719,307.4454423833921,307.36487194042627,307.2846676767539,307.20502113285863,307.1261208461812,307.0481519446334,306.9712957152196,306.89572894912004,306.82162366551177,306.74914660183856,306.67845871730674,306.6097149595087,306.54306378166143,306.4786466745674,306.4165980768307,306.3570448612007,306.3001061767909,306.24589300303114
0.007784711557405486,308.44641300196133,308.44474666199386,308.43975163006735,308.4314412462379,308.4198374979299,308.4049710682227,308.38688134551455,308.36561614158626,308.3412315601174,308.3137919904871,308.28336974133714,308.25004482294503,308.2139047983711,308.1750444330883,308.1335654185783,308.08957610549777,308.0431911005646,307.9945309625132,307.9437218323273,307.8908950490046,307.83618672390395,307.77973741323,307.72169157701103,307.6621973074432,307.6014056849755,307.5394705549916,307.47654792784505,307.412795582351,307.3483725778003,307.28343887047106,307.2181547624427,307.15268047797946,307.0871757992848,307.0217994885752,306.9567088764986,306.89205956125977,306.8280048046173,306.76469520449365,306.7022783465799,306.6408982514108,306.5806951612031,306.5218051126843,306.4643595183939,306.40848498708704,306.35430290422437,306.30192905011114,306.2514735213756,306.2030403004367,306.156727113746,306.1126250621274
0.008284711557405487,307.8785100234234,307.87715887960314,307.873108679594,307.8663701658818,307.8569610415566,307.8449060144793,307.83023680947366,307.81299193484233,307.7932165819696,307.7709626302213,307.7462883475978,307.7192582170194,307.6899428279818,307.6584185923713,307.6247675273395,307.58907704682815,307.5514396369134,307.5119526180864,307.47071784929375,307.4278414265348,307.3834333357974,307.3376072033866,307.29047985198315,307.2421710955549,307.19280321041606,307.1425007706032,307.09139015674225,307.03959924091635,306.987256991165,306.9344931684992,306.8814378745479,306.82822121050157,306.77497298895975,306.72182225526456,306.6688969535614,306.6163236926024,306.5642272394995,306.5127302572652,306.4619530245826,306.4120129678555,306.363024500389,306.3150986647668,306.26834278026524,306.22286030888324,306.1787504913522,306.136108037819,306.0950230621781,306.05558072251637,306.01786109654086,305.9819388772623
0.008784711557405487,307.39871710431726,307.3976188834096,307.3943268544583,307.3888497046961,307.3812017474931,307.3714029625556,307.3594790092608,307.345461031118,307.3293855789954,307.31129462332336,307.291235307045,307.26925980535276,307.2454252477405,307.2197934849422,307.19243091715794,307.16340833009315,307.132800631044,307.10068666197895,307.0671489605198,307.0322735226248,306.9961495164712,306.9588690928453,306.9205270173117,306.88122051624384,306.84104883877916,306.8001131371783,306.7585160619021,306.71636151039843,306.67375430485754,306.63079995282305,306.58760427384755,306.54427312428635,306.50091216979143,306.4576264870276,306.41452029222984,306.3716967608218,306.32925760107923,306.28730284472385,306.24593062242155,306.20523676640653,306.16531469258257,306.12625510098616,306.08814567878426,306.0510710042101,306.01511223046055,305.9803468367134,305.9468485750179,305.9146871705309,305.883928213444,305.85463290967607
0.009284711557405487,306.9903664160501,306.98947194472294,306.9867906883471,306.9823296959735,306.9761005792469,306.9681195489622,306.95840742875856,306.94698948969443,306.9338953916733,306.91915920048024,306.90281918203345,306.88491768802555,306.8655011010911,306.8446196418176,306.82232723215446,306.7986813658939,306.7737428924107,306.7475758691722,306.7202473672504,306.6918272841332,306.6623881055523,306.63200476265376,306.6007543245637,306.56871588406517,306.5359701921254,306.5025995730364,306.4686875883884,306.4343188364692,306.3995786884934,306.3645530997443,306.3293282998026,306.2939905701201,306.25862606500687,306.22332047868457,306.1881588243002,306.1532252968856,306.1186029125074,306.0843733420695,306.05061673222804,306.0174113665579,305.9848335825084,305.9529575201322,305.9218548715105,305.89159481571147,305.86224374357244,305.8338650584865,305.8065191346882,305.78026306742777,305.75515057987667,305.73123181964826
0.009784711557405488,306.64029760642416,306.6395678065312,306.6373801824909,306.6337404698762,306.6286581142255,306.622146304339,306.6142219858941,306.6049057201949,306.5942216397638,306.5821974685697,306.568864349249,306.5542567490876,306.5384124229419,306.52137225204586,306.5031801350239,306.4838828853253,306.4635300527638,306.442173806956,306.41986877804766,306.3966719090755,306.37264225596687,306.3478408814008,306.32233059578965,306.2961758739276,306.26944254794245,306.242197749493,306.21450962921335,306.18644719644,306.1580801024119,306.1294784917395,306.10071274406926,306.0718532941281,306.0429704915807,306.0141343213751,305.98541422359585,305.9568789912631,305.9285964632951,305.9006333934203,305.87305530802644,305.8459262158921,305.8193085532288,305.793262972396,305.7678481299629,305.7431206467619,305.719134867378,305.69594270175935,305.67359359341185,305.6521343110585,305.631608868718,305.61205836013755
0.010284711557405488,306.33804520667235,306.3374488587121,306.33566128233304,306.3326871549665,306.3285341772323,306.32321310335516,306.3167377544651,306.30912489694344,306.30039420912937,306.2905683036176,306.27967258104434,306.26773515222044,306.25478681478006,306.2408609174771,306.2259932730488,306.21022207693403,306.1935877590686,306.1761328917836,306.1579020586347,306.1389417381747,306.1193001346499,306.0990271007784,306.07817391787614,306.0567932368202,306.03493881836897,306.01266549648165,305.99002894270643,305.9670855381959,305.94389219483617,305.92050623900366,305.8969851950427,305.8733866395973,305.84976809267386,305.8261867815989,305.80269949400247,305.7793625035655,305.7562313073306,305.7333605230949,305.71080377724445,305.6886134548203,305.6668406670339,305.64553507306556,305.62474470021766,305.60451592406946,305.58489325735036,305.5659192249014,305.5476343402561,305.53007693165307,305.51328307347785,305.4972864519129
0.010784711557405489,306.07523425092285,306.07474630457597,306.0732836832891,306.0708502087775,306.0674521706477,306.063098354285,306.0578000537174,306.05157096598435,306.04442716661237,306.0363871332016,306.0274716207824,306.01770359689294,306.0071082288857,305.995712768831,305.98354648379944,305.9706405915044,305.9570281364938,305.942743917518,305.9278243789502,305.9123075196319,305.8962327484645,305.8796408300437,305.86257369666976,305.84507440845374,305.8271869322748,305.80895612161436,305.7904275175516,305.7716472467306,305.7526618732477,305.73351830831933,305.71426362789344,305.69494495473015,305.67560937454545,305.65630373577005,305.6370745294605,305.61796783741704,305.5990291061555,305.58030306736737,305.56183365006996,305.54366376422877,305.5258352861352,305.5083889075697,305.49136398259344,305.4747985236582,305.4587290153415,305.4431903164692,305.4282156436677,305.4138364257686,305.40008224493914,305.38698072795535
0.01128471155740549,305.8451249904349,305.84472527216536,305.84352713188105,305.8415336971176,305.838750112923,305.835183567528,305.8308433047175,305.8257405314011,305.8198884000307,305.8133020329224,305.8059984152468,305.79799634056104,305.78931640639905,305.7799809159584,305.7700138223416,305.75944067772855,305.7482885293622,305.73658586248564,305.7243625100366,305.71164958157465,305.69847933921375,305.6848851613445,305.6709013807814,305.65656325995593,305.64190680155986,305.6269687412798,305.61178637875423,305.5963974964537,305.5808402366063,305.56515303168754,305.54937445000087,305.53354310026464,305.51769756792027,305.5018762443715,305.4861172288179,305.47045829423206,305.45493669173305,305.43958908970444,305.42445150564055,305.4095591177491,305.39494626442865,305.38064631607415,305.3666915439901,305.35311312904713,305.33994099646895,305.3272037400235,305.3149286112881,305.3031413975052,305.291866370912,305.28112620099864
0.01178471155740549,305.6422660646006,305.64193827838704,305.64095576832585,305.63932109736805,305.6370384797651,305.6341138047952,305.6305546486232,305.6263701928236,305.62157121230456,305.6161700999659,305.61018077419055,305.6036186328749,305.5965005554476,305.5888448183128,305.58067105032427,305.5720001928139,305.5628544117239,305.55325705303574,305.5432325673204,305.5328064547915,305.5220051579617,305.5108560396773,305.49938724281355,305.48762767735116,305.4756068571292,305.46335490263044,305.4509023965616,305.4382803196239,305.4255199478813,305.41265279999766,305.39971050581335,305.38672472921576,305.3737271206581,305.36074917074626,305.3478221299466,305.33497698877613,305.3222443074667,305.3096541701559,305.2972361326688,305.28501905751494,305.2730311244059,305.2612997208181,305.24985132929294,305.23871154585976,305.22790493268224,305.2174549601419,305.20738400073594,305.19771322630015,305.1884625642484,305.1796506269929
0.01228471155740549,305.4622276959307,305.4619586436711,305.46115219956084,305.4598104663843,305.45793689982844,305.4555363304972,305.45261497526326,305.44918036493544,305.44524133655176,305.44080805808227,305.43589194791053,305.43050563580994,305.4246629699311,305.41837894358366,305.4116696597765,305.40455229998247,305.3970450494994,305.3891670629283,305.3809384008487,305.372379987843,305.3635135189803,305.3543614491579,305.34494687065404,305.3352935095427,305.3254255840584,305.3153678151715,305.30514530248456,305.2947834736617,305.2843079985362,305.27374474981656,305.26311969063397,305.25245881228307,305.2417880997649,305.23113340554346,305.2205203838443,305.20997448211057,305.19952079178074,305.18918401463407,305.1789884234508,305.1689577166278,305.1591150372607,305.1494828792662,305.1400829899908,305.1309363961432,305.1220632716321,305.1134828941281,305.105213642682,305.0972729109502,305.08967706924636,305.08244140797956
0.01278471155740549,305.3013946845259,305.3011736532276,305.30051116038214,305.2994089330387,305.29786980757916,305.2958977502218,305.2934978678786,305.2906763435027,305.287440431845,305.2837984839896,305.2797598767972,305.27533497958547,305.27053516493095,305.2653727448435,305.2598609426402,305.2540138687532,305.24784645697366,305.2413744380231,305.23461428616537,305.22758318766853,305.22029895878416,305.21278004399164,305.20504540842234,305.1971145415844,305.18900733369065,305.1807440922263,305.17234543466907,305.1638322489736,305.1552256214201,305.14654680814704,305.1378171383966,305.1290579643636,305.1202906371879,305.1115363974697,305.10281632149366,305.0941513215701,305.08556201449926,305.0770686977017,305.06869132027094,305.06044935409597,305.05236181950943,305.04444720434157,305.0367233792973,305.02920762957854,305.02191653568286,305.014865941659,305.00807095568655,305.00154587653515,304.99530416050044,304.9893583762849
0.013284711557405491,305.1568045951759,305.1566228721988,305.15607821241497,305.1551720356065,305.1539066717779,305.1522853803191,305.15031236038874,305.1479926927484,305.1453323382589,305.1423381620923,305.1390178714922,305.13537998715765,305.1314338569432,305.1271895998508,305.1226580838457,305.11785090734685,305.112780344458,305.10745932506177,305.10190138959916,305.09612066593206,305.0901317969244,305.0839499456645,305.07759070033126,305.07107008360657,305.0644044439954,305.0576104769532,305.0507051315862,305.04370558008804,305.0366291568928,305.02949333890183,305.02231566175726,305.01511367955817,305.007904949221,305.0007069349621,304.9935369642783,304.98641223525186,304.9793496998854,304.97236604809075,304.96547768711395,304.95870062659606,304.9520505091783,304.9455425403268,304.93919141438425,304.93301135041725,304.9270159841152,304.9212183454682,304.91563086168185,304.910265294595,304.9051327117212,304.9002434504632
0.013784711557405491,305.02602043965635,305.02587092721416,305.0254228231841,305.0246772957396,305.0236362603036,305.0223023975174,305.0206791631711,305.0187707355492,305.0165820160845,305.01411865313355,305.0113869867133,305.0083940237773,305.0051474540852,305.00165560073094,304.99792740277627,304.99397240132987,304.9898006922235,304.98542291136374,304.98085019624426,304.9760941695653,304.9711668748728,304.96608078721323,304.96084872845825,304.9554838811033,304.94999969215246,304.9444098976618,304.9387284410979,304.9329694500231,304.92714718456864,304.9212760246304,304.9153703969884,304.9094447430671,304.90351350997975,304.8975910666894,304.8916916679775,304.8858294671633,304.880018411989,304.87427223490255,304.86860443921336,304.86302819596625,304.857556378214,304.8522014998325,304.84697565052096,304.8418905347006,304.8369573729575,304.8321868872946,304.82758930586874,304.8231743094945,304.81895100614287,304.81492790276246
0.014284711557405492,304.90702992070567,304.9069068279273,304.90653792013757,304.905924159239,304.9050671208435,304.9039690111719,304.9026326765551,304.90106155548693,304.89925968096844,304.8972317037657,304.894982843025,304.89251886478166,304.88984609941843,304.88697139768345,304.8839021172313,304.8806461124058,304.877211693105,304.8736076143674,304.86984304345054,304.8659275488766,304.8618710428653,304.85768379618116,304.85337636228604,304.84895959448517,304.84444456038113,304.8398425689237,304.8351650985233,304.83042377960186,304.82563035076805,304.82079665158307,304.81593455873815,304.81105596037474,304.8061727524495,304.80129676469164,304.79643973111627,304.79161330691136,304.7868289749548,304.78209804112174,304.77743162583687,304.77284057100013,304.7683354768943,304.76392664852557,304.75962403814475,304.7554372862628,304.7513756313339,304.7474479010767,304.743662518617,304.7400274565374,304.7365502142922,304.73323779622405
0.014784711557405492,304.79816528717464,304.7980638831855,304.7977599897288,304.7972543994309,304.79654840910047,304.795643835667,304.79454302527466,304.7932488093781,304.79176450840043,304.79009395441915,304.7882414467542,304.78621173317356,304.7840100284777,304.7816419751473,304.77911363305543,304.77643147223586,304.7736023369097,304.77063343847806,304.767532327213,304.764306885653,304.76096527678976,304.7575159621101,304.7539676332365,304.75032923158494,304.7466098717484,304.74281887032646,304.73896568223154,304.7350598879815,304.7311111562517,304.7271292410795,304.7231239256294,304.7191050018637,304.71508227112304,304.71106547833034,304.7070642878705,304.7030883036393,304.6991469846057,304.69524964411363,304.69140544574526,304.6876233188364,304.6839119971965,304.6802799717647,304.67673543947393,304.6732863456388,304.6699403007859,304.66670457682164,304.6635861142404,304.6605914824548,304.6577268596744,304.6549980159655
0.015284711557405493,304.6980392920274,304.6979557073166,304.6977052284448,304.6972885089944,304.69670661682403,304.69596104913785,304.695053741195,304.69398702589615,304.6927636384523,304.6913867384614,304.68985986972586,304.68818694371174,304.68637225889415,304.68442046532664,304.68233655692416,304.68012586663554,304.6777940347891,304.67534700481895,304.6727909987894,304.67013251426613,304.66737827739837,304.66453526335687,304.6616106343514,304.6586117611346,304.6555461539597,304.65242149261326,304.6492455696261,304.64602628139414,304.6427715960224,304.6394895540486,304.63618821858734,304.6328756593625,304.62955995661076,304.62624914224955,304.62295118016107,304.6196739885953,304.6164253634609,304.6132129807833,304.6100443959997,304.6069269668459,304.6038678932348,304.60087417523016,304.5979525672756,304.5951096213689,304.59235161011907,304.58968452676646,304.5871140931838,304.58464572544176,304.58228451577827,304.5800352197569
0.015784711557405493,304.6054938068204,304.6054248730042,304.60521831077983,304.6048746594246,304.6043947986371,304.6037799628186,304.60303174941953,304.6021520815554,304.6011432134433,304.6000077518476,304.5987486195091,304.5973690404962,304.59587256002055,304.59426301234316,304.59254451514045,304.5907214666076,304.58879851743023,304.58678056869906,304.58467275062713,304.5824804221887,304.58020912838595,304.5778646224405,304.57545280927025,304.5729797683043,304.5704516908941,304.56787491109185,304.56525585470257,304.5626010334912,304.55991701742414,304.55721043817084,304.55448794462586,304.55175619049834,304.54902184081317,304.5462915189847,304.5435717907148,304.5408691881042,304.5381901395744,304.53554097480446,304.53292792674296,304.5303570608479,304.52783431561005,304.5253654650154,304.52295607733083,304.52061155860287,304.5183370811659,304.51613758670703,304.5140177948398,304.51198217304506,304.51003492041787,304.5081799581543
0.016284711557405494,304.5195584370881,304.51950155733283,304.5193311271902,304.51904759189836,304.5186516764093,304.51814439895145,304.5175270790336,304.51680130270506,304.51596892856315,304.5150321085581,304.5139932545208,304.5128550251087,304.51162034586093,304.5102923799574,304.5088745242697,304.5073704080121,304.50578386776624,304.5041189471417,304.5023798781604,304.5005710830874,304.4986971352912,304.4967627826769,304.4947728958563,304.49273249184887,304.4906466770154,304.4885206782218,304.48635979685173,304.4841694054935,304.4819549238478,304.4797218244026,304.47747559250837,304.47522171686444,304.47296569803285,304.4707130005386,304.46846903973574,304.4662392071094,304.464028805914,304.4618430580389,304.45968710815714,304.4575659584677,304.45548450945716,304.45344752616774,304.451459600865,304.4495251965021,304.4476485800232,304.4458338278169,304.4440848346871,304.4424052874586,304.44079865024105,304.4392681576143
0.016784711557405494,304.43941707794005,304.43937012195585,304.43922943791716,304.43899539364236,304.4386685867344,304.4382498574865,304.4377402965621,304.4371412125753,304.43645413851164,304.43568085189054,304.4348233439655,304.4338838080163,304.4328646594663,304.4317685090898,304.43059816042427,304.42935660965543,304.4280470232243,304.42667273887184,304.4252372492585,304.4237442055193,304.42219738122645,304.42060069665285,304.4189581709988,304.41727394664116,304.41555223681286,304.41379735687076,304.41201368253763,304.41020564857547,304.40837772775586,304.4065344382202,304.4046803074227,304.4028198649752,304.4009576526997,304.3990981810254,304.3972459182926,304.39540531683275,304.3935807535577,304.3917765383097,304.38999691967587,304.3882460245184,304.3865278986589,304.3848464763834,304.38320554643116,304.3816087951476,304.3800597440245,304.37856175701245,304.37711804974697,304.37573166623235,304.37440546540506,304.37314211650283
0.017284711557405495,304.364380800755,304.3643420195415,304.36422583864305,304.3640325620999,304.3637626826518,304.3634168940405,304.362996098385,304.36250137580674,304.36193399113904,304.3612954134514,304.36058728756507,304.3598114234886,304.3589698164561,304.3580646222474,304.3570981556965,304.35607289155786,304.35499144430236,304.353856570256,304.3526711530951,304.35143820874794,304.3501608520473,304.34884232149966,304.3474859350335,304.3460951145297,304.34467333760006,304.34322416873783,304.3417512211824,304.34025815717746,304.33874866950475,304.33722649013555,304.3356953574726,304.3341590111117,304.33262120305227,304.33108565778105,304.32955606357933,304.328036099055,304.326529378039,304.32503945906035,304.323569852446,304.32212396403673,304.32070513555095,304.31931661685263,304.31796153479456,304.31664293584754,304.31536372740374,304.3141266865167,304.31293446927214,304.3117895900638,304.3106944092751,304.30965113041054
0.017784711557405495,304.2938658074507,304.29383376396265,304.2937377784076,304.29357810225383,304.2933551418473,304.29306947015897,304.292721833871,304.2923131248161,304.2918443868739,304.29131683486753,304.2907318280956,304.2900908607414,304.28939558172397,304.2886477718507,304.28784934320583,304.28700234079014,304.2861089241833,304.28517137053643,304.28419206164955,304.283173489912,304.28211822729895,304.2810289503898,304.27990839918834,304.2787594017252,304.2775848293924,304.27638762780794,304.27517078179517,304.2739373168998,304.27269028307467,304.271432764304,304.27016784867055,304.26889862467283,304.26762819328616,304.2663596312252,304.26509598389646,304.2638402921249,304.2625955408161,304.26136466926727,304.26015057924315,304.2589560823707,304.25778393999485,304.25663683781687,304.2555173571994,304.25442801711415,304.2533712188018,304.2523492555928,304.2513643223341,304.2504184968549,304.24951372861364,304.24865183724876
0.018284711557405495,304.22737545522085,304.22734896789774,304.22726963576906,304.22713766694426,304.2269533965575,304.22671729800186,304.2264299897429,304.22609220837387,304.22570481562,304.22526881662054,304.224785335225,304.22425560523595,304.2236809899906,304.2230629611096,304.22240309858944,304.2217030930483,304.22096472898323,304.2201898884255,304.2193805393537,304.2185387424262,304.2176666220297,304.2167663913442,304.2158403138583,304.2148907278777,304.21392000496223,304.2129305803746,304.21192492075113,304.21090552661053,304.20987491785047,304.2088356440863,304.2077902571485,304.20674130866064,304.2056913627033,304.2046429618293,304.2035986213691,304.2025608561485,304.20153213246095,304.20051487897996,304.1995114955631,304.19852430389403,304.1975555866922,304.19660756439043,304.1956823685755,304.1947820831364,304.1939086919334,304.1930640894195,304.19225009005334,304.19146841162075,304.19072066472006,304.19000835245026
0.018784711557405496,304.16448556133986,304.1644636580494,304.164398065244,304.16428895525365,304.1641366044887,304.1639414041982,304.16370386702624,304.1634246015141,304.16310431914854,304.162743852046,304.1623441298015,304.1619061714464,304.1614311047,304.16092014611525,304.1603746017322,304.15979586979233,304.1591854253667,304.1585448245166,304.15787569384037,304.1571797377958,304.15645871155664,304.1557144459646,304.15494881142035,304.15416374217324,304.1533611974747,304.15254319151563,304.1517117634339,304.15086898059747,304.15001692563095,304.1491577072622,304.1482934349193,304.1474262173272,304.1465581755766,304.14569141153436,304.14482800326135,304.14397003156284,304.1431195348845,304.14227852063914,304.1414489745379,304.1406328141139,304.1398319271832,304.1390481502864,304.13828324398855,304.1375389331454,304.1368168572824,304.1361185817895,304.135445607268,304.13479935443,304.1341811543138,304.133592248881
0.019284711557405496,304.10483235895754,304.10481423938757,304.1047599868747,304.10466974420933,304.10454373935636,304.1043822957717,304.1041858387151,304.10395487105507,304.10368998031026,304.1033918557551,304.103061266641,304.1026990547712,304.1023061533772,304.1018835684942,304.1014323800579,304.1009537449767,304.10044888294317,304.0999190809729,304.0993656839163,304.09879010220936,304.09819378632966,304.0975782515129,304.0969450437499,304.09629576375823,304.0956320305306,304.0949555106889,304.09426789052986,304.09357087990696,304.0928662005533,304.0921555972691,304.0914408143418,304.0907235949634,304.0900056945455,304.08928885122543,304.08857478219636,304.0878652099709,304.0871618198713,304.0864662716207,304.08578020904037,304.08510521614295,304.0844428547715,304.08379464457414,304.0831620399316,304.0825464692835,304.08194928796,304.08137178976773,304.08081521622967,304.08028074283095,304.07976946987435,304.0792824237982
0.019784711557405497,304.0481026013618,304.0480876062759,304.04804271793273,304.047968054723,304.0478638046309,304.04773023513883,304.04756769931095,304.04737661277414,304.0471574607156,304.0469108144284,304.046637310752,304.0463376451825,304.046012590342,304.045662978442,304.0452897027276,304.0448937208187,304.0444760415458,304.04403772976605,304.04357989769943,304.04310371297686,304.042610374519,304.04210113692466,304.04157727834155,304.0410401240494,304.04049101212615,304.03993132217033,304.0393624491332,304.0387858076566,304.0382028214967,304.03761493492124,304.0370235907185,304.03643023027405,304.03583630700626,304.0352432587136,304.0346525046545,304.03406547143203,304.033483552798,304.0329081213892,304.0323405386617,304.03178211328634,304.0312341379167,304.03069787050254,304.0301745126475,304.0296652479621,304.02917119712157,304.0286934296987,304.0282329732654,304.027790800792,304.02736782206654,304.02696488558
0.020284711557405497,303.99402541194246,303.9940129980211,303.99397584521216,303.99391405174276,303.99382777259086,303.99371722900656,303.9935827143769,303.99342457227635,303.9932432033899,303.9930390815186,303.99281273410986,303.9925647358333,303.9922957266224,303.9920063951047,303.99169748031613,303.9913697752383,303.9910241145266,303.9906613795208,303.9902824902884,303.98988841386597,303.9894801414093,303.9890587121834,303.98862518311074,303.98818065191153,303.98772622465503,303.98726304381614,303.98679226368176,303.98631505502874,303.98583259548707,303.98534608104006,303.9848567054279,303.98436566074895,303.9838741509181,303.9833833656391,303.98289447810106,303.9824086704149,303.98192709549147,303.98145088882876,303.9809811785796,303.9805190460201,303.98006556141604,303.9796217665102,303.97918865414533,303.9787672056237,303.9783583477958,303.9779629650256,303.9775819081288,303.9772159827662,303.9768659413604,303.97653248542497
0.020784711557405498,303.9423655560466,303.9423552752796,303.9423245150797,303.94227335700367,303.94220192877333,303.9421104134376,303.9419990550305,303.94186813759745,303.94171799202053,303.94154901150483,303.9413616330867,303.94115633161783,303.9409336373652,303.94069412030655,303.9404383920502,303.94016710951104,303.93988096341843,303.9395806834565,303.93926703091563,303.93894080704365,303.9386028313385,303.93825396508817,303.9378950824268,303.9375270929954,303.93715091117804,303.93676748347275,303.93637776529124,303.9359827258844,303.9355833395088,303.9351805969478,303.9347754861414,303.93436899320614,303.9339621158368,303.9335558387221,303.9331511317462,303.93274897492824,303.9323503221686,303.93195611301144,303.9315672827652,303.93118472484485,303.9308093257218,303.93044194844555,303.93008341339055,303.92973453461695,303.9293960788191,303.92906877733,303.928753334882,303.92845041885744,303.9281606516484,303.9278846133284
0.021284711557405498,303.89291787366034,303.8929093564525,303.89288388100124,303.8928415150755,303.89278236388293,303.8927065788963,303.89261436331526,303.8925059519865,303.89238161811346,303.892241688245,303.89208652466533,303.8919165197369,303.8917321130535,303.89153377651087,303.89132201638336,303.8910973770888,303.89086043038463,303.89061178058273,303.8903520577286,303.89008192599533,303.8898020630072,303.8895131828938,303.8892160087087,303.888911294584,303.8885997964811,303.8882822988664,303.8879595927507,303.88763248078635,303.8873017691253,303.88696827889385,303.8866328279101,303.88629623203246,303.8859593184448,303.8856229023591,303.88528778563233,303.8849547811732,303.88462467837917,303.88429825481694,303.8839762863298,303.88365951108403,303.88334866359526,303.8830444591691,303.8827475756506,303.8824586887892,303.88217843289783,303.8819074128246,303.88164621252344,303.88139538504953,303.8811554453151,303.88092687302026
0.0217847115574055,303.84550266188216,303.8454956031917,303.84547449814045,303.84543940308805,303.8453904046414,303.8453276281644,303.8452512430547,303.84516144348464,303.84505845498467,303.8449425489532,303.844814025846,303.8446732098369,303.84452046552155,303.8443561836897,303.8441807835143,303.84399471636965,303.8437984556354,303.8435925019435,303.8433773768165,303.8431536310518,303.84292182498007,303.8426825510087,303.842436407278,303.8421840192938,303.84192601204546,303.84166303598386,303.84139574617114,303.8411248074878,303.84085088708775,303.84057466577656,303.8402968206958,303.8400180269286,303.83973897062083,303.8394603268393,303.8391827585266,303.838906940355,303.8386335256988,303.838363158188,303.8380964817525,303.83783410622266,303.83757664043816,303.8373246775053,303.8370787774463,303.8368395015818,303.83660737476623,303.83638289727116,303.8361665531581,303.83595880092435,303.8357600666133,303.83557074693874
0.0222847115574055,303.79996183617817,303.7999559841351,303.7999384945274,303.79990941426996,303.7998688145986,303.79981679928244,303.79975350972495,303.79967910646224,303.79959377561147,303.7994977429217,303.7993912576917,303.79927458771226,303.79914803552464,303.7990119248279,303.7988666027475,303.7987124436774,303.7985498396222,303.7983792054447,303.7982009729047,303.79801559899204,303.7978235470373,303.797625308729,303.7974213788985,303.79721227662213,303.79699851858055,303.7967806443428,303.79655919651384,303.79633472600364,303.79610778499995,303.79587893821054,303.79564874641255,303.7954177682556,303.7951865731849,303.794955720339,303.79472575778345,303.79449724579575,303.7942707252417,303.7940467289668,303.79382579173847,303.7936084172708,303.79339511042605,303.79318636320403,303.79298263820294,303.79278440203507,303.79259208902306,303.7924061129503,303.7922268752322,303.79205475613173,303.79189010819005,303.79173325948994
0.0227847115574055,303.7561557315225,303.7561508780771,303.756136380314,303.75611227732645,303.7560786276464,303.75603551717654,303.7559830641247,303.7559214012038,303.75585068193885,303.7557710942788,303.7556828451802,303.7555861558012,303.7554812773205,303.7553684779229,303.755248045121,303.7551202895958,303.7549855360216,303.7548441282863,303.7546964238818,303.75454280215513,303.75438364619686,303.7542193643271,303.75405036591195,303.7538770819343,303.753699939484,303.7535193863575,303.7533358721064,303.75314985333006,303.7529617870996,303.75277214203413,303.7525813826275,303.75238997120175,303.75219838060497,303.7520070740513,303.7518165045813,303.7516271377741,303.751439421409,303.7512537966705,303.7510707079578,303.75089057121977,303.75071380526566,303.75054081841256,303.7503719926816,303.75020771626924,303.75004834859897,303.7498942319059,303.74974569920596,303.74960306601173,303.749466624055,303.74933664464396
0.0232847115574055,303.71396043036407,303.7139564035972,303.7139443823868,303.71392439934584,303.71389650250546,303.7138607629826,303.71381727975603,303.71376616251814,303.71370753783714,303.71364156234904,303.7135684079523,303.71348825722805,303.71340131882766,303.7133078149873,303.71320798388103,303.713102083441,303.7129903826156,303.7128731665424,303.712750731249,303.71262339179657,303.7124914648847,303.71235528980196,303.71221520519293,303.7120715690996,303.71192473448605,303.711775073167,303.71162295767454,303.7114687665425,303.7113128781266,303.71115568149156,303.71099756144156,303.7108389005833,303.71068009178134,303.71052151885436,303.71036355622095,303.71020659103834,303.7100509940479,303.70989713057463,303.7097453701812,303.7095960562132,303.70944953623837,303.70930614928983,303.7091662107309,303.7090300438066,303.7088979459585,303.7087702002183,303.70864708297427,303.70852885613215,303.7084157611014,303.7083080222126
0.0237847115574055,303.6732655252,303.6732621829972,303.6732522123906,303.6732356406219,303.6732125070418,303.67318287052814,303.67314681411017,303.67310442842967,303.6730558177552,303.67300111277314,303.6729404563452,303.6728739991336,303.67280191456604,303.6727243868371,303.67264161327444,303.67255380812503,303.67246119420344,303.67236400800186,303.67226249466626,303.67215691601444,303.67204753380054,303.6719346301344,303.6718184851252,303.6716993963998,303.6715776555791,303.67145357154993,303.6713274530776,303.67119961405933,303.67107036769164,303.67094003715385,303.6708089412759,303.6706773966805,303.6705457299828,303.67041425926885,303.67028329389245,303.670153156045,303.6700241526956,303.6698965863705,303.6697707646365,303.6696469707668,303.66952549333183,303.6694066139835,303.6692905929314,303.6691776996015,303.6690681801299,303.6689622685482,303.66886019434924,303.6687621750428,303.66866841038495,303.66857908582614
0.0242847115574055,303.6339722403872,303.63396946523096,303.63396119301115,303.6339474465153,303.63392825791857,303.6339036759647,303.63387377044756,303.6338386162396,303.6337982991601,303.6337529283816,303.6337026227088,303.63364750638925,303.63358772366666,303.6335234272322,303.6334547805893,303.6333819617945,303.63330515545994,303.63322455778825,303.633140371794,303.63305281518296,303.63296210422743,303.63286847366004,303.63277215513034,303.63267339620876,303.63257243774115,303.6324695364809,303.6323649483858,303.63225893382025,303.6321517520306,303.63204367161404,303.6319349567671,303.63182586948255,303.63171668148317,303.6316076564203,303.6314990497917,303.63139112995174,303.6312841510651,303.6311783636594,303.63107402392455,303.63097136542115,303.6308706278479,303.6307720453184,303.63067583239956,303.6305822139052,303.630491393494,303.63040356463387,303.63031891796936,303.6302376342323,303.63015987869267,303.63008580461576
0.0247847115574055,303.59599185147613,303.5959895461567,303.59598268098046,303.5959712750398,303.59595535457834,303.595934959947,303.59591014995004,303.59588098640467,303.5958475398648,303.5958099016592,303.595768170655,303.59572244923663,303.5956728574608,303.5956195219228,303.59556257811005,303.59550217408867,303.5954384628284,303.5953716071537,303.59530177518593,303.5952291480721,303.59515390442937,303.59507623972195,303.59499634547274,303.5949144277652,303.5948306854101,303.5947453319574,303.5946585796217,303.59457064441915,303.5944817409175,303.5943920924815,303.5943019180553,303.5942114343917,303.5941208677174,303.59403043659324,303.59394035193156,303.59385083745565,303.5937621035984,303.59367435782104,303.59358781372197,303.59350266371695,303.59341910700834,303.59333733831386,303.59325753442386,303.5931798831569,303.59310455299624,303.59303170382304,303.59296149409124,303.59289407405566,303.59282958042843,303.5927681398271
0.0252847115574055,303.5592443514385,303.55924243551925,303.5592367363213,303.55922726987046,303.5592140575072,303.5591971326307,303.5591765449143,303.5591523453657,303.55912459190694,303.5590933610606,303.55905873516497,303.5590207985069,303.55897965109074,303.55893539789025,303.5588881511823,303.5588380341729,303.5587851736173,303.55872970468084,303.55867176657904,303.55861151015154,303.55854908283493,303.5584846475349,303.55841836254257,303.558350399545,303.55828092254865,303.55821010928935,303.5581381357383,303.5580651811634,303.5579914231238,303.5579170474893,303.557842235713,303.55776716707686,303.5576920300865,303.557617005944,303.5575422686453,303.5574680049019,303.5573943889206,303.55732159248674,303.5572497938776,303.55717915145163,303.55710983084526,303.55704199411844,303.5569757867913,303.5569113659922,303.5568488710692,303.5567884340897,303.55673018682523,303.5566742542682,303.5566207494775,303.55656977700386
0.025784711557405502,303.5236573221811,303.52365572908434,303.52365099634164,303.5236431374325,303.523632169645,303.523618120619,303.5236010324368,303.5235809471546,303.5235579122415,303.52353199192896,303.5235032548476,303.5234717703029,303.5234376216692,303.5234008960018,303.52336168634446,303.5233200952894,303.5232762278695,303.5232301963242,303.52318211591904,303.52313211236043,303.5230803072624,303.5230268365267,303.52297183091775,303.52291543359627,303.52285777974777,303.5227990174102,303.5227392925188,303.52267875388293,303.5226175484014,303.52255583085326,303.5224937516242,303.52243145895466,303.52236911006526,303.5223068551988,303.5222448377807,303.522183213818,303.52212212750294,303.52206172106196,303.52200214346954,303.52194352489124,303.52188600313434,303.5218297131783,303.5217747746569,303.52172131922765,303.521669462103,303.5216193123133,303.52157097950766,303.5215245677317,303.5214801704502,303.52143787393817
0.026284711557405502,303.4891649770924,303.4891636516954,303.4891597202213,303.4891531940339,303.48914408707316,303.4891324222063,303.4891182352003,303.48910156069815,303.48908243751885,303.48906091968604,303.48903706445884,303.4890109287401,303.48898258210784,303.48895209676493,303.4889195498142,303.48888502675044,303.48884861460283,303.48881040660353,303.4887704981709,303.48872899416165,303.48868599480284,303.4886416135915,303.488595958488,303.48854914898715,303.4885012964058,303.48845252414856,303.4884029532534,303.488352707279,303.488301907718,303.4882506835619,303.4881991594465,303.48814745789315,303.48809571016704,303.48804404084876,303.4879925680464,303.4879414222854,303.4878907228859,303.48784058757843,303.48779114101904,303.48774249003395,303.4876947493509,303.4876480314869,303.4876024346455,303.48755806933593,303.48751503077335,303.4874734089054,303.48743329503384,303.48739477583126,303.48735792852824,303.48732282426175
0.026784711557405503,303.455707346372,303.45570624302366,303.4557029760217,303.4556975549709,303.45568999104586,303.45568030315843,303.45566852181764,303.4556546755265,303.45563879594664,303.45562092861917,303.4556011213674,303.45557942082564,303.4555558851233,303.45553057414935,303.45550355179216,303.4554748893608,303.4554446589606,303.4554129380613,303.4553798056311,303.45534534922575,303.455309651357,303.4552728069265,303.45523490500113,303.45519604543534,303.45515631977753,303.45511583099346,303.45507467947925,303.4550329678549,303.4549907965588,303.454948273186,303.45490550102653,303.45486258128915,303.4548196236976,303.4547767315577,303.4547340020087,303.45469154442065,303.4546494574999,303.4546078386738,303.4545667924082,303.4545264062081,303.4544867756554,303.45444799462945,303.45441014359227,303.4543733154861,303.4543375889554,303.45430303813885,303.4542697391175,303.4542377641507,303.4542071770169,303.4541780363131
0.027284711557405503,303.42322958180836,303.4232286626915,303.42322594684634,303.4232214424147,303.42321515828746,303.4232071100982,303.42319732397505,303.42318582333485,303.423172633918,303.4231577942134,303.423141344211,303.4231233220451,303.42310377634055,303.4230827567752,303.4230603162813,303.4230365143949,303.4230114108475,303.4229850700351,303.42295755728907,303.4229289458042,303.4228993034171,303.42286870959094,303.4228372377371,303.4228049714049,303.42277198576994,303.4227383668338,303.4227041978757,303.42266956414915,303.42263454864155,303.42259924119054,303.42256372738706,303.42252809077763,303.42249242320145,303.42245681032296,303.4224213319144,303.4223860797749,303.4223511355237,303.42231657975736,303.42228250017257,303.4222489682799,303.4222160637743,303.4221838650659,303.42215243793,303.42212186070907,303.4220921983149,303.42206351178845,303.4220358645805,303.42200931698886,303.42198392164397,303.4219597267546
0.027784711557405504,303.39168136169326,303.3916805954722,303.39167833689567,303.3916745928876,303.39166937045474,303.3916626825127,303.3916545515357,303.39164499672825,303.39163403893264,303.39162171077083,303.3916080457287,303.39159307490354,303.3915768390278,303.3915593793102,303.39154073959776,303.3915209696525,303.39150011894554,303.39147824102605,303.39145538991954,303.39143162689567,303.3914070076354,303.39138159877825,303.3913554607632,303.39132866359836,303.3913012688987,303.39127334858114,303.3912449717284,303.39121620918706,303.3911871294791,303.39115780769964,303.3911283147624,303.3910987195748,303.3910690991227,303.39103952443946,303.391010060913,303.39098078574295,303.39095176638267,303.39092306947515,303.3908947687827,303.3908669225771,303.3908395973663,303.39081285871765,303.3907867602487,303.3907613681625,303.39073673598875,303.3907129139169,303.39068995491346,303.3906679093468,303.39064682060797,303.39062672829954
0.028284711557405504,303.36101637986707,303.3610157405704,303.36101386145185,303.3610107484217,303.36100640693195,303.3610008476454,303.36099408998587,303.36098614966875,303.3609770434857,303.3609667991753,303.36095544482004,303.3609430056935,303.36092951597095,303.3609150098361,303.3608995236009,303.36088309891034,303.3608657767262,303.36084760159673,303.360828618173,303.36080887781895,303.3607884261463,303.36076731913954,303.3607456064876,303.3607233469487,303.3607005909069,303.3606773985816,303.3606538272786,303.36062993589076,303.36060578094805,303.3605814253021,303.36055692769366,303.3605323448961,303.36050774155433,303.3604831765655,303.3604587034042,303.3604343871336,303.3604102834622,303.36038644746327,303.3603629413153,303.3603398123335,303.3603171160771,303.36029490744664,303.360273229998,303.360252139834,303.3602316810507,303.3602118948462,303.36019282548205,303.36017451508116,303.3601569993767,303.3601403108414
0.028784711557405505,303.3311919056051,303.33119137170183,303.33118980754057,303.331187218186,303.33118360780963,303.33117898520595,303.3311733672492,303.3311667667656,303.33115919719785,303.3311506822168,303.33114124541464,303.3311309072459,303.33111969643625,303.331107641341,303.3310947720221,303.3310811233814,303.3310667293225,303.3310516269229,303.33103585305986,303.33101945086617,303.33100245761307,303.33098492042814,303.3309668800921,303.33094838601295,303.33092947927435,303.33091021037694,303.3308906268561,303.33087077768346,303.3308507094473,303.330830474828,303.33081012246856,303.3307896990845,303.33076925906283,303.3307488512324,303.3307285192021,303.33070831794134,303.33068829342005,303.3306684911174,303.3306489635774,303.33062974904936,303.33061089399934,303.3305924444659,303.3305744356788,303.3305569153329,303.3305399197044,303.3305234825423,303.330507640878,303.33049242998516,303.3304778792497,303.3304640152381
0.029284711557405505,303.3021684032906,303.3021679569271,303.30216665424325,303.30216449959835,303.30216149610936,303.3021576510219,303.302152979077,303.30214749070797,303.30214119659024,303.30213411700373,303.3021262718079,303.30211767746994,303.3021083581852,303.30209833747244,303.30208764020875,303.3020762956924,303.3020643319717,303.30205177992207,303.30203866997425,303.3020250384182,303.30201091561764,303.3019963413345,303.3019813489678,303.3019659801511,303.30195026826726,303.3019342557397,303.3019179819958,303.30190148777245,303.30188481141505,303.301867997151,303.3018510852464,303.3018341140797,303.30181712950787,303.30180017200576,303.30178327701344,303.3017664911008,303.30174985216263,303.30173339772136,303.30171717230377,303.30170120666,303.30168553970157,303.30167021010146,303.3016552462018,303.3016406886931,303.3016265673699,303.3016129098098,303.3015997470374,303.30158710863486,303.30157501872714,303.30156349898834
0.029784711557405506,303.2739092026656,303.27390882903404,303.273907743476,303.2739059497617,303.273903450141,303.2739002505755,303.27389636401796,303.2738917989211,303.27388656367486,303.27388067572986,303.2738741518409,303.27386700517803,303.27385925616807,303.27385092431587,303.2738420301971,303.2738325984513,303.27382265226925,303.2738122173766,303.27380131885724,303.2737899873105,303.27377824738045,303.2737661327005,303.2737536705532,303.27374089610515,303.2737278363642,303.2737145270378,303.27370100082476,303.2736872916246,303.2736734309492,303.2736594559983,303.27364540008756,303.27363129468506,303.2736171785513,303.27360308522844,303.27358904339434,303.2735750926251,303.2735612641194,303.2735475888012,303.27353410452133,303.27352083582883,303.2735078153571,303.2734950756551,303.27348263936915,303.2734705413505,303.27345880602127,303.273447455847,303.27343651685976,303.2734260139108,303.27341596676484,303.2734063930441
0.030284711557405506,303.2463802119724,303.2463798987884,303.246378993567,303.24637749958623,303.2463754183839,303.24637275485657,303.2463695204567,303.24636572199745,303.24636136598224,303.2463564674992,303.2463510407196,303.246345096088,303.24633865089504,303.24633172131416,303.24632432435186,303.2463164807732,303.24630820973886,303.2462995326971,303.24629047029777,303.2462810484052,303.24627128692816,303.2462612143984,303.2462508530315,303.24624023261117,303.2462293748699,303.2462183099287,303.2462070649012,303.2461956680096,303.24618414510013,303.2461725275275,303.2461608428404,303.2461491167791,303.2461373821975,303.246125666884,303.2461139939197,303.2461023970543,303.24609090193354,303.2460795340088,303.246068325569,303.24605729603775,303.2460464728291,303.2460358833981,303.24602554568315,303.24601548966325,303.2460057353081,303.2459963008492,303.2459872081679,303.2459784781814,303.2459701270409,303.2459621690134
0.030784711557405506,303.2195496675589,303.2195494046292,303.21954864922225,303.21954740420404,303.2195456705286,303.2195434522099,303.21954075943864,303.2195375976713,303.2195339718559,303.2195298951054,303.2195253794401,303.21952043305294,303.2195150706232,303.219509305559,303.21950315190526,303.21949662720334,303.2194897472698,303.21948252999994,303.21947499236586,303.2194671562904,303.2194590377636,303.2194506610675,303.21944204422056,303.21943321252445,303.2194241833471,303.2194149821603,303.219405631442,303.21939615469836,303.2193865730792,303.2193769130756,303.21936719745077,303.21935744719815,303.2193476902522,303.2193379496257,303.2193282437696,303.21931860157594,303.21930904408566,303.2192995922118,303.21929027360574,303.21928110345726,303.21927210484006,303.21926330096977,303.21925470589565,303.21924634552795,303.2192382361464,303.21923039247696,303.21922283294856,303.21921557520574,303.21920863240507,303.21920201603643
0.0312847115574055,303.1933879145638,303.1933876934284,303.193387062508,303.19338602432305,303.1933845793503,303.19338273087175,303.1933804880153,303.19337785511556,303.19337483583894,303.19337144164496,303.1933676827628,303.1933635655261,303.19335910243865,303.1933543046128,303.193349183636,303.19334375436586,303.1933380298446,303.19333202501485,303.19332575379906,303.19331923483713,303.19331248087684,303.19330551265847,303.1932983447248,303.1932909986429,303.19328348817146,303.1932758349119,303.193268057493,303.19326017550344,303.1932522062001,303.1932441720254,303.1932360917709,303.1932279824972,303.1932198680389,303.1932117674447,303.1932036953367,303.1931956765535,303.1931877283184,303.19317986778066,303.1931721187216,303.1931644928368,303.19315700958845,303.1931496886627,303.19314254089807,303.19313558880356,303.19312884560145,303.193122323116,303.19311603690346,303.1931100018845,303.193104228735,303.19309872664667
0.031784711557405504,303.1678672141637,303.16786702779984,303.1678665003443,303.1678656340277,303.1678644289372,303.1678628877482,303.1678610186913,303.1678588251737,303.16785630980723,303.1678534826661,303.1678503524858,303.16784692406685,303.1678432080992,303.167839213789,303.1678349506847,303.1678304314087,303.16782566670094,303.16782066905034,303.1678154498503,303.16781002500466,303.1678044045804,303.1677986063634,303.1677926420196,303.1677865300018,303.16778028108627,303.1677739136498,303.16776744312546,303.167760885847,303.1677542558449,303.16774757218934,303.16774085037605,303.1677341042075,303.16772735409944,303.1677206158095,303.16771390079555,303.1677072305112,303.16770061901457,303.1676940803338,303.1676876350183,303.1676812918818,303.1676750673805,303.1676689782602,303.1676630327114,303.16765725039625,303.16765164200456,303.1676462169594,303.1676409884258,303.16763596905645,303.1676311674722,303.16762659096383
0.032284711557405504,303.142961573583,303.1429614161596,303.14296097471816,303.14296025124554,303.1429592455122,303.1429579596908,303.1429564012524,303.14295457283816,303.14295247619367,303.1429501202298,303.142947512437,303.1429446563518,303.14294156115113,303.14293823445854,303.1429346841301,303.1429309209258,303.14292695367527,303.1429227928277,303.14291844767945,303.1429139318526,303.1429092531988,303.14290442703793,303.1428994626549,303.14289437590446,303.1428891750995,303.1428838759291,303.1428784911726,303.14287303445894,303.1428675171452,303.14286195549107,303.14285636225713,303.1428507485477,303.14284513192507,303.14283952541484,303.1428339378613,303.1428283878888,303.14282288693147,303.1428174464299,303.1428120842316,303.14280680677587,303.14280162801595,303.1427965622469,303.142791615477,303.14278680498285,303.1427821393569,303.1427776260367,303.1427732761956,303.1427691005967,303.14276510615946,303.14276129860315
0.032784711557405505,303.11864659566527,303.11864646233965,303.1186460924232,303.11864548769745,303.1186446476761,303.1186435741153,303.11864227384166,303.11864074886415,303.1186390002175,303.11863703583515,303.1186348621677,303.1186324817116,303.1186299023806,303.1186271304838,303.11862417247346,303.11862103755624,303.1186177329768,303.1186142674884,303.1186106486489,303.1186068881759,303.11860299209195,303.1185989736564,303.1185948401851,303.1185906053631,303.1185862754707,303.1185818639549,303.1185773813917,303.1185728391614,303.11856824640677,303.11856361704383,303.1185589615632,303.1185542888355,303.11854961403986,303.1185449479334,303.1185402972039,303.11853567810766,303.11853109990466,303.11852657189024,303.11852210965054,303.1185177176717,303.1185134078212,303.11850919234985,303.11850507547047,303.1185010724573,303.118497190167,303.11849343439565,303.1184898146571,303.11848634013916,303.1184830163533,303.1184798477201
0.033284711557405505,303.09489934530444,303.094899232054,303.09489892163026,303.0948984156413,303.09489771339395,303.0948968162993,303.09489573063536,303.0948944578897,303.0948929985157,303.0948913596232,303.09488954679387,303.09488756166985,303.09488541110903,303.09488310032907,303.0948806346174,303.09487802188437,303.09487526806015,303.0948723804869,303.0948693652819,303.0948662325722,303.0948629868708,303.0948596397141,303.0948561967904,303.09485266997103,303.09484906386103,303.0948453900358,303.0948416572413,303.0948378749888,303.09483405058734,303.0948301959968,303.0948263198246,303.0948224290929,303.09481853698804,303.09481465238406,303.094810780191,303.09480693468095,303.09480312331254,303.0947993536033,303.0947956392444,303.0947919831174,303.0947883953511,303.09478488648983,303.0947814592713,303.09477812728665,303.09477489595577,303.0947717697196,303.0947687567082,303.09476586479536,303.0947630983273,303.0947604606533
0.033784711557405506,303.07169823044904,303.07169813393176,303.0716978730069,303.07169744913585,303.07169686145966,303.0716961111037,303.07169520387754,303.0716941408393,303.0716929219677,303.0716915536774,303.07169004082385,303.07168838434785,303.07168659022426,303.07168466276437,303.0716826062893,303.07168042762686,303.0716781316166,303.071675724427,303.07167321098177,303.0716706000776,303.07166789498405,303.07166510579464,303.0716622368535,303.0716592985146,303.07165629400345,303.07165323333203,303.07165012372656,303.07164697314386,303.0716437873753,303.0716405767473,303.07163734830453,303.0716341075403,303.07163086597336,303.07162763091407,303.0716244058088,303.0716212032651,303.0716180292496,303.0716148898067,303.07161179703763,303.07160875250804,303.0716057648968,303.07160284332235,303.0715999893125,303.0715972150409,303.0715945247399,303.0715919217318,303.0715894129919,303.0715870052974,303.0715847020312,303.0715825056589
0.034284711557405506,303.0490228957419,303.0490228131803,303.04902259345215,303.0490222378943,303.0490217455159,303.049021117206,303.04902035837245,303.0490194697203,303.04901845084197,303.04901730756416,303.0490160441341,303.0490146609187,303.0490131631533,303.04901155439643,303.04900983816765,303.0490080203899,303.04900610499845,303.04900409718493,303.0490020008841,303.0489998237798,303.0489975681178,303.0489952427822,303.04899285100805,303.04899040187786,303.0489878974836,303.0489853465295,303.04898275498,303.04898012949866,303.04897747462184,303.04897479931003,303.0489721093114,303.0489694088564,303.0489667080657,303.0489640129517,303.0489613257576,303.04895865769214,303.04895601348653,303.04895339796565,303.0489508218938,303.04894828576084,303.0489457970346,303.04894336364157,303.0489409861194,303.0489386754458,303.0489364348714,303.04893426679655,303.0489321772327,303.04893017204046,303.04892825380705,303.0489264242703
0.03478471155740551,303.0268541271472,303.02685405623265,303.02685387080317,303.0268535720896,303.02685315899714,303.0268526322193,303.02685199681827,303.0268512532094,303.02685040067195,303.0268494445337,303.0268483885322,303.0268472325659,303.0268459812499,303.0268446375178,303.0268432042243,303.02684168653536,303.0268400876362,303.0268384119053,303.0268366624592,303.0268348460485,303.02683296407804,303.0268310244166,303.026829029385,303.0268269869995,303.0268248984217,303.0268227712613,303.0268206104346,303.0268184215296,303.0268162080447,303.02681397779793,303.02681173546193,303.0268094842241,303.0268072330321,303.026804986821,303.02680274684644,303.02680052313957,303.02679831940975,303.0267961394719,303.0267939929651,303.0267918795013,303.02678980553685,303.02678777800026,303.0267857966213,303.02678387136575,303.02678200467403,303.02678019818774,303.02677845711247,303.02677678654254,303.0267751884085,303.02677366384955
0.03528471155740551,303.0051737661634,303.0051737049765,303.00517354811325,303.00517329671396,303.005172949603,303.00517250731224,303.0051719746051,303.00517135165944,303.0051706375023,303.0051698370368,303.0051689535724,303.00516798662693,303.00516694029426,303.00516581698906,303.00516461901503,303.0051633509039,303.00516201521907,303.0051606156621,303.00515915467207,303.00515763821716,303.00515606701214,303.0051544480721,303.0051527829655,303.0051510788126,303.0051493360136,303.0051475612607,303.0051457585997,303.0051439327236,303.00514208627385,303.00514022611094,303.0051383560158,303.00513647831525,303.0051346009715,303.0051327280248,303.0051308599229,303.00512900570305,303.00512716823,303.00512535048296,303.0051235611518,303.0051217991348,303.0051200700425,303.0051183799668,303.00511672798064,303.0051151231915,303.0051135673716,303.005112061539,303.0051106102254,303.0051092178834,303.00510788590213,303.00510661492933
0.03578471155740551,302.9839646324236,302.98396457936815,302.9839644463066,302.9839642343015,302.98396394211534,302.9839635701469,302.9839631228997,302.9839626003579,302.98396200134613,302.983961330405,302.98396059048446,302.98395978079327,302.9839589049874,302.9839579650504,302.9839569628293,302.98395590232394,302.9839547855826,302.98395361574273,302.9839523946835,302.9839511277151,302.98394981498814,302.9839484627983,302.98394707209593,302.98394564924735,302.98394419403087,302.9839427123689,302.9839412075844,302.9839396836253,302.9839381424258,302.9839365900434,302.9839350295196,302.98393346247263,302.98393189603456,302.9839303335034,302.98392877466654,302.98392722772184,302.98392569483576,302.9839241782969,302.98392268599207,302.9839212162422,302.98391977394965,302.98391836450423,302.98391698644684,302.9839156481551,302.9839143508508,302.98391309504046,302.98391188469145,302.98391072371857,302.98390961306524,302.98390855297674
0.03628471155740551,302.96321045365863,302.96321040740696,302.9632102941861,302.9632101149921,302.963209868541,302.9632095551215,302.96320917901096,302.9632087400351,302.96320823685795,302.96320767370946,302.9632070532367,302.9632063743994,302.9632056404843,302.9632048531172,302.96320401376676,302.9632031259859,302.96320219139636,302.96320121266547,302.9632001912098,302.9631991317857,302.96319803408346,302.9631969037916,302.9631957413533,302.9631945524994,302.96319333650234,302.96319209863714,302.9631908416266,302.9631895687984,302.963188281504,302.9631869851261,302.96318568209364,302.9631843734418,302.9631830656023,302.9631817612574,302.9631804596573,302.96317916828787,302.9631778887395,302.96317662273043,302.96317537746665,302.96317415080415,302.96317294705176,302.96317177100923,302.96317062078873,302.96316950414484,302.96316842184694,302.9631673739831,302.9631663640472,302.9631653955031,302.9631644689275,302.96316358423695
0.03678471155740551,302.9428958021443,302.94289576159156,302.9428956649182,302.94289551306235,302.9428953047068,302.9428950400496,302.9428947231692,302.9428943537633,302.9428939303691,302.94289345694955,302.94289293589594,302.94289236596853,302.94289175014234,302.9428910897459,302.94289038593496,302.94288964188615,302.9428888588684,302.94288803915686,302.94288718378624,302.94288629704596,302.9428853782519,302.94288443257875,302.9428834600552,302.94288246587496,302.9428814489003,302.94288041386125,302.94287936298247,302.9428782990748,302.94287722301044,302.942876139604,302.9428750507771,302.94287395708636,302.9428728643713,302.9428717748032,302.94287068719694,302.9428696084333,302.94286853962774,302.94286748202785,302.942866442261,302.94286541781105,302.94286441248875,302.942863430597,302.94286246990487,302.94286153763335,302.9428606341803,302.9428597592924,302.9428589160663,302.9428581075864,302.9428573341289,302.94285659534245
0.03728471155740551,302.9230060368752,302.923006001102,302.9230059182373,302.92300578916917,302.9230056125575,302.9230053885257,302.923005120977,302.9230048095053,302.9230044525496,302.9230040538421,302.92300361555755,302.92300313629784,302.92300261877386,302.9230020640678,302.9230014730761,302.9230008486586,302.92300019179197,302.9229995044244,302.9229987872761,302.9229980442411,302.9229972743328,302.92299648228993,302.92299566780287,302.9229948356104,302.9229939842444,302.92299311797467,302.9229922386124,302.9229913485382,302.92299044823017,302.92298954202425,302.9229886314221,302.9229877165881,302.92298680286,302.92298589198515,302.92298498242735,302.9229840805516,302.9229831870825,302.92298230287963,302.9229814340767,302.9229805778626,302.9229797376296,302.9229789172612,302.92297811425374,302.92297733537,302.9229765807033,302.92297584972283,302.9229751451912,302.92297446987334,302.9229738237992,302.9229732064006
0.03778471155740551,302.9035272508148,302.9035272190556,302.90352714772155,302.9035270376569,302.90352688750727,302.90352669733494,302.9035264708873,302.9035262076753,302.90352590606267,302.90352556958123,302.9035252002225,302.90352479646344,302.9035243607909,302.9035238940825,302.90352339702054,302.9035228721969,302.9035223203472,302.90352174314626,302.90352114105536,302.90352051763415,302.90351987165184,302.90351920747645,302.9035185245235,302.90351782714527,302.9035171136089,302.90351638779515,302.90351565117237,302.90351490576177,302.90351415171915,302.9035133929758,302.9035126306859,302.9035118646934,302.9035110999095,302.9035103377303,302.90350957633814,302.9035088216565,302.903508074089,302.90350733417597,302.90350660762874,302.90350589140456,302.9035051885433,302.90350450257387,302.9035038307785,302.9035031795239,302.90350254865507,302.9035019374164,302.9035013482892,302.9035007837686,302.90350024368416,302.90349972729206
0.03828471155740551,302.88444622265575,302.88444619427304,302.88444613257434,302.8844460383657,302.88444591028525,302.8844457483453,302.8844455561542,302.8844453331567,302.88444507766025,302.8844447930222,302.884444481078,302.8844441402077,302.8844437727073,302.884443379285,302.8844429604457,302.88444251855503,302.8844420541491,302.8844415686747,302.8844410623803,302.88444053854107,302.8844399957313,302.8844394380025,302.88443886454775,302.8844382793903,302.88443768058653,302.8844370716876,302.884436453877,302.88443582887714,302.8844351965797,302.88443456057325,302.88443392172496,302.88443327961807,302.8844326387997,302.8844320003748,302.88443136230217,302.8844307301262,302.88443010398714,302.88442948416315,302.8844288760026,302.8844282762836,302.88442768774877,302.8844271136264,302.8844265510327,302.88442600599086,302.8844254781437,302.8844249665549,302.8844244734678,302.88442400115014,302.8844235492678,302.8844231169366
0.03878471155740551,302.8657503726029,302.8657503470655,302.86575029342526,302.8657502124542,302.865750102789,302.8657499644009,302.8657498007734,302.86574961129907,302.865749394245,302.8657491528153,302.8657488887121,302.8657486002419,302.86574828953763,302.8657479571666,302.8657476034881,302.8657472306749,302.86574683909896,302.86574643001643,302.8657460035014,302.8657455625863,302.86574510569096,302.8657446365958,302.86574415431505,302.8657436625904,302.86574315931273,302.86574264775277,302.8657421288581,302.8657416041011,302.865741073159,302.8657405393291,302.8657400032416,302.865739464268,302.8657389266442,302.86573839123434,302.8657378558208,302.86573732562096,302.86573680056,302.8657362807011,302.8657357710796,302.8657352683375,302.8657347749662,302.8657342939383,302.8657338222439,302.8657333656066,302.86573292350533,302.86573249485923,302.8657320817107,302.86573168613404,302.8657313076632,302.86573094530195
0.03928471155740551,302.8474277217538,302.84742769861896,302.8474276517246,302.84742758181267,302.84742748752257,302.84742736879247,302.8474272289929,302.8474270674758,302.8474268824807,302.8474266770767,302.8474264528519,302.8474262080577,302.8474259446875,302.847425663192,302.8474253638101,302.8474250485507,302.84742471765054,302.8474243722061,302.84742401214885,302.847423640304,302.84742325497,302.84742285969406,302.84742245334746,302.84742203943057,302.8474216157057,302.84742118520444,302.84742074867864,302.8474203073925,302.8474198608485,302.8474194120963,302.84741896157044,302.84741850847195,302.8474180567691,302.8474176071265,302.84741715718985,302.8474167118934,302.84741627098657,302.8474158343572,302.84741540676896,302.84741498476353,302.8474145706193,302.8474141670911,302.847413771075,302.8474133880326,302.84741301731054,302.8474126577132,302.8474123111125,302.8474119794187,302.8474116620593,302.8474113579496
0.03978471155740551,302.8294668547045,302.8294668336033,302.8294667923621,302.82946673169613,302.82946665025156,302.82946654793955,302.829466428028,302.8294662898375,302.82946613159095,302.8294659562372,302.8294657652666,302.8294655568912,302.829465332984,302.8294650938993,302.8294648397769,302.8294645724857,302.82946429215133,302.8294639997364,302.8294636950565,302.8294633807584,302.82946305504703,302.8294627212681,302.82946237817987,302.82946202907453,302.8294616716167,302.8294613086329,302.8294609407132,302.82946056894764,302.8294601926978,302.82945981480157,302.8294594355324,302.8294590539545,302.8294586738055,302.829458295585,302.82945791683454,302.8294575422414,302.8294571714127,302.8294568040933,302.8294564448103,302.8294560900343,302.8294557418626,302.82945540286346,302.8294550698664,302.82945474810145,302.82945443680967,302.8294541347054,302.82945384351547,302.82945356501034,302.82945329853214,302.82945304292775
0.04028471155740551,302.8118568850586,302.811856865683,302.8118568291852,302.81185677625626,302.8118567055519,302.8118566169616,302.81185651365945,302.8118563949427,302.8118562590257,302.8118561087507,302.81185594552323,302.8118557675286,302.81185557653606,302.81185537281976,302.8118551564386,302.8118549291411,302.8118546909618,302.81185444275127,302.8118541842307,302.81185391789325,302.811853641873,302.8118533593408,302.81185306896623,302.81185277386174,302.81185247161886,302.81185216488853,302.8118518541264,302.8118515402772,302.8118512225893,302.811850903719,302.8118505838073,302.81185026180964,302.81184994126363,302.8118496225327,302.81184930308075,302.8118489873792,302.81184867492004,302.81184836533214,302.81184806293544,302.8118477641533,302.8118474709289,302.81184718567005,302.8118469051616,302.8118466344286,302.811846372628,302.8118461184047,302.8118458733619,302.81184563914985,302.81184541504365,302.8118451998374
0.04078471155740551,302.7945874235533,302.7945874056463,302.79458737313405,302.7945873266857,302.7945872649691,302.79458718785634,302.794587098435,302.79458699598547,302.7945868787209,302.7945867493873,302.7945866093169,302.794586456679,302.79458629315224,302.79458611894495,302.7945859340492,302.79458574011045,302.7945855370885,302.7945853257397,302.7945851057092,302.794584879357,302.7945846447649,302.7945844049515,302.79458415851803,302.79458390842024,302.79458365219773,302.79458339234975,302.79458312922094,302.7945828636341,302.79458259474796,302.79458232506175,302.7945820546084,302.7945817822574,302.79458151137226,302.7945812422042,302.79458097216127,302.7945807055251,302.79458044169496,302.7945801802063,302.79457992519656,302.79457967306155,302.7945794256124,302.79457918511883,302.7945789483389,302.79457872011466,302.7945784995371,302.7945782851986,302.79457807859626,302.7945778812775,302.79457769246454,302.7945775109122
0.04128471155740551,302.7776485485534,302.7776485319004,302.77764850274224,302.7776484617284,302.7776484075405,302.7776483400367,302.77764826222494,302.7776481733739,302.7776480717009,302.7776479598654,302.7776478391356,302.77764770767305,302.77764756707774,302.77764741750315,302.7776472588873,302.7776470927859,302.7776469190982,302.7776467385013,302.7776465505792,302.77764635757603,302.7776461575369,302.7776459533464,302.7776457435546,302.7776455309802,302.77764531312783,302.777645092365,302.77764486894495,302.77764464358836,302.7776444153829,302.7776441866925,302.7776439574613,302.7776437264921,302.77764349699606,302.77764326913183,302.7776430402699,302.7776428145236,302.77764259121847,302.777642369815,302.7776421542891,302.77764194102474,302.77764173171994,302.77764152852455,302.7776413281846,302.77764113537813,302.77764094914494,302.77764076803857,302.7776405934651,302.77764042688324,302.7776402674741,302.7776401139646
0.04178471155740551,302.76103077869266,302.76103076311426,302.761030736784,302.7610307003333,302.76103065245894,302.7610305930085,302.7610305249154,302.76103044744093,302.76103035881164,302.76103026160797,302.76103015704194,302.76103004327456,302.7610299218365,302.7610297928362,302.7610296561676,302.7610295133085,302.761029364109,302.76102920917924,302.7610290480548,302.76102888287807,302.76102871167024,302.76102853719794,302.7610283579735,302.7610281766953,302.76102799084686,302.76102780268104,302.7610276123755,302.76102742056537,302.7610272262832,302.76102703177503,302.7610268369125,302.76102664044794,302.76102644545807,302.76102625202543,302.7610260574979,302.76102586583875,302.7610256763155,302.7610254883288,302.7610253057107,302.76102512484647,302.7610249473366,302.76102477522636,302.7610246052618,302.761024441973,302.7610242843606,302.76102413095106,302.7610239830716,302.761023842104,302.76102370719866,302.761023577063
0.04228471155740551,302.7447250474671,302.7447250328132,302.7447250088722,302.74472497625857,302.74472493368586,302.744724880993,302.7447248210438,302.7447247530962,302.744724675389,302.7447245904307,302.7447244993839,302.7447244004144,302.7447242949919,302.7447241831876,302.74472406485984,302.7447239414183,302.7447238126732,302.74472367917855,302.7447235404313,302.7447233984849,302.7447232513464,302.7447231016779,302.7447229479654,302.7447227928009,302.74472263365817,302.74472247268983,302.7447223100109,302.74472214618504,302.7447219802025,302.7447218142061,302.7447216480091,302.7447214803259,302.7447213141142,302.7447211493944,302.74472098350344,302.7447208202706,302.74472065891763,302.7447204987985,302.74472034361594,302.74472018976735,302.74472003876855,302.7447198925733,302.74471974793744,302.74471960925644,302.74471947550217,302.7447193451831,302.7447192195583,302.7447190999424,302.7447189854632,302.7447188748161
0.042784711557405514,302.7287226796071,302.7287226657521,302.7287226438343,302.7287226144529,302.72872257633855,302.7287225293237,302.72872247620705,302.7287224162456,302.72872234769386,302.72872227299376,302.72872219326416,302.7287221066804,302.7287220146577,302.7287219172369,302.7287218142474,302.72872170703937,302.7287215953909,302.7287214798083,302.7287213597588,302.7287212372166,302.7287211101836,302.7287209812283,302.7287208488199,302.72872071545555,302.72872057860866,302.72872044034347,302.72872030072364,302.7287201602526,302.7287200178889,302.7287198756851,302.7287197334068,302.72871958974144,302.7287194475409,302.7287193067743,302.7287191647779,302.72871902525964,302.72871888740684,302.7287187505367,302.7287186182357,302.7287184869215,302.7287183580362,302.7287182334531,302.7287181099458,302.7287179917867,302.7287178779268,302.72871776686475,302.7287176597998,302.7287175579883,302.7287174605417,302.7287173661498
0.043284711557405514,302.71301536907424,302.71301535591306,302.7130153357133,302.71301530905976,302.71301527470087,302.71301523246467,302.713015185088,302.71301513182954,302.71301507096155,302.71301500486464,302.7130149346184,302.71301485841144,302.7130147776105,302.71301469223124,302.7130146020801,302.7130145084543,302.71301441110677,302.71301431050324,302.713014206088,302.71301409976496,302.71301398953744,302.7130138778902,302.7130137632828,302.71301364812786,302.7130135299059,302.7130134106027,302.71301329023976,302.71301316926997,302.71301304662904,302.71301292428944,302.71301280197883,302.7130126783662,302.7130125562088,302.7130124354337,302.7130123133846,302.71301219365944,302.71301207541944,302.7130119579541,302.713011844744,302.7130117322342,302.7130116218022,302.7130115152502,302.71301140937544,302.7130113083371,302.7130112110728,302.71301111607704,302.71301102449695,302.71301093753726,302.7130108542989,302.7130107734707
0.043784711557405515,302.6975951585466,302.6975951459908,302.6975951272542,302.69759510290794,302.69759507171875,302.69759503351145,302.6975949909644,302.69759494333977,302.69759488892953,302.69759483005697,302.69759476776676,302.6975947002635,302.69759462887015,302.697594553582,302.69759447418716,302.69759439193604,302.6975943065614,302.69759421849454,302.6975941271628,302.69759403440696,302.69759393823733,302.69759384106294,302.69759374134,302.69759364140504,302.6975935387517,302.69759343529586,302.6975933310247,302.69759322634786,302.69759312018607,302.6975930144405,302.6975929088083,302.69759280194774,302.69759269653,302.69759259244864,302.6975924870608,302.69759238386416,302.6975922820011,302.6975921807404,302.69759208346596,302.69759198665554,302.6975918916301,302.69759180012807,302.6975917089756,302.69759162222726,302.6975915388125,302.69759145722713,302.6975913785722,302.69759130400655,302.6975912326254,302.6975911631207
0.044284711557405515,302.6824544202671,302.68245440824256,302.68245439075616,302.6824543683664,302.68245433985845,302.6824543050548,302.6824542665787,302.6824542236969,302.68245417472264,302.6824541219256,302.68245406631894,302.6824540061254,302.6824539426286,302.6824538758069,302.6824538054342,302.682453732719,302.6824536573784,302.68245357981414,302.68245349944164,302.6824534180445,302.6824533336447,302.6824532485822,302.68245316131527,302.68245307411115,302.68245298448153,302.6824528942797,302.6824528034646,302.68245271240994,302.6824526200266,302.68245252815217,302.68245243646004,302.6824523436032,302.68245225217504,302.6824521620417,302.6824520705794,302.68245198119337,302.6824518930132,302.68245180529277,302.68245172132737,302.6824516376315,302.68245155547595,302.6824514765422,302.6824513976892,302.6824513228741,302.68245125102294,302.6824511806368,302.682451112776,302.6824510485586,302.6824509870776,302.6824509270312
0.044784711557405515,302.6675858381472,302.6675858265917,302.66758581017757,302.66758578945144,302.6675857632171,302.66758573129584,302.6675856962579,302.6675856573763,302.6675856129863,302.6675855653075,302.66758551532394,302.6675854612786,302.6675854044192,302.6675853447104,302.6675852819152,302.66758521720413,302.6675851502823,302.6675850815267,302.66758501034394,302.66758493846606,302.6675848639304,302.66758478901374,302.6675847121802,302.66758463563406,302.6675845569089,302.6675844778015,302.6675843982478,302.6675843185909,302.6675842377372,302.6675841574667,302.6675840774343,302.6675839962927,302.6675839165642,302.6675838380929,302.66758375827794,302.6675836804395,302.66758360369903,302.66758352730056,302.66758345445714,302.66758338172355,302.667583310326,302.66758324189425,302.66758317332335,302.66758310847945,302.66758304628866,302.6675829852609,302.66758292642,302.66758287084747,302.667582817637,302.66758276549604
0.045284711557405516,302.6529823910253,302.6529823798863,302.65298236439565,302.6529823450887,302.6529823207879,302.65298229131395,302.6529822591865,302.65298222368585,302.65298218317,302.65298213981106,302.6529820945668,302.6529820457017,302.6529819944304,302.6529819407066,302.6529818842848,302.65298182630164,302.6529817664532,302.65298170509453,302.6529816416275,302.6529815777368,302.6529815114779,302.65298144506914,302.65298137698437,302.6529813093697,302.65298123978386,302.6529811699721,302.65298109985207,302.65298102974054,302.6529809585435,302.6529808879888,302.6529808177172,302.65298074638497,302.652980676449,302.65298060773614,302.6529805376714,302.652980469496,302.6529804023272,302.65298033540324,302.65298027186077,302.6529802082973,302.65298014589894,302.6529800862488,302.65298002628015,302.6529799697735,302.6529799156584,302.6529798624562,302.6529798111578,302.6529797628119,302.65297971651546,302.6529796709866
0.045784711557405516,302.6386373369906,302.6386373262238,302.638637311532,302.63863729343996,302.63863727078865,302.6386372433989,302.6386372137418,302.63863718110554,302.6386371438715,302.6386371041669,302.638637062925,302.638637018433,302.63863697187514,302.63863692319615,302.63863687214456,302.6386368198256,302.63863676592905,302.6386367107913,302.6386366538117,302.6386365966316,302.63863653732665,302.6386364780616,302.6386364173219,302.6386363572006,302.6386362952836,302.63863623326927,302.6386361710603,302.63863610895123,302.6386360458507,302.63863598343914,302.6386359213467,302.63863585823634,302.6386357965046,302.6386357359646,302.63863567407003,302.6386356139881,302.6386355548354,302.63863549584727,302.63863544008916,302.6386353842032,302.6386353293394,302.6386352770381,302.6386352242725,302.63863517474266,302.6386351273837,302.63863508073035,302.6386350357442,302.6386349934438,302.63863495293145,302.6386349129379
0.04628471155740552,302.6245441986914,302.6245441882593,302.6245441742621,302.62454415721413,302.6245441359751,302.6245441103663,302.6245440828121,302.62454405260917,302.62454401816274,302.62454398155705,302.6245439437031,302.62454390291117,302.6245438603374,302.6245438159193,302.6245437694014,302.62454372186005,302.62454367298074,302.6245436230837,302.62454357156787,302.62454352003454,302.62454346658143,302.62454341332307,302.62454335875907,302.62454330493284,302.6245432494596,302.6245431939943,302.6245431384279,302.624543083036,302.6245430267323,302.6245429711537,302.6245429159228,302.62454285971194,302.62454280486145,302.6245427511736,302.62454269613283,302.624542642837,302.6245425904044,302.6245425380706,302.62454248883375,302.6245424393821,302.62454239083286,302.62454234468703,302.62454229795924,302.6245422542729,302.624542212571,302.6245421714034,302.62454213170474,302.6245420944662,302.624542058797,302.62454202344173
0.04678471155740552,302.6106967495552,302.610696739426,302.61069672603594,302.6106967098892,302.6106966898641,302.6106966657827,302.61069664002457,302.6106966118953,302.61069657982387,302.6106965458538,302.61069651087496,302.6106964732217,302.6106964340237,302.61069639321283,302.61069635053093,302.610696307028,302.6106962623866,302.610696216913,302.6106961700076,302.6106961232344,302.6106960747144,302.6106960265153,302.6106959771523,302.6106959286226,302.610695878572,302.6106958286157,302.61069577863486,302.61069572888914,302.6106956782992,302.6106956284621,302.61069557899503,302.6106955285818,302.61069547951024,302.6106954315743,302.61069538229077,302.61069533469174,302.61069528789983,302.6106952411525,302.6106951973847,302.61069515333173,302.61069511008077,302.6106950690965,302.61069502743555,302.6106949886489,302.6106949516885,302.610694915121,302.6106948798563,302.6106948468604,302.61069481525044,302.61069478378624
0.04728471155740552,302.5970890008528,302.5970889909996,302.59708897814323,302.59708896277823,302.597088943801,302.5970889210352,302.59708889681684,302.5970888704606,302.5970888404196,302.5970888086983,302.59708877616674,302.5970887411836,302.5970887048537,302.5970886671048,302.59708862767695,302.59708858759575,302.5970885465425,302.5970885048109,302.59708846180445,302.597088419052,302.5970883746991,302.59708833076934,302.5970882857949,302.5970882417295,302.5970881962507,302.5970881509363,302.59708810566025,302.59708806066794,302.59708801488944,302.59708796988406,302.5970879252661,302.5970878797324,302.59708783552117,302.5970877924203,302.59708774798014,302.5970877051705,302.5970876631197,302.59708762106914,302.5970875818938,302.59708754237664,302.5970875035772,302.5970874669263,302.5970874295234,302.59708739484995,302.59708736186855,302.59708732916323,302.59708729762133,302.5970872681855,302.597087239982,302.5970872117863
0.04778471155740552,302.58371518954726,302.58371517994715,302.58371516756256,302.58371515287905,302.583715134811,302.58371511318336,302.5837150902904,302.58371506545626,302.5837150371578,302.58371500736195,302.5837149769205,302.5837149442162,302.5837149103308,302.58371487518866,302.5837148385293,302.5837148013553,302.58371476334804,302.58371472479007,302.5837146850889,302.58371464574077,302.5837146049164,302.58371456459724,302.5837145233339,302.583714483039,302.58371444142244,302.58371440002725,302.5837143587216,302.5837143177389,302.58371427601935,302.58371423508765,302.58371419455636,302.5837141531367,302.5837141130204,302.58371407399073,302.58371403363213,302.5837139948555,302.5837139567962,302.58371391870094,302.58371388338776,302.5837138476873,302.58371381263373,302.58371377962624,302.58371374580724,302.5837137145918,302.583713684954,302.5837136554961,302.5837136270844,302.58371360063995,302.5837135752989,302.58371354985286
0.04828471155740552,302.57056976687056,302.5705697575039,302.5705697455391,302.5705697314531,302.5705697141777,302.57056969353994,302.570569671793,302.570569648271,302.5705696214743,302.5705695933339,302.57056956468404,302.5705695339319,302.57056950213723,302.57056946922177,302.57056943492546,302.5705694002294,302.5705693648156,302.570569328957,302.5705692920659,302.5705692556078,302.57056921777894,302.57056918052126,302.570569142404,302.57056910530093,302.57056906695493,302.5705690288762,302.5705689909288,302.5705689533353,302.5705689150475,302.5705688775573,302.57056884047716,302.57056880253356,302.57056876587393,302.5705687302787,302.5705686933667,302.5705686579926,302.5705686233,302.5705685885421,302.5705685564822,302.5705685239992,302.57056849210335,302.57056846216426,302.57056843136735,302.5705684030638,302.5705683762401,302.5705683495173,302.570568323742,302.57056829981514,302.57056827688314,302.5705682537543
0.04878471155740552,302.55764738757904,302.55764737842907,302.55764736684023,302.5576473532811,302.55764733670077,302.55764731692824,302.5576472961774,302.5576472737917,302.55764724829555,302.55764722158466,302.5576471944769,302.55764716540386,302.5576471354043,302.5576471043981,302.55764707212626,302.5576470395495,302.55764700635143,302.55764697279625,302.55764693830207,302.55764690430476,302.5576468690267,302.5576468343721,302.55764679892945,302.5576467645358,302.5576467289668,302.5576466937019,302.5576466586019,302.5576466238804,302.55764658850126,302.55764655392545,302.5576465197665,302.55764648476685,302.5576464510318,302.5576464183401,302.5576463843452,302.55764635184806,302.55764632000125,302.5576462880652,302.55764625875133,302.5576462289862,302.55764619975787,302.5576461724078,302.55764614416444,302.5576461183178,302.5576460938668,302.55764606945206,302.5576460459016,302.5576460240972,302.55764600319645,302.5576459820245
0.04928471155740552,302.54494289984024,302.5449428908924,302.5449428796426,302.54494286655085,302.54494285058365,302.54494283157203,302.5449428116914,302.544942790295,302.5449427659306,302.54494274046033,302.54494271468604,302.54494268706367,302.54494265861206,302.5449426292498,302.54494259871944,302.5449425679625,302.5449425366646,302.5449425050823,302.5449424726397,302.544942440745,302.54494240764654,302.5449423752125,302.544942342051,302.5449423099639,302.54494227676014,302.54494224388964,302.54494221121115,302.54494217893,302.5449421460231,302.5449421139221,302.5449420822423,302.54494204974264,302.54494201848854,302.5449419882575,302.5449419567383,302.54494192667966,302.5449418972442,302.5449418677004,302.5449418407095,302.5449418132455,302.54494178627584,302.5449417611152,302.544941735035,302.5449417112657,302.5449416888196,302.54494166635675,302.5449416446879,302.5449416246769,302.54494160549245,302.54494158597674
0.04978471155740552,302.5324513357087,302.53245132695054,302.5324513160083,302.532451303334,302.5324512879111,302.53245126957256,302.5324512504566,302.5324512299262,302.53245120655225,302.5324511821641,302.53245115754873,302.53245113118595,302.53245110407556,302.53245107613543,302.5324510471099,302.53245101792237,302.532450988261,302.5324509583752,302.5324509276959,302.5324508976046,302.53245086637565,302.5324508358427,302.5324508046339,302.53245077451726,302.53245074333483,302.5324507125087,302.5324506818962,302.5324506516954,302.5324506208965,302.5324505909034,302.53245056133386,302.532450530964,302.53245050182056,302.5324504736809,302.53245044426876,302.5324504162831,302.5324503888967,302.53245036138657,302.5324503363658,302.53245031085555,302.53245028580363,302.5324502624992,302.5324502382562,302.5324502162478,302.5324501954999,302.53245017469203,302.5324501546187,302.53245013612644,302.5324501183957,302.53245010028564
0.05028471155740552,302.5201679021519,302.5201678935726,302.5201678829113,302.5201678706123,302.5201678556755,302.52016783793636,302.52016781949635,302.5201677997286,302.5201677772265,302.5201677537878,302.52016773018494,302.52016770492173,302.5201676789795,302.5201676522757,302.5201676245571,302.52016759672944,302.5201675684841,302.5201675400639,302.52016751090684,302.52016748236883,302.5201674527504,302.5201674238518,302.5201673943212,302.5201673658943,302.5201673364461,302.520167307372,302.52016727852856,302.5201672501074,302.52016722111256,302.5201671929211,302.52016716515413,302.52016713660487,302.52016710926307,302.5201670829067,302.5201670552941,302.5201670290762,302.5201670034365,302.5201669776609,302.520166954316,302.5201669304697,302.5201669070509,302.5201668853248,302.5201668626472,302.52016684213584,302.52016682283033,302.5201668034298,302.52016678471307,302.5201667675107,302.5201667510146,302.520166734101
0.05078471155740552,302.50808797259,302.50808796418005,302.508087953777,302.5080879418177,302.5080879273181,302.508087910116,302.50808789227756,302.50808787318545,302.50808785145557,302.5080878288549,302.508087806142,302.50808778184404,302.50808775692497,302.508087731302,302.5080877047244,302.50808767808144,302.5080876510676,302.5080876239198,302.5080875960834,302.5080875688895,302.5080875406649,302.50808751317754,302.50808748509587,302.5080874581241,302.50808743017035,302.508087402604,302.5080873752818,302.50808734838927,302.5080873209444,302.50808729429895,302.5080872680776,302.5080872410907,302.5080872152926,302.5080871904623,302.50808716439246,302.50808713968775,302.50808711554225,302.5080870912515,302.5080870693369,302.5080870469125,302.5080870248895,302.5080870045098,302.5080869831707,302.50808696393614,302.5080869458595,302.5080869276595,302.50808691010036,302.50808689399696,302.50808687855266,302.50808686266106
0.05128471155740552,302.496207078916,302.49620707066714,302.496207060503,302.4962070488531,302.4962070347493,302.49620701803184,302.49620700073217,302.4962069822426,302.4962069612012,302.4962069393449,302.49620691741893,302.49620689397375,302.4962068699561,302.4962068452835,302.49620681970805,302.4962067941029,302.49620676816596,302.4962067421288,302.4962067154441,302.4962066894196,302.49620666240753,302.49620663614496,302.4962066093203,302.4962065836077,302.4962065569477,302.49620653068513,302.4962065046767,302.4962064791031,302.49620645299603,302.4962064276829,302.4962064027924,302.4962063771523,302.4962063526825,302.4962063291633,302.49620630442183,302.4962062810174,302.49620625815555,302.4962062351411,302.49620621445183,302.4962061932473,302.4962061724219,302.4962061531949,302.4962061330048,302.4962061148632,302.4962060978375,302.4962060806656,302.49620606409775,302.49620604893374,302.4962060343889,302.4962060193736
0.05178471155740552,302.484520903966,302.484520895871,302.4845208859292,302.48452087456303,302.4845208608201,302.4845208445427,302.4845208277289,302.4845208097803,302.48452078935674,302.4845207681661,302.48452074694046,302.4845207242533,302.484520701035,302.48452067720336,302.4845206525134,302.48452062782275,302.48452060283324,302.48452057777115,302.48452055209685,302.4845205270951,302.48452050114383,302.4845204759499,302.4845204502217,302.4845204256043,302.4845204000702,302.48452037494064,302.48452035007284,302.4845203256427,302.48452030069603,302.4845202765367,302.4845202527976,302.48452022832396,302.4845202050023,302.48452018261486,302.48452015902245,302.4845201367407,302.48452011498625,302.4845200930738,302.4845200734386,302.4845200532854,302.4845200334919,302.48452001525607,302.48451999605675,302.4845199788547,302.48451996273104,302.4845199464433,302.48451993072786,302.48451991637023,302.48451990259747,302.48451988833665
0.05228471155740552,302.47302527441065,302.47302526646297,302.47302525672933,302.4730252456251,302.47302523221316,302.4730252163383,302.4730251999655,302.47302518250586,302.4730251626406,302.4730251420491,302.473025121451,302.4730250994423,302.4730250769374,302.47302505385466,302.4730250299522,302.47302500607276,302.4730249819219,302.4730249577211,302.4730249329387,302.47302490883703,302.47302488381916,302.4730248595632,302.4730248347969,302.4730248111374,302.47302478658884,302.4730247624493,302.473024738577,302.4730247151436,302.47302469120893,302.473024668054,302.47302464531623,302.4730246218582,302.4730245995342,302.47302457812845,302.4730245555351,302.4730245342274,302.47302451343336,302.4730244924771,302.4730244737531,302.47302445451004,302.47302443561017,302.47302441823035,302.4730243998895,302.47302438349874,302.47302436815306,302.473024352629,302.47302433765,302.47302432398766,302.47302431088065,302.47302429727273
0.05278471155740552,302.4617161540414,302.46171614623535,302.46171613669753,302.46171612583646,302.4617161127303,302.4617160972259,302.4617160812562,302.4617160642416,302.46171604488416,302.46171602483577,302.4617160048038,302.4617159834064,302.4617159615426,302.4617159391313,302.46171591593395,302.4617158927787,302.46171586937515,302.4617158459403,302.46171582195,302.4617157986454,302.4617157744543,302.46171575102653,302.4617157271095,302.4617157042929,302.461715680612,302.4617156573429,302.46171563434467,302.46171561178517,302.46171558873806,302.4617155664625,302.4617155446005,302.46171552203185,302.4617155005795,302.4617154800298,302.46171545831015,302.46171543785226,302.46171541789533,302.4617153977735,302.4617153798411,302.4617153613903,302.4617153432682,302.46171532663163,302.4617153090386,302.4617152933519,302.46171527868046,302.46171526381954,302.4617152494799,302.46171523642,302.4617152238899,302.4617152108498
0.05328471155740552,302.45058963742764,302.45058962975804,302.45058962040537,302.45058960977155,302.4505895969494,302.45058958178817,302.45058956618936,302.4505895495825,302.4505895306903,302.45058951113754,302.45058949161967,302.4505894707769,302.4505894494931,302.4505894276881,302.4505894051263,302.4505893826221,302.450589359889,302.45058933713983,302.45058931385796,302.4505892912638,302.45058926780985,302.45058924511824,302.45058922195574,302.4505891998855,302.4505891769736,302.4505891544744,302.4505891322486,302.4505891104598,302.4505890881962,302.4505890666953,302.4505890456038,302.45058902381874,302.45058900313245,302.45058898333394,302.4505889623828,302.45058894267055,302.45058892344775,302.4505889040583,302.45058888681746,302.4505888690602,302.45058885161916,302.4505888356313,302.45058881869346,302.4505888036213,302.45058878953716,302.45058877525526,302.45058876147397,302.4505887489388,302.4505887369113,302.4505887243679
0.05378471155740552,302.4396419439211,302.4396419363833,302.4396419272066,302.4396419167861,302.43964190422946,302.43964188938804,302.4396418741328,302.4396418579019,302.43964183943854,302.4396418203411,302.4396418012934,302.43964178095734,302.43964176020205,302.439641738948,302.4396417169633,302.4396416950484,302.43964167292086,302.43964165078967,302.43964162814586,302.4396416061894,302.4396415833971,302.4396415613643,302.4396415388768,302.43964151747184,302.43964149524595,302.4396414734325,302.43964145189346,302.4396414307892,302.43964140922157,302.4396413884073,302.43964136799826,302.43964134690805,302.4396413268994,302.43964130776396,302.4396412874933,302.4396412684395,302.4396412498645,302.43964123112187,302.4396412144888,302.4396411973425,302.4396411805012,302.43964116508323,302.43964114872296,302.4396411341903,302.4396411206209,302.4396411068475,302.43964109355665,302.4396410814812,302.4396410698942,302.43964105778775
0.054284711557405524,302.4288694119871,302.4288694045769,302.42886939556786,302.428869385349,302.42886937304183,302.42886935850026,302.42886934356494,302.42886932768306,302.4288693096177,302.4288692909413,302.4288692723266,302.4288692524565,302.4288692321859,302.4288692114362,302.42886918997885,302.42886916860107,302.4288691470245,302.4288691254542,302.4288691033888,302.42886908200876,302.4288690598146,302.4288690383754,302.428869016496,302.4288689956883,302.4288689740786,302.42886895288,302.428868931956,302.4288689114636,302.4288688905186,302.42886887031733,302.42886885051655,302.42886883004667,302.42886881064146,302.4288687920952,302.428868772431,302.4288687539625,302.4288687359629,302.4288687177953,302.4288687016999,302.4288686850952,302.4288686687858,302.4288686538714,302.4288686380236,302.4288686239675,302.4288686108522,302.4288685975282,302.4288685846709,302.42886857300084,302.4288685618022,302.428868550083
0.054784711557405524,302.4182684938427,302.41826848655626,302.4182684777078,302.4182684676801,302.41826845560865,302.4182684413496,302.4182684267142,302.41826841115824,302.41826839346425,302.41826837517965,302.4182683569662,302.4182683375274,302.4182683177044,302.41826829741956,302.41826827644746,302.41826825556257,302.4182682344907,302.418268213433,302.4182681918959,302.4182681710405,302.41826814939066,302.4182681284902,302.41826810716236,302.4182680868946,302.41826806584237,302.41826804519894,302.41826802482944,302.41826800488803,302.41826798450364,302.4182679648534,302.4182679455987,302.41826792568645,302.4182679068224,302.41826788880337,302.41826786968335,302.4182678517388,302.4182678342537,302.4182678166009,302.4182678009844,302.41826778486313,302.4182677690285,302.418267754562,302.41826773917217,302.41826772554003,302.4182677128276,302.4182676999037,302.41826768743215,302.4182676761219,302.418267665268,302.4182676538939
0.055284711557405525,302.4078357503831,302.4078357432169,302.4078357345227,302.4078357246771,302.4078357128294,302.40783569883797,302.40783568448506,302.40783566923517,302.40783565188997,302.4078356339721,302.40783561613284,302.4078355970958,302.40783557768873,302.40783555783497,302.40783553731245,302.40783551688304,302.40783549627633,302.4078354756905,302.407835454639,302.40783543426437,302.4078354131136,302.40783539270546,302.40783537188145,302.40783535210517,302.4078353315608,302.4078353114222,302.40783529155635,302.4078352721144,302.40783525223867,302.40783523308716,302.40783521432616,302.40783519491885,302.40783517654336,302.4078351589994,302.4078351403713,302.407835122899,302.40783510587727,302.40783508868856,302.4078350735014,302.40783505781474,302.4078350424068,302.4078350283418,302.4078350133639,302.40783500011145,302.4078349877593,302.4078349751938,302.40783496306807,302.4078349520792,302.40783494153345,302.40783493046933
0.055784711557405525,302.3975678463797,302.39756783933046,302.39756783078485,302.39756782111357,302.39756780947914,302.3975677957422,302.3975677816569,302.39756776669594,302.39756774968,302.39756773210735,302.39756771461896,302.39756769595846,302.3975676769403,302.3975676574888,302.3975676373853,302.3975676173792,302.39756759720456,302.3975675770556,302.39756755645374,302.39756753652284,302.39756751583246,302.3975674958773,302.39756747551684,302.397567456191,302.3975674361126,302.3975674164364,302.39756739703114,302.3975673780452,302.39756735863415,302.39756733993727,302.39756732162573,302.3975673026788,302.39756728474777,302.3975672676348,302.3975672494546,302.3975672324109,302.39756721580954,302.3975671990422,302.397567184243,302.39756716894965,302.3975671539282,302.39756714022536,302.39756712562075,302.3975671127107,302.39756710068286,302.39756708844084,302.3975670766271,302.3975670659276,302.3975670556592,302.39756704487536
0.056284711557405526,302.3874615459333,302.3874615389981,302.38746153059594,302.38746152109195,302.38746150966165,302.3874614961679,302.38746148233713,302.3874614676503,302.3874614509466,302.38746143370065,302.38746141654315,302.3874613982374,302.3874613795849,302.3874613605111,302.3874613408004,302.38746132119053,302.38746130141925,302.3874612816777,302.38746126149454,302.38746124197564,302.38746122171307,302.3874612021776,302.3874611822463,302.38746116333624,302.38746114368814,302.3874611244383,302.3874611054572,302.3874610868906,302.387461067907,302.3874610496275,302.3874610317282,302.387461013204,302.38746099567993,302.3874609789611,302.3874609611913,302.38746094453955,302.3874609283222,302.38746091194025,302.3874608974937,302.38746088255925,302.38746086789,302.38746085451635,302.3874608402525,302.3874608276535,302.3874608159198,302.38746080397175,302.38746079244174,302.3874607820045,302.3874607719875,302.38746076145907
0.056784711557405526,302.3775137081678,302.37751370134373,302.3775136930806,302.3775136837376,302.37751367250337,302.37751365924277,302.3775136456552,302.37751363122965,302.37751361482344,302.3775135978881,302.3775135810441,302.37751356307444,302.3775135447677,302.3775135260503,302.37751350671005,302.37751348747287,302.37751346808056,302.3775134487211,302.37751342893023,302.3775134097965,302.3775133899337,302.3775133707894,302.37751335125813,302.3775133327345,302.3775133134865,302.3775132946323,302.3775132760445,302.37751325786604,302.37751323927836,302.3775132213847,302.37751320386593,302.37751318573254,302.3775131685838,302.3775131522277,302.3775131348368,302.3775131185459,302.3775131026818,302.3775130866547,302.3775130725315,302.3775130579263,302.37751304358073,302.37751303050834,302.3775130165576,302.3775130042434,302.3775129927781,302.3775129810993,302.3775129698289,302.3775129596312,302.3775129498438,302.3775129395496
0.05728471155740553,302.36772128315033,302.36772127643474,302.36772126830647,302.367721259119,302.3677212480737,302.3677212350373,302.3677212216829,302.36772120750743,302.36772119138584,302.367721174747,302.3677211582017,302.36772114055174,302.3677211225733,302.36772110419406,302.36772108520495,302.3677210663203,302.36772104728595,302.3677210282868,302.36772100886566,302.367720990094,302.3677209706071,302.3677209518297,302.3677209326735,302.3677209145111,302.3677208956373,302.3677208771529,302.36772085893193,302.3677208411151,302.3677208228965,302.36772080536184,302.3677207881968,302.3677207704271,302.3677207536269,302.3677207376069,302.36772072056806,302.36772070461166,302.3677206890748,302.36772067337665,302.36772065955165,302.3677206452511,302.3677206312047,302.36772061841003,302.36772060474914,302.36772059269714,302.3677205814789,302.3677205700483,302.36772055901736,302.36772054903975,302.36772053946356,302.3677205293858
0.05778471155740553,302.35808130802457,302.3580813014151,302.35808129341785,302.358081284381,302.35808127351805,302.3580812606982,302.3580812475681,302.35808123363273,302.35808121778445,302.3580812014298,302.3580811851701,302.3580811678256,302.35808115016056,302.3580811321035,302.35808111344863,302.35808109489915,302.3580810762046,302.358081057547,302.35808103847614,302.3580810200467,302.35808100091515,302.35808098248384,302.3580809636813,302.35808094585855,302.358080927337,302.3580809092001,302.3580808913235,302.3580808738458,302.3580808559732,302.35808083877464,302.3580808219404,302.35808080451136,302.3580807880368,302.35808077233025,302.3580807556207,302.35808073997634,302.3580807247445,302.3580807093534,302.3580806958054,302.35808068178835,302.3580806680204,302.3580806554836,302.35808064209255,302.3580806302839,302.3580806192945,302.3580806080942,302.35808059728555,302.35808058751184,302.35808057813125,302.35808056825454
0.05828471155740553,302.34859090334544,302.3485908968397,302.3485908889701,302.3485908800792,302.348590869393,302.34859085678255,302.34859084386903,302.3485908301649,302.34859081457984,302.34859079849855,302.34859078251293,302.3485907654616,302.34859074809674,302.34859073034806,302.3485907120128,302.3485906937832,302.3485906754128,302.3485906570804,302.3485906383431,302.34859062023884,302.3485906014448,302.3485905833416,302.3485905648743,302.34859054737285,302.34859052918455,302.34859051137585,302.3485904938244,302.34859047666635,302.3485904591203,302.3485904422382,302.3485904257153,302.34859040860704,302.3485903924386,302.34859037702637,302.3485903606265,302.34859034527506,302.34859033032944,302.34859031522643,302.3485903019374,302.34859028818596,302.3485902746789,302.3485902623828,302.3485902492448,302.3485902376635,302.3485902268873,302.34859021590216,302.3485902053011,302.3485901957175,302.3485901865191,302.3485901768308
0.05878471155740553,302.339247269603,302.3392472631988,302.3392472554536,302.33924724670464,302.33924723619,302.33924722378254,302.3392472110785,302.33924719759784,302.33924718226723,302.33924716644964,302.33924715072794,302.3392471339587,302.3392471168825,302.33924709943,302.33924708140154,302.3392470634787,302.3392470454186,302.33924702739745,302.3392470089789,302.33924699118484,302.339246972713,302.3392469549224,302.33924693677443,302.33924691957833,302.3392469017069,302.33924688420996,302.339246866967,302.339246850112,302.3392468328756,302.3392468162932,302.3392468000648,302.3392467832603,302.3392467673812,302.3392467522467,302.3392467361398,302.3392467210649,302.3392467063893,302.3392466915584,302.33924667851295,302.33924666501173,302.3392466517504,302.3392466396806,302.3392466267811,302.3392466154133,302.3392466048373,302.33924659405443,302.33924658364856,302.3392465742432,302.33924656521583,302.3392465557047
0.05928471155740553,302.33004768392533,302.33004767762054,302.3300476699967,302.330047661386,302.3300476510381,302.3300476388279,302.3300476263271,302.3300476130629,302.33004759797865,302.3300475824162,302.3300475669495,302.3300475504527,302.33004753365486,302.3300475164878,302.3300474987548,302.330047481127,302.33004746336525,302.3300474456429,302.33004742753025,302.33004741003356,302.33004739187044,302.330047374379,302.3300473565364,302.33004733963185,302.330047322063,302.3300473048636,302.33004728791485,302.3300472713486,302.330047254407,302.33004723810996,302.3300472221615,302.3300472056462,302.330047190042,302.3300471751711,302.33004715934266,302.3300471445302,302.33004713011076,302.33004711553815,302.33004710272314,302.33004708945884,302.33004707643033,302.3300470645745,302.3300470519011,302.3300470407351,302.3300470303478,302.3300470197562,302.33004700953484,302.3300470002976,302.3300469914316,302.3300469820882
0.05978471155740553,302.32098949695006,302.32098949074265,302.32098948323744,302.3209894747615,302.3209894645761,302.32098945255797,302.32098944025455,302.32098942720063,302.3209894123554,302.3209893970405,302.3209893818207,302.32098936558754,302.320989349059,302.3209893321678,302.32098931472035,302.3209892973773,302.3209892799032,302.32098926246863,302.3209892446508,302.32098922744,302.32098920957384,302.32098919236967,302.32098917482045,302.3209891581954,302.3209891409169,302.32098912400255,302.32098910733544,302.3209890910453,302.3209890743861,302.32098905836165,302.32098904268076,302.3209890264418,302.32098901110015,302.3209889964804,302.32098898091795,302.32098896635586,302.3209889521805,302.32098893785417,302.32098892525823,302.3209889122196,302.3209888994128,302.3209888877602,302.32098887530213,302.32098886432783,302.3209888541197,302.32098884370976,302.3209888336637,302.320988824586,302.320988815873,302.32098880668934
0.06028471155740553,302.31207012985504,302.31207012374307,302.3120701163539,302.31207010800955,302.31207009798254,302.3120700861516,302.31207007404055,302.31207006119104,302.31207004657836,302.3120700315039,302.3120700165239,302.3120700005466,302.3120699842792,302.31206996765536,302.31206995048444,302.312069933417,302.31206991622105,302.3120698990648,302.3120698815315,302.31206986459677,302.31206984701714,302.31206983008985,302.3120698128233,302.3120697964673,302.3120697794682,302.312069762828,302.3120697464317,302.31206973040685,302.3120697140188,302.31206969825604,302.3120696828318,302.3120696668581,302.3120696517681,302.312069637389,302.31206962208165,302.31206960775927,302.3120695938177,302.3120695797272,302.3120695673405,302.31206955451773,302.31206954192294,302.3120695304644,302.3120695182124,302.312069507421,302.3120694973836,302.31206948714714,302.31206947726855,302.3120694683429,302.3120694597758,302.31206945074473
0.06078471155740553,302.30328707153933,302.30328706552103,302.3032870582454,302.30328705002967,302.30328704015733,302.30328702850926,302.3032870165855,302.3032870039352,302.3032869895492,302.3032869747089,302.303286959962,302.3032869442336,302.30328692822,302.3032869118558,302.3032868949534,302.30328687815324,302.3032868612271,302.30328684434045,302.30328682708307,302.30328681041533,302.303286793113,302.30328677645343,302.3032867594602,302.3032867433638,302.3032867266345,302.303286710259,302.3032866941238,302.30328667835465,302.3032866622281,302.3032866467174,302.30328663154023,302.3032866158221,302.3032866009743,302.3032865868265,302.3032865717647,302.30328655767283,302.3032865439559,302.30328653009224,302.30328651790626,302.3032865052907,302.30328649289953,302.303286481627,302.303286469573,302.3032864589569,302.3032864490832,302.303286439013,302.3032864292949,302.30328642051484,302.3032864120875,302.3032864032028
0.06128471155740553,302.294637875946,302.2946378700196,302.2946378628552,302.29463785476526,302.29463784504424,302.29463783357465,302.29463782183404,302.2946378093782,302.29463779521325,302.2946377806012,302.2946377660815,302.2946377505956,302.29463773482905,302.2946377187176,302.29463770207633,302.29463768553614,302.2946376688722,302.29463765224745,302.2946376352578,302.29463761884915,302.2946376018159,302.2946375854159,302.29463756868756,302.2946375528426,302.2946375363746,302.2946375202552,302.29463750437264,302.29463748885075,302.2946374729771,302.29463745771,302.29463744277143,302.29463742730036,302.29463741268626,302.2946373987617,302.294637383937,302.29463737006756,302.29463735656725,302.29463734292256,302.2946373309298,302.294637318514,302.29463730631903,302.2946372952256,302.29463728336236,302.2946372729151,302.2946372631987,302.29463725328856,302.2946372437249,302.2946372350848,302.29463722679185,302.29463721804814
0.06178471155740553,302.286120159519,302.28612015368265,302.28612014662735,302.2861201386605,302.2861201290876,302.28612011779273,302.28612010623107,302.2861200939651,302.2861200800163,302.2861200656272,302.28612005132914,302.2861200360798,302.2861200205542,302.28612000468905,302.2861199883024,302.2861199720155,302.2861199556068,302.286119939237,302.2861199225079,302.28611990635125,302.2861198895796,302.28611987343174,302.2861198569607,302.28611984135983,302.28611982514553,302.2861198092747,302.2861197936372,302.2861197783551,302.28611976272657,302.2861197476956,302.2861197329882,302.28611971775643,302.2861197033688,302.2861196896602,302.2861196750653,302.286119661411,302.28611964812035,302.2861196346875,302.2861196228815,302.2861196106588,302.2861195986535,302.286119587733,302.2861195760544,302.28611956577004,302.28611955620534,302.28611954644975,302.28611953703546,302.2861195285303,302.286119520367,302.2861195117596
0.06228471155740553,302.27773159878626,302.2777315930384,302.27773158609,302.2777315782439,302.2777315688159,302.27773155769216,302.27773154630563,302.2777315342254,302.27773152048786,302.2777315063168,302.27773149223543,302.2777314772172,302.27773146192686,302.2777314463023,302.2777314301642,302.27773141412433,302.27773139796466,302.2777313818433,302.2777313653683,302.2777313494571,302.27773133294033,302.27773131703805,302.27773130081755,302.2777312854541,302.27773126948665,302.27773125385755,302.2777312384584,302.2777312234092,302.277731208019,302.2777311932174,302.27773117873454,302.2777311637353,302.2777311495675,302.27773113606844,302.2777311216966,302.2777311082512,302.27773109516386,302.2777310819366,302.27773107031146,302.27773105827606,302.27773104645473,302.2777310357018,302.277731024202,302.2777310140756,302.27773100465777,302.277730995052,302.2777309857821,302.2777309774077,302.2777309693698,302.27773096089464
0.06278471155740553,302.2694699280631,302.2694699224021,302.2694699155586,302.26946990783074,302.26946989854497,302.2694698875888,302.2694698763738,302.26946986447547,302.2694698509448,302.26946983698707,302.2694698231177,302.2694698083255,302.26946979326533,302.2694697778759,302.2694697619807,302.26946974618227,302.2694697302658,302.2694697143871,302.26946969816015,302.26946968248853,302.2694696662205,302.26946965055765,302.2694696345815,302.2694696194495,302.2694696037227,302.2694695883292,302.26946957316216,302.2694695583399,302.26946954318186,302.2694695286035,302.26946951433916,302.26946949956636,302.26946948561243,302.26946947231727,302.2694694581624,302.2694694449202,302.2694694320307,302.2694694190033,302.2694694075539,302.2694693957005,302.26946938405797,302.26946937346764,302.269469362142,302.2694693521688,302.26946934289356,302.26946933343316,302.26946932430366,302.26946931605613,302.26946930814,302.2694692997931
0.06328471155740553,302.26133293726787,302.2613329316922,302.2613329249516,302.2613329173399,302.2613329081935,302.26133289740176,302.2613328863548,302.2613328746347,302.26133286130676,302.26133284755804,302.2613328338962,302.2613328193253,302.2613328044904,302.26133278933116,302.26133277367364,302.2613327581114,302.26133274243284,302.2613327267914,302.261332710807,302.26133269536945,302.2613326793445,302.2613326639157,302.2613326481782,302.2613326332722,302.26133261778034,302.2613326026168,302.2613325876763,302.2613325730754,302.2613325581439,302.2613325437833,302.2613325297321,302.26133251518013,302.26133250143477,302.26133248833816,302.2613324743951,302.2613324613508,302.26133244865395,302.2613324358215,302.26133242454324,302.26133241286703,302.2613324013987,302.26133239096674,302.2613323798106,302.2613323699866,302.26133236085,302.2613323515312,302.26133234253837,302.26133233441413,302.26133232661647,302.2613323183946
0.06378471155740553,302.25331846984506,302.25331846435324,302.2533184577137,302.25331845021594,302.2533184412062,302.2533184305758,302.25331841969376,302.2533184081485,302.2533183950193,302.2533183814755,302.25331836801695,302.2533183536631,302.25331833904886,302.25331832411507,302.25331830869044,302.2533182933595,302.2533182779139,302.25331826250476,302.25331824675766,302.2533182315492,302.2533182157622,302.25331820056215,302.2533181850581,302.25331817037306,302.25331815511095,302.25331814017215,302.2533181254531,302.2533181110686,302.2533180963584,302.2533180822107,302.25331806836755,302.25331805403135,302.2533180404896,302.253318027587,302.2533180138506,302.2533180009996,302.2533179884909,302.2533179758487,302.25331796473733,302.25331795323416,302.2533179419358,302.2533179316583,302.25331792066754,302.253317910989,302.25331790198766,302.2533178928069,302.25331788394726,302.2533178759434,302.2533178682612,302.2533178601613
0.06428471155740553,302.24542442078916,302.2454244153797,302.2454244088395,302.24542440145353,302.2454243925781,302.24542438210597,302.24542437138575,302.24542436001195,302.2454243470778,302.245424333735,302.245424320476,302.2454243063348,302.2454242919371,302.24542427722434,302.245424262028,302.24542424692373,302.2454242317064,302.24542421652484,302.2454242010104,302.2454241860263,302.24542417047223,302.2454241554964,302.245424140221,302.24542412575215,302.245424110715,302.24542409599627,302.2454240814939,302.2454240673211,302.24542405282756,302.2454240388879,302.24542402524844,302.2454240111233,302.24542399778073,302.24542398506776,302.24542397153357,302.2454239588715,302.2454239465468,302.2454239340906,302.24542392314237,302.2454239118083,302.245423900676,302.2454238905494,302.24542387972036,302.24542387018397,302.24542386131463,302.2454238522688,302.24542384353936,302.24542383565296,302.2454238280835,302.24542382010276
0.06478471155740553,302.237648734764,302.2376487294355,302.23764872299284,302.2376487157167,302.2376487069732,302.23764869665655,302.23764868609516,302.2376486748898,302.237648662147,302.23764864900164,302.2376486359384,302.2376486220059,302.23764860782063,302.2376485933248,302.2376485783524,302.2376485634705,302.23764854847707,302.2376485335187,302.23764851823233,302.23764850346834,302.23764848814267,302.2376484733865,302.23764845833523,302.23764844407833,302.23764842926164,302.23764841475844,302.2376484004685,302.237648386503,302.2376483722216,302.2376483584859,302.23764834504584,302.2376483311274,302.2376483179799,302.2376483054525,302.23764829211643,302.2376482796394,302.2376482674947,302.2376482552206,302.23764824443197,302.23764823326337,302.2376482222937,302.2376482123147,302.237648201644,302.2376481922465,302.2376481835065,302.2376481745926,302.23764816599055,302.237648158219,302.23764815075987,302.23764814289575
0.06528471155740553,302.22998940431273,302.2299893990638,302.229989392717,302.2299893855489,302.2299893769348,302.22998936677095,302.2299893563656,302.2299893453256,302.2299893327709,302.2299893198192,302.2299893069483,302.22998929322085,302.2299892792441,302.2299892649612,302.22998925020863,302.229989235545,302.22998922077136,302.22998920603214,302.2299891909696,302.22998917642144,302.22998916131996,302.2299891467793,302.22998913194783,302.22998911789887,302.2299891032983,302.2299890890066,302.2299890749249,302.2299890611628,302.2299890470895,302.2299890335536,302.2299890203091,302.2299890065933,302.22998899363694,302.2299889812916,302.2299889681496,302.22998895585397,302.2299889438857,302.2299889317901,302.2299889211578,302.2299889101514,302.22998889934104,302.22998888950667,302.2299888789911,302.2299888697298,302.2299888611162,302.22998885233164,302.22998884385436,302.2299888361954,302.2299888288442,302.2299888210944
0.06578471155740553,302.2224444681531,302.22244446298237,302.2224444567298,302.22244444966776,302.2224444411811,302.2224444311672,302.2224444209153,302.2224444100377,302.2224443976678,302.2224443849066,302.2224443722245,302.22244435869845,302.22244434492654,302.2224443308528,302.22244431631617,302.222444301867,302.22244428730914,302.2224442727851,302.2224442579423,302.2224442436061,302.2224442287248,302.22244421439564,302.22244419978006,302.22244418593516,302.2224441715468,302.2224441574627,302.22244414358534,302.22244413002284,302.22244411615367,302.222444102814,302.22244408976127,302.2224440762444,302.2224440634757,302.2224440513088,302.22244403835725,302.2224440262395,302.22244401444436,302.22244400252384,302.222443992045,302.22244398119767,302.2224439705435,302.2224439608509,302.2224439504875,302.22244394135987,302.2224439328703,302.2224439242125,302.22244391585764,302.22244390830883,302.2224439010637,302.2224438934259
0.06628471155740553,302.21501200955373,302.2150120044599,302.21501199829993,302.2150119913421,302.2150119829806,302.2150119731143,302.2150119630131,302.21501195229524,302.21501194010705,302.2150119275328,302.2150119150364,302.21501190170835,302.2150118881377,302.2150118742695,302.2150118599451,302.21501184570656,302.2150118313608,302.2150118170481,302.2150118024214,302.2150117882933,302.21501177362825,302.2150117595071,302.2150117451034,302.21501173145896,302.2150117172791,302.21501170339883,302.2150116897222,302.21501167635574,302.21501166268706,302.2150116495401,302.2150116366757,302.21501162335414,302.2150116107696,302.215011598778,302.21501158601353,302.21501157407045,302.2150115624453,302.21501155069666,302.21501154036827,302.2150115296771,302.2150115191764,302.215011509623,302.21501149940894,302.21501149041245,302.2150114820446,302.21501147351125,302.21501146527646,302.215011457836,302.21501145069476,302.215011443167
0.06678471155740553,302.20769015478675,302.2076901497685,302.2076901436996,302.20769013684446,302.2076901286059,302.2076901188848,302.20769010893173,302.2076900983709,302.2076900863612,302.2076900739711,302.2076900616571,302.2076900485236,302.2076900351509,302.2076900214848,302.20769000736897,302.2076899933375,302.2076899792003,302.20768996509537,302.2076899506809,302.20768993675756,302.20768992230495,302.2076899083881,302.2076898941929,302.2076898807454,302.20768986677047,302.2076898530905,302.20768983961113,302.2076898264372,302.20768981296567,302.2076898000079,302.2076897873287,302.20768977419914,302.20768976179556,302.2076897499761,302.2076897373954,302.20768972562394,302.20768971416567,302.20768970258604,302.20768969240555,302.2076896818678,302.2076896715178,302.20768966210113,302.20768965203376,302.207689643166,302.20768963491787,302.20768962650664,302.20768961838985,302.20768961105574,302.20768960401654,302.2076895965969
0.06728471155740554,302.20047707165344,302.2004770667096,302.20047706073024,302.20047705397593,302.20047704585846,302.20047703627995,302.2004770264727,302.20047701606626,302.2004770042322,302.20047699202297,302.20047697988855,302.2004769669464,302.2004769537683,302.2004769403009,302.20047692639025,302.2004769125625,302.20047689863026,302.20047688472965,302.2004768705239,302.2004768568019,302.2004768425583,302.20047682884234,302.20047681485204,302.20047680159826,302.2004767878247,302.2004767743417,302.20047676105634,302.20047674807176,302.200476734794,302.20047672202236,302.2004767095251,302.2004766965842,302.2004766843585,302.2004766727084,302.20047666030837,302.2004766487056,302.20047663741155,302.2004766259979,302.20047661596277,302.20047660557583,302.20047659537397,302.2004765860918,302.2004765761686,302.2004765674274,302.2004765592968,302.20047655100575,302.20047654300487,302.2004765357753,302.2004765288365,302.2004765215229
0.06778471155740554,302.19337096807794,302.1933709632072,302.19337095731595,302.19337095066084,302.19337094266245,302.1933709332243,302.1933709235604,302.1933709133059,302.1933709016445,302.1933708896134,302.19337087765547,302.19337086490157,302.19337085191495,302.19337083864303,302.19337082493416,302.19337081130675,302.1933707975762,302.1933707838766,302.1933707698762,302.1933707563522,302.1933707423142,302.19337072879574,302.19337071500706,302.1933707019438,302.1933706883684,302.1933706750792,302.19337066198455,302.19337064918625,302.1933706360991,302.19337062351053,302.1933706111923,302.19337059843684,302.1933705863862,302.19337057490264,302.1933705626803,302.1933705512435,302.1933705401109,302.19337052886056,302.1933705189684,302.1933705087297,302.1933704986736,302.19337048952355,302.19337047974227,302.19337047112555,302.1933704631105,302.1933704549376,302.19337044705077,302.193370439924,302.1933704330838,302.1933704258748
0.06828471155740554,302.1863700907662,302.18637008596744,302.1863700801629,302.18637007360536,302.1863700657241,302.18637005642404,302.1863700469012,302.1863700367961,302.18637002530477,302.18637001344865,302.1863700016645,302.18636998909585,302.1863699762976,302.1863699632181,302.18636994970774,302.18636993627746,302.1863699227453,302.1863699092436,302.1863698954451,302.18636988211597,302.1863698682802,302.1863698549563,302.18636984136594,302.1863698284901,302.1863698151097,302.1863698020112,302.1863697891042,302.1863697764892,302.1863697635896,302.18636975118113,302.186369739039,302.1863697264663,302.1863697145878,302.18636970326804,302.18636969122053,302.186369679947,302.1863696689732,302.18636965788363,302.1863696481321,302.1863696380393,302.18636962812656,302.1863696191066,302.1863696094649,302.1863696009707,302.18636959306934,302.18636958501276,302.1863695772381,302.1863695702125,302.1863695634694,302.1863695563631
0.06878471155740554,302.1794727239268,302.17947271919877,302.17947271347947,302.179472707018,302.17947269925196,302.1794726900877,302.1794726807037,302.1794726707458,302.1794726594216,302.17947264773784,302.1794726361247,302.17947262373826,302.17947261112545,302.1794725982352,302.1794725849203,302.179472571684,302.1794725583472,302.17947254504,302.1794725314405,302.1794725183031,302.1794725046665,302.1794724915339,302.1794724781388,302.1794724654475,302.17947245225895,302.1794724393481,302.179472426626,302.1794724141913,302.17947240147623,302.1794723892451,302.1794723772763,302.1794723648833,302.17947235317433,302.17947234201586,302.1794723301404,302.1794723190276,302.17947230821017,302.1794722972787,302.17947228766565,302.1794722777166,302.1794722679449,302.17947225905294,302.17947224954867,302.17947224117495,302.1794722333856,302.1794722254434,302.1794722177792,302.1794722108531,302.1794722042056,302.1794721972005
0.06928471155740554,302.17267718804914,302.17267718339076,302.17267717775536,302.1726771713884,302.1726771637357,302.1726771547052,302.1726771454578,302.17267713564456,302.17267712448506,302.1726771129709,302.172677101526,302.172677089319,302.17267707688865,302.17267706418477,302.17267705106224,302.17267703801696,302.17267702487237,302.17267701175683,302.1726769983531,302.1726769854044,302.17267697196377,302.17267695901967,302.17267694581665,302.17267693330706,302.1726769203075,302.1726769075814,302.1726768950411,302.1726768827841,302.1726768702507,302.1726768581942,302.17267684639603,302.17267683418004,302.1726768226379,302.1726768116382,302.1726767999322,302.17267678897764,302.1726767783141,302.1726767675384,302.17267675806175,302.17267674825405,302.1726767386213,302.1726767298554,302.1726767204864,302.1726767122314,302.17267670455226,302.1726766967227,302.17267668916725,302.1726766823392,302.1726766757858,302.17267666888023
0.06978471155740554,302.1659818387381,302.1659818341482,302.1659818285954,302.16598182232144,302.16598181478037,302.1659818058815,302.1659817967685,302.16598178709773,302.16598177610035,302.1659817647531,302.16598175347383,302.1659817414435,302.1659817291928,302.1659817166723,302.1659817037392,302.1659816908819,302.16598167792665,302.1659816649998,302.16598165178874,302.165981639026,302.1659816257783,302.16598161301965,302.1659816000059,302.1659815876752,302.1659815748617,302.1659815623175,302.16598154995637,302.16598153787425,302.1659815255199,302.1659815136352,302.1659815020052,302.1659814899634,302.16598147858565,302.1659814677423,302.1659814562032,302.1659814454044,302.16598143489256,302.1659814242701,302.1659814149278,302.16598140525934,302.1659813957634,302.16598138712175,302.1659813778858,302.1659813697478,302.16598136217726,302.16598135445867,302.1659813470103,302.1659813402788,302.1659813338181,302.16598132701057
0.07028471155740554,302.1593850656002,302.1593850610778,302.1593850556062,302.15938504942375,302.15938504199255,302.15938503322315,302.15938502424257,302.15938501471214,302.15938500387415,302.15938499269134,302.15938498157516,302.1593849697187,302.1593849576449,302.159384945305,302.15938493255834,302.15938491988624,302.1593849071173,302.1593848943762,302.159384881355,302.1593848687753,302.1593848557177,302.15938484314177,302.15938483031437,302.1593848181599,302.15938480552956,302.1593847931646,302.1593847809799,302.15938476907,302.1593847568919,302.1593847451765,302.15938473371205,302.1593847218419,302.15938471062606,302.15938469993677,302.159384688562,302.1593846779167,302.15938466755415,302.1593846570828,302.1593846478728,302.1593846383415,302.1593846289803,302.15938462046097,302.1593846113563,302.1593846033334,302.1593845958698,302.1593845882606,302.15938458091773,302.1593845742813,302.1593845679119,302.159384561201
0.07078471155740554,302.1528852911797,302.1528852867236,302.1528852813319,302.1528852752396,302.15288526791664,302.1528852592747,302.1528852504244,302.1528852410321,302.15288523035116,302.1528852193302,302.1528852083746,302.15288519668934,302.1528851847897,302.15288517262775,302.15288516006467,302.15288514757486,302.15288513498956,302.15288512243137,302.15288510959715,302.15288509719767,302.15288508432724,302.1528850719313,302.1528850592875,302.15288504730654,302.1528850348567,302.1528850226682,302.1528850106573,302.1528849989172,302.1528849869127,302.1528849753641,302.15288496406276,302.15288495236166,302.1528849413053,302.15288493076775,302.1528849195548,302.1528849090608,302.1528848988454,302.15288488852286,302.15288487944315,302.1528848700471,302.1528848608187,302.15288485241985,302.15288484344444,302.152884835535,302.15288482817687,302.1528848206753,302.1528848134364,302.1528848068937,302.1528848006143,302.15288479399857
0.07128471155740554,302.1464809699416,302.1464809655508,302.14648096023785,302.1464809542342,302.14648094701766,302.1464809385013,302.1464809297794,302.146480920523,302.14648090999674,302.14648089913504,302.14648088833763,302.146480876821,302.1464808650929,302.146480853106,302.1464808407239,302.1464808284136,302.1464808160091,302.14648080363116,302.146480790981,302.14648077875916,302.14648076607307,302.14648075385446,302.14648074139143,302.14648072958147,302.14648071730943,302.14648070529483,302.14648069345515,302.1464806818823,302.1464806700488,302.1464806586646,302.14648064752396,302.1464806359894,302.14648062509013,302.14648061470217,302.14648060364874,302.14648059330375,302.1464805832333,302.1464805730574,302.1464805641061,302.14648055484327,302.1464805457457,302.1464805374656,302.14648052861753,302.14648052082003,302.14648051356573,302.1464805061703,302.1464804990338,302.14648049258346,302.1464804863927,302.14648047987083
0.07178471155740554,302.1401705872995,302.1401705829729,302.14017057773754,302.1401705718212,302.1401705647095,302.14017055631666,302.1401705477211,302.1401705385986,302.14017052822464,302.1401705175199,302.14017050687823,302.1401704955276,302.14017048396846,302.1401704721542,302.14017045995007,302.14017044781673,302.1401704355903,302.1401704233899,302.1401704109211,302.14017039887415,302.14017038636973,302.1401703743258,302.14017036204086,302.14017035039944,302.1401703383026,302.1401703264593,302.1401703147883,302.14017030338016,302.14017029171526,302.14017028049295,302.1401702695107,302.1401702581403,302.14017024739593,302.1401702371553,302.14017022625904,302.1401702160608,302.14017020613323,302.14017019610185,302.14017018727714,302.1401701781456,302.14017016917694,302.140170161014,302.14017015229143,302.1401701446041,302.1401701374522,302.1401701301614,302.1401701231258,302.1401701167665,302.1401701106632,302.1401701042337
0.07228471155740554,302.13395265868564,302.13395265442233,302.1339526492632,302.13395264343285,302.1339526364243,302.1339526281532,302.1339526196821,302.13395261069144,302.1339526004674,302.1339525899172,302.1339525794289,302.1339525682419,302.1339525568491,302.13395254520475,302.13395253317617,302.133952521217,302.133952509166,302.1339524971405,302.1339524848504,302.1339524729758,302.13395246065033,302.1339524487784,302.1339524366691,302.1339524251936,302.13395241326936,302.1339524015949,302.1339523900902,302.13395237884436,302.1339523673455,302.13395235628286,302.13395234545663,302.133952334248,302.1339523236562,302.1339523135609,302.1339523028195,302.13395229276597,302.13395228297924,302.1339522730902,302.13395226439025,302.1339522553881,302.1339522465466,302.1339522384989,302.13395222990005,302.13395222232145,302.1339522152704,302.1339522080827,302.13395220114666,302.1339521948771,302.13395218885995,302.1339521825215
0.07278471155740554,302.1278257286608,302.12782572445974,302.1278257193757,302.12782571363005,302.1278257067232,302.12782569857194,302.1278256902232,302.1278256813625,302.1278256712861,302.1278256608881,302.1278256505509,302.12782563952504,302.1278256282962,302.1278256168192,302.12782560496345,302.1278255931759,302.12782558129777,302.12782556944455,302.1278255573305,302.12782554562574,302.12782553347654,302.12782552177424,302.12782550983786,302.1278254985259,302.12782548677177,302.12782547526365,302.12782546392276,302.127825452837,302.12782544150184,302.12782543059643,302.127825419924,302.1278254088748,302.1278253984333,302.1278253884812,302.12782537789246,302.1278253679816,302.1278253583336,302.1278253485849,302.12782534000803,302.12782533113335,302.1278253224171,302.12782531448323,302.1278253060063,302.12782529853473,302.12782529158324,302.12782528449713,302.1278252776592,302.1278252714782,302.1278252655459,302.1278252592973
0.07328471155740554,302.12178837006286,302.12178836592307,302.121788360913,302.1217883552506,302.12178834844383,302.1217883404106,302.1217883321826,302.1217883234498,302.1217883135188,302.12178830327076,302.12178829308243,302.12178828221516,302.1217882711478,302.12178825983574,302.1217882481502,302.1217882365318,302.1217882248239,302.12178821314046,302.1217882011998,302.1217881896624,302.121788177687,302.12178816615176,302.1217881543858,302.1217881432351,302.1217881316485,302.1217881203044,302.12178810912496,302.1217880981969,302.121788087023,302.1217880762726,302.1217880657518,302.12178805485973,302.12178804456653,302.12178803475547,302.12178802431714,302.1217880145469,302.1217880050357,302.12178799542534,302.12178798696976,302.12178797822077,302.121787969628,302.1217879618062,302.1217879534495,302.12178794608354,302.1217879392301,302.1217879322442,302.121787925503,302.12178791940914,302.12178791356064,302.12178790740046
0.07378471155740554,302.1158391831907,302.1158391791113,302.115839174174,302.11583916859377,302.11583916188545,302.11583915396847,302.11583914585924,302.11583913725246,302.11583912746477,302.11583911736443,302.1158391073227,302.11583909661175,302.1158390857035,302.11583907455383,302.11583906303605,302.1158390515843,302.1158390400442,302.11583902852806,302.1158390167583,302.11583900538574,302.1158389935815,302.1158389822109,302.11583897061286,302.1158389596211,302.1158389481997,302.11583893701714,302.11583892599685,302.1158389152242,302.1158389042093,302.1158388936117,302.1158388832403,302.1158388725031,302.115838862356,302.115838852684,302.11583884239406,302.1158388327624,302.115838823386,302.11583881391203,302.115838805576,302.1158387969509,302.11583878847983,302.1158387807686,302.11583877253037,302.1158387652685,302.11583875851187,302.1158387516248,302.1158387449789,302.11583873897104,302.115838733205,302.11583872713214
0.07428471155740554,302.1099767950234,302.10997679100336,302.1099767861378,302.10997678063836,302.10997677402713,302.10997676622463,302.1099767582324,302.1099767497497,302.10997674010315,302.1099767301483,302.1099767202509,302.1099767096941,302.1099766989425,302.1099766879529,302.1099766766004,302.1099766653128,302.1099766539379,302.1099766425866,302.1099766309853,302.10997661977524,302.1099766081397,302.1099765969314,302.1099765854989,302.1099765746636,302.109976563405,302.10997655238174,302.10997654151834,302.10997653089885,302.1099765200407,302.10997650959365,302.10997649936957,302.1099764887849,302.1099764787819,302.1099764692471,302.10997645910334,302.1099764496082,302.1099764403648,302.10997643102525,302.10997642280705,302.1099764143042,302.10997640595315,302.1099763983509,302.10997639022946,302.1099763830702,302.1099763764089,302.10997636961923,302.1099763630673,302.10997635714426,302.10997635145964,302.10997634547283
0.07478471155740554,302.1041998584708,302.10419985450926,302.1041998497143,302.10419984429444,302.10419983777876,302.10419983008904,302.1041998222122,302.10419981385166,302.1041998043441,302.1041997945326,302.10419978477756,302.1041997743724,302.1041997637751,302.10419975294326,302.10419974175363,302.1041997306277,302.10419971941576,302.1041997082268,302.1041996967915,302.1041996857416,302.1041996742723,302.1041996632239,302.1041996519545,302.1041996412736,302.10419963017546,302.10419961930916,302.1041996086003,302.1041995981318,302.1041995874281,302.1041995771296,302.10419956705067,302.10419955661655,302.10419954675547,302.10419953735584,302.1041995273562,302.10419951799577,302.10419950888337,302.1041994996763,302.1041994915744,302.10419948319196,302.10419947495916,302.1041994674644,302.1041994594581,302.10419945240005,302.1041994458328,302.1041994391391,302.1041994326798,302.1041994268405,302.10419942123616,302.1041994153341
0.07528471155740554,302.09850705165604,302.09850704775215,302.09850704302664,302.0985070376852,302.0985070312637,302.09850702368504,302.09850701592165,302.09850700768163,302.098506998311,302.09850698864057,302.09850697902573,302.09850696877004,302.09850695832495,302.0985069476485,302.0985069366193,302.09850692565277,302.09850691460133,302.09850690357246,302.09850689230063,302.0985068814085,302.09850687010305,302.0985068592123,302.0985068481036,302.0985068375749,302.0985068266349,302.09850681592326,302.0985068053668,302.0985067950472,302.0985067844957,302.09850677434355,302.0985067644077,302.09850675412196,302.0985067444009,302.0985067351345,302.0985067252769,302.0985067160492,302.09850670706606,302.09850669798965,302.0985066900023,302.0985066817386,302.09850667362247,302.09850666623373,302.09850665834085,302.0985066513826,302.0985066449081,302.0985066383091,302.0985066319412,302.0985066261843,302.0985066206591,302.09850661484063
0.07578471155740554,302.0928970772267,302.0928970733795,302.0928970687225,302.0928970634583,302.0928970571295,302.09289704966017,302.09289704200876,302.0928970338873,302.0928970246516,302.0928970151203,302.0928970056435,302.09289699553517,302.0928969852399,302.0928969747165,302.09289696384536,302.09289695303596,302.0928969421427,302.0928969312715,302.09289692016085,302.0928969094243,302.0928968982803,302.0928968875449,302.09289687659464,302.0928968662158,302.0928968554317,302.09289684487266,302.0928968344664,302.09289682429346,302.09289681389214,302.0928968038842,302.0928967940895,302.09289678394987,302.0928967743668,302.09289676523184,302.09289675551423,302.09289674641747,302.0928967375617,302.09289672861405,302.09289672073976,302.09289671259313,302.09289670459196,302.0928966973077,302.0928966895268,302.0928966826669,302.0928966762839,302.09289666977816,302.09289666350037,302.0928966578248,302.0928966523776,302.0928966466416
0.07628471155740554,302.08736866169437,302.08736865790297,302.0873686533134,302.0873686481252,302.0873686418878,302.08736863452623,302.087368626985,302.0873686189804,302.08736860987756,302.08736860048333,302.08736859114265,302.08736858117936,302.0873685710318,302.08736856065923,302.0873685499439,302.08736853928923,302.0873685285518,302.0873685178361,302.0873685068843,302.087368496301,302.0873684853161,302.0873684747338,302.08736846393975,302.0873684537088,302.0873684430782,302.0873684326695,302.0873684224113,302.08736841238306,302.08736840212964,302.0873683922639,302.0873683826083,302.08736837261284,302.0873683631658,302.0873683541604,302.0873683445808,302.0873683356131,302.08736832688294,302.08736831806226,302.0873683102993,302.08736830226815,302.0873682943804,302.0873682871992,302.0873682795285,302.0873682727657,302.0873682664728,302.0873682600592,302.0873682538702,302.0873682482748,302.0873682429046,302.0873682372499
0.07678471155740554,302.0819205547999,302.08192055106355,302.08192054654035,302.08192054142705,302.0819205352796,302.0819205280242,302.08192052059155,302.0819205127021,302.0819205037302,302.0819204944709,302.08192048526433,302.081920475444,302.08192046544195,302.0819204552181,302.08192044465625,302.08192043415414,302.0819204235703,302.0819204130078,302.08192040221246,302.0819203917803,302.08192038095217,302.0819203705208,302.08192035988066,302.0819203497954,302.08192033931635,302.0819203290557,302.08192031894345,302.08192030905786,302.0819202989502,302.0819202892247,302.08192027970625,302.08192026985284,302.08192026053996,302.08192025166227,302.08192024221876,302.08192023337836,302.0819202247719,302.0819202160764,302.08192020842336,302.081920200506,302.0819201927301,302.08192018565035,302.0819201780885,302.0819201714214,302.0819201652174,302.08192015889455,302.08192015279315,302.0819201472768,302.0819201419825,302.08192013640786
0.07728471155740554,302.0765515289051,302.07655152522284,302.07655152076507,302.07655151572555,302.07655150966673,302.07655150251594,302.0765514951902,302.0765514874142,302.0765514785713,302.076551469445,302.0765514603705,302.0765514506911,302.0765514408324,302.0765514307551,302.07655142034446,302.0765514099926,302.0765513995601,302.0765513891486,302.07655137850753,302.0765513682243,302.0765513575508,302.0765513472681,302.0765513367797,302.076551326838,302.07655131650824,302.0765513063937,302.07655129642535,302.0765512866802,302.0765512767165,302.0765512671291,302.0765512577459,302.07655124803256,302.07655123885183,302.0765512301001,302.0765512207908,302.07655121207574,302.07655120359146,302.0765511950193,302.0765511874746,302.0765511796695,302.0765511720037,302.0765511650242,302.0765511575696,302.0765511509968,302.0765511448805,302.0765511386472,302.0765511326321,302.0765511271937,302.07655112197426,302.07655111647864
0.07778471155740554,302.0712603784068,302.0712603747779,302.0712603703845,302.07126036541774,302.0712603594463,302.0712603523983,302.0712603451781,302.07126033751376,302.07126032879796,302.0712603198028,302.07126031085846,302.0712603013178,302.0712602916004,302.07126028166743,302.0712602714059,302.07126026120216,302.0712602509189,302.0712602406561,302.0712602301671,302.0712602200306,302.07126020950943,302.0712601993734,302.07126018903455,302.0712601792344,302.07126016905175,302.07126015908125,302.07126014925467,302.0712601396482,302.0712601298261,302.07126012037503,302.07126011112507,302.0712601015498,302.0712600924995,302.0712600838719,302.0712600746948,302.0712600661035,302.0712600577395,302.0712600492891,302.07126004185113,302.07126003415664,302.0712600265996,302.0712600197189,302.07126001237003,302.07126000589017,302.07125999986033,302.0712599937153,302.0712599877854,302.07125998242384,302.07125997727826,302.0712599718605
0.07828471155740555,302.0660459191751,302.06604591559875,302.0660459112688,302.06604590637363,302.0660459004882,302.06604589354174,302.0660458864253,302.06604587887114,302.0660458702805,302.06604586141447,302.0660458525984,302.06604584319456,302.06604583361644,302.0660458238256,302.06604581371107,302.06604580365325,302.066045793517,302.0660457834009,302.0660457730616,302.0660457630698,302.0660457526988,302.0660457427073,302.0660457325158,302.0660457228553,302.06604571281764,302.066045702989,302.0660456933023,302.0660456838324,302.0660456741501,302.06604566483327,302.0660456557148,302.0660456462756,302.06604563735385,302.0660456288486,302.0660456198019,302.06604561133247,302.0660456030872,302.06604559475676,302.0660455874241,302.0660455798387,302.0660455723888,302.06604556560546,302.0660455583609,302.0660455519728,302.06604554602825,302.0660455399702,302.0660455341243,302.0660455288386,302.06604552376575,302.06604551842474
0.07878471155740555,302.06090698801233,302.06090698448764,302.06090698022024,302.0609069753956,302.0609069695949,302.0609069627484,302.0609069557342,302.06090694828856,302.0609069398214,302.0609069310825,302.06090692239286,302.0609069131238,302.06090690368285,302.06090689403226,302.06090688406243,302.0609068741485,302.0609068641572,302.06090685418553,302.06090684399396,302.06090683414476,302.0609068239217,302.06090681407267,302.0609068040265,302.0609067945034,302.06090678460885,302.0609067749201,302.06090676537127,302.06090675603605,302.06090674649136,302.06090673730705,302.06090672831806,302.0609067190131,302.06090671021803,302.06090670183346,302.0609066929154,302.06090668456613,302.06090667643787,302.0609066682257,302.0609066609969,302.06090665351905,302.0609066461748,302.0609066394875,302.06090663234573,302.06090662604805,302.0609066201876,302.06090661421524,302.0609066084522,302.0609066032413,302.06090659824014,302.06090659297496
0.07928471155740555,302.05584244213264,302.05584243865894,302.0558424344531,302.0558424296979,302.0558424239807,302.0558424172327,302.0558424103193,302.0558424029805,302.0558423946349,302.0558423860214,302.0558423774563,302.0558423683201,302.0558423590144,302.0558423495019,302.05584233967477,302.0558423299026,302.055842320054,302.0558423102249,302.0558423001789,302.05584229047014,302.055842280393,302.05584227068437,302.0558422607814,302.0558422513939,302.0558422416403,302.0558422320895,302.05584222267646,302.05584221347397,302.05584220406513,302.05584219501134,302.0558421861501,302.0558421769774,302.05584216830727,302.0558421600418,302.0558421512504,302.0558421430197,302.05584213500674,302.0558421269111,302.05584211978476,302.05584211241296,302.05584210517287,302.0558420985803,302.05584209153983,302.05584208533134,302.05584207955377,302.0558420736661,302.05584206798466,302.05584206284743,302.0558420579171,302.0558420527266
0.07978471155740555,302.05085115866177,302.05085115523826,302.05085115109307,302.05085114640633,302.0508511407714,302.0508511341204,302.0508511273063,302.0508511200729,302.050851111847,302.05085110335716,302.0508510949147,302.05085108590936,302.05085107673693,302.05085106736055,302.05085105767404,302.0508510480415,302.05085103833375,302.050851028645,302.05085101874243,302.0508510091722,302.0508509992389,302.0508509896686,302.05085097990684,302.0508509706531,302.0508509610383,302.0508509516235,302.0508509423444,302.05085093327284,302.0508509239978,302.0508509150727,302.05085090633736,302.05085089729516,302.0508508887482,302.0508508805999,302.0508508719335,302.0508508638196,302.0508508559205,302.0508508479398,302.05085084091445,302.0508508336472,302.05085082650976,302.0508508200106,302.05085081307004,302.05085080694954,302.0508508012537,302.05085079544943,302.0508507898485,302.05085078478396,302.0508507799234,302.0508507748065
0.08028471155740555,302.0459320341548,302.0459320307807,302.04593202669525,302.04593202207604,302.04593201652204,302.0459320099667,302.0459320032504,302.04593199612077,302.0459319880129,302.0459319796448,302.0459319713234,302.045931962447,302.04593195340584,302.04593194416367,302.0459319346157,302.0459319251209,302.0459319155518,302.04593190600144,302.0459318962403,302.04593188680656,302.04593187701494,302.0459318675811,302.04593185795846,302.04593184883646,302.0459318393587,302.04593183007785,302.0459318209309,302.0459318119883,302.04593180284525,302.045931794047,302.0459317854358,302.04593177652214,302.0459317680965,302.04593176006404,302.04593175152075,302.04593174352215,302.04593173573505,302.04593172786775,302.0459317209419,302.04593171377775,302.04593170674167,302.04593170033456,302.0459316934925,302.0459316874587,302.0459316818435,302.04593167612154,302.04593167059994,302.0459316656071,302.04593166081537,302.0459316557711
0.08078471155740555,302.0410839841319,302.0410839808065,302.0410839767799,302.04108397222706,302.041083966753,302.04108396029176,302.04108395367194,302.04108394664456,302.041083938653,302.04108393040485,302.0410839222026,302.0410839134533,302.04108390454155,302.0410838954316,302.04108388602015,302.0410838766611,302.04108386722874,302.04108385781467,302.04108384819295,302.04108383889377,302.04108382924187,302.0410838199425,302.04108381045705,302.04108380146494,302.0410837921221,302.0410837829735,302.04108377395664,302.04108376514125,302.0410837561283,302.0410837474551,302.04108373896634,302.0410837301794,302.0410837218736,302.041083713955,302.0410837055332,302.0410836976481,302.04108368997163,302.0410836822161,302.04108367538845,302.04108366832594,302.0410836613896,302.0410836550733,302.0410836483284,302.04108364238004,302.0410836368444,302.0410836312035,302.0410836257603,302.0410836208381,302.0410836161142,302.04108361114146
0.08128471155740555,302.0363059426308,302.0363059393534,302.0363059353848,302.0363059308974,302.036305925502,302.0363059191336,302.0363059126088,302.0363059056822,302.0363058978052,302.03630588967525,302.03630588159047,302.03630587296647,302.0363058641822,302.0363058552026,302.0363058459257,302.0363058367004,302.03630582740277,302.0363058181232,302.03630580863876,302.0363057994723,302.0363057899581,302.0363057807912,302.03630577144094,302.0363057625769,302.0363057533672,302.03630574434874,302.0363057354602,302.03630572677025,302.0363057178855,302.0363057093357,302.03630570096755,302.0363056923056,302.0363056841178,302.03630567631166,302.03630566800956,302.0363056602365,302.036305652669,302.03630564502356,302.03630563829273,302.03630563133044,302.03630562449257,302.0363056182658,302.0363056116167,302.03630560575266,302.0363056002954,302.0363055947345,302.03630558936834,302.03630558451596,302.0363055798589,302.03630557495677
0.08178471155740555,302.0315968617758,302.0315968585457,302.03159685463413,302.0315968502114,302.0315968448934,302.03159683861645,302.0315968321852,302.03159682535795,302.03159681759394,302.03159680958044,302.0315968016114,302.03159679311085,302.0315967844523,302.0315967756011,302.0315967664568,302.03159675736333,302.0315967481985,302.03159673905145,302.0315967297024,302.03159672066664,302.0315967112882,302.031596702252,302.031596693035,302.03159668429714,302.0315966752186,302.0315966663286,302.0315966575666,302.0315966490002,302.0315966402419,302.0315966318136,302.03159662356444,302.03159661502565,302.03159660695417,302.03159659925893,302.0315965910749,302.03159658341224,302.03159657595216,302.0315965684154,302.03159656178,302.0315965549165,302.0315965481757,302.0315965420373,302.0315965354825,302.03159652970163,302.0315965243217,302.0315965188396,302.03159651354963,302.03159650876586,302.0315965041748,302.03159649934224
0.08228471155740555,302.0269557113615,302.02695570817787,302.02695570432263,302.0269556999634,302.02695569472183,302.026955688535,302.026955682196,302.0269556754665,302.0269556678138,302.0269556599151,302.02695565206017,302.0269556436813,302.0269556351466,302.0269556264219,302.02695561740836,302.02695560844484,302.02695559941094,302.02695559039444,302.0269555811788,302.02695557227196,302.02695556302723,302.02695555411987,302.02695554503424,302.0269555364208,302.02695552747156,302.0269555187081,302.0269555100708,302.0269555016263,302.02695549299256,302.0269554846842,302.0269554765523,302.026955468135,302.0269554601782,302.0269554525923,302.0269554445246,302.02695543697075,302.0269554296167,302.026955422187,302.02695541564566,302.02695540887964,302.02695540223453,302.0269553961831,302.0269553897215,302.0269553840225,302.02695537871875,302.0269553733144,302.0269553680995,302.02695536338354,302.02695535885755,302.02695535409356
0.08278471155740555,302.0223814784513,302.0223814753135,302.02238147151365,302.0223814672171,302.02238146205076,302.02238145595277,302.02238144970454,302.0223814430716,302.0223814355285,302.0223814277429,302.0223814200004,302.0223814117414,302.0223814033287,302.0223813947288,302.02238138584414,302.0223813770086,302.02238136810377,302.02238135921596,302.02238135013187,302.022381341352,302.02238133223915,302.0223813234588,302.02238131450264,302.0223813060119,302.0223812971901,302.0223812885514,302.02238128003705,302.0223812717127,302.02238126320185,302.0223812550116,302.02238124699534,302.02238123869773,302.0223812308541,302.0223812233759,302.0223812154229,302.0223812079764,302.0223812007268,302.0223811934027,302.02238118695414,302.0223811802841,302.02238117373344,302.0223811677678,302.0223811613979,302.02238115577984,302.02238115055127,302.02238114522356,302.02238114008253,302.0223811354335,302.02238113097167,302.02238112627526
0.08328471155740555,302.0178731669899,302.0178731638974,302.01787316015213,302.01787315591724,302.01787315082504,302.01787314481453,302.0178731386559,302.017873132118,302.0178731246829,302.0178731170088,302.0178731093771,302.0178731012362,302.01787309294394,302.01787308446694,302.01787307570925,302.017873067,302.0178730582222,302.0178730494613,302.01787304050686,302.0178730318522,302.0178730228693,302.0178730142141,302.0178730053856,302.01787299701573,302.01787298831965,302.017872979804,302.0178729714107,302.01787296320487,302.0178729548151,302.0178729467414,302.01787293883905,302.0178729306595,302.0178729229273,302.01787291555536,302.01787290771546,302.0178729003748,302.0178728932282,302.01787288600815,302.0178728796511,302.0178728730759,302.0178728666181,302.0178728607371,302.01787285445766,302.01787284891924,302.01787284376485,302.01787283851274,302.0178728334447,302.01787282886147,302.0178728244629,302.01787281983326
0.08378471155740555,302.0134297974294,302.01342979438135,302.01342979069005,302.01342978651587,302.01342978149677,302.0134297755724,302.01342976950207,302.0134297630578,302.01342975572925,302.013429748165,302.01342974064244,302.0134297326181,302.0134297244443,302.01342971608847,302.0134297074559,302.0134296988711,302.0134296902187,302.0134296815827,302.0134296727561,302.0134296642249,302.01342965537015,302.0134296468383,302.01342963813556,302.0134296298849,302.0134296213127,302.01342961291823,302.0134296046445,302.0134295965554,302.013429588285,302.01342958032615,302.0134295725362,302.013429564473,302.0134295568507,302.0134295495835,302.01342954185515,302.01342953461875,302.0134295275737,302.01342952045627,302.01342951418945,302.01342950770754,302.01342950134153,302.01342949554396,302.01342948935377,302.0134294838939,302.01342947881255,302.01342947363503,302.01342946863883,302.0134294641206,302.01342945978445,302.01342945522043
0.08428471155740555,302.00905040636735,302.0090504033631,302.0090503997248,302.00905039561053,302.00905039066345,302.0090503848241,302.0090503788407,302.0090503724887,302.0090503652651,302.00905035780914,302.00905035039415,302.0090503424845,302.0090503344276,302.0090503261912,302.00905031768207,302.0090503092198,302.0090503006909,302.00905029217824,302.00905028347756,302.009050275068,302.0090502663395,302.00905025792923,302.0090502493506,302.00905024121744,302.0090502327673,302.0090502244924,302.00905021633645,302.0090502083624,302.0090502002098,302.0090501923641,302.00905018468495,302.0090501767364,302.0090501692226,302.00905016205866,302.0090501544401,302.00905014730665,302.00905014036164,302.00905013334534,302.0090501271675,302.00905012077766,302.0090501145021,302.00905010878677,302.0090501026845,302.0090500973021,302.00905009229285,302.0090500871887,302.0090500822635,302.0090500778094,302.00905007353464,302.00905006903554
0.08478471155740555,302.0047340461971,302.0047340432361,302.0047340396501,302.0047340355948,302.0047340307186,302.00473402496294,302.0047340190653,302.0047340128042,302.0047340056841,302.0047339983348,302.00473399102583,302.0047339832293,302.0047339752876,302.00473396716893,302.0047339587813,302.0047339504399,302.0047339420327,302.00473393364155,302.004733925065,302.0047339167754,302.00473390817143,302.004733899881,302.0047338914246,302.00473388340725,302.0047338750775,302.0047338669205,302.0047338588806,302.00473385102,302.00473384298346,302.00473383524934,302.0047338276794,302.004733819844,302.00473381243694,302.0047338053748,302.00473379786473,302.0047337908326,302.0047337839863,302.00473377706976,302.00473377097956,302.0047337646805,302.00473375849407,302.0047337528599,302.0047337468444,302.00473374153836,302.0047337366001,302.0047337315685,302.00473372671314,302.00473372232216,302.0047337181081,302.00473371367286
0.08528471155740555,302.00047978477016,302.0004797818517,302.0004797783171,302.00047977432007,302.00047976951373,302.0004797638406,302.0004797580275,302.00047975185595,302.0004797448377,302.00047973759365,302.0004797303892,302.00047972270414,302.00047971487595,302.00047970687325,302.00047969860543,302.0004796903832,302.000479682096,302.00047967382454,302.0004796653704,302.000479657199,302.0004796487177,302.00047964054545,302.0004796322096,302.0004796243064,302.00047961609533,302.00047960805443,302.00047960012904,302.0004795923803,302.00047958445805,302.00047957683404,302.0004795693717,302.00047956164786,302.00047955434616,302.0004795473844,302.00047953998103,302.0004795330489,302.00047952629996,302.0004795194817,302.00047951347796,302.00047950726844,302.0004795011699,302.00047949561565,302.00047948968563,302.00047948445496,302.0004794795867,302.00047947462656,302.0004794698401,302.0004794655115,302.00047946135714,302.000479456985
0.08578471155740555,301.9962867050689,301.9962867021924,301.99628669870856,301.9962866947688,301.9962866900314,301.9962866844395,301.99628667870957,301.9962866726264,301.9962866657086,301.9962866585681,301.99628665146673,301.99628664389155,301.99628663617517,301.99628662828684,301.9962866201371,301.9962866120322,301.9962866038634,301.99628659571,301.9962865873764,301.9962865793215,301.99628657096116,301.9962865629054,301.9962865546883,301.99628654689775,301.99628653880364,301.9962865308772,301.99628652306467,301.99628651542616,301.9962865076168,301.9962865001012,301.996286492745,301.996286485131,301.9962864779331,301.99628647107033,301.9962864637724,301.9962864569387,301.99628645028565,301.99628644356443,301.99628643764595,301.9962864315246,301.9962864255127,301.99628642003734,301.9962864141916,301.9962864090352,301.996286404236,301.9962863993463,301.9962863946279,301.9962863903606,301.9962863862652,301.99628638195514
0.08628471155740555,301.99215390489,301.99215390205484,301.9921538986209,301.9921538947377,301.9921538900682,301.99215388455644,301.99215387890854,301.9921538729124,301.99215386609364,301.9921538590553,301.99215385205537,301.99215384458853,301.9921538369824,301.9921538292067,301.9921538211734,301.9921538131842,301.9921538051319,301.9921537970949,301.9921537888802,301.99215378094016,301.99215377269906,301.9921537647581,301.9921537566581,301.99215374897847,301.9921537409997,301.99215373318617,301.9921537254848,301.9921537179551,301.9921537102568,301.9921537028482,301.99215369559664,301.99215368809104,301.9921536809955,301.9921536742303,301.99215366703606,301.9921536602996,301.9921536537411,301.9921536471154,301.992153641281,301.99215363524667,301.99215362932017,301.9921536239226,301.99215361815993,301.9921536130767,301.9921536083457,301.99215360352537,301.992153598874,301.99215359466723,301.99215359063,301.99215358638116
0.08678471155740555,301.98808049653826,301.98808049374384,301.9880804903592,301.9880804865316,301.988080481929,301.9880804764962,301.98808047092905,301.9880804650188,301.98808045829753,301.9880804513598,301.98808044445997,301.9880804370998,301.98808042960246,301.9880804219378,301.98808041401924,301.9880804061441,301.98808039820676,301.9880803902844,301.98808038218687,301.98808037436004,301.98808036623643,301.98808035840864,301.9880803504241,301.9880803428539,301.9880803349887,301.9880803272864,301.98808031969475,301.9880803122722,301.9880803046834,301.9880802973803,301.9880802902319,301.9880802828331,301.98808027583846,301.9880802691695,301.98808026207763,301.98808025543696,301.9880802489717,301.9880802424402,301.9880802366887,301.9880802307401,301.98808022489783,301.9880802195769,301.9880802138962,301.9880802088851,301.9880802042212,301.9880801994693,301.988080194884,301.98808019073704,301.9880801867571,301.98808018256864
0.08728471155740555,301.9840656065293,301.984065603775,301.98406560043895,301.98406559666614,301.98406559212947,301.98406558677436,301.98406558128704,301.9840655754613,301.9840655688362,301.98406556199774,301.9840655551965,301.98406554794144,301.98406554055117,301.984065532996,301.9840655251905,301.9840655174278,301.98406550960374,301.98406550179436,301.9840654938124,301.98406548609717,301.9840654780894,301.98406547037314,301.98406546250243,301.98406545503997,301.9840654472868,301.9840654396943,301.9840654322107,301.98406542489374,301.9840654174131,301.9840654102139,301.98406540316716,301.98406539587364,301.9840653889785,301.9840653824043,301.98406537541337,301.98406536886716,301.98406536249377,301.9840653560553,301.9840653503854,301.9840653445213,301.98406533876215,301.9840653335167,301.9840653279168,301.9840653229769,301.9840653183792,301.9840653136948,301.98406530917464,301.9840653050866,301.98406530116307,301.98406529703414
0.08778471155740555,301.98010837530205,301.98010837258727,301.98010836929905,301.9801083655803,301.9801083611086,301.9801083558302,301.98010835042135,301.9801083446789,301.98010833814857,301.9801083314078,301.9801083247038,301.9801083175525,301.9801083102677,301.9801083028205,301.9801082951264,301.9801082874745,301.9801082797621,301.9801082720642,301.9801082641961,301.9801082565908,301.9801082486972,301.98010824109093,301.98010823333243,301.9801082259762,301.98010821833356,301.9801082108491,301.9801082034721,301.9801081962593,301.98010818888514,301.9801081817883,301.98010817484186,301.9801081676522,301.98010816085514,301.98010815437436,301.98010814748295,301.98010814102986,301.9801081347471,301.9801081284001,301.9801081228108,301.9801081170301,301.9801081113528,301.9801081061819,301.9801081006616,301.9801080957919,301.98010809125947,301.9801080866416,301.98010808218567,301.9801080781555,301.98010807428784,301.98010807021757
0.08828471155740555,301.9762079569397,301.9762079542638,301.97620795102273,301.97620794735724,301.9762079429496,301.97620793774666,301.9762079324152,301.9762079267549,301.9762079203179,301.9762079136736,301.9762079070654,301.9762079000162,301.97620789283553,301.9762078854946,301.9762078779104,301.9762078703677,301.97620786276536,301.9762078551772,301.97620784742134,301.97620783992454,301.9762078321435,301.9762078246456,301.9762078169976,301.97620780974626,301.97620780221246,301.9762077948346,301.9762077875626,301.97620778045246,301.9762077731833,301.9762077661875,301.9762077593399,301.97620775225255,301.97620774555224,301.97620773916367,301.97620773237026,301.97620772600885,301.97620771981553,301.9762077135588,301.9762077080489,301.9762077023504,301.97620769675376,301.9762076916563,301.9762076862145,301.97620768141394,301.97620767694593,301.9762076723937,301.97620766800105,301.97620766402815,301.9762076602154,301.97620765620303
0.08878471155740555,301.9723635188989,301.9723635162614,301.97236351306674,301.9723635094538,301.9723635051092,301.9723634999808,301.9723634947255,301.9723634891462,301.97236348280126,301.9723634762519,301.97236346973807,301.9723634627896,301.97236345571145,301.97236344847533,301.97236344099946,301.9723634335644,301.9723634260705,301.9723634185906,301.9723634109454,301.97236340355545,301.97236339588534,301.97236338849433,301.9723633809553,301.97236337380724,301.9723633663808,301.972363359108,301.9723633519396,301.97236334493067,301.972363337765,301.9723633308687,301.9723633241186,301.9723633171321,301.9723633105271,301.97236330422936,301.9723632975327,301.9723632912618,301.97236328515646,301.9723632789888,301.9723632735571,301.9723632679396,301.9723632624226,301.9723632573976,301.9723632520332,301.97236324730085,301.9723632428962,301.9723632384087,301.97236323407844,301.972363230162,301.97236322640333,301.97236322244805
0.08928471155740555,301.9685742417476,301.9685742391479,301.96857423599903,301.96857423243785,301.9685742281554,301.96857422310035,301.96857421792026,301.96857421242066,301.96857420616647,301.9685741997107,301.96857419328995,301.9685741864407,301.96857417946364,301.9685741723309,301.96857416496164,301.96857415763276,301.9685741502458,301.9685741428725,301.9685741353364,301.96857412805184,301.96857412049104,301.96857411320536,301.96857410577377,301.9685740987276,301.9685740914069,301.9685740842376,301.9685740771713,301.9685740702622,301.9685740631985,301.9685740564004,301.9685740497464,301.9685740428593,301.96857403634834,301.96857403014013,301.96857402353874,301.968574017357,301.9685740113386,301.96857400525863,301.9685739999042,301.9685739943666,301.968573988928,301.96857398397435,301.9685739786862,301.9685739740211,301.9685739696791,301.96857396525536,301.96857396098665,301.96857395712584,301.96857395342056,301.96857394952144
0.08978471155740556,301.96483931890975,301.96483931634737,301.9648393132436,301.9648393097333,301.96483930551216,301.96483930052955,301.9648392954234,301.96483929000243,301.9648392838377,301.96483927747414,301.9648392711451,301.96483926439373,301.9648392575163,301.9648392504853,301.9648392432213,301.964839235997,301.9648392287154,301.96483922144733,301.96483921401864,301.96483920683795,301.9648391993849,301.96483919220316,301.96483918487746,301.9648391779316,301.96483917071515,301.9648391636481,301.96483915668233,301.96483914987164,301.9648391429085,301.96483913620716,301.96483912964777,301.9648391228588,301.9648391164404,301.96483911032055,301.9648391038131,301.96483909771933,301.9648390917865,301.9648390857931,301.9648390805147,301.96483907505586,301.96483906969456,301.9648390648114,301.9648390595985,301.9648390549997,301.9648390507193,301.96483904635846,301.9648390421504,301.9648390383444,301.96483903469175,301.9648390308481
0.09028471155740556,301.96115795641794,301.96115795389227,301.96115795083296,301.96115794737295,301.96115794321213,301.96115793830074,301.9611579332677,301.96115792792426,301.96115792184753,301.9611579155749,301.9611579093363,301.9611579026813,301.96115789590203,301.9611578889715,301.9611578818112,301.9611578746899,301.9611578675122,301.96115786034784,301.96115785302504,301.9611578459467,301.9611578386,301.9611578315205,301.9611578242993,301.9611578174523,301.96115781033876,301.9611578033723,301.96115779650574,301.96115778979197,301.961157782928,301.9611577763221,301.9611577698561,301.96115776316367,301.96115775683666,301.96115775080386,301.961157744389,301.961157738382,301.9611577325335,301.96115772662534,301.961157721422,301.96115771604076,301.96115771075574,301.96115770594196,301.96115770080314,301.9611576962697,301.96115769205016,301.9611576877513,301.96115768360306,301.9611576798512,301.9611576762504,301.96115767246147
0.09078471155740556,301.9575293726728,301.95752937018335,301.9575293671678,301.9575293637573,301.95752935965606,301.9575293548149,301.9575293498538,301.9575293445867,301.9575293385968,301.95752933241386,301.9575293262643,301.95752931970435,301.9575293130219,301.9575293061902,301.95752929913215,301.95752929211244,301.9575292850372,301.957529277975,301.95752927075665,301.9575292637792,301.9575292565372,301.9575292495586,301.9575292424403,301.95752923569086,301.95752922867865,301.95752922181146,301.95752921504265,301.9575292084245,301.9575292016583,301.9575291951464,301.95752918877236,301.9575291821753,301.95752917593825,301.95752916999123,301.9575291636678,301.9575291577462,301.9575291519809,301.9575291461568,301.95752914102746,301.9575291357228,301.9575291305129,301.9575291257675,301.9575291207018,301.9575291162329,301.9575291120733,301.9575291078355,301.9575291037462,301.9575291000476,301.9575290964981,301.95752909276297
0.09128471155740556,301.95395279820934,301.9539527957555,301.9539527927832,301.9539527894215,301.9539527853789,301.953952780607,301.9539527757168,301.9539527705249,301.9539527646207,301.95395275852604,301.95395275246426,301.95395274599804,301.95395273941097,301.95395273267684,301.9539527257194,301.9539527187999,301.95395271182554,301.95395270486404,301.95395269774866,301.95395269087066,301.9539526837319,301.95395267685285,301.9539526698359,301.95395266318263,301.9539526562703,301.95395264950093,301.95395264282854,301.9539526363046,301.9539526296347,301.9539526232155,301.9539526169322,301.95395261042904,301.9539526042808,301.9539525984184,301.9539525921849,301.95395258634755,301.95395258066435,301.9539525749231,301.9539525698667,301.95395256463746,301.9539525595017,301.9539525548238,301.9539525498302,301.9539525454247,301.95395254132427,301.95395253714673,301.9539525331156,301.9539525294696,301.95395252597046,301.9539525222885
0.09178471155740556,301.9504274754696,301.9504274730509,301.95042747012116,301.9504274668075,301.95042746282274,301.95042745811907,301.95042745329874,301.9504274481811,301.95042744236116,301.9504274363536,301.95042743037834,301.9504274240044,301.9504274175114,301.9504274108734,301.9504274040153,301.95042739719446,301.95042739031965,301.9504273834574,301.9504273764435,301.95042736966354,301.9504273626266,301.9504273558455,301.9504273489286,301.95042734237006,301.9504273355562,301.9504273288832,301.9504273223059,301.9504273158748,301.9504273093,301.9504273029721,301.95042729677823,301.9504272903677,301.9504272843069,301.95042727852797,301.9504272723832,301.95042726662894,301.95042726102656,301.950427255367,301.9504272503825,301.9504272452276,301.95042724016497,301.95042723555355,301.95042723063096,301.9504272262881,301.95042722224593,301.9504272181278,301.95042721415405,301.95042721055984,301.9504272071104,301.9504272034808
0.09228471155740556,301.94695265858155,301.94695265619754,301.94695265330967,301.94695265004344,301.9469526461156,301.94695264147913,301.94695263672776,301.9469526316832,301.9469526259464,301.94695262002466,301.9469526141348,301.9469526078518,301.94695260145147,301.94695259490817,301.9469525881479,301.94695258142445,301.94695257464764,301.9469525678833,301.94695256096935,301.9469525542861,301.94695254734944,301.946952540665,301.9469525338467,301.94695252738154,301.9469525206648,301.9469525140869,301.94695250760316,301.9469525012637,301.94695249478247,301.94695248854475,301.94695248243903,301.9469524761197,301.9469524701452,301.9469524644485,301.94695245839114,301.9469524527188,301.94695244719617,301.94695244161716,301.94695243670355,301.946952431622,301.94695242663136,301.9469524220854,301.946952417233,301.9469524129518,301.9469524089671,301.9469524049075,301.9469524009902,301.94695239744715,301.9469523940468,301.94695239046877
0.09278471155740556,301.94352761314406,301.94352761079415,301.9435276079476,301.94352760472805,301.9435276008564,301.94352759628623,301.94352759160273,301.94352758663024,301.9435275809754,301.94352757513815,301.9435275693324,301.9435275631391,301.9435275568302,301.9435275503802,301.9435275437164,301.94352753708887,301.9435275304087,301.94352752374084,301.9435275169255,301.9435275103375,301.94352750349975,301.9435274969106,301.9435274901894,301.9435274838164,301.94352747719535,301.9435274707111,301.94352746431974,301.94352745807055,301.9435274516816,301.94352744553265,301.9435274395139,301.94352743328454,301.9435274273951,301.94352742177944,301.9435274158084,301.9435274102167,301.9435274047726,301.943527399273,301.9435273944292,301.94352738942,301.9435273845003,301.94352738001913,301.9435273752356,301.9435273710154,301.9435273670873,301.9435273630855,301.94352735922394,301.94352735573113,301.94352735237914,301.94352734885206
0.09328471155740556,301.94015161601743,301.9401516137012,301.9401516108953,301.9401516077219,301.9401516039055,301.9401515994007,301.9401515947841,301.94015158988253,301.9401515843085,301.9401515785547,301.9401515728318,301.94015156672697,301.94015156050796,301.9401515541501,301.94015154758137,301.94015154104835,301.9401515344635,301.9401515278907,301.94015152117254,301.94015151467846,301.94015150793814,301.9401515014428,301.9401514948175,301.94015148853526,301.94015148200856,301.9401514756167,301.9401514693164,301.9401514631561,301.94015145685813,301.94015145079675,301.94015144486366,301.94015143872303,301.9401514329174,301.9401514273817,301.94015142149556,301.9401514159835,301.9401514106169,301.9401514051956,301.94015140042075,301.94015139548276,301.94015139063305,301.9401513862156,301.9401513815002,301.94015137733993,301.9401513734677,301.9401513695228,301.94015136571613,301.940151362273,301.9401513589686,301.94015135549176
0.09378471155740556,301.93682395511956,301.9368239528365,301.9368239500708,301.9368239469427,301.9368239431809,301.93682393874036,301.93682393418976,301.93682392935824,301.9368239238638,301.93682391819215,301.9368239125509,301.9368239065332,301.93682390040306,301.93682389413584,301.93682388766086,301.93682388122096,301.93682387473007,301.936823868251,301.9368238616286,301.9368238552271,301.93682384858295,301.93682384218016,301.93682383564925,301.9368238294565,301.9368238230227,301.9368238167219,301.9368238105113,301.93682380443886,301.9368237982306,301.9368237922555,301.9368237864069,301.9368237803536,301.9368237746307,301.9368237691737,301.9368237633714,301.9368237579378,301.93682375264757,301.9368237473034,301.93682374259646,301.93682373772873,301.936823732948,301.93682372859337,301.93682372394505,301.936823719844,301.9368237160269,301.936823712138,301.93682370838553,301.93682370499135,301.93682370173394,301.93682369830657
0.09428471155740556,301.93354392922737,301.93354392697694,301.9335439242508,301.93354392116737,301.93354391745936,301.9335439130823,301.93354390859673,301.9335439038342,301.9335438984183,301.93354389282746,301.9335438872668,301.93354388133497,301.9335438752923,301.9335438691145,301.9335438627319,301.9335438563839,301.93354384998554,301.93354384359884,301.93354383707094,301.9335438307607,301.93354382421114,301.9335438178997,301.9335438114618,301.93354380535726,301.93354379901524,301.93354379280413,301.9335437866821,301.933543780696,301.93354377457615,301.93354376868615,301.93354376292075,301.9335437569538,301.93354375131224,301.933543745933,301.9335437402133,301.933543734857,301.93354372964205,301.9335437243739,301.93354371973396,301.93354371493547,301.9335437102228,301.9335437059301,301.93354370134796,301.93354369730525,301.93354369354233,301.9335436897088,301.93354368600967,301.93354368266375,301.9335436794527,301.93354367607407
0.09478471155740556,301.93031084778306,301.93031084556486,301.9303108428777,301.93031083983834,301.9303108361833,301.93031083186884,301.9303108274473,301.93031082275274,301.9303108174142,301.9303108119032,301.93031080642186,301.9303108005747,301.9303107946182,301.9303107885286,301.93031078223703,301.93031077597965,301.9303107696724,301.93031076337684,301.930310756942,301.9303107507217,301.9303107442655,301.930310738044,301.9303107316979,301.93031072568033,301.9303107194286,301.930310713306,301.93031070727113,301.9303107013703,301.9303106953376,301.93031068953144,301.9303106838482,301.93031067796613,301.9303106724049,301.93031066710216,301.930310661464,301.9303106561839,301.9303106510432,301.93031064585006,301.93031064127604,301.9303106365459,301.9303106319003,301.93031062766863,301.9303106231517,301.93031061916656,301.9303106154571,301.9303106116781,301.9303106080316,301.9303106047333,301.9303106015679,301.9303105982373
0.09528471155740556,301.92712403070567,301.9271240285192,301.9271240258704,301.9271240228745,301.92712401927173,301.9271240150189,301.92712401066046,301.92712400603295,301.92712400077056,301.9271239953383,301.92712398993524,301.9271239841715,301.9271239783,301.92712397229724,301.92712396609545,301.92712395992726,301.92712395371007,301.92712394750424,301.9271239411611,301.9271239350294,301.92712392866537,301.9271239225325,301.92712391627674,301.92712391034496,301.9271239041823,301.9271238981469,301.927123892198,301.9271238863812,301.9271238804344,301.92712387471096,301.9271238691086,301.92712386331027,301.92712385782824,301.92712385260097,301.92712384704305,301.9271238418381,301.92712383677065,301.92712383165144,301.9271238271425,301.92712382247964,301.92712381790017,301.92712381372866,301.92712380927605,301.9271238053475,301.92712380169087,301.9271237979657,301.927123794371,301.9271237911196,301.9271237879992,301.927123784716
0.09578471155740556,301.9239828082069,301.92398280605175,301.9239828034408,301.92398280048775,301.92398279693646,301.9239827927443,301.9239827884481,301.9239827838867,301.9239827786994,301.92398277334473,301.92398276801873,301.9239827623373,301.92398275654955,301.92398275063243,301.92398274451904,301.92398273843884,301.9239827323103,301.92398272619295,301.9239827199403,301.92398271389607,301.92398270762266,301.92398270157713,301.9239826954106,301.92398268956333,301.9239826834884,301.923982677539,301.92398267167476,301.9239826659409,301.92398266007876,301.9239826544368,301.92398264891426,301.92398264319854,301.92398263779455,301.9239826326417,301.92398262716296,301.9239826220321,301.9239826170367,301.9239826119903,301.9239826075456,301.923982602949,301.92398259843475,301.92398259432264,301.9239825899333,301.92398258606073,301.92398258245606,301.92398257878386,301.9239825752403,301.92398257203524,301.9239825689592,301.9239825657228
0.09628471155740556,301.92088652061193,301.9208865184875,301.92088651591393,301.92088651300304,301.92088650950245,301.9208865053702,301.9208865011354,301.92088649663907,301.9208864915259,301.9208864862476,301.92088648099764,301.9208864753972,301.92088646969205,301.92088646385935,301.9208864578332,301.92088645183964,301.92088644579854,301.9208864397684,301.9208864336049,301.9208864276468,301.9208864214628,301.92088641550345,301.9208864094248,301.9208864036608,301.92088639767246,301.9208863918078,301.9208863860271,301.9208863803749,301.9208863745963,301.9208863690347,301.9208863635907,301.9208863579564,301.9208863526294,301.92088634754987,301.92088634214906,301.9208863370913,301.9208863321669,301.9208863271925,301.92088632281093,301.9208863182798,301.9208863138298,301.92088630977617,301.92088630544936,301.92088630163187,301.92088629807847,301.92088629445857,301.9208862909654,301.92088628780584,301.9208862847736,301.9208862815832
0.09678471155740556,301.9178345181839,301.9178345160899,301.9178345135531,301.9178345106838,301.91783450723324,301.91783450315995,301.9178344989856,301.9178344945535,301.9178344895132,301.91783448431033,301.9178344791352,301.9178344736148,301.917834467991,301.91783446224144,301.9178344563013,301.91783445039323,301.91783444443826,301.9178344384941,301.91783443241843,301.91783442654526,301.9178344204494,301.917834414575,301.91783440858296,301.91783440290106,301.91783439699805,301.917834391217,301.91783438551863,301.91783437994684,301.91783437425056,301.9178343687681,301.9178343634017,301.91783435784765,301.91783435259646,301.91783434758923,301.91783434226534,301.9178343372796,301.9178343324254,301.9178343275217,301.9178343232025,301.9178343187359,301.9178343143492,301.91783431035327,301.917834306088,301.9178343023248,301.91783429882196,301.91783429525356,301.91783429181015,301.91783428869553,301.91783428570636,301.91783428256144
0.09728471155740556,301.91482616095345,301.91482615888935,301.9148261563888,301.9148261535605,301.91482615015923,301.9148261461441,301.91482614202937,301.9148261376605,301.9148261326922,301.9148261275635,301.9148261224623,301.91482611702054,301.91482611147705,301.91482610580954,301.91482609995404,301.9148260941302,301.91482608826016,301.91482608240074,301.9148260764117,301.9148260706222,301.91482606461335,301.91482605882265,301.91482605291594,301.914826047315,301.9148260414961,301.9148260357974,301.91482603018017,301.9148260246878,301.9148260190726,301.9148260136683,301.91482600837827,301.9148260029033,301.9148259977269,301.91482599279095,301.9148259875429,301.91482598262803,301.91482597784295,301.9148259730091,301.9148259687514,301.9148259643483,301.9148259600241,301.914825956085,301.9148259518805,301.91482594817086,301.9148259447178,301.9148259412001,301.91482593780574,301.91482593473546,301.9148259317888,301.91482592868863
0.09778471155740556,301.9118608185515,301.9118608165169,301.91186081405203,301.91186081126415,301.9118608079114,301.91186080395363,301.91186079989757,301.9118607955911,301.9118607906937,301.9118607856383,301.9118607806098,301.9118607752457,301.91186076978124,301.91186076419456,301.9118607584227,301.9118607526819,301.9118607468955,301.91186074111965,301.91186073521595,301.91186072950904,301.91186072358573,301.9118607178776,301.91186071205505,301.9118607065339,301.9118607007979,301.91186069518034,301.91186068964316,301.91186068422905,301.9118606786938,301.91186067336645,301.91186066815175,301.91186066275475,301.911860657652,301.9118606527864,301.911860647613,301.9118606427682,301.9118606380512,301.9118606332862,301.91186062908906,301.91186062474867,301.911860620486,301.91186061660295,301.9118606124583,301.9118606088014,301.9118606053976,301.9118606019299,301.91186059858387,301.9118605955572,301.91186059265254,301.9118605895964
0.09828471155740556,301.90893787004626,301.90893786804077,301.90893786561116,301.90893786286307,301.90893785955814,301.9089378556569,301.9089378516588,301.90893784741377,301.90893784258634,301.90893783760293,301.9089378326462,301.90893782735867,301.90893782197213,301.90893781646514,301.90893781077557,301.90893780511664,301.9089377994128,301.90893779371925,301.90893778789973,301.9089377822741,301.90893777643527,301.9089377708084,301.9089377650689,301.9089377596264,301.9089377539721,301.9089377484346,301.90893774297626,301.90893773763923,301.90893773218295,301.9089377269314,301.90893772179095,301.90893771647086,301.9089377114408,301.90893770664434,301.9089377015447,301.9089376967689,301.908937692119,301.9089376874218,301.9089376832844,301.9089376790059,301.90893767480384,301.90893767097606,301.90893766689044,301.90893766328554,301.9089376599301,301.90893765651185,301.90893765321334,301.9089376502298,301.90893764736643,301.90893764435384
0.09878471155740556,301.9060567037843,301.9060567018075,301.9060566994126,301.90605669670373,301.9060566934461,301.9060566896005,301.9060566856594,301.906056681475,301.9060566767164,301.90605667180415,301.9060566669181,301.906056661706,301.90605665639634,301.9060566509679,301.9060566453594,301.9060566397812,301.90605663415863,301.90605662854625,301.90605662280973,301.9060566172643,301.9060566115087,301.906056605962,301.9060566003043,301.9060565949393,301.90605658936556,301.906056583907,301.90605657852643,301.9060565732654,301.90605656788676,301.90605656271003,301.9060565576428,301.90605655239847,301.90605654744,301.9060565427119,301.90605653768483,301.906056532977,301.9060565283934,301.9060565237631,301.9060565196845,301.9060565154669,301.9060565113246,301.9060565075514,301.9060565035239,301.90605649997036,301.9060564966626,301.906056493293,301.90605649004146,301.90605648710033,301.9060564842777,301.90605648130804
0.09928471155740556,301.9032167172346,301.903216715286,301.90321671292537,301.90321671025515,301.903216707044,301.90321670325335,301.9032166993685,301.9032166952438,301.90321669055317,301.90321668571096,301.9032166808946,301.9032166757569,301.9032166705229,301.9032166651719,301.90321665964336,301.9032166541447,301.9032166486023,301.90321664307,301.9032166374152,301.9032166319488,301.90321662627525,301.9032166208076,301.90321661523046,301.9032166099419,301.9032166044477,301.9032165990668,301.9032165937629,301.9032165885768,301.9032165832748,301.9032165781718,301.90321657317673,301.90321656800705,301.9032165631192,301.90321655845844,301.903216553503,301.9032165488622,301.90321654434376,301.9032165397794,301.90321653575893,301.9032165316013,301.90321652751805,301.90321652379845,301.90321651982833,301.90321651632536,301.9032165130647,301.90321650974306,301.9032165065378,301.9032165036385,301.90321650085605,301.9032164979286
0.09978471155740556,301.90041731683664,301.9004173149159,301.90041731258896,301.9004173099569,301.9004173067915,301.900417303055,301.90041729922564,301.90041729515974,301.900417290536,301.90041728576296,301.90041728101534,301.9004172759508,301.90041727079154,301.9004172655168,301.9004172600672,301.9004172546469,301.90041724918353,301.90041724373,301.90041723815585,301.9004172327674,301.90041722717467,301.90041722178495,301.9004172162873,301.9004172110741,301.9004172056581,301.9004172003539,301.90041719512556,301.9004171900133,301.9004171847868,301.9004171797565,301.90041717483257,301.90041716973656,301.90041716491834,301.9004171603239,301.900417155439,301.90041715086426,301.90041714641023,301.90041714191085,301.90041713794756,301.90041713384915,301.900417129824,301.9004171261573,301.90041712224377,301.90041711879064,301.9004171155764,301.900417112302,301.9004171091424,301.90041710628435,301.9004171035415,301.9004171006557
0.1,301.8992194369089,301.8992194350001,301.8992194326875,301.8992194300718,301.8992194269261,301.8992194232127,301.899219419407,301.89921941536636,301.89921941077125,301.8992194060277,301.8992194013095,301.8992193962764,301.899219391149,301.899219385907,301.89921938049105,301.8992193751043,301.89921936967477,301.89921936425503,301.89921935871536,301.8992193533602,301.89921934780205,301.8992193424457,301.89921933698207,301.89921933180113,301.89921932641863,301.8992193211472,301.8992193159512,301.8992193108706,301.8992193056764,301.8992193006772,301.8992192957837,301.8992192907192,301.89921928593077,301.8992192813647,301.89921927651,301.89921927196355,301.89921926753703,301.89921926306545,301.8992192591267,301.8992192550536,301.89921925105335,301.89921924740935,301.8992192435199,301.89921924008814,301.8992192368937,301.8992192336396,301.89921923049945,301.8992192276591,301.89921922493323,301.89921922206526
