t(s),T value at [0.0, 0.006001, 0] (K),T value at [3.061224489795918e-05, 0.006001, 0] (K),T value at [6.122448979591836e-05, 0.006001, 0] (K),T value at [9.183673469387755e-05, 0.006001, 0] (K),T value at [0.00012244897959183673, 0.006001, 0] (K),T value at [0.0001530612244897959, 0.006001, 0] (K),T value at [0.0001836734693877551, 0.006001, 0] (K),T value at [0.00021428571428571427, 0.006001, 0] (K),T value at [0.00024489795918367346, 0.006001, 0] (K),T value at [0.00027551020408163264, 0.006001, 0] (K),T value at [0.0003061224489795918, 0.006001, 0] (K),T value at [0.000336734693877551, 0.006001, 0] (K),T value at [0.0003673469387755102, 0.006001, 0] (K),T value at [0.00039795918367346937, 0.006001, 0] (K),T value at [0.00042857142857142855, 0.006001, 0] (K),T value at [0.00045918367346938773, 0.006001, 0] (K),T value at [0.0004897959183673469, 0.006001, 0] (K),T value at [0.0005204081632653061, 0.006001, 0] (K),T value at [0.0005510204081632653, 0.006001, 0] (K),T value at [0.0005816326530612245, 0.006001, 0] (K),T value at [0.0006122448979591836, 0.006001, 0] (K),T value at [0.0006428571428571428, 0.006001, 0] (K),T value at [0.000673469387755102, 0.006001, 0] (K),T value at [0.0007040816326530612, 0.006001, 0] (K),T value at [0.0007346938775510204, 0.006001, 0] (K),T value at [0.0007653061224489796, 0.006001, 0] (K),T value at [0.0007959183673469387, 0.006001, 0] (K),T value at [0.0008265306122448979, 0.006001, 0] (K),T value at [0.0008571428571428571, 0.006001, 0] (K),T value at [0.0008877551020408163, 0.006001, 0] (K),T value at [0.0009183673469387755, 0.006001, 0] (K),T value at [0.0009489795918367346, 0.006001, 0] (K),T value at [0.0009795918367346938, 0.006001, 0] (K),T value at [0.0010102040816326531, 0.006001, 0] (K),T value at [0.0010408163265306122, 0.006001, 0] (K),T value at [0.0010714285714285713, 0.006001, 0] (K),T value at [0.0011020408163265306, 0.006001, 0] (K),T value at [0.0011326530612244898, 0.006001, 0] (K),T value at [0.001163265306122449, 0.006001, 0] (K),T value at [0.001193877551020408, 0.006001, 0] (K),T value at [0.0012244897959183673, 0.006001, 0] (K),T value at [0.0012551020408163266, 0.006001, 0] (K),T value at [0.0012857142857142856, 0.006001, 0] (K),T value at [0.0013163265306122447, 0.006001, 0] (K),T value at [0.001346938775510204, 0.006001, 0] (K),T value at [0.0013775510204081633, 0.006001, 0] (K),T value at [0.0014081632653061224, 0.006001, 0] (K),T value at [0.0014387755102040815, 0.006001, 0] (K),T value at [0.0014693877551020407, 0.006001, 0] (K),T value at [0.0015, 0.006001, 0] (K)
1e-07,300.0337194969263,300.03371935388964,300.0337190949564,300.0337188409309,300.03371858213364,300.03371806097664,300.03371750441454,300.0337166714274,300.03371593896605,300.0337161480892,300.0337160486888,300.033712723293,300.03371323857647,300.0337130681327,300.03371367561124,300.03371333678086,300.0337052358585,300.03370605371526,300.03370437643514,300.0337057845486,300.03370765809854,300.03370329397535,300.0337095119838,300.0337049107674,300.0337032463345,300.0337118574555,300.0337039387019,300.03370288945695,300.0337046573412,300.0336936058461,300.0336808069648,300.03369204868363,300.0336532629694,300.0336520806471,300.0336543951569,300.0336526888542,300.03365347734604,300.0336547622851,300.03367060049277,300.03365602290125,300.03365813514586,300.0336534415245,300.03365901594134,300.0336639579328,300.0336970023389,300.03367128358394,300.03365820584406,300.03366400654863,300.03368420160143,300.033686803409
2.1e-07,300.03364700922253,300.03364695982674,300.03364689545003,300.03364682929913,300.0336467490204,300.0336465997028,300.0336464685653,300.03364622485714,300.0336461361921,300.033646185905,300.03364601795954,300.0336454104487,300.0336454932289,300.03364548417545,300.0336455673103,300.033645367341,300.03364385909873,300.03364355068607,300.0336433347243,300.0336436052464,300.03364329211183,300.03364333094123,300.0336432407121,300.03364372111474,300.03364395756194,300.03364373763674,300.033643907954,300.0336435740621,300.03364311732855,300.0336382045555,300.0336374704482,300.03363432694675,300.0336350335175,300.03363413225577,300.0336331033594,300.0336335911265,300.03363346623576,300.03363383854605,300.0336330183234,300.03363398475227,300.03363494167144,300.0336337684375,300.0336352793971,300.03363664657286,300.0336345432637,300.03363573982875,300.0336346930006,300.0336362708757,300.0336376358733,300.0336368669
3.31e-07,300.0322951023359,300.0322950652251,300.03229501393537,300.03229495833875,300.03229488527387,300.0322947663274,300.0322946635082,300.0322944829776,300.0322944113623,300.0322944264884,300.0322942719843,300.03229386005466,300.03229388606,300.03229388677283,300.03229390570635,300.032293688506,300.03229263722835,300.0322923316513,300.03229221852183,300.0322923178578,300.03229212664127,300.0322922330942,300.03229200956093,300.0322923773377,300.0322925748918,300.03229217304613,300.0322925248022,300.03229240331405,300.03229176825334,300.03228822797587,300.0322872590895,300.032284865689,300.0322859492466,300.03228529025125,300.03228406225446,300.03228478058134,300.032284620122,300.0322848224959,300.0322836124175,300.03228498214327,300.0322853980009,300.0322848578393,300.0322857078855,300.0322861152323,300.0322841822861,300.03228534168323,300.0322857136641,300.0322860260661,300.0322870144418,300.0322862536083
4.6410000000000003e-07,300.0312598423034,300.03125981455423,300.0312597724042,300.03125972536805,300.0312596640544,300.0312595643621,300.03125948044135,300.0312593350956,300.03125927160784,300.03125927785067,300.0312591426772,300.03125882168325,300.0312588328865,300.03125883380494,300.03125884249135,300.0312586455917,300.0312578150823,300.03125755070846,300.0312574638087,300.0312575261994,300.03125740986417,300.03125748472826,300.03125732720304,300.03125755637393,300.0312576815968,300.0312573989387,300.0312576389372,300.031257568262,300.03125697838533,300.03125420249916,300.0312533158479,300.03125155197216,300.0312521821075,300.03125163935346,300.0312507170049,300.03125121754897,300.03125110393444,300.03125125030294,300.03125047230765,300.0312514355644,300.03125172272166,300.031251342513,300.0312519535121,300.0312521928671,300.03125091161513,300.03125171368583,300.031252202315,300.031252247991,300.03125295988315,300.0312524881559
6.105100000000001e-07,300.03048488647556,300.0304848650743,300.0304848296136,300.030484789106,300.03048473698607,300.0304846515082,300.03048457977616,300.0304844590813,300.03048440211853,300.0304844041526,300.0304842841385,300.0304840242026,300.0304840267791,300.0304840285332,300.0304840317842,300.0304838528501,300.03048317603555,300.0304829394243,300.0304828673531,300.0304829119737,300.0304828360384,300.03048288909594,300.0304827775144,300.03048292760735,300.0304830104893,300.03048281053367,300.0304829746483,300.03048292326986,300.03048237657873,300.03048012481247,300.0304793158971,300.0304779610865,300.03047829637285,300.03047783264094,300.0304771411457,300.03047746766623,300.0304773989941,300.0304775070475,300.0304770143132,300.0304776942105,300.0304779285032,300.03047764025166,300.0304780969825,300.0304782827161,300.03047740378656,300.0304779765445,300.03047841911757,300.030478407779,300.0304789099914,300.03047863025307
7.715610000000001e-07,300.02988046050723,300.0298804434591,300.0298804130778,300.0298803775059,300.0298803321892,300.02988025744645,300.02988019395207,300.02988009118866,300.0298800394339,300.02988003866153,300.029879930496,300.029879714357,300.02987971024135,300.02987971313416,300.02987971226537,300.02987954657647,300.02987898233766,300.02987876512043,300.02987870363467,300.0298787365803,300.029878684607,300.0298787232216,300.02987864063493,300.0298787442233,300.02987880118803,300.02987865409364,300.02987877149303,300.02987872931607,300.0298782159773,300.0298763433515,300.02987559083476,300.029874508939,300.02987466692144,300.02987426522276,300.02987372277005,300.029873937777,300.0298739013632,300.02987398079404,300.02987365735305,300.02987415933825,300.02987435862406,300.02987413744637,300.02987449054,300.0298746449108,300.0298740146711,300.02987444286117,300.0298748156376,300.0298748023317,300.0298751612046,300.029874995203
9.487171000000002e-07,300.029391429007,300.02939141501986,300.0293913886928,300.02939135696147,300.02939131683434,300.029391250538,300.02939119304574,300.02939110389883,300.0293910564916,300.02939105346184,300.0293909549262,300.0293907718777,300.02939076245497,300.0293907661594,300.02939076197026,300.02939060659617,300.0293901280375,300.02938992616123,300.02938987235945,300.02938989691575,300.02938986009224,300.0293898885916,300.0293898251529,300.02938989979424,300.02938993996946,300.029389828081,300.02938991511724,300.02938987727845,300.02938939159725,300.0293878048184,300.02938709700373,300.029386206014,300.0293862537007,300.0293859019213,300.02938545959955,300.02938560284485,300.0293855873094,300.0293856463014,300.0293854273637,300.0293858120481,300.02938598377654,300.02938581462945,300.02938609600824,300.0293862282186,300.02938575883104,300.0293860915878,300.02938639889265,300.0293863965809,300.0293866602264,300.0293865606607
1.1435888100000002e-06,300.0289843665883,300.0289843548118,300.02898433183026,300.0289843031803,300.02898426711783,300.0289842077287,300.02898415489733,300.02898407648814,300.02898403286736,300.0289840278018,300.0289839373951,300.0289837803817,300.0289837668424,300.0289837708189,300.02898376383575,300.0289836171169,300.028983205813,300.028983017245,300.02898296892687,300.0289829872139,300.0289829604178,300.0289829815092,300.0289829314405,300.0289829870188,300.02898301578034,300.0289829284864,300.02898299453506,300.0289829580627,300.02898249691987,300.0289811331263,300.0289804640201,300.02897971218584,300.0289796887432,300.02897937748037,300.0289790066285,300.0289791021227,300.02897909923917,300.02897914431924,300.02897899304565,300.0289792959762,300.02897944478946,300.02897931693286,300.0289795464736,300.02897966200663,300.0289793019565,300.0289795683912,300.0289798212216,300.02897983020364,300.02898003052724,300.0289799699228
1.3579476910000003e-06,300.02863801644236,300.0286380063129,300.02863798614294,300.02863796003714,300.0286379272138,300.02863787364464,300.02863782461714,300.02863775493597,300.02863771470845,300.02863770769954,300.0286376243825,300.02863748845726,300.02863747180703,300.02863747553715,300.0286374661255,300.0286373270935,300.02863696987686,300.0286367934465,300.02863674897804,300.0286367624728,300.02863674253047,300.02863675806265,300.02863671778624,300.02863676015073,300.0286367808393,300.02863671143547,300.0286367622435,300.0286367250482,300.0286362866744,300.02863510156504,300.0286344678357,300.0286338207731,300.0286337503665,300.028633472288,300.02863315514605,300.0286332178299,300.02863322209026,300.0286332580777,300.0286331522825,300.02863339579164,300.02863352520416,300.0286334303104,300.02863362081325,300.028633723051,300.02863344109267,300.028633659315,300.0286338687058,300.028633886377,300.0286340437289,300.02863400637665
1.5937424601000005e-06,300.02833819204494,300.0283381831857,300.0283381654007,300.0283381414492,300.0283381112442,300.0283380626795,300.02833801687905,300.0283379544668,300.0283379173251,300.02833790842703,300.02833783145815,300.0283377129637,300.0283376940256,300.02833769709787,300.028337685523,300.0283375535792,300.0283372407226,300.028337075615,300.02833703381384,300.02833704357994,300.0283370284291,300.02833703975654,300.02833700690627,300.02833703969793,300.0283370545099,300.02833699853966,300.02833703784506,300.02833699837385,300.028336581696,300.0283355428096,300.02833494238286,300.0283343762265,300.02833427453936,300.02833402390013,300.0283337487426,300.0283337882765,300.0283337961398,300.0283338263686,300.0283337520097,300.02833395104165,300.02833406394257,300.0283339953027,300.0283341554486,300.02833424649526,300.028334022841,300.0283342047368,300.02833437980775,300.02833440362633,300.0283345308655,300.02833450786454
1.8531167061100007e-06,300.02807502688677,300.028075019041,300.02807500329004,300.0280749812006,300.02807495314727,300.02807490893736,300.0280748659609,300.02807480972456,300.0280747753985,300.0280747646719,300.0280746934969,300.0280745896178,300.02807456905373,300.0280745711741,300.02807455762945,300.02807443238214,300.0280741565088,300.0280740020626,300.0280739620894,300.02807396889824,300.0280739571534,300.02807396531074,300.0280739382185,300.0280739638212,300.0280739742797,300.02807392864077,300.02807395897986,300.0280739160822,300.0280735203694,300.02807260314694,300.0280720345829,300.02807153218544,300.02807140981577,300.0280711820804,300.02807094072193,300.02807096357094,300.02807097283556,300.0280709994763,300.0280709473371,300.02807111237115,300.0280712112054,300.0280711633537,300.02807129933285,300.02807138060626,300.02807120204136,300.0280713557883,300.02807150358063,300.02807153164093,300.02807163702096,300.02807162331794
2.138428376721001e-06,300.0278414185454,300.02784141153234,300.02784139752345,300.02784137706897,300.02784135082163,300.02784131042404,300.02784126998233,300.0278412190806,300.0278411873124,300.0278411748447,300.0278411090214,300.0278410175274,300.0278409958679,300.0278409968415,300.0278409814662,300.0278408626433,300.02784061803294,300.02784047366697,300.02784043493756,300.02784043934406,300.02784043005215,300.027840435841,300.0278404132724,300.0278404333266,300.0278404405342,300.0278404029762,300.0278404261132,300.0278403789763,300.0278400036453,300.0278391890209,300.0278386512157,300.0278381999292,300.027838064245,300.02783785581005,300.0278376422727,300.0278376528909,300.0278376622391,300.0278376866164,300.02783765048355,300.027837789101,300.02783787595604,300.02783784444813,300.02783796085293,300.0278380334571,300.027837890637,300.02783802207654,300.02783814794725,300.027838178869,300.0278382678705,300.02783826053945
2.4522712143931014e-06,300.02763210455316,300.02763209824036,300.02763208573015,300.02763206672853,300.0276320420355,300.0276320049844,300.0276319668663,300.0276319206338,300.02763189116797,300.0276318770816,300.0276318162308,300.0276317353195,300.02763171299256,300.02763171269646,300.0276316955939,300.027631582992,300.0276313651181,300.02763123030553,300.02763119242667,300.0276311948237,300.0276311873155,300.02763119135386,300.027631172369,300.0276311880584,300.0276311928352,300.02763116166716,300.0276311788403,300.0276311269477,300.0276307714579,300.027630044319,300.0276295363427,300.02762912665685,300.0276289828673,300.0276287908609,300.02762860061756,300.0276286021489,300.02762861083204,300.02762863369173,300.0276286092849,300.0276287270803,300.0276288037443,300.02762878498794,300.0276288853257,300.0276289502393,300.027628836201,300.02762894963155,300.0276290577043,300.0276290904382,300.027629166852,300.02762916412706
2.7974983358324118e-06,300.0274430891709,300.0274430834571,300.02744307224185,300.02744305454314,300.02744303122483,300.0274429971159,300.02744296116464,300.02744291906,300.0274428916426,300.0274428760947,300.02744281987054,300.027442748065,300.0274427254191,300.02744272377765,300.02744270503365,300.02744259848544,300.02744240370066,300.0274422779555,300.0274422406784,300.0274422413397,300.0274422351347,300.02744223789125,300.0274422217668,300.0274422339814,300.0274422369452,300.0274422108582,300.0274422229311,300.0274421660305,300.0274418298292,300.0274411779931,300.02744069898927,300.02744032365877,300.02744017547116,300.02743999760224,300.02743982712,300.0274398218318,300.0274398294559,300.02743985117024,300.02743983548186,300.0274399366385,300.027440004644,300.02743999575296,300.0274400827636,300.0274401409068,300.0274400502452,300.0274401489119,300.02744024242713,300.0274402761297,300.02744034267624,300.0274403434229
3.177248169415653e-06,300.027271274186,300.02727126899146,300.0272712588992,300.02727124237805,300.02727122030694,300.02727118879034,300.0272711548864,300.0272711164562,300.02727109083924,300.02727107401654,300.02727102209155,300.0272709581686,300.02727093548907,300.0272709324551,300.0272709121542,300.0272708115068,300.0272706368244,300.02727051969134,300.0272704828773,300.0272704819924,300.02727047673665,300.02727047855893,300.0272704647371,300.0272704741687,300.0272704757848,300.0272704537411,300.0272704613025,300.0272703993767,300.02727008187435,300.02726949538146,300.02726904450293,300.0272686979635,300.0272685480116,300.0272683824508,300.02726822890077,300.0272682184613,300.0272682248453,300.02726824556015,300.0272682364353,300.02726832411435,300.02726838477145,300.0272683834363,300.0272684593024,300.0272685115412,300.027268439944,300.02726852635544,300.02726860790636,300.02726864188367,300.02726870056705,300.0272687040022
3.5949729863572187e-06,300.0271142132557,300.02711420851574,300.0271141993996,300.0271141839502,300.0271141630348,300.027114133811,300.02711410185964,300.02711406671307,300.0271140426609,300.02711402477144,300.0271139768318,300.0271139197695,300.0271138972881,300.0271138928314,300.02711387106865,300.0271137761698,300.0271136191109,300.02711351015495,300.0271134737484,300.0271134714505,300.02711346687533,300.02711346801533,300.0271134560665,300.02711346326544,300.02711346388065,300.02711344504,300.02711344847694,300.0271133817137,300.0271130822765,300.02711255288654,300.02711212925533,300.0271118072171,300.0271116573576,300.0271115026388,300.02711136370516,300.02711134936555,300.02711135445026,300.02711137418567,300.02711137004826,300.02711144666443,300.0271115010861,300.0271115054638,300.02711157195574,300.02711161908417,300.0271115630554,300.0271116391953,300.0271117108766,300.0271117445676,300.0271117968871,300.02711180243335
4.054470284992941e-06,300.0269699437717,300.02696993943243,300.02696993116547,300.02696991669757,300.02696989686956,300.02696986968596,300.0269698396073,300.02696980739984,300.02696978469555,300.0269697659596,300.0269697217052,300.0269696706425,300.02696964854204,300.0269696426447,300.026969619533,300.0269695302227,300.026969388706,300.0269692875048,300.026969251511,300.02696924789916,300.02696924379427,300.02696924443063,300.0269692340233,300.026969239433,300.02696923930125,300.02696922296934,300.0269692225245,300.0269691512842,300.02696886923604,300.0269683900604,300.02696799274594,300.0269676918994,300.026967543425,300.02696739836307,300.02696727211577,300.0269672548315,300.02696725862353,300.0269672773385,300.02696727701107,300.0269673444317,300.0269673935537,300.02696740217675,300.02696746075367,300.02696750347644,300.0269674601601,300.0269675276286,300.02696759113417,300.02696762410415,300.0269676711901,300.0269676784011
4.559917313492236e-06,300.0268368689086,300.02683686492423,300.02683685739487,300.02683684383123,300.0268368250364,300.0268367996826,300.0268367714048,300.0268367418273,300.0268367202778,300.02683670091886,300.0268366600664,300.026836614271,300.02683659268797,300.0268365853445,300.02683656101703,300.02683647712297,300.02683634938387,300.0268362555226,300.0268362199895,300.0268362151441,300.0268362113402,300.02683621159747,300.0268362024737,300.0268362064535,300.0268362057559,300.02683619134626,300.0268361871658,300.02683611194516,300.0268358465771,300.0268354118033,300.0268350398145,300.0268347576093,300.026834611408,300.026834475031,300.0268343598395,300.0268343403514,300.0268343428901,300.02683436052325,300.02683436310565,300.02683442279533,300.02683446739536,300.02683447909874,300.02683453097796,300.02683456990343,300.0268345369591,300.02683459706816,300.0268346537606,300.02683468569234,300.02683472840124,300.02683473692235
5.11590904484146e-06,300.02671367306294,300.0267136693934,300.0267136625033,300.02671364977664,300.02671363196896,300.0267136082715,300.0267135817255,300.0267135544985,300.0267135339376,300.02671351417456,300.0267134764597,300.0267134353028,300.02671341432887,300.0267134055492,300.0267133801588,300.02671330149496,300.0267131860243,300.0267130990936,300.0267130640971,300.0267130580911,300.0267130544485,300.0267130544114,300.0267130463682,300.02671304920824,300.02671304806904,300.02671303507486,300.02671302724957,300.02671294864416,300.02671269922473,300.0267123039071,300.0267119561951,300.0267116906699,300.02671154734406,300.0267114188392,300.0267113133126,300.02671129220175,300.02671129354167,300.0267113100332,300.02671131482225,300.02671136794726,300.02671140866306,300.02671142252683,300.02671146873126,300.02671150437465,300.0267114798835,300.0267115337203,300.0267115846878,300.0267116153673,300.0267116543514,300.02671166389734
5.727499949325607e-06,300.0265992600548,300.02659925666484,300.0265992503262,300.0265992383776,300.02659922151577,300.02659919933257,300.02659917444885,300.0265991493186,300.0265991296088,300.0265991096495,300.02659907482763,300.02659903776294,300.0265990174484,300.02659900726167,300.0265989809777,300.02659890734515,300.0265988028418,300.02659872243777,300.02659868806984,300.0265986809756,300.02659867737714,300.0265986771014,300.0265986699764,300.0265986719101,300.0265986704086,300.02659865838166,300.0265986469798,300.0265985656479,300.0265983314347,300.0265979713323,300.02659764680055,300.0265973964481,300.0265972564047,300.0265971350763,300.02659703802135,300.0265970157463,300.0265970159484,300.02659703125096,300.0265970376856,300.0265970851883,300.0265971225374,300.026597137841,300.02659717923257,300.0265972120261,300.026597194415,300.0265972428854,300.0265972889913,300.02659731828845,300.0265973540505,300.02659736438994
6.400249944258168e-06,300.0264927071859,300.0264927040442,300.02649269817937,300.02649268695615,300.0264926710017,300.02649265021597,300.0264926269226,300.0264926036595,300.02649258469216,300.0264925647286,300.0264925325741,300.0264924991215,300.0264924794795,300.0264924679376,300.02649244094175,300.0264923721297,300.026492277463,300.0264922031887,300.0264921695484,300.02649216144266,300.0264921577891,300.026492157309,300.0264921509697,300.02649215218247,300.02649215036166,300.0264921388987,300.0264921239938,300.0264920406215,300.02649182087146,300.02649149232167,300.0264911898407,300.0264909534993,300.0264908170165,300.02649070225675,300.02649061264526,300.026490589568,300.02649058869605,300.0264906027787,300.0264906104028,300.0264906530545,300.0264906874541,300.0264907036392,300.02649074094313,300.0264907712492,300.026490759229,300.026490803088,300.0264908450156,300.02649087286494,300.02649090579837,300.0264909167432
7.1402749386839854e-06,300.02639323055865,300.0263932276372,300.02639322217817,300.02639321163235,300.02639319654907,300.0263931770644,300.02639315528586,300.0263931336834,300.0263931153776,300.0263930955822,300.0263930658864,300.0263930356192,300.02639301663254,300.02639300381117,300.02639297629287,300.02639291208106,300.0263928262611,300.0263927577289,300.0263927249156,300.0263927158818,300.026392712089,300.0263927114223,300.0263927057581,300.02639270639514,300.0263927042676,300.02639269300266,300.02639267469243,300.0263925899644,300.0263923839423,300.0263920837613,300.0263918021846,300.02639157895175,300.02639144622697,300.02639133749506,300.026391254439,300.02639123084384,300.0263912289623,300.0263912418102,300.0263912502479,300.0263912886866,300.02639132047256,300.0263913371129,300.0263913709368,300.0263913990608,300.0263913915744,300.02639143144955,300.02639146974195,300.0263914961244,300.02639152654376,300.02639153794087
7.954302432552384e-06,300.0263001585325,300.0263001558068,300.0263001506947,300.02630014078215,300.0263001265359,300.02630010827096,300.0263000879283,300.02630006780265,300.0263000501021,300.026300030626,300.0263000031946,300.02629997572996,300.0262999573582,300.0262999433567,300.02629991550765,300.02629985566927,300.0262997778232,300.026299714657,300.02629968276557,300.0262996728951,300.02629966889276,300.02629966804443,300.02629966296024,300.0262996631321,300.02629966068406,300.0262996492857,300.02629962770465,300.02629954228036,300.0262993492654,300.0262990746685,300.0262988128485,300.02629860201137,300.0262984731948,300.0262983700053,300.02629829273496,300.0262982688423,300.0262982660164,300.0262982776283,300.02629828656745,300.02629832132425,300.0262983507685,300.0262983675443,300.0262983983945,300.0262984245956,300.02629842077533,300.0262984571868,300.0262984922796,300.0262985172085,300.0262985453716,300.0262985570949
8.849732675807622e-06,300.0263001585325,300.0263001558068,300.0263001506947,300.02630014078215,300.0263001265359,300.02630010827096,300.0263000879283,300.02630006780265,300.0263000501021,300.026300030626,300.0263000031946,300.02629997572996,300.0262999573582,300.0262999433567,300.02629991550765,300.02629985566927,300.0262997778232,300.026299714657,300.02629968276557,300.0262996728951,300.02629966889276,300.02629966804443,300.02629966296024,300.0262996631321,300.02629966068406,300.0262996492857,300.02629962770465,300.02629954228036,300.0262993492654,300.0262990746685,300.0262988128485,300.02629860201137,300.0262984731948,300.0262983700053,300.02629829273496,300.0262982688423,300.0262982660164,300.0262982776283,300.02629828656745,300.02629832132425,300.0262983507685,300.0262983675443,300.0262983983945,300.0262984245956,300.02629842077533,300.0262984571868,300.0262984922796,300.0262985172085,300.0262985453716,300.0262985570949
9.834705943388386e-06,300.0263001585325,300.0263001558068,300.0263001506947,300.02630014078215,300.0263001265359,300.02630010827096,300.0263000879283,300.02630006780265,300.0263000501021,300.026300030626,300.0263000031946,300.02629997572996,300.0262999573582,300.0262999433567,300.02629991550765,300.02629985566927,300.0262997778232,300.026299714657,300.02629968276557,300.0262996728951,300.02629966889276,300.02629966804443,300.02629966296024,300.0262996631321,300.02629966068406,300.0262996492857,300.02629962770465,300.02629954228036,300.0262993492654,300.0262990746685,300.0262988128485,300.02629860201137,300.0262984731948,300.0262983700053,300.02629829273496,300.0262982688423,300.0262982660164,300.0262982776283,300.02629828656745,300.02629832132425,300.0262983507685,300.0262983675443,300.0262983983945,300.0262984245956,300.02629842077533,300.0262984571868,300.0262984922796,300.0262985172085,300.0262985453716,300.0262985570949
1.0918176537727226e-05,300.0263001585325,300.0263001558068,300.0263001506947,300.02630014078215,300.0263001265359,300.02630010827096,300.0263000879283,300.02630006780265,300.0263000501021,300.026300030626,300.0263000031946,300.02629997572996,300.0262999573582,300.0262999433567,300.02629991550765,300.02629985566927,300.0262997778232,300.026299714657,300.02629968276557,300.0262996728951,300.02629966889276,300.02629966804443,300.02629966296024,300.0262996631321,300.02629966068406,300.0262996492857,300.02629962770465,300.02629954228036,300.0262993492654,300.0262990746685,300.0262988128485,300.02629860201137,300.0262984731948,300.0262983700053,300.02629829273496,300.0262982688423,300.0262982660164,300.0262982776283,300.02629828656745,300.02629832132425,300.0262983507685,300.0262983675443,300.0262983983945,300.0262984245956,300.02629842077533,300.0262984571868,300.0262984922796,300.0262985172085,300.0262985453716,300.0262985570949
1.210999419149995e-05,300.0263001585325,300.0263001558068,300.0263001506947,300.02630014078215,300.0263001265359,300.02630010827096,300.0263000879283,300.02630006780265,300.0263000501021,300.026300030626,300.0263000031946,300.02629997572996,300.0262999573582,300.0262999433567,300.02629991550765,300.02629985566927,300.0262997778232,300.026299714657,300.02629968276557,300.0262996728951,300.02629966889276,300.02629966804443,300.02629966296024,300.0262996631321,300.02629966068406,300.0262996492857,300.02629962770465,300.02629954228036,300.0262993492654,300.0262990746685,300.0262988128485,300.02629860201137,300.0262984731948,300.0262983700053,300.02629829273496,300.0262982688423,300.0262982660164,300.0262982776283,300.02629828656745,300.02629832132425,300.0262983507685,300.0262983675443,300.0262983983945,300.0262984245956,300.02629842077533,300.0262984571868,300.0262984922796,300.0262985172085,300.0262985453716,300.0262985570949
1.3420993610649945e-05,300.0263001585325,300.0263001558068,300.0263001506947,300.02630014078215,300.0263001265359,300.02630010827096,300.0263000879283,300.02630006780265,300.0263000501021,300.026300030626,300.0263000031946,300.02629997572996,300.0262999573582,300.0262999433567,300.02629991550765,300.02629985566927,300.0262997778232,300.026299714657,300.02629968276557,300.0262996728951,300.02629966889276,300.02629966804443,300.02629966296024,300.0262996631321,300.02629966068406,300.0262996492857,300.02629962770465,300.02629954228036,300.0262993492654,300.0262990746685,300.0262988128485,300.02629860201137,300.0262984731948,300.0262983700053,300.02629829273496,300.0262982688423,300.0262982660164,300.0262982776283,300.02629828656745,300.02629832132425,300.0262983507685,300.0262983675443,300.0262983983945,300.0262984245956,300.02629842077533,300.0262984571868,300.0262984922796,300.0262985172085,300.0262985453716,300.0262985570949
1.486309297171494e-05,300.0263001585325,300.0263001558068,300.0263001506947,300.02630014078215,300.0263001265359,300.02630010827096,300.0263000879283,300.02630006780265,300.0263000501021,300.026300030626,300.0263000031946,300.02629997572996,300.0262999573582,300.0262999433567,300.02629991550765,300.02629985566927,300.0262997778232,300.026299714657,300.02629968276557,300.0262996728951,300.02629966889276,300.02629966804443,300.02629966296024,300.0262996631321,300.02629966068406,300.0262996492857,300.02629962770465,300.02629954228036,300.0262993492654,300.0262990746685,300.0262988128485,300.02629860201137,300.0262984731948,300.0262983700053,300.02629829273496,300.0262982688423,300.0262982660164,300.0262982776283,300.02629828656745,300.02629832132425,300.0262983507685,300.0262983675443,300.0262983983945,300.0262984245956,300.02629842077533,300.0262984571868,300.0262984922796,300.0262985172085,300.0262985453716,300.0262985570949
1.6449402268886436e-05,300.0263001585325,300.0263001558068,300.0263001506947,300.02630014078215,300.0263001265359,300.02630010827096,300.0263000879283,300.02630006780265,300.0263000501021,300.026300030626,300.0263000031946,300.02629997572996,300.0262999573582,300.0262999433567,300.02629991550765,300.02629985566927,300.0262997778232,300.026299714657,300.02629968276557,300.0262996728951,300.02629966889276,300.02629966804443,300.02629966296024,300.0262996631321,300.02629966068406,300.0262996492857,300.02629962770465,300.02629954228036,300.0262993492654,300.0262990746685,300.0262988128485,300.02629860201137,300.0262984731948,300.0262983700053,300.02629829273496,300.0262982688423,300.0262982660164,300.0262982776283,300.02629828656745,300.02629832132425,300.0262983507685,300.0262983675443,300.0262983983945,300.0262984245956,300.02629842077533,300.0262984571868,300.0262984922796,300.0262985172085,300.0262985453716,300.0262985570949
1.819434249577508e-05,300.0263001585325,300.0263001558068,300.0263001506947,300.02630014078215,300.0263001265359,300.02630010827096,300.0263000879283,300.02630006780265,300.0263000501021,300.026300030626,300.0263000031946,300.02629997572996,300.0262999573582,300.0262999433567,300.02629991550765,300.02629985566927,300.0262997778232,300.026299714657,300.02629968276557,300.0262996728951,300.02629966889276,300.02629966804443,300.02629966296024,300.0262996631321,300.02629966068406,300.0262996492857,300.02629962770465,300.02629954228036,300.0262993492654,300.0262990746685,300.0262988128485,300.02629860201137,300.0262984731948,300.0262983700053,300.02629829273496,300.0262982688423,300.0262982660164,300.0262982776283,300.02629828656745,300.02629832132425,300.0262983507685,300.0262983675443,300.0262983983945,300.0262984245956,300.02629842077533,300.0262984571868,300.0262984922796,300.0262985172085,300.0262985453716,300.0262985570949
2.011377674535259e-05,300.0263001585325,300.0263001558068,300.0263001506947,300.02630014078215,300.0263001265359,300.02630010827096,300.0263000879283,300.02630006780265,300.0263000501021,300.026300030626,300.0263000031946,300.02629997572996,300.0262999573582,300.0262999433567,300.02629991550765,300.02629985566927,300.0262997778232,300.026299714657,300.02629968276557,300.0262996728951,300.02629966889276,300.02629966804443,300.02629966296024,300.0262996631321,300.02629966068406,300.0262996492857,300.02629962770465,300.02629954228036,300.0262993492654,300.0262990746685,300.0262988128485,300.02629860201137,300.0262984731948,300.0262983700053,300.02629829273496,300.0262982688423,300.0262982660164,300.0262982776283,300.02629828656745,300.02629832132425,300.0262983507685,300.0262983675443,300.0262983983945,300.0262984245956,300.02629842077533,300.0262984571868,300.0262984922796,300.0262985172085,300.0262985453716,300.0262985570949
2.222515441988785e-05,300.0263001585325,300.0263001558068,300.0263001506947,300.02630014078215,300.0263001265359,300.02630010827096,300.0263000879283,300.02630006780265,300.0263000501021,300.026300030626,300.0263000031946,300.02629997572996,300.0262999573582,300.0262999433567,300.02629991550765,300.02629985566927,300.0262997778232,300.026299714657,300.02629968276557,300.0262996728951,300.02629966889276,300.02629966804443,300.02629966296024,300.0262996631321,300.02629966068406,300.0262996492857,300.02629962770465,300.02629954228036,300.0262993492654,300.0262990746685,300.0262988128485,300.02629860201137,300.0262984731948,300.0262983700053,300.02629829273496,300.0262982688423,300.0262982660164,300.0262982776283,300.02629828656745,300.02629832132425,300.0262983507685,300.0262983675443,300.0262983983945,300.0262984245956,300.02629842077533,300.0262984571868,300.0262984922796,300.0262985172085,300.0262985453716,300.0262985570949
2.4547669861876638e-05,300.0263001585325,300.0263001558068,300.0263001506947,300.02630014078215,300.0263001265359,300.02630010827096,300.0263000879283,300.02630006780265,300.0263000501021,300.026300030626,300.0263000031946,300.02629997572996,300.0262999573582,300.0262999433567,300.02629991550765,300.02629985566927,300.0262997778232,300.026299714657,300.02629968276557,300.0262996728951,300.02629966889276,300.02629966804443,300.02629966296024,300.0262996631321,300.02629966068406,300.0262996492857,300.02629962770465,300.02629954228036,300.0262993492654,300.0262990746685,300.0262988128485,300.02629860201137,300.0262984731948,300.0262983700053,300.02629829273496,300.0262982688423,300.0262982660164,300.0262982776283,300.02629828656745,300.02629832132425,300.0262983507685,300.0262983675443,300.0262983983945,300.0262984245956,300.02629842077533,300.0262984571868,300.0262984922796,300.0262985172085,300.0262985453716,300.0262985570949
2.7102436848064303e-05,300.0263001585325,300.0263001558068,300.0263001506947,300.02630014078215,300.0263001265359,300.02630010827096,300.0263000879283,300.02630006780265,300.0263000501021,300.026300030626,300.0263000031946,300.02629997572996,300.0262999573582,300.0262999433567,300.02629991550765,300.02629985566927,300.0262997778232,300.026299714657,300.02629968276557,300.0262996728951,300.02629966889276,300.02629966804443,300.02629966296024,300.0262996631321,300.02629966068406,300.0262996492857,300.02629962770465,300.02629954228036,300.0262993492654,300.0262990746685,300.0262988128485,300.02629860201137,300.0262984731948,300.0262983700053,300.02629829273496,300.0262982688423,300.0262982660164,300.0262982776283,300.02629828656745,300.02629832132425,300.0262983507685,300.0262983675443,300.0262983983945,300.0262984245956,300.02629842077533,300.0262984571868,300.0262984922796,300.0262985172085,300.0262985453716,300.0262985570949
2.9912680532870735e-05,300.0263001585325,300.0263001558068,300.0263001506947,300.02630014078215,300.0263001265359,300.02630010827096,300.0263000879283,300.02630006780265,300.0263000501021,300.026300030626,300.0263000031946,300.02629997572996,300.0262999573582,300.0262999433567,300.02629991550765,300.02629985566927,300.0262997778232,300.026299714657,300.02629968276557,300.0262996728951,300.02629966889276,300.02629966804443,300.02629966296024,300.0262996631321,300.02629966068406,300.0262996492857,300.02629962770465,300.02629954228036,300.0262993492654,300.0262990746685,300.0262988128485,300.02629860201137,300.0262984731948,300.0262983700053,300.02629829273496,300.0262982688423,300.0262982660164,300.0262982776283,300.02629828656745,300.02629832132425,300.0262983507685,300.0262983675443,300.0262983983945,300.0262984245956,300.02629842077533,300.0262984571868,300.0262984922796,300.0262985172085,300.0262985453716,300.0262985570949
3.300394858615781e-05,300.0263001585325,300.0263001558068,300.0263001506947,300.02630014078215,300.0263001265359,300.02630010827096,300.0263000879283,300.02630006780265,300.0263000501021,300.026300030626,300.0263000031946,300.02629997572996,300.0262999573582,300.0262999433567,300.02629991550765,300.02629985566927,300.0262997778232,300.026299714657,300.02629968276557,300.0262996728951,300.02629966889276,300.02629966804443,300.02629966296024,300.0262996631321,300.02629966068406,300.0262996492857,300.02629962770465,300.02629954228036,300.0262993492654,300.0262990746685,300.0262988128485,300.02629860201137,300.0262984731948,300.0262983700053,300.02629829273496,300.0262982688423,300.0262982660164,300.0262982776283,300.02629828656745,300.02629832132425,300.0262983507685,300.0262983675443,300.0262983983945,300.0262984245956,300.02629842077533,300.0262984571868,300.0262984922796,300.0262985172085,300.0262985453716,300.0262985570949
3.6404343444773596e-05,300.0263001585325,300.0263001558068,300.0263001506947,300.02630014078215,300.0263001265359,300.02630010827096,300.0263000879283,300.02630006780265,300.0263000501021,300.026300030626,300.0263000031946,300.02629997572996,300.0262999573582,300.0262999433567,300.02629991550765,300.02629985566927,300.0262997778232,300.026299714657,300.02629968276557,300.0262996728951,300.02629966889276,300.02629966804443,300.02629966296024,300.0262996631321,300.02629966068406,300.0262996492857,300.02629962770465,300.02629954228036,300.0262993492654,300.0262990746685,300.0262988128485,300.02629860201137,300.0262984731948,300.0262983700053,300.02629829273496,300.0262982688423,300.0262982660164,300.0262982776283,300.02629828656745,300.02629832132425,300.0262983507685,300.0262983675443,300.0262983983945,300.0262984245956,300.02629842077533,300.0262984571868,300.0262984922796,300.0262985172085,300.0262985453716,300.0262985570949
4.014477778925096e-05,300.0263001585325,300.0263001558068,300.0263001506947,300.02630014078215,300.0263001265359,300.02630010827096,300.0263000879283,300.02630006780265,300.0263000501021,300.026300030626,300.0263000031946,300.02629997572996,300.0262999573582,300.0262999433567,300.02629991550765,300.02629985566927,300.0262997778232,300.026299714657,300.02629968276557,300.0262996728951,300.02629966889276,300.02629966804443,300.02629966296024,300.0262996631321,300.02629966068406,300.0262996492857,300.02629962770465,300.02629954228036,300.0262993492654,300.0262990746685,300.0262988128485,300.02629860201137,300.0262984731948,300.0262983700053,300.02629829273496,300.0262982688423,300.0262982660164,300.0262982776283,300.02629828656745,300.02629832132425,300.0262983507685,300.0262983675443,300.0262983983945,300.0262984245956,300.02629842077533,300.0262984571868,300.0262984922796,300.0262985172085,300.0262985453716,300.0262985570949
4.425925556817606e-05,300.0263001585325,300.0263001558068,300.0263001506947,300.02630014078215,300.0263001265359,300.02630010827096,300.0263000879283,300.02630006780265,300.0263000501021,300.026300030626,300.0263000031946,300.02629997572996,300.0262999573582,300.0262999433567,300.02629991550765,300.02629985566927,300.0262997778232,300.026299714657,300.02629968276557,300.0262996728951,300.02629966889276,300.02629966804443,300.02629966296024,300.0262996631321,300.02629966068406,300.0262996492857,300.02629962770465,300.02629954228036,300.0262993492654,300.0262990746685,300.0262988128485,300.02629860201137,300.0262984731948,300.0262983700053,300.02629829273496,300.0262982688423,300.0262982660164,300.0262982776283,300.02629828656745,300.02629832132425,300.0262983507685,300.0262983675443,300.0262983983945,300.0262984245956,300.02629842077533,300.0262984571868,300.0262984922796,300.0262985172085,300.0262985453716,300.0262985570949
4.8785181124993674e-05,300.0263001585325,300.0263001558068,300.0263001506947,300.02630014078215,300.0263001265359,300.02630010827096,300.0263000879283,300.02630006780265,300.0263000501021,300.026300030626,300.0263000031946,300.02629997572996,300.0262999573582,300.0262999433567,300.02629991550765,300.02629985566927,300.0262997778232,300.026299714657,300.02629968276557,300.0262996728951,300.02629966889276,300.02629966804443,300.02629966296024,300.0262996631321,300.02629966068406,300.0262996492857,300.02629962770465,300.02629954228036,300.0262993492654,300.0262990746685,300.0262988128485,300.02629860201137,300.0262984731948,300.0262983700053,300.02629829273496,300.0262982688423,300.0262982660164,300.0262982776283,300.02629828656745,300.02629832132425,300.0262983507685,300.0262983675443,300.0262983983945,300.0262984245956,300.02629842077533,300.0262984571868,300.0262984922796,300.0262985172085,300.0262985453716,300.0262985570949
5.376369923749304e-05,300.0263001585325,300.0263001558068,300.0263001506947,300.02630014078215,300.0263001265359,300.02630010827096,300.0263000879283,300.02630006780265,300.0263000501021,300.026300030626,300.0263000031946,300.02629997572996,300.0262999573582,300.0262999433567,300.02629991550765,300.02629985566927,300.0262997778232,300.026299714657,300.02629968276557,300.0262996728951,300.02629966889276,300.02629966804443,300.02629966296024,300.0262996631321,300.02629966068406,300.0262996492857,300.02629962770465,300.02629954228036,300.0262993492654,300.0262990746685,300.0262988128485,300.02629860201137,300.0262984731948,300.0262983700053,300.02629829273496,300.0262982688423,300.0262982660164,300.0262982776283,300.02629828656745,300.02629832132425,300.0262983507685,300.0262983675443,300.0262983983945,300.0262984245956,300.02629842077533,300.0262984571868,300.0262984922796,300.0262985172085,300.0262985453716,300.0262985570949
5.876369923749304e-05,300.0263001585325,300.0263001558068,300.0263001506947,300.02630014078215,300.0263001265359,300.02630010827096,300.0263000879283,300.02630006780265,300.0263000501021,300.026300030626,300.0263000031946,300.02629997572996,300.0262999573582,300.0262999433567,300.02629991550765,300.02629985566927,300.0262997778232,300.026299714657,300.02629968276557,300.0262996728951,300.02629966889276,300.02629966804443,300.02629966296024,300.0262996631321,300.02629966068406,300.0262996492857,300.02629962770465,300.02629954228036,300.0262993492654,300.0262990746685,300.0262988128485,300.02629860201137,300.0262984731948,300.0262983700053,300.02629829273496,300.0262982688423,300.0262982660164,300.0262982776283,300.02629828656745,300.02629832132425,300.0262983507685,300.0262983675443,300.0262983983945,300.0262984245956,300.02629842077533,300.0262984571868,300.0262984922796,300.0262985172085,300.0262985453716,300.0262985570949
6.376369923749304e-05,300.0263001585325,300.0263001558068,300.0263001506947,300.02630014078215,300.0263001265359,300.02630010827096,300.0263000879283,300.02630006780265,300.0263000501021,300.026300030626,300.0263000031946,300.02629997572996,300.0262999573582,300.0262999433567,300.02629991550765,300.02629985566927,300.0262997778232,300.026299714657,300.02629968276557,300.0262996728951,300.02629966889276,300.02629966804443,300.02629966296024,300.0262996631321,300.02629966068406,300.0262996492857,300.02629962770465,300.02629954228036,300.0262993492654,300.0262990746685,300.0262988128485,300.02629860201137,300.0262984731948,300.0262983700053,300.02629829273496,300.0262982688423,300.0262982660164,300.0262982776283,300.02629828656745,300.02629832132425,300.0262983507685,300.0262983675443,300.0262983983945,300.0262984245956,300.02629842077533,300.0262984571868,300.0262984922796,300.0262985172085,300.0262985453716,300.0262985570949
6.876369923749304e-05,300.0263001585325,300.0263001558068,300.0263001506947,300.02630014078215,300.0263001265359,300.02630010827096,300.0263000879283,300.02630006780265,300.0263000501021,300.026300030626,300.0263000031946,300.02629997572996,300.0262999573582,300.0262999433567,300.02629991550765,300.02629985566927,300.0262997778232,300.026299714657,300.02629968276557,300.0262996728951,300.02629966889276,300.02629966804443,300.02629966296024,300.0262996631321,300.02629966068406,300.0262996492857,300.02629962770465,300.02629954228036,300.0262993492654,300.0262990746685,300.0262988128485,300.02629860201137,300.0262984731948,300.0262983700053,300.02629829273496,300.0262982688423,300.0262982660164,300.0262982776283,300.02629828656745,300.02629832132425,300.0262983507685,300.0262983675443,300.0262983983945,300.0262984245956,300.02629842077533,300.0262984571868,300.0262984922796,300.0262985172085,300.0262985453716,300.0262985570949
7.376369923749304e-05,300.0263001585325,300.0263001558068,300.0263001506947,300.02630014078215,300.0263001265359,300.02630010827096,300.0263000879283,300.02630006780265,300.0263000501021,300.026300030626,300.0263000031946,300.02629997572996,300.0262999573582,300.0262999433567,300.02629991550765,300.02629985566927,300.0262997778232,300.026299714657,300.02629968276557,300.0262996728951,300.02629966889276,300.02629966804443,300.02629966296024,300.0262996631321,300.02629966068406,300.0262996492857,300.02629962770465,300.02629954228036,300.0262993492654,300.0262990746685,300.0262988128485,300.02629860201137,300.0262984731948,300.0262983700053,300.02629829273496,300.0262982688423,300.0262982660164,300.0262982776283,300.02629828656745,300.02629832132425,300.0262983507685,300.0262983675443,300.0262983983945,300.0262984245956,300.02629842077533,300.0262984571868,300.0262984922796,300.0262985172085,300.0262985453716,300.0262985570949
7.876369923749304e-05,300.0263001585325,300.0263001558068,300.0263001506947,300.02630014078215,300.0263001265359,300.02630010827096,300.0263000879283,300.02630006780265,300.0263000501021,300.026300030626,300.0263000031946,300.02629997572996,300.0262999573582,300.0262999433567,300.02629991550765,300.02629985566927,300.0262997778232,300.026299714657,300.02629968276557,300.0262996728951,300.02629966889276,300.02629966804443,300.02629966296024,300.0262996631321,300.02629966068406,300.0262996492857,300.02629962770465,300.02629954228036,300.0262993492654,300.0262990746685,300.0262988128485,300.02629860201137,300.0262984731948,300.0262983700053,300.02629829273496,300.0262982688423,300.0262982660164,300.0262982776283,300.02629828656745,300.02629832132425,300.0262983507685,300.0262983675443,300.0262983983945,300.0262984245956,300.02629842077533,300.0262984571868,300.0262984922796,300.0262985172085,300.0262985453716,300.0262985570949
8.376369923749304e-05,300.0263001585325,300.0263001558068,300.0263001506947,300.02630014078215,300.0263001265359,300.02630010827096,300.0263000879283,300.02630006780265,300.0263000501021,300.026300030626,300.0263000031946,300.02629997572996,300.0262999573582,300.0262999433567,300.02629991550765,300.02629985566927,300.0262997778232,300.026299714657,300.02629968276557,300.0262996728951,300.02629966889276,300.02629966804443,300.02629966296024,300.0262996631321,300.02629966068406,300.0262996492857,300.02629962770465,300.02629954228036,300.0262993492654,300.0262990746685,300.0262988128485,300.02629860201137,300.0262984731948,300.0262983700053,300.02629829273496,300.0262982688423,300.0262982660164,300.0262982776283,300.02629828656745,300.02629832132425,300.0262983507685,300.0262983675443,300.0262983983945,300.0262984245956,300.02629842077533,300.0262984571868,300.0262984922796,300.0262985172085,300.0262985453716,300.0262985570949
8.876369923749304e-05,300.0263001585325,300.0263001558068,300.0263001506947,300.02630014078215,300.0263001265359,300.02630010827096,300.0263000879283,300.02630006780265,300.0263000501021,300.026300030626,300.0263000031946,300.02629997572996,300.0262999573582,300.0262999433567,300.02629991550765,300.02629985566927,300.0262997778232,300.026299714657,300.02629968276557,300.0262996728951,300.02629966889276,300.02629966804443,300.02629966296024,300.0262996631321,300.02629966068406,300.0262996492857,300.02629962770465,300.02629954228036,300.0262993492654,300.0262990746685,300.0262988128485,300.02629860201137,300.0262984731948,300.0262983700053,300.02629829273496,300.0262982688423,300.0262982660164,300.0262982776283,300.02629828656745,300.02629832132425,300.0262983507685,300.0262983675443,300.0262983983945,300.0262984245956,300.02629842077533,300.0262984571868,300.0262984922796,300.0262985172085,300.0262985453716,300.0262985570949
9.376369923749304e-05,300.0263001585325,300.0263001558068,300.0263001506947,300.02630014078215,300.0263001265359,300.02630010827096,300.0263000879283,300.02630006780265,300.0263000501021,300.026300030626,300.0263000031946,300.02629997572996,300.0262999573582,300.0262999433567,300.02629991550765,300.02629985566927,300.0262997778232,300.026299714657,300.02629968276557,300.0262996728951,300.02629966889276,300.02629966804443,300.02629966296024,300.0262996631321,300.02629966068406,300.0262996492857,300.02629962770465,300.02629954228036,300.0262993492654,300.0262990746685,300.0262988128485,300.02629860201137,300.0262984731948,300.0262983700053,300.02629829273496,300.0262982688423,300.0262982660164,300.0262982776283,300.02629828656745,300.02629832132425,300.0262983507685,300.0262983675443,300.0262983983945,300.0262984245956,300.02629842077533,300.0262984571868,300.0262984922796,300.0262985172085,300.0262985453716,300.0262985570949
9.876369923749304e-05,300.0643951533529,300.06429579615263,300.0639990567787,300.06350958147675,300.0628348778838,300.06198520077356,300.0609732646888,300.0598139586041,300.0585239351801,300.05712127397584,300.0556250279649,300.05405474408275,300.05243022225136,300.05077088266006,300.0490954693588,300.04742188045327,300.0457665898558,300.04414471189335,300.0425695791558,300.04105271298863,300.03960378905515,300.0382304357429,300.0369386338928,300.03573228174423,300.0346138807493,300.0335842793671,300.03264272127865,300.0317875576836,300.0310158886164,300.030324071521,300.02970783160254,300.0291625070064,300.0286827727071,300.02826349857685,300.0278992886941,300.02758476085023,300.0273148229408,300.02708451821474,300.02688918846485,300.0267244813659,300.02658641636555,300.0264713588291,300.0263760218793,300.0262974820725,300.0262331485541,300.0261807544474,300.02613833220835,300.02610417219194,300.02607682241256,300.02605504107197
0.00010376369923749304,303.3939046441475,303.3851928599517,303.359174240135,303.31625633857396,303.2570975414737,303.18259710261856,303.0938699117735,302.9922215167304,302.8791121877074,302.75612749223416,302.62493831355533,302.4872583500994,302.3448234435297,302.19933672565315,302.05244253386695,301.90571076905445,301.7605850358641,301.61838890895365,301.4802903717824,301.3472997396653,301.2202659245371,301.09985797512155,300.98660050597863,300.8808349335781,300.7827808561052,300.69251313073147,300.60996609073584,300.5349978121801,300.46735558108537,300.40671839775416,300.3527071335065,300.30491061577357,300.26285992635394,300.22610761835904,300.1941807914597,300.16660656348347,300.1429401061487,300.1227473142736,300.1056207566229,300.09117766321214,300.07907056486425,300.0689812201757,300.06062024409295,300.0537321645464,300.04809106258676,300.0434948383658,300.03977299664865,300.03677609014824,300.0343761591449,300.03246527402496
0.00010876369923749304,304.92470064696215,304.91204868076954,304.87427124509253,304.81195433594644,304.726053063943,304.61787085328615,304.4890244995601,304.34140590785813,304.1771339585233,303.99850658674075,303.8079465633608,303.6079437418882,303.40101060355636,303.189620875013,302.9761641178763,302.7629138786733,302.5519720531548,302.34525644439873,302.14446670738454,301.95107235782837,301.76630450642784,301.59114664042505,301.426353081389,301.27243710097747,301.12970984320293,300.9982806047618,300.87807247341027,300.76886941366035,300.67031284224424,300.58194021306406,300.5032041318765,300.4335015603318,300.3721701571331,300.3185447013331,300.2719424688429,300.2316841557152,300.19711784050884,300.16761466696624,300.14258133910886,300.1214647497021,300.10375613749403,300.088992221957,300.07675331760555,300.06666612346146,300.05840056247126,300.05166436917597,300.046206959873,300.0418103083754,300.03828789800934,300.0354818344662
0.00011376369923749304,306.0652862488818,306.04971457479587,306.003224091795,305.9265324239285,305.8208131346612,305.6876675031847,305.5290823569037,305.3473822649038,305.14517151007476,304.925274169806,304.69066804665897,304.4444152889801,304.1896036610328,303.9292759863039,303.6663728748265,303.40368965744017,303.14381515969376,302.8891096111027,302.6416670335222,302.4032986364142,302.1755219647462,301.9595533320806,301.75632276347443,301.5664699294748,301.3903794910527,301.2281899087454,301.0798147066802,300.9449888577461,300.8232764907784,300.7141119063208,300.61682474537474,300.53067290349514,300.4548478860716,300.38852808710743,300.3308749434077,300.2810547503847,300.23826353713997,300.2017273145982,300.1707150963522,300.1445458214407,300.1225914852121,300.1042804043235,300.089095065001,300.0765742189035,300.06630980305533,300.0579413605615,300.0511584062996,300.0456912813313,300.04130921910667,300.0378166128249
0.00011876369923749304,307.0105296753222,306.99255176380757,306.93888038590114,306.8503413385393,306.72828706670987,306.5745630124834,306.39145941207516,306.1816557375339,305.9481544640199,305.6942115427094,305.42326050279854,305.13883340209384,304.8444910565748,304.5437441800297,304.23998681942896,303.93644424097977,303.63610655269633,303.3416993716753,303.05564258507866,302.78003029581953,302.5166179799415,302.26681531295446,302.0316996926214,301.81201655726676,301.608213949077,301.420456765489,301.24865221241953,301.0924975234512,300.95149483742455,300.8249950850357,300.71222799734073,300.6123383782046,300.52439752430485,300.44745632996387,300.3805481090269,300.32271178353056,300.27301831897034,300.2305738240532,300.19453353056616,300.16411024951924,300.1385772600467,300.11727286540446,300.0995981100814,300.0850185643758,300.07306115956334,300.0633083909856,300.05539974281265,300.0490223142298,300.04390820534354,300.03983013904536
0.00012376369923749304,307.83309849366253,307.8130382169285,307.753152241243,307.65435968936356,307.51816690346624,307.3466295001216,307.1422989549424,306.9081604368618,306.6475594773801,306.3641242439427,306.06168119220433,305.74416764086527,305.41555276619874,305.0797512863093,304.74054906192015,304.40154329720855,304.06607142149664,303.73717580235234,303.41755911349304,303.1095613925758,302.8151454915035,302.53588989860395,302.27300149767007,302.0273189384966,301.7993472517296,301.5892762017262,301.3970091990264,301.2222128043335,301.06433708458763,300.92266226727673,300.79633288102445,300.68439702135987,300.5858225265183,300.49955081369933,300.4245046592579,300.3596128212215,300.3038381312664,300.2561827426625,300.21570313549955,300.1815197957338,300.1528201190472,300.1288639357002,300.108981156092,300.0925733898546,300.0791106670621,300.0681254288924,300.05921325903125,300.05202323607654,300.04625475653006,300.04165261843974
0.00012876369923749305,308.56936861668254,308.5474547124263,308.4820365606872,308.37411605984954,308.22533579227377,308.0379374755772,307.81470395756395,307.5588912566496,307.2741489253825,306.9644351039724,306.6339247207803,306.28691463161886,305.9277365755599,305.5606641090691,305.18983134236134,304.8191664182099,304.45231599415763,304.0926048296722,303.7429880176893,303.4060254965823,303.0838659658697,302.7782395357157,302.4904700007547,302.2214805488629,301.97182875071655,301.7417282439831,301.5310806305615,301.33952685047865,301.1664720459137,301.01113480442956,300.8725849417892,300.7497854631071,300.64161273413646,300.54691139779055,300.4645061684084,300.3932278609201,300.33194311365287,300.2795613991433,300.2350510449397,300.1974499628776,300.16586868274334,300.1394966783292,300.11759997814187,300.09952269497285,300.08468363423606,300.07257008895755,300.06273801913255,300.0548021261562,300.0484321911145,300.0433476914823
0.00013376369923749306,309.2406020540153,309.21700752126424,309.1465733129055,309.03037607443196,308.8701812610733,308.6683984443308,308.4280192029209,308.1525439849912,307.8458967750853,307.51233366808447,307.15634437783035,306.78255066462714,306.3956121251096,306.00012695756527,305.60054454353644,305.20109292578434,304.8056991843803,304.4179444833076,304.04101339550556,303.677666108856,303.33022092654096,303.0005466594761,302.6900745519642,302.39980587767,302.1303474415459,301.88193608369306,301.65447321604614,301.4475780382102,301.26061626378885,301.09275177456163,300.94298767707,300.8102107181959,300.6932149431313,300.5907578358907,300.5015755231859,300.4244101589619,300.35804122038786,300.30129403603587,300.25305679232144,300.2122922013151,300.1780407242826,300.1494275971357,300.12566043173285,300.10603070363396,300.0899102568996,300.07674492210094,300.0660542367341,300.05742125080985,300.05048843749785,300.04495189533037
0.00013876369923749307,309.8604979497712,309.835359789485,309.7603182465853,309.6365183216831,309.46583774419463,309.2508394646074,308.99470582871635,308.7011607481253,308.3743791618923,308.0188897184017,307.63947019415957,307.2410397896626,306.82855842972464,306.4069218451559,305.98086855096955,305.5549018861724,305.1332065407977,304.7195995024353,304.31747667237903,303.92978294809046,303.5589933985574,303.20710535170224,302.87565004477216,302.5657017939612,302.27791406477627,302.012546425001,301.7695014527488,301.54837972670424,301.3485119468137,301.1690128367188,301.0088251828415,300.86676650587503,300.7415558345572,300.63187112427414,300.5363674468738,300.45370567369866,300.38258528044724,300.32175422116626,300.27002688577113,300.22629662705526,300.1895392087588,300.1588204623316,300.1332938978789,300.11220218351264,300.09487355822415,300.08071529099027,300.0692130092718,300.05992024937154,300.05245398364366,300.0464884491636
0.0001437636992374931,310.43849645521243,310.4119268025395,310.3326124645887,310.20176154223486,310.02135535296594,309.7940983624574,309.5233489576078,309.21303732218723,308.8675701020021,308.4917276766612,308.0905539807305,307.6692431471559,307.2330328638976,306.7870941832751,306.3364333429735,305.8858088212214,305.43964424223293,305.0019755694577,304.576395182145,304.1660199802533,303.7734713075091,303.4008667037545,303.04983132027036,302.72150843097063,302.4165960871487,302.1353762356189,301.87775378114696,301.64331327020665,301.4313540474064,301.24094626033855,301.0709776429162,300.9202022758758,300.7872701902502,300.67078607477464,300.5693301359184,300.4814880232427,300.40588508000644,300.3411974353981,300.2861708789248,300.2396341865988,300.20050281483174,300.16778713985866,300.1405900933911,300.11810865860366,300.0996302030326,300.0845257955756,300.0722491942615,300.0623261562217,300.05434961719516,300.0479731799628
0.0001487636992374931,310.981431650757,310.9535245964015,310.87021817158484,310.7327791526974,310.5432851481404,310.3045721731922,310.0201622843024,309.6941774915537,309.3312399751285,308.93636435203865,308.5148423122229,308.0721240144066,307.61370595240913,307.14501584595496,306.6713096763469,306.1975841323624,305.7284860967317,305.26825636851095,304.8206713463185,304.38900927646694,303.97602898450026,303.58396127229173,303.2145201205031,302.86891436172857,302.54788491453337,302.25173584046513,301.98037538001375,301.73337424617404,301.51000353066513,301.3092926807818,301.1300788271068,300.97105749019966,300.83081478402863,300.7078874005751,300.60078589419027,300.5080257959974,300.4281632507893,300.3598072282712,300.30163928204354,300.25242762749633,300.21103109514365,300.17640791621596,300.14761339539405,300.12380144307053,300.1042208398735,300.08820842697384,300.0751877938944,300.06465836288214,300.0561902504871,300.049417443626
0.00015376369923749311,311.49444137883916,311.4652774152562,311.37821904498753,311.2345879242438,311.03655170323265,310.787069414136,310.4898161891946,310.1490934924693,309.769725188264,309.35694514970515,308.9162770625797,308.4534109219218,307.9740857927184,307.48397009044936,306.9885541482436,306.4930583707948,306.00233948339803,305.52083101947,305.0524827381768,304.6007251182021,304.168446949868,303.7579863627602,303.3711418270791,303.00918484499147,302.6728977475212,302.36260650469194,302.0782235810166,301.8193077568271,301.58510454944917,301.37460604507976,301.18660259986586,301.0197353687259,300.8725309186881,300.74346246729067,300.6309753932722,300.53351949026853,300.44958593483994,300.3777205368641,300.3165443531789,300.2647684783843,300.2211982665032,300.18474263433353,300.154411781701,300.1293187759234,300.1086757589461,300.09178702506654,300.07804744227565,300.0669313252474,300.0579870043844,300.0508297133572
0.00015876369923749313,311.9815053516956,311.9511544131607,311.86055274145116,311.7110735677925,311.5049691501472,311.24531411927774,310.93592747244634,310.58127936879293,310.18638331293516,309.7566794069048,309.2979096282661,308.81598973136886,308.3168872344675,307.8064973615337,307.2905314155019,306.7744209131166,306.2632207600646,305.76154670494645,305.2735126040784,304.8026932493622,304.3521008664966,303.9241757627899,303.52079713289345,303.14329665031244,302.79249680460237,302.46874530874527,302.1719596408285,301.90168831469424,301.65715361872435,301.4373131973143,301.24091397669764,301.06654640678875,300.912681323587,300.7777324117576,300.66008377804343,300.55812329806895,300.47028086455214,300.3950426108339,300.3309723515536,300.2767270538278,300.2310613330604,300.1928372512676,300.1610220938317,300.1346900194095,300.11301821998,300.0952798989101,300.08084245401534,300.06915615261414,300.05974843009227,300.0522165096768
0.00016376369923749314,312.44578178443027,312.4143054065971,312.3203440225258,312.16531952591174,311.95156399793694,311.6822611375272,311.3613656983638,310.99350706187664,310.58387776886104,310.1381126800302,309.6621599982235,309.1621488427023,308.6442627531161,308.114611534085,307.5791156758025,307.0434067079283,306.5127274489414,305.99186660108626,305.48509396293736,304.99612166894747,304.5280796340512,304.08350581402067,303.6643568172317,303.2720222973703,302.9073638052741,302.57075066033656,302.2621060613976,301.9809697325765,301.7265428107869,301.497751081277,301.29330099736603,301.11173553833345,300.95147318228436,300.81087156020874,300.68825695407014,300.58195869388146,300.49034863906604,300.41185631936486,300.34499117704314,300.2883586906137,300.2406651485466,300.2007279238411,300.1674733151151,300.1399382731839,300.1172665236309,300.0987014570807,300.0835840981504,300.0713415952072,300.06148126787195,300.05358297735864
0.00016876369923749315,312.889827713511,312.8572806161271,312.76012277542094,312.5998221546531,312.3787864018116,312.10030247535,311.7684536728541,311.3880201710968,310.9643641134327,310.50330491470186,310.01098626751923,309.4937396289287,308.9579534981363,308.4099413804073,307.85582246938463,307.30141843022903,306.7521508580634,306.2129731672301,305.6883038421323,305.18198615732445,304.69726260461977,304.2367647603006,303.8025237021905,303.395985119216,303.0180486508589,302.6691051071306,302.3490840449382,302.05751771944665,301.7935879736494,301.5561910409711,301.3439955425059,301.15549987398435,300.9890731679109,300.84302010510174,300.7156122189841,300.6051233031709,300.5098700824696,300.42822822322773,300.35865535347517,300.29970781497644,300.25004571714584,300.2084436721521,300.1737887072534,300.14508207771,300.1214353608267,300.10206326936134,300.0862814274127,300.0734946867245,300.0631909404336,300.05493326034747
0.00017376369923749317,313.3157486450051,313.2821799224257,313.18197209900836,313.01663687945427,312.7886536588693,312.50140744331003,312.1591036026274,311.7666655468179,311.3296165559767,310.8539514408202,310.34599974841234,309.8122853763465,309.2593918536715,308.69382661967245,308.1218981601078,307.54960940701187,306.98255252962974,306.42583825420496,305.8840272351822,305.36108831760134,304.8603719793861,304.38459980119416,303.9358746866092,303.5156966156988,303.1250024447203,302.7642043733964,302.43323889394094,302.1316319826725,301.85854786269783,301.61285529394854,301.39318744341386,301.1980007225876,301.0256176316356,300.8742926941709,300.7422454646459,300.6276969094238,300.528911227089,300.444212686403,300.3720094024729,300.31081069577067,300.2592324275166,300.2160081819003,300.1799872557976,300.1501365664406,300.1255367252607,300.10537478452585,300.08894183871956,300.07562117848204,300.06488188617624,300.0562707548636
0.00017876369923749318,313.725303411897,313.69075744851216,313.5876320654098,313.4174806030351,313.18285075029746,312.88722084937217,312.5349124921111,312.1309854850373,311.68111659087856,311.1914677354183,310.66854560733657,310.1190575947554,309.54977327587477,308.96738519037876,308.3783826032719,307.7889416898498,307.2048177725327,306.63127219334206,306.0730018804018,305.5340962085173,305.01800948646707,304.5275500264209,304.06489016419465,303.6315825931532,303.2286005971216,302.856377675254,302.5148577800457,302.20356168807933,301.92163752129875,301.66792845128236,301.44103434792737,301.23937199586805,301.0612197248178,300.904784433717,300.7682362103899,300.6497456515918,300.5475267950891,300.459854748269,300.3850901999173,300.3216973671297,300.2682496126623,300.2234410626305,300.1860846790965,300.1551142699061,300.12958055009096,300.10864383108094,300.09157146410257,300.0777258421516,300.06655779150236,300.05759828579954
0.0001837636992374932,314.1199796152722,314.08449680281876,313.9785743720472,313.8038053825771,313.5628026749773,313.2591336409882,312.8972307718103,312.48228404981825,312.02011675549807,311.5170503938578,310.97976086548294,310.41513090293984,309.8301079583083,309.23156162964943,308.6261542104245,308.02022781223116,307.4196941522023,306.82995908858925,306.2558504513806,305.7015735520129,305.17068274308247,304.66607008517127,304.18997516361765,303.7440019466341,303.32915942505764,302.9459023146851,302.5941825073479,302.2735165635564,301.983037889774,301.72156578936585,301.4876688036407,301.27972624180245,301.0959745110585,300.93457519701684,300.7936512147826,300.6713250356905,300.56576269612617,300.4751921837882,300.3979286659747,300.3323930071805,300.27711766833414,300.23075874974484,300.19209415148885,300.16002569198264,300.133575164178,300.1118769760262,300.09417545074814,300.0798126865916,300.06822175718474,300.05891823302215
0.0001887636992374932,314.501049151243,314.4646664601494,314.3560572871552,314.17685265699566,313.92972768689907,313.61833489632943,313.2472128060201,312.82167588226935,312.34768754999413,311.831721996908,311.280617077779,310.70142341325135,310.10125884495545,309.48716266621517,308.8659631015777,308.2441615063768,307.62781980165863,307.02248277336355,306.43310423059455,305.8640012112138,305.3188246393424,304.80054758817795,304.31147488949716,303.8532604660959,303.4269483529168,303.03301440476315,302.6714188911682,302.3416750572988,302.0429028646479,301.77389932607105,301.5332034603366,301.3191590754228,301.1299627199278,300.9637327875406,300.818547127022,300.69248214533286,300.58365786040366,300.4902570153032,300.41055100510357,300.3429189494995,300.2858538734097,300.23797516606703,300.19802683364605,300.16487973243665,300.13752762657725,300.1150797878494,300.0967581662639,300.0818851167658,300.0698764202862,300.0602326239261
0.00019376369923749322,314.86960989796506,314.8323613389977,314.7211668998489,314.5376939572518,314.2846772616073,313.96585085426466,313.5858548080066,313.1501228392538,312.6647526565312,312.13636478759565,311.5719523657698,310.9787270407536,310.36397015776333,309.7348839300734,309.0984559815451,308.4613407504312,307.829744661965,307.2093462831516,306.6052208676014,306.02179330016736,305.4628078758435,304.931316157771,304.42968637562063,303.95962118770865,303.52219905906037,303.1179169092479,302.7467437875508,302.40819045180064,302.10136458840446,301.8250423732971,301.577734967426,301.35775249778055,301.1632535584046,300.9923153078217,300.8429724722703,300.7132572967397,300.60124561089367,300.505076644122,300.42297963408845,300.35329344000377,300.29447300372135,300.24510221678264,300.20389226929706,300.1696840029753,300.1414439767032,300.11825703320017,300.09932335216797,300.0839460525686,300.0715240453197,300.0615432026352
0.00019876369923749323,315.22661756149097,315.1885345635135,315.07484863183583,314.8872620053099,314.6285666263399,314.3025747284096,313.9140238016283,313.4684619789891,312.9721158395387,312.4317463922476,311.85449588181916,311.2477306496767,310.6188891812013,309.97533034751825,309.3241951337435,308.67228536434095,308.0259466974311,307.3909867198733,306.77259793352806,306.1753094789689,305.6029560578653,305.0586653858898,304.54486737617833,304.0633122909287,303.61511245304075,303.2007857746929,302.82031045432626,302.47319552616943,302.15853748279693,301.87509300776634,301.62134694494193,301.39557742566717,301.19590685349937,301.02037296457206,300.86696916432277,300.73368529957327,300.6185547086085,300.5196747123841,300.4352338887886,300.3635322132963,300.30298779941256,300.25215016623514,300.20969868721886,300.1744450678046,300.1453294247232,300.12141282656165,300.10187424069113,300.0859980192454,300.07316659361504,300.0628514826652
0.00020376369923749325,315.5724792734523,315.53359211194174,315.4175050242649,315.22595367777615,314.9617848593764,314.62888579261084,314.23208740889027,313.7770476091017,313.2701166365646,312.71819034518245,312.12855415714455,311.50872300769413,310.8662863962918,310.2087538231091,309.5434138200913,308.87721010831945,308.2166224993288,307.56758300793337,306.93539733576745,306.3246954116161,305.7393994785056,305.18271114404683,304.6571203406891,304.1644238354786,303.70576724505395,303.28168939365275,302.89217797736256,302.53674103157016,302.2144648900763,301.9240880332441,301.6640704675973,301.4326599477521,301.22794438739186,301.0479238434299,300.89055213758564,300.75377842083526,300.63559517664885,300.5340593678427,300.4473203593603,300.3736405742363,300.31140251064653,300.2591224039625,300.21544877873924,300.1791650545596,300.1491856451469,300.12454848017427,300.1044118552771,300.0880418107736,300.0748046773538,300.0641579324256
0.00020876369923749326,315.90792995148524,315.86826690506405,315.749863039685,315.5544861140751,315.2850355692712,314.94547063132217,314.54071196309144,314.07652289568773,313.5593724779646,312.99628614832494,312.3946869673003,311.76223277031374,311.1066583509163,310.4356182070988,309.75654298536085,309.0765131739472,308.40213798907763,307.73946958015574,307.09392306099653,306.4702259030952,305.87238520784473,305.3036743549591,304.7666417356691,304.26312958689186,303.7943162869165,303.36076149163137,302.9624627141742,302.59892766608453,302.2692334864698,301.97210165563547,301.7059687250876,301.4690535871098,301.25941125457143,301.0750057383801,300.9137529026921,300.7735627964554,300.65238858241594,300.5482483181004,300.4592535120361,300.38363028278314,300.31972665112085,300.2660265898042,300.2211486819808,300.1838488590549,300.15301652492815,300.12766706560416,300.1069386117697,300.0900793180815,300.0764397690443,300.06546369226373
0.00021376369923749327,316.2338071488941,316.193394240141,316.07275124306204,315.8736767787108,315.5991209283005,315.2531121734975,314.84065749737016,314.3676216724664,313.8405880846278,313.26670691829224,312.65353377678605,312.00886415691457,311.34057288291086,310.656454267373,309.96407607004693,309.2706508232999,308.5829127735525,307.9070302491971,307.24852428505653,306.61221690267473,306.00219758685057,305.4218095321103,304.8736581472176,304.35963018066207,303.88093627899366,303.43815685255896,303.0312995224174,302.65987229706275,302.32294400785713,302.019220243492,301.7471153747884,301.5048208292042,301.2903601842291,301.1016629134393,300.93660842500753,300.7930691377178,300.66896031132984,300.5622624405597,300.47105043120575,300.39351525064114,300.32797149404854,300.2728718152217,300.2268056942612,300.18850231122514,300.1568267002407,300.1307722527081,300.1094574017721,300.09211280894203,300.0780736386606,300.0667701366503
0.00021876369923749328,316.55075159933295,316.5096131112925,316.38680343889854,316.1841509198308,315.9046543983855,315.55240905154545,315.132505002909,314.6509047480733,314.11430184387007,313.5299667091408,312.9055827379539,312.24907820217726,311.56846304605483,310.87166656018064,310.1663889495014,309.4599703805882,308.7592660446264,308.07055675299875,307.39946619831306,306.75090815336665,306.129052170039,305.53730942477927,304.97834099178516,304.45407723108775,303.9657605907943,303.5139921585461,303.09878993131724,302.719662790325,302.3756720852009,302.065508546739,301.78756555467197,301.54000837695196,301.32083052626825,301.1279283492508,300.95914620333804,300.8123202553076,300.68532918934966,300.5761171950297,300.4827237500562,300.40330575165206,300.3361453551282,300.2796647799222,300.23242518906005,300.19312970187576,300.16061958253664,300.1338667423484,300.1119703545729,300.09414395492485,300.0797075927636,300.0680782821864
0.0002237636992374933,316.8593206749179,316.817479372674,316.6925709528508,316.4864523969846,316.2021695550385,315.8438819021759,315.41675972534114,314.9268597612456,314.3809818362015,313.7865123776047,313.15125811848344,312.4832755274337,311.7907050664228,311.081606470184,310.36380801187585,309.6447733558415,308.93147480478797,308.23030218369945,307.5469787784138,306.8865074830502,306.2531357383874,305.65034097772843,305.08083866609786,304.5466019248818,304.0489045599092,303.58836825833,303.1650216399496,302.7783749947788,302.4274829627507,302.1110223845858,301.8273667639821,301.57465643389844,301.3508561292063,301.1538303942461,300.98138985655953,300.8313357269572,300.7015113626992,300.5898258317714,300.4942842895485,300.41301058109633,300.3442553501847,300.2864112151725,300.23801176247423,300.1977347012915,300.164398090834,300.1369528469086,300.1144792949154,300.09617419045264,300.0813427545847,300.06938900488603
0.0002287636992374933,317.1600101852031,317.11748748033807,316.9905442031161,316.7810649713315,316.4921409900669,316.1279937812337,315.6938709987544,315.19592034965893,314.64104426438576,314.03674120820585,313.39093706940974,312.71181220991275,312.007633282414,311.2865862021327,310.55662319316406,309.8253275252158,309.0997850041968,308.38649120138155,307.6912661083389,307.0191992609901,306.37461393380494,305.7610521876732,305.18128267262966,304.63732046520386,304.1304703051088,303.66137440020236,303.23007222069236,302.8360759656239,302.478434288631,302.15581104897103,301.8665609224697,301.60880045920436,301.38046682827144,301.1793940197354,301.00336017658043,300.8501327762767,300.7175210274763,300.60339999403953,300.50574155335306,300.42263746014004,300.3523077238908,300.2931161495224,300.24356944686525,300.2023205300669,300.16816478753015,300.1400325976716,300.1169858273937,300.09820477872665,300.08298011519565,300.07070307962124
0.00023376369923749332,317.4532658197585,317.41008190466755,317.2811640229204,317.06842347977704,316.7749952812749,316.40516087604715,315.96424265168594,315.4584762051534,314.8948631186212,314.281010154661,313.62495841487026,312.9350080989606,312.2195479715954,311.48688610841293,310.7450948012796,310.00187325280564,309.26441736645415,308.53932537453187,307.8325112462889,307.14914881532326,306.493635245213,305.86957568124683,305.2797908143817,304.72633690937187,304.2105492336817,303.73309043581025,303.2940110461164,302.89282564028946,302.52857756487316,302.19991855256876,301.9051854388982,301.6424720776523,301.40968921638665,301.2046414696604,301.0250756730341,300.8687267269768,300.7333708064232,300.6168500289465,300.51710398296234,300.4321932440767,300.36030801882583,300.29978404529635,300.2491018204476,300.2068900465926,300.17192194783286,300.1431077995931,300.11949137939223,300.10023684516403,300.084620559361,300.0720211999541
0.00023876369923749334,317.73949095207064,317.6956649136398,317.5648293822138,317.34892145512697,317.051118472698,316.6757598095313,316.22824010158405,315.7148799281903,315.14277676415486,314.5196421376272,313.8536286409668,313.15315248112944,312.42672068125205,311.6827596783733,310.92945816138484,310.17462779290133,309.4255713521387,308.6889868122961,307.97087953682643,307.27650543559315,306.61033371691303,305.97603114518193,305.3764693639869,304.8137450947749,304.2892237424388,303.8035883146223,303.3569005951074,302.9486779739528,302.57795912943345,302.2433844735996,301.94327393400226,301.6756996950719,301.4385471653116,301.22959269956635,301.0465529410831,300.8871313094147,300.74907200305904,300.6301851970186,300.5283791295591,300.44168406252567,300.36826118921215,300.30641889035,300.25461208089393,300.2114458057581,300.175671606298,300.1461800679664,300.12199722978175,300.1022713997006,300.08626488273995,300.07334399129127
0.00024376369923749335,318.0190525567337,317.9746024743288,317.8419032423665,317.6229169035899,317.32086174574005,316.9401331774433,316.4861957327184,315.96545222335624,315.38509293400364,314.7529308171693,314.07722643356243,313.3665083720264,312.6293982661572,311.8744373169777,311.1099271333761,310.34378854706233,309.5834281588268,308.8356409131497,308.106521115973,307.4014046438223,306.7248309966442,306.08052716352887,305.47141470311436,304.8996300940711,304.36656850260636,303.87293321247955,303.4187974388928,303.0036817965119,302.6266208970887,302.2862445930061,301.980856785585,301.7085089622074,301.46706221831323,301.2542657072481,301.06780693836356,300.9053588913322,300.76463479289646,300.64341382981263,300.539573783236,300.4511154247957,300.37617168635444,300.31302426696436,300.260103100572,300.2159901029798,300.17941559170856,300.14925085587936,300.1245045303902,300.10430935345875,300.0879138047235,300.0746720206834
0.00024876369923749336,318.2922859317749,318.24722896268247,318.1127172285119,317.89073691539,317.5845459447293,317.19859396688173,316.73841318726966,316.2104860446105,315.62209271208303,314.98114439981885,314.2960062977663,313.57531593923454,312.82780610845623,312.06212935765654,311.2866969160949,310.5095356603257,309.7381531120168,308.97943855513245,308.2395729070003,307.52397000351823,306.83723796663264,306.18316268050097,305.56471462753973,304.98406937336864,304.44265148223917,303.9411844294048,303.4797530252884,303.05788149403,302.67460094844176,302.32853140088207,302.0179615616578,301.74092314322485,301.49525390203536,301.278676795293,301.08885120483455,300.9234206609779,300.78006837516034,300.6565434549425,300.5506940754699,300.46049230341856,300.3840435263572,300.3196034064339,300.265577470297,300.2205250090606,300.18315555468047,300.15232147593645,300.12701432297774,300.1063515319163,300.08956797856837,300.07600580455295
0.0002537636992374934,318.5594985765855,318.5138510311314,318.3775754663615,318.1526814508016,317.84246529298497,317.4514291842917,316.9851708885358,316.45024999854274,315.85403380313676,315.20452876371405,314.5102015288381,313.7797953116034,313.0221507600405,312.2460285345009,311.459946348042,310.6720341509897,309.88989762624095,309.12051789208857,308.370160256956,307.64431460280576,306.94765608060635,306.2840281994047,305.65644941657894,305.06713374112394,304.51753478373126,304.00839612490756,303.5398143208746,303.11131756662724,302.7219340120419,302.37027451092183,302.0546133748446,301.77296341717295,301.52313998157916,301.3028407857761,301.1096980425257,300.9413267767999,300.79538109678504,300.6695808982426,300.56174556284174,300.4698192023809,300.3918803454265,300.3261592336361,300.2710375350456,300.22505239864023,300.1868929901853,300.15539311797477,300.129527553077,300.1083986856388,300.0912279996514,300.0773458149837
0.0002587636992374934,318.8209734343138,318.77475084233794,318.63675779016535,318.40902650558303,318.0948904996619,317.6989028885706,317.2267249862886,316.684991189297,316.0811532660342,315.4233100706833,314.72002669516,313.98014892694755,313.21262215054725,312.42631204784726,311.6298398294765,310.83143568970354,310.03880084305575,309.259005853757,308.4983983031891,307.76254229269085,307.05617847990226,306.38320678332684,305.7466927255534,305.14888813989086,304.5912753425131,304.0746179313149,303.5990243465591,303.1640270936739,302.7686518663303,302.41150100589135,302.0908351777518,301.80464912918904,301.5507366730246,301.32677119910613,301.13035866524814,300.9590864921031,300.81058055566047,300.6825323688214,300.57273329672347,300.47910021391186,300.39968544589,300.33269440411607,300.27648542366825,300.2295739738581,300.1906292562814,300.15846686379473,300.1320450814986,300.11045149919886,300.09289441232727,300.0786924849448
0.0002637636992374934,319.0769716371446,319.0301888071448,318.8905224587935,318.6600267910019,318.3420713900968,317.9412587588931,317.46331185020193,316.9149376268559,316.3036698274245,315.6376969771493,314.9256797397042,314.1765635188634,313.39939545578653,312.6031433120254,311.796528948591,310.98788010448953,310.1849910165417,309.3950194144742,308.6243931289427,307.8787487340536,307.1628909370437,306.4807749010154,305.8355123400826,305.22939231539283,304.6639255173997,304.1398954719149,303.65742262995195,303.21604412666716,302.81478367904936,302.4522357293054,302.126648012309,301.83599800252694,301.5780588227823,301.35048040493683,301.1508433249047,300.9767082602102,300.8256736877178,300.695403530793,300.58366188204593,300.488339066366,300.4074618349959,300.33921133534835,300.2819230739329,300.2340912842983,300.1943655898984,300.16154369957235,300.1345676940234,300.1125105986888,300.09456771570393,300.08004621268884
0.0002687636992374934,319.32773485282917,319.2804059248316,319.13910847727516,318.90591802451013,318.58423915396315,318.17872228935573,317.6951502008223,317.1403002851427,316.52178585885827,315.84788252332584,315.12734377559127,314.36921181419547,313.5826326939248,312.77667344831,311.96015387047777,311.1414966660931,310.3285866964473,309.5286666764556,308.7482427499389,307.9930222914028,307.2678726611112,306.57680314876694,305.9229708197201,305.30870138736066,304.73553359419344,304.20427080289943,303.71504559115834,303.2674000242349,302.86035629661455,302.49250153406945,302.16207122229156,301.8670263192522,301.60512006042154,301.37397975074396,301.17116141909395,300.9941998240374,300.8406668411013,300.7081995643668,300.59453552734044,300.4975391649943,300.4152122579472,300.34571223335126,300.28735225384435,300.23860574396565,300.1981031202723,300.16462452642264,300.137096109652,300.1145765581139,300.0962483685555,300.08140736549257
0.00027376369923749343,319.57348730569396,319.5256257987121,319.38273759625304,319.1469189025814,318.8216082814377,318.4115026789955,317.9224429446792,317.3612748742962,316.7356890792345,316.0540457598552,315.32518863199533,314.5582539943766,313.76248409951864,312.9470425699775,312.12084453256654,311.292405194131,310.46969774627064,309.66004780184124,308.8700379631271,308.1054448016699,307.37119699042256,306.6713568712237,306.0091260513847,305.38686634030057,304.8061442185881,304.26778279321354,303.7719268743196,303.31812373998986,302.9053944927253,302.53231949606914,302.1971226358598,301.89774907542426,301.6319329299039,301.3972796722229,301.1913215834896,301.01156829298867,300.85556583983424,300.72092521827824,300.60535808768657,300.50670362693154,300.42293922624697,300.35219911552326,300.2927745799365,300.2431186458508,300.2018428804716,300.1677101694618,300.1396309876793,300.11664990487463,300.09793679353675,300.0827762828651
0.00027876369923749344,319.8144375284134,319.7660563832105,319.62161604504803,319.3832328106723,319.05437824133566,318.6397944698751,318.14537876471763,317.5780433765743,316.9455540301102,316.2563531573372,315.5193721936269,314.74383896154444,313.9390893138911,313.1143808954979,312.27872168008753,311.4407170151176,310.60842622491987,309.78925581976006,308.9898630815359,308.2160922397566,307.47293199211344,306.7644966986642,306.09403172828297,305.46393444813566,304.8757987706915,304.3304674531333,303.82809763436603,303.3682420714643,302.94992118333334,302.5717090988335,302.23181872335545,301.92818011522917,301.6585090030026,301.42038978868936,301.2113317716632,301.0288202093919,300.87037603882015,300.7335848550819,300.6161331018088,300.51583531141677,300.43064504218177,300.35867383036594,300.2981915330698,300.24763117450937,300.20558581735065,300.1708013856327,300.1421729338053,300.11873112450223,300.09963338082133,300.0841532793183
0.00028376369923749345,320.0507798888121,320.00189150656433,319.8559360421345,319.6150493135371,319.2827349436495,318.8637789746709,318.3641335063021,317.79077538477577,317.15154336125204,316.4549598344856,315.71004156777764,314.926105441583,314.11257842210625,313.27880971819144,312.43389776793515,311.58653579680066,310.7448671544631,309.91637732904326,309.10779657403674,308.32503529789255,307.57314098400684,306.85627901459674,306.17773776665325,305.53994964366535,304.94453569083737,304.39235822007026,303.8835867864067,303.41777987658105,302.99395761355345,302.61068839407426,302.2661747344697,301.95833224756245,301.6848589778719,301.44331898598045,301.2311993244417,301.0459616062203,300.8851023716268,300.74618249049774,300.62686382430246,300.52493684604303,300.4383318200862,300.3651380746152,300.30360447215264,300.2521444169866,300.20933280019574,300.1738988705022,300.1447225054414,300.120820664771,300.10133849126237,300.0855386467722
0.00028876369923749347,320.28269592710785,320.233312204473,320.0858771180647,319.8425454604692,319.5068520204338,319.0836255269079,318.5788713909875,317.9996292742886,317.35380895632534,316.65001063349735,315.8973341061128,315.10518294980716,314.2830728607401,313.4404422549929,312.5864777500213,311.72995827833955,310.87910919196105,310.04149311308004,309.22391162505755,308.4323398924408,307.6718829910736,306.946756364695,306.2602906701826,305.6149528415938,305.0123907644129,304.45348620839155,303.93842122369165,303.4667602628201,303.0375235209769,302.64927414194113,302.3002048180636,301.98821734785724,301.7109927651318,301.4660754888494,301.25093103046987,301.0629980574902,300.8997493922034,300.7587218277601,300.6375532537642,300.5340106496724,300.4460015049068,300.37159340819477,300.3090146461186,300.25665937235453,300.2130846282711,300.1770032641941,300.1472802163437,300.12291893928773,300.10305245915146,300.08693265665556
0.0002937636992374935,320.5103555323014,320.460487893321,320.31160727924487,320.06588693350386,319.7268919525525,319.29949258071116,318.789746084153,318.20475323397704,317.55249292295423,316.8416410657976,316.0813783032379,315.2811926401261,314.45068621605543,313.5993843926813,312.73655977320516,311.87107491215005,311.011235219966,310.16467868017696,309.33827662642375,308.5380676091925,307.7692131464431,307.0359778160117,306.34173385007506,305.6889822222084,305.0793973719568,304.51388042874913,303.99262600894644,303.5152047532538,303.08063727899713,302.6874819340956,302.33392212729973,302.0178464474189,301.73691956338337,301.4886669244655,301.2705331793264,301.079934722459,300.9143213114647,300.7712062877395,300.6482041574606,300.5430589525288,300.4536558884783,300.37804126732874,300.31442320442926,300.26117696007447,300.216842037437,300.1801151565924,300.14984654067473,300.12502633064054,300.1047755946374,300.08833556174744
0.0002987636992374935,320.7339179812322,320.68357740643324,320.5332840358372,320.2852290615443,319.9430070648307,319.5115286820837,318.9969016378793,318.40628617656415,317.74772846700404,317.02997814714035,316.2622945900872,315.4542480547559,314.6155249286415,313.7557353466039,312.8842357897946,312.009970430377,311.14132286762174,310.28600474035875,309.45095561129807,308.64227609619587,307.86518304512197,307.12398927378877,306.42210790729837,305.7620734815053,305.1455867096472,304.5735679814174,304.046224543009,303.5631334328667,303.12331602310104,302.72532630214414,302.3673389122555,302.04722981211415,301.76264792571885,301.5111003783359,301.2900116082987,301.09677638454383,300.9288220295032,300.78363903546256,300.65881909304557,300.55208381388786,300.46129662385454,300.38448297608556,300.31983120632094,300.2656980273603,300.2206057059772,300.1832350919234,300.15242191658194,300.127143193171,300.1065081858578,300.08974759779943
0.0003037636992374935,320.95353285974176,320.90272991275214,320.7510553130199,320.5007177193958,320.1553404082469,319.7198733299068,319.2004733267389,318.6043585455829,317.9396406674915,317.2151411377464,316.4401960370469,315.62445578858797,314.77768891779016,313.9095882443166,313.02959210018236,312.1467243467015,311.26944497223,310.4055376276508,309.56200863845874,308.7450194115833,307.9598410571527,307.2108337619049,306.5014508824052,305.8342600525484,305.2109879844052,304.6325742273481,304.0992387140126,303.61056507798014,303.1655757625619,302.7628208135258,302.4004666018131,302.0763770119412,301.7881858185178,301.5333824437381,301.30937174372565,301.1135274857186,300.9432551640567,300.7960230035495,300.6694004277543,300.56108713771073,300.46892523797317,300.3909197565814,300.32523962897767,300.2702233556866,300.2243762597491,300.18636357280513,300.15500674935976,300.1292698554255,300.1082505008225,300.09116898497
0.0003087636992374935,321.1693408821372,321.118085734087,320.96506026163064,320.7124901275178,320.3640265446825,319.9246577418155,319.4005883912199,318.79909303311206,318.1283471657873,317.3972422005394,316.615188979231,315.7919160799568,314.93727213665727,314.0610306444809,313.1727098352408,312.2814114023972,311.39566998949397,310.52333967536435,309.67149213376985,308.84634833261674,308.05323260582094,307.29655167198945,306.5797984774116,305.9055733020449,305.2756285871319,304.690922940034,304.1516890298132,303.6575172711237,303.20743147956216,302.79997815659857,302.4333158763152,302.1052969827482,301.813540673603,301.5555192655657,301.3286186376657,301.13019215701996,300.95762407575603,300.80836091299875,300.6799503554233,300.5700706865081,300.476543142887,300.3973527380283,300.33064937477957,300.27475366656114,300.22815427675295,300.1895010638411,300.15760141425596,300.13140662233025,300.11000278908546,300.0925999290976
0.00031376369923749353,321.38147462253056,321.3297770744747,321.17542998162423,320.9206755657486,320.56919224724186,320.12600553765253,319.5973667011167,318.9906052202187,318.31395878056514,317.5763869884306,316.7873735743201,315.9567233376543,315.0943630674737,314.2101449996857,313.3136653865482,312.41410196410595,311.52006235931776,310.6394695506882,309.77945919459023,308.94631063115503,308.1454004156051,307.38118098541486,306.6571842534933,305.9760427054714,305.33953424702156,304.7486364407658,304.2035947359189,303.70400650331845,303.24889721744233,302.83681021638097,302.465896732235,302.1339980811634,301.8387194346549,301.57751657934386,301.3477570005234,301.14677424568885,300.97193189058606,300.82065529167886,300.6904709116339,300.57903609367423,300.48415164575687,300.40378296478536,300.33606127775306,300.279289626662,300.23194029119867,300.19264799481795,300.1602062589693,300.1335537771273,300.1117652832334,300.0940406228334
0.00031876369923749355,321.5900591695037,321.5379286730705,321.3822881696725,321.12539601218276,320.7709571271139,320.3240333512137,319.79092134929647,319.17900415015606,318.4965800581539,317.7526751698806,316.95684430174,316.11896661249034,315.24904516461277,314.35700907050034,313.4525307912435,312.5448623796292,311.6426828329629,310.7539825539004,309.88595986196043,309.0449513199348,308.23638473382493,307.4647574717155,306.73363980766595,306.0456960035627,305.4027291694325,304.80573571946024,304.2549739208263,303.75004826542585,303.2899861595048,302.8733281421808,302.49821853991205,302.16248813362864,301.8637285986406,301.5993797460517,301.3667912301665,301.16327733939266,300.9861815199307,300.83290849082937,300.70096398722495,300.58798487449553,300.4917519577702,300.4102114035446,300.3414761093279,300.2838318524234,300.2357347971356,300.19580476356106,300.1628216058802,300.1357115831041,300.11353820021446,300.09549124665443
0.00032376369923749356,321.79521271380446,321.74265839025026,321.58575170051006,321.3267667166761,320.9694341962781,320.51885137936813,319.9813591846587,319.3643928428381,318.6763097664797,317.92620090056516,317.12369041061896,316.27873002043464,315.40139725213305,314.5016962969506,313.5893740772739,312.67375529707215,311.76358876647464,310.8669308867003,309.99104136467184,309.1423128733806,308.326223529344,307.5473148664413,306.80919493113015,306.1145593425417,305.4652361594186,304.86224054290585,304.30584361037353,303.79565712996015,303.3307106995829,302.9095424081484,302.53029009524164,302.19077448029486,301.8885742528969,301.62111378328916,301.3857254379865,301.1797047879022,301.0003756785114,300.8451226998287,300.71143134038664,300.5969184360011,300.49934520212264,300.41663894976284,300.3468945834911,300.2883809141413,300.2395382517035,300.19897173849193,300.16544775404844,300.137880285142,300.1153217425302,300.09695196976986
0.0003287636992374936,321.997047077344,321.9440777351707,321.78593115020817,321.5248967170527,321.1647303739782,320.71056387628704,320.16878129180094,319.5468687578486,318.85324133957556,318.0970532478095,317.28799632286155,316.43609312333274,315.55149388143303,314.6442761326937,313.72425957394563,312.8008399518839,311.8828343845636,310.97836389349595,310.0947483387091,309.2384354261111,308.4149526711759,307.6288850310031,306.88387775156576,306.1826574001171,305.5270767327056,304.9181695519952,304.35621985248235,303.84084682455824,303.37108250540484,302.9454628676408,302.5621196660758,302.2188640144215,301.91326210841316,301.64272339324793,301.40456347228377,301.19605972254385,301.0145169004835,300.8572999594454,300.7218746075124,300.60583808580384,300.5069324211817,300.4230664334349,300.3523173614134,300.2929373396594,300.24335107805126,300.20214926092456,300.1680849810077,300.1400601111085,300.1171160993053,300.098422950937
0.0003337636992374936,322.19566819056973,322.1422923418443,321.9829312683767,321.7198893049216,321.3569469437453,320.8992695994045,320.35328342382184,319.7265242121936,319.02746327861894,318.2653165734937,317.4498419967575,316.59113127232206,315.69940565383774,314.7848143464001,313.85724819197435,312.9261724256801,312.0004710185202,311.08832827892167,310.1971230250512,309.3333569518467,308.50260608943745,307.70949809669895,306.95771486132566,306.25001349897946,305.5882712156438,304.9735403492848,304.4061177934599,303.88563029812184,303.41111257563114,302.9810988021517,302.5937150339822,302.24676321783045,301.93779752977804,301.66421298787634,301.42330893930705,301.21234507369843,301.02860755391725,300.8694421737589,300.73229531296215,300.61474504005406,300.51451458293246,300.42949462428805,300.35774505561244,300.2975016176865,300.24717366796494,300.2053376471335,300.1707335443818,300.1422512731102,300.1189214472513,300.0999043391952
0.0003387636992374936,322.39117652429496,322.33740239979255,322.1768514053092,321.91184244703896,321.54617996679445,321.085062212794,320.53495639378144,319.9034467581336,319.19905951462783,318.4310708803283,317.60930325578664,316.74391591835115,315.8451995122613,314.92337329422,313.9883976766408,313.0498058801863,312.1165473212365,311.19686830440355,310.2982054483983,309.4271134250437,308.5892159207411,307.7891825947995,307.0307314332048,306.31664970928324,305.64883883544684,305.02836957803515,304.4555517468653,303.93001978050796,303.4508112913208,303.0164589654576,302.6250835319143,302.274478192886,301.96218556218923,301.6855867115754,301.4419652222264,301.22856358658265,301.0426498538556,300.88155112091005,300.74269487786637,300.62364043061325,300.52209258679125,300.4359242364691,300.3631782337098,300.30207420079125,300.25100638423913,300.2085371902204,300.17339368334353,300.14445396862527,300.12073795153816,300.1013962745294
0.0003437636992374936,322.58366748122756,322.52950304450735,322.3677858992594,322.1008491673346,321.7325206568207,321.268030652869,320.71388642958385,320.07771952569425,319.3681097372337,318.59439212572283,317.76645208662984,316.89451489359965,315.9889390055148,315.0600121666739,314.11776283716114,313.17179076917853,312.23110946198307,311.3040259661973,310.39803357903224,309.51973896725605,308.67481263983353,307.8679655743112,307.1029513252288,306.3825869413943,305.7087978018484,305.0826729937231,304.50453525580997,303.97402683651853,303.4901884624768,303.0515516235367,302.65623207827144,302.30201469140684,301.9864309558701,301.7068484617137,301.4605354982824,301.24471783551144,301.05664587411735,300.89362846281756,300.75307462808513,300.63252531153853,300.5296672688614,300.44235593278063,300.3686174218281,300.30665550810943,300.2548495628228,300.2117481618035,300.1760656199357,300.14666838152795,300.1225657665825,300.10289888847154
0.0003487636992374936,322.7732317517384,322.7186847122482,322.55582442834077,322.2869978940342,321.91605572054317,321.44825946065197,320.8901554964067,320.2494215338418,319.5346896933585,318.7553525069071,317.9213569098678,317.0429926670843,316.1306845283509,315.19478721285753,314.2453957549637,313.2921750309128,312.3442013032357,311.4098411569987,310.4966434797239,309.61126597995974,308.7594251790417,307.945872708816,307.17439717570926,306.44784503001136,305.76816538115247,305.1364655288832,304.5530811494375,304.01766241484,303.5292533702317,303.08638459074473,302.6871672077618,302.32937814086057,302.0105381881896,301.7280019072114,301.47902275432136,301.26081023681843,301.07059755798736,300.90567575397995,300.7634358014172,300.6414006649577,300.53723940669636,300.4487903285223,300.3740631076702,300.3112459277994,300.25870351476516,300.2149708135498,300.1787495602696,300.1488946830189,300.1244050367634,300.10441230464596
0.00035376369923749364,322.95995563781105,322.9050334631059,322.74105233094895,322.4703727757276,322.09686766777526,321.62582908430113,321.0638415902553,320.41862797377775,319.69887145911855,318.9140207204773,318.0740828263812,317.18941057730547,316.27049353992805,315.32775194447316,314.3713459732039,313.4110042632037,312.45586456153944,311.5143518129485,310.59406943934755,309.7017252653418,308.8430810368816,308.02292839360587,307.24509048965103,306.5124428106224,305.82695796352675,305.189761352024,304.6012015942342,304.0609368924984,303.5680148051615,303.1209652626667,302.7178950994253,302.35657366814667,302.0345114837433,301.74905050541025,301.4974298008955,301.2768430605826,301.0845067279213,300.91769444946493,300.77377955414477,300.65026740640315,300.5448097236233,300.4552279949773,300.37951574331635,300.3158458192729,300.2625685279838,300.21820537856826,300.1814456956144,300.15113303247136,300.126255897074,300.105936639266
0.00035876369923749365,323.1439213486095,323.08863127576166,322.92355089810667,322.6510539697351,322.27503509431267,321.80081615510665,321.23501900576514,320.58541046736985,319.8607236878487,319.07046219913445,318.2246918420835,317.33382704441976,316.4084207630324,315.45895732187296,314.4956606695563,313.52832188303466,312.5661389541447,311.617594047619,310.6903440946475,309.79114613636466,308.92580637700945,308.099155834166,307.31505171745295,306.57639818913157,305.885191124276,305.2425739212656,304.648908140737,304.1038601153187,303.60648110215317,303.1553006460084,302.74842160212893,302.3836061212306,302.0583548326191,301.7699975174174,301.5157592850878,301.29281844129434,301.09837509437085,300.9296859121765,300.7841069669869,300.65912638966364,300.5523788926782,300.46166946258614,300.3849757477697,300.3204555152256,300.266444868875,300.2214520726777,300.18415420339016,300.1533835782018,300.1281184737149,300.107472001587
0.00036376369923749366,323.32520727066606,323.2695563169344,323.1033976407029,322.82911790570495,322.45063294051647,321.9732937397666,321.40375858097696,320.74983730335174,320.0203118367805,319.2247393280345,318.3732430732852,317.47629776411134,316.54451836610053,315.58845192402487,314.6183848140578,313.644169272347,312.6750623329301,311.71960227436864,310.7854985414196,309.8795565172492,309.00762611854753,308.1745771269343,307.3843003267279,306.6397282053897,305.94287967974117,305.2949160332649,304.69621176613,304.14644143481945,303.6446601721928,303.1893973858462,302.778752257806,302.4104800888624,302.0820720070437,301.7908460220878,301.53401370219893,301.308738387574,301.11220426382647,300.94165141947656,300.79441905052454,300.6679784112074,300.55994754019207,300.4681152238404,300.39044350927895,300.32507532349,300.27033278378366,300.2247110955665,300.18687524807456,300.15564645817483,300.1299928846373,300.1090184943201
0.0003687636992374937,323.5038882153221,323.4478831881428,323.2806665342287,323.00463752701125,322.62373272811266,322.14333157140356,321.5701279214776,320.9119736535996,320.1776983745883,319.37691164286656,318.5197929347015,317.6168758850642,316.6788361298321,315.71628210407613,314.73956131356124,313.75858591144663,312.7826708069364,311.82040931827953,310.87956243621295,309.96698303537886,309.08856401868564,308.24921333314353,307.45285486796115,306.7024490912651,306.0000377383877,305.34679986792366,304.7431229131645,304.18868974191616,303.6825595314027,303.2232617905133,302.8088923226767,302.43719991857984,302.1056665765798,301.81159892878924,301.5521954064146,301.32460479104384,301.125995746159,300.9535921692306,300.8047167501537,300.6768242142201,300.567516249067,300.4745657359261,300.39591938745923,300.3297055287287,300.27423250034656,300.22798263185075,300.18960898203255,300.15792180064796,300.1318792400398,300.11057621401176
0.0003737636992374937,323.68003564573587,323.62368315208846,323.4554282433009,323.17768251220986,322.79440277742526,322.3109962614863,321.7341916060045,321.07188177151545,320.33294297175524,319.52703601152314,318.66439531187365,317.75561217171094,316.81142159996665,315.8424921319837,314.8592311441683,313.8716095012954,312.8889988546792,311.92004651874413,310.9725640895256,310.05345110550377,309.16864274835245,308.32308454645835,307.5207330346432,306.7645763238188,306.05667874757887,305.3982370293141,304.7896515257795,304.23061349776464,303.7201863276081,303.2568998543672,302.8388467866601,302.4637697331758,302.12914192202544,301.8322589890753,301.5703066205615,301.3404194344406,301.13975096133305,300.96550928533645,300.8150009506167,300.6856644922994,300.5750855617732,300.4810214231423,300.40140371523455,300.3343463939852,300.2781442287233,300.23126685204613,300.1923555462771,300.1602097247627,300.13377764282393,300.11214525139184
0.0003787636992374937,323.85371788549577,323.7970243406968,323.6277503279896,323.34831947854474,322.9627084069963,322.47635149456164,321.896011375368,321.2296211743046,320.4861026754735,319.67516680100186,318.80710171956434,317.89255515372946,316.94232022760855,315.9671243255104,314.9774334728454,313.9832760758038,312.99407942726646,312.0185438236414,311.0645305513471,310.1389850070214,309.2478839616543,308.3962099550329,307.5879517184316,306.8261246740776,306.1128155364707,305.44923858320436,304.83580708175907,304.27222076203236,303.75754736468696,303.2903172786535,302.8686203911601,302.49019344578454,302.1525012481468,301.85282880737816,301.58834944504304,301.35618399904695,301.15347124555694,300.9774038227887,300.82527248015214,300.6944998928393,300.5826559830956,300.48748267911924,300.406896800619,300.3389981621061,300.282068162726,300.2345639134585,300.1951150711675,300.1625103410882,300.135688189014,300.1137256916932
0.0003837636992374937,324.02500031064164,323.96797194660815,323.7976974337328,323.5166121692617,323.1287121173188,322.6394582074843,322.0556463063249,321.38524881072755,320.6372320705998,319.82135603099067,318.94796144750416,318.02775126359154,317.07157549832607,316.0902191707284,315.0942057692894,314.09362010510824,313.09794404322616,312.11592987593184,311.1554876898062,310.2236079550179,309.3263083596984,308.4686078985399,307.6545270598386,306.88710825184194,306.16846035541255,305.49981509152263,304.88159862271954,304.3135192188556,303.7946491249219,303.3235194906552,302.8982176453885,302.5164747737253,302.17574759536024,301.87331085081956,301.6063258660376,301.3719000715088,301.16715785692503,300.98927677232587,300.83553211430404,300.7033310201376,300.5902279826557,300.4939498688545,300.4123989283522,300.3436610570484,300.2860044808572,300.2378739610038,300.19788767705245,300.1648237521216,300.13761096814244,300.11531761494746
0.00038876369923749373,324.1939455266892,324.1365883997147,323.96533146641696,323.6826216262882,323.2924737602114,322.8003747546344,322.21315297185396,321.5388192157239,320.786383428007,319.96565351541676,319.0870216947079,318.1612449633147,317.19922905110826,316.21181543304624,315.209583908984,314.2026745907063,313.20062287584835,312.2122320934072,311.24546026358956,310.307342165674,309.40393574934575,308.5402959206631,307.72047449487536,306.947540546915,306.2236249121957,305.5499766440578,304.9270347816877,304.354516200707,303.8314977895502,303.35651166129605,302.9276428413677,302.54261725122484,302.1988838504686,301.89370745822487,301.6242377630311,301.3875691500996,301.18081198060185,301.00112906470036,300.8457805794223,300.7121584382514,300.59780199722974,300.5004233305855,300.41791036140467,300.3483352850824,300.2899533472663,300.2411971279638,300.2006734748621,300.1671500527492,300.1395460636064,300.11692109625665
0.00039376369923749374,324.36061353207515,324.30293353015423,324.1307117540239,323.84640634966223,323.45405069519126,322.95915706044747,322.36858558911786,321.6903846531515,320.93360684152475,320.1081069931019,319.22432769344414,318.2930788614419,317.32532078813944,316.331950259657,315.32360226828547,314.310471153223,313.30214483375283,312.30747674224426,311.3344719887283,310.3902089165752,309.4807850973775,308.61129081748277,307.7858087980437,307.00743446709555,306.2783204054502,305.59973288766184,304.97212380850334,304.39521871037573,303.8680992576857,303.3892987213466,302.95690006774066,302.5686242411272,302.22191275654063,301.91402084841894,301.6420869157486,301.4031926504848,301.194434733593,301.0129615746089,300.85601855588476,300.7209826736259,300.6053784328839,300.50690337751513,300.42343134236455,300.3530210359008,300.29391491263135,300.244533536682,300.2034725666558,300.1694893306728,300.14149355299696,300.1185362060455
0.00039876369923749376,324.5250618692823,324.46706471901723,324.2938951960922,324.00802244493894,323.61349793405276,323.1158587604366,322.521996156256,321.83999524774487,321.0789503545315,320.24876224853506,319.3599228238227,318.4232938211583,317.44988897624967,316.45065927420796,315.43629381227873,314.4170401134973,313.4025376353152,312.40168900494496,311.42254560027664,310.4722286024024,309.5568745805059,308.6816086821431,307.850544122015,307.06680237323826,306.3325575554598,305.64909305319014,305.0168735932466,304.4356334412375,303.904459163765,303.42188537636446,302.9859932225013,302.5944989456866,302.2448369220167,301.9342531278706,301.6598750105421,301.4187719110335,301.20802716914216,301.0247751243144,300.86624668106754,300.7298042175189,300.6129576669431,300.51339029940294,300.4289620947177,300.35771848364243,300.2978893149733,300.24788329920847,300.20628504612705,300.1718416668037,300.1434535084039,300.1201630102944
0.00040376369923749377,324.6873457647692,324.62903703788976,324.4549364021049,324.16752375967405,323.7708682747286,323.270531331756,322.673434579028,321.9876991072768,321.2224600771426,320.3876632236682,319.49384871985416,318.5519290603558,317.5729703408018,316.5679766644057,315.54769017607015,314.52241056760056,313.50182787751623,312.4948930431766,311.50970290935453,310.5534207864285,309.6322216316115,308.7512649461431,307.9146940343052,307.1256561116541,306.3863466326332,305.69806598038815,305.06129168787936,304.47576679597364,303.9405828936577,303.4542761204876,303.01492602474474,302.62024441652835,302.26765882911195,301.95440629774725,301.6776036462845,301.4343081977202,301.2215902807878,301.03657048698847,300.87646555208585,300.73862352823835,300.62054004980905,300.51988436403536,300.4345028240303,300.36242778783935,300.30187668041003,300.2512465178956,300.2091109990729,300.1742071356288,300.14542599669846,300.1218015707563
0.0004087636992374938,324.8475182587085,324.7889033782319,324.6138878197953,324.3249620099625,323.9262124253949,323.4232242142453,322.82294878821904,322.13354243580477,321.3641802948391,320.5248521215395,319.6261453677535,318.6790222443723,317.6946001526971,316.68393526319187,315.65782174010565,314.62661045633604,313.6000410997183,312.58711205597507,311.59596485597325,310.63380424820195,309.70684298255037,308.8202744175577,307.9782715512175,307.1840070440915,306.4396974838454,305.7466601409129,305.1053853262588,304.5156249038806,303.9764755995596,303.4864752491848,303.04370202552843,302.64586356385473,302.2903808415808,301.9744822604331,301.6952743398157,301.4498027086537,301.23512500611236,301.04834838980116,300.8866757283283,300.7474410332111,300.6281259066418,300.5263858185856,300.44005371904393,300.36714909429327,300.305877123854,300.25462328595114,300.2119505038282,300.1765858055499,300.1474110797959,300.12345194515774
0.0004137636992374938,325.00563032543215,324.9467145714888,324.77079985426144,324.48038689790985,324.0795791196802,323.5739849227941,322.97058484862384,322.27756963878863,321.50415356929534,320.6603695024494,319.7568511971699,318.80460957205105,317.81481230910845,316.79856662406024,315.7667177000473,314.7296666297086,313.6972018428197,312.6783683337227,311.68135155802025,310.71339702775595,309.7807547038365,308.88865131646327,308.04128916929693,307.2418660755157,306.4926195568406,305.7948836596554,305.1491614426716,304.5552136368972,304.01214221378075,303.5184868710571,303.0723246179233,302.67135916496335,302.31300521190224,301.9944828255601,301.7128885309808,301.46525657826703,301.24863223021083,301.0601095167787,300.8968777338019,300.75625713089846,300.63571553891677,300.5328948908739,300.44561495269005,300.37188253588835,300.30989074966044,300.25801368795106,300.2148036316695,300.17897773919844,300.1494088149001,300.1251141873862
0.0004187636992374938,325.1617309853906,325.1025195007393,324.9257209786868,324.63384622082395,324.2310152237522,323.72285915178156,323.11638706033807,322.41982342078484,321.6424208320809,320.79425437333526,319.8860031659608,318.9287258557048,317.93363940848803,316.9119010910262,315.8744061316811,314.8316049068045,313.7933337041897,312.7686833082705,311.7658823567377,310.7922164666488,309.85397224147437,308.95640930781406,308.1037588945165,307.2992436798797,306.54512192286586,305.8427443345151,305.1926266890191,304.5945386244618,304.04758746152567,303.55031491877503,303.1007970463275,302.6967338721397,302.3355340879344,302.0144097155936,301.73044758729753,301.48067088119865,301.2621127889039,301.07185451145216,300.9070720593044,300.76507219257076,300.6433092258683,300.5394117905358,300.4511866830311,300.3766282333463,300.313917652229,300.26141780031674,300.21767044719087,300.1813829937301,300.15141925473114,300.12678834766535
0.0004237636992374938,325.31586740934966,325.25636520460256,325.07869783738306,324.7853859728335,324.38056583597483,323.869890872267,323.2603980530173,322.56034487635463,321.779021471849,320.92654427092714,320.013636839061,319.05140459550415,318.0511128203407,317.02396786370724,315.9809140512836,314.93245013147555,313.8884593887499,312.8580775995379,311.8495758589996,310.87027924610834,309.9265104511863,309.0235615319881,308.16569226939043,307.35614992406096,306.59721329769076,305.8902496547598,305.2357874507709,304.6336052673031,304.08281587275206,303.5819631592263,303.1291224151061,302.7219902199771,302.35796951908833,302.0342645710136,301.7479528082837,301.49604663589173,301.2755674717175,301.0835839793132,300.917259164441,300.77388656395476,300.65090722582914,300.5459367101073,300.45676905413586,300.38138629592765,300.31795791656344,300.2648356917591,300.22055100865396,300.18380162109855,300.153442447738,300.1284744727177
0.00042876369923749384,325.46808501547787,325.4082969740556,325.22977534180126,324.93505043956986,324.5282743797605,324.0151224225409,323.40265887369435,322.69917357475424,321.9139934155578,321.057275339209,320.1397864619472,319.1726780487626,318.16726275020426,317.1347950579272,316.08626747183104,315.0322262241822,313.9826007565259,312.94657105888626,311.9324499766574,310.9476014225271,309.99838363025856,309.09012063320336,308.2271003981922,307.4125944901207,306.64890206115047,305.9374068180932,305.2786498617912,304.67241875025405,304.1178317931897,303.6134352029422,303.15730369661605,302.7471306321751,302.38031346205935,302.05404895512453,301.76540542947544,301.5113848079354,301.28899702465,301.09529849009544,300.9274394794956,300.7827005667638,300.6585097774766,300.5524698260339,300.46236219689257,300.386156822085,300.32201161879345,300.2682674236928,300.2234453683146,300.186233668311,300.155478438297,300.130172605918
0.00043376369923749385,325.61842755991194,325.5583584427461,325.37899676009164,325.0828822864864,324.6741826901808,324.15859459258854,323.5432090686871,322.83634763892474,322.0473732042207,321.1864824016575,320.2644850291434,319.2925772945415,318.28211830023525,317.2444097622172,316.19049145539753,315.13095623031734,314.07577886696504,313.0341828095386,312.0145219631998,311.0241984605286,310.06960554720365,309.156098785981,308.28799397043537,307.46858669602665,306.7001962753359,305.9842227465371,305.3212198181352,304.7109840541725,304.15263939458805,303.6447345128633,303.185343738667,302.7721574278594,302.40256778615503,302.07376435852626,301.7828066261622,301.5266863131713,301.3024021527434,301.1069985798946,300.9376134071725,300.7915145001212,300.6661171009904,300.55901129961023,300.46796622976746,300.39093990007194,300.3260788266607,300.27171305062234,300.22635357272793,300.1886791776674,300.15752726689794,300.1318827874359
0.00043876369923749386,325.7669372213321,325.7065916713319,325.5264038007392,325.22892264133355,324.8183310948446,324.3003467029581,323.6820867600806,322.9719038192446,322.1791960636309,321.31419902868436,320.3877643481754,319.4111322939568,318.39570752576,317.35283809054874,316.29361016205405,315.22866236529654,314.16801402028494,313.12093128428586,312.09580844794726,311.1000852638071,310.1401894694202,309.2215077198179,308.3483832827619,307.52413551496585,306.75110370154397,306.0307041012296,305.3635029908985,304.7493059670428,304.18724268425854,303.6758644125001,303.213245271466,302.7970728274636,302.4247342782528,302.093412203274,301.80015751686125,301.5419520205827,301.31578352247726,301.11868475314185,300.9477813242163,300.80032864188524,300.6737293991325,300.5655612778544,300.47358125951087,300.3957356085107,300.3301595999732,300.27517262050344,300.2292756630339,300.1911381869848,300.1595889703184,300.1336050543703
0.0004437636992374939,325.91365468002726,325.8530372263253,325.6720366907492,325.3732111712592,324.9607584895025,324.4404166784865,323.81932871721824,323.1058775624673,322.3094959704651,321.44045760066865,320.5096550993379,319.5283719465347,318.50805748811626,317.4601052316034,316.3956468955511,315.32536605667985,314.2593257960942,313.20683426070104,312.17632546798245,311.1752762039194,310.2101481890128,309.2863587422139,308.40827825936753,307.57924959336435,306.80163181608856,306.07685729622443,305.40550483819976,304.7873890943251,304.22164551396827,303.7068280935377,303.24101091408875,302.82187895820834,302.44681464741876,302.112993846753,301.8174591665544,301.55718275498657,301.32914176399674,301.13035748444236,300.9579435829224,300.80914324988487,300.6813468582535,300.57211989432534,300.47920738181756,300.4005440169228,300.33425399102987,300.27864617508106,300.23221167522433,300.1936107298071,300.161663581787,300.13533944087567
0.0004487636992374939,326.05861919188607,325.99773425387684,325.8159342488143,325.5157861549575,325.1015024087966,324.5788411172877,323.9549704235967,323.23830307622467,322.438305714132,321.5652893669285,320.6301868916088,319.64432414292963,318.6191943040793,317.5662354948541,316.49662414604126,315.4210879835582,314.3497330895014,313.29190889405913,312.2560884979954,311.24978514719334,310.2794940469184,309.35066276018574,308.4676884710806,307.6339372677155,306.85178782506455,306.12268851137515,305.4472306163637,304.82523786861367,304.25585158823816,303.7376286229304,303.2686431805143,302.8465778592115,302.46881052921367,302.13251058529124,301.8347125897051,301.572379299543,301.34247747319165,301.14201722028906,300.9681005125448,300.81795856307167,300.6889696492316,300.5786872698852,300.4848446819424,300.4053651862253,300.3383620450178,300.28213375020573,300.23516164039427,300.196096835602,300.1637511311376,300.13708597828037
0.0004537636992374939,326.2018686577085,326.1407205488938,325.9581339538533,325.6566845502549,325.240599092532,324.7156553553734,324.0890461395245,323.36921338944137,322.5656569546985,321.6887245009492,320.74938831501,319.7590158142889,318.7291431921412,317.67125235370804,316.5965636300731,315.51584811342144,314.43925414491116,313.3761717481442,312.3351124782103,311.3236254799026,310.34823895547487,309.41443030038783,308.5266231532025,307.68820658031257,306.90157867814736,306.1682037043746,305.4886853903711,304.8628565586588,304.2898644720933,303.76826894952535,303.29614448526,302.8711714862579,302.4907234897122,302.1519636575309,301.8519187530744,301.5875423980969,301.3557912136357,301.1536643806635,300.9782524206114,300.82677480259633,300.6965979283507,300.5852635134122,300.4904932352779,300.4101991691952,300.3424838003848,300.28563537613076,300.23812558497644,300.1985965299466,300.1658516449535,300.138844695199
0.0004587636992374939,326.34343968819786,326.2820326198491,326.09867200927783,325.7959420574806,325.3780835478159,324.8508935272415,324.22158896086785,323.49864040897575,322.69158027719396,321.81079215215595,320.8672869896895,319.8724729785225,318.83792851588436,317.7751784859377,316.6954863280682,315.60966573670106,314.5279065876855,313.4596388241065,312.41341184054016,311.3968101318403,310.4163944195511,309.47767152794717,308.5850912222061,307.74206529397156,306.95101108150396,306.2134086220173,305.52987404363085,304.90024927780263,304.3236875983078,303.79875191025474,303.32351714864654,302.89566171625586,302.51255502925756,302.17135424757794,301.8690785783513,301.6026727573653,301.3690835183988,301.1652993605302,300.9883995941527,300.8355921728153,300.704231838121,300.59184872246755,300.4961531078935,300.41504601090463,300.3466192891883,300.28915107779073,300.2411035309632,300.20110983470147,300.1679651467041,300.1406156176375
0.0004637636992374939,326.4833676649595,326.4217057496094,326.2375834033095,325.9335931789431,325.5139896073744,324.98458862273753,324.3526308741814,323.62661497277287,322.81610524256814,321.9315204944932,320.98390961197305,319.9847207837137,318.94557382467264,317.8780358116075,316.7934125194722,315.70255949916736,314.61570745383267,313.5423255875199,312.491000533107,311.4693515984166,310.48397155635,309.54039626411316,308.64310129137834,307.7955209058215,307.0000915098842,306.25830881074387,305.57080128712755,304.9374199918739,304.35732427418384,303.82908023592734,303.35076340172316,302.9200503514051,302.53430658597273,302.19068348794616,301.88619294461165,301.6177710489832,301.38235489174076,301.1769225312352,300.9985423008512,300.8444108622318,300.71187150804764,300.59844298392045,300.5018243570422,300.4199057491291,300.35076853742373,300.29268087506375,300.24409549611426,300.20363676817516,300.1700916568732,300.1423987690929
0.00046876369923749394,326.6216867978042,326.5597740525775,326.3749019656422,326.0696712748013,325.6483499843356,325.1167725404681,324.48220280849415,323.7531668997898,322.93926043555336,322.0509367720506,321.099281997613,320.0957835488833,319.05210189185755,317.9798455286823,316.8903618157548,315.7945474323394,314.70267321787543,313.624246993774,312.5678920432499,311.5412619613895,310.55098111398485,309.6026140028099,308.7006616854898,307.8485806602325,307.04882621795343,306.30290962652305,305.6114716679929,304.9743725265838,304.3907776879008,303.8592565566524,303.377885390878,302.9443391230981,302.55597953904635,302.20995246231325,301.9032626906192,301.63283791141635,301.3956058106973,301.1885342418144,301.00868079011764,300.8532310443778,300.71951705535065,300.60504637453397,300.5075070316351,300.42477841473135,300.3549315653323,300.2962247830179,300.24710149415324,300.20617734527906,300.1722311930806,300.14419417064755
0.00047376369923749395,326.7584301786287,326.69627052842156,326.5106604207199,326.2042086155971,325.78119632373716,325.24747613801935,324.6103346839961,323.8783250369319,323.0610735096583,322.1690673419513,321.2134291224408,320.2056848023054,319.1575347506885,318.08062814649116,316.98635319141937,315.8856469820581,314.7888198190293,313.70541751192604,312.6440994191343,311.6125529083334,310.61743348892014,309.66433392617523,308.75778045456207,307.90125156094814,307.09722125092554,306.34721624412026,305.6518895775425,305.01111057445934,304.42405091446653,303.88928340692206,303.4048851821582,302.96852969557386,302.57757521181014,302.2291622081013,301.92028861698043,301.6478739517541,301.4088367265644,301.2001348202192,301.0188152940987,300.8620528786406,300.72716858564,300.61165896151476,300.51320117268745,300.429664032021,300.3591083876911,300.29978281214346,300.25012153495203,300.20873157767346,300.1743837701971,300.14600184105853
0.00047876369923749397,326.8936298321209,326.8312271126374,326.644890437873,326.3372364316914,325.912559250996,325.376729279213,324.7370554578513,324.0021173032176,323.1815712295027,322.2859377147048,321.3263751606121,320.31444731755164,319.26189372808915,318.18040351720214,317.0814050131657,315.9758750353549,314.87416268581825,313.7858511471243,312.71963529006433,311.6832357509351,310.6833387423606,309.72556491915986,308.81446538680024,307.953540382479,307.14528245454636,306.3912336657993,305.6920592588205,305.0476377013499,304.4571469213003,303.91916323037896,303.43176476532085,302.99262366934556,302.5990948746245,302.2483137188959,301.9372714881647,301.66287974738924,301.4220480662907,301.21172457446596,301.02894602862347,300.87087651103826,300.7348261935496,300.61828080302917,300.5189068137378,300.4345626190941,300.36329901408624,300.3033549685719,300.2531556247059,300.2112994739064,300.17654940045253,300.1478217968419
0.000483763699237494,327.02731676351783,326.96467472417214,326.7776226785414,326.4687849598248,326.04246841755923,325.50456087861255,324.8623931673439,324.12457073136835,323.3007795106837,322.40157259220393,321.4381435206184,320.42209314742666,319.3651994764574,318.2791908654511,317.17553506734066,316.0652479457395,314.95871675923934,313.8655614617082,312.79451188559284,311.753321442206,310.74870661566615,309.78631558325503,308.8707240207519,308.00545368081214,307.19301548447646,306.43496672949726,305.7319848136851,305.0839573525376,304.49006857347507,303.948898384291,303.45852605763537,303.0166225844149,302.6205397475851,302.26740794671514,301.95421203439855,301.67785584759366,301.43524023378285,301.223303793714,301.03907319408995,300.8797020749472,300.7424899633325,300.62491194868863,300.52462398124214,300.43947418815225,300.3675034491703,300.3069412542823,300.2562037660983,300.21388103954394,300.1787280935397,300.14965405235347
0.000488763699237494,327.15952100362466,327.0966433103159,326.90888684078686,326.5988834870073,326.17095254393416,325.6309989434732,324.98637497054455,324.2457115070099,323.4187234573486,322.5159959035345,321.5487568792227,320.528643655947,319.46747200362864,318.3770088162571,317.26876058579825,316.1537815570214,315.04249651458,313.9445615950773,312.8687410535157,311.8228205926848,310.8135465448605,309.8465942494127,308.92656365674776,308.05699780348704,307.240425815115,306.4784201165127,305.7716702094705,305.12007285848017,304.5228186386438,303.978491143756,303.48517090745463,303.0405279232923,302.64191100306516,302.2864458041409,301.97111095344485,301.6928027749977,301.4484136111316,301.23487274927834,301.049196976299,300.8885296917867,300.7501599694205,300.63155244000615,300.53035269494546,300.44439874580314,300.3717216929049,300.3105416672968,300.2592659584566,300.21647627729476,300.1809198567114,300.1514986198646
0.000493763699237494,327.2902716512845,327.2271618890526,327.03871170128673,326.7275603919213,326.2980394602814,325.75607061331533,325.10902718467156,324.36556500564745,323.53542739763446,322.62923083874955,321.65823721346493,320.6341195484973,319.5687307011288,318.4738754213431,317.36109827028014,316.24149122576404,315.12551598198297,314.0228642824187,312.942334276828,311.89174348570424,310.8778676742995,309.9064089902136,308.98199136767477,308.10817889908026,307.2875187479066,306.52159835874,305.81111928525553,305.1559874402133,304.55539979167105,304.0079437056544,303.51170109757163,303.06434111383396,302.6632097681035,302.30542816631953,301.9879689122732,301.7077210269798,301.4615685597638,301.24643169558067,301.0593175472379,300.89735947166184,300.75783627695085,300.6382023108263,300.5360929682311,300.44933629334446,300.3759537407903,300.3141562018648,300.2623421979003,300.21908518712695,300.18312469487364,300.1533555096354
0.000498763699237494,327.4195969134766,327.35625858904393,327.16712515497994,326.8548431840124,326.4237561447378,325.8798021972837,325.2303753223052,324.48415582757127,323.65091491712093,322.7412998807494,321.7666058308703,320.73854090029283,319.668994370839,318.5698081839736,317.4525643154206,316.3283918424716,315.20778876584563,314.10048187236976,313.0153026897144,311.9601000917867,310.941678869557,309.9657676313378,309.03701400912905,308.1590029261439,307.3342994191657,306.5645058454827,305.85033575776396,305.19170421443584,304.5878146189936,304.03725819236826,303.5381183483776,303.0880635319114,302.68443712665004,302.32435587284476,302.0047865486313,301.72261107697307,301.4747054215247,301.2579808710444,301.0694350658168,300.906191513969,300.7655189422619,300.6448615877298,300.54184480845083,300.45428682703175,300.3801995840818,300.31778484863804,300.2654324774806,300.22170776638035,300.1853426106737,300.15522472998316
0.000503763699237494,327.5475241432016,327.48396068740817,327.2941542525264,326.98075854042094,326.54812875962403,326.0022192094438,325.3504441256006,324.60150783083253,323.7652088904336,322.85222483539707,321.8738833979834,320.8419271832617,319.7682812501777,318.66482408240995,317.54317443046887,316.4144978515911,315.2893280631349,314.1774263436914,313.08765709264276,312.0279000822283,311.0049887295825,310.02467776238404,309.09163822899177,308.2094756616324,307.38077280745335,306.60714682987555,305.88932322692654,305.2272261983003,304.62006562272575,304.06643665528384,303.5644243208344,303.1116965039231,302.7055941216796,302.3432297295278,302.0215644725229,301.7374733756946,301.48782451969726,301.26952049893646,301.0795496785628,300.91502590796557,300.7732080133605,300.6515302904158,300.54760821723613,300.45925033833134,300.38445920999516,300.3214275948354,300.2685367873138,300.22434400987225,300.1875736045843,300.157106287349
0.000508763699237494,327.67407987530447,327.61029464544157,327.41982523572597,327.10533234090343,326.6711826856796,326.12334640215414,325.4692575986352,324.7176441624187,323.87833151111977,322.9620268599858,321.9800899673408,320.94429729145446,319.86660903590194,318.75893959207735,317.63294385981607,316.499823270413,315.3701466806896,314.2537093210178,313.15940796661806,312.0951528419272,311.0678055981806,310.0831467470846,309.14587047646665,308.25960270885554,307.4269437405362,306.6495254349415,305.9280851811244,305.26255631392917,304.6521552245298,304.09548107809087,303.5906206192752,303.1352413091597,302.72668175718206,302.362050510065,302.0383032675993,301.75230835230263,301.5009261599615,301.28105078816,301.08966152027324,300.92386273330726,300.78090353036185,300.65820843206177,300.5533831907921,300.4642268141596,300.3887326019001,300.3250844244002,300.2716551147066,300.226993909998,300.18981767498343,300.15900018636034
0.0005137636992374941,327.79928986037027,327.735286142418,327.5441635710317,327.2285897008738,326.7929425544543,326.2432077976412,325.58683903801307,324.8325872877492,323.9903043199135,323.0707264901711,322.08524500298574,321.04566956507915,319.96399490661827,318.8521707065292,317.7218874024068,316.58438170694166,315.45025705157906,314.3293420897452,313.2305654866562,312.16186748150693,311.1301375748573,310.1411817329543,309.19971701061667,308.3093895049877,307.4728169019568,306.6916456593087,305.9666250021377,305.29769739267573,304.6840857692654,304.12439337989423,303.61670879404437,303.158699182035,302.747701000037,302.3808189576083,302.05500349246984,301.76711641548644,301.51401063129794,301.29257193400133,301.0997707146314,300.93270206055445,300.78860552590595,300.66489601966424,300.5591697201753,300.4692162371093,300.3930197395042,300.3287553181486,300.2747874442767,300.2296574568272,300.19207481823065,300.16090642989104
0.0005187636992374941,327.92317909681964,327.85896010759365,327.6671939812834,327.3505550026889,326.91343227897863,326.36182671789527,325.70321106184065,324.94635901859965,324.10114823149365,323.1783436654655,322.1893674046206,321.1460618132516,320.06045554409025,318.9445329572873,317.8100194301089,316.66818637680603,315.5296712505804,314.4043356101164,313.3011395345278,312.2280528487816,311.1919925250762,310.19878966041284,309.2531839084317,308.35884132816466,307.5183968372406,306.7335113826104,306.0049459698176,305.3326521791459,304.7158595284351,304.15317541814994,303.6426903439874,303.18207131418774,302.76865278178263,302.3995357862464,302.071665681938,301.7818979544944,301.5270782068395,301.30408411883474,301.10987737478786,300.9415439516506,300.7963140255492,300.6715930543595,300.5649677915567,300.47421858566395,300.39732059902764,300.3324402539109,300.27793375806584,300.23233463819525,300.19434502874014,300.16282501911877
0.0005237636992374941,328.04577186132013,327.9813407505318,327.7889404757748,327.47125192529296,327.03267508282335,326.4792258129965,325.8183956371806,325.05898053955866,324.21088355983517,323.28489775339074,322.29247553048697,321.2454913355449,320.1560071534185,319.0360414326329,317.89735390510896,316.7512501192708,315.6084010088321,314.478700530554,313.37113971082056,312.29371753960584,311.2533780899622,310.2559772714148,309.3062770724605,308.4079633041935,307.56368795976437,306.775126370589,306.0430512665024,305.3674233349984,304.7474787034371,304.1818289914367,303.6685667188022,303.2053588564668,302.78953800028364,302.418201682402,302.0882903481669,301.7966533401029,301.5401291446755,301.31558751278646,301.1199816039078,300.9503884603726,300.80402904813553,300.67829953172844,300.57077738647024,300.4792338344005,300.40163515336803,300.33613920666573,300.2810940356492,300.23502543979004,300.1966282990499,300.1647559535804
0.0005287636992374941,328.1670917376209,328.1024515898562,327.9094263787626,327.5907034723228,327.1506935276514,326.5954270879698,325.93241410607857,325.1704724331093,324.3195300422407,323.39040757237365,322.3945872190521,321.3439749424149,320.250665482168,319.1267107954137,317.98390439639627,316.8335854124083,315.68645772771623,314.55244720029054,313.4405753463641,312.3588699081497,311.31430169548986,310.31275111761886,309.3590022380329,308.45676041290335,307.608694556308,306.8164942799232,306.080943981192,305.40201344253643,304.77894542864027,304.2103558420755,303.694339321259,303.2285629208048,302.81035752130674,302.43681730614986,302.10487798177957,301.81138292553135,301.55316368861,301.32708227436234,301.1300834956897,300.95923563275795,300.81175060614663,300.68501544208334,300.5765984820483,300.48426195418233,300.40596337225736,300.33985214866766,300.28426825423793,300.2377298452354,300.1989246198885,300.16669923122424
0.0005337636992374941,328.28716164391034,328.22231548053,328.02867435651405,327.7089319987738,327.26750953935755,326.7104519282635,326.04528721025576,325.28085470342273,324.4271068621381,323.4948914134634,322.4957198095806,321.4415289745732,320.34444583850774,319.2165552999323,318.0696840953945,316.9152043874825,315.7638524920196,314.62558568134114,313.5094555130578,312.42351807663607,311.37477056118877,310.369117568127,309.41136498010076,308.5052374941572,307.6534207923095,306.8576186627964,306.1186271134981,305.4364250081051,304.8102617742916,304.23875765860504,303.7200095092992,303.25168458198925,302.8311121800085,302.45538329246307,302.1214290528977,301.8260870473065,301.5661820688783,301.3385685510405,301.14018313485366,300.9680855075073,300.81947870603364,300.69174077074047,300.58243105124507,300.4893029123417,300.4103052224117,300.34357904956863,300.28745638877797,300.24044783617046,300.20123398023844,300.16865484846096
0.0005387636992374941,328.4060038587885,328.34095463975564,328.14670644298565,327.82595923631567,327.3831444328842,326.824321123936,326.1570351145491,325.3901467989456,324.533632670721,323.5983670609463,322.59589016165876,321.53816932137346,320.43736310842536,319.30558880797,318.15470583079224,316.99611884259673,315.8405960824195,314.6981257598586,313.57778903414044,312.48766994457276,311.4347917083969,310.42508281681955,309.46337071972016,308.5533992535489,307.69787071684357,306.8985029712234,306.15610357738416,305.4706604653078,304.84142974926687,304.26703607812385,303.7455785980194,303.27472487933653,302.8518027823415,302.47390025238985,302.13794401212374,301.840766026078,301.5791845028236,301.3500464798312,301.1502805976044,300.9769381163657,300.8272133485307,300.69847549827796,300.5882750630481,300.49435667285326,300.41466066767225,300.3473198765333,300.29065841204374,300.2431793923256,300.2035563673976,300.17062280021156
0.0005437636992374941,328.5236400459404,328.4583906715766,328.2635440642165,327.9418063173402,327.4976189357936,326.9370548926311,326.2676774291766,325.4983676338532,324.63912560750225,323.7008518119246,322.695114673738,321.6339114382726,320.52943177207464,319.39382480400434,318.2389820826251,317.0763402556495,315.9166989873341,314.77007695691236,313.64558449393445,312.5513331975135,311.49437196809026,310.48065288931303,309.5150247301993,308.6012502678041,307.74204826734024,306.9391505611502,306.19337620470804,305.504722178051,304.8724513036763,304.29519268850726,303.7710478615502,303.2976848182757,302.87243010638537,302.49236877416695,302.15442329146885,301.8554201673909,301.5921711955376,301.36151618780633,301.16037595206836,300.9857934844834,300.8349545289521,300.7052196007801,300.59413048267925,300.49942319649847,300.4190296691408,300.35107459434954,300.29387429472797,300.245924491595,300.20589176703703,300.1726030799543
0.0005487636992374941,328.6400912775887,328.57464459026426,328.37920806151476,328.0564937978195,327.6109532106746,327.0486729014163,326.37723323089926,325.60553560844085,324.7436033198485,323.802362494923,322.79340930075557,321.7287703634226,320.62066591930807,319.48127640966453,318.3225249956529,317.15587979664156,315.9921714141798,314.8414485387237,313.7128502471005,312.6145153153745,311.5535179883149,310.53583364956353,309.56633214293134,308.6487949899041,307.78595727405974,306.9795646963409,306.230447748581,305.53861244343113,304.90332833133147,304.32322903050704,303.79641853483315,303.3205653718476,302.8929949036049,302.5107894242725,302.1708673052316,301.87004976241565,301.6051423404654,301.372977792601,301.1704692587075,300.99465163075735,300.8427022374739,300.71197305006905,300.5999972717848,300.5045024410226,300.42341218530777,300.35484316553334,300.2971040055272,300.24868311010624,300.2082401632571,300.17459567976977
0.0005537636992374942,328.7553780567991,328.6897368425591,328.4937187135101,328.17004167904577,327.7231668764519,327.15919428755063,326.48572108314715,325.7116686285144,324.84708298155647,323.9029154875827,322.89078957089083,321.8227607334462,320.7110792644445,319.5679563974763,318.4053463920766,317.23474833937365,316.0670233000686,314.9122495263929,313.77959442742923,312.677223580336,311.61223624124636,310.5906308061367,309.61729795293263,308.6960377539486,307.8296014643396,307.0197485520662,306.2673208865521,305.5723334944708,304.9340626720848,304.3511465997409,303.82169181530594,303.3433674821245,302.91349790004244,302.5291627484232,302.1872764508283,301.8846550886385,301.618098119979,301.3844314028871,301.18056057071203,301.00351256815475,300.8504564594005,300.7187358139251,300.60587538861733,300.5095943612834,300.4278081721747,300.358625550429,300.30034751122383,300.25145522228644,300.2106015386417,300.17660059038303
0.0005587636992374942,328.86952033870773,328.80368732883795,328.6070957571397,328.28246942832004,327.8342790286646,327.26863767824887,326.5931590551709,325.8167841238421,324.94958131052886,324.00252673349576,322.9872706015068,321.9158967984463,320.8006851603176,319.6538772039351,318.4874577836337,317.31295647257224,316.1412643219822,314.9824887051475,313.8458249561997,312.73946508435216,311.6705330298983,310.6450499181669,309.6679270241036,308.74298277977533,307.872984466627,307.0597052186037,306.30399822363177,305.6058875027152,304.9646561140477,304.3789468485785,303.84686886449856,303.36609206155606,302.9339397974468,302.54748927251836,302.20365110958085,301.8992364105165,301.6310387059194,301.39587711882336,301.19064993437087,301.01237630402005,300.85821717541813,300.72550785629494,300.6117647882072,300.5146989093931,300.432217583371,300.3624217073051,300.3036047767641,300.2542408009266,300.21297587430934,300.1786178012059
0.0005637636992374942,328.9825375507333,328.91651542326815,328.71935840763086,328.39379599865026,327.94430825877464,327.37702120949814,326.6995647402747,325.9208990657221,325.0511145856018,324.10121175823224,323.0828671143256,322.00819243629206,320.8894966116478,319.7390509419487,318.5688703831089,317.3905145104755,316.2149039064508,315.0521746331405,313.9115495501303,312.8012467362946,311.72841449450215,310.6990964010207,309.71822409423,308.7896341773494,307.9161098143099,307.0994377045637,306.3404822951618,305.6392765806963,304.9951103956965,304.4066311879318,303.8719508095477,303.38873999424396,302.9543212743435,302.5657695035349,302.219991647462,301.9137939800969,301.64396426011126,301.40731503248037,301.2007373894245,301.02124284036546,300.8659843618349,300.7322891374904,300.61766542252633,300.5198160348529,300.43664037026474,300.3662315924452,300.30687576533336,300.25703981724223,300.2153631499632,300.1806473003766
0.0005687636992374942,329.0944486118332,329.0282399930087,328.8305253775378,328.5040398475187,328.0532726725608,327.4843625439846,326.8049552731877,326.0240299837171,325.15169866257474,324.1989856846061,323.1775934498835,322.09966116622655,320.9775262877777,319.8234894126867,318.64959511529514,317.46743250291377,316.28795123876887,315.12131564982656,313.9767757289465,312.862575268749,311.78588661857714,310.75277553168684,309.7681937797385,308.835995950937,307.9589809493591,307.1389489400486,306.37677556954213,305.6725027842741,305.02542720787034,304.43420098895285,303.8969387446331,303.41131213715255,302.9746429870499,302.58400393037545,302.23629841580254,301.92832803760473,301.65687493484995,301.4187452282444,301.21082296939807,301.030112174147,300.87375799080866,300.73907961437664,300.6235772406441,300.5249456846821,300.4410764820691,300.3700551602362,300.3101604384278,300.2598522409329,300.21776334393854,300.1826890747983
0.0005737636992374942,329.20527195085884,329.13887941651365,328.94061489488814,328.6132189547699,328.16118990765267,327.590678888181,326.9093473466198,326.1261929816044,325.25134898948886,324.2958632472244,323.2714635813061,322.1903161618337,321.0647865348067,319.90720411687107,318.7296426274367,317.54372024491136,316.3604152717729,315.18991988393816,314.04151082258704,312.92345724448745,311.84295523470826,310.8060924539037,309.8178405802233,308.882072003076,308.001601225792,307.1782417796584,306.4128804508237,305.7055681148607,305.055608195671,304.46165758464707,303.92183373234144,303.4338093212566,302.9949055706377,302.602193024673,302.2525717519613,301.94283881199993,301.6697708733633,301.43016778320003,301.2209067019185,301.03898429752655,300.8815380305641,300.74587924055146,300.62950018887545,300.53008780354037,300.44552586594335,300.37389236325123,300.31345875592297,300.2626780402376,300.22017643324887,300.184743110176
0.0005787636992374942,329.31502552406164,329.2484516009869,329.04964472048937,328.72135083967095,328.2680771502518,327.69598700864105,327.01275722705077,326.2274037525872,325.35008062119516,324.3918588063614,323.3644911274436,322.28017026340177,321.1512893871605,319.9902062655393,318.80902329918365,317.61938728584016,316.43230473420715,315.2579952610878,314.1057619780702,312.98389906263395,311.8996260300503,310.8590521830445,309.86716888275396,308.9278661383561,308.04397391296885,307.2173190053485,306.4487992811731,305.73847452153507,305.0856549602672,304.48900227140615,303.9466368049623,303.4562323526319,303.0151096398473,302.6203372415548,302.26881197996147,301.95732652150593,301.6826522102504,301.44158276749306,301.230988609015,301.04785919812036,300.8893244455981,300.7526879665155,300.6354342109217,300.53524233384456,300.4499884670898,300.3777431523299,300.3167706761403,300.2655171819897,300.22260239363027,300.1868093910528
0.0005837636992374942,329.4237268317975,329.3569739990402,329.1576321644428,328.8284525771911,328.37395115108694,327.80030324754915,327.1152007697958,326.3276775938067,325.44790823325525,324.4869863611944,323.45668936540187,322.3692359897176,321.2370465786279,320.07250679031074,318.8877472520862,317.6944429381474,316.50362813870106,315.3255495110145,314.16953616603917,313.043906964541,311.95590455157236,310.9116596107703,309.9161829659815,308.9733820670175,308.0861021987313,307.2561833291512,306.4845343432188,305.7712239030548,305.1155690606109,304.5162363104649,303.9713489657185,303.4785820134906,303.0352557899557,302.6384370203668,302.2850194110943,301.97179137411115,301.69551907189754,301.45299024467573,301.2410687074042,301.0567368592357,300.8971171968757,300.7595057398347,300.64137924800536,300.5404092158804,300.4544642288463,300.38160747665495,300.32009615590977,300.2683696316688,300.2250411995838,300.1888879008446
0.0005887636992374943,329.5313929344742,329.46446362459363,329.2645941019096,328.93454081354207,328.47882824064646,327.90364353756274,327.21669343338704,326.4270294201965,325.54484613520935,324.5812595624381,323.5480712425025,322.4575255493238,321.322069552893,320.15411635318407,318.96582435865474,317.76889628568426,316.5743937893796,315.3925901744987,314.23284018700537,313.10348703939405,312.0117962110596,310.96391950946634,309.96488700404933,309.0186234083816,308.12798919239185,307.2948373957669,306.5200878622846,305.80381810977116,305.1453520150701,304.54336092928617,303.99597118993694,303.5008590631663,303.0553445976011,302.6564927853626,302.3011943444922,301.9862335680454,301.7083715768732,301.4643902720335,301.25114700876173,301.06561726009494,300.90491624201616,300.7663325052946,300.6473352389983,300.5455883879089,300.45895309277444,300.3854852838251,300.32343515063104,300.2712353534509,300.2274928244171,300.19097862187294
0.0005937636992374943,329.6380404677837,329.5709370680654,329.3705469881685,329.0396317810224,328.5827243437265,328.00602341599034,327.3172502933092,326.52547377771384,325.640908283249,324.67469172441076,323.6386493877057,322.54505085126806,321.40636947359275,320.23504535589194,319.0432642510087,317.84275619165624,316.6446097891279,315.4591246099593,314.2956806773065,313.1626452295585,312.0673062898831,311.01583653647333,310.0132850703247,309.0635936941203,308.1696379275836,307.3332837850325,306.55546200851705,305.83625894545145,305.17500530298315,304.5703773228805,304.0205044261619,303.52306423904895,303.0753766215668,302.6745049463579,302.3173370676739,302.0006532922322,301.72120983630305,301.4757829008961,301.2612235199792,301.07450037604974,300.91272153547004,300.7731682050472,300.65330212054386,300.5507797862678,300.4634549987444,300.3893765199264,300.32678761433186,300.2741143102566,300.22995724028357,300.1930815353981
0.0005987636992374943,329.7436856572592,329.6764105108863,329.47550687300713,329.143741312203,328.68565499333425,328.1074580383389,327.4168860551253,326.62302485598326,325.7361082923245,324.7672958365628,323.7284361225226,322.6318235153729,321.4899572339249,320.3153039488366,319.120076329139,317.9160313062165,316.714284046529,315.52515999975543,314.3580641147938,313.22138733568414,312.12243994355384,311.067415238125,310.06138114095694,309.1082963713748,308.2110513649768,307.37152501427545,306.5906588989124,305.86854816901644,305.204530366139,304.5972866550603,304.0449495972141,303.5451982574764,303.09535240352704,302.6924738993523,302.3334478570616,302.0150507267187,301.734033954227,301.4871681769333,301.2712982434097,301.08338617878326,300.9205330286879,300.7800127787513,300.65927982717324,300.5559833454691,300.4679698850157,300.39328112959856,300.33015349972396,300.27700646379776,300.2324344182209,300.1951966216502
0.0006037636992374943,329.84834433219197,329.7808997393767,329.5794894144796,329.24688485348815,328.78763534397865,328.20796219126544,327.5156150670249,326.7196965003829,325.83045944772095,324.8590845744976,323.81744347144735,322.7178548820524,321.5728434658311,320.39490203963027,319.19626976880323,317.9887300737219,316.78342428249204,315.590703356205,314.4199968242662,313.2797190215804,312.1772022060701,311.11866005360264,310.1091790982748,309.152734805732,308.25223239487167,307.4095635405586,306.6256805992498,305.90068749619553,305.2339286101872,304.6240900596357,304.0693076011997,303.56726181458055,303.1152724687554,302.7104000271209,302.3495269784737,302.02942604308464,301.74684402793787,301.49854614043574,301.2813711771005,301.09227463650416,300.92835067028074,300.7868661637059,300.6652682914172,300.5611989982915,300.4724976883148,300.3971990561005,300.3335327582571,300.2799117746221,300.2349243281883,300.1973238598596
0.0006087636992374943,329.95203193894326,329.88442015802116,329.6825098920665,329.34907747808836,328.88868018438507,328.30755030496584,327.61345133182596,326.81550222360556,325.92397471612816,324.95007031051125,323.9056831719331,322.80315602169907,321.65503854877863,320.47384930126134,319.2718535290744,318.0608607396695,316.85203803658874,315.6557615273379,314.48148498266187,313.3376458188739,312.2315979940716,311.1695753186168,310.15668273403065,309.19691228406515,308.29318383967154,307.4474017628211,306.660529125935,305.9326786011047,305.263201405982,304.6507886415534,304.09357931247024,303.5892555870951,303.13513732680053,302.7282836997773,302.3655746875924,302.0437794048307,301.75964014830345,301.50991682658196,301.2914423150144,301.1011657141303,300.93617440617265,300.79372829497754,300.6712674439119,300.5664266758695,300.4770383439092,300.4011302413718,300.33692534017075,300.2828302021565,300.237426939102,300.19946322828594
0.0006137636992374943,330.0547635536837,329.9869868021699,329.78458321926803,329.4503338984333,328.98880394966005,328.4062364650288,327.7104085184592,326.9104552167199,326.0166667562339,325.0402651236773,323.99316668393675,322.8877377436652,321.7365526181603,320.5521551799054,319.3468363595614,318.13243135733137,316.92013267311313,315.72034120239795,314.5425346240236,313.3951731314623,312.2856321108095,311.22016526892594,310.20389575249936,309.24083201724847,308.3339084562459,307.4850420239239,306.69520644775935,305.964523117753,305.29235009086455,304.6773834779821,304.1177655825388,303.6111802331234,303.15494747212824,302.74612527530934,302.3815912304097,302.0581109677487,301.7724224000738,301.5212802656928,301.30151164724106,301.11005937346346,300.9440041797471,300.8005991055219,300.6772772135007,300.57166630777795,300.4815917856789,300.4050746260928,300.3403311945443,300.2857617047487,300.23994221887006,300.2016147042475
0.0006187636992374943,330.1565538945889,330.0886143502004,329.8857239556608,329.5506684780562,329.0880207329389,328.50403442378524,327.8064999729629,327.0045683597606,326.1085479288639,325.1296808095003,324.07990519905593,322.9716106048593,321.81739557333583,320.6298289024019,319.4212268073193,318.203449794103,316.9877153868792,315.78444891710524,314.6031516442468,313.4523062397724,312.3393092499426,311.2704340436999,310.250821773441,309.2844971427499,308.3744089381871,307.5224866126018,306.72971448758045,305.9962226414792,305.3213759698853,304.7038756193487,304.14186724095214,303.63303639287074,303.174703384734,302.7639251000892,302.39757684365134,302.072420880273,301.7851908621726,301.5326364834732,301.31157916019725,301.11895557335686,300.9518399319851,300.80747852629946,300.6832975273309,300.5769178221139,300.48615794618445,300.4090321497418,300.34375026934487,300.2887062397074,300.24247013442556,300.2037782641479
0.0006237636992374943,330.25741733352095,330.18931713516486,329.9859463184449,329.65009524297596,329.1863442965405,328.60095761117714,327.90173872901244,327.09785423186895,326.19963030669317,325.2183288891607,324.1659096492775,323.05478491797714,321.8975770853306,320.70687948341197,319.4950332234644,318.27392373758084,317.0547932087707,315.84809105869397,314.6633418056243,313.5090503048354,312.3926339991696,311.32038568873713,310.29746433493335,309.32791072711086,308.41468791796734,307.55973776532966,306.76405512392523,306.0277787303235,305.3502803169716,304.7302660903252,304.16588509612274,303.65482468934215,303.19440553072604,302.78168350935886,302.41353175518043,302.08670928381616,301.797945607975,301.5439855012429,301.32164483681845,301.1278542698734,300.9596816015983,300.8143664863864,300.6893283109465,300.5821811455737,300.49073675673225,300.41300275064987,300.3471825114738,300.291663763341,300.2450106517594,300.2059538835037
0.0006287636992374944,330.35736790722126,330.2891091559509,330.08526419350903,329.748627892604,329.28378808265603,328.6970191451725,327.99613751800933,327.1903251210115,326.2899256835502,325.30622061837187,324.25119071536056,323.1372707593886,321.9771066042103,320.78331573227473,319.56826376951113,318.34386070138316,317.121373011056,315.91127387073516,314.7231107411973,313.5654103721878,312.44561084370474,311.3700241595436,310.3438268960824,309.37107576831727,308.45474796900123,307.59679766810484,306.7982301925248,306.0591929063391,305.37906437604164,304.7565558907721,304.1898199361226,303.67654572900864,303.2140543628811,302.7994008276943,302.4294561843824,302.1009763130876,301.81068670557227,301.55532733615536,301.3317086567406,301.1367554164378,300.96752912515467,300.8212629130801,300.6953694883766,300.5874562035281,300.4953281474375,300.4169863660541,300.35062786681124,300.29463423099537,300.2475637359513,300.2081415369699
0.0006337636992374944,330.45641932804034,330.38800408798045,330.18369114603667,329.84627981019906,329.38036522359494,328.7922318417485,328.08970877875254,327.2819930332928,326.37944558333595,325.3933669958698,324.33575883486964,323.2190779766946,322.0559933661496,320.8591462595783,319.64092642344343,318.4132680307265,317.1874615124795,315.9740034577576,314.78246395892194,313.62139137560666,312.4982441696057,311.4193533242794,310.38991283961565,309.41399519806873,308.4945916076186,307.6336684581537,306.8322414877783,306.0904666568437,305.4077293620695,304.78274599663837,304.21367252944145,303.6982001024413,303.23365032117493,302.81707736944526,302.4453503425312,302.11522209639753,301.8234142180235,301.5666620014068,301.34177059647385,301.14565896398017,300.9753824371995,300.828167732,300.7014209822206,300.5927429200933,300.4999320472846,300.4209829321484,300.3540862802587,300.29761759709015,300.25012935120037,300.2103411983656
0.0006387636992374944,330.5545849942271,330.4860152934696,330.2812404306784,329.9430640728929,329.47608855161076,328.88660822446536,328.1824646667122,327.37286970188796,326.4682012685747,325.47977877155336,324.41962420987795,323.3002161959743,322.1342464002082,320.93437948345877,319.7130289855353,318.48215290777193,317.2530652831415,316.0362857896752,314.8414068456633,313.6769981406886,312.55053826696246,311.46837696658156,310.43572547436594,309.4566718839503,308.5342212949528,307.6703522255621,306.86609076415573,306.1216014356176,305.4362764621022,304.80883736082137,304.2374436257095,303.71978838491805,303.25319383328815,302.8347134391573,302.46121443313905,302.12944675594724,301.8361282035962,301.57798950643553,301.35183062956787,301.1545648610746,300.9832414703703,300.83508086718393,300.70748271372895,300.59804121819946,300.50454838418455,300.42499238413234,300.35755769578134,300.3006138151532,300.2527074608543,300.21255284069827
0.0006437636992374944,330.65187799980106,330.5831558312723,330.37792500130985,330.03899346130953,329.5709706083267,328.98016053365006,328.27441706292643,327.4629665956107,326.5562037486186,325.56546645429296,324.5027968143568,323.3806948287352,322.21187453483054,321.0090236356416,319.7845790839323,318.550522356751,317.31819074917786,316.0981267060326,314.8999446710223,313.7322353882804,312.60249733295166,311.5170987882682,310.48126803765024,309.4991086315126,308.57363943874805,307.70685101483775,306.8997797375384,306.1525986640483,305.46470683623215,304.83483091398864,304.2611339563886,303.7413111370015,303.27268531508844,302.8523093319727,302.47704865228934,302.1436504081045,301.84882871599467,301.5893098571115,301.3618887267695,301.1634730540699,300.9911061555064,300.84200224118047,300.71355460288044,300.6033510196563,300.50917708503096,300.42901465625846,300.3610420564472,300.3036228378549,300.2552980274386,300.21477643618806
0.0006487636992374944,330.74831114402616,330.67943846632676,330.47375752039756,330.13408046879636,329.6650236537831,329.0729007352111,328.3655775825399,327.5522949271358,326.64346378752015,325.650440319424,324.5852864012658,323.46052307858315,322.28888640408223,321.0830867672381,319.8555841800078,318.6183832488836,317.3828441972481,316.15953192007635,314.9580825910071,313.78710773776754,312.6541254747658,311.5655224119305,310.5265436975495,309.5413081862646,308.6128483950909,307.74316682640466,306.93331008650273,306.1834597322261,305.49302161852734,304.86072756536333,304.28474423543275,303.7627689050921,303.29212517109164,302.8698653340135,302.4928531889546,302.1578331636673,301.8615158045785,301.6006230559176,301.37194485617323,301.1723834872153,300.99897642175387,300.848931775137,300.7196365684571,300.608672245216,300.5138180757533,300.4330496818779,300.3645393044666,300.30664461704106,300.25790101268336,300.21701195629055
0.0006537636992374944,330.843896940508,330.7748756787265,330.5687503679913,330.2283373102876,329.75825967512304,329.16484052910164,328.45595758300135,327.6408656608942,326.7299919115907,325.73471041594144,324.66710250936035,323.5397099476251,322.36529045363636,321.15657675430964,319.9260515735019,318.68574230709737,317.44703177884264,316.220507022662,315.0158256515545,313.8416197102298,312.7054267124224,311.6136513834183,310.57155555509416,309.5832732355835,308.651850470069,307.77930161803545,306.9666834535488,306.2141859999931,305.52122191792097,304.88652820347505,304.30827515991876,303.7841622219556,303.31151379490143,302.8873817227472,302.5086282252993,302.17199512811516,301.8741895145702,301.6119291021217,301.38199898336455,301.18129610277964,301.00685219666593,300.8558693888833,300.72572852811504,300.6140048146331,300.51847128136814,300.43709739348355,300.36804938122833,300.3096791037642,300.2605163775508,300.2192593717197
0.0006587636992374944,330.93864762593046,330.86947967243213,330.6629156503608,330.32177593081747,329.85069039493476,329.2559913574471,328.54556817193685,327.72868952065505,326.8157984166594,325.8182865734083,324.74825446972824,323.6182642426173,322.4410949465225,321.2295013032094,319.99598840745693,318.75260611055853,317.51075951441777,316.2810574860037,315.07317879191027,313.89577573146835,312.75640498145884,311.661489174224,310.6163066463598,309.6250064105455,308.69064792136083,307.81525730622343,306.99990144627805,306.244778797947,305.54930881906324,304.91223369687896,304.3317274106497,303.80549160722774,303.3308515696299,302.9048587673358,302.52437393696977,302.1861364018483,301.88684988725436,301.6232279919417,301.3920510715568,301.19021084116616,301.01473340629826,300.86281500101313,300.7318303984524,300.6193486467233,300.52313662602853,300.44115772275285,300.3715722273369,300.3127262483146,300.26314408226096,300.22151865246957
0.0006637636992374945,331.03257516845144,330.9632623836425,330.7562652082946,330.41440801369987,329.94232727926794,329.34636441235546,328.63442021471485,327.8157769968105,326.9008933750479,325.90117840859375,324.8287514120701,323.6961945808723,322.5163079686484,321.301867955715,320.06540167295765,318.8189810990244,317.5740332973661,316.3411886672757,315.1301468478743,313.94958013491305,312.80706413551934,311.70903918377087,310.66079994447847,309.66651028768297,308.72924295976065,307.85103576749805,307.03296563852075,306.27523942840264,305.57728338313683,304.93784489484307,304.3551016527322,303.82675756789627,303.3501388682988,302.922296728969,302.54009049337003,302.2002570804165,301.89949696016646,301.63451971870256,301.4021010817218,301.1991276410208,301.02261997530064,300.8697685289605,300.73794209507514,300.6247036594181,300.52781403307137,300.4452306005878,300.37510778264624,300.31578600025006,300.26578408631735,300.223789767836
0.0006687636992374945,331.1256912757721,331.05623548884034,330.848810625077,330.50624498839045,330.033181545338,329.4359706434234,328.7225243417173,327.9021383533779,326.9852866422732,325.983395331853,324.90860227073574,323.7735093959358,322.59093743410733,321.3736840939593,320.1342982136859,318.88487357702434,317.6368588978319,316.40090581207085,315.18673455491705,314.00303716441266,312.85740794883895,311.7563047416089,310.70503836156854,309.7077873906692,308.76763775064114,307.88663883968616,307.06587757141784,306.3055691663138,305.6051466486376,304.96336262800673,304.37839853612854,303.8479605987627,303.36937605422355,302.9396958611833,302.55577805792564,302.2143572547379,301.91213076727394,301.64580427298597,301.4121489727147,301.2080464393371,301.03051182700415,300.8767298890735,300.74406353265874,300.63006976981853,300.5325034250633,300.4493159571547,300.37865598629423,300.3188583084243,300.26843634853117,300.22607268643725
0.0006737636992374945,331.21800740289603,331.1484104125301,330.9405632341577,330.59729803804703,330.12326416893455,329.52482076495426,328.80989095533056,327.98778363473195,327.06898786349336,326.0649465532607,324.9878157905264,323.85021694304334,322.66499109028007,321.4449569451716,320.2026847302992,318.9502897178784,317.6992419663774,316.46021405772535,315.24294655117563,314.05615097691725,312.907440118629,311.8032891095249,310.7490247505878,309.7488401919362,308.8058344153561,307.9220683231223,307.09863875445717,306.3357692601565,305.63289963212287,304.9887877090109,304.40161869618544,303.86910118288307,303.3885634813802,302.9570564101656,302.5714367883361,302.2284370113066,301.92475133914843,301.65708164277356,301.42219470139264,301.21696717155504,301.0384088835049,300.8836989966851,300.75019462500904,300.6354468942462,300.5372047238442,300.4534137219212,300.3822167767345,300.3219431210152,300.2711008270455,300.2283673762342
0.0006787636992374945,331.3095347595925,331.2397983346786,331.03153412652955,330.68757810680046,330.21258589154723,329.6129252629007,328.8965302366702,328.07272267207986,327.1520064797056,326.14584108851085,325.0664005322765,323.92632530437004,322.7384765227405,321.5156935862358,320.2705677846405,319.01523556756194,317.7611880375075,316.5191184365134,315.2987873803317,314.1089256450549,312.95716426737,311.8499954835682,310.79276190711334,309.78967111422855,308.8438350325888,307.95732598180916,307.13125066646893,306.3658409327758,305.6605433289288,305.0141209331024,304.42476275413986,303.8901797919905,303.4077014947564,302.9743786150447,302.5870668368148,302.24249643239267,301.937358703131,301.6683518135836,301.432238222729,301.2258897716563,301.0463110657439,300.89067576618055,300.7563352851191,300.6408349482927,300.5419178505698,300.4575238236935,300.38579009176794,300.3250403855519,300.27377747935816,300.23067380455046
0.0006837636992374945,331.4002843175781,331.3304101978765,331.1217341578272,330.77709590675227,330.3011572272224,329.7002944015441,328.982452152051,328.15696508969233,327.2343517337117,326.2260877645923,325.14436487822314,324.0018423940791,322.8114011599765,321.58590094807613,320.33795380378785,319.0797170484225,317.8227025330601,316.57762387872117,315.35426149437984,314.16136515960966,313.00658394501545,311.89642699599875,310.83625257105183,309.8302825320953,308.8816416396449,307.99241354453335,307.16371475657974,306.39578538219877,305.6880787138578,305.03936307871214,304.44783131760414,303.9111968868991,303.4267904306874,302.9916627081694,302.6026683503201,302.2565355962316,301.949952883489,301.67961476860154,301.44227948992125,301.23481417225514,301.0542182935832,300.8976601110622,300.76248542522467,300.64623384686655,300.5466427257523,300.461646190651,300.38937586857355,300.328150048941,300.27646626234485,300.2329919380914
0.0006887636992374945,331.4902668174289,331.4202567142304,331.2111739551603,330.86586192470895,330.38898846916214,329.7869382299248,329.06766645921454,328.2405203108996,327.31603267585746,326.3056952252522,325.22171703717396,324.07677596318234,322.88377227793194,321.6555858198773,320.4048490839514,319.1437399627554,317.8837907654679,316.6357352156023,315.4093732562902,314.21347343190416,313.05570263111036,311.94258671715926,310.8794994282834,309.8706767733237,308.91925623369565,308.0273327059349,307.1960324451289,306.42560378241325,305.715506741838,305.06451490801066,304.47082498103,303.9321529178917,303.4458306171772,303.0089089153743,302.6182414707743,302.2705545772063,301.96253390156676,301.6908704888042,301.45231845449536,301.2437403046851,301.06213048587915,300.9046519440111,300.76864495685663,300.6516435042388,300.55137926929933,300.46578075038013,300.3929740437374,300.33127205749173,300.2791671322805,300.23532174296275
0.0006937636992374945,331.57949277523613,331.50934837199924,331.2998639236922,330.95388642866635,330.4760896960791,329.8728665880323,329.1521827133256,328.32339756386585,327.39705816956075,326.384671936255,325.2984650494825,324.1511336042181,322.95559700437934,321.72475485314675,320.47125979422435,319.2073099962466,317.9444579408972,316.69345718222337,315.4641269425706,314.2652542960926,313.1045237368302,311.988477657276,310.922505112242,309.91085612031816,308.95668077297245,308.0620851275364,307.2282051245486,306.455297284117,305.7428283485561,305.0895771674396,304.493744326154,303.95304832508975,303.46482237420634,303.0261174562352,302.63378633527486,302.28455344602116,301.97510177592886,301.7021189530792,301.4623550664045,301.2526680990819,301.0700475605525,300.91165117694675,300.7748137908924,300.6570638340866,300.5561274005518,300.46992742990767,300.39658455328123,300.334406356941,300.2818800448608,300.2376631846894
0.0006987636992374945,331.667972489017,331.5976954419865,331.3878142529769,331.0411794740559,330.56247077831677,329.95808911276845,329.23601027274725,328.40560588714993,327.477436896634,326.4630261904491,325.3746167918404,324.2249227557574,323.0268823231316,321.79341456562713,320.5371919801951,319.2704327212867,318.00470916227084,316.7507944202021,315.5185267457322,314.31671151136675,313.1530506069419,312.03410276819113,310.9652722054358,309.9508228114252,308.99391717791457,308.09667243873076,307.2602341602091,306.4848670154361,305.7700444510645,305.11455058822236,304.5165899224242,303.97388353880893,303.48376601402646,303.0432885443116,302.6493030762949,302.2985322698677,301.9876565224979,301.713360138339,301.47238927412377,301.26159748446287,301.07796943465473,300.91865772108366,300.7809918376038,300.6624947495351,300.5608870383205,300.4740861557316,300.4002073326898,300.3375528924773,300.28460495522313,300.240016228233
0.0007037636992374946,331.755716044891,331.6853079836988,331.4750349230647,331.12775090976197,330.6481413837464,330.0426152436918,329.3191583046049,328.4871541350629,327.5571773624134,326.5407661126459,325.45017998189354,324.2981507067444,323.0976350780984,321.8615713450639,320.6026515674257,319.333113600163,318.06454943217796,316.8077514803451,315.5725767766641,314.36784876408024,313.2012865216923,312.07946494503017,311.0078032409099,309.9905790422088,309.0309673322738,308.13109623773136,307.2921208912308,306.51431408261493,305.79715594836443,305.1394358868535,304.5393623274092,303.99465897989967,303.5026618414425,303.06042238738087,302.66479182187624,302.312491112583,302.0001981546848,301.7245940196288,301.4824210247411,301.2705283888028,301.0858960244327,300.9256714869858,300.78717900670415,300.6679361631976,300.5656581009206,300.4782568538522,300.4038423169379,300.3407116087634,300.2873418179666,300.2423808380092
0.0007087636992374946,331.84273332303263,331.7721958512815,331.5615357103861,331.2136103839215,330.7331109834498,330.1264542285547,329.40163579014916,328.5680509828321,327.6362879007012,326.617899664324,325.5251621826905,324.37082460067927,323.1678619771955,321.9292314528375,320.66764436480526,319.39535798813546,318.123983655679,316.86433282518806,315.6262810669207,314.4186696697944,313.24923469862574,312.1245670278068,311.0501007036543,310.03012696667685,309.0678330841762,308.16535809248575,307.32386663126545,306.54363957067926,305.82416372196565,305.1642337655693,304.5620620871909,304.01537506007355,303.52151015408276,303.0775191876609,302.68025269581267,302.3264300348027,302.01272668351544,301.7358205702312,301.49245026404327,301.2794607391064,301.0938272453894,300.93269238461886,300.79337520739307,300.67338798721477,300.57044050620584,300.4824394498013,300.4074894405159,300.34388244996006,300.2900905871716,300.2447569779049
0.0007137636992374946,331.92903400341095,331.85836869924145,331.647326193425,331.2987673495157,330.81738885719886,330.20961512864085,329.4834515299258,328.64830493157865,327.7147766785306,326.69443464816294,325.599570806972,324.4429514396505,323.237569596113,321.99640102746287,320.7321760677799,319.4571711364005,318.1830166430075,316.9205428314441,315.67964357092524,314.4691777752488,313.2968982943352,312.16941180296885,311.09216703195943,310.0694686984627,309.10451624714415,308.19945954155435,307.3554726692462,306.5728445440737,305.8510686364245,305.1889449127983,304.58468973674115,304.0360321822158,303.54031124265833,303.0945791420244,302.6956858178272,302.34034909410497,302.02524211774926,301.74703976176517,301.502476936599,301.2883944614776,301.101763012343,300.93972032340037,300.79958034839956,300.6788501332915,300.57523417160075,300.4866338686708,300.41114863745486,300.34706535974675,300.2928512164193,300.2471446112949
0.0007187636992374946,332.01462757132373,331.94383598796526,331.73241575819003,331.38323106976213,330.90098409873934,330.29210682391346,329.5646141487608,328.7279243131181,327.79265170076116,326.7703787124152,325.67341312130606,324.5145380882234,323.3067643819491,322.06308608796445,320.7962522614687,319.51855819494926,318.24165311217536,316.97638579236343,315.73266816809326,314.5193765602608,313.3442804061499,312.2140020048875,311.13400461872163,310.1086063119615,309.14101860108053,308.23340209495603,307.3869402701107,306.601930047275,305.8778715398605,305.21357000359546,304.60724580028324,304.0566307406861,303.5590653912111,303.1116024422032,302.71109130374003,302.3542483451504,302.03774446399507,301.7582515642811,301.5125009858379,301.2973294811861,301.10970323948266,300.9467552122473,300.805794338023,300.68432251273293,300.5800390141321,300.4908400351404,300.4148198413505,300.3502602813436,300.29562365881003,300.2495437010578
0.0007237636992374946,332.09952332273707,332.0286069890435,331.81681360349154,331.4670106233166,330.98390562088804,330.3739380179802,329.645132100571,328.80691729459136,327.86992081451115,326.84573935512464,325.74669625007715,324.5855912771902,323.3754526567145,322.1292925371313,320.85987842366785,319.579524215323,318.2998976914854,317.03186592000867,315.78535866488045,314.5692694395557,313.39138407376083,312.2583403172917,311.175615812701,310.147541843426,309.1773418932158,308.26718723498215,307.4182706754949,306.63089710538037,305.9045732644535,305.2381097000579,304.6297307916391,304.07717112160617,303.57777287735195,303.12858927498496,302.7264692656304,302.36812783981435,302.0502337268198,301.7694559463518,301.5225223541261,301.3062657227308,301.11764784042236,300.95379695962237,300.812017084173,300.6898050364789,300.58485495045943,300.4950578735037,300.4185029853872,300.3534671575319,300.29840786698117,300.25195420959216
0.0007287636992374946,332.18373036943734,332.11269079040756,331.90052874603487,331.55011490929235,331.06616216045165,330.4551172428859,329.7250136730038,328.8852918829331,327.9465917134346,326.92052392819517,325.81942717933566,324.656117607189,323.44364062071423,322.1950261646573,320.9230599277495,319.6400741532723,318.3577549219541,317.08698734744956,315.8377187967577,314.61885976453283,313.43821228078946,312.30242937465204,311.21700291973355,310.1862772920214,309.2134878390201,308.30081641698024,307.4494651044025,306.6597467246755,305.9311746269212,305.26256465172565,304.65214521456227,304.09765370313625,303.59643397248897,303.1455398224009,302.7418198119909,302.3819876273147,302.0627099088542,301.7806528751589,301.5325409828387,301.3152031099003,301.12559672825256,300.96084547357776,300.8182484944074,300.69529761513724,300.5896818969037,300.49928730769443,300.4221980023602,300.35668593067436,300.30120379312547,300.25437609883164
0.0007337636992374946,332.2672576440041,332.19609630128843,331.9835700253358,331.63255265210546,331.1477622829738,330.5356528637367,329.8042669919172,328.96305592918475,328.0226719418497,326.9947396413196,325.89161276051277,324.72612355219644,323.5113343558106,322.26029265017223,320.98580204545885,319.7002128713224,318.4152292596499,317.14175413088014,315.8897522301159,314.668150824968,313.4847679562988,312.3462717635141,311.25816820389997,310.2248146208426,309.24945812308283,308.3342910701086,307.48052475384867,306.68847989317936,305.9576764289783,305.28693549596574,304.67448956305896,304.1180788557408,303.61504894204666,303.1624542619062,302.7571430478764,302.3958277543331,302.07517301089257,301.7918423165766,301.542556812429,301.32414156583144,301.1335498155891,300.96790066179767,300.8244884759689,300.70080015901567,300.5945197694756,300.5035282613111,300.4259048246978,300.35991654273437,300.30401138900766,300.25680933026024
0.0007387636992374946,332.3501139046114,332.2788322570041,332.06594610846685,331.71433240615244,331.22871438731937,330.6155530831663,329.88290002570477,329.0402171326585,328.0981688987239,327.0683935657713,325.9632597140072,324.79561546289943,323.5785398285747,322.3250975661675,321.0481099496144,319.75994514124955,318.47232507795025,317.19617025166264,315.94146256410414,314.71714585065644,313.53105397625325,312.38987002378485,311.2991138886522,310.2631557578945,309.28525439995985,308.367612598064,307.5114507994798,306.7170975811698,305.984079457779,305.3112228583423,304.6967643216949,304.1384469424428,303.6336180456758,303.179332766553,302.7724390750452,302.40964826513215,302.0876230319893,301.8030242352504,301.5525697824943,301.33308101306454,301.14150701462097,300.9749624316384,300.83073693582014,300.70631257815234,300.5993684839029,300.5077806576413,300.42962338448314,300.36315893529513,300.30683060598176,300.2592538649272
0.0007437636992374947,332.43230773966565,332.3609072235837,332.14766549464093,331.7954625603279,331.3090267101013,330.6948259456483,329.9609205894725,329.11678304495933,328.17308984152436,327.1414926380671,326.0343746326491,324.86459956995145,323.64526289332804,322.3894463808213,321.1099887167152,319.8192756464724,318.5290466697202,317.25023961829993,315.99285333240454,314.7658480129989,313.5770731649252,312.4332266499742,311.33984215790076,310.30130259703736,309.32087829499005,308.4007823797822,307.5422443961709,306.7456007416892,306.0103844863423,305.3354273529722,304.71896996589146,304.15875831906874,303.65214153745535,303.1961755051556,302.7877079920954,302.42344920166715,302.10005996955056,301.8141985946737,301.5625798318398,301.3420213735967,301.14946823715496,300.9820306901677,300.83699378067735,300.71183478234576,300.60422795565614,300.5120444196843,300.4333536134742,300.36641304957806,300.30966139500686,300.261709663461
0.0007487636992374947,332.5138475722845,332.4423296022338,332.2287365196395,331.8759513423892,331.388707329957,330.7734793416625,330.03833634907346,329.1927610738695,328.24744188993543,327.2140436635051,326.1049639850461,324.93308198711804,323.7115092950816,322.4533444607277,321.1714433294593,319.878208984361,318.5853982494168,317.30396606834046,316.04392800494594,314.8142604265324,313.6228282962545,312.47634409239254,311.3803551570633,310.33925699889943,309.35633140508304,308.4338017701133,307.57290667860104,306.7739903110312,306.0365922739612,305.3595495828672,304.7411069622102,304.17901333448367,303.67061966608594,303.21298264245013,302.8029498945952,302.4372306036921,302.11248381942227,301.8253653572603,301.57258689853876,301.3509625689328,301.15743339465905,300.98910534420145,300.84325891704276,300.71736668118314,300.6090980999745,300.51631947017427,300.43709544312446,300.3696788264607,300.31250370666356,300.2641766860836
0.0007537636992374947,332.5947416646263,332.5231076336553,332.3091673600915,331.95580682317416,331.4677641716814,330.85152101172116,330.1151548250076,329.2681584871033,328.3212320294525,327.28605331958306,326.17503411881665,325.0010687143159,323.77728467237614,322.5167970735333,321.23247867917695,319.9367496684678,318.6413839551221,317.3573533702188,316.0946899895579,314.8623861504088,313.66832209516036,312.51922475830725,311.42065499407727,310.3770207917562,309.3916152994793,308.466672100474,307.6034387618089,306.8022672092104,306.0627035665974,305.3835901402632,304.76317576862584,304.199212330817,303.68905267507574,303.22975433924637,302.8181648752079,302.4509925088634,302.1248945759744,301.83652448441387,301.5825909199906,301.3599045201343,301.16540239830414,300.9961863003399,300.8495322512358,300.7229081840676,300.6139788318894,300.5206057316018,300.4408488046021,300.3729562064943,300.3153574911692,300.2666548926244
0.0007587636992374947,332.67499812207416,332.60324940221494,332.38896603760963,332.0350369206764,331.546205010221,330.92895855025984,330.19138339618985,329.3429824159349,328.39446711485436,327.3575281593034,326.2445912637145,325.06856564055073,323.8425945600254,322.5798093904855,321.29309956818145,319.9949021306841,318.6970078505066,317.4104052250331,316.14514263357034,314.91022818982276,313.71355723880833,312.5618710130597,311.4607437403769,310.41459577238044,309.42673152048326,308.4993946794753,307.6338417417263,306.8304323404141,306.0887190972607,305.4075496069374,304.78517683478947,304.21935564367965,303.707440802919,303.2464907525745,302.8333530238116,302.46473495283675,302.1372922321814,301.8476759365948,301.59259183297627,301.3688471478657,301.17337515900357,301.00327346500137,300.85581368942314,300.72845920024486,300.6188700662488,300.52490312623473,300.4446136288092,300.37624512992045,300.3182226983933,300.26914424253334
0.0007637636992374947,332.75462489728096,332.68276283997926,332.46814042278845,332.11364940398767,331.6240374745359,331.0057994093998,330.2670293035941,329.417239858707,328.4671538735612,327.428474614367,326.31364153465057,325.1355785467569,323.9074443917705,322.6423864888959,321.3533107120427,320.0526707233236,318.75227392672855,317.46312526826387,316.1952892253584,314.95778949739196,313.75853635783466,312.60428518114327,311.50062343183737,310.4519837068623,309.4616815841704,308.531970793529,307.6641166956952,306.8584865934386,306.1146395863751,305.43142855451316,304.80711060228174,304.23944360237294,303.7257842832673,303.26319203582545,302.848514427614,302.47845796936247,302.1496767796997,301.85881967338383,301.6025895737115,301.3777903724392,301.1813515874511,301.01036674445544,300.8621031376468,300.7340196388284,300.62377171773903,300.5292115761388,300.4483898463996,300.37954553668817,300.3210992778719,300.2716446948943
0.0007687636992374947,332.8336297940819,332.7616557306154,332.5466982390719,332.1916518971084,331.70126905133446,331.0820509025867,330.3420996537768,329.49093768422335,328.53929890888196,327.4988989982629,326.3821909346138,325.2021131085435,323.97183950284466,322.7045333545226,321.4131167417846,320.1100597211375,318.80718610426914,317.51551707143483,316.24513299583583,315.00507297449076,313.80326203752946,312.6464695472463,311.540296069686,310.489186331401,309.4964669810712,308.5644017074329,307.69426468296484,306.88643084210923,306.1404657421315,305.4552275447542,304.8289775048562,304.2594765300892,303.7440833450945,303.27985833888556,302.8636491712628,302.49216159037417,302.1620482089413,301.8699556535429,301.61258407789717,301.3867341138577,301.1893315941574,301.0174660448545,300.8684005018526,300.7395894088242,300.6286837009075,300.53353100319714,300.45217738779706,300.382857366469,300.3239871788224,300.2741562084377
0.0007737636992374947,332.9120204712785,332.8399357131642,332.6246470664938,332.2690518826352,331.7779070886862,331.15772020810925,330.4166014222857,329.56408263503033,328.61090870315485,327.568807509257,326.45024535749786,325.2681748988511,324.03578513245526,322.7662548838738,321.47252220601126,320.16707332326337,318.86174823470765,317.56758414371933,316.29467711989884,315.05208147253984,313.8477368189803,312.6884263572586,311.5797636213841,310.5262053530703,309.53108917683033,308.5966886649356,307.72428674517187,306.91426594568577,306.16619826082706,305.4789471298475,304.8507779686735,304.27945474410467,303.7623382128553,303.29648980826596,302.8787573369511,302.5058458460762,302.1744065091447,301.8810838350735,301.6225752807683,301.39567829185523,301.1973150894852,301.02457127226353,300.87470568791593,300.74516841915397,300.6336059301833,300.53786132912944,300.45597618321244,300.3861805586738,300.32688635015734,300.2766787415534
0.0007787636992374948,332.9898044463001,332.9176102856916,332.7019943452973,332.3458567053276,331.85395879951705,331.23281437250523,330.49054145695743,329.6366813305924,328.6819896207868,327.63820623328263,326.5178105908351,325.3337693905217,324.09928642618473,322.82755588643715,321.53153157296276,320.22371565511037,318.9159641024384,317.61932993349456,316.3439247178234,315.09881779425285,313.8919632001777,312.73015781924596,311.61902802147745,310.56304245055736,309.56554961284434,308.62883288928197,307.7541839068042,306.9419927492535,306.1918378271936,305.50258785267584,304.87251241252767,304.2993785559653,303.7805491066366,303.31308658722713,302.8938390045188,302.519510765026,302.18675166844275,301.89220417527304,301.6325631171403,301.4046228259366,301.205301983682,301.0316823326897,300.88101860166773,300.7507565786781,300.63853831989763,300.5422024755106,300.45978616266046,300.38951505246683,300.3297967404983,300.27921225230233
0.0007837636992374948,333.066989098748,332.99468680882137,332.7787473794376,332.4220735755608,331.92943126499256,331.3073403138568,330.5639264811098,329.70874027036524,328.75254791119437,327.70710114673943,326.58489231844266,325.3989019587859,324.162348438314,322.88844108683674,321.5901492325058,320.2799907701833,318.9698374263327,317.67075782984404,316.3928788566155,315.1452846948429,313.93594363708496,312.7716661043911,311.6580911724203,310.5996992748778,309.59984970687697,308.66083558374,307.78395717564797,306.96961208410073,306.21738511471307,305.5261502470815,304.89418124806275,304.3192482716657,303.7987162423044,303.3296488158978,302.9088942515497,302.5331563742128,302.199083673927,301.90331663078746,301.6425475214536,301.4135676354143,301.21329218691307,301.0387991321095,300.8873391489185,300.75635379621724,300.6434807843038,300.5465543637881,300.4636072559759,300.3928607867813,300.33271829818887,300.28175669842926
0.0007887636992374948,333.1435816738253,333.07117250915627,332.8549133399728,332.49770957266725,332.00433143779264,331.3813048249809,330.63676309663094,329.78026583677,328.8225897116512,327.7754981192018,326.6514961229844,325.4635778836707,324.22497613407177,322.94891512692107,321.64837949805957,320.3359026518485,319.02337186134594,317.72187116401295,316.44154255131934,315.1914848831895,313.9796805446722,312.81295334790457,311.6969549453711,310.636177450066,309.63399085365484,308.69269793210964,307.8136075432202,306.9971247680828,306.2428407859226,305.54963483811883,304.9157848799827,304.3390641918206,303.8168398316444,303.34617663139005,302.92392315346535,302.5467826991348,302.2114025117106,301.9144211576631,301.6525284278158,301.42251263944496,301.2212856092912,301.04592157649586,300.8936672354823,300.7619599805737,300.6484332375959,300.5509169152998,300.4674393928293,300.3962177003332,300.33565097130827,300.2843120373741
0.0007937636992374948,333.21958928565834,333.1470744825896,332.9304992683474,332.57277164817344,332.07866614528245,331.4547145765181,330.7090577869719,329.8512642980746,328.89212105004447,327.8434029160418,326.717627488451,325.52780235233064,324.28717439181185,323.00898256778464,321.7062266084607,320.3914552150429,319.076571000075,317.7726732108164,316.48991876628224,315.23742102296785,314.0231762979181,312.8540216499062,311.73562118096197,310.67247857384336,309.6679744254422,308.72442109921496,307.84313598518594,307.02453160597406,306.26820549270894,305.5730421422991,304.93732370625287,304.3588266118311,303.8349200824969,303.3626701679089,302.9389257836138,302.5603897638709,302.22370816698736,301.9255177113954,301.662505770043,301.4314577570631,301.2292821609067,301.05304957184336,300.900002767199,300.76757504055115,300.65339559392737,300.5552900512904,300.4712825027424,300.39958573163557,300.33859470768374,300.2868782262833
0.0007987636992374948,333.2950189205144,333.22239969751274,333.00551207957164,332.6472666289334,332.15244209258356,331.5275761199249,330.78081692004343,329.92174181118276,328.9611478475453,327.9108212009694,326.783291802562,325.59158046130557,324.3489480051227,323.068647891726,321.7636947297696,320.44665230792947,319.12943837426525,317.8231671900024,316.53801041638036,315.2830957337426,314.0664332327783,312.8948730762773,311.7740916900449,310.7086042182646,309.70180177259783,308.75600623137916,307.8725434617616,307.05183338980714,306.2934798765918,305.5963726678261,304.9587981182945,304.37853582204326,303.8529571988871,303.3791295568586,302.95390221335606,302.5739775911513,302.236000624089,301.9366062469756,301.6724794816982,301.4404029072143,301.23728175185494,301.06018302419295,300.90634564995605,300.77319888497476,300.6583677674285,300.5596736929277,300.47513651510315,300.4029648190123,300.341549454903,300.2894552220214
0.0008037636992374948,333.369877439917,333.2971549979226,333.0799585653024,332.7212012201646,332.225665865549,331.59989589037156,330.85204675102295,329.99170442433666,329.02967592119523,327.97775853849316,326.84849435909285,325.6549172187079,324.4103016848699,323.12791550414386,321.820787957019,320.5014977135003,319.18197745627026,317.87335626757294,316.5858203682044,315.32851159202596,314.10945364712387,312.9355096594861,311.81236825441135,310.7445559303427,309.73547422411275,308.7874544568848,307.90183091810474,307.07903089920114,306.3186645689983,305.61962691482336,304.9802085011719,304.39819210790245,303.8709513811504,303.395554926944,302.9688525121484,302.58754620242405,302.2482798665394,301.9476867189361,301.68244949612887,301.44934800878644,301.24528429226393,301.06732183965534,300.91269578970923,300.77883142270935,300.6633496722236,300.5640677613182,300.47900135917956,300.406354900611,300.34451516032607,300.29204298118185
0.0008087636992374948,333.444171583666,333.37134710643227,333.1538453968277,332.79458200839053,332.2983439336457,331.6716802095503,330.92275342507503,330.0611580797358,329.09771098641204,328.0442203963046,326.9132403601297,325.7178175463413,324.4712400611761,323.18678973537453,321.8775103159095,320.5559951511302,319.23419166046654,317.9232435570629,316.63335144120947,315.37367113230334,314.1522398016494,312.9759333993874,311.85045262749117,310.78033523265395,309.76899308813097,308.818766886418,307.93099928469115,307.1061249016789,306.34376019152785,305.642805375554,305.0015552337735,304.41779575010054,303.8889028260525,303.41194640426846,302.9837767476216,302.6010956179198,302.26054587710735,301.9587590813927,301.6924157465023,301.45829298063984,301.25328969231947,301.07446592443347,300.91905309250296,300.7844725626779,300.66834122244774,300.5684721775226,300.48287696413456,300.4097559144161,300.3474917710978,300.2946414600976
0.0008137636992374948,333.5179079727638,333.444982627189,333.2271791279593,332.86741546429096,332.37048265274865,331.7429352883973,330.9929429799864,330.1301086160744,329.1652586594191,328.11021214758887,326.97753491825455,325.78028628175537,324.5317676853387,323.24527484247324,321.93386576445175,320.6101482780818,319.2860843446233,317.9728321207794,316.68060640882794,315.4185768480269,314.19479392075317,313.0161462639958,311.8883465350278,310.8159436239237,309.8023596524534,308.8499446134988,307.96004947767875,307.1331161529729,306.3687673562072,305.6659085346318,305.02283868898564,304.43734702471886,303.90681172690563,303.42830411242767,302.99867498565703,302.6146258567125,302.2727986378564,301.9698232880864,301.7023781658404,301.46723774163587,301.2612978622902,301.0816151848443,300.9254174644892,300.7901222138787,300.67334233226234,300.5728868625699,300.48676325903864,300.4131677982613,300.35047923415874,300.2972506148518
0.0008187636992374949,333.59109311225205,333.51806804870273,333.2999661978368,332.9397079454659,332.4420882678486,331.8136672297307,331.0626213487218,330.1985617710019,329.2323244596,328.17573907326505,327.0413830586633,325.8423281802355,324.5918890316905,323.3033750109394,321.9898581945587,320.66396069096436,319.3376588112312,318.0221249710033,316.72758799954886,315.46323119257727,314.23711819338973,313.05615019023566,311.92605167573294,310.8513825795935,309.83557518502505,308.88098871489694,307.98898239926035,307.1600053973214,306.3936866657376,305.6889368692262,305.04405923386093,304.45684620336505,303.9246782736799,303.4446281726002,303.0135472904594,302.62813693677964,302.28503813019285,301.9808792924222,301.7123366870513,301.47618221066466,301.26930871255104,301.08876952733914,300.9317888119461,300.7957802854024,300.6783529158706,300.57731173747226,300.4906601728839,300.41659048984195,300.3534774962567,300.2998704012881
0.0008237636992374949,333.66373339396216,333.5906097465885,333.37221293364667,333.0114656991158,332.5131669156783,331.8838820308091,331.1317943619012,330.26652318350807,329.2989138117812,328.24080636415806,327.1047897212203,325.9039479167339,324.65160849940173,323.361094356391,322.04549143358906,320.7174359271485,319.38891830879044,318.0711250711534,316.7742988979635,315.5076365801971,314.2792147738956,313.0959470846676,311.9635697219205,310.8866535523702,309.8686409344078,308.9119002510349,308.0177989380045,307.18679336775523,306.4185187137339,305.7118908492595,305.0652172297801,304.4762935533058,303.94250265311064,303.46091870363387,303.02839372462734,302.64162887505773,302.29726433491174,301.9919270475071,301.7222912429613,301.4851263066711,301.27732215360584,301.09592885852373,300.9381670412956,300.80144668644755,300.6833728875327,300.5817467232383,300.49456763459625,300.42002392672674,300.35648650395774,300.3025007750207
0.0008287636992374949,333.73583509918274,333.66261398622623,333.4439255532588,333.0826948646396,332.58372462725896,331.953585585812,331.20046775020273,330.33399839623667,329.3650320484462,328.30541912310514,327.16775976244946,325.9651500877417,324.7109304142294,323.4184369261871,322.10076924584416,320.77057746613787,319.43986603305837,318.11983533691574,316.8207417457793,315.55179538689487,314.3210857827904,313.1355388241924,312.0009023201207,310.92175797275763,309.901558130237,308.9426802663778,308.0464999691848,307.21348078637396,306.4432640849542,305.7347709375972,305.08631303260887,304.4956893375942,303.9602850488022,303.47717582212994,303.04321434922,302.6551016874975,302.30947723224125,302.0029665061856,301.7322417663446,301.4940699486803,301.285338096109,301.1030930851773,300.9445520591207,300.80712132633687,300.6884021615796,300.58619174088693,300.49848557304824,300.4234680463696,300.35950620365657,300.30514169144385
0.0008337636992374949,333.80740440124697,333.73408692534093,333.515110167784,333.1534014761564,332.65376733037044,332.0227836882466,331.2686471466932,330.40099285772953,329.43068441188393,328.3695823669991,327.2302979574669,326.02593921310444,324.7698590302129,323.47540670100267,322.1556953340203,320.82338873089935,319.49050512826125,318.16825863733834,316.8669191428037,315.5957099513222,314.3627333075532,313.17492725673316,312.0380510916757,310.95669724957264,309.9343279836648,308.97332978981075,308.0750863551003,307.2400683646143,306.4679233555238,305.7575775902327,305.10734699284836,304.5150338151924,303.9780256413271,303.4933996425229,303.0580092238227,302.6685553891154,302.32167680188417,302.01399762107496,301.7421881899514,301.5030130558214,301.2933564508863,301.1102621142704,300.9509437721815,300.8128041145316,300.6934406524271,300.59064671145956,300.5024139170708,300.4269227861205,300.3625365415877,300.3077931057421
0.0008387636992374949,333.8784473680428,333.8050346165053,333.5857727840556,333.22359146495035,332.7233008519481,332.0914820332828,331.33633808908974,330.4675119246032,329.49587605627164,328.433301028771,327.29240900185573,326.0863197377843,324.8283985313203,323.53200759635536,322.2102733406167,320.8758730891541,319.54083868826905,318.2163977958936,316.912833647897,315.6393825756236,314.40415940337505,313.21411420189713,312.0750176333165,310.9914727704444,309.9669516877888,309.0038498350043,308.1035589453834,307.266556803509,306.49249709315,305.78031125646464,305.1283194557814,304.53432724109103,303.9957246083224,303.50959027715805,303.07277840660805,302.68198999404416,302.3338630230589,302.02502034459724,301.7521304465356,301.5119555473505,301.3013771289543,301.1174358529828,300.957342087431,300.8184949606462,300.6984882745895,300.5951115560331,300.50635259546544,300.4303880832367,300.3655774638349,300.3104549728991
0.0008437636992374949,333.9489699644493,333.87546300956876,333.6559193070375,333.2932706618446,332.7923309204082,332.15968622001833,331.403546021954,330.5335608636624,329.56061204969797,328.4965799593135,327.3540975134848,326.1462960335702,324.8865530330446,323.5882434640883,322.2645068493032,320.9280338546296,319.5908697577355,318.2642555915089,316.9584877798987,315.6828155262623,314.4453660938897,313.25310145161745,312.1118035177226,311.02608590229823,309.99943041806824,309.03424140076925,308.1319185772996,307.29294679393786,306.51698585733106,305.80297237906933,305.149230761613,304.55356986642255,304.01338212458177,303.5257478363658,303.0875219543965,302.69540551558026,302.34603587453785,302.0360346290115,301.76206846888095,301.5208973426731,301.3094000415397,301.1246142087198,300.96374691203033,300.82419377446195,300.70354494269213,300.59958619573223,300.51030153701487,300.4338638748938,300.36862891634166,300.31312724770726
0.0008487636992374949,334.0189780547005,333.9453779540154,333.7255555421612,333.36244479950517,332.86086316790556,332.22740175367875,331.4702762988221,330.5991448539507,329.62489737612503,328.5594239293489,327.41536803427505,326.2058724007365,324.94432658395436,323.6441180938087,322.31839938624637,320.97987428827565,319.6406013332039,318.31183475956664,317.0038840185245,315.72601103482,314.4863553718816,313.29189077077524,312.1484102940645,311.06053799182615,310.03176533272676,309.06450547139906,308.1601660760375,307.31923901687026,306.5413901995576,305.8255613944668,305.17008124560596,304.5727619385726,304.03099836214443,303.54187242853294,303.102239922713,302.70880196623017,302.35819533468475,302.0470404264437,301.77200218982534,301.5298383613643,301.31742510009707,301.13179708912844,300.97015815336283,300.8299004659405,300.7086105714836,300.6040705517403,300.514260670495,300.43735009819545,300.37169084492075,300.3158098847764
0.000853763699237495,334.0884774046812,334.0147852012523,333.79468719759484,333.4311195146765,332.9289031325246,332.29463404775186,331.53653418427257,330.6642689887411,329.68873693729444,328.62183763124176,327.4762250319136,326.2650530696552,325.00172316719824,323.69963521428394,322.37195442139796,321.03139759944406,319.69003636418165,318.35913799287505,317.04902480523856,315.7689712987741,314.52712919997384,313.3304838978038,312.18483948853043,311.0948303659411,310.0639575731432,309.094643017003,308.1883022549894,307.34543414360024,306.56571066350807,305.8480787328811,305.1908712382128,304.5919037012857,304.0485734903818,303.55796416017193,303.11693236584244,302.72217935775427,302.3703413814898,302.05803768891553,301.7819315422853,301.5387785231896,301.3254522163265,301.1389844021127,300.97657571904836,300.8356149452365,300.7136850758483,300.6085645453116,300.51822992468476,300.44084669018383,300.37476319526365,300.3185028385432
0.000858763699237495,334.1574736841557,334.0836904068323,333.86331988644633,333.4993003503537,332.9964562604084,332.36138842606096,331.6023248559343,330.72893827746987,329.7521355545774,328.68382568075907,327.5366729015185,326.32384220235974,325.05874670196636,323.75479849479865,322.42517536974526,321.08260694703483,319.73917775418295,318.406167942611,317.0939125440993,315.8116984822517,314.567689511295,313.36888254527435,312.221092604837,311.12896433221937,310.0960082642308,309.12465499382824,308.2163279160232,307.3715328359744,306.5899477852373,305.87052481849656,305.21160106520233,304.61099539476834,304.066107676079,303.574023135987,303.1315993368825,302.7355377012094,302.3824739926042,302.0690263683722,301.7918564592782,301.54771774812343,301.3334813021897,301.1461760558482,300.98299951695606,300.84133712270994,300.7187683708176,300.61306809778176,300.52220922837716,300.44435358784955,300.3778459129501,300.32120606327896
0.000863763699237495,334.22597246893207,334.15209913261174,333.93145912890316,333.5669927578912,333.06352790782375,332.42767012477856,331.6676534064361,330.7931576476134,329.8150979707722,328.74539261878033,327.5967159672553,326.3822438940647,325.1154010449095,323.8096115464713,322.478065592526,321.13350544060825,319.78802836174106,318.45292721923477,317.13854960258084,315.854194716762,314.6080382101272,313.4070884004652,312.2571711247248,311.1629411793289,310.1279185148042,309.1545423445727,308.2442438497462,307.3975357466122,306.6141020933595,305.8929000696071,305.23227104778186,304.63003725578835,304.08360108351576,303.59004945893753,303.14624088779465,302.7488770069894,302.3945931453719,302.0800064167085,301.80177687394445,301.5566559563681,301.3415122699263,301.153371958796,300.98942945521776,300.8470669089382,300.7238603715813,300.6175811305783,300.52619851038907,300.447870728141,300.38093894345684,300.32391951309876
0.000868763699237495,334.293979242965,334.22001684884725,333.9991103543105,333.6342020990515,333.1301233431698,332.4934842943816,331.73252484530184,330.8569319465127,329.8776288518493,328.80654291295843,327.656358483908,326.44026217464216,325.1716899915176,323.8640779235337,322.53062839840794,321.1840961414666,319.8365910013924,318.49941839338,317.1829383123711,315.89646210190693,314.64817717253493,313.4451031259139,312.29307650843947,311.19676217744524,310.1596894179364,309.18430599868805,308.27205083576087,307.42344351911925,306.63817410922513,305.9152048987623,305.25288150271615,304.64902951777015,304.1010538745422,303.6060432303,303.1608570694526,302.76219728486365,302.40669881686154,302.0909777857942,301.8116927195679,301.5655930683704,301.3495450320685,301.16057201971637,300.9958654422395,300.8528042147269,300.728960993498,300.6221035652314,300.53019769957115,300.45139804797435,300.3840422321666,300.3266431419694
0.000873763699237495,334.36149940039826,334.28744893623275,334.0662789031908,333.70093364799516,333.1962477489282,332.5588360015522,331.79694410079003,330.9202659431454,329.9397327886478,328.8672809593328,327.7156046384045,326.4979010100551,325.22761727745944,323.9182011245743,322.58286704463524,321.2343820637038,319.8848684446318,318.54564399671614,317.22708097014663,315.93850270607214,314.6881082469761,313.4829283599531,312.3288101951992,311.2304285786551,310.1913220513048,309.2139468726738,308.2997496429122,307.44925678829503,306.66216434709236,305.93743971290803,305.2734327424415,304.6679724108877,304.11846620865384,303.6220045497268,303.17544793168986,302.7754985440151,302.41879098389586,302.1019404274982,301.82160392959565,301.5745290048391,301.35757950145546,301.16777614768137,301.0023073867137,300.8585489511217,300.73407015210597,300.6266353233832,300.53420672481735,300.45493548424156,300.38715572437667,300.32937690371756
0.000878763699237495,334.42853824754985,334.3544006878785,334.1329700292058,333.76719259321493,333.2619062235581,332.6237302310239,331.8609160216828,330.98316432984745,330.00141429852397,328.9276110838981,327.77445855129986,326.5551643037519,325.2831865798842,323.97198459374636,322.6347847381425,321.2843661752257,319.93286342084116,318.5916065227886,317.2709798383261,315.98031856709775,314.72783325489524,313.520565717232,312.36437360364806,311.26394161734817,310.22281747752646,309.2434658703627,308.3273410295285,307.474976180333,306.6860733142932,305.95960491352224,305.29392507517696,304.68686616215336,304.1358382430626,303.6379335153032,303.19001352334453,302.78878079307566,302.4308696230805,302.1128942937114,301.83151043765713,301.5834636867602,301.36561559124743,301.17498425208703,301.0087551976305,300.8643010294179,300.7391877631327,300.63117632679814,300.53822551507415,300.45848297382025,300.3902793653075,300.33212075203767
0.000883763699237495,334.4951010048413,334.4208773112347,334.1991889010635,333.8329840394161,333.3271037833386,332.6881718873759,331.92444537902395,331.04563172398707,330.0626778269524,328.9875375441284,327.8329242782176,326.61205589802046,325.33840151868634,324.02543172194174,322.68638463663757,321.33405139874264,319.9805786181922,318.63730842783366,317.3146371458018,316.0219116929304,314.76735399130024,313.5580167892219,312.39976813229646,311.2973025105982,310.2541767444849,309.27286388319743,308.3548257436544,307.5006023130151,306.7099015113942,305.981700896747,305.31435880503085,304.70571099550455,304.15317013276604,303.653830223602,303.20455389230267,302.80204404016047,302.44293471083114,302.12383933636886,301.8414121775821,301.59239703541243,301.3736532149385,301.1821962426652,301.0152087842878,300.87006036117117,300.744313742505,300.6357264973715,300.5422539993494,300.4620404535818,300.3934131001105,300.3348746404997
0.000888763699237495,334.56119280867273,334.48688392996166,334.26494060437255,333.89831300934276,333.39184536415905,332.75216579677874,331.9875368678088,331.1076726695918,330.12352774908436,329.04706453045833,327.8910058112508,326.66857957530544,325.3932656577364,324.0785458479329,322.737669849654,321.38344061273267,320.02801668452315,318.68275213157153,317.3580550886508,316.06328406225714,314.8066722253225,313.5952831447081,312.43499515994927,311.33051245853187,310.2854008856458,309.3021417904995,308.3822045232763,307.52613579590076,306.73364943235225,306.0037280535163,305.3347342321046,304.72450713188675,304.1704620306133,303.66969476973645,303.21906908554007,302.8152882929011,302.4549862233998,302.13477550747064,301.8513090834174,301.6013289723815,301.3816922863693,301.1894120294947,301.02166805630236,300.8758268582071,300.74944800635797,300.6402857571388,300.5462921067213,300.4656078603998,300.3965568738764,300.33763852255686
0.0008937636992374951,334.6268187132467,334.55242558574776,334.330230143444,333.9631844455554,333.4561358232605,332.8157167086895,332.05019510862724,331.1692916389306,330.18396837126147,329.10619616772453,327.94870708032454,326.72473905948834,325.447782506076,324.13133025948235,322.78864343957434,321.4325366523799,320.0751802281924,318.7279400179771,317.4012358308271,316.1044376251208,314.8457897007616,313.6323663302676,312.4700560461221,311.3635726446884,310.3164909203651,309.33130045972996,308.4094780965429,307.55157723050917,306.75731756466575,306.02568676967934,305.35505165259286,304.74325478933383,304.18771408737,303.6855272474111,303.23355914916243,302.8285135584773,302.4670241368998,302.14570275910205,301.8612010894442,301.61025941957405,301.3897327197385,301.1966315230119,301.0281329236193,300.88160043263036,300.7545904710439,300.6448540282849,300.55033976634667,300.4691851311584,300.3997106316433,300.3404123515529
0.0008987636992374951,334.69198369234084,334.6175072400778,334.39506244304454,334.0276032121579,333.5199799409287,332.87882929750197,332.11242464926124,331.2304930340521,330.2440039324884,329.1649365165663,328.00603195452095,326.78053801713315,325.50195551908166,324.1837881944225,322.8393084226258,321.48134231048556,320.12207181890733,318.7728744360294,317.44418150483335,316.1453743035195,314.8847081366147,313.66926787073334,312.5049521314449,311.3964842363681,310.34744785418695,309.36034074674296,308.43664718197766,307.57692721049733,306.7809063895211,306.0475774261202,305.3753113588805,304.7619541830463,304.2049264517796,303.7013277489705,303.24802412844383,302.8417198436468,302.4790484273297,302.15662104345256,301.8710881301929,301.61918829923036,301.39777442961486,301.20385463402084,301.03460329652137,300.88738099683394,300.7597410531415,300.6494312331513,300.5543969074691,300.47277220275987,300.40287431840363,300.3431960807291
0.0009037636992374951,334.75669264103266,334.682133775952,334.4594423501012,334.0915740964782,333.58338242214023,332.94150816415083,332.17422996623935,331.2912811882811,330.3036386058652,329.2232895747884,328.06298424336774,326.83598005869726,325.5557880995956,324.23592284170525,322.8896677698479,321.5298603383551,320.1686939885317,318.81755770044015,317.4868942123753,316.18609599198874,314.9234292275913,313.70598926964624,312.5396847380549,311.4292483849717,310.37827267913417,309.3892634960315,308.4637124886851,307.602186321832,306.80441638193435,306.06940039887405,305.3955136396362,304.7806055254664,304.2220992706234,303.7170963654468,303.2624640678637,302.85490715477476,302.4910590705965,302.1675303128346,301.88097014045815,301.62811553393726,301.40581733094734,301.21108127370326,301.04107908563833,300.89316846350744,300.7648996694635,300.65401729424525,300.558463459427,300.4763690121329,300.4060478791123,300.345989663232
0.0009087636992374951,334.8209503773771,334.74630999955934,334.52337463535963,334.155101810703,333.6463478981656,333.0037578376725,332.23561546634807,331.35166036767464,330.3628764999809,329.2812592786871,328.1195676980925,326.8910687397102,325.60928359902647,324.2877373424236,322.9397244080347,321.57809344666083,320.2150492318698,318.8619920923635,317.5293760249976,316.2266045581679,314.96195464461414,313.74253200969366,312.5742551699792,311.46186622632956,310.40896637399015,309.4180695409666,308.4906747165526,307.6273551429563,306.82784801088917,306.0911560592392,305.41565877990337,304.79920902635,304.2392326887782,303.73283318660464,303.2768790111425,302.86807549786175,302.50305604253714,302.1784305197002,301.89084705531326,301.6370410466397,301.4138613390759,301.21831135362754,301.0475602019553,300.8989627456456,300.7700662370652,300.6586121342474,300.56253935166137,300.47997549623966,300.40923125869324,300.3487930521196
0.0009137636992374951,334.88476164403846,334.8100406419044,334.58686399499754,334.2181909934679,333.7088809281265,333.0655827767236,332.2965854881028,331.41163477243776,330.42172166026916,329.3388495043399,328.1757860128419,326.9458075619201,325.66244531842074,324.33923479080545,322.9894812206508,321.62604430628096,320.2611400074309,318.90617986008544,317.57162898470267,316.26690184335155,315.0002860353058,313.77889755313686,312.60866471350556,311.49433888102226,310.4395299045727,309.4467597040293,308.5175345564442,307.6524342449523,306.85120173947024,306.11284477388597,305.435747061188,304.8177648928382,304.2563268492717,303.74853830098516,303.29126900127585,302.88122487857,302.51503931893984,302.1893216166585,301.90071881012346,301.64596476065225,301.42190636974084,301.22554478575756,301.054046556821,300.9047637565559,300.77524067325174,300.66321567601926,300.56662451372307,300.48359159208337,300.4124244020474,300.3516062003688
0.0009187636992374951,334.9481311098792,334.8733303603917,334.64991505219496,334.2808462114053,333.7709860005137,333.126987371059,332.35714430317955,331.4712085383022,330.4801780703275,329.3960640688612,328.2316428258697,327.0001999744094,325.71527650950424,324.3904182351808,323.0389410487238,321.6737155491171,320.3069687381717,318.95012321969546,317.6136551045533,316.3069896630251,315.0384250244627,313.81508734222615,312.64291463754364,311.5266674546921,310.46996422400025,309.47533479703645,308.544292690391,307.67742419169883,306.87447802499275,306.1344669049626,305.45577876154397,304.8362733295239,304.27338189333653,303.76421179594837,303.30563408056764,302.8943553022494,302.52700887556375,302.2002035564909,301.9105853405589,301.6548865996694,301.42995233909244,301.2327814824613,301.06053806195587,300.91057140986663,300.780422895586,300.66782784261056,300.57071887528036,300.4872172367151,300.41562725405885,300.3544290608816
0.0009237636992374951,335.01106337150514,334.9361837403668,334.71253235866226,334.3430719606504,333.83266753466245,333.1879759429696,332.41729611780795,331.5303857378683,330.5382496532021,329.4529067316239,328.28714172069186,327.05424937468126,325.76778037569693,324.44129067892345,323.0881066917116,321.7211097688887,320.3525378122198,318.99382435573966,317.6554563692582,316.3468698073873,315.07637321451637,313.85110279960526,312.67700619397704,311.5588530383461,310.50027027295107,309.50379562136015,308.57094979177435,307.7023255400232,306.8976773191282,306.156022810197,305.4757541556547,304.8547345385185,304.29039796046203,303.77985375771317,303.3199742906614,302.90746677396226,302.53896468815856,302.2110762921667,301.92044658260687,301.6638064877763,301.4379991636997,301.2400213565186,301.0670346294593,300.9163856195334,300.78561282189554,300.67244855726625,300.5748223661256,300.4908523672412,300.4188397596021,300.3572615864919
0.0009287636992374951,335.07356295477064,334.99860529661663,334.7747203961277,334.40487266830786,333.8939298821898,333.2485527486829,332.4770450741274,331.5891703819102,330.5959402726372,329.50938119544935,328.3422862272115,327.1079591097168,325.8199600731006,324.4918550813675,323.13698090834805,321.7682295219077,320.3978495835784,319.0372854218574,317.69703473574276,316.38654404185735,315.11413218598176,313.88694532870466,312.71094061800466,311.5908967086509,310.53044897991515,309.53214296814053,308.5975065255051,307.72713883985045,306.92080006802615,306.1775128429963,305.4956735149141,304.8731487195149,304.3073751884443,303.7954642713971,303.3342896725708,302.92055929850625,302.5509067324824,302.2219397768571,301.9303024725829,301.67272434945784,301.4460467605585,301.2472643211288,301.0735361718167,300.92220629984695,300.79081037027936,300.67707774343364,300.5789349161824,300.49449692082976,300.4220618635483,300.36010372997174
0.0009337636992374952,335.1356343162432,335.0605994748304,334.8364835777855,334.46625269387886,333.9547773283934,333.30872197972604,332.53639525150766,331.6475664206484,330.653253734293,329.5654911077652,328.3970798228148,327.16133247700463,325.87181871146055,324.54211435869956,323.18556641746596,321.81507732783183,320.44290637281114,319.0805085413999,317.7383921337046,316.4260141075703,315.15170349789446,313.922616314124,312.74471912847355,311.62279952821916,310.56050126143873,309.56037761849336,308.6239635481971,307.7518646343474,306.9438467124329,306.19893735254306,305.5155371075027,304.8915160698489,304.3243137134345,303.81104342105414,303.34858026670895,302.9336328804375,302.5628349843198,302.23279396394923,301.9401529471426,301.68164010960834,301.4540950470998,301.2545102899181,301.08004260190705,300.9280333654391,300.79601545911476,300.68171532476896,300.58305645551195,300.498150834717,300.42529351077206,300.3629554440373
0.0009387636992374952,335.1972818446305,335.12217065302184,334.89782624970644,334.5272163306516,334.01521409361425,333.3684877642531,332.5953506678346,331.7055777449871,330.71019378693074,329.6212400617335,328.4515259334373,327.2143727255438,325.92335935510187,324.5920713848284,323.23386589879794,321.8616556703988,320.48771046771026,319.1234958080343,317.77953046615426,316.4652817218576,315.1890886882356,313.9581171220053,312.77834292820313,311.6545625458889,310.59042802236286,309.5885003437114,308.6503215083361,307.77650346006254,306.96681768780627,306.22029668388814,305.5353451984636,304.9098367845593,304.34121366998585,303.8265912897103,303.3628461129164,302.9466875240919,302.5747494194977,302.243638807059,301.9499979432915,301.69055369353987,301.4621439411972,301.26175917694616,301.0865538330085,300.9338667312896,300.80122800706334,300.68636122514334,300.58718691431983,300.5018140462141,300.4285346461573,300.36581668135545
0.0009437636992374952,335.2585098621689,335.1833231429148,334.95875269221074,334.5877678070549,334.0752443345629,333.42785416833783,332.6539152807626,331.7632081877209,330.766764123567,329.67663159734946,328.5056279346027,327.2670830568198,325.97458502384166,324.64172899223115,323.2818819937576,321.90796699814126,320.5322641239469,319.16624928633,317.82045160994204,316.50434857871653,315.2262892743461,313.99344910039565,312.8118132043,311.686186796995,310.62023015605536,309.6165119054611,308.6765810464442,307.8010558470621,306.989713424427,306.24159117804174,305.5550980497741,304.9281110564447,304.35807519109846,303.8421079593993,303.37708725048816,302.9597232336062,302.5866500139021,302.2544742600438,301.9598373983952,301.69946502699037,301.4701933611737,301.2690108967129,301.09306977880493,300.93970631273197,300.8064479330777,300.69101536864963,300.59132622296164,300.50548649271315,300.4317852146037,300.3686873945493
0.0009487636992374952,335.31932262597746,335.2440611912922,335.0192671212063,334.6479112879766,334.13487214561235,333.48682519723326,332.7120929889346,331.8204615247092,330.82296838259873,329.7316692025111,328.5593891524356,327.3194666257563,326.02549869387786,324.69108997277806,323.3296173061995,321.954013725083,320.5765695657044,319.20877101233174,317.861157416271,316.54321634926674,315.26330675333014,314.0286135796,312.8451311284652,311.7176733036336,310.6499085446363,309.64441305597234,308.7027427952392,307.8255223190626,307.01253434750777,306.2628211720611,305.5747959204168,304.9463390761198,304.3748984082631,303.8575935111964,303.39130371819977,302.9727400129373,302.59853674349307,302.265300277014,301.9696712501887,301.7083740361318,301.4782432258089,301.27626536416454,301.0995903533921,300.9455520254595,300.8116751564066,300.69567767960774,300.5954743119496,300.5091681116929,300.4350451610325,300.3715675362041
0.0009537636992374952,335.37972432937556,335.3043889813107,335.07937368949155,334.7076508760491,334.19410156005677,333.5454047965982,332.76988763316996,331.87734147602055,330.8788101488985,329.78635631406223,328.61281286464686,327.37152654164225,326.07610329865486,324.74015707853613,323.3770744031602,321.99979823141774,320.6206289862958,319.25106299411675,317.9016497111972,316.581886682195,315.3001426024478,314.06361187252617,312.8782978572929,311.74902307491953,310.6794640591977,309.67220453822483,308.72880737979,307.84990339355915,307.03528087729774,306.2839869991353,305.5944390664475,304.96452103206866,304.3916834515032,303.8730480252505,303.405495554332,302.98573786588213,302.610409584319,302.27611681234424,301.9794994367852,301.7172806475773,301.48629345434506,301.28352249469924,301.1061154712829,300.9514037855306,300.81690959660136,300.700348082571,300.5996311119581,300.5128588407251,300.43831443039267,300.37445705887325
0.0009587636992374952,335.43971910316765,335.36431063378143,335.13907648802535,334.7669906128997,334.25293655133834,333.6035968536927,332.82730299762295,331.93385170704835,330.9342929548823,329.8406963188082,328.66590230149524,327.42326586903454,326.1264017297071,324.7889330225521,323.4242558155801,322.0453228641704,320.664444548765,319.29312721233794,317.94193029611637,316.62036120418884,315.336798279498,314.09844527501934,312.91131453256213,311.780237107237,310.70889756001725,309.6998870861286,308.7547754176678,307.8741995819505,307.0579534291852,306.30508898866873,305.61402774106114,304.9826571106977,304.4084304494157,303.88847158081586,303.419662796695,302.9987167960948,302.6222685125307,302.2869238206843,301.9893218966849,301.7261847883879,301.4943439664932,301.29078220417296,301.1126450474128,300.9572615093744,300.82215117352047,300.70502650233107,300.6037965538292,300.51655861748,300.44159296766594,300.3773559150834
0.0009637636992374952,335.49931101689486,335.4238302084182,335.19837954716456,334.8259344803717,334.31138103424297,333.66140519854287,332.88434281091133,331.9899958295972,330.98942028155034,329.8946925545062,328.7186606467234,327.47468762863866,326.17639683748155,324.83742047961556,323.4711640390078,322.0905899378415,320.7080183864736,319.33496562075345,317.982000948239,316.65864152035897,315.3732752231914,314.1331150661894,312.9441822815196,311.81131638448363,310.73820989676665,309.7274614246997,308.78064751909295,307.8984113896607,307.0805524137971,306.32612746636056,305.6335621946563,305.00074749638554,304.42513952921024,303.90386425628236,303.43380548265145,303.01167680710495,302.6341135043948,302.2977212569691,301.9991385687824,301.7350863860794,301.50239468243876,301.29804440890433,301.11917899714496,300.9631251137956,300.82739980733555,300.7097128639237,300.6079705685785,300.5202673797321,300.4448807178729,300.3802640573401
0.0009687636992374953,335.5585040800549,335.4829517050537,335.2572868378698,334.88448640171225,334.3694388660649,333.71883360507644,332.94101074721567,332.0457774029426,331.04419555950057,329.9483483108305,328.7710910384709,327.52579479816694,326.22609143213924,324.88562208700307,323.517801534285,322.1356017350355,320.75135260367153,319.3765801467432,318.0218634210528,316.696729214651,315.40957485351385,314.16762250872864,312.976902217157,311.8422618783084,310.7674019087144,309.75492827023135,308.806424287078,307.92253931625726,307.10307823709525,306.34710275428375,305.65304267489705,305.01879237153236,304.44181081674736,303.91922612920456,303.44792364913854,303.02461790233406,302.64594453630593,302.3085090764281,302.00894939237475,301.74398536862833,301.51044552284696,301.3053090256799,301.1257172362749,300.9689945159795,300.83265541853586,300.7144070926339,300.6121530874002,300.5239850653651,300.448177626078,300.3831814381333
0.0009737636992374953,335.61730224329125,335.5416790648255,335.31580227288117,334.942650242732,334.4271138477434,333.77588579222953,332.99731042735243,332.1011999348633,331.0986221699177,330.00166683031273,328.82319657016416,327.57659031317485,326.27548828433663,324.93354044520333,323.564170728216,322.1803605070732,320.7944492760549,319.4179726918112,318.061519444774,316.73462585024686,315.4456985720807,314.20196884922217,313.0094754384793,311.8730745483433,310.7964744249231,309.7822883304608,308.83210631756697,307.94658385556625,307.1255313004707,306.36801517095955,305.67246942677326,305.03679191660683,304.45844443657506,303.9345572763298,303.4620173326893,303.03754008511146,302.6577615847992,302.3192872345948,302.0187543071681,301.7528816644776,301.51849640886775,301.31257597175846,301.1322596810352,300.97486963349627,300.83791792793306,300.7191091140005,300.6163440416721,300.52771161237746,300.45148363739526,300.3861080099422
0.0009787636992374953,335.6757093995524,335.6000161713317,335.37392970786453,335.0004298129343,334.48440972496917,333.8325654250256,333.05324541981867,332.1562668826483,331.15270344553755,330.05465130926007,328.87498029138425,327.6270770678766,326.32459012598747,324.9811781186244,323.6102740142198,322.22486847458924,320.83731045130867,319.45914513207674,318.1009707267869,316.77233296995587,315.48164776248257,314.2361553184507,313.04190303076814,311.9037553424291,310.82542826444205,309.8095423047315,308.8576941995707,307.9705454957838,307.1479120008345,306.38886503143226,305.69184269265935,305.0547463101926,304.47504051196444,303.9498577736255,303.476086569453,303.05044335868973,302.66956462656094,302.3300556873152,302.02855325328466,301.76177520254225,301.52654726214064,301.3198451648758,301.1388062480995,300.98075038430585,300.8431872566661,300.7238188538214,300.62054336296086,300.5314469588875,300.4547986969931,300.38904372524047
0.0009837636992374953,335.7337293852222,335.6579668517585,335.4316729425288,335.0578288666174,334.54133018926484,333.8888761156279,333.1088192418117,332.21098165407886,331.20644267158616,330.1073048986491,328.9264452087129,327.6772579159409,326.37339965100625,325.0285376362834,323.6561137529657,322.26912782811416,320.879938149637,319.50009931875275,318.14021895207344,316.8098520965967,315.51742379062165,314.27018313168475,313.07418606583724,311.9343051968357,310.8542642364945,309.8366908841512,308.88318851529897,307.9944247195854,307.1702207307069,306.40965264733984,305.7111627123709,305.07265572903253,304.4915991649439,303.9651276963051,303.49013139521503,303.0633277262592,302.6813536384404,302.34081439075567,302.038346171269,301.77066591221427,301.5345980047988,301.32711652324826,301.1453568545871,300.9866366867617,300.8484633262053,300.728536238158,300.6247509830266,300.53519104313807,300.45812275009945,300.39198853650146
0.0009887636992374953,335.79136598122255,335.71553487797917,335.48903572171577,335.1148511039482,334.5978788790377,333.9448214243651,333.16403536022347,332.2653476083855,331.2598430866973,330.1596307049987,328.97759428655775,327.7271356712667,326.42191951603274,325.07562149247923,323.7016922729938,322.31314072864296,320.9223343642796,319.5408370786124,318.1792657836307,316.8471847333695,315.55302800504046,314.30405348897267,313.1063256022821,311.9647250364761,310.8829831406607,309.8637347517462,308.9085898402891,308.0182220042318,307.1924578783035,306.4303783269836,305.7304297232196,305.09052034807127,304.5081205163326,303.9803671188534,303.50415184541566,303.0761931909623,302.69312859745963,302.35156330141115,302.04813300209355,301.7795537233674,301.5426485594735,301.334389965577,301.151911418066,300.9925284596148,300.8537460583567,300.7332611933394,300.62896683382763,300.5389438035017,300.4614557420063,300.3949423962026
0.0009937636992374953,335.848622914088,335.77272396762623,335.5460217364633,335.1715001720105,334.6540593806066,334.0004048607328,333.21889719260963,332.31936805718226,331.3129078838063,330.211631791221,329.0284304479579,327.77671310874007,326.4701523411387,325.122432147449,323.7470118713202,322.3569093081891,320.96450106201587,319.5813602144445,318.2181128628794,316.8843323642184,315.5884617372422,314.3377675754208,313.1383226857229,311.995015775116,310.9115857670556,309.89067458261127,308.93389874353056,308.0419378216718,307.2146238276191,306.451042375396,305.74964396006715,305.10834034049793,304.52460468577226,303.99557611505094,303.51814795516805,303.0890397559063,302.7048894808232,302.3623023761119,302.05791368716484,301.7884385663618,301.55069884929776,301.3416654110515,301.1584698565572,300.9984256220177,300.859035375266,300.73799364596704,300.63319084752493,300.54270517848516,300.464797618075,300.3979052568307
0.0009987636992374953,335.90550385701505,335.8295377851372,335.60263462504184,335.22777966582726,334.70987522920404,334.05562988436935,333.2734081081361,332.37304626537787,331.36564021102254,330.2633111774516,329.07895657536847,327.82599296497216,326.5181007105184,325.16897202800794,323.7920748140273,322.4004356703251,321.00644018365693,319.62167050549743,318.2567618100622,316.9212964541865,315.6237263020032,314.3713265614669,313.1701783490422,312.0251783155777,310.94007289650284,309.91751104405574,308.95911578758745,308.065572638643,307.2367189585096,306.4716450944056,305.7688056553766,305.1261158777859,304.5410517917583,304.01075475799723,303.5321197592759,303.1018674241769,302.7166362659281,302.3730315720311,302.0676881683279,301.7973203720477,301.55874879791014,301.3489427793528,301.1650320885377,301.0043280935279,300.8643311994224,300.74273352291857,300.6374229564863,300.54647510673374,300.4681483237406,300.40087707088605
0.0010037636992374953,335.96201243088495,335.8859799427746,335.65887797396636,335.28369312935735,334.7653299099535,334.11049990600867,333.3275714285014,332.4263854520645,331.41804317248085,330.3146718418599,329.1291755114279,327.87497793902025,326.56576717316096,325.2152435281745,323.8368833368398,322.44372189071066,321.0481536445254,319.66176970791264,318.295214224632,316.95807844976076,315.65882299767793,314.4047316031473,313.20189361261606,312.0552135499386,310.9684453007035,309.9442447957465,308.984241528717,308.0891269167696,307.2587436467713,306.4921867827014,305.78791503926305,305.1438471297322,304.55746195167023,304.0259031201335,303.5460672922501,303.11467619884985,302.7283689303719,302.38375084669053,302.07745638787173,301.80619907176975,301.5667983294576,301.35622199065676,301.17159803294396,301.01023579411105,300.8696334536623,300.74748075135193,300.64166309329113,300.5502535270359,300.4715078045161,300.4038577908871
0.0010087636992374954,336.0181522052622,335.9420540016222,335.714755318983,335.33924405646906,334.82042685882334,334.16501828840956,333.38139042883756,332.47938879138525,331.4701198291714,330.3657167214389,329.1790900597049,327.92367069309074,326.61315424350767,325.2612490097799,323.88143964568724,322.48677001760717,321.08964333492395,319.70165955514756,318.3334716856311,316.9946797792095,315.6937531064963,314.4379838423567,313.23346948453997,312.0851223597258,310.99670374240156,309.97087648984655,309.00927651698515,308.11260111265716,307.2806982642185,306.5126677358945,305.80697233954277,305.1615342644955,304.57383528180003,304.0410212732647,303.5599905883248,303.1274660830032,302.7400874519618,302.3944601579671,302.0872182885336,301.81507459737037,301.5748473685991,301.3635029656368,301.17816760917447,301.01614864414444,300.87494206117253,300.7522352587088,300.6459111907335,300.5540403783275,300.4748760059975,300.4068473693753
0.0010137636992374954,336.0329358912167,335.95687882228583,335.7297025455105,335.3543912539168,334.83584566013656,334.18077226894854,333.3975332633207,332.49596268125475,331.4871543286811,330.38322787330367,329.19707996571293,327.94212754441054,326.63205253238596,325.2805503463562,323.90109381684624,322.5067161536438,321.10981163921036,319.72197286570645,318.35384739761923,317.0150317074019,315.71399331768635,314.4580246407593,313.2532248853401,312.1045099842807,311.0156458890932,309.98930144222214,309.02711975897097,308.12980570756497,307.29721564143773,306.5284579266202,305.822004086428,305.17578479384076,304.5872904123403,304.05367454654646,303.5718430112585,303.1385255646937,302.7503679421944,302.4039810193993,302.09600351837577,301.8231521182615,301.58224821639,301.37026061569395,301.1843173354534,301.0217268699311,300.87998580303463,300.7567816842724,300.6499971211648,300.55770195692185,300.47814839435415,300.40976449961727
0.0010187636992374954,335.9902442538685,335.9143766593041,335.68776570969027,335.31338501969253,334.79611816590585,334.14264830746083,333.3613087645701,332.4618999167023,331.4554780778535,330.3541224655502,329.1706873915569,327.91854670234534,326.6113391849862,325.26271839226854,323.8861173395614,322.49453195508966,321.10032297740935,319.7150531789574,318.34934477890107,317.01277346158145,315.7137905862161,314.45967727716607,313.2565256185408,312.1092491200403,311.02161475640753,309.9962960569423,309.0349442067865,308.13827416389313,307.3061548159108,306.5377085177784,305.83142188514347,305.185241112703,304.59667287749494,304.0628862821643,303.580802579849,303.1471663656612,302.7586370405742,302.41183824804614,302.10342028891023,301.83011024301857,301.5887385841447,301.37628198713,301.1898751938447,301.0268322326325,300.88465416111916,300.7610321175297,300.6538513156304,300.56118349183504,300.48128206953,300.412575752566
0.0010237636992374954,335.91765763446443,335.8420560625493,335.61623887124676,335.2431656485259,334.7276970947807,334.07648520306105,333.29782471703845,332.401471007483,331.39843015194594,330.3007271242472,329.1211593415359,327.873042534705,326.5699573035554,325.22550041187174,323.853050616097,322.4655529160338,321.07532173710206,319.6938784799953,318.3318096869707,316.9986613142834,315.702861090679,314.4516727195034,313.2511766233931,312.1062805161355,311.02075052996383,309.9972641344513,309.0374807588325,308.1421267934985,307.3110856534552,306.54349636797394,305.83786385124483,305.19215348135407,304.6038919850734,304.0702681239956,303.5882226407535,303.15451896591446,302.7658341645185,302.41880842899724,302.11010724556223,301.8364714201796,301.5947436409804,301.3819112913276,301.1951183911598,301.031686814565,300.88912414279685,300.7651268852301,300.65758444518167,300.5645718132414,300.4843448000437,300.4153337453679
0.0010287636992374954,335.8229281948125,335.74764892364124,335.5227934277251,335.151304747484,334.6380165212719,333.98954386670835,333.21413585626294,332.3214945563755,331.3225664997983,330.22931232555965,329.05446190946947,327.8112618848305,326.5132236226122,325.17387616886884,323.8065334306175,322.424079449135,321.0387729624022,319.6620854741603,318.3045602390148,316.9757068777085,315.68392393362404,314.4364531573499,313.2393598704926,312.09754349233305,311.01476782907673,309.99371365711767,309.03604875951964,308.14251183161736,307.31300223279015,306.5466775876843,305.84206341620586,305.19714690651506,304.60947760092574,304.0762668960745,303.59447799580204,303.1608961184017,302.7722189096712,302.42510590182417,302.11624042034276,301.8423794712611,301.6003802679488,301.3872430097635,301.20012290194893,301.0363513843016,300.893444092237,300.76910424830174,300.661226629833,300.56789050579897,300.4873549556835,300.41805270998833
0.0010337636992374954,335.71041552457086,335.6355033996089,335.4117434232903,335.0420600893952,334.5312566663415,333.88590687992655,333.1142085172038,332.2258037728027,331.2315722639869,330.1434022997732,328.9739477756114,327.7363775203339,326.4441249096411,325.1106425935447,323.74917121081916,322.372525859267,320.992902121248,319.62171479623197,318.2694577666382,316.9455990217766,315.6585034498707,314.41538719635275,313.2222976809832,312.08412398920444,311.0046263518867,309.98648828529224,309.0313859634667,308.1400710171317,307.31245982886134,306.5477301023499,305.8444297598253,305.2005698526529,304.613724923498,304.0811313434488,303.5997771320448,303.16647164368794,302.7779354225409,302.43084956835673,302.121917367045,301.84791401015684,301.60571308998203,301.39232931838256,301.20493062600264,301.04085940831544,300.89764059496156,300.77298521329107,300.66479437824586,300.5711524731318,300.4903225679642,300.4207404030612
0.0010387636992374954,335.58306519607413,335.50855732289176,335.2860035976984,334.91830832290435,334.4102416829557,333.7683323043009,333.0007220781488,332.1169879314433,331.1279365081757,330.0453772132149,328.8818810188918,327.65053178295585,326.3646776624022,325.037687756408,323.68272248728664,322.3125214098757,320.9392107720182,319.57414302569134,318.2277576281514,316.9094765278464,315.6276272231047,314.38939719249055,313.2008135872808,312.0667534243262,310.9909722701391,309.9761558579747,309.02398873428126,308.13523593384696,307.30983170909803,306.5469750283357,305.84523766530646,305.2026562003412,304.6168319618763,304.08502820780257,303.6042597084787,303.17136189122306,302.7830801121393,302.4361188843345,302.1272032151732,301.85312813538513,301.61078516183306,301.3972049376374,301.20956941028123,301.0452330984826,300.9017312703601,300.77678368019383,300.66829859569026,300.5743662237205,300.49325423878776,300.4234019189503
0.0010437636992374954,335.4430588875297,335.36898663158877,335.1477327633462,334.7821800130317,334.2770632070665,333.6388627652994,332.8756608176582,331.99696449713525,331.0135023909794,329.9369994805054,328.77993798252305,327.55531075949654,326.2763746717046,324.95640924263313,323.60848882073816,322.245271846377,320.8788100097476,319.52038863582624,318.1803884682449,316.8681816621594,315.5920551365042,314.35916507785555,313.1755163247522,312.04597231450174,310.9742829795233,309.9631357793761,309.0142235708003,308.1283251417849,307.3053932878695,306.544649205522,305.8446897107714,305.20357829143575,304.618944548748,304.088080224083,303.6080284620057,303.17565239321806,302.787723800003,302.4409721709885,302.13214572895504,301.85806075096457,301.6156279960545,301.4018952514736,301.2140595885233,301.04948865211543,300.90572894817893,300.78050975438356,300.6717471967178,300.57753792115835,300.49615474102677,300.42604093275014
0.0010487636992374955,335.2921048852662,335.2184951141106,334.99862128907273,334.63534339495226,334.13335897057766,333.4990975923164,332.7405783472537,331.86723472985193,330.88971295083786,329.8196488752675,328.6694310023056,327.45195607010294,326.18038446221317,324.8679009869737,323.52748891638714,322.171720810667,320.8125693280226,319.46124856395073,318.12807685900515,316.82237333742273,315.55238157669186,314.32522418795725,313.1468819057318,312.0222032515004,310.95493164767765,309.94775581458583,309.00237682224497,308.1195874675822,307.2993596261909,306.54093751194085,305.8429439710695,305.2034705522997,304.6201763818538,304.0903830342876,303.61116340704774,303.1794097240326,302.7919215733737,302.44545475881307,302.1367820030939,301.86274204326696,301.62026601948634,301.4064199145907,301.21841688601774,301.0536385788713,300.90964352271885,300.78417121656594,300.6751462644316,300.58067229362814,300.4990277283309,300.4286602513665
0.0010537636992374955,335.13159147780095,335.0584674026163,334.8400428981791,334.47915419978534,333.98045990892484,333.35033650378426,332.59673722154884,331.7290186277169,330.75774085747435,329.69444663886657,328.5514264986884,327.3414766493059,326.07765654765944,324.7730518671481,323.44055049555203,322.09263500258703,320.7411951487888,319.39737024825183,318.0714130360643,316.77258678660127,315.509089321638,314.28800767122493,313.1152968806417,311.9957893611749,310.93322122603064,309.9302820113979,308.98868087501467,308.1092248029028,307.2919051767636,306.53598987533036,305.84012859800094,305.20244192485654,304.62061956789694,304.0920140839469,303.6137293027947,303.18268773531975,302.79571796438415,302.44960326722907,302.14114198067136,301.8671963578089,301.62471891350765,301.4107947462821,301.2226539442454,301.0576929217783,300.91348292557564,300.78777429373554,300.67850065833704,300.5837731106526,300.50187610710987,300.43126210224153
0.0010587636992374955,334.96267718858456,334.8900589697341,334.67314396095367,334.31474378536024,333.819476690649,333.19366412075476,332.44519105157633,331.5833342914166,330.618564718651,329.5623284640035,328.4268144172205,327.2247144702547,325.9689833127099,324.67260366361234,323.3483642984331,322.0086542329742,320.66527697230197,319.3292939567667,318.01088952023343,316.71926861792684,315.4625811922244,314.247876918465,313.0810837399635,311.9670168820553,310.90940441405894,309.91093626072654,308.97332951826974,308.0974054793067,307.28317536531955,306.52993124918027,305.8363503688085,305.20058315351207,304.6203508018951,304.09303783484984,303.61578002754106,303.18553120776437,302.79914998266133,302.4534481099049,302.14525051205857,301.8714438825356,301.62900298304885,301.41503283803814,301.2267812123388,301.0616599709941,300.91725369412706,300.7913241096244,300.68181436940097,300.5868434615063,300.5047022537105,300.4338483018789
0.0010637636992374955,334.7863480677525,334.7142532702245,334.49890018855825,334.14307509140974,333.6513546544948,333.0300036221895,332.2868366340072,331.43104830575146,330.4730175178694,329.42409081990786,328.2963523015608,327.10238625570565,325.8550392819666,324.56718783613513,323.2515183463343,321.9203231764261,320.5853166503478,319.2574796335431,317.94692560909715,316.66279904161775,315.4132001180453,314.20513958319356,313.0445170129783,311.9361294723366,310.88369630748684,309.88990741987885,308.9564876751176,308.0842727370767,307.2732939223682,306.5228679269489,305.8317000957217,305.19797139540714,304.61943527584873,304.0935090615616,303.61736134440144,303.18797815940627,302.8022490318485,302.45701507768547,302.14912865549303,301.87550171086946,301.63313202096106,301.4191452527024,301.23080750966665,301.0655467141394,300.9209613301265,300.79482496876943,300.6850907439105,300.58988593070694,300.5075081512751,300.4364203620193
0.0010687636992374955,334.6034562095701,334.53190015736425,334.3181547479141,333.96498025710576,333.4769107414861,332.8601528140486,332.12244899283735,331.27290960478945,330.3218191709908,329.2804220869863,328.16069491224414,326.9751115070984,325.7364075056829,324.45735023236796,323.15052095850734,321.8281126999084,320.50174804692944,319.1823249269278,317.8798838218789,316.6035067918559,315.3612426066255,314.16006167592536,313.0058340706194,311.9033378087578,310.8562828827468,309.8673587727269,308.93829792790416,308.0699504029297,307.26236779760455,306.5148917735651,305.8262562504309,305.1946733087027,304.61792929648067,304.093475058705,303.618512752767,303.1900613905541,302.80504219200316,302.46032639753196,302.1527945469326,301.8793845525339,301.63711788585556,301.4231414917557,301.23474040175256,301.0693591371404,300.92461053920397,300.79828054619406,300.6883326329163,300.59290271514345,300.51029548106595,300.4389795604732
0.0010737636992374955,334.4147468278327,334.343742887197,334.13164505369184,333.78118706292116,333.29685945424717,332.6848094811113,331.9527060079942,331.10957327232126,330.1655994056822,329.1319244354754,328.02041503852604,326.8434321977372,325.6135980966186,324.3435684447168,323.0458169189068,321.732434841982,320.41495084440464,319.1041778477452,317.8100814442568,316.5416796009631,315.30696819642094,314.11287605086477,312.9652427046901,311.8688263199524,310.82732694752644,309.8434332609079,308.9188850929838,308.05454686977987,307.25049060394474,306.5060831902709,305.82008750307415,305.1907472154984,304.6158821182001,304.09297718617535,303.61926878413635,303.19180956482313,302.80755311673806,302.46340147316585,302.15626400830985,301.88310523048943,301.6409709059785,301.4270298218455,301.238586462899,301.0731024343564,300.92820539811254,300.80169401983545,300.69154249654486,300.5958957058143,300.5130656861812,300.4415269905301
0.0010787636992374955,334.22087798113085,334.15043779188204,333.94002228678266,333.5923381936384,333.1118317679444,332.50458985469305,331.7782063554246,330.94161787778967,330.0049144254814,328.9791297594918,327.8760186543187,326.7078271128566,325.4870617268455,324.22626444671914,322.93779924483965,321.6336537157174,320.3252605912912,319.02334598042614,317.7377989281445,316.4775718190834,315.2506063325637,314.06378857779663,312.9229266388743,311.8327580815529,310.7969724659964,309.81825728547324,308.89835954467947,308.03815798780226,307.23774511890684,306.4965132675171,305.81325456550957,305.1862446717464,304.6133372732304,304.0920519902088,303.6196599420425,303.1932479930852,302.80980268366443,302.46625742192754,302.1595509883284,301.8866750409766,301.64470017176143,301.4308175112573,301.24235146633794,301.0767811606864,300.9317494757684,300.80506816636586,300.69472247946004,300.59886654694645,300.51582001763023,300.4440635966819
0.0010837636992374956,334.0224353715256,333.95256903935945,333.7438660375861,333.39900568968966,332.9223893170999,332.32004246644874,331.59948296448573,330.7695584797956,329.840259408582,328.82251162744615,327.7279562841452,326.56872260280704,325.35719974764834,324.105814066833,322.82681800923103,321.5320936810071,320.23297623268667,318.94010338545246,317.66328618525847,316.41141012241195,315.1923615169728,314.0129827642394,312.879049655253,311.79527848088384,310.76534779627457,309.79194355191345,308.8768197023362,308.0208692271504,307.22420515543286,306.4862453948115,305.8058115693435,305.18121164066133,304.61033356557505,304.0907320409366,303.6197134041187,303.1943992188964,302.81180948001133,302.4689094755021,302.1626678914108,301.8901040221408,301.648313754042,301.43451100626646,301.2460405260068,301.0803993449568,300.9352459234615,300.80840543259166,300.6978744670814,300.60181668003025,300.5185595686471,300.44659020122066
0.0010887636992374956,333.8199437230691,333.7506599818299,333.54369556486984,333.2017020582065,332.72903530294707,332.1316587993076,331.41701336365236,330.59385662233706,329.67207811548826,328.6624944675341,327.57663173871885,326.42650084696584,325.22437196602294,323.9825542676972,322.71318711853644,321.4280456223968,320.13836589427933,318.8546959003209,317.5867674197889,316.3433978957456,315.13241726178666,313.9606233030138,312.8337587609251,311.75651802868595,310.73256817390296,309.7645932521765,308.8543539374143,308.0027573360112,307.20993699586546,306.4753364943976,305.79780712173107,305.1756893915533,304.6069058322255,304.0890465736645,303.619453559519,303.19528346653107,302.81359017419106,302.4713712864606,302.1656258292759,301.89340115942855,301.65181887088494,301.4381160659225,301.2496582048841,301.08396057654625,300.93869754376044,300.81170798998085,300.70100012850946,300.6047473774364,300.52128530088083,300.4491075245381
0.0010937636992374956,333.6138757148235,333.5451820651523,333.3399786347009,333.00088899573245,332.5322230559912,331.93988164843216,331.2312278015064,330.4149281810671,329.5007704298031,328.4994607766812,327.42240897025664,326.28150633835133,325.08890274625105,323.85678885698394,322.597189629683,321.3217718731568,320.0416714185176,318.7673452963215,317.50844491742856,316.27371866808414,315.0709391880798,313.90685885238673,312.78718666918513,311.71659456182476,310.6987376570469,309.736297773422,308.8310420666527,307.9838916385194,307.195000514221,306.46383798656376,305.78928513132195,305.16971520282385,304.6030855383854,304.0870219902066,303.6189024289627,303.1959189910833,302.8151598060806,302.4736551676885,302.16843481739284,301.89657454594436,301.6552220177928,301.441637867233,301.2532085995158,301.0874680729598,300.9421068442534,300.81497777718187,300.7041009499918,300.60765976862075,300.5239980648083,300.4516162009439
0.0010987636992374956,333.40465912065594,333.33656194973105,333.13313858492506,332.7969843596756,332.3323628792715,331.7451118031151,331.04251573657007,330.2331496332455,329.326698383715,328.3337568804728,327.26561754943924,326.1340510639768,324.95108588380134,323.7287930487324,322.47908199631615,321.2135101473129,319.9431119864346,318.67825259700214,317.4285020698254,316.20253885456464,315.00807749854556,313.8518242541763,312.73945377876385,311.67561500008253,310.66395067761965,309.7071400603397,308.8069565422695,307.9643350691158,307.179450070385,306.45179655861017,305.78028546606754,305.1633229217289,304.5989012513127,304.08468225789363,303.61807999896985,303.1963223569841,302.8165320178977,302.47577228277225,302.17110393116195,301.8996315099069,301.65852907118006,301.4450810887312,301.25669540715796,301.09092473349494,300.9454760802206,300.8182165337801,300.7071782614893,300.6105548609228,300.5266986159339,300.4541167912181
0.0011037636992374956,333.19268260516634,333.1251872910709,332.9235600598626,332.59036782737616,332.1298276032142,331.5477134704556,330.8512311048518,330.04886314655124,329.1501910481047,328.16569760742544,327.1065571097087,325.98441870811325,324.81118855957794,323.59881716363583,322.35909751310885,321.10347672870915,319.84288705475416,318.5876007689101,317.3471058265851,316.13000997908875,314.9439689815536,313.79564233118674,312.69066977742557,311.6336767692714,310.62829329756056,309.6771957182997,308.7821634155485,307.9441450097904,307.16333523375295,306.4392547870125,305.77084448532975,305.15654341707807,304.5943790234459,304.08204923211855,303.6170044919853,303.196508663043,302.81771924070733,302.47773279976343,302.17364143202474,301.90257871754216,301.6617453718882,301.44844997791154,301.26012197994714,301.09433318253207,300.94880728905116,300.8214258275189,300.7102332580945,300.61343355633267,300.529387627847,300.4566097927276
0.0011087636992374956,332.9783004931693,332.9114114965916,332.711593729329,332.38138555280057,331.9249571564483,331.3480187380778,330.6576966539103,329.86238076587506,328.97154855561496,327.9955701342325,326.9455010030563,325.83286810952006,324.66945459203754,323.46708967199356,322.2374491479032,320.99186909297003,319.74117877040413,318.4955569332867,317.2644087104491,316.05627050072275,314.8787386576902,313.738425363747,312.64093495905087,311.5908689698723,310.59184424028007,309.6465339189017,308.7567231276658,307.92337397708036,307.1467013768864,306.4262516477204,305.76099547622084,305.14940495037445,304.5895427064346,304.07914292065294,303.6156925876861,303.1964917267794,302.81873284715294,302.4795460170695,302.17605487069073,301.9054222572882,301.6648757935183,301.45174840639544,301.2634913692061,301.097695804935,300.95210231838206,300.8246070765525,300.71326701753964,300.616296665195,300.53206570289314,300.45909564769335
0.0011137636992374956,332.76183674193777,332.6955576873043,332.49756021879045,332.1703540447169,331.7180623723558,331.14633129053016,330.46220755196293,329.67398789961436,328.7910454504232,327.8236371872629,326.7826993435567,325.6796361394417,324.52610714419836,323.3338197263661,322.11433189866204,320.87886808929034,319.6381539794417,318.4022742060058,317.1805504935209,315.9814473326753,314.81250114894135,313.6802763173313,312.5903413184994,311.547273348328,310.5546757477705,309.6152181523255,308.7306911665974,307.90207019261334,307.129590168435,306.4128229397747,305.7507690157462,305.14193348377614,304.584414211654,304.0759817028688,303.6141596064911,303.19628423723566,302.81958327804523,302.481220467772,302.1783511726575,301.90816770954234,301.6679247990193,301.45497991560586,301.2668063621211,301.10101477535096,300.95536284938504,300.82776156785957,300.716280514682,300.61914491754527,300.5347333810017,300.4615747500284
0.0011187636992374956,332.5435882849513,332.47792203265374,332.2817534176343,331.957563431147,331.50942819315173,330.9429295373774,330.265034425546,329.48394625382195,328.6089335073305,327.65013973669454,326.6183815683877,325.5249401231422,324.38135100110566,323.1991992921525,321.9899247760328,320.7646397754576,319.53396591648414,318.30789324469765,317.09565960654044,315.9056571191867,314.7453618294878,313.62128987420664,312.5389734715388,311.50296511300445,310.51685430051384,309.58330685912847,308.7041186186597,307.8802780620407,307.1120399868247,306.3990016407555,305.74019327460366,305.1341529383852,304.5790137286514,304.0725825135186,303.61241966336706,303.1958978830267,302.8202801484125,302.4827640070016,302.18053670982414,301.91082020505314,301.6708964880546,301.4581477549924,301.27006951243027,301.1042920827238,300.9585904162461,300.83089047264326,300.71927463361703,300.6219789725901,300.5373911470668,300.4640474510561
0.0011237636992374957,332.32382787354476,332.2587765845873,332.06444329062595,331.74328023353706,331.2993163926783,330.73806927133467,330.06642594069814,329.2924963253169,328.42544412697566,327.4752992854176,326.45275861349023,325.3689798969086,324.2353745042924,323.06340495711726,321.86439248699594,320.6493369760355,319.4287556390999,318.2125435621533,317.0098543351056,315.8290073192261,314.677417802241,313.56155330872826,312.48690943522473,311.4580136262546,310.47844122796795,309.55085396591437,308.6770526360402,307.85803858093794,307.0940862707904,306.384818207902,305.72929427449253,305.12608541296316,304.5733599100804,304.0689609982869,303.6104857979801,303.1953434606711,302.82083233720056,302.4841838858245,302.182617361038,301.9133844742793,301.6737946370322,301.4612549143293,301.2732831663511,301.1075295509992,300.96178642261714,300.83399485933694,300.72225017790805,300.624799426712,300.5400394371799,300.4665140643376
0.0011287636992374957,332.10280651260706,332.038371706748,331.84587828769463,331.52774974454115,331.08796791009695,330.5319859464673,329.8666110151247,329.0998595382674,328.2407903884133,327.2993198303919,326.2860247777615,325.2119395704434,324.08835120904104,322.92659948148196,321.7378868769842,320.5331006168777,319.32265325616135,318.11634465093243,316.9232438438106,315.751597134166,314.60875873466347,313.50114723639143,312.4342212956201,311.4124829964721,310.4394932307382,309.5179093434249,308.64953683654295,307.8353896817868,307.07576181896525,306.370300835415,305.7180961079333,305.11775137073755,304.56747002962084,304.06513164658776,303.608370085784,303.19463096703436,302.82124806379954,302.48548681426456,302.18459856372544,301.9158648894714,301.6766227332274,301.4643041512427,301.2764494846724,301.110728856766,300.96495215563033,300.8370757046823,300.7252078792984,300.62760682028676,300.5426786439376,300.4689748697842
0.0011337636992374957,331.88075556449587,331.816938172764,331.62628742543814,331.311198081848,330.8756048655835,330.3248966458946,329.66580072879424,328.9062400894289,328.05516882171025,327.1223895563676,326.11835933276575,325.0539890485604,323.94044131519524,322.78893313609376,321.61054817472416,320.4160608769653,319.2157789879353,318.01940695380773,316.83592905988235,315.6735183080814,314.53946757972403,313.44014625984636,312.3809757835735,311.36643258853684,310.4000628306951,309.48451920134886,308.62161164804616,307.8123665329073,307.05709704793003,306.3554756760363,305.70662112752655,305.1091698002032,304.56136011788215,304.0611079058239,303.6060837335783,303.1937696788303,302.8215349538423,302.48667901547844,302.186485358267,301.9182655008318,301.67938400409787,301.46729801485446,301.2795704617281,301.11389154440445,300.96808879793235,300.8401339032399,300.72814840519123,300.6304016435361,300.5453091209985,300.4714301171868
0.0011387636992374957,331.657888579109,331.5946889914188,331.4058820976754,331.0938339746307,330.66243231356964,330.1170017932409,329.46418998565883,328.71182655295166,327.8687609495023,326.94468230876396,325.9499279224685,324.8952853542946,323.79179291114883,322.65054486577117,321.48250607434835,320.2983381895751,319.10824408740984,317.92183270708233,316.74800344096707,315.594855823036,314.46962120216466,313.37861952998475,312.3272347747256,311.3199174670142,310.3601987617267,309.45072643099786,308.59331460741873,307.78900179781783,307.03812021605677,306.34036703321675,305.6948901100558,305.10035835451765,304.555045080191,304.05690228039134,303.6036371622902,303.19276822147697,302.82170009617965,302.48776627265545,302.188282426404,301.92059006780556,301.68208144264577,301.4702388662349,301.2826479418072,301.1170190391861,300.97119743808844,300.8431702756126,300.7310723651153,300.6331843415876,300.54793118702287,300.47388002926897
0.0011437636992374957,331.43440289589347,331.3718210043674,331.18485766035144,330.8758503273288,330.4486397774224,329.9084866506905,329.26195896813147,328.5167932849865,327.6817346361753,326.7663588826752,325.780883788157,324.73597378668893,323.6425430623207,322.51156330713525,321.3538806820703,320.1800441180578,319.00015164614655,317.8237166781307,316.6595536465363,315.51568850701096,314.3992909260077,313.3166312363942,312.2730557265065,311.27298878344254,310.3199463111372,309.4165709046488,308.56468062158837,307.7653258617113,307.01885761893305,306.3249975288517,305.68292239969446,305.0913334731222,304.54853879933444,304.0525264180198,303.6010400791505,303.19163462911786,302.8217500925334,302.48875396988143,302.1899941246954,301.9228420863325,301.6847178295027,301.47312889620935,301.2856836334382,301.1201126586754,300.9742790796379,300.84618557560117,300.733980316353,300.6359553188779,300.5505451291009,300.47632480434305
0.0011487636992374957,331.21048105435744,331.1485162928627,330.9633948269727,330.65742559646407,330.2344026006116,329.69952263787576,329.0592744175658,328.3213016602115,327.4942452755475,326.58756815752236,325.61136884661823,324.5761889398189,323.4928187691048,322.3721076843175,321.2247833492055,320.06128212640476,318.8915973032533,317.72514681420193,316.5706601284449,315.43608956856457,314.3285430160148,313.25424103858666,312.21849206230604,311.2256941167489,310.279347619679,309.382089738569,308.53574219689574,307.74136703038135,306.9993337609795,306.3093882505516,305.67073603371534,305.08211048847716,304.54185422570936,304.04799118551284,303.598301540994,303.190376397249,302.82169110102404,302.4896471279528,302.19162451383403,301.9250248127215,301.68729575227394,301.4759701409521,301.2886791218965,301.1231736227119,300.9773346490208,300.84918049646853,300.73687276886534,300.6387149430068,300.5531512057546,300.47876461863626
0.0011537636992374957,330.9862920425652,330.92494342289706,330.74166090374337,330.4387250092809,330.0198831426219,329.4902684991912,328.85629076754145,328.1255011661767,327.3064368419424,326.40844810114766,325.44151464420725,324.41605560445964,323.3427378144422,322.23228860140455,321.09531740909665,319.94214826086335,318.7826698724566,317.6262048162164,316.4813976531581,315.35612706957374,314.25743910333404,313.19150444718764,312.16359351101624,311.17807777407495,310.2384419466489,309.34731752537607,308.5065296416712,307.71715170589135,306.97957150697255,306.29355888164315,305.65834785343435,305.07270372024175,304.5350034568494,304.04330673554773,303.5954300100748,303.18900052911425,302.82152887453316,302.4904504359347,302.1931773844734,301.9271412846794,301.6898176225728,301.47876449571606,301.29163588021584,301.12620306219685,300.98036500255574,300.8521556764528,300.7397501896275,300.64146354813016,300.5557496495797,300.48119962833846
0.0011587636992374957,330.7619924075999,330.7012585526792,330.51981088813505,330.2199016476292,329.80523184260477,329.2808713419837,328.65315115176077,327.9295303765373,327.1184428249004,326.22912666270815,325.2714432052104,324.2556895698106,323.1924095173978,322.09220874695245,320.9655788322188,319.8227317558239,318.673451899455,317.5269666487168,316.39183576582366,315.27586434528376,314.18603656365906,313.128473162552,312.10840640861187,311.1301810579298,310.19726590527296,309.31228654032054,308.4770712460459,307.6927045424728,306.95959221648934,306.2775278164946,305.6457736026095,305.0631265587859,304.52799780792725,304.03848256588185,303.59243340352657,303.18751357680617,302.82126879468274,302.4911682791062,302.19465628009254,301.92919433992387,301.69228569109623,301.4815137269818,301.2945552789296,301.12920202686604,300.98337093261034,300.85511170364373,300.74261300646305,300.64420143796053,300.5583406695828,300.4836299714142
0.0011637636992374958,330.537727247668,330.47760642206913,330.2979884503568,330.00109741630155,329.5905881696225,329.07146756403137,328.44998830444115,327.7335178204491,326.9303870641339,326.04972257024224,325.10126778960074,324.0951983395535,323.04193540617615,321.9519635231436,320.83565681117074,319.70311557481836,318.56402015953984,317.4275029951248,316.3020392045278,315.1953603792264,314.1143888547189,313.06519537692736,312.05297396722665,311.0820425045151,310.15585367266084,309.27702692525327,308.44739344228407,307.6680485855098,306.9394158637424,306.26131226328835,305.633028015112,305.05339153958033,304.52084787454385,304.0335275720696,303.5893191373902,303.1859216778463,302.8209159020686,302.49180476382,302.19606451733233,301.9311866327344,301.69470206102733,301.484219483256,301.2974385947284,301.13217149219685,300.98635317308583,300.8580491203151,300.7454616114513,300.64692888843354,300.56092445325874,300.4860557692131
0.0011687636992374958,330.31363110210833,330.2541212401901,330.0763268138154,329.782443911703,329.37608147507564,328.86218368553085,328.24692536798386,327.53758276241234,326.7423844984512,325.87034604602815,324.9310935726577,323.9346817740434,322.89140982167686,321.81164160997474,320.7056342852236,319.5833768955846,318.45444610373096,317.3278796658597,316.21206827162393,315.1146701392536,314.0425458187309,313.0017160452141,311.9973365162364,311.0336980972264,310.1142371778627,309.24156685337846,308.41752094834555,307.64320539596497,306.9190611448425,306.24492833599317,305.6201248933671,305.04351040974257,304.51356358888245,304.02845009459827,303.58609416597227,303.1842305878772,302.8204749232745,302.4923637397096,302.19740520415723,301.93312064873123,301.69706870000033,301.4868833047105,301.30028701818685,301.1351123655719,300.98931240430966,300.86096842679143,300.74829636396726,300.64964615008796,300.5635011684447,300.4884771279083
0.0011737636992374958,330.0898287528423,330.0309274847182,329.85494954796127,329.5640632040705,329.16183176028477,328.6531370982606,328.0440766202231,327.3418359044459,326.5545418400688,325.69109945065344,324.761018256834,323.77423266845057,322.74092046082615,321.6713254731213,320.57558841247163,319.4635875466489,318.3447962602903,317.22815796560747,316.12197916786397,315.03384487987836,313.970553954499,312.93807712852424,311.9415317190939,310.9851814586559,310.07244627096566,309.205932677375,308.3874768969336,307.6181951622065,306.89854557418175,306.2283911369926,305.6070771788119,305.0334941877957,304.50615427012593,304.02325796119925,303.5827650171657,303.1824457099942,302.81995029510443,302.49284881960466,302.1986812561401,301.9349987181232,301.69938745082413,301.48950663181927,301.3031016606865,301.13802549180093,300.99224925741896,300.8638700849108,300.7511175934055,300.65235345019744,300.56607096498146,300.49089413978464
0.0011787636992374958,329.86643594861,329.80814062416573,329.63397128474327,329.3460685443199,328.9479503701007,328.44443674253574,327.8415481315661,327.14638002055324,326.3669581838858,325.51207786494183,324.5911326245673,323.61393727508073,322.59054886742365,321.5310918227188,320.4455909963275,319.3438144016647,318.23513259736,317.1283950250039,316.03182429412794,314.9529324152735,313.8984566630801,312.8743178140563,311.8855947690561,310.9365240238811,310.0305088756883,309.17014906304047,308.35728295191257,307.59303680087214,306.87788557135343,306.21171483158514,305.5938970154093,305.0233532175282,304.4986286698864,304.0179585249634,303.5793378242621,303.1805721211577,302.8193461863966,302.49326339745585,302.1998954111149,301.936823027626,301.7016600411283,301.49209081312665,301.3058835606406,301.1409116580855,300.9951643183016,300.8667545211381,300.75392560162857,300.6550509946874,300.5686339762077,300.4933068843988
0.0011837636992374958,329.643560061558,329.5858677726967,329.41349836813805,329.12856500485884,328.73454062171135,328.23618372090584,327.6394383607149,326.9513105318787,326.17972555978696,325.3333696174513,324.42152103936746,323.4538757768048,322.44037087702657,321.3910120291623,320.3157088720402,319.22411973676856,318.12551285156854,317.02864410116854,315.941652524797,314.87197736659016,313.8262944703204,312.810474714248,311.8295585664442,310.8877551973846,309.98845112754185,309.1342391102794,308.3269594136839,307.56774804815245,306.8570965398007,306.19491271538294,305.58059580709687,305.01309721669884,304.4909950132783,304.0125586987953,303.5758183547003,303.1786145960552,302.8186665177283,302.4936106645218,302.2010502424069,301.93859563122044,301.70388809206725,301.4946371122554,301.3086336891099,301.14377159849727,300.9980581311503,300.8696221293741,300.7567206651757,300.65773896986497,300.5711903203081,300.4957154296255
0.0011887636992374958,329.42130068429196,329.36420828556726,329.1936294447806,328.91165006228687,328.52169837641594,328.0284718561842,327.43783869634285,326.75671602967117,325.9929294348168,325.1550567640813,324.2522619013977,323.2941227174791,322.29045702140075,321.2511525011015,320.186004258052,319.10456155540805,318.01599082670793,316.9289548508488,315.8515094561925,314.79102138670123,313.7541052290602,312.7465820477155,311.77345387967483,310.83890249559164,309.9462974993122,309.0982244629712,308.29652531486227,307.5423455426579,306.8361929382017,306.17799727547543,305.5671842699099,305.0027353212182,304.4832610361687,304.0070649866529,303.5722120361269,303.17657762872864,302.81791497926946,302.49389362403235,302.2021481708138,301.94031845989366,301.7060731262011,301.4971467142512,301.3113529548856,301.1466059980306,301.0009312016792,300.8724732734958,300.7595030372614,300.6604175439838,300.57374010153444,300.4981198326054
0.0011937636992374958,329.1997501743117,329.14325430208976,328.9744560025404,328.6954141287366,328.30951256100207,327.8213882002836,327.2368339510108,326.56267875213024,325.80664917105923,324.977215525365,324.0834280628478,323.1347473943666,322.14087289725234,321.1115750300373,320.05653507629705,318.9851938844439,317.90661666598186,316.82937357937783,315.7614376330007,314.71010336501456,313.6819243033914,312.6826718041174,311.7173094919708,310.7899916767148,309.9040709153547,309.06212540903005,308.2659985073986,307.51684490086615,306.81518834545204,306.1609802460956,305.5536724794108,304.99227612534366,304.4754340190591,304.00148351195554,303.56852398009016,303.1744654522315,302.81709504700706,302.4941151045103,302.203191475489,301.9419933304851,301.7082165746501,301.49962073134077,301.3140422091012,301.1494154962803,301.0037840000426,300.87530828966294,300.76227294959,300.66308686866495,300.5762834113126,300.5005201406063
0.0011987636992374959,328.9789941517592,328.9230912420358,328.75606286291077,328.47994103764654,328.0980656444013,327.6150134994033,327.03650281270853,326.3692750203358,325.6209584442207,324.79991668622426,323.9150872076437,322.97581421685396,321.99167950327916,320.97233710530134,319.9273552449595,318.8660670447774,317.7974371008187,316.7299434681903,315.6714767551832,314.62925961462076,313.60978473700914,312.618773894774,311.66115233538125,310.74104685935606,309.8617928559793,309.0259609717778,308.2353957421273,307.49126078599727,306.7940955199771,306.1438726594209,305.5400699139658,304.9817277183464,304.4675208179867,303.99582004348787,303.56475900363887,303.1722820565449,302.8162099975281,302.4942777719069,302.2041823038525,301.9436219537405,301.71031978360793,301.5020602081735,301.31670224943116,301.1522006907878,301.00661696349033,300.87812748841554,300.7650306140052,300.6657470801897,300.5788203292527,300.5029163918063
0.0012037636992374959,328.75911195558615,328.70379826057035,328.5385286322639,328.2653084889495,327.8874340745221,327.4094226203467,326.8369182586639,326.1765756377436,325.4359256272228,324.62322596230024,323.747302199401,322.817383035161,321.84293354901865,320.83349220266973,319.7985149467154,318.7472278993064,317.6884956788308,316.6307047832568,315.5816638675229,314.5485240437235,313.5377174074134,312.55491629061555,311.605007613516,310.69209063110964,309.8194834530247,308.9897489935935,308.2047327415799,307.4656069710506,306.7729264540077,306.1266848920514,305.5263854943299,304.9710977180455,304.4595278927795,303.99008001907976,303.56092164906295,303.17003120494707,302.8152629215242,302.494384140685,302.20512268064107,301.94520594166494,301.7123840202854,301.5044661266032,301.3193338239199,301.15496214009386,301.0094304987902,300.8809311565884,300.7677762239963,300.6683983006796,300.58135092406883,300.50530861601015
0.0012087636992374959,328.54017706256076,328.4854486661254,328.32192611634343,328.0515884579914,327.67768867949115,327.20468494210195,326.6381479354295,325.9846462571218,325.25161414252807,324.4472043364209,323.58013140100695,322.6595094422417,321.6946877385003,320.69509004942444,319.6700608750775,318.62872008063107,317.5798329731474,316.5316950664797,315.4920335336657,314.4679283130383,313.46575116747954,312.4911251488202,311.54889891420817,310.64314414824315,309.77716157757175,308.95350621267335,308.1740242667929,307.4398963966331,306.75169242336295,306.109426707634,305.51262761994417,304.96039330154895,304.45146133295265,303.9842685673044,303.55701620197806,303.1677164490069,302.8142567361568,302.49443658396467,302.20601451619024,301.9467468142498,301.71441047834867,301.50683941006315,301.3219376344842,301.15770036652975,301.0122249844427,300.8837195590603,300.7705099560749,300.671040639175,300.5838752544216,300.50769683530433
0.001213763699237496,328.32225747295286,328.2681103050421,328.106322701795,327.83884757193044,327.4688950369831,327.0008647162773,326.44025450873625,325.7935477182978,325.0680827864355,324.2719083682938,323.4136289687688,322.5022450516538,321.546991031314,320.5571768683052,319.54203646111597,318.51058420061406,317.4714867750585,316.4329493118221,315.4026179962722,314.3875019806214,313.39391297571404,312.4274249293236,311.4928483131563,310.5942272273893,309.7348449206182,308.9172483336236,308.14328417874015,307.41414122412743,306.7304040332144,306.09210729603853,305.49880420229016,304.9496212334981,304.4433268814961,303.9783905274059,303.5530467079294,303.1653411423461,302.81319419640454,302.4944373428315,302.2068596140313,301.94824600564215,301.716400282904,301.5091809275747,301.3245143401226,301.16041585877485,301.0150007727101,300.8864929403573,300.77323197103647,300.6736741926243,300.5863933696906,300.5100810646575
0.001218763699237496,328.105416066248,328.05184591632224,327.89178070804655,327.6271474568842,327.2611138148478,326.7980213995247,326.2432959861571,325.60333635965344,324.8853860281662,324.09739048012443,323.24784512369206,322.3456377538205,321.39988888337314,320.41979560248404,319.41448208253496,318.39285804362754,317.363492271658,316.3345001277158,315.3134473246874,314.3072726354037,313.3222280163462,312.3638385022285,311.43687646946586,310.54535843006346,309.6925500674337,308.8809900925161,308.1125254949393,307.38835288467664,306.709071260243,306.0747353094404,305.48492269560415,304.9387878920708,304.43512995677077,303.9724504676367,303.5490169876688,303.16290845329826,302.81207790549877,302.4943885348942,302.2076596778733,301.94970486981316,301.71835449507785,301.51149149743,301.32706455986295,301.1631090742051,301.01775819147974,300.8892515261252,300.7759424151186,300.6762990467916,300.58890531068334,300.51246131247336
0.001223763699237496,327.8897109298248,327.83671345941684,327.67835771244387,327.41654505869155,327.05440108584713,326.5962099606946,326.04732601524205,325.41406430594037,324.7035742862132,323.9236992205193,323.0828264021327,322.1897319528057,321.2534234693681,320.28298612342616,319.2874352568445,318.27557674509455,317.2558822099637,316.2363778871019,315.2245495513586,314.2272660205454,313.25071981025786,312.30038724701507,311.38100271389004,310.49655514071696,309.6502925662219,308.84474531695605,308.081760441713,307.3625421244021,306.6877034915485,306.05731889561787,305.4709901252172,304.9278992929695,304.42687567270286,303.96645270216794,303.54493065123734,303.1604213765762,302.81091032453855,302.4942921621679,302.2084163180337,301.9511246857773,301.72027411623225,301.51377189058076,301.32958887547386,301.16578044105347,301.02049754597806,300.89199552448315,300.77864142106705,300.67891527709315,300.59141111028873,300.5148375810991
0.001228763699237496,327.67519566317515,327.6227664176231,327.4661068511926,327.20709293980593,326.84880861897176,326.39548116513623,325.85239415947,325.2257797346798,324.5226941841279,323.75087950875087,322.91861588779494,322.03456878546734,321.10763388866087,320.14678542327835,319.1609308201487,318.1587729567345,317.1486870488119,316.13861086629026,315.1359507980849,314.1475061475909,313.17941031763684,312.23709114434376,311.3252451304768,310.4478336389524,309.60808699164164,308.8085269816479,308.0510005025262,307.33671904622224,306.6663095606288,306.0398657287371,305.4570131137505,304.9169611115905,304.41856885744374,303.96040130670957,303.54079111097235,303.15788274404406,302.80969378136587,302.4941501183483,302.20913105737014,301.95250666240617,301.7221600918521,301.5160228337628,301.33208783396447,301.16843036040086,301.0232191203493,300.8947251272719,300.7813291091174,300.6815229493669,300.5939107940791,300.51720986729424
0.001233763699237496,327.46191965994296,327.41005407936007,327.25507709835745,326.9988395545422,326.64438414951826,326.19588183826926,325.658546154081,325.0385271231395,324.3427887876564,323.57897286121397,322.7552534268172,321.8801863246331,320.9625563561687,320.0112277932284,319.0350010928963,318.04247699975565,317.0419350996716,316.04122537368715,315.0476753930507,314.06801540228713,313.1083200331289,312.173968861145,311.26962063224244,310.3992091664499,309.5659470036707,308.7723472598809,308.02025646277053,307.3108931485917,306.6448977807048,306.02238303786163,305.4429979053716,304.90597870354736,304.41021407064056,303.9543001329654,303.53660159354035,303.15529523468143,302.8084304787726,302.49396419553705,302.2098053367637,301.9538519428762,301.7240133151356,301.51824501238076,301.3345619498924,301.17105920801447,301.02592317911456,300.8974405112055,300.7840055879023,300.68412212058445,300.5964043808665,300.5195781626651
0.001238763699237496,327.24992836979516,327.19862179933193,327.0453135249126,326.7918295046427,326.4411716298553,325.9974551103115,325.46582414361905,324.8523474776543,324.1638978249258,323.4080176016954,322.5927758274821,321.72661976775305,320.81822437960363,319.87634498911603,318.90967603378283,317.9267170070971,316.93565265738965,315.94424586931643,314.95974597948793,313.98881464283005,313.0374680741778,312.11103782961493,311.21414503141943,310.35069598909337,309.5238854022427,308.7362175713147,307.98953845132553,307.2850733614482,306.62347597563974,306.00487763339976,305.42895038829124,304.89495712370257,304.4018156194487,303.94815282203155,303.5323651510878,303.1526613838138,302.8071225021018,302.49373609046836,302.21044052019334,301.9551616087841,301.72583463031617,301.5204390731766,301.3370117074976,301.17366733604695,301.0286099685183,300.9001418389359,300.7866709552898,300.68671283950835,300.59889188321716,300.5219424540659
0.001243763699237496,327.0392635419143,326.9885112413618,326.83685753961095,326.5861037769077,326.2392114625933,325.80024064383286,325.2742669028062,324.66727854685763,323.9860578911827,323.2380490568925,322.43121704591846,321.5739016123213,320.67466892428115,319.74216638542885,318.7849833828596,317.8115190556934,316.82986412176643,315.84769507595655,314.8721836167126,313.9099232912148,312.96687226316305,312.04831432066044,311.1588331047675,310.3023074547235,309.48191417803673,308.70014862639556,307.9588559791849,307.25926807961775,306.6020515086676,305.987355931674,305.4148761156604,304.88390114384276,304.3933775733988,303.941962816834,303.52808467158985,303.14998359167726,302.80577182629804,302.4934674102831,302.2110378994412,301.9564366839619,301.72762483574024,301.52260562670176,301.339437562679,301.1762550746101,301.0312797177771,300.9028292600392,300.78932529915886,300.68929514730166,300.60137330792855,300.5243027239707
0.001248763699237496,326.82996345170426,326.7797606044843,326.62974711324836,326.38169996444526,326.0385407176801,325.60427484562666,325.0839100421962,324.48335502022024,323.809302639425,323.0690997384627,322.27060835901244,321.42206181921455,320.5319185665795,319.6087191186944,318.66094879478817,317.6969072896332,316.7245921107593,315.75159408262437,314.78500787420387,313.83135941829323,312.89654920387613,311.98581351228165,311.1036986543782,310.25405604690684,309.4400445597579,308.66415046770027,307.92821797540876,307.2334851939031,306.58063130912666,305.96982397778174,305.40078032500935,304.8728152691171,304.3849037782221,303.9357333736916,303.52376288846887,303.147264131377,302.8043803224576,302.49315967789136,302.21159869846025,301.95767813801666,301.729384686723,301.5247452496101,301.341839944827,301.17882273323386,301.03393264023623,300.90550291192926,300.7919686981198,300.69186907809274,300.6038486564712,300.5266589508192
0.001253763699237496,326.62206311213157,326.5724048337167,326.42401698773074,326.17865247292843,325.83919333478883,325.40959106422633,324.89478619989643,324.3006087131404,323.6336629581246,322.90119951274676,322.1109785256125,321.2711279649766,320.3899996370135,319.47602822117,318.5375959630804,317.5829040349861,316.61985756602917,315.6559624410586,314.6982369193183,313.7531398230762,312.8265143528224,311.92354955332416,311.0487545643618,310.205953435058,309.39828705820975,308.6282325084728,307.897632820631,307.2077321200555,306.55922189736884,305.95228746689213,305.38666795635584,304.86170375334757,304.3763978687232,303.92946757308084,303.5194023895468,303.1445051562918,302.8029497639203,302.4928143369589,302.21212407743485,301.9588868896212,301.73111489820167,301.5268584867871,301.34421925852587,301.18137060222085,301.0365689344433,300.9081629207064,300.7946012221817,300.6944346594998,300.6063179254001,300.5290111093374
0.001258763699237496,326.41559447097694,326.36647581677676,326.21969887120235,325.9769927131027,325.6412003122143,325.2162197742579,324.7069252205141,324.11906873970423,323.4591671371123,322.7343757591894,321.9523539370018,321.1211253839648,320.2489363537872,319.3441167456366,318.41494673607275,317.46952990699134,316.5156798514671,315.5608182557876,314.61188759917064,313.675280106762,312.75678208577915,311.86153562298887,310.9940128537594,310.1580105212247,309.35665150742955,308.59240356858976,307.867108378328,307.18201582580764,306.53782940800056,305.9347517641144,305.372543669094,304.850570613306,304.36786328078216,303.92316832966884,303.5150056253875,303.141708706973,302.8014818319444,302.4924327565502,302.21261513656066,301.9600638095756,301.73281614720327,301.52894585333087,301.3465758851361,301.1838989539056,301.0391887851468,300.9108094019456,300.7972229333741,300.69699191311844,300.6087811067362,300.53135917083694
0.001263763699237496,326.2105865951399,326.16200256789006,326.0168216203686,325.77674928066085,325.44458988337533,325.0241887486992,324.52035432236556,323.93876167411634,323.28584102258594,322.5686535183761,321.79475875751035,320.9720773011853,320.1087509476001,319.21300588202297,318.29302122531027,317.3568039102337,316.412076845275,315.4661782683036,314.5259755171586,313.59779474192146,312.6873657599988,311.79978398644846,310.93948472599203,310.1102374838075,309.3151471031268,308.5566719081658,307.8366520240341,307.15634285613004,306.516459611592,305.9172219230539,305.3584118577666,304.8394196420449,304.35930326255874,303.91683840167866,303.51057491708053,303.13887671757925,302.7999781209979,302.4920162354567,302.2130729195669,301.9612097236592,301.73448907514387,301.531007836396,301.34891018426686,301.1864080438261,301.04179236422453,300.9134424614303,300.799833886324,300.69954085497596,300.61123818832283,300.53370310349305
0.001268763699237496,326.007065843026,325.95901139971215,325.8154114110301,325.57794812448867,325.24938768190816,324.83352322000553,324.3350982538815,323.7597117017021,323.1137081621098,322.4040556305132,321.6382150560528,320.8240049565587,319.9694637784039,319.0827150665113,318.17183790694423,317.2447435323627,316.30906502611487,315.37205793581813,314.44051510456063,313.5206971372291,312.6182777724078,311.73830604688095,310.8851806151241,310.0626438184624,309.2737824386431,308.52104525899017,307.8062706726694,307.13071935685156,306.49511793498004,305.8997027031637,305.34427666681086,304.82825442135766,304.35072088496287,303.9104803996385,303.50611246351247,303.13601102188625,302.79844014369866,302.49156600623655,302.2134984170024,301.9623254152911,301.736134289971,301.5330448969121,301.3512224951489,301.1888981118153,301.0443798315486,300.9160621958356,300.80243412879446,300.7020814959536,300.61368915415653,300.5360428726042
0.001273763699237496,325.8050560259463,325.75752608429286,325.61549189774837,325.3806127041898,325.05561689624096,324.64424603097143,324.1511794400512,323.5819407602966,322.94278994038496,322.24060286509723,321.4827429293001,320.67692772128515,319.8310934447402,318.95326208371046,318.0514137166928,317.1333648318656,316.20665955379104,315.2784715050194,314.35551968759165,313.44399969808904,312.54952961411476,311.6771123942047,310.831110229192,310.01523837640804,309.2325655386291,308.4855308539664,307.7759708041287,307.1051510967773,306.47380948027563,305.88219858598745,305.3301420043596,304.8170783334395,304.3421190514513,303.9040967945662,303.5016203481665,303.1331133589051,302.7968693354314,302.4910832389887,302.2138925693056,301.9634116280138,301.7377523681644,301.5350574711874,301.3535131379141,301.19136938301926,301.04695133579173,300.9186686933647,300.80502370218574,300.70461384218123,300.6161339846969,300.5383784408344
0.001278763699237496,325.6045785593682,325.5575680039192,325.4170843634731,325.18476413770696,324.8632984144528,324.4563777761138,323.9686181196687,323.4054686727555,322.7731057064958,322.078314042448,321.32836061712675,320.53086320691455,319.69365688622605,318.8246631624321,317.9317641388551,317.0226825203454,316.10487434488687,315.1854320812198,314.27100155026835,313.3677138834725,312.4811319215122,311.61621285076757,310.7772825908258,309.9680294003377,309.19150389061474,308.4501354547085,307.74575848726795,307.0796434884179,306.4525390426773,305.86471379037937,305.316011555172,304.80589457181054,304.3335005072027,303.89768992563256,303.4971005454873,303.13018537813934,302.7952670586671,302.4905690448827,302.2142562696734,301.9644690678143,301.7393438566044,301.53704597240653,301.3557824147913,301.1938220688468,301.04950701518004,300.92126203434384,300.80760264200416,300.7071378954047,300.6185726571551,300.54070976843974
0.001283763699237496,325.4056526047795,325.35915629259773,325.2202078598843,324.99042133978503,324.6724509601476,324.2699369342863,323.7874324740683,323.2303132712525,322.6046728932763,321.91720614771657,321.1750846109119,320.3858273676702,319.5571694797048,318.6969330655471,317.81290328982925,316.91271003972275,316.0037221437343,315.0929516932381,314.18697199339937,313.2918502592528,312.41309452423064,311.55561651422147,310.7237060753672,309.9210245581189,309.1506044746336,308.41486537743526,307.7156394024098,307.05420160743796,306.43131112718174,305.8472522867807,305.30188879276056,304.7947061515579,304.324867847719,303.8912620073441,303.49255492684574,303.12722864451086,302.7936346070079,302.49002447946316,302.2145903667469,301.965498405296,301.7409092743197,301.5390107920302,301.35803061122215,301.196256367857,301.0520469981958,300.92384229177713,300.8101709782985,300.70965365333035,300.62100514576383,300.54303681347994
0.001288763699237496,325.20829520285736,325.162307968865,325.02487933913346,324.7976011519504,324.4830912200041,324.0849399931728,323.607638747981,323.056490513972,322.437507129373,321.7572944379234,321.02292975522425,320.24183459652374,319.4216451295274,318.5700851743626,317.6948439965394,316.80345963473286,315.90321458906305,315.00104135433406,314.1034413899871,313.2164185482975,312.34542649017754,311.49533179779183,310.6703884466723,309.8742309744449,309.10987379104597,308.3797265172893,307.6856188624777,307.02883021091856,306.4101299642746,305.82981781062284,305.2877769907744,304.78351591894864,304.3162235268967,303.8848151362814,303.48798526613234,303.12424464297754,302.7919732089789,302.4894505457455,302.21489566712677,301.9665002777109,301.7424491141223,301.5409523011049,301.3602579969064,301.1986724665892,301.0545714042341,300.9264095318647,300.81272873606923,300.7121611099456,300.6234314220292,300.54535953201645
0.001293763699237496,325.01252139857024,324.9670380605536,324.83111377760684,324.60631846461763,324.29523396360344,323.90140156624585,323.42925136307906,322.8840145947445,322.2716223445361,321.5985925425308,320.87190934336854,320.0988978154749,319.2870963523922,318.4441315679143,317.5775978701405,316.694942421062,315.8033622766421,314.9097111194818,314.02041923730224,313.14142767755413,312.27813616787415,311.435366468131,310.61733689076624,309.827655260587,309.0693178866927,308.34472437119643,307.6557018328625,307.0035337545225,306.38899952467557,305.8124138749219,305.2736792336948,304.77232656046,304.3075698646072,303.87835129742604,303.48339324500887,303.1212347828668,302.7902840315845,302.48884819712043,302.2151729377307,301.96747529086576,301.74396384413996,301.54287085148917,301.36246482677865,301.201070540339,301.05708034421787,300.92896381448855,300.81527593564994,300.7146602558199,300.6258514549678,300.54767787829786
0.0012987636992374961,324.8183443587886,324.7733597220864,324.638924292277,324.416586331889,324.10889215608705,323.71933450272945,323.25228302472954,322.71289804612957,322.107030868622,321.4411125580114,320.7220352072304,319.9570285604469,319.1535343571293,318.31908309754033,317.46117537533985,316.58716844943325,315.70417481820095,314.8189701392431,313.9379142058705,313.0668858223444,312.2112312262834,311.37572768092986,310.564558047505,309.78130354238556,309.0289423794999,308.3098640593698,307.6258929501084,306.978316408639,306.3679235332078,305.79504378212323,305.2595984268921,304.76114061126907,304.2989090538226,303.8718723701069,303.47878045784125,303.1182004019466,302.78856818364864,302.4882183400783,302.2154229080062,301.96842402090783,301.7454539092519,301.54476677700274,301.3646513419245,301.2034507538853,301.0595739211727,300.9315051936661,300.8178125930655,300.71715107838577,300.6282652113268,300.5499918049338
0.0013037636992374961,324.6257754829263,324.5812843448216,324.4483222501619,324.22841607955166,323.924077064142,323.53874999105165,323.07674482243345,322.5431518364032,321.9437435247422,321.2848651368316,320.57331780182074,319.81623706117796,319.02096911978447,318.1949494570629,317.34558589563954,316.4801467659265,315.6056608968908,314.7288267104806,313.85593418558636,312.992800448063,312.1447186923066,311.31642201444487,310.51205804038443,309.73518148660315,308.9887524816437,308.2751503455561,307.5961965395069,306.9531820735832,306.3469054818526,305.7777106352494,305.2455373060901,304.749960463241,304.2902431673182,303.86538013359217,303.4741484163389,303.11514277025043,302.78682671895217,302.4875618367691,302.21564627200706,301.9693470160023,301.74691973243614,301.5466403945038,301.3668177704385,301.2058132621713,301.0620522307656,300.9340337179752,300.8203387203666,300.71963356220215,300.6306726557917,300.552301263058
0.0013087636992374961,324.4348245070938,324.3908216609268,324.2593173713664,324.04181740674676,323.74079835577686,323.35965765623797,322.9026463243839,322.3747854608704,321.7817697169688,321.12985957123624,320.4257662848829,319.6765323164511,318.8894094543273,318.07173924888434,317.23083779478475,316.3738854687915,315.507828319525,314.63928832412785,313.7744863291535,312.91917834946133,312.07860498610745,311.2574555010856,310.4598425046257,309.6892943257539,308.9487530213762,308.24058765611045,307.5666166316708,306.9281343939152,306.32594864204754,305.76041734840067,305.23149844627915,304.7387883724506,304.28157416398346,303.8588762723529,303.46949855391904,303.1120630936772,302.7850606391844,302.4868795074092,302.21584369034514,301.9702447979066,301.74836171603386,301.5484920049001,301.368964328229,301.20815821094294,301.0645153618101,300.9365494309527,300.8228543259436,300.72210768920144,300.6330737511804,300.5546062024807
0.0013137636992374962,324.2454996022024,324.2019798412202,324.07191782613995,323.85679848173385,323.55906419430704,323.18206565165553,322.7299956665419,322.20780702788704,321.6211175129595,320.97610387218435,320.2793885918983,319.5379221649789,318.7588630792784,317.94946004627354,317.1169384746728,316.2683917619943,315.4106840658176,314.55036171021754,313.6935770930346,312.8460256876799,312.0128959544161,311.19883365719437,310.4079166136542,309.6436468815133,308.908948463603,308.2061800979806,307.53715697816085,306.9031767719382,306.3050560762788,305.7431666566525,305.21748427011687,304.7276264662704,304.27290389476724,303.85236238102055,303.46483222981715,303.10896251737864,302.7832708967193,302.4861721325437,302.2160157920254,301.9711178634507,301.7497802429374,301.5503218940978,301.37109121977335,301.21048573734777,301.0669633967395,300.9390523714681,300.82535941482024,300.7245734389209,300.6354684586252,300.55690657183277
0.0013187636992374962,324.0578074664225,324.01476558738204,323.8861303263505,323.6733660321499,323.3788813269356,323.00598074548486,322.5587996365971,322.04222333994426,321.46179372184486,320.8236048437638,320.13419150679846,319.4004133522348,318.62933668053074,317.82811845209557,317.0038944299605,316.16367200571176,315.31423433482024,314.4620528803502,313.6132122760752,312.77334802518044,311.9475969019434,311.1405615111399,310.35628510407935,309.5982435868036,308.86934292929703,308.1719314756737,307.5078210662282,306.87831238043333,306.28423064901676,305.72596112539065,305.20349705585005,304.7164767500541,304.26423410828215,303.8458399690599,303.4601507329596,303.10584212895054,302.78145839723044,302.4854404551776,302.2161631761721,301.97196668592863,301.75117567770695,301.5521303338936,301.37319863882726,301.21279597049704,301.06939641205133,300.9415425740731,300.82785398893003,300.72703078871945,300.63785673774356,300.5592023186996
0.0013237636992374962,323.8717534123681,323.82918421890645,323.7019602117414,323.49152543011945,323.2002551682871,322.83140840226525,322.3890637531472,321.8780399701402,321.3038039676884,320.67236815337753,319.99018072866414,319.26401159349587,318.5008359706141,317.70772015422233,316.89171129958766,316.0597317639804,315.2184845887434,314.3743671677737,313.53339705595766,312.70115035871595,311.8827126210352,311.08264362983596,310.30495229927647,309.55308850664267,308.82994021382586,308.1378453072734,307.4786121327308,306.8535441746803,306.2634750370381,305.7088031591225,305.18953894479125,304.70534111344216,304.25556645609277,303.83931046517597,303.45545528561524,303.102702961441,302.7796240021543,302.4846851827815,302.2162864136538,301.9727917164082,301.75254836762014,301.5539175828124,301.3752867690911,301.21508903199344,301.0718144787238,300.9440200693309,300.8303380473744,300.72947971398145,300.64023854679886,300.56149338974825
0.0013287636992374962,323.68734144934905,323.64523975513396,323.5194115313098,323.31128077255437,323.0231898792188,322.6583528598346,322.2207923404095,321.7152613343386,321.1471527588061,320.5223983979797,319.8473609346733,319.1287216333437,318.3733657446329,317.58826997783575,316.78039391541597,315.95657584967876,315.1234395943301,314.287309265227,313.45413602362333,312.6294371504675,311.81824741967625,311.02508414378843,310.2539221316593,309.508185357837,308.7907438042633,308.1039248395698,307.44953317727885,306.82887490381194,306.242791739175,305.6916950097976,305.1756119483787,304.69422133631633,304.24690249770606,303.83277522147307,303.45074704684055,303.099545996187,302.7777685310134,302.48390698918297,302.21638604861465,301.97359338496364,301.75389864366053,301.55568388689574,301.3773557848358,301.21736503642694,301.0742176626078,300.9464848841242,300.8328115866659,300.73192018830787,300.6426138428505,300.56377973084585
0.0013337636992374962,323.5045743610056,323.46293499267983,323.3384871201182,323.1326349569484,322.8476884412138,322.4868172019571,322.0539885987464,321.55389075928844,320.9918435532101,320.3736991666117,319.7057358395374,318.9945473018499,318.2469299330925,317.46977193482513,316.66994634816825,315.8542083670178,315.02910346194,314.20088326069197,313.3754332157959,312.55821235746384,311.7542051479542,310.9678867707638,310.20319816372944,309.46353752759404,308.7517568957507,308.07017306235866,307.42058697465916,306.80430712154447,306.2221830855281,305.6746387846708,305.161717954846,304.6831190944238,304.2382437052862,303.8262355173821,303.44602711573185,303.0963721654919,302.7758927636068,302.483106516349,302.21646259991644,301.974372101837,301.7552268214472,301.55742948044326,301.37940585149204,301.2196240918409,301.0766060247938,300.94893704194493,300.83527460095576,300.7343521836955,300.6449825818954,300.5660612871715
0.0013387636992374962,323.3234537786177,323.28227157854803,323.15918867182694,322.95558975294955,322.67375272663185,322.31680342691027,321.888654671272,321.3939305469608,320.8378788204224,320.2262730994714,319.5653082516468,318.86149156765515,318.1215316518069,317.35222927045993,316.5603719508388,315.7526327516954,314.9354796824877,314.1150926711867,313.2972921457242,312.4874794593933,311.69058922307835,310.9110548381678,310.15278360797845,309.4191480911201,308.7129824069686,308.0365927219632,307.39177608658287,306.77984319632475,306.20165124617796,305.65763645373664,305.14785873552876,304.67203596469335,304.22959146810877,303.8196925633712,303.44129653449727,303.0931823551533,302.7739974420782,302.4822843760681,302.2165165624996,301.97512825853266,301.7565332021114,301.55915458671075,301.38143712620405,301.22186630016955,301.0789796219583,300.95137656316643,300.8377270822481,300.7367756707053,300.64734471900107,300.56833800332095
0.0013437636992374962,323.14398025035723,323.1032500792,322.9815168072141,322.78014586997716,322.50138356507875,322.1483125122846,321.724791706782,321.2353820353388,320.68526009988216,320.08012194373396,319.42608012613107,318.7295565881346,317.9971732490726,317.235644507509,316.4516733997311,315.6518518088596,314.8425711623695,314.02994047471964,313.219715832255,312.41724148490755,311.62740265304325,310.85459130421384,310.1026813457163,309.3750198282703,308.6744229947739,308.0031863340273,307.36310287280116,306.7554853209299,306.1811982394266,305.6406898567613,305.1340359508285,304.66097343026365,304.2209470967736,303.8131475044531,303.43655629135935,303.08997740685106,302.77208327286894,302.48144115153787,302.2165484086661,301.975862228849,301.7578180731216,301.5608594185674,301.3834497583506,301.22409175765074,301.08133850668787,300.95380346529896,300.8401690206009,300.7391906186212,300.6497002084298,300.5706098234055
0.0013487636992374962,322.96615330673353,322.92587004582646,322.80547113893044,322.6063030211217,322.33058080613114,321.9813444762264,321.56239991923326,321.07824565587634,320.53398805615774,319.93524660631994,319.28805261502373,318.5987437568299,317.8738563502746,317.12001948796296,316.3438527332699,315.5518677490167,314.75038025650156,313.9454291405207,313.1427068273414,312.3475010365111,311.56464805902255,310.7984987779563,310.05289394488955,309.33115523930655,308.63608106805447,307.96995619562466,307.33456950162605,306.7312355215541,306.16082593959777,305.62380070993896,305.1202511558572,304.6499328852402,304.21231182718975,303.8066014235029,303.43180732330035,303.0867581204042,302.77015092856277,302.4805773988644,302.21655858929114,301.97657436985196,301.7590817090616,301.56254417911526,301.3854438900361,301.2263005552128,301.0836827277846,300.9562177632295,300.8426004043149,300.7415969955979,300.65204900375636,300.5728766911448
0.0013537636992374963,322.7899715224621,322.7501300760529,322.6310503327163,322.4340599835568,322.1613433786377,321.8158984353422,321.4014786439825,320.92252098783035,320.3840625311576,319.79164720380015,319.1512261147055,318.4690537483127,317.7515819000816,317.0053554125037,316.2369113887228,315.45268222200787,314.6589087995851,313.8615606576509,313.06626724207746,312.27826031412104,311.5023276965682,310.7427795382575,310.00342367695436,309.28755655981934,308.59795880084897,307.93690439672645,307.30617795989417,306.7070956664137,306.14053608442424,305.60697061219383,305.10650580578147,304.63891563919896,304.20368682434656,303.8000553443965,303.4270505186579,303.0835252559055,302.7682010496296,302.47969364847825,302.21654753496665,301.9772650227935,301.7603243723646,301.56420906227225,301.3874196565524,301.22849277883955,301.08601233055333,300.958619469448,300.845021220111,300.74399476880086,300.6543910579778,300.5751385499537
0.0013587636992374963,322.6154325749732,322.57602787229337,322.45825216529386,322.26341465567145,321.9936693468033,321.6519726594621,321.2420263909795,320.76820680965267,320.23548259351827,319.6493231096053,319.01560031079197,318.3404865606342,317.630350202374,316.89165287785914,316.13085023695515,315.35429634917074,314.5681581357039,313.7783365620912,312.9903987713519,312.2095211373784,311.4404434756879,310.68743555175206,309.95427253285766,309.2442257748633,308.56005814477595,307.9040328310653,307.2779300624065,306.68306747389977,306.12033028204513,305.5902010511501,305.0928012608839,304.62792292145105,304.1950731858855,303.79351023498265,303.4222867195828,303.0802795357407,302.7662342460751,302.4787904064734,302.2165156570816,301.9779345139784,301.7615463140055,301.5658542533226,301.38937718681416,301.2306685099135,301.08832735707176,300.9610085942592,300.8474314532966,300.7463839045376,300.6567263236171,300.5773953430248
0.0013637636992374963,322.44253329975743,322.4035602969501,322.2870735791326,322.09436411111756,321.8275559632468,321.4895646234522,321.0840408950935,320.6153011476167,320.08824658533854,319.50827299870275,318.8811742206153,318.2130415555036,317.5101609580399,316.77891191216514,316.02566961533705,315.25671075379324,314.4781291463538,313.6957579623968,312.9151027171992,312.1412849667835,311.3789969798674,310.6324684898692,309.9054422381821,309.2011646323526,308.5223808408135,307.87134320643236,307.24982746087534,306.6591525203048,306.10021001763914,305.57349340879057,305.0791387913607,304.6169558850843,304.18647194548294,303.7869670098972,303.4175167243651,303.0770216464993,302.76425109900003,302.47786815587307,302.2164633488432,301.9785831555836,301.7627477741536,301.5674799294353,301.3913166037689,301.23282782553906,301.09062784644397,300.963385145982,300.84983108792284,300.74876436838053,300.6590547528205,300.57964701340495
0.0013687636992374963,322.2712697427352,322.23272342464577,322.1175107342699,321.9269046499517,321.66299971920927,321.3286710562449,320.9275191637428,320.46380132184026,319.9423521664155,319.3684948898881,318.7479462334419,318.0867174963289,317.39101330076323,316.6671320084536,315.9213693589088,315.15992558996,314.3888222769954,313.6138255640046,312.84038001092665,312.0735529237257,311.31798948409835,310.5778797449668,309.85693426750197,309.15837465576135,308.48492843046716,307.83883705444026,307.22187165240746,306.6353522471496,306.0801766597132,305.55684896682095,305.06551958186867,304.60601561079375,304.1778840760562,303.78042653322944,303.41274128963767,303.07375224078385,302.76225216207695,302.4769273578265,302.2163909862418,301.97921124643096,301.7639289827898,301.56908626015354,301.39323802478316,301.23497079884646,301.09291383503995,300.96574913113716,300.8522201069311,300.7511361252829,300.66137629744844,300.5818935040682
0.0013737636992374963,322.10163720982354,322.06351259165973,321.949559057359,321.76103184704436,321.49999639207886,321.1692879872528,320.77245752198365,320.3137039898565,319.797796356125,319.2299861858294,318.61591414855616,317.9615125842431,317.27290583092184,316.5563121563753,315.8179488299067,315.06394056988375,314.3002375622163,313.5325396922695,312.76623123408797,312.0063258094709,311.2574219719709,310.5236704456303,309.80874985799727,309.11585715616695,308.4477022663631,307.80651573978344,307.1940639875511,306.6116679681332,306.0602314660673,305.5402689117579,305.05194473583776,304.5951031105137,304.1693104928038,303.7738896210496,303.4079611324641,303.070471938924,302.76023796294805,302.47596845274256,302.21629892896345,301.979819072719,301.76509016028865,301.5706734078558,301.3951415620072,301.2370974992786,301.09518535672026,300.9681005546235,300.85459849229176,300.7534991396875,300.66369090916186,300.5841347579837
0.0013787636992374963,321.9336303138594,321.89592244272876,321.7832132881035,321.59674059790797,321.33854109038646,321.01141079031294,320.61885165520323,320.1650051878734,319.65457557308594,319.09274371099434,318.48507521133445,317.8374244922334,317.15583664770224,316.4464508722572,315.7154069457432,314.9687549898098,314.2123746495814,313.4519003143034,312.6926566383682,311.9396041231664,311.197295151884,310.46984147118303,309.7608900223677,309.07361324367685,308.4107035222968,307.77438046902427,307.166405677931,306.5881008757261,306.0403755894548,305.5237543397569,305.0384152795632,304.5842193308637,304.16075205608746,303.7673570438052,303.4031769323177,303.0671813306005,302.758209004549,302.47499186136156,302.2161875212535,301.98040690871335,301.76623151796815,301.5722415281915,301.39702732271826,301.23920799286077,301.09744244304727,300.9704394198835,300.8569662251338,300.75585337562876,300.66599853950237,300.5863707181798
0.0013837636992374963,321.76724301903175,321.7299469753628,321.6184675232263,321.43402516209494,321.17862829641496,320.8550342253044,320.4666966495547,320.01770036985334,319.5126856727302,318.9567637475786,318.3554261474224,317.7144503974779,317.03980337953266,316.3375462275896,315.6137422055287,314.8743677545731,314.12523282224754,313.3719070596841,312.61965616444303,311.8733880789194,311.1376094724228,310.41639346545327,309.71335556108664,309.0316438382709,308.37393320277187,307.7424322989326,307.13889780349575,306.5646520474312,306.02061008295493,305.50730626119434,305.02493216608843,304.5733651564177,304.1522095741683,303.76082952859423,303.39838933295846,303.06388097638336,302.7561657663626,302.47399798577055,302.21605709273314,301.9809750174,301.7673532586093,301.57379077049217,301.39889540964396,301.24130234245473,301.09968512348473,300.9727657290595,300.859323285867,300.7581987968283,300.66829913996816,300.58860132780416
0.0013887636992374964,321.6024686829619,321.56557958181577,321.45531525811316,321.2728792043016,321.02025190655837,320.7001524775691,320.3159870302602,319.8717844445347,319.3721219828984,318.82204206955066,318.22696319512227,317.5925870119939,316.92480321293067,316.2295958760329,315.5129527152172,314.780777400885,314.03881102040924,313.2925592400988,312.5472294598705,311.80767762200026,311.07836513695094,310.36332684984006,309.6661470740319,308.9899496800949,308.3373921520543,307.71067214440353,307.1115413193992,306.54132245172593,306.0009359050739,305.49092560501805,305.01149627889185,304.5625414128085,304.14368380580174,303.7543077613215,303.3935989442125,303.06057140919245,302.7541087056078,302.4729872103654,302.2159079591728,301.9815236511032,301.7684555769469,301.5753212781592,301.4007459212679,301.24338060799806,301.10191342558477,300.9750794831395,300.86166965429663,300.7605353667856,300.6705926620849,300.5908265301804
0.0013937636992374964,321.43930009656344,321.4028130888421,321.29374942625986,321.1132958333044,320.86340526955536,320.54675919525823,320.1667167979015,319.72725181051163,319.23287933757126,318.6885739749149,318.09968213609056,317.4718306116904,316.8108329198506,316.1225970790232,315.41303621145244,314.6879821194192,313.95310786164316,313.2138558679798,312.4753758960666,311.7424724442209,311.01956211746096,310.3106418357163,309.61926497152854,308.948531339234,308.30108106277135,307.6791007859764,307.0843370625354,306.51811295370794,305.9813539245901,305.47461322287967,304.9981084353883,304.55174886967444,304.1351754627028,303.7477923887465,303.38880634366143,303.0572531356809,302.7520382583661,302.4719599027614,302.2157404232238,301.98205305206983,301.7695386601335,301.5768331890303,301.4025789521176,301.24544284673,301.104127375164,300.97738068209514,300.86400530973077,300.7628630488618,300.672879057473,300.59304626886086
0.0013987636992374964,321.27772952180544,321.24163979536127,321.13376243664493,320.95526763885056,320.70808122271393,320.3948475247203,320.01887946280874,319.584096389479,319.0949521088395,318.5563543162947,317.9735783244385,317.35217706391165,316.6978888836166,316.0165467300566,315.31399008418583,314.59597977576357,313.8681216602108,313.1357956741895,312.40409458441815,311.6777719985311,310.96120016772375,310.25833843620586,309.572709484835,308.9073892249947,308.265000484079,307.6477188769786,307.05728575774754,306.4950243204574,305.9618649251573,305.4583698930602,304.9847693902547,304.5409882434593,304.1266852118862,303.7412840204263,303.38401207824535,303.05392663754816,302.74995484065,302.47091641465687,302.21555477511157,301.98256345302235,301.7706026881778,301.578326635725,301.4043945930358,301.2474891134033,301.10632699646965,300.9796693250113,300.8663302310817,300.76518180635907,300.675158277909,300.5952604876768
0.0014037636992374964,321.1177487274926,321.0820515081464,320.9753462091411,320.7987867266142,320.5542721262397,320.2444101440368,319.8724680776531,319.44231165774136,318.95833423720757,318.42537752992433,317.84864671432416,317.2336218535573,316.5859671235167,315.9114413777236,315.2158113981336,314.50476793030015,313.7838504453755,313.058377124805,312.3333843915773,311.6135755128783,310.9032788357746,310.2064164773681,309.52648067610465,308.8665235947241,308.22915082942274,307.6165269503125,307.0303880237282,306.47205722613455,305.94246960967916,305.4421963242006,304.971479838591,304.53026020007155,304.1182136778899,303.73478323056156,303.37921666578455,303.05059237278635,302.7478588494161,302.46985708265134,302.2153512932924,301.983055077682,301.77164783435927,301.5798017459715,301.4061929314365,301.24951946048463,301.1085123123353,300.98194541020695,300.8686443969604,300.7674916025955,300.67743027538535,300.5974691307847
0.0014087636992374964,320.9593490231719,320.92403957564255,320.8184922080735,320.6438447513234,320.4019698957692,320.0954392948064,319.7274752683387,319.30189067608336,318.8230192603246,318.29563766313856,317.72488188611567,317.1161601078526,316.4750633181307,315.8072772475607,315.118496913136,314.4143438570702,313.7002919787884,312.9815984370524,312.26324395398456,311.5498820033682,310.84579747577317,310.15487560882406,309.4805784478491,308.8259345621884,308.1935323839115,307.5855254249071,307.0036443786278,306.4492122568236,305.92316860446795,305.4260931588477,304.9582404189239,304.51956535741306,304.1097614448874,303.7282905597501,303.3744205964248,303.0472507768631,302.7457506635269,302.4687822290215,302.2151302450748,301.98352814126406,301.77267426561986,301.58125864291515,301.40797405154694,301.2515339383431,301.1106833443273,300.98420893534984,300.8709477857659,300.76979240097404,300.6796950021648,300.5996721427106
0.0014137636992374964,320.80252129126575,320.7675949200178,320.6631914740237,320.49043294815726,320.2511660332048,319.9479268122743,319.5838932632885,319.162826118087,318.6890003402239,318.1671284004399,317.6022780712054,316.99978661984574,316.3651728274611,315.7040502627842,315.0220431034771,314.32470456167994,313.61744377099325,312.9054575944355,312.1936716916589,311.48669028676534,310.7887552592697,310.1037153138509,309.43500255193163,308.785622105538,308.1581453113285,307.5547146118502,306.9770552453859,306.4264899151396,305.9039624631979,305.4100609768267,304.9450517160634,304.50890428778115,304.101329058696,303.721806516653,303.3696243340102,303.0439022638443,302.74363064466223,302.467692162457,302.21489188720943,301.9839828509465,301.7736821429348,301.58269744540934,301.40973803463453,301.25353259542726,301.1128401128833,300.9864598975633,300.8732403757683,300.772084165048,300.68195241083185,300.6018694683903
0.0014187636992374964,320.647256017527,320.61270806753987,320.50943465397296,320.3385421625053,320.10185165594436,319.80186415389124,319.4417139212061,319.02511029698087,318.55627028915364,318.0398430882184,317.4808291755445,316.8844958706952,316.2562907139293,315.60175606396393,314.9264461762213,314.23584679829787,313.5353030970951,312.8299523611025,312.12466582129616,311.42399899236756,310.7321511859089,310.0529349189758,309.38975259811485,308.74558607487694,308.1229896607956,307.5240947202199,306.95062095680163,306.4038906246087,305.88485167066614,305.39410029844674,304.9319142638187,304.49827752015426,304.09291702868575,303.71533157957793,303.36482831738726,303.0405472274611,302.74149913818593,302.46658717875823,302.21463646644713,301.9844194063142,301.77467162166283,301.58411826829087,301.41148495922255,301.2555154784326,301.11498263744124,300.988698293527,300.8755221451872,300.77436685858237,300.6842024543411,300.6040610532087
0.0014237636992374964,320.49354331990537,320.4593691773691,320.3572120298754,320.1881628781758,319.95401752458827,319.6572424263901,319.3009287573993,318.8887351910978,318.42482159407075,317.9137747581982,317.36052880196803,316.77028205081587,316.148411762299,315.5003900276949,314.83170208861793,314.1477670857905,313.4538670116402,312.7550802954897,312.0562243687114,311.3618065732886,310.6759840936021,310.0025336030938,309.3448280621861,308.70582619946146,308.088065373111,307.4936658626308,306.92434176035647,306.3814147338352,305.8658366463691,305.3782115875517,304.9188285475818,304.4876855423649,304.0845258295943,303.7088661979849,303.3600329616448,303.0371860421227,302.7393564739673,302.4654675614981,302.2143642200681,301.98483799977873,301.775642851878,301.58552122263967,301.413214901292,301.2574826324586,301.11711093656163,300.99092411957133,300.87779307226475,300.7766404456107,300.6864450860623,300.6062468430351
0.0014287636992374965,320.3413729759086,320.3075680688494,320.206513545741,320.0392852441367,319.80765406920597,319.51405241145494,319.1615289687366,318.75369246801546,318.29464643987194,317.78891614967483,317.241370271372,316.65713907994086,316.04153049858087,315.3999472843177,314.7378065646227,314.060461723044,313.37313236274537,312.68083876328114,311.98834518065877,311.3001113171782,310.6202526681952,309.95251040613607,309.300228293683,308.66634209454463,308.0533722867768,307.4634280605085,306.89821782280177,306.3590625204654,305.846917747906,305.36239525442244,304.90579500678507,304.4771288031667,304.0761559032538,303.7024107939176,303.3552386592915,303.0338190638789,302.73720296716164,302.4643335826508,302.21407537638436,301.9852388169768,301.77659597868256,301.586906416024,301.4149279344731,301.2594341011568,301.11922502804174,300.99313737176567,300.88005313533455,300.77890489048883,300.6886802598224,300.6084267842569
0.0014337636992374965,320.19073444853825,320.15729424737856,320.057328833309,319.89189909986396,319.6627514142378,319.3722845900578,319.0235054573121,318.61997350744844,318.16573673142386,317.66525973060857,317.123346642803,316.5450606261568,315.9356412079738,315.30042273473873,314.64475511058305,313.97392680351066,313.29309580551717,312.60722494971975,311.9210259360629,311.23891135641065,310.5649554526575,309.9028642373095,309.2559525232398,308.6271332678861,308.0189101437325,307.4333812491087,306.872249234524,306.3368341949607,305.8280952742174,305.3466516585379,304.89281403724056,304.4666077142018,304.0678076602329,303.6959657633645,303.3504457813766,303.03044663133494,302.7350389189517,302.4631855031871,302.2137701552148,301.98562203714675,301.77753114250424,301.58827395273255,301.4166241302248,301.2613699268702,301.1213249290233,300.9953380460012,300.8823023128854,300.7811601579445,300.69090792994456,300.6106008238113
0.0014387636992374965,320.041616910873,320.0085369289295,319.9096472363833,319.7459939993708,319.5192994021007,319.23192916553296,318.88684885288274,318.48756942295637,318.0380841144582,317.54279771763254,317.00645073251985,316.4340401239656,315.83073795189136,315.20181106639586,314.5525430301288,313.8881582290246,313.21375381479817,312.5342358713025,311.85426415669065,311.1782046777672,310.5100908558177,309.8535938829327,309.21199986957356,308.58819912594413,307.98467859481013,307.40352528229266,306.84643601369885,306.31472990418735,305.8093694686676,305.330981111204,304.8798859933661,304.4561226518724,304.05948148139987,303.6895314775543,303.34565467855464,303.02706906652026,302.7328646172514,302.4620235736408,302.21344876833666,301.98598783348586,301.77844847937587,301.5896239339926,301.41830355800505,301.2632901507642,301.1234106560931,300.99752613806913,300.8845405836216,300.78340621312435,300.69312805128527,300.61276890921425
0.0014437636992374965,319.89400926937157,319.861285063294,319.7634578339014,319.60155923398713,319.3772876155687,319.0929760854523,318.75154953414375,318.35647108252965,317.91167999538857,317.42152209503143,316.89067513207357,316.3240707914233,315.72681458412114,315.104106768414,314.4611654383112,313.8031517229194,313.13510269727385,312.46186838689187,311.7880572172921,311.11798913164057,310.45565716066903,309.804698013887,309.16836934612945,308.5495389797668,307.950677204924,307.3738599370713,306.82077811024465,306.2927497348336,305.7907405219788,305.3153838780562,304.86701119030374,304.4456739591228,304.05117771940934,303.6831082841877,303.34086568209824,303.02368667571545,302.7306803373748,302.4608480346452,302.21311141991316,301.9863363734881,301.77934812120117,301.5909564581774,301.41996628543063,301.26519481294986,301.12548222537805,300.9997016437329,300.8867679265187,300.78564302163716,300.6953405792682,300.6149309885876
0.0014487636992374965,319.74790018595866,319.7155273561135,319.6187494617992,319.45858385395104,319.23670539898734,318.9554150623652,318.6175976489013,318.22666912811064,317.78651556010493,317.30142463274365,316.77601222546417,316.21514564640273,315.62386476616086,315.0073041459914,314.3706172750268,313.71890284248786,313.05713860297254,312.3901192082733,311.7224023552387,311.0582624407833,310.40165253226587,309.7561751927019,309.1250598674017,308.51115205059625,307.91690545801004,307.3443849179307,306.79527540958645,306.27089371666386,305.7722085750248,305.2998601814413,304.85418990593814,304.43526194713513,304.0428967001181,303.6766965086097,303.3360791048623,303.0202997502378,302.7284863426715,302.4596591174433,302.2127583068995,301.98666781926477,301.7802301960053,301.5922716210007,301.42161237842754,301.26708395259993,301.1275396526338,301.00186455879634,300.88898432087586,300.7878705495941,300.697545469916,300.61708701068466
0.0014537636992374965,319.60327809895864,319.5712522897601,319.4755107337363,319.31705668887633,319.0975418783845,318.81923559346046,318.48498313319806,318.0981539941042,317.66258179179783,317.1824969034372,316.662454205414,316.10725752202416,315.52188198177345,314.9113973340565,314.28089331776306,313.635406990814,312.97985753619014,312.3189849101864,311.6572966796834,310.9990222086252,310.34807502523245,309.7080238802947,309.0820702549465,308.473037475202,307.88336276172646,307.3150998609492,306.76992773623886,306.2491618256159,305.7537737214915,305.28441020268673,304.8414223828169,304.4248868969448,304.03463872393263,303.6702964549259,303.3312952421998,303.01690856718784,302.72628288513044,302.4584570443716,302.2123896194271,301.9869823278477,301.7810948281723,301.593569515701,301.4232419013733,301.26895760805746,301.1295829533279,301.00401487916747,300.8911897463647,300.79008876364713,300.69974267987965,300.6192369249138
0.0014587636992374965,319.460131242934,319.4284481431263,319.3337300607374,319.1769663671498,318.95978598053335,318.68442697920403,318.35369572944546,317.97091592492916,317.5398694878613,317.06473029870585,316.5499930888077,316.00039908129736,315.42085955080034,314.81638031023186,314.1919881937009,313.55265942800963,312.9032553658679,312.2484619398563,311.5927371802657,310.94026592718006,310.2949225909029,309.66024244238116,309.0393992431032,308.4351943109553,307.8500484519275,307.2860043377171,306.7447348572173,306.227553986751,305.7354360104097,305.26903408426085,304.82870882998077,304.41454906097823,304.0264040670919,303.66390840706384,303.3265143728346,303.0135133901602,302.7240702059539,302.45724202931956,302.212005541169,301.98728005147655,301.78194213866936,301.59485023321554,301.4248549172308,301.27081581693835,301.1316121427178,301.00615260091746,300.89338418307466,300.7922976310229,300.70193216646624,300.62138068136
0.0014637636992374965,319.31844766748486,319.2871030103771,319.193395669806,319.0383013343163,318.8234264510182,318.5509783410065,318.2237250036136,317.8449449916589,317.41836927592215,316.9481160444296,316.43862073133727,315.8945628310135,315.3207906422708,314.7222469071392,314.1038963912044,313.47065528188716,312.82732783545043,312.1785466260511,311.52872073538725,310.88199098456266,310.24219308411136,309.6128291555723,308.9970454844376,308.3976215406595,307.8169617969223,307.2570978590679,306.7196964852873,306.20607007706315,305.71719544856893,305.25373193183106,304.81604942470574,304.4042486645175,304.01819298288945,303.65753262978467,303.32173675969125,303.0101144699193,302.72184853610264,302.45601427816666,302.2116062496859,301.9875611378709,301.782772245259,301.5961138623443,301.42645148767366,301.2726586162273,301.13362723592394,301.0082777203363,300.8955676115548,300.7944971195562,300.70411388766365,300.62351823080525
0.0014687636992374966,319.1782152550619,319.1472048187194,319.05449562156207,318.90104987049864,318.6884518713565,318.4188786379667,318.09506036152425,317.72023110779776,317.29807162903717,316.83264521534227,316.3283288413943,315.7897411349251,315.2216682868416,314.62899082408,314.0166122707304,313.38938955809357,312.75207057225066,312.1092351876867,311.46524412007483,310.82419467213543,310.18988426964887,309.56578221317494,308.9550075549205,308.36031807714534,307.7841020015292,307.2283798786319,306.6948122820577,306.1847099281552,305.69905200281505,305.2385038162244,304.8034443141638,304.3939859070958,304.0100057028368,303.65116936964546,303.3169626506848,303.00671204504187,302.7196180968146,302.45477398919616,302.2111919167545,301.9878257304884,301.7835852626999,301.5973604899045,301.42803167320534,301.2744860423678,301.1356282479977,301.0103902339845,300.89774001285355,300.7966871977192,300.7062878021644,300.6256495247472
0.0014737636992374966,319.03942173784156,319.0087413452358,318.91701782695213,318.76520010690376,318.5548506752232,318.28811668273977,317.9676910642935,317.59676404423476,317.1789668801028,316.71830874884483,316.21910899324547,315.68592622624953,315.1234853886009,314.5366056381213,313.93013007518493,313.30885714973476,312.67747909634454,312.04052374200404,311.40230401345616,310.7668741913029,310.13799382840415,309.519099730709,308.9132839588559,308.32328276764713,307.75146821093495,307.19984979621887,306.67008186092716,306.16347332878723,305.68100560224053,305.2233497752952,304.7908936170039,304.38376096382603,304.00184243777153,303.6448188559161,303.3121922794728,303.00330634252833,302.71737910009756,302.4535213534891,302.21076270867906,301.9880739687687,301.7843813029359,301.5985902008769,301.4295955332702,301.2762981313467,301.13761519398554,301.0124901387408,300.8999013685547,300.79886783464985,300.70845386938703,300.62777451541604
0.0014787636992374966,318.9020547137112,318.87170023283045,318.7809500630787,318.6307400414597,318.4226111638205,318.1586811565724,317.84160624296715,317.47453344341784,317.06104523551346,316.60509745810316,316.11095263952797,315.5831102195286,315.026234736268,314.4450848146164,313.8444439397555,313.2290528465149,312.603548829021,311.97240831233825,311.3398970058637,310.7100266599711,310.0865193632032,309.4727797511562,308.8718731335705,308.2865143979654,307.71905951436895,307.1715069610401,306.6455047898907,306.14236002730473,305.6630561402704,305.20826981570474,304.7783974248591,304.3735739866679,303.9937033789131,303.6384813014522,303.30742586617106,302.99989757838495,302.71513174919767,302.45225655529805,302.2103187865869,301.9883059883647,301.78516047527637,301.59980307854363,301.4311431263582,301.2780949187736,301.13958808898826,301.0145774318471,300.90205166081097,300.80103900017684,300.710612049496,300.62989315579085
0.0014837636992374966,318.7661016614083,318.73606900533144,318.64627998819276,318.4976575536263,318.29172152043895,318.0305606235464,317.7167949123853,317.3535288327846,316.94429678810855,316.4930020444634,316.0038511230975,315.4812851218775,314.9299090138181,314.3544217171891,313.7595479012429,313.1499713434135,312.53027510080653,311.9048848354996,311.2780196055859,310.65364911868835,310.0354584043628,309.4268202499526,308.830773453875,308.25001169643076,307.68687494860217,307.1433506747765,306.62108059421263,306.12136973395206,305.64520347665,305.1932639146171,304.76595580378284,304.36342510563367,303.9855886988687,303.6321569035262,303.30266361803507,302.996485958177,302.712876239045,302.4509797724023,302.20986030670855,301.9885219213618,301.7859228865645,301.60099920461744,301.432674510104,301.27987643995476,301.1415469482165,301.0166521109501,300.9041908723757,300.80320066484364,300.7127623034199,300.63200539961366
0.0014887636992374966,318.63154995485485,318.6018350817908,318.51299515588994,318.36594041842056,318.1621698242465,317.90374354407055,317.5932459843186,317.23373963748963,316.8287115294406,316.3820131092219,315.89779568826117,315.38044284365253,314.8345008105611,314.26460961720693,313.6754359069191,313.07160724892344,312.4576531590867,311.8379491687861,311.2166682452837,310.59773853648306,309.98480841497155,309.3812191397382,308.7899832363106,308.2137733376761,307.6549135012772,307.1153801945005,306.5968087589725,306.1005021230756,305.6274474393388,305.1783320213149,304.75356879561656,304.35331442993834,303.9774985525913,303.6258458446196,303.2979057301085,302.9930716775553,302.710612756677,302.4496911764449,302.20938742064357,301.98872189648495,301.78666864133817,301.6021786593644,301.4341897413789,301.28164272996264,301.1434917870429,301.0187141741392,300.9063189866305,300.8053527999299,300.7149045928678,300.6341112014025
0.0014937636992374966,318.49838687672803,318.4689857900223,318.3810830285512,318.2355763196963,318.03394406334587,317.7782182876569,317.47094827990975,317.11515519245927,316.7142793614006,316.27212116477824,315.792777491426,315.2805752085651,314.74000263070013,314.1756417027678,313.59210182293356,312.9939550928727,312.3856781753435,311.7715970966444,311.1558392880874,310.5422918164131,309.9345667959114,309.3359742748747,308.7495007431884,308.17779794622743,307.6231741140799,307.08759473545854,306.5726887314912,306.07975683522415,305.6097878263156,305.1634740587394,304.7412364192945,304.34324204909507,303.96943307829287,303.6195482931774,303.2931523858414,302.98965492275767,302.70834148164124,302.44839093325334,302.2089002756131,301.9889060392955,301.78739784198103,301.60334152171924,301.4356888763781,301.28339382370075,301.14542262104965,301.02076361998263,300.9084359876124,300.807495377471,300.7170388803446,300.6362105164638
0.0014987636992374966,318.36659963130353,318.3375083794142,318.25053099006357,318.1065528627139,317.9070321471354,317.6539731450176,317.34989054145376,316.9977647538095,316.60099010722877,316.1633166452033,315.6887876111901,315.1816739632704,314.6464069023961,314.0875110872254,313.50953944228854,312.91700933384647,312.3143452520274,311.70582433699724,311.0955290333902,310.4873058008403,309.88473089063257,309.2910834557425,308.7093241864339,308.142084099921,307.59165568575827,307.05999347372097,306.548719923641,306.05913347914884,305.59222440729803,305.1486899249585,304.7289586720865,304.33320803395975,303.96139239831393,303.61326440432623,303.2884037576779,302.98623587108574,302.70606258637827,302.4470792031433,302.20839901469833,301.9890744723768,301.7881105888654,301.60448786939367,301.43717197070197,301.28512975596453,301.1473394660736,301.0228004475601,300.9105418600379,300.80962837027636,300.719165129165,300.6383033009029
0.0015037636992374967,318.2361753566077,318.20739003305255,318.1213263578579,317.97885758603513,317.78142191800674,317.5309963395143,317.23006144355134,316.8815575096575,316.4888335219441,316.0555899162499,315.5858170579053,315.08373078645565,314.55370598636136,314.00021081727436,313.42774249240676,312.8407643662332,312.2436494290815,311.64062654725205,311.03573372235195,310.4327772764437,309.83529798969363,309.246544432828,308.669451731244,308.10663033315666,307.56035707499746,307.0325755487065,306.52490171404685,306.0386316337099,305.57475692538185,305.13397949456527,304.7167355307823,304.3232124377258,303.95337661995325,303.6069943205595,303.28366000761673,302.98281469135895,302.7037762365858,302.4457561412084,302.2078837770683,301.9892273155101,301.7888069804868,301.60561777897857,301.438639079433,301.2868505614977,301.1492423382478,301.02482465649297,300.9126365893247,300.81175175194545,300.72128330346504,300.64038951163417
0.0015092636992374967,318.09433133544667,318.0658778898082,317.980805443413,317.83997410998467,317.64480050243685,317.3972320459482,317.0997124373431,316.75513851305857,316.36681017699385,315.93837415921485,315.47376356979254,314.9771345564726,314.45280100200586,313.9051698522038,313.33867794352807,312.757730077481,312.166643394597,311.56959438822014,310.9705728197025,310.3733414190476,309.7814024154107,309.1979711128256,308.62595479614197,308.0679414788022,307.52619088462177,307.0026346009379,306.4988813932728,306.01622459822204,305.5556571582315,305.1178859305766,304.70335516850196,304.31226302854355,303.9445888483373,303.60011353974835,303.27844751110337,302.97904863424304,302.701252112336,302.4442869870264,302.2073000582599,301.98937655004556,301.78955319947744,301.6068407679076,301.4402335307784,301.28872511159227,301.1513185494977,301.02703596811796,300.91492725053286,300.8140757773544,300.723603454296,300.64267631428237
0.0015153136992374968,317.94023871209623,317.9121448053095,317.8281462166757,317.68908886289756,317.49636603426995,317.25189321764276,316.9580742427208,316.61775900004636,316.2341943495669,315.8109689698933,315.3519540724731,314.86124125963516,314.34307843743363,313.8018063284357,313.24179643209976,312.66739016512054,312.08284418573714,311.4922782446549,310.89962981030914,310.3086143286944,309.7226921809116,309.1450425247428,308.57854235714177,308.02575524337135,307.4889222120215,306.969961680203,306.4704744497791,305.991750733688,305.534784742305,305.1002885369944,304.6887149562003,304.30027366770565,303.9349578968487,303.5925643401407,303.2727205854475,302.9749027005438,302.698464619136,302.44265435387865,302.2066375675405,301.9895179562922,301.79035015969686,301.6081620326356,301.44196403767893,301.29076495169863,301.15358187256686,301.0294498520677,300.9174305501904,300.8166179956811,300.7261436401441,300.64518199922634
0.0015219686992374967,317.7730449197428,317.7453399325897,317.6625029709553,317.5253646413091,317.33529308156665,317.09416933239726,316.8043542222534,316.46864699963464,316.09023729666853,315.6726511517629,315.2196929725067,314.73538468585485,314.2239029598743,313.6895169926758,313.13652769353706,312.5692079727796,311.9917490911991,311.4082094153439,310.82246981028777,310.2381945051816,309.6587985144315,309.0874217695463,308.5269083544094,307.97979521827585,307.4483029814838,306.9343356188205,306.43948511606914,305.9650381047823,305.51198996790276,305.081058205128,304.6727047621049,304.2871515940262,303.9244068013811,303.58428402740077,303.26642933617245,302.97033839276924,302.6953853279792,302.44083863303683,302.20588435258844,301.9896461612433,301.7911980784237,301.609586479451,301.4438393807657,301.29298200647554,301.1560467271846,301.03208265190466,300.9201642579933,300.8193971740865,300.7289232612412,300.6479262946954
0.0015292891992374968,317.59188087903175,317.5645958963488,317.48301342473405,317.3479475923637,317.16073946464286,316.9232330039011,316.63774274708715,316.3070134192519,315.93417302955504,315.5226801536746,315.07626723763667,314.59888113593104,314.0946217397403,313.5676811376032,313.0222841093811,312.4626296533445,311.89283843925205,311.3169025388249,310.73864164664826,310.16166460081774,309.5893373067698,309.0247571857597,308.4707326007688,307.92977155679444,307.40407241549246,306.89552332299246,306.4057065052472,305.93590448586,305.48711367764815,305.0600572260979,304.65520669813344,304.27279712226596,303.91285248696903,303.5752045837313,303.2595193009946,302.9653133644514,302.69198263869816,302.4388176781374,302.20502651030614,301.9897543798046,301.79209625069143,301.6111185334777,301.44586825260643,301.2953884590302,301.15872809337486,301.03495153102506,300.92314718341987,300.8224333028568,300.7319630908594,300.65093042173413
0.0015373417492374967,317.3958705005545,317.36903826499736,317.28880810287535,317.1559764452662,316.97185528126096,316.7382487474569,316.4574216540917,316.13206014900436,315.7652260261945,315.36030535744237,314.92095323262316,314.4510357851116,313.954570327825,313.4356659849695,312.89846559471,312.34708856493256,311.7855795119472,311.21785904043713,310.64768085615435,310.07859399381704,309.51391128505566,308.9566841518921,308.4096822428878,307.87538212527795,307.35595790778115,306.85328039953635,306.3689210227547,305.9041575880696,305.45998733801116,305.0371392341394,304.63609496043506,304.2571034042691,303.90020547064944,303.56525233129395,303.2519310903331,302.9597810519958,302.68822141520786,302.43656645377575,302.20404785676317,301.9898341122828,301.7930427788829,301.61276190347934,301.44805905954837,301.2979965905358,301.16164138865975,301.0380743865103,300.9263991246942,300.82574757748694,300.73528528819674,300.65421713536404
0.0015461995542374967,317.18414261535156,317.15779744436213,317.07902212052124,316.94859411409533,316.76779425992675,316.53838401921575,316.2625749113228,315.9429902993211,315.58262099341965,315.1847753237506,314.75302541547643,314.29115080378733,313.803080182244,313.29283360814543,312.76446591301044,312.2220109818165,311.66943166236047,311.1105716721247,310.54911366925325,309.98854224253824,309.4321129673473,308.8828275745513,308.343413818395,307.8163141663456,307.3036763305513,306.8073521452698,306.32890107565447,305.8695955253151,305.4304332972938,305.01214929013395,304.6152357698453,304.2399562553295,303.8863696001647,303.5543476070153,303.24360001928267,302.953690282203,302.68406258434095,302.43405663891315,302.2029295460694,301.98987478742214,301.7940342466201,301.6145192914872,301.4504196703688,301.300818569796,301.1648022992449,301.041469721646,300.92994078154345,300.8293623499477,300.73891338594655,300.65781074590484
0.0015559431397374967,316.95584555250883,316.93002321177096,316.85280958731073,316.7249618878033,316.5477276546,316.32282273901245,316.0524016979803,315.73902077358457,315.3855948751495,314.99534918691205,314.5717670781933,314.11853541245034,313.63948801476596,313.1385495558276,312.6196805718852,312.08682326499644,311.54385277061607,310.9945302715806,310.44246209636685,309.89106352849916,309.3435284966469,308.8028051515575,308.271575989127,307.75224654537254,307.2469358385479,306.7574749534743,306.2854101260182,305.83200755818956,305.39826526225886,304.98492413111563,304.5924874321003,304.22123406028015,303.8712418382078,303.5424044542356,303.23445573281526,302.94698485406195,302.6794626942226,302.4312561788771,302.20164963024087,301.989863341759,301.7950653268122,301.616392036553,301.4529571007798,301.30386618182393,301.1682265544979,301.04515646685894,300.93379362210175,300.83330104021394,300.742872244442,300.6617371132333
0.0015666610837874967,316.71016456471995,316.6849020911453,316.609360831825,316.4842764060962,316.3108608778055,316.0907814915807,315.8261320909228,315.51939736457007,315.17341129174395,314.7913103792464,314.3764833079492,313.9325180415194,313.46314712128327,312.9721933353087,312.4635164511883,311.94096063677136,311.40830717540615,310.8692288694776,310.3272502370353,309.78571220018495,309.24774245772187,308.7162315047384,308.19381303647174,307.68285265758726,307.1854382387942,306.7033781979321,306.23820414087896,305.79117516065116,305.36328903085894,304.9552926163375,304.5677005420028,304.2008077776118,303.8547121051581,303.5293303393381,303.22442182808356,302.93960309497436,302.6743734291677,302.4281287802756,302.20018255221845,301.98978372575857,301.7961283130649,301.61837968096694,301.4556771216295,301.30715048309503,301.1719296324846,301.0491537371832,300.9379796926188,300.837587997424,300.74718796259197,300.66602360513235
0.0015784508222424967,316.44634223719385,316.4216777044985,316.3479225816972,316.225789556683,316.05645300766054,315.8415285416243,315.58304549306644,315.2834125097006,314.94537754494905,314.5719828187039,314.1665163011834,313.7324607268907,313.2734408252467,312.79317088161196,312.2954032868484,311.7838776789946,311.26227519658585,310.7341742557268,310.20301191771404,309.6720495178429,309.1443437708976,308.6227232701793,308.10976919989236,307.6078040699498,307.1188819931053,306.6447866545416,306.1870334916555,305.7468734553416,305.3253035201461,304.9230764024002,304.54071835776915,304.1785410619498,303.83666319514725,303.51502590316176,303.21341547907406,302.9314773925999,302.6687410787372,302.42463334342415,302.19849856409775,301.989616326736,301.79721256285967,301.62047944619286,301.45858377729104,301.31068136957697,301.1759263826003,301.0534805125153,300.9425213567007,300.84224829807636,300.7518877338575,300.6706990089583
0.0015914195345429966,316.1637019069786,316.13967412730585,316.0678211280323,315.94883132445483,315.7838392019745,315.5744056990894,315.3224918436808,315.0304257491705,314.700864236753,314.33674961241206,313.9412630875701,313.5177758023257,313.06979809897297,312.6009290807539,312.1148070814487,311.615060628244,311.1052643235147,310.58889608011594,310.0692997334646,309.5496516735899,309.0329327354492,308.52190521610885,308.01909392566654,307.52677496107094,307.04696591231277,306.58142351465375,306.13164535204373,305.698873061139,305.2841021273824,304.888090879836,304.51137737236843,304.15429052623574,303.81697078155355,303.4993847583234,303.20134707010607,302.9225337045792,302.6625059594016,302.42072332737433,302.196563062766,301.989337298341,301.79830384032914,301.6226856048456,301.4616787994985,301.3144670421287,301.18023054959286,301.0581552249943,300.9474409487559,300.8473074665234,300.75699963333057,300.67579338365937
0.0016056851180735467,315.86167396400145,315.83832211995735,315.76848834905053,315.65283547194804,315.492455904837,315.2888529275933,315.04391551238723,314.7598867986799,314.43932742470827,314.0850742101448,313.7001956096889,313.2879448464331,312.85171133241323,312.39497232820156,311.92124543354186,311.43404147004264,310.93682208052996,310.43295850690913,309.925695520169,309.4181191192983,308.91312925964365,308.4134174288043,307.9214480683364,307.43944740260883,306.9693935854864,306.51301403227677,306.07178663449884,305.6469423902882,305.2394744582974,304.8501464012084,304.47950810766827,304.1279061649699,303.7955035287132,303.4822933446925,303.1881198459877,302.9126910497207,302.65560178845396,302.41634604358535,302.19433583578126,301.98891778665205,301.79938354633265,301.6249887345189,301.46496090098645,301.3185133526043,301.1848541817049,301.0631952360004,300.95276032425124,300.8527911007865,300.7625523196242,300.681337836763
0.0016213772599571517,315.53982469664373,315.5171878996711,315.4494902619888,315.3373677277688,315.18186853285175,314.98443539627254,314.74688159257335,314.47136096999884,314.16033306614395,313.8165237806674,313.4428829528364,313.04253970073785,312.61875608809675,312.1748809832732,311.7143046679487,311.2404137350313,310.7565504919658,310.2659733639689,309.77182221441103,309.2770871742746,308.7845822625085,308.29692356279213,307.8165110504689,307.34551749522325,306.88587856294356,306.43928982797144,306.0072074906191,305.59085042151065,305.1912084487475,304.8090498257767,304.4449361543532,304.09923195868885,303.7721233267141,303.4636308562043,303.1736295881334,302.90186098600617,302.6479550116363,302.4114418759777,302.191770211758,301.98832304399883,301.80042782417866,301.6273748394577,301.4684249330087,301.3228230132648,301.1898069044948,301.0686161837169,300.9585002874983,300.85872438455044,300.76857463289053,300.68736420838707
0.0016386386160291172,315.19788708076777,315.1760038541375,315.1105575115354,315.0021559027897,314.85180107667,314.66087243054636,314.4311040732118,314.16455644504543,313.86358328637374,313.53079437771487,313.1690153250564,312.78124519335904,312.3706125118048,311.94033142411683,311.4936585062983,311.0338497700413,310.5641219520192,310.08761462233997,309.60735696557504,309.1262378036238,308.64698016210315,308.172120091421,307.70398893546337,307.2447023298425,306.7961502772183,306.35999384452737,305.93766537907504,305.53036995909486,305.1390928941415,304.7646063976678,304.4074834755834,304.06810667735147,303.7466856655534,303.443269253049,303.1577643277855,302.8899470832227,302.6394840886878,302.4059434278828,302.1888121121251,301.98751142389403,301.8014065311571,301.6298243273559,301.472060891532,301.3273946522362,301.1950950414751,301.07443118123626,300.96467987623925,300.86513146431037,300.7750950680299,300.6939046417748
0.0016576261077082793,314.8357925943778,314.81470028233446,314.7516168899557,314.647121045273,314.50216675096954,314.3180675225561,314.09647508257865,313.83935263428384,313.54894374297146,313.2277372121909,312.8784291510523,312.50388298086136,312.10708786152765,311.6911172161828,311.2590878407834,310.81411909615974,310.3592961591341,309.8976339114871,309.4320452483863,308.9653123556725,308.5000622756589,308.0387464167984,307.58362330252527,307.13674768993206,306.6999606407153,306.2748859127267,305.86292967565225,305.46528136566724,305.0829203845534,304.71662196304896,304.3669699850804,304.03436489643195,303.71904016378846,303.4210733741953,303.1404041099225,302.8768444014844,302.63009874508,302.3997746006978,302.18539900536354,301.9864332544138,301.80228206953655,301.63231083146457,301.475852759129,301.33222169926535,301.200720563476,301.0806498452499,300.971315481674,300.8720346693874,300.78214110033394,300.7009910175371
0.0016785123485553576,314.4537027813112,314.43343689014046,314.3728226291616,314.2724083959843,314.13309848258945,313.9561382269818,313.74309407233517,313.4958285367296,313.2164710575022,312.9073850605321,312.5711323720277,312.210435665065,311.8281393779433,311.42717068469807,311.01050096883233,310.5811072777798,310.1419376035348,309.6958766211169,309.24571558615884,308.7941249246151,308.343630849776,307.8965956051239,307.45520073328777,307.021436343184,306.5970912028607,306.1837488399062,305.78278676365295,305.39537672824576,305.0224906225508,304.6649055171142,304.3232154009241,303.9978382344962,303.68903126532996,303.3969011665209,303.1214208248526,302.86243899182494,302.6196992040786,302.3928496154319,302.1814587713193,301.9850295936454,301.8030080765017,301.6347998733598,301.47977717396896,301.33729108951576,301.20667985121554,301.08727713698875,300.97841978328205,300.879453552364,300.7897383398161,300.7086542270537
0.0017014872134871438,314.0520389086119,314.03263239059834,313.97458583009205,313.878416534236,313.7449776629879,313.57544441273063,313.37129546519054,313.1342896850919,312.86643896522446,312.5699775324034,312.24732875189716,311.9010700660549,311.5338964608856,311.14858394015744,310.7479534225421,310.3348345205793,309.9120329082664,309.48229796982093,309.048294341587,308.61257586785507,308.17756331829867,307.74552540826465,307.3185626289143,306.8985966940066,306.48736068513904,306.08639488118615,305.69704550056866,305.32046438427795,304.9576140762275,304.60927205446023,304.27604136537497,303.9583568153688,303.656499116738,303.3706040490487,303.1006781294436,302.8466074419938,302.6081754215857,302.3850719974423,302.1769084926161,301.98323088015684,301.80352798141195,301.6372473699298,301.4838019246107,301.34258177940376,301.2129622606633,301.0943120010008,300.9860004805063,300.8874037290217,300.79790949089215,300.7169232598321
0.0017267595649121084,313.6315076997993,313.6129901970737,313.55760003564376,313.4658227507994,313.33845924189825,313.1766129989437,312.98167295602207,312.75529193632104,312.4993615213673,312.21598362149814,311.90743970445465,311.5761582612255,311.2246808600673,310.85562816547935,310.4716663026235,310.0754730088416,309.6697071332987,309.2569782466964,308.8398198743801,308.4206648662397,308.0018242600386,307.58546912223665,307.17361498093317,306.76811148644407,306.3706326436385,305.98267239653524,305.60554291133815,305.24037369886184,304.8881158934907,304.54954567802923,304.22527380967017,303.9157509526534,303.62128063710304,303.3420274346623,303.0780314871083,302.82921650026486,302.59540635767615,302.37633355724927,302.1716532033347,301.98095550464154,301.80377345159275,301.63959800025043,301.4878842804161,301.3480630783768,301.2195484893256,301.10174579442236,300.9940588089172,300.89589550089,300.8066730965898,300.72582408068865
0.0017545591514795697,313.19312083209434,313.17551790393463,313.1228606613916,313.03560239428896,312.9144909534662,312.7605570229408,312.57509838130255,312.35966009958696,312.1160114420835,311.8461197113738,311.5521219137875,311.23629476823385,310.90102336743763,310.5487697643089,310.18204182975,309.8033618084603,309.41523798131266,309.02013627456154,308.62045522104864,308.21850278496765,307.8164764115718,307.41644572957034,307.0203376283013,306.6299261689044,306.2468229424435,305.8724724418934,305.5081499141885,305.1549599498918,304.81383997823184,304.48556290454377,304.1707455327587,303.86985305077036,303.58321079447137,303.3110114381492,303.05332836588974,302.81012282322257,302.58125933406643,302.3665134171078,302.1655846427395,301.97810834675073,301.80366276547204,301.6417834649294,301.4919691832554,301.3536928150378,301.22640875450224,301.10956051057985,301.0025878378081,300.90493225093337,300.8160420519643,300.73537827621897
0.001785138696703777,312.73820572682826,312.7215380905916,312.6716758396806,312.589039779226,312.4743243081393,312.32848673032424,312.15273291513404,311.94849923835073,311.71743150439437,311.4613610564902,311.1822788709865,310.88230810360915,310.5636753561588,310.22868183194004,309.8796746932275,309.51901803469315,309.14906672287606,308.7721400294391,308.3904983457381,308.00632149454924,307.62169000036477,307.2385686913142,306.8587924609329,306.48405646886505,306.11590666704984,305.75573499733736,305.40477684850487,305.0641091496639,304.7346531087107,304.41717609144183,304.112298956814,303.820499716672,303.5421241082058,303.2773918095534,303.02640864807523,302.789172910787,302.5655895465279,302.35547715456164,302.1585800844839,301.97457934425813,301.80309917492104,301.6437206929516,301.4959873475917,301.3594153760222,301.2335008128367,301.11772681705105,301.0115705602942,300.91450861473686,300.8260218808658,300.74560145710547
0.001818776196450405,312.2684052160716,312.2526880378789,312.20566628383676,312.12772829191937,312.0195150271423,311.88191041560526,311.7160283820649,311.52319650810387,311.3049369469169,311.06294476839923,310.7990644522489,310.5152649432308,310.2136134984315,309.8962493909088,309.56535775154936,309.22314295330557,308.8718046241727,308.5135133133781,308.15038897142244,307.78448077075166,307.41774962325144,307.05205271544406,306.68912999313557,306.33059469200265,305.9779240770494,305.6324545097442,305.29537855352055,304.96774261601155,304.6504489683855,304.34425690562404,304.0497890229674,303.76753408208106,303.4978564070949,303.241001146554,302.99710532331693,302.7662033135362,302.5482398257053,302.34307616067395,302.15050133958584,301.97024219033585,301.80196934746414,301.6453100794727,301.4998533435406,301.3651596821632,301.24076787483415,301.1262019505473,301.02097780682175,300.9246084467627,300.83660878464406,300.7565014143791
0.0018557774461716958,311.7856640126658,311.7709062883288,311.7267521171325,311.65355766049754,311.5519109160298,311.4226230482473,311.2667167679365,311.08541166498867,310.88010706772445,310.6523625712834,310.4038768765723,310.1364653024201,309.85203616434427,309.5525669820172,309.24008076756434,308.9166217923784,308.5842337508607,308.24493745137903,307.90071105945947,307.55347143794967,307.2050579294644,306.85721785323244,306.5115937476835,306.1697142717722,305.83298520493076,305.5026844325942,305.1799587507788,304.8658211104003,304.561151964989,304.2666997619143,303.98308620092104,303.7108083493517,303.4502468895432,303.20167045942276,302.9652455602811,302.7410412234027,302.5290407684348,302.32914734144737,302.14119406395764,301.96495328833146,301.8001420131825,301.64643387213516,301.5034637710173,301.3708371988635,301.2481364987585,301.13492753961987,301.0307660391495,300.93520262459725,300.84778749164246,300.76807604475385
0.0018964788208651157,311.29220060702767,311.2784046754754,311.2371252969486,311.1686870284441,311.073625829271,310.95268135248926,310.80678661747487,310.6370549584248,310.4447647610939,310.23134210150397,309.9983418549637,309.7474275891978,309.4803504012288,309.19892756038325,308.90502118194553,308.60051632625215,308.2873012706254,307.9672471989576,307.642190190351,307.3139140767985,306.98413549832367,306.65449038330667,306.32652197962165,306.0016721669327,305.6812727652191,305.3665404915221,305.0585735203931,304.7583483908744,304.46672073955483,304.18442518226647,303.91207960797186,303.65018659590004,303.39914055496337,303.1592311865376,302.93065227837394,302.7135055876768,302.50781139288534,302.3135133244019,302.13048753667925,301.9585511303916,301.79746697915135,301.6469548620099,301.5066956715607,301.37634011540445,301.2555145848973,301.14382746097556,301.04087511433875,300.9462467638099,300.8595289628867,300.7803110832175
0.0019412503330278777,310.79046428607387,310.7776255156566,310.7392073220592,310.67550351060123,310.5869993928559,310.47436499349794,310.338445954933,310.1802520267796,310.000943594667,309.801816335833,309.5842845004765,309.34986308697427,309.1001490398269,308.83680223662157,308.5615264631795,308.2760497726905,307.9821068034272,307.681420422432,307.3756854260382,307.066552899782,306.755616543031,306.4444001469569,306.1343464391307,305.8268088451131,305.5230431530905,305.224202497289,304.9313337360106,304.6453740878858,304.3671513156677,304.0973830666106,303.83668026666606,303.58554790185383,303.3443911030412,303.1135177853318,302.8931463684923,302.683408914994,302.4843605014776,302.29598336508434,302.11819511022696,301.9508563033727,301.7937747131071,301.6467155754411,301.5094053653619,301.3815398690333,301.26278963181517,301.15280587470284,301.0512261460545,300.95767895147077,300.87178804189875,300.79317771023165
0.001990498996406916,310.2830783782745,310.2711850599844,310.2355933018471,310.17656727953545,310.09454349062014,309.99012482310593,309.8640726196297,309.71729661900974,309.55084317518924,309.36588181761806,309.1636905870604,308.94564037283084,308.71317835277176,308.467811210787,308.21108830813733,307.9445842093663,307.669882964281,307.3885616430962,307.102175699435,306.81224480348794,306.52024042131086,306.2275742959731,305.93558812359845,305.6455457992556,305.3586254831196,305.07591466696914,304.7984064347854,304.5269958992098,304.26247990836555,304.0055559202699,303.7568245727561,303.51678989959356,303.28586442588454,303.0643710485332,302.85254973529175,302.65055996561665,302.45848896040496,302.27635517518445,302.10411556328654,301.94167235759863,301.78887673280406,301.6455382002167,301.5114279401239,301.38628623016336,301.2698274574576,301.1617456249819,301.0617196310556,300.9694176455333,300.8845011736324,300.8066301352196
0.002044672526123858,309.7727724504521,309.7618059209328,309.72898506863294,309.6745458087667,309.59887806581594,309.50252064291954,309.38615436355167,309.2505933641519,309.0967748871688,308.92574761808646,308.73865894042046,308.5367412964676,308.3212977309604,308.09368720645693,307.85530984614275,307.60759151413606,307.3519699626261,307.0898801786664,306.82274134504024,306.55194410406654,306.27883936483903,306.0047277836712,305.73085028154634,305.4583808045642,305.1884188332292,304.92198458752966,304.66001523634304,304.40336120725834,304.1527854936197,303.9089621434208,303.6724780890481,303.4438328750746,303.22344284011064,303.0116423115153,302.80868934598857,302.6147675296062,302.42999311639517,302.25441790762625,302.0880356033036,301.9307877939865,301.78256706120123,301.64322550688166,301.512577649254,301.3904071989255,301.2764716243145,301.170507230946,301.07223404782036,300.9813599265144,300.89758435610054,300.820603295172
0.002104263408812494,309.2623077986196,309.25224280019984,309.22211761314696,309.172141476143,309.10266033576,309.0141524504039,308.9072225200252,308.78259421948627,308.6411014386389,308.4836782552478,308.3113479600794,308.1252112878454,307.92643391041145,307.71623370135285,307.49586790940594,307.26661966424354,307.0297858743484,306.7866642901529,306.53854198418156,306.2866839898777,306.0323232982734,305.7766513239596,305.52080926500986,305.265881402091,305.0128880869837,304.76278113880414,304.51644006750587,304.27466833008623,304.03819231756614,303.80765954149314,303.58363981396144,303.36662456821205,303.15703021145066,302.9551987138168,302.76140246283,302.57584548620446,302.39866956097313,302.22995652537924,302.0697337605012,301.9179794238738,301.77462501133743,301.639563034973,301.5126494911191,301.3937099826021,301.2825438317592,301.1789287202746,301.08262516543533,300.9933803215454,300.91093152349794,300.83501084315026
0.002169813379769994,308.754401888527,308.74520715467384,308.71768442378374,308.6720180154135,308.60851278019675,308.5275903684933,308.4297842538949,308.3157333907994,308.1861747670721,308.041934863503,307.8839202902902,307.7131077243355,307.53053318640497,307.33728109426204,307.13447321350355,306.9232569468015,306.7047948557253,306.48025333176497,306.250792505004,306.0175561904383,305.7816630243648,305.5441978920861,305.3062041218857,305.0686773395407,304.8325589651155,304.59873184793236,304.36801656618815,304.14116769991716,303.91887257750756,303.7017492429232,303.4903470801032,303.28514580916067,303.08655810097014,302.89492964500926,302.71054319740813,302.5336192956865,302.3643214099285,302.20275773990386,302.04898587781804,301.9030173236119,301.76481953856256,301.6343227945612,301.51142222889547,301.39598331855035,301.2878455408769,301.1868265670272,301.09272631596804,301.00533044140514,300.9244135848039,300.84974363042477
0.002241918347823244,308.25165807846827,308.243297113243,308.2182679832506,308.176731972088,308.11895592506374,308.04530911119656,307.95625904425384,307.85236614521534,307.73427746960624,307.6027194998555,307.45849022946896,307.3024506370359,307.13551557501086,306.95864444350116,306.7728317571272,306.5790970665877,306.37847596872757,306.1720102667085,305.96073920662866,305.7456906535091,305.5278733075297,305.30826905993297,305.08782600292665,304.86745284801935,304.6480129517473,304.43032023018003,304.2151355911546,304.00316328924976,303.79504950861246,303.59138019120275,303.392681200363,303.1994170743432,303.01199299698874,302.8307544311217,302.65599044503506,302.4879339917969,302.32676618194944,302.17261762314683,302.02557232302706,301.8856715333516,301.75291533215943,301.62726867597803,301.508663061982,301.3970013681218,301.29216106768456,301.1939979754863,301.1023498732254,301.01703966982103,300.93787834891066,300.864668900725
0.0023212338126818188,307.7565067088089,307.7489387110829,307.7262814360106,307.688675089083,307.63635172579836,307.56963263619036,307.488924867851,307.39471677459846,307.28757278103626,307.1681273542999,307.03707837186016,306.8951799616396,306.74323482823,306.5820863768337,306.4126107312344,306.2357081316232,306.05229529206605,305.86329692405127,305.6696381933349,305.4722370394899,305.2719974034279,305.06980246890225,304.86650846072564,304.66293962645625,304.4598828023916,304.2580836400308,304.0582432199097,303.86101454648434,303.66700103861933,303.4767542936759,303.29077388271713,303.10950593931227,302.9333445812333,302.76263119540414,302.59765713016145,302.43866361299706,302.2858452300251,302.13935086831634,301.99928692433366,301.8657205301352,301.7386807064458,301.6181636575534,301.50413406704797,301.39652932536956,301.29526231087254,301.2002246944503,301.11129013617426,301.02831711241083,300.9511515479516,300.8796304078619
0.002408480824026251,307.2711623271194,307.26434319766884,307.2439261449906,307.21003227809706,307.1628621195059,307.102693443896,307.0298784108236,306.9448398846947,306.84806710324614,306.7401106793817,306.62157709259986,306.493122728214,306.35544746967474,306.20928810416126,306.05541162765456,305.8946079622716,305.7276835189172,305.55545395484876,305.3787377387601,305.1983495218236,305.0150943010574,304.8297614958375,304.64311949798605,304.45591120730586,304.26884913938136,304.0826119869511,303.89784145523777,303.7151389454393,303.5350640165491,303.3581321522558,303.184814275103,303.01553524223596,302.850674810668,302.6905666565395,302.5355005202473,302.38572183536047,302.2414345034245,302.1028015001143,301.9699474592536,301.84296133883714,301.721897191719,301.60677875014017,301.4976003861631,301.39433075570753,301.29691516495484,301.2052784457196,301.11932773006447,301.0389549435458,300.96403911795375,300.8944496321523
0.0025044525365051267,306.79759953272753,306.791482897557,306.7731676022672,306.7427576174828,306.7004251531151,306.64640888674603,306.5810116191601,306.5045972571943,306.41758726011506,306.3204565300051,306.2137288746583,306.0979720865179,305.9737926367736,305.8418302002129,305.70275208834255,305.5572471327157,305.40602031277353,305.24978661779943,305.089265606908,304.9251757359841,304.7582293766269,304.5891276705059,304.41855578709783,304.247178994892,304.0756383027958,303.90454736936147,303.73448958938724,303.5660150042493,303.3996387892773,303.235839080728,303.075056288631,302.91769156275393,302.76410738895197,302.6146264197947,302.4695331568407,302.32907336005866,302.19345620732133,302.0628546244562,301.93740731737563,301.8172209384699,301.7023705244708,301.5929034234615,301.48883995505923,301.39017650676544,301.2968875103166,301.20892790653636,301.1262355114242,301.04873318109526,300.97633080735335,300.90892820310336
0.0026100214202318898,306.33754705396353,306.3320852416403,306.3157293245563,306.2885680287159,306.25074836817333,306.2024742039604,306.14400434258073,306.0756500818534,305.9977723188408,305.91077819774955,305.81511740299413,305.7112781292581,305.5997827234035,305.48118317567696,305.3560565301751,305.2249997872642,305.0886254619553,304.94755642342477,304.80242133793547,304.65384985499054,304.50246839890104,304.34889573890587,304.1937389039715,304.03758976361706,303.8810211855644,303.724584295813,303.5688058357804,303.414185326619,303.26119362582574,303.1102708606175,302.96182560974296,302.8162333930204,302.67383697897674,302.5349450962177,302.3998337320055,302.2687453860943,302.1418907025996,302.0194485810944,301.90156772976337,301.7883683936858,301.6799425106659,301.57635703794443,301.477654349924,301.38385482836827,301.2949584783045,301.2109470069623,301.1317858013453,301.0574257765434,300.98780506271174,300.9228515375475
0.002726147192331329,305.89249684060485,305.8876417643787,305.8731015676664,305.8489515290068,305.81531642642085,305.7723693736732,305.72033028995065,305.65946391866873,305.5900774918867,305.5125180170239,305.4271692716793,305.33444852924026,305.2348030074051,305.1287061848001,305.01665404899165,304.8991608803554,304.7767556141872,304.64997753635237,304.51937250091964,304.3854888800175,304.24887404451135,304.1100705846749,303.969612826766,303.8280238907505,303.68581233873454,303.5434697795777,303.40146850558,303.2602589269116,303.1202682301743,302.98189845308303,302.8455255948777,302.71149817201047,302.58013730828344,302.4517353872214,302.3265570391375,302.2048382962656,302.0867877808127,301.97258664968786,301.8623897399451,301.7563269196535,301.6545030120717,301.5570005819585,301.46388011004956,301.3751821230265,301.2909284825553,301.211124107923,301.13575859097244,301.0648077451386,300.998234998497,300.9359935826945
0.0028538855416407123,305.4637228762818,305.45942679057146,305.44655963950686,305.425184931717,305.39540797399536,305.357374937998,305.31127163784447,305.2573219423368,305.195785902822,305.1269575732837,305.05116259246495,304.9687555436869,304.88011708296335,304.78565095354986,304.68578094428244,304.5809474283464,304.471604411988,304.3582159722605,304.2412531468363,304.12119055520816,303.9985034863472,303.8736647033953,303.7471415038124,303.6193932160932,303.49086830686065,303.36200231554204,303.2332157701834,303.10491189780345,302.977475406954,302.85127072738186,302.7266410975769,302.6039072182274,302.483367186069,302.3652951375621,302.2499419883907,302.1375345386368,302.02827629512615,301.922347296552,301.8199049190164,301.72108490773803,301.62600111798827,301.5347478218503,301.4473996987115,301.3640135538159,301.28462931678666,301.20927144147555,301.1379501890448,301.0706629000089,301.0073951134996,300.94812242852254
0.002994397725881034,305.0523036591617,305.0485197803166,305.03718584089177,305.01835512352216,304.9921160101229,304.9585912383922,304.91793693253373,304.87034133979046,304.81602334076365,304.75523071079834,304.6882381891149,304.61534536606047,304.536874378447,304.4531675086615,304.3645847394904,304.27150093336047,304.17430346129214,304.0733892775195,303.96916238607224,303.86203104572496,303.7524053855985,303.6406947277318,303.52730513145366,303.41263728766796,303.2970840474932,303.1810286658772,303.0648429879906,302.9488854322132,302.8334999089601,302.7190142385959,302.60573925376167,302.4939675717502,302.3839734229373,302.2760113259085,302.1703166344191,302.0671046326775,301.96657106303644,301.8688918716338,301.77422373691707,301.6827048366366,301.59445445066046,301.50957484834726,301.42815113308575,301.3502525995717,301.275933479627,301.20523405540075,301.138181645093,301.0747916241962,301.0150682956971,300.9590064452396
0.003148961128545388,304.65914305599057,304.655826054469,304.6458898078333,304.62937877663177,304.6063667349438,304.57695618198136,304.54127757915234,304.4994883517444,304.45177171221064,304.3983352835859,304.33940956899016,304.2752462736954,304.2061164697089,304.1323086800593,304.0541269297276,303.9718884634039,303.88592185957214,303.7965646464066,303.7041612578081,303.6090607404654,303.51161482284306,303.4121756913958,303.31109396035555,303.208716920306,303.1053864480394,303.0014375330495,302.89719671943465,302.79298035069684,302.6890936286592,302.58582921380446,302.48346636992005,302.38226986708344,302.28248974548984,302.1843600523629,302.0880992423999,301.99390929454654,301.90197600817544,301.81246870237715,301.72554052435765,301.6413290013456,301.55995554606244,301.48152698272315,301.40613528130604,301.3338586034963,301.2647618337792,301.1988974434172,301.1363062156573,301.0770180451035,301.02105258698964,300.96842053245285
0.0033189808714761773,304.2849862015023,304.2820925832396,304.27342396968965,304.2590172627285,304.23893371516345,304.2132584681336,304.18209995504594,304.1455891183464,304.103878486858,304.0571410938018,304.00556927273215,303.94937333504254,303.8887801194044,303.8240314751773,303.7553827220669,303.6831008166953,303.6074628679317,303.5287542084349,303.4472667614122,303.36329717496244,303.27714527540354,303.1891122360782,303.0994989157399,303.0086044178804,302.9167243399676,302.8241495536022,302.73116488207177,302.6380475903812,302.5450665812531,302.4524811745948,302.3605403130654,302.26948159932016,302.179531026745,302.0909017994892,302.0037946238192,301.91839686955376,301.8348826895847,301.75341269905914,301.6741341138969,301.5971811317627,301.52267437593275,301.45072211456767,301.3814199171679,301.31485143752957,301.2510887670509,301.19019308688036,301.13221517038835,301.07719599106855,301.0251671811311,300.9761520564075
0.0035060025887000456,303.93042957246956,303.9279179700023,303.9203932635987,303.90788592293126,303.8904465411025,303.86814547334365,303.84107237483977,303.809335590641,303.77306143758085,303.73239336011613,303.687490990215,303.6385291129733,303.58569652897506,303.5291948631212,303.46923735780337,303.4060474102629,303.3398574161135,303.2709072207887,303.19944282705575,303.1257148890698,303.0499774872268,302.9724866326821,302.89349892072164,302.8132703584319,302.7320549115525,302.6501035075948,302.5676629261232,302.4849745134503,302.4022735076042,302.31978798789396,302.23773815250905,302.15633548724327,302.0757824864435,301.99627156963254,301.9179852933713,301.84109557315304,301.76576367286657,301.6921398836953,301.6203635360923,301.550563248199,301.4828563384511,301.417349788477,301.35413985034984,301.2933126121145,301.2349442081688,301.1791012957439,301.12584137199497,301.07521322104697,301.0272572129133,300.98200610946486
0.0037117264776463004,303.5959264492284,303.59375783944023,303.5872603033149,303.5764588738584,303.5613951306322,303.54212691941524,303.518727996586,303.4912875572993,303.45990968080275,303.4247126766678,303.3858283563059,303.3434012300933,303.29758762191847,303.2485547409087,303.19647974406405,303.1415485772405,303.08395508400537,303.0238997708196,302.96158879395716,302.8972327531568,302.83104573182055,302.76324408524795,302.69404535949894,302.6236673472669,302.5523268919719,302.48023908313763,302.40761633498084,302.33466730288745,302.2615963257822,302.1886025327593,302.11587919783545,302.04361303261544,301.97198391384643,301.901163903529,301.8313174040776,301.76260045017693,301.69516060690296,301.6291366624847,301.5646585502466,301.50184749708825,301.44081542973737,301.3816657267004,301.3244928007322,301.2693824887722,301.21641215134804,301.16565100729395,301.11716030115804,301.07099361906205,301.02719705842213,300.9858098469024
0.003938022755487181,303.2817900330338,303.27992789136755,303.27434824288986,303.26507155595345,303.2521318392732,303.2355764257966,303.21546570116277,303.19187274137505,303.1648828874953,303.1345932429794,303.1011121133587,303.0645583877104,303.02506085456605,302.98275748401784,302.937794705811,302.8903264967313,302.84051370136245,302.7885230538702,302.7345263912853,302.67869969402784,302.6212223420611,302.56227614015876,302.5020444575168,302.4407114748265,302.37846120767216,302.3154768646783,302.2519400898348,302.18803005701216,302.12392301621037,302.0597915418026,301.9958039650209,301.9321237798687,301.8689093880713,301.8063132243516,301.74448187198686,301.6835554290186,301.62366734646,301.5649441442806,301.5075052733339,301.45146319100036,301.3969227807642,301.3439819333688,301.2927311246351,301.2432536672539,301.195625727647,301.14991654976745,301.106188505837,301.0644973087515,301.02489208139866,300.9874158197048
0.00418694866111215,302.9881963306655,302.98660672498164,302.9818434201251,302.9739230764923,302.9628733844888,302.9487328989072,302.9315508331156,302.9113867826805,302.8883104015674,302.8624010183036,302.83374720804454,302.80244631944106,302.76860394978513,302.73233339381113,302.6937550922167,302.65299591722146,302.61018866038296,302.56547126226377,302.51898620685097,302.47087976339003,302.4213014158092,302.37040308385053,302.31833844379605,302.26526233345237,302.2113299601188,302.1566963941483,302.1015159513518,302.045941442138,301.9901238074177,301.9342114919331,301.87834995183135,301.8226811613722,301.76734338172326,301.71247038914464,301.6581915634507,301.6046313290373,301.5519089580487,301.5001383151098,301.44942768327905,301.3998797888631,301.3515912491636,301.3046530176095,301.2591499728659,301.21516106514065,301.1727592750617,301.132011753771,301.09297978654706,301.05571892677,301.02027899101375,300.98670439537506
0.004460767157299615,302.71518786552286,302.7138394892138,302.7097988248732,302.7030793751009,302.69370358868684,302.6817027343821,302.6671167459789,302.6499940127834,302.63039113469506,302.6083726309311,302.5840106153004,302.557384436635,302.5285802786128,302.4976907393228,302.4648144131035,302.4300553340698,302.39352259388033,302.3553297382561,302.31559430456656,302.27443722616783,302.23198239887006,302.18835606224957,302.14368626707665,302.0981024089628,302.05173458983376,302.0047132223074,301.95716853021804,301.90922993018717,301.86102574323456,301.8126826766723,301.7643254020008,301.71607614936556,301.6680545034167,301.62037672936617,301.57315584329166,301.5265011255987,301.48051790827344,301.4353073509466,301.39096624956574,301.34758702781653,301.30525722356947,301.26405982748463,301.2240728954157,301.18536961695946,301.14801823687844,301.11208213475,301.0776197270616,301.0446845444941,301.0133251756802,300.9835855032296
0.004761967503105828,302.4626779454724,302.46154208998433,302.45813812467964,302.45247694728766,302.4445766810608,302.43446257901047,302.42216690800365,302.4077287907477,302.39119402157434,302.3726148465779,302.35204971857183,302.32956302535365,302.30522478619145,302.27911033294623,302.25129999505117,302.2218786678992,302.19093553032036,302.1585635738637,302.1248592521685,302.0899220152654,302.0538539829064,302.0167594556606,301.9787444997554,301.93991658425176,301.9003840688516,301.86025589759913,301.8196411977579,301.77864877346525,301.7373868800625,301.69596279882813,301.6544824792042,301.61305020823795,301.5717684344322,301.5307371848294,301.4900541234005,301.4498141326438,301.41010909911347,301.37102772126445,301.3326553148643,301.29507378445453,301.258361155282,301.2225918298699,301.18783623214495,301.1541608211048,301.1216279913385,301.0902961114442,301.0602193859853,301.0314478943102,301.0040275021817,300.9780000205873
0.005093287883492661,302.23045422829773,302.22950469918874,302.22665900453603,302.2219259026887,302.2153199629122,302.206861493,302.19657645299327,302.1844963365059,302.1706580327924,302.1551036614792,302.1378803884705,302.1190402215143,302.0986397809364,302.07674005890243,302.0534061833424,302.02870708429305,302.0027152868462,301.97550654526424,301.94715957863906,301.917755708285,301.8873786132751,301.85611394585527,301.82404900925775,301.7912724772725,301.7578739851004,301.72394389409305,301.689572971665,301.6548519788734,301.6198714958765,301.58472157509834,301.54949144122725,301.51426922376965,301.47914180826547,301.4441943365198,301.40951025734046,301.3751709708106,301.3412556221341,301.3078409402369,301.27500104994806,301.2428074335148,301.2113285116456,301.1806298379393,301.15077378001246,301.1218194965822,301.093822829865,301.066836318043,301.0409090342911,301.0160866017514,300.9924110884392,300.9699211083314
0.005457740301918178,302.01818005341516,302.0173930397498,302.0150343120628,302.0111108775536,302.005634395282,301.99862112158667,301.9900918461012,301.980071802886,301.9685905674872,301.9556819330625,301.94138377251977,301.9257378852289,301.90878982431394,301.8905887155459,301.87118708111694,301.85064058235275,301.82900786906066,301.8063502959072,301.78273172401276,301.7582182395789,301.73287797189334,301.7067807920631,301.67999806379424,301.652602427948,301.6246674768526,301.5962675749029,301.5674776046833,301.53837263263864,301.50902777566614,301.4795179199005,301.44991747183326,301.4203001433496,301.39073882869354,301.3613051795194,301.33206965082024,301.30310120181343,301.2744671047345,301.2462328122126,301.2184617829312,301.19121544034107,301.16455280386407,301.13853063696246,301.11320316785884,301.0886220441659,301.0648362265224,301.0418919867314,301.0198327371208,300.9986990328539,300.9785284618314,300.95935570396324
0.005858637962186246,301.8253925158277,301.824746428033,301.8228100053506,301.81958882512913,301.8150921692575,301.80933298308,301.80232782807025,301.79409681540403,301.7846635292948,301.77405493429796,301.76230127228973,301.7494359477929,301.73549539807124,301.7205189572372,301.7045487250449,301.68762936888356,301.6698080147947,301.65113402812153,301.63165886507295,301.6114358550649,301.59052006570215,301.56896806776524,301.54683774287145,301.5241881189379,301.5010791117399,301.477571389054,301.45372617054164,301.4296049579556,301.4052694344915,301.3807812380675,301.35620175711745,301.33159195888055,301.3070122899108,301.282522317596,301.2581807731045,301.23404530263997,301.2101722950772,301.1866167755592,301.1634322486497,301.1406706590534,301.118382071989,301.0966147871184,301.0754150992476,301.05482724099073,301.03489328401145,301.0156531312124,300.9971443461453,300.97940215071327,300.9624593184267,300.9463462043928
0.006299625388481122,301.6514973521807,301.6509726467506,301.6493999863443,301.6467837829613,301.6431313803436,301.63845302308584,301.632761821695,301.62607370298906,301.6184073530744,301.6097841480368,301.6002280770586,301.58976565677585,301.57842583362736,301.56623988210873,301.55324130724307,301.5394656924823,301.5249506212371,301.50973550761876,301.49386148566157,301.4773712415016,301.46030891341695,301.44271990935795,301.424650758762,301.4061489877237,301.38726291455555,301.3680415476724,301.34853442893296,301.32879141693996,301.3088626122905,301.2887981758526,301.2686481631721,301.24846238816895,301.2282903446828,301.20818090635856,301.1881823677309,301.1683422396847,301.14870709771026,301.1293224988602,301.11023284429905,301.0914813449731,301.07310974863225,301.0551584288427,301.03766618432326,301.02067017706906,301.00420584506605,300.9883068941562,300.9730051341742,300.95833047740507,300.9443108406428,300.9309721554355
0.006784711557405485,301.4957620529994,301.49534106258966,301.49407923445045,301.49198003249785,301.48904922313466,301.48529485205484,301.4807272184937,301.4753588382228,301.46920440118515,301.4622807196974,301.45460667114867,301.4462031341465,301.4370929151379,301.42730067240973,301.41685284369225,301.4057775295946,301.39410443735005,301.381864750576,301.36909104680115,301.35581716859036,301.34207814963736,301.32791007390824,301.31334996167413,301.2984356755778,301.28320575948226,301.26769936241004,301.2519561169019,301.2360159658427,301.2199191080764,301.20370585367004,301.18741649134034,301.17109118099637,301.1547698936879,301.1384921621955,301.1222971208699,301.1062233393972,301.09030869186415,301.0745902941031,301.0591043859471,301.04388630336837,301.02897024854303,301.01438936073697,301.00017555165465,300.9863594439681,300.9729702973852,300.96003600358665,300.9475829332841,300.9356359385986,300.9242182669875,300.913351558757
0.007284711557405486,301.3645060539579,301.3641684843184,301.36315667702286,301.3614733635452,301.35912309136046,301.35611220630415,301.3524488333387,301.34814284856554,301.3432058473175,301.3376511048959,301.3314935332898,301.32474963295607,301.31743743689435,301.3095764532006,301.30118761058924,301.2922931680889,301.28291667421803,301.27308286574316,301.2628176055216,301.2521477826504,301.2411012570363,301.22970674992257,301.21799375521596,301.20599246845916,301.19373365868535,301.18124861152324,301.1685690343469,301.15572691694484,301.1427544923373,301.1296841208459,301.1165481840657,301.10337899968613,301.0902087764324,301.0770694060448,301.06399250219516,301.0510092653834,301.0381503708163,301.0254459223173,301.01292535244437,301.0006174011761,300.98854992271345,300.9767499437101,300.965243529453,300.95405572555103,300.94321049696737,300.9327307274149,300.9226380787913,300.91295299861736,300.9036946463037,300.8948808831731
0.007784711557405486,301.25619746150363,301.2559255904941,301.25511069496696,301.2537549475654,301.2518619655452,301.2494367971287,301.24648590688594,301.24301715418466,301.2390397687253,301.2345643202307,301.2296026851786,301.2241680097664,301.2182746665048,301.21193821009615,301.2051753357003,301.19800380793015,301.19044243072,301.18251096750186,301.1742300935796,301.1656213177598,301.1567069399887,301.14750996534104,301.13805403393644,301.12836336676725,301.1184626624752,301.10837705445454,301.09813203626,301.0877533482512,301.07726694962923,301.06669892463407,301.0560753973971,301.04542246374933,301.03476615801674,301.0241322780611,301.01354642339186,301.0030338847754,300.9926195482395,300.9823278620363,300.97218275207314,300.9622076064935,300.95242511278457,300.9428573071067,300.9335254658513,300.92445005161136,300.915650663729,300.90714604225536,300.89895393956334,300.89109113273986,300.8835733612643,300.876415312879
0.008284711557405487,301.1660630654666,301.1658433217832,301.1651846657501,301.16408883736375,301.16255873357255,301.1605983975783,301.15821300756636,301.1554088598722,301.15219334994924,301.14857494861553,301.1445631761202,301.1401685733097,301.13540266742626,301.1302779377911,301.12480778336567,301.1190064662415,301.11288908911604,301.1064715316211,301.0997704133487,301.0928030317042,301.08558732902446,301.0781418244267,301.07048555768927,301.06263804772334,301.0546192085066,301.0464493166146,301.038148952187,301.0297389058073,301.0212401589467,301.01267380739944,301.0040609926799,300.99542284697617,300.98678046931917,300.9781547772454,300.9695665441018,300.9610363083963,300.9525842914415,300.94423037460314,300.93599402765943,300.9278942984451,300.9199496749226,300.91217812800994,300.90459702390444,300.8972230746126,300.89007229838415,300.8831600277963,300.87650079272754,300.8701083370992,300.8639955666289,300.8581745325342
0.008784711557405487,301.0904486785043,301.0902705435775,301.0897366022225,301.088848255495,301.08760783596847,301.08601859925454,301.0840847152231,301.0818112546982,301.0792041744826,301.0762702985149,301.0730172974244,301.0694536658457,301.06558869513196,301.06143244640674,301.0569957250577,301.0522900353136,301.04732756326433,301.0421211255857,301.03668414054215,301.03103057829856,301.02517493507787,301.01913217881156,301.0129177037067,301.0065472983586,301.00003707662876,300.9934034530766,300.9866630960291,300.9798328504179,300.9729297246023,300.9659708273906,300.9589733126239,300.9519543344313,300.944931030806,300.93792039686167,300.9309393212794,300.9240045115137,300.91713242289154,300.9103392439524,300.903640835635,300.89705272513424,300.8905899885459,300.88426728876266,300.87809880472935,300.8720981863896,300.8662785234282,300.8606523568302,300.8552315721628,300.8500274198849,300.8450504717611,300.84031060357864
0.009284711557405487,301.02652426812966,301.02637950861026,301.02594560523534,301.0252236909997,301.0242156520811,301.0229241210616,301.0213524700324,301.01950479998357,301.01738592891485,301.01500137673946,301.01235734902593,301.0094607190028,301.00631900556783,301.00294035197277,300.9993335055883,300.9955077810922,300.99147304761425,300.9872396871152,300.98281857147214,300.97822102249296,300.97345879140386,300.96854401529714,300.9634891800057,300.9583070956601,300.95301083937244,300.94761373673384,300.9421293243942,300.9365712856182,300.93095344198736,300.9252897012358,300.9195940123967,300.91388032921157,300.9081625995526,300.90245465631216,300.8967702529266,300.89112300137674,300.88552631087606,300.87999337956376,300.87453714271226,300.8691702700205,300.8639050652321,300.8587535001626,300.8537271577277,300.8488371909739,300.8440942987045,300.8395087398261,300.83509023584463,300.8308479939538,300.8267906707694,300.8229263547623
0.009784711557405488,300.9720762812558,300.9719584003856,300.97160506264095,300.97101718740316,300.97019630510016,300.9691445517502,300.9678646635192,300.9663599681957,300.96463437568764,300.96269236583186,300.96053897537655,300.95817978362123,300.9556208945428,300.95286891984955,300.94993096281877,300.9468145882562,300.94352781276365,300.9400790707284,300.93647719611454,300.9327313901199,300.92885120476706,300.92484650788026,300.92072745250215,300.9165044582584,300.9121881634626,300.90778941132123,300.9033192200457,300.8987887286346,300.8942091923285,300.8895919391234,300.88494833341235,300.88028974590344,300.87562754764497,300.8709730154051,300.86633736621025,300.86173170571317,300.8571669749018,300.8526539467614,300.84820318198314,300.8438250290111,300.8395295376964,300.8353264901933,300.83122535517873,300.82723525056275,300.8233649247657,300.8196227732059,300.81601674897166,300.812554387967,300.8092427787698,300.8060885451954
0.010284711557405488,300.9253585426859,300.925262380134,300.9249741409644,300.92449457330355,300.9238249223608,300.9229669260137,300.92192281049694,300.92069528351374,300.91928752660135,300.91770318522083,300.91594635828227,300.914021586634,300.9119338384307,300.90968849561716,300.9072913409502,300.90474853334007,300.9020666005138,300.8992524110618,300.8963131599155,300.8932563420771,300.890089739414,300.88682139242457,300.8834595748634,300.88001277966805,300.8764896786506,300.87289911237974,300.86925006629895,300.8655516247916,300.8618129695286,300.85804334299326,300.85425201897704,300.85044827772924,300.84664140359314,300.8428406023631,300.8390550347867,300.8352937733672,300.8315657557839,300.8278797854223,300.82424449331745,300.82066834037516,300.81715954266303,300.8137260997068,300.81037575779646,300.80711597596905,300.80395391188944,300.80089643991556,300.7979500690013,300.79512096927556,300.79241494699073,300.7898374274574
0.010784711557405489,300.8849833512891,300.8849047860409,300.88466929335516,300.88427748339814,300.8837303716087,300.8830293751095,300.88217630928796,300.88117338220457,300.88002318843587,300.87872870097453,300.87729326276707,300.8757205774603,300.87401469734755,300.8721800125686,300.8702212406498,300.8681434061542,300.8659518352067,300.8636521323974,300.8612501691751,300.85875206243674,300.85616416385085,300.85349303705897,300.85074543648494,300.8479282968638,300.8450486990865,300.8421138629717,300.8391311281934,300.8361079151006,300.83305172529185,300.829970110839,300.8268706503281,300.82376092823836,300.8206485353957,300.8175409962888,300.81444580149645,300.8113703713759,300.80832201511095,300.80530793423077,300.8023351897415,300.79941070603644,300.79654120586605,300.7937332364305,300.79099314005873,300.7883270230815,300.7857407454426,300.7832399398654,300.7808299361471,300.7785157886533,300.7763022554784,300.7741937818894
0.01128471155740549,300.8498407161919,300.84977644253513,300.84958378787326,300.8492632508037,300.8488156609475,300.84824217602284,300.8475442791338,300.846723774215,300.84578278105243,300.84472372863195,300.84354934828366,300.8422626662284,300.8408669935925,300.8393659177742,300.837763293989,300.8360632283961,300.83427007407874,300.83238841186915,300.8304230410639,300.82837896192535,300.8262613670189,300.82407562278786,300.82182725174624,300.81952192486415,300.81716543243243,300.81476367911324,300.81232266873326,300.8098484706418,300.80734722199475,300.80482510163336,300.80228831062135,300.7997430550581,300.79719554871747,300.79465194868726,300.7921183867011,300.7896009384651,300.78710558743774,300.78463823063765,300.7822046500971,300.77981051806586,300.7774613400573,300.77516247904,300.7729191320989,300.7707363018541,300.76861878908005,300.7665712125821,300.76459793914853,300.76270311153877,300.7608906311213,300.7591641418988
0.01178471155740549,300.8190376551599,300.81898501155206,300.81882721721024,300.8185646802209,300.81819807946175,300.81772836220864,300.8171567419889,300.81648469485964,300.8157139553738,300.8148465110947,300.81388459703146,300.8128306896287,300.8116874984535,300.81045795929685,300.8091452273292,300.80775266304374,300.8062838293823,300.8047424757424,300.80313253055294,300.80145808693857,300.79972339567144,300.7979328502775,300.7960909719841,300.7942024043713,300.7922718883579,300.79030425904915,300.7883044336463,300.78627738237014,300.7842281320461,300.78216174380435,300.78008329726873,300.7779978761702,300.7759105726638,300.7738264299647,300.77175047257435,300.7696876802403,300.76764295572553,300.7656211323492,300.7636269490479,300.76166505655124,300.75973996719114,300.75785607743165,300.75601764938267,300.7542287844603,300.75249341842124,300.75081534163434,300.74919813405296,300.7476451933608,300.74615972047746,300.74474470419773
0.01228471155740549,300.79185203538674,300.7918088722695,300.7916794951264,300.7914642384272,300.79116365844675,300.79077853130264,300.79030985126286,300.7897588276967,300.7891268818031,300.78841564206965,300.7876269397493,300.78676280401396,300.78582545499876,300.7848172983012,300.7837409194333,300.78259907205944,300.78139467602705,300.7801308039668,300.7788106753651,300.77743764479567,300.77601519617167,300.7745469307132,300.7730365541472,300.7714878731598,300.76990477378035,300.7682912196465,300.76665124243203,300.76498891654944,300.7633083637179,300.7616137338102,300.7599091920131,300.7581989067326,300.7564870551841,300.75477777193964,300.75307517805163,300.75138335882934,300.7497063349876,300.7480480714741,300.7464124555529,300.744803303691,300.7432243170529,300.74167910256256,300.7401711583514,300.7387038493964,300.7372804044853,300.73590393663324,300.73457738252347,300.733303530548,300.7320850086773,300.73092426972204
0.01278471155740549,300.7676971138783,300.76766169062364,300.7675555132702,300.7673788562837,300.7671321760112,300.7668161090691,300.76643147101527,300.7659792538466,300.7654606233434,300.7648769152979,300.764229631833,300.7635204374977,300.7627511534192,300.76192375292953,300.7610403570676,300.7601032246927,300.7591147512303,300.7580774573945,300.75699398446824,300.7558670846237,300.7546996162287,300.7534945341345,300.7522548787282,300.75098377381323,300.7496844078094,300.74836003313345,300.74701395866276,300.7456495275838,300.74427012268654,300.74287914981676,300.7414800274555,300.74007617650574,300.73867102683255,300.7372679708316,300.7358703914625,300.7344816431802,300.73310502595507,300.731743795035,300.7304011415668,300.72908019998556,300.72778400830794,300.72651552788454,300.7252776320388,300.72407308345237,300.72290453266805,300.7217745384563,300.7206855112464,300.7196397408605,300.71863938633237,300.7176864617854
0.013284711557405491,300.74609405523717,300.74606495918215,300.7459777472485,300.74583264490536,300.7456300269082,300.7453704159718,300.74505448173664,300.74468303871095,300.7442570441159,300.74377759474066,300.7432459239469,300.74266339852716,300.74203151376406,300.74135188996996,300.74062626883966,300.7398565051042,300.7390445658408,300.7381925209377,300.73730253935145,300.7363768811318,300.735417893584,300.7344280034428,300.73340970745414,300.732365571386,300.73129821357145,300.7302103051643,300.7291045642512,300.7279837363276,300.72685060011906,300.72570795319587,300.7245586035256,300.7234053608089,300.7222510437106,300.72109843771733,300.71995032209975,300.71880945345964,300.71767854220116,300.71656026294755,300.71545723730173,300.7143720415723,300.7133071711338,300.712265059004,300.7112480670671,300.7102584650109,300.7092984300452,300.70837006707035,300.7074753556843,300.7066161774584,300.70579430736404,300.7050114002511
0.013784711557405491,300.72665046742435,300.72662654984833,300.7265548601074,300.72643558360147,300.7262690283648,300.72605562397206,300.7257959207423,300.72549058804367,300.7251404125459,300.72474629558883,300.72430925074474,300.72383040129637,300.72331097604257,300.72275230657675,300.7221558243324,300.7215230535028,300.7208556107977,300.72015519734197,300.7194235957244,300.7186626634164,300.71787432963106,300.71706058903317,300.7162234935863,300.7153651524571,300.7144877175147,300.7135933842701,300.712684387322,300.71176298303817,300.71083145574494,300.7098921051435,300.708947239473,300.70799916812337,300.7070502093557,300.7061026518384,300.7051587805673,300.7042208625859,300.7032911255596,300.7023717686252,300.7014649469613,300.7005727797196,300.6996973178471,300.69884056160146,300.69800445386795,300.69719086047667,300.69640157087866,300.69563831800264,300.6949027284792,300.69419634934627,300.693520640805,300.6928769632758
0.014284711557405492,300.70904352445194,300.7090238496767,300.70896487748087,300.7088667604519,300.7087297519919,300.70855420541363,300.7083405733364,300.7080894062877,300.70780135128734,300.70747714963784,300.70711763494114,300.70672373108107,300.70629644864465,300.70583688279936,300.7053462109029,300.7048256864682,300.7042766392701,300.70370046842913,300.7030986401017,300.7024726820399,300.70182418101996,300.70115477780286,300.7004661600344,300.69976006284935,300.69903825601443,300.69830254539477,300.69755476948114,300.6967967839292,300.69603046799193,300.6952577134427,300.69448041905355,300.69370048426515,300.6929198172328,300.6921402995374,300.691363811095,300.6905922176881,300.68982735135256,300.6890710214853,300.6883250009521,300.68759103412054,300.6868708076425,300.6861659670059,300.68547811154457,300.6848087759897,300.68415943189353,300.68353150709083,300.68292633882834,300.68234519982025,300.68178929210274,300.6812597346455
0.014784711557405492,300.6930066170739,300.69299042181353,300.6929418792497,300.6928611150693,300.6927483378897,300.6926038385103,300.69242798946414,300.69222124386215,300.6919841342482,300.691717270736,300.6914213393983,300.69109710065885,300.6907453862232,300.69036709744194,300.6899632033803,300.6895347356478,300.68908278877973,300.68860851430065,300.68811311893614,300.6875978601077,300.68706404382726,300.68651302067684,300.685946179587,300.68536494898746,300.68477078533334,300.68416517497667,300.68354963156764,300.68292568216685,300.6822948738219,300.68165876375537,300.6810189149171,300.68037689053165,300.67973426234124,300.6790925780712,300.6784533853623,300.67781822081804,300.67718859196015,300.67656598845855,300.67595186954986,300.67534767209236,300.6747547838899,300.6741745593663,300.6736083159426,300.67305731669603,300.67252277236105,300.6720058603376,300.6715076804513,300.67102928030675,300.67057165005133,300.6701357105158
0.015284711557405493,300.67831873865265,300.67830539942406,300.67826541763003,300.67819889688116,300.67810600904494,300.67798699362675,300.6778421574455,300.6776718736778,300.677476580934,300.6772567816816,300.6770130409374,300.6767459849948,300.67645629877575,300.676144724589,300.67581206057497,300.67545915625226,300.67508691311247,300.6746962794977,300.674288249234,300.67386385789587,300.6734241810813,300.67297033122236,300.6725034520997,300.6720247204146,300.67153533548594,300.6710365214275,300.6705295252554,300.6700156043379,300.6694960330387,300.6689720939709,300.6684450744266,300.667916261654,300.66738695119784,300.66685841676474,300.6663319332165,300.66580876688926,300.6652901589132,300.66477733645934,300.66427150128027,300.6637738377245,300.66328548825504,300.6628075683192,300.66234116382964,300.6618873148207,300.6614470178906,300.6610212447148,300.6606109001992,300.66021684709676,300.6598399015258,300.6594808216142
0.015784711557405493,300.6647960064016,300.6647850133115,300.6647520639054,300.66469724365953,300.66462069425853,300.66452261308103,300.664403252977,300.66426292147537,300.66410198004075,300.66392084273343,300.66371997515023,300.6634998934235,300.66326116192533,300.66300439234413,300.6627302424371,300.6624394121724,300.6621326444886,300.6618107208486,300.6614744602159,300.6611247159517,300.660762374401,300.6603883523825,300.66000359231975,300.65960906413545,300.6592057559438,300.6587946764524,300.65837685364147,300.65795332335455,300.65752513594947,300.6570933484526,300.65665902170656,300.6562232162554,300.65578700070347,300.65535142368475,300.65491753595495,300.6544863817808,300.6540589834539,300.6536363524713,300.6532194790423,300.65280934001487,300.6524068762965,300.6520130069862,300.6516286277436,300.65125459534704,300.6508917304673,300.65054083565997,300.6502026557014,300.649877901451,300.6495672459968,300.649271313777
0.016284711557405494,300.652284860019,300.65227579562105,300.6522486273267,300.65220342570353,300.6521403076261,300.65205943584806,300.65196101886056,300.65184531023465,300.65171260802595,300.6515632536305,300.65139763092856,300.65121616550624,300.65101932265225,300.6508076066926,300.6505815599946,300.6503417596058,300.65008881813765,300.64982337988454,300.64954612007745,300.64925774230153,300.64895897733874,300.6486505812092,300.64833333082464,300.64800802612336,300.6476754816118,300.6473365289287,300.646992015984,300.6466427965291,300.64628973676747,300.6459337082758,300.6455755857361,300.6452162433309,300.6448565630592,300.64449740855923,300.644139646338,300.6437841380652,300.64343172613576,300.64308324472205,300.6427395101159,300.64240132853155,300.64206947518363,300.6417447077401,300.6414277654038,300.6411193542896,300.64082015044005,300.6405308172845,300.64025196797036,300.63998418846705,300.63972803423246,300.6394840197877
0.016784711557405494,300.6406565851486,300.6406491073484,300.6406266947531,300.6405894056647,300.64053733654885,300.640470621679,300.6403894330598,300.64029397988065,300.640184508041,300.6400612991684,300.6399246699295,300.63977497143236,300.6396125874674,300.63943793405224,300.6392514586394,300.63905363717197,300.6388449750587,300.63862600376666,300.6383972802989,300.6381593850408,300.6379129208135,300.63765851136486,300.63739679746436,300.63712843921485,300.636854108322,300.6365744907697,300.6362902863286,300.6360021989706,300.63571094340426,300.6354172386481,300.6351218062425,300.63482536707073,300.6345286495867,300.6342323652776,300.63393722907074,300.6336439523938,300.63335322966356,300.63306574916373,300.63278218411125,300.6325032003099,300.63222943667967,300.63196151808233,300.63170005497307,300.6314456295231,300.6311987988079,300.63096011172564,300.63073007316143,300.63050916633586,300.6302978499059,300.6300965479685
0.017284711557405495,300.6298028882876,300.62979671649043,300.62977821852496,300.62974744259435,300.6297044683645,300.62964940666745,300.6295823994767,300.62950361945195,300.62941326956354,300.6293115822457,300.6291988188436,300.6290752691629,300.6289412499167,300.6287971044378,300.628643202055,300.62847993549644,300.6283077219323,300.628126999963,300.62793822927944,300.62774188886243,300.6275384762086,300.62732850618863,300.6271125075164,300.62689102518635,300.62666461336937,300.62643383815947,300.6261992773782,300.62596151172016,300.62572113118705,300.6254787292189,300.625234901298,300.624990242128,300.6247453537383,300.6245008224065,300.624257238279,300.6240151890853,300.6237752474481,300.6235379815515,300.6233039468407,300.62307369350657,300.6228477482925,300.6226266267388,300.62241083328905,300.6222008480937,300.62199713031424,300.621800134503,300.62161027645425,300.62142795480696,300.6212535485106,300.62108740723295
0.017784711557405495,300.61963230980143,300.6196272136674,300.6196119398992,300.61958652837956,300.6195510449374,300.61950558109834,300.61945025410245,300.61938520652444,300.61931060597874,300.6192266443849,300.6191335375272,300.61903152472325,300.61892086744365,300.6188018491603,300.6186747748594,300.6185399687375,300.61839777529036,300.6182485566365,300.6180926923213,300.6179305778102,300.6177626238559,300.61758925565516,300.61741090963676,300.6172280359839,300.6170410920722,300.616850545255,300.616656872904,300.61646055419163,300.6162620764026,300.6160619295466,300.6158606052811,300.61565859439327,300.61545639475463,300.6152544895479,300.61505336614107,300.61485351035833,300.614655394524,300.6144594878965,300.6142662489232,300.61407613254323,300.6138895731241,300.6137069961673,300.61352881877417,300.6133554370741,300.61318722960044,300.61302457313764,300.61286781012853,300.6127172695493,300.6125732646787,300.6124360838895
0.018284711557405495,300.61006730760806,300.6100630979082,300.61005048113265,300.6100294903055,300.61000017985117,300.60996262538595,300.6099169237683,300.6098631927813,300.6098015709037,300.6097322166696,300.6096553083194,300.6095710435654,300.6094796383574,300.60938132683987,300.6092763609763,300.60916500849265,300.6090475539964,300.60892429658134,300.60879554974986,300.60866164014675,300.60852290704383,300.6083797017382,300.60823238461495,300.60808132772013,300.60792690867027,300.607769513452,300.6076095366499,300.60744737378485,300.60728342749076,300.60711810254185,300.6069518050365,300.60678494013473,300.60661791984484,300.6064511424225,300.60628501053293,300.6061199260015,300.60595627851404,300.60579445579975,300.60563483637594,300.6054777966609,300.605323694914,300.6051728824407,300.60502570434085,300.6048824875125,300.6047435440622,300.6046091866317,300.6044796972442,300.60435534747046,300.60423639645427,300.6041230820648
0.018784711557405496,300.6010418794561,300.6010384006255,300.6010279745457,300.6010106285827,300.60098640775703,300.6009553745677,300.6009176090686,300.60087320860237,300.60082228762553,300.6007649771468,300.60070142445267,300.60063179295196,300.6005562610652,300.60047502226774,300.60038828480594,300.60029626984937,300.6001992126272,300.60009736027195,300.5999909718348,300.59988031722014,300.5997656767654,300.59964734083616,300.59952560712424,300.599400783246,300.59927318106423,300.59914311948114,300.5990109248144,300.5988769236249,300.59874144874743,300.5986048346791,300.5984674169754,300.59832953020475,300.5981915155546,300.5980537012873,300.59791642022714,300.59778000492287,300.59764477693955,300.5975110567809,300.5973791570659,300.59724938944885,300.597122049455,300.59699742721904,300.5968758084541,300.5967574629857,300.59664264816945,300.5965316237096,300.5964246218411,300.5963218668073,300.59622357310263,300.5961299369658
0.019284711557405496,300.5924996191346,300.5924967432004,300.5924881242244,300.59247378490335,300.5924537624988,300.59242810868926,300.5923968896665,300.592360185912,300.5923180920662,300.5922707164324,300.5922181807643,300.5921606201735,300.5920981821244,300.59203102654556,300.59195932562096,300.59188326211887,300.5918030305359,300.59171883514307,300.5916308900764,300.59153941843635,300.5914446519472,300.5913468307102,300.5912462007063,300.5911430163984,300.5910375354158,300.59093002132516,300.59082074412294,300.59070997349426,300.59059798469315,300.590485054245,300.5903714595149,300.5902574768487,300.59014338898845,300.5900294664875,300.58991598455486,300.5898032185757,300.5896914339371,300.5895808956839,300.58947186208087,300.5893645913369,300.5892593272448,300.5891563094842,300.5890557747605,300.5889579458293,300.5888630349001,300.5887712579617,300.5886828062047,300.58859786483725,300.58851661150896,300.58843920812745
0.019784711557405497,300.5843921233419,300.5843897449648,300.584382617345,300.584370759323,300.5843542017559,300.5843329873922,300.5843071709834,300.58427681909575,300.58424201001554,300.58420283330844,300.58415938965675,300.58411179081907,300.5840601587136,300.58400462558484,300.58394533385444,300.58388243460206,300.58381608870775,300.5837464650716,300.5836737407631,300.583598100258,300.58351973516216,300.58343884409373,300.5833556303617,300.5832703045578,300.5831830795599,300.5830941732702,300.5830038091964,300.58291221009523,300.58281960369686,300.58272621868394,300.58263228439966,300.5825380291474,300.58244368741276,300.58234948215005,300.58225564101707,300.5821623922067,300.5820699547587,300.5819785479449,300.58188838517833,300.5817996805405,300.58171263514737,300.58162744704424,300.5815443124735,300.5814634153546,300.58138493065644,300.5813090382458,300.58123589546665,300.58116565531674,300.58109846502686,300.58103445818165
0.020284711557405497,300.57667768270625,300.57667571512854,300.57666981881374,300.5766600094165,300.5766463125051,300.57662876345466,300.5766074075709,300.5765822999315,300.57655350531945,300.5765210978303,300.5764851607498,300.576445786555,300.5764030760736,300.5763571386941,300.5763080922649,300.57625606170495,300.57620118013864,300.5761435872638,300.57608342954774,300.57602085957717,300.57595603583655,300.57588912269205,300.57582028822577,300.57574970680287,300.5756775543592,300.5756040110968,300.57552926213384,300.5754534914903,300.575376887656,300.5752996398127,300.5752219376567,300.5751439698332,300.5750659309638,300.57498800472945,300.57491037952576,300.5748332445673,300.57475678064117,300.57468116922513,300.57460658670584,300.5745332107141,300.57446120714593,300.57439073967714,300.574321971126,300.57425505335686,300.5741901306083,300.5741273528823,300.5740668496023,300.5740087471776,300.5739531677128,300.57390022141834
0.020784711557405498,300.56932020366895,300.56931857539814,300.5693136960948,300.5693055787801,300.5692942446523,300.5692797229964,300.56926205131595,300.56924127519903,300.5692174482752,300.56919063186217,300.5691608948772,300.5691283138705,300.56909297225144,300.56905496053054,300.569014376259,300.5689713227499,300.56892591020164,300.56887825419324,300.56882847591584,300.5687767016185,300.56872306242894,300.5686676944211,300.5686107365841,300.5685523333569,300.56849263016755,300.5684317760817,300.56836992450184,300.5683072274609,300.5682438410346,300.5681799217785,300.5681156266422,300.5680511115225,300.5679865380936,300.5679220576223,300.5678578260731,300.5677940004513,300.567730729962,300.5676681648634,300.5676064509647,300.5675457357722,300.567486156107,300.56742784726146,300.5673709444312,300.5673155730132,300.5672618518796,300.567209906326,300.5671598427383,300.5671117655692,300.56706577615995,300.56702196542375
0.021284711557405498,300.5622883183914,300.56228697048493,300.562282931517,300.56227621233074,300.5622668305123,300.5622548103144,300.5622401827935,300.56222298569617,300.56220326343566,300.5621810667717,300.56215645274926,300.56212948475803,300.56210023181586,300.56206876883516,300.56203517659515,300.5619995405586,300.5619619519795,300.5619225065088,300.56188130445327,300.56183845030006,300.5617940525734,300.5617482239683,300.56170107943836,300.56165273869004,300.5616033219493,300.56155295255553,300.5615017576988,300.5614498629896,300.5613973977173,300.56134449147913,300.5612912741678,300.5612378746268,300.56118442728723,300.5611310566559,300.56107789189775,300.56102506339073,300.56097269425686,300.5609209089556,300.5608698280354,300.56081957409464,300.56077025994483,300.5607219974305,300.56067489890836,300.56062906791425,300.56058460237614,300.5605416071379,300.56050016957244,300.56046037599464,300.56042231058,300.56038604830576
0.0217847115574055,300.5555546481565,300.5555535319956,300.5555501876322,300.55554462410703,300.5555368560198,300.55552690346263,300.555514792163,300.5555005533858,300.5554842239254,300.5554658458147,300.5554454662853,300.55542313784804,300.55539891762584,300.55537286763865,300.5553450548013,300.5553155498238,300.55528442829996,300.55525176940944,300.5552176561968,300.55518217516175,300.55514541614605,300.55510747251793,300.55506843936695,300.55502841595205,300.55498750167203,300.5549457986035,300.55490341226334,300.5548604464292,300.5548170082466,300.55477320502905,300.55472914430555,300.5546849325642,300.55464068169897,300.55459649411875,300.55455247683506,300.554508738203,300.554465379797,300.5544225047489,300.5543802127317,300.5543386057402,300.55429777675346,300.55425781823897,300.5542188236615,300.5541808784948,300.55414406336934,300.5541084661889,300.55407415863186,300.5540412120254,300.554009696347,300.55397967341
0.0222847115574055,300.5490951923551,300.54909426781853,300.54909149780013,300.5490868898481,300.5490804560918,300.5490722131831,300.54906218244236,300.5490503897748,300.5490368656746,300.54902164495854,300.54900476674413,300.5489862745463,300.5489662156532,300.5489446414247,300.548921607311,300.54889717182505,300.54887139761104,300.5488443502297,300.54881609845233,300.54878671390634,300.5487562709858,300.5487248470771,300.54869252084745,300.5486593746444,300.54862549065007,300.5485909533612,300.5485558503677,300.54852026740133,300.5484842932949,300.5484480169363,300.54841152736316,300.548374912585,300.54833826584235,300.5483016712936,300.5482652176298,300.5482289949844,300.54819308712587,300.5481575795488,300.5481225546691,300.5480880974304,300.54805428442637,300.5480211921063,300.54798889830056,300.54795747355604,300.54792698421386,300.5478975041377,300.54786909204887,300.5478418068858,300.54781570687766,300.54779084296115
0.0227847115574055,300.54288882044324,300.5428880544084,300.5428857594528,300.54288194188877,300.5428766118007,300.54286978299484,300.54286147314616,300.54285170372617,300.54284050001775,300.5428278908685,300.54281390868476,300.5427985895399,300.54278197258833,300.54276410037255,300.5427450188593,300.5427247764746,300.54270342515053,300.5426810191835,300.5426576155396,300.5426332735451,300.54260805481726,300.54258202352173,300.54255524474513,300.5425277868427,300.54249971776045,300.5424711074555,300.542442028684,300.54241255225804,300.54238275186043,300.5423527011384,300.5423224738357,300.5422921426827,300.5422617854746,300.5422314712934,300.5422012736753,300.54217126766997,300.54214152232873,300.5421121085555,300.5420830944964,300.5420545509774,300.5420265410514,300.54199912792274,300.54197237647736,300.54194634492285,300.5419210877945,300.54189666731094,300.54187313149544,300.5418505290437,300.541828908459,300.54180831168946
0.0232847115574055,300.536916848507,300.5369162136179,300.5369143117284,300.5369111481267,300.5369067312041,300.5369010724121,300.5368941864092,300.5368860909983,300.5368768071495,300.53686635877204,300.5368547727194,300.53684207890706,300.53682830976027,300.5368135005267,300.53679768932545,300.5367809162381,300.5367632243328,300.53674465858666,300.5367252661983,300.53670509631644,300.5366841999876,300.536662630437,300.5366404415173,300.53661769000274,300.5365944320647,300.5365707256316,300.5365466311805,300.5365222071853,300.5364975147915,300.536472615036,300.5364475690088,300.53642243680423,300.5363972834217,300.536372165488,300.5363471439984,300.53632228151145,300.53629763491176,300.53627326302876,300.53624922220564,300.53622557157433,300.5362023629958,300.53617964871944,300.5361574829094,300.5361359135704,300.53611498548213,300.53609475119833,300.5360752499091,300.536056521839,300.5360386074365,300.53602154121995
0.0237847115574055,300.53116268548564,300.53116215914054,300.5311605825709,300.53115796021547,300.53115429906376,300.5311496086178,300.5311439010392,300.53113719109433,300.53112949618367,300.5311208361289,300.53111123318763,300.5311007121786,300.5310892999582,300.5310770257365,300.53106392113733,300.5310500193375,300.53103535606766,300.5310199685926,300.53100389602724,300.53098717909745,300.53096986010144,300.53095198320807,300.530933592975,300.53091473658753,300.53089546047585,300.5308758126142,300.5308558433119,300.5308356008371,300.5308151359563,300.5307944992694,300.5307737413946,300.5307529119726,300.5307320653977,300.53071124800573,300.5306905104112,300.53066990482387,300.5306494780684,300.5306292789786,300.530609354133,300.5305897529722,300.5305705181057,300.53055169271965,300.5305333220928,300.5305154457926,300.53049810053636,300.53048133085,300.5304651686304,300.53044964709477,300.5304348000179,300.5304206557757
0.0242847115574055,300.5256115368634,300.5256111003816,300.5256097931391,300.5256076188698,300.52560458340156,300.5256006946225,300.52559596262665,300.52559039966644,300.52558402018633,300.52557684062407,300.5255688794326,300.52556015721063,300.52555069620456,300.52554052062686,300.52552965672254,300.5255181319538,300.52550597597616,300.5254932196697,300.52547989545747,300.52546603709254,300.52545167963103,300.52543685974297,300.5254216142928,300.5254059825244,300.5253900028068,300.5253737148747,300.5253571606146,300.5253403798513,300.52532341475643,300.5253063072892,300.5252890993989,300.525271832077,300.525254550923,300.5252372937707,300.5252201026386,300.52520302115903,300.52518608783737,300.52516934323046,300.5251528258363,300.52513657706015,300.5251206318633,300.5251050259319,300.5250897971781,300.5250749781904,300.5250605990229,300.5250466975281,300.52503329958176,300.5250204326032,300.52500812483527,300.5249963995755
0.0247847115574055,300.52025015586577,300.5202497938023,300.52024870959275,300.52024690638586,300.5202443890467,300.5202411641264,300.52023724000685,300.52023262685816,300.5202273366766,300.5202213830977,300.5202147814237,300.52020754875775,300.52019970352984,300.52019126581365,300.5201822573999,300.5201727010191,300.5201626212953,300.5201520438221,300.52014099548086,300.52012950425114,300.520117599192,300.5201053107625,300.52009266945845,300.5200797079439,300.5200664579162,300.5200529522878,300.5200392259655,300.52002531178744,300.5200112448057,300.519997059824,300.519982791613,300.51996847400665,300.5199541453077,300.5199398363252,300.51992558195803,300.51991141872577,300.5198973782535,300.5198834942421,300.5198697985011,300.51985632577055,300.51984310468794,300.5198301647323,300.5198175377051,300.5198052504214,300.5197933274286,300.51978180102674,300.51977069212114,300.5197600233335,300.51974981831887,300.51974009617555
0.0252847115574055,300.5150666340032,300.51506633358395,300.5150654341194,300.51506393827185,300.51506185010805,300.51505917507177,300.5150559201259,300.51505209371595,300.5150477058096,300.515042767721,300.515037292143,300.5150312932828,300.51502478640947,300.51501778816873,300.5150103166608,300.51500239069856,300.5149940307372,300.51498525799207,300.51497609475433,300.5149665642216,300.51495669048586,300.51494649886007,300.5149360145671,300.5149252648176,300.5149142757855,300.51490307473404,300.5148916907834,300.51488015099005,300.51486848450645,300.51485672020914,300.51484488692336,300.5148330125585,300.5148211293598,300.5148092623334,300.5147974404792,300.5147856944161,300.5147740500786,300.5147625354865,300.51475117691274,300.51474000356507,300.51472903885286,300.5147183071167,300.5147078350865,300.51469764480134,300.51468775625676,300.51467819712934,300.51466898422234,300.51466013618665,300.51465167287074,300.5146436099009
0.025784711557405502,300.5100502242688,300.5100499749258,300.51004922852974,300.51004798733914,300.5100462547583,300.51004403531306,300.5100413347908,300.5100381602074,300.5100345198498,300.5100304231086,300.5100258805146,300.5100209038753,300.5100155058413,300.5100097002183,300.5100035020482,300.5099969268993,300.509989991772,300.5099827142541,300.50997511283447,300.50996720674874,300.50995901597406,300.5099505615583,300.50994186435776,300.5099329470613,300.5099238312703,300.50991453956794,300.5099050962762,300.5098955236659,300.50988584599935,300.5098760872423,300.5098662712943,300.5098564211603,300.50984656405444,300.5098367201892,300.50982691367597,300.50981717023603,300.509807511097,300.50979795957005,300.5097885373438,300.50977926903215,300.50977017372185,300.50976127149937,300.50975258488313,300.5097441319606,300.5097359289661,300.5097279997217,300.5097203576463,300.5097130181039,300.50970599778327,300.50969930943967
0.026284711557405502,300.5051911914925,300.5051909844797,300.50519036493813,300.50518933479003,300.50518789689005,300.50518605500315,300.5051838139421,300.505181179538,300.5051781586843,300.5051747591777,300.505170989757,300.50516686024037,300.50516238110936,300.50515756381594,300.50515242086715,300.505146965143,300.50514121078044,300.5051351723615,300.505128865224,300.50512230532036,300.5051155092182,300.5051084944297,300.50510127819393,300.50509387944993,300.5050863160125,300.50507860658746,300.50507077151593,300.5050628291075,300.50505479957013,300.50504670279946,300.5050385586137,300.50503038595724,300.50502220786245,300.50501404058366,300.5050059041795,300.504997820304,300.5049898062919,300.5049818815506,300.5049740639724,300.50496637435384,300.5049588282087,300.5049514421006,300.5049442350489,300.5049372218714,300.50493041569484,300.5049238371242,300.50491749678764,300.50491140732817,300.50490558280995,300.5049000336146
0.026784711557405503,300.50048068532124,300.5004805133989,300.5004799990119,300.5004791438025,300.5004779501691,300.5004764212456,300.50047456103675,300.5004723743914,300.5004698670474,300.50046704548015,300.50046391694315,300.5004604896053,300.50045677215,300.500452774079,300.5004485057971,300.5004439779573,300.50043920232196,300.5004341909822,300.5004289566637,300.50042351259833,300.5004178725272,300.5004120510306,300.5004060623513,300.50039992231706,300.5003936456068,300.5003872477132,300.5003807456737,300.50037415451874,300.5003674910938,300.50036077192044,300.50035401343416,300.50034723121735,300.5003404448244,300.5003336672422,300.50032691516867,300.5003202068787,300.50031355648696,300.5003069801636,300.5003004926569,300.50029411158965,300.5002878495222,300.5002817201006,300.50027573943555,300.50026991963927,300.50026427127176,300.5002588122495,300.5002535509006,300.5002484976153,300.5002436642767,300.50023905930425
0.027284711557405503,300.495910632094,300.4959104892673,300.4959100620667,300.4959093519015,300.49590836079074,300.4959070913451,300.49590554689905,300.4959037314869,300.49590164988797,300.4958993074821,300.4958967102914,300.49589386511667,300.4958907791514,300.49588746027996,300.49588391716384,300.4958801586107,300.4958761944134,300.4958720345981,300.4958676897251,300.4958631707706,300.4958584891328,300.49585365696004,300.4958486860125,300.4958435895356,300.49583837961114,300.4958330690688,300.4958276722028,300.49582220132936,300.49581667050415,300.4958110934511,300.4958054838016,300.49579985435423,300.4957942217687,300.49578859633556,300.4957829919654,300.49577742412356,300.4957719042622,300.4957664458658,300.49576106107855,300.49575576488263,300.4957505673978,300.49574547985407,300.4957405159419,300.4957356855354,300.495730997075,300.4957264662273,300.49572209942613,300.49571790519656,300.4957138936081,300.4957100714583
0.027784711557405504,300.49147364252474,300.4914735238283,300.4914731689325,300.4914725790517,300.49147175588996,300.4914707016237,300.49146941903155,300.49146791147194,300.491466182929,300.4914642378738,300.49146208130753,300.491459718896,300.49145715659733,300.4914544009549,300.4914514591842,300.4914483385631,300.49144504725075,300.4914415935612,300.49143798625926,300.4914342344505,300.49143034759084,300.4914263358106,300.4914222088129,300.49141797769903,300.49141365239973,300.4914092435372,300.49140476312704,300.4914002212386,300.4913956296124,300.49139099965225,300.4913863426644,300.49138166914236,300.49137699333465,300.49137232330844,300.4913676706614,300.4913630485216,300.4913584661401,300.49135393477263,300.49134946440637,300.4913450678251,300.4913407531322,300.49133652955663,300.4913324087739,300.4913283988068,300.4913245063462,300.491320745173,300.4913171201622,300.49131363829474,300.4913103081311,300.4913071351285
0.028284711557405504,300.4871629326416,300.4871628339622,300.4871625390423,300.4871620489339,300.4871613650791,300.48716048929396,300.4871594238956,300.4871581716817,300.4871567359766,300.4871551204976,300.4871533293989,300.48715136740435,300.4871492394481,300.4871469509614,300.4871445079593,300.4871419164521,300.48713918324324,300.48713631522685,300.48713331967843,300.4871302041527,300.48712697649444,300.48712364515916,300.48712021814526,300.48711670477314,300.4871131131921,300.4871094521938,300.4871057319004,300.4871019605217,300.4870981478758,300.4870943034424,300.48709043659915,300.4870865559312,300.48708267367687,300.4870787960709,300.4870749327913,300.48707109502067,300.48706729019057,300.4870635277068,300.48705981576995,300.48705616533147,300.48705258283013,300.4870490758373,300.4870456543498,300.48704232485886,300.4870390926123,300.4870359698079,300.48703296003913,300.4870300690089,300.48702730402067,300.487024669425
0.028784711557405505,300.4829722558667,300.4829721737957,300.48297192863566,300.4829715213028,300.48297095302104,300.48297022530744,300.482969340096,300.48296829971923,300.4829671069534,300.48296576489054,300.48296427698216,300.4829626471705,300.4829608795401,300.4829589785998,300.48295694936854,300.48295479680576,300.48295252658943,300.48295014443596,300.4829476563857,300.48294506870667,300.4829423879073,300.4829396210529,300.4829367747289,300.482933856776,300.4829308738679,300.48292783327844,300.4829247435555,300.4829216113697,300.4829184449434,300.4829152521589,300.4829120407948,300.4829088178562,300.48290559390364,300.4829023736631,300.4828991652193,300.48289597813357,300.48289281833445,300.4828896936915,300.4828866109254,300.48288357945955,300.4828806043587,300.48287769182144,300.48287485044455,300.4828720854531,300.482869400905,300.4828668076664,300.4828643082791,300.48286190738736,300.4828596112477,300.4828574232968
0.029284711557405505,300.4788958444785,300.4788957761906,300.47889557232304,300.478895233678,300.47889476129814,300.47889415645193,300.4788934207554,300.47889255615473,300.4788915649713,300.47889044977813,300.47888921344367,300.478887859261,300.4788863906104,300.4788848112353,300.47888312532734,300.47888133697506,300.47887945092174,300.47887747190714,300.47887540494656,300.4788732552407,300.47887102818925,300.47886872970304,300.4788663651967,300.4788639412805,300.47886146340596,300.4788589375886,300.47885637106646,300.4788537692369,300.4788511389958,300.4788484869008,300.4788458194036,300.478843142201,300.47884046445233,300.47883778964234,300.47883512453257,300.47883247733273,300.47882985273003,300.478827257318,300.47882469659146,300.47882217869824,300.4788197075696,300.47881728826735,300.47881492821955,300.47881263160457,300.47881040150054,300.47880824765093,300.478806171735,300.4788041775218,300.47880227039394,300.47880045303407
0.029784711557405506,300.47492835899504,300.4749283021482,300.4749281325534,300.47492785091754,300.47492745813184,300.47492695525864,300.4749263436498,300.4749256249306,300.4749248010447,300.47492387413416,300.4749228465836,300.474921721147,300.4749205006203,300.474919188112,300.4749177871267,300.4749163010307,300.4749147337912,300.47491308933746,300.47491137183437,300.4749095855969,300.4749077351049,300.47490582531,300.47490386065647,300.4749018467315,300.4748997879743,300.4748976893567,300.4748955570267,300.4748933953281,300.4748912100549,300.4748890066648,300.4748867905085,300.4748845662003,300.47488234172715,300.4748801195546,300.47487790534467,300.47487570617926,300.4748735257209,300.4748713695029,300.4748692420049,300.4748671503084,300.4748650974107,300.4748630874323,300.47486112682446,300.4748592189009,300.47485736593336,300.47485557671666,300.47485385222484,300.47485219550214,300.47485061120204,300.4748491013855
0.030284711557405506,300.47106484426183,300.4710647969139,300.4710646557711,300.4710644214605,300.47106409474713,300.4710636765217,300.4710631679168,300.4710625702911,300.4710618852745,300.4710611146511,300.471060260404,300.4710593248393,300.4710583102685,300.47105721927255,300.4710560547858,300.4710548195754,300.47105351696405,300.4710521502085,300.4710507227676,300.4710492382213,300.4710477002865,300.47104611311727,300.47104448035407,300.4710428067324,300.4710410958536,300.47103935182366,300.4710375798826,300.4710357835032,300.47103396756347,300.47103213660756,300.47103029507275,300.4710284466776,300.47102659842733,300.4710247519512,300.47102291199764,300.47102108470654,300.4710192728952,300.47101748121565,300.471015713307,300.47101397535823,300.4710122695979,300.4710105993669,300.47100897029935,300.47100738499495,300.4710058450628,300.47100435849404,300.47100292568706,300.4710015490867,300.47100023273674,300.4709989781862
0.030784711557405506,300.46730069122526,300.4673006517654,300.4673005342473,300.46730033923046,300.4673000673748,300.4672997194285,300.4672992963418,300.4672987992519,300.4672982295276,300.4672975886562,300.46729687828724,300.4672961003547,300.4672952567678,300.46729434967017,300.46729338152164,300.46729235459344,300.467291271672,300.46729013545615,300.46728894881875,300.4672877147299,300.4672864362726,300.46728511693857,300.4672837597019,300.4672823685888,300.4672809465074,300.46727949684526,300.46727802408583,300.4672765309817,300.46727502164896,300.4672734998734,300.4672719693342,300.4672704330088,300.46726889707895,300.4672673624894,300.4672658332295,300.4672643146505,300.4672628088739,300.4672613198185,300.4672598504275,300.4672584061423,300.4672569885588,300.4672556003731,300.46725424653454,300.4672529290534,300.46725164899533,300.4672504136683,300.4672492230026,300.4672480789472,300.4672469850358,300.46724594239595
0.0312847115574055,300.46363160354343,300.46363157063547,300.46363147273746,300.46363131035224,300.4636310840517,300.4636307944655,300.4636304423922,300.4636300287852,300.46362955479617,300.46362902166567,300.4636284307664,300.4636277837228,300.46362708211075,300.46362632771036,300.4636255225874,300.4636246686016,300.46362376809395,300.46362282329994,300.463621836606,300.463620810476,300.46361974746696,300.46361865051955,300.4636175220557,300.46361636551103,300.4636151832194,300.463613977973,300.4636127536238,300.46361151232986,300.4636102575729,300.46360899250885,300.46360772018795,300.46360644297454,300.46360516635866,300.46360389072606,300.46360261943437,300.4636013571752,300.46360010549654,300.46359886770773,300.4635976461759,300.46359644571476,300.46359526740105,300.463594113397,300.46359298807744,300.4635918929668,300.4635908286855,300.46358980195936,300.4635888123388,300.4635878613632,300.4635869521387,300.4635860854467
0.031784711557405504,300.4600535683209,300.4600535408561,300.46005345925573,300.4600533239746,300.4600531355109,300.46005289439603,300.4600526013022,300.4600522570298,300.4600518625502,300.46005141889884,300.4600509272184,300.4600503888762,300.46004980517114,300.46004917758205,300.4600485078466,300.4600477974834,300.4600470484631,300.46004626263664,300.46004544198667,300.46004458855646,300.4600437044666,300.4600427921992,300.460041853719,300.46004089196884,300.460039908808,300.4600389065345,300.4600378884732,300.46003685629125,300.46003581294224,300.4600347610593,300.46003370316976,300.4600326411321,300.4600315798535,300.46003051926465,300.46002946219784,300.4600284127911,300.4600273721214,300.4600263429903,300.4600253272888,300.4600243293024,300.4600233496828,300.46002239015036,300.4600214545969,300.460020544147,300.4600196590571,300.4600188055549,300.4600179828844,300.4600171922463,300.46001643638823,300.46001571580746
0.032284711557405504,300.45656283036993,300.45656280742827,300.45656273936834,300.4565626266043,300.45656246957293,300.4565622687232,300.4565620246227,300.45656173794464,300.4565614095099,300.45656104018383,300.45656063091803,300.4565601828657,300.45655969709605,300.4565591748377,300.4565586175554,300.4565580264851,300.4565574032893,300.4565567494998,300.45655606676365,300.4565553567753,300.4565546212927,300.45655386241646,300.4565530817324,300.45655228177253,300.4565514640036,300.45655063031353,300.456549783587,300.4565489250861,300.4565480573247,300.45654718250097,300.45654630270883,300.45654541938836,300.4565445369555,300.45654365497137,300.4565427758312,300.45654190320784,300.45654103779174,300.4565401819619,300.45653933721496,300.45653850739217,300.45653769279687,300.4565368947847,300.45653611684065,300.45653535975987,300.4565346235026,300.4565339138688,300.4565332298562,300.4565325723863,300.4565319439051,300.45653134467716
0.032784711557405505,300.45315586949516,300.4531558503129,300.45315579350506,300.45315569945103,300.4531555685361,300.45315540114086,300.45315519774556,300.4531549589176,300.45315468535284,300.4531543777749,300.4531540369769,300.4531536639336,300.45315325952413,300.4531528247686,300.45315236090505,300.4531518689354,300.4531513502652,300.4531508061615,300.4531502379928,300.45314964716357,300.453149035131,300.4531484036777,300.4531477540761,300.4531470885147,300.45314640813615,300.4531457144884,300.45314501008755,300.45314429586205,300.45314357395927,300.45314284621594,300.45314211436585,300.4531413795041,300.4531406456312,300.4531399120096,300.4531391806705,300.45313845489557,300.4531377350582,300.45313702318555,300.45313632044855,300.4531356303129,300.4531349527982,300.4531342889585,300.4531336419353,300.4531330122537,300.453132399633,300.45313180950427,300.453131240669,300.45313069381837,300.45313017114404,300.453129672721
0.033284711557405505,300.4498293803778,300.449829364321,300.4498293168655,300.4498292383612,300.44982912914986,300.4498289895554,300.4498288199852,300.44982862091877,300.44982839294744,300.4498281366776,300.44982785277006,300.4498275420515,300.44982720524285,300.4498268431915,300.44982645694654,300.4498260473158,300.44982561549125,300.4498251625201,300.44982468953924,300.4498241977125,300.4498236882471,300.44982316266095,300.449822621967,300.4498220680668,300.4498215018351,300.449820924538,300.4498203383829,300.44981974402367,300.4498191433019,300.44981853775397,300.4498179288147,300.4498173172947,300.44981670684217,300.4498160964797,300.4498154879351,300.4498148841598,300.4498142852689,300.44981369299563,300.4498131082419,300.44981253415597,300.4498119705263,300.4498114181582,300.44981087990266,300.4498103560628,300.4498098461637,300.4498093553167,300.449808882168,300.449808427219,300.4498079924471,300.4498075777725
0.033784711557405506,300.44658025470187,300.4465802412441,300.4465802015635,300.44658013598496,300.4465800448135,300.44657992832595,300.44657978686877,300.4465796208481,300.4465794307688,300.44657921713906,300.4465789805102,300.44657872158524,300.4465784409541,300.4465781393207,300.44657781757655,300.44657747636893,300.44657711671175,300.44657673946955,300.4465763455871,300.44657593602835,300.4465755117929,300.4465750741779,300.44657462398163,300.44657416286555,300.44657369148354,300.4465732108678,300.44657272296695,300.4465722282091,300.44657172818063,300.4465712241683,300.44657071735844,300.44657020832756,300.4465697004245,300.4465691924798,300.44656868596877,300.44656818356384,300.44656768516904,300.4465671922729,300.4465667055553,300.44656622789483,300.446565758893,300.44656529914977,300.4465648512698,300.4465644153747,300.4465639908331,300.4465635824781,300.4465631888346,300.44656281024794,300.44656244851376,300.446562103427
0.034284711557405506,300.44340556521894,300.443405553923,300.4434055207076,300.4434054658758,300.4434053897021,300.44340529242334,300.4434051743359,300.44340503578474,300.4434048772021,300.4434046990149,300.44340450168335,300.44340428580745,300.4434040518684,300.4434038004508,300.4434035323151,300.4434032479753,300.4434029482973,300.44340263399386,300.44340230584993,300.4434019646636,300.44340161126206,300.4434012467582,300.443400871773,300.44340048776655,300.4434000952108,300.4433996949441,300.44339928869755,300.44339887671424,300.4433984603673,300.4433980407356,300.4433976187995,300.4433971949429,300.4433967722591,300.4433963494269,300.4433959277107,300.4433955095465,300.4433950946672,300.4433946843568,300.4433942791122,300.4433938815825,300.44339349121844,300.4433931084509,300.4433927356747,300.44339237286385,300.4433920192614,300.44339167945736,300.443391351883,300.4433910367554,300.4433907357164,300.44339044845935
0.03478471155740551,300.4403025514953,300.4403025419981,300.44030251415995,300.4403024682652,300.4403024045624,300.44030232325537,300.4403022245983,300.44030210888525,300.44030197648806,300.4403018277659,300.4403016631032,300.440301483014,300.4403012878895,300.44030107821504,300.44030085464163,300.44030061757354,300.44030036775257,300.44030010576574,300.44029983226534,300.4402995479114,300.4402992533881,300.44029894965456,300.44029863718515,300.4402983172711,300.4402979902346,300.44029765675333,300.4402973183753,300.44029697519227,300.4402966283989,300.44029627890137,300.44029592750877,300.44029557444696,300.4402952225904,300.44029487049914,300.44029451926144,300.4402941711125,300.4402938256469,300.4402934839775,300.4402931464508,300.4402928155195,300.440292490514,300.44029217172584,300.440291861371,300.44029155930286,300.4402912646657,300.440290981835,300.44029070917156,300.44029044678746,300.4402901961935,300.4402899570015
0.03528471155740551,300.43726860712246,300.4372685991224,300.4372685757578,300.43726853729686,300.437268483966,300.43726841594173,300.43726833344283,300.437268236721,300.43726812609765,300.43726800187534,300.43726786437577,300.4372677140412,300.43726755118786,300.4372673762191,300.4372671896944,300.43726699192706,300.4372667835557,300.4372665650627,300.4372663369902,300.43726609988363,300.4372658543082,300.4372656010946,300.43726534059635,300.4372650739626,300.43726480139264,300.437264523431,300.4372642414712,300.4372639554815,300.43726366650725,300.4372633753107,300.43726308255907,300.43726278834833,300.4372624953654,300.4372622020782,300.4372619094281,300.4372616194789,300.437261331714,300.43726104710333,300.43726076586944,300.4372604902971,300.43726021962055,300.43725995401724,300.4372596955497,300.43725944397386,300.4372591983561,300.43725896288277,300.43725873586254,300.4372585173217,300.437258308659,300.4372581094216
0.03578471155740551,300.43430126820545,300.4343012614518,300.4343012418099,300.4343012095338,300.43430116483137,300.43430110785584,300.4343010387968,300.4343009578703,300.4343008653557,300.43430076150855,300.4343006465982,300.434300521007,300.43430038498934,300.43430023887987,300.43430008316204,300.434299918074,300.43429974416796,300.43429956183957,300.43429937153934,300.4342991737176,300.4342989688407,300.4342987576321,300.4342985403453,300.4342983180102,300.4342980907251,300.43429785892425,300.43429762387086,300.43429738543244,300.4342971445293,300.43429690180403,300.43429665780553,300.4342964125245,300.43429616848505,300.434295924086,300.4342956801454,300.4342954385809,300.4342951987867,300.43429496161315,300.43429472718134,300.4342944976311,300.4342942721213,300.4342940507357,300.4342938354048,300.43429362580605,300.4342934209458,300.4342932248415,300.43429303576585,300.43429285367483,300.43429267987113,300.43429251385083
0.03628471155740551,300.4313982029697,300.4313981972542,300.4313981807111,300.43139815358205,300.4313981160591,300.4313980682761,300.43139801039814,300.4313979426117,300.43139786516065,300.4313977782616,300.4313976821403,300.4313975771289,300.43139746343064,300.43139734132325,300.43139721122634,300.431397073316,300.43139692807245,300.4313967758193,300.4313966169307,300.43139645177826,300.4313962807462,300.4313961044678,300.43139592311474,300.431395737616,300.4313955479874,300.43139535457186,300.4313951585221,300.4313949596242,300.43139475869333,300.4313945562724,300.4313943528124,300.4313941482177,300.43139394487196,300.4313937411226,300.4313935376847,300.43139333635014,300.431393136443,300.43139293871286,300.4313927431977,300.4313925519125,300.43139236395734,300.43139217933924,300.4313919998748,300.4313918251787,300.4313916542115,300.43139149083987,300.4313913333125,300.43139118152857,300.4313910367083,300.4313908983075
0.03678471155740551,300.4285572023506,300.4285571975001,300.42855718353724,300.4285571606929,300.42855712914536,300.42855708901243,300.4285570404386,300.42855698358545,300.4285569186675,300.4285568458688,300.4285567653786,300.4285566774872,300.42855658235544,300.42855648021384,300.42855637142844,300.4285562561244,300.4285561347215,300.4285560074835,300.42855587472144,300.42855573674103,300.42855559385856,300.42855544663183,300.42855529516504,300.428555140302,300.4285549819912,300.42855482050004,300.42855465688723,300.42855449087335,300.42855432318515,300.4285541542825,300.42855398453486,300.42855381377706,300.42855364427,300.4285534743247,300.4285533045703,300.42855313668986,300.42855296995253,300.4285528050236,300.4285526418731,300.4285524824074,300.42855232568166,300.42855217164055,300.42855202200167,300.42855187632983,300.4285517335516,300.42855159739815,300.4285514661044,300.4285513395235,300.4285512188043,300.4285511033718
0.03728471155740551,300.4257761714492,300.4257761673197,300.4257761555061,300.4257761362296,300.42577610965674,300.4257760758918,300.42577603506203,300.4257759873084,300.42577593282044,300.4257758717551,300.42577580427155,300.4257757306249,300.4257756509407,300.42577556541033,300.4257754743552,300.42577537785826,300.4257752762886,300.4257751698607,300.4257750588327,300.42577494345585,300.42577482398997,300.42577470092954,300.4257745743233,300.4257744449429,300.4257743126821,300.42577417774595,300.4257740411131,300.4257739024513,300.4257737624131,300.4257736213891,300.4257734796814,300.4257733370682,300.425773195703,300.42577305387306,300.42577291213496,300.4257727720777,300.4257726329281,300.42577249528046,300.4257723590495,300.4257722260468,300.4257720952941,300.4257719666854,300.4257718418519,300.42577172031895,300.4257716009896,300.42577148747165,300.4257713779948,300.42577127237524,300.4257711716998,300.4257710753703
0.03778471155740551,300.4230531217529,300.42305311822486,300.4230531082021,300.42305309189754,300.42305306946747,300.4230530410049,300.42305300662235,300.4230529664437,300.4230529206377,300.4230528693384,300.42305281267994,300.42305275088796,300.4230526840591,300.4230526123518,300.4230525360501,300.4230524552024,300.4230523701354,300.4230522810223,300.4230521880775,300.42305209150726,300.423051991524,300.42305188856926,300.4230517826465,300.42305167446574,300.4230515638767,300.4230514510327,300.42305133684397,300.42305122093654,300.42305110390015,300.42305098606766,300.42305086768505,300.42305074848537,300.4230506305274,300.4230505120845,300.4230503936524,300.42305027673825,300.4230501605369,300.42305004558267,300.4230499317457,300.42304982075404,300.42304971160564,300.42304960415333,300.42304949995275,300.4230493984986,300.4230492986781,300.42304920398686,300.42304911265614,300.4230490244725,300.42304894046885,300.4230488600296
0.03828471155740551,300.42038616403545,300.4203861610093,300.4203861524796,300.42038613865145,300.42038611967246,300.42038609562616,300.4203860666129,300.42038603274193,300.42038599416446,300.42038595099575,300.4203859033489,300.4203858514249,300.42038579529617,300.4203857350942,300.4203856710715,300.4203856032481,300.4203855319149,300.4203854572112,300.4203853793149,300.4203852983946,300.42038521462393,300.4203851283995,300.4203850396878,300.42038494914647,300.42038485658975,300.42038476212815,300.42038466661336,300.42038456963843,300.42038447173996,300.42038437320264,300.4203842742261,300.4203841745071,300.4203840760208,300.4203839770347,300.42038387799323,300.42038378033203,300.42038368322227,300.42038358714797,300.42038349194286,300.42038339926177,300.42038330808623,300.42038321823605,300.42038313119997,300.4203830464498,300.42038296286296,300.42038288383253,300.4203828075967,300.4203827339185,300.42038266378336,300.42038259656414
0.03878471155740551,300.4177735018601,300.41777349925303,300.41777349196855,300.41777348020474,300.4177734641019,300.41777344373514,300.41777341919476,300.41777339057785,300.4177733580206,300.41777332162263,300.41777328147964,300.41777323777177,300.41777319055143,300.4177731399278,300.4177730861268,300.4177730291452,300.417772969244,300.4177729065341,300.41777284116324,300.41777277326884,300.4177727029921,300.41777263069173,300.4177725563044,300.41777248044275,300.41777240289247,300.4177723237293,300.41777224375403,300.4177721625342,300.41777208056146,300.41777199808024,300.4177719152515,300.4177718317438,300.4177717494574,300.41777166666066,300.41777158375487,300.4177715021126,300.41777142088836,300.4177713405235,300.41777126082286,300.41777118337603,300.4177711071543,300.4177710319514,300.41777095919656,300.4177708883445,300.41777081826854,300.41777075226696,300.4177706885895,300.41777062698054,300.41777056838384,300.4177705121645
0.03928471155740551,300.41521342562174,300.4152134233649,300.41521341711945,300.4152134070775,300.4152133933724,300.41521337607253,300.41521335525965,300.4152133310204,300.4152133034787,300.41521327272073,300.41521323882785,300.41521320196244,300.4152131621608,300.41521311951317,300.4152130742233,300.41521302626893,300.4152129758857,300.41521292316116,300.4152128682179,300.4152128111674,300.41521275212415,300.4152126914147,300.41521262895145,300.4152125653084,300.4152125002491,300.41521243382,300.4152123667782,300.41521229867163,300.4152122299538,300.41521216083555,300.4152120914458,300.4152120214309,300.41521195262425,300.41521188330034,300.4152118138238,300.4152117455116,300.4152116775072,300.4152116102159,300.41521154341945,300.4152114786491,300.41521141487124,300.41521135185866,300.4152112909879,300.41521123170116,300.4152111728721,300.41521111771135,300.4152110644831,300.41521101291795,300.4152109639223,300.41521091685695
0.03978471155740551,300.41270430707084,300.4127043051069,300.41270429972917,300.4127042911239,300.41270427941873,300.4127042646763,300.41270424697086,300.4127042263806,300.4127042030186,300.41270417696035,300.4127041482749,300.41270411710974,300.4127040834879,300.4127040474839,300.41270400928244,300.4127039688463,300.41270392638944,300.41270388198006,300.4127038357199,300.412703787699,300.4127037380094,300.41270368695064,300.4127036344155,300.4127035809449,300.41270352628436,300.412703470457,300.4127034141815,300.4127033569917,300.41270329930785,300.4127032413132,300.41270318310984,300.4127031243273,300.41270306673863,300.41270300862857,300.41270295033087,300.41270289311285,300.41270283611186,300.41270277970216,300.4127027236476,300.41270266942695,300.41270261600584,300.41270256314067,300.41270251216065,300.4127024624995,300.4127024130347,300.41270236689525,300.4127023223628,300.4127022791571,300.4127022381515,300.41270219870546
0.04028471155740551,300.41024459427024,300.4102445925515,300.4102445878988,300.4102445804931,300.4102445704569,300.410244557848,300.4102445427343,300.4102445251867,300.4102445053096,300.41024448316887,300.41024445882357,300.41024443240866,300.4102444039361,300.4102443734674,300.41024434117145,300.4102443069984,300.41024427114417,300.410244233661,300.41024419463304,300.41024415413267,300.41024411223344,300.4102440692118,300.41024402494486,300.41024397994477,300.41024393394343,300.4102438869445,300.41024383963315,300.410243791533,300.4102437430364,300.4102436943028,300.41024364541266,300.41024359598265,300.41024354773094,300.41024349895616,300.41024344996583,300.4102434019827,300.41024335414176,300.4102433067909,300.41024325968004,300.41024321424044,300.4102431694404,300.4102431250238,300.4102430822768,300.4102430406282,300.41024299896196,300.41024296033066,300.4102429230357,300.41024288678886,300.41024285243367,300.41024281933045
0.04078471155740551,300.40783280694114,300.40783280542786,300.40783280138146,300.4078327949781,300.4078327863355,300.40783277550736,300.40783276255644,300.40783274754745,300.40783273057684,300.4078327117029,300.4078326909763,300.4078326685214,300.4078326443409,300.40783261848577,300.4078325911112,300.40783256215735,300.40783253180473,300.40783250009224,300.4078324670898,300.4078324328549,300.40783239744576,300.4078323611191,300.4078323237398,300.40783228579465,300.4078322470055,300.40783220735995,300.407832167514,300.407832126984,300.40783208613834,300.407832045117,300.40783200398204,300.407831962341,300.4078319218619,300.4078318808601,300.4078318396205,300.4078317993259,300.40783175911196,300.407831719304,300.40783167964116,300.4078316415117,300.4078316038892,300.407831566508,300.40783153061534,300.40783149563777,300.40783146046783,300.4078314280863,300.40783139681605,300.4078313663631,300.4078313375442,300.4078313097222
0.04128471155740551,300.40546753216057,300.4054675308198,300.4054675272809,300.40546752171554,300.4054675142375,300.4054675048967,300.40546749375153,300.4054674808613,300.40546746631617,300.4054674501678,300.40546743245983,300.4054674133074,300.405467392706,300.40546737069747,300.40546734742554,300.4054673228224,300.40546729705545,300.40546727015266,300.40546724217194,300.40546721315826,300.4054671831576,300.4054671524096,300.40546712076934,300.40546708870176,300.40546705592106,300.40546702240204,300.4054669887746,300.4054669545509,300.40546692007854,300.4054668854809,300.40546685080517,300.40546681565246,300.4054667816449,300.40546674711646,300.4054667123329,300.4054666784405,300.4054666445784,300.40546661105225,300.40546657759336,300.4054665455506,300.4054665139049,300.40546648238376,300.4054664521989,300.4054664227762,300.4054663930193,300.40546636584105,300.4054663395866,300.40546631395864,300.40546628974937,300.4054662663255
0.04178471155740551,300.40314742037714,300.4031474191813,300.40314741606767,300.4031474112036,300.4031474046994,300.40314739660175,300.4031473869652,300.40314737584475,300.4031473633247,300.4031473494514,300.4031473342626,300.40314731786566,300.40314730024994,300.40314728145,300.40314726159966,300.4031472406248,300.4031472186814,300.40314719578873,300.40314717199436,300.4031471473335,300.4031471218414,300.4031470957432,300.40314706888654,300.403147041717,300.40314701394345,300.40314698553027,300.4031469570841,300.4031469281152,300.40314689895314,300.4031468697075,300.4031468404128,300.4031468106666,300.4031467820482,300.40314675291205,300.40314672350735,300.4031466949472,300.4031466663761,300.4031466380828,300.403146609793,300.4031465828192,300.4031465561515,300.40314652951264,300.40314650408135,300.4031464792855,300.4031464540403,300.40314643119467,300.403146409117,300.40314638750806,300.4031463671373,300.4031463473771
0.04228471155740551,300.4008711817152,300.4008711806413,300.40087117788437,300.4008711736079,300.40087116791875,300.4008711608609,300.4008711524857,300.4008711428443,300.4008711320163,300.40087112004323,300.40087110695794,300.40087109286134,300.40087107773763,300.40087106161536,300.40087104461975,300.4008710266719,300.4008710079181,300.4008709883701,300.4008709680673,300.4008709470365,300.4008709253041,300.400870903083,300.400870880215,300.4008708571285,300.40087083352904,300.4008708093724,300.40087078524454,300.4008707606556,300.4008707359195,300.40087071113396,300.4008706863236,300.40087066108356,300.400870636954,300.4008706123107,300.40087058738874,300.40087056327076,300.40087053910804,300.4008705151749,300.400870491193,300.4008704684415,300.4008704459209,300.4008704233508,300.4008704018796,300.4008703809383,300.400870359455,300.4008703402176,300.40087032161864,300.4008703033579,300.4008702861846,300.40087026947697
0.042784711557405514,300.3986375825415,300.3986375815704,300.39863757911314,300.39863757532953,300.39863757032316,300.3986375641359,300.3986375568163,300.3986375484121,300.3986375389986,300.3986375286138,300.39863751728626,300.3986375051109,300.3986374920684,300.3986374781819,300.39863746356946,300.39863744814824,300.3986374320564,300.39863741529945,300.39863739790985,300.3986373799077,300.39863736131207,300.39863734232495,300.39863732278405,300.39863730310253,300.3986372829838,300.3986372623771,300.3986372418496,300.39863722091275,300.3986371998666,300.39863717879933,300.39863715772685,300.398637136244,300.39863711585406,300.3986370949553,300.39863707377043,300.39863705335404,300.3986370328654,300.3986370125662,300.3986369921759,300.39863697294226,300.39863695387726,300.398636934699,300.39863691652766,300.3986368987982,300.39863688045284,300.39863686422115,300.39863684852,300.39863683304975,300.3986368185402,300.39863680437657
0.043284711557405514,300.3964454422714,300.39644544138724,300.3964454391821,300.3964454358123,300.3964454313787,300.39644542592123,300.39644541948564,300.39644541211726,300.3964454038876,300.3964453948312,300.39644538497333,300.3964453744041,300.3964453631007,300.3964453510822,300.39644533846024,300.39644532514933,300.3964453112802,300.3964452968535,300.39644528189604,300.39644526642184,300.39644525044446,300.3964452341561,300.3964452173919,300.39644520055094,300.39644518333614,300.39644516569126,300.39644514816655,300.396445130276,300.39644511230756,300.396445094341,300.3964450763854,300.3964450580365,300.39644504076284,300.39644502298586,300.3964450049176,300.39644498758645,300.396444970161,300.3964449528915,300.39644493549656,300.3964449191945,300.39644490301,300.3964448866603,300.3964448712393,300.3964448561871,300.3964448404603,300.3964448267328,300.3964448134464,300.3964448003022,300.39644478801245,300.39644477596977
0.043784711557405515,300.3942936303939,300.3942936295834,300.3942936275908,300.39429362456906,300.39429362061657,300.39429361577135,300.39429361007717,300.3942936035768,300.3942935963387,300.39429358839453,300.39429357976667,300.39429357054087,300.3942935606919,300.39429355023526,300.39429353927704,300.39429352772976,300.3942935157179,300.39429350323786,300.3942934903118,300.39429347694903,300.39429346315825,300.3942934491234,300.3942934346775,300.3942934202075,300.3942934054164,300.39429339024394,300.3942933752247,300.3942933598763,300.3942933444759,300.3942933290963,300.39429331374083,300.39429329800697,300.3942932833309,300.3942932681575,300.39429325268947,300.39429323793075,300.39429322305983,300.39429320831726,300.3942931934214,300.39429317956325,300.39429316578037,300.3942931517905,300.39429313866265,300.39429312584275,300.3942931123023,300.3942931006619,300.39429308938804,300.3942930781835,300.3942930677441,300.39429305747024
0.044284711557405515,300.39218106369685,300.3921810629489,300.3921810611358,300.3921810584073,300.39218105485946,300.3921810505288,300.39218104545716,300.39218103968517,300.39218103327846,300.39218102626637,300.3921810186689,300.392181010568,300.3921810019365,300.3921809927867,300.39218098322016,300.3921809731479,300.39218096268894,300.3921809518363,300.3921809406082,300.39218092901007,300.39218091704663,300.3921809048944,300.39218089238545,300.3921808798955,300.39218086712856,300.3921808540209,300.39218084109336,300.3921808278675,300.39218081461087,300.39218080139045,300.3921807882049,300.39218077465443,300.3921807621443,300.3921807491432,300.39218073584544,300.39218072323234,300.3921807104928,300.39218069785863,300.39218068504886,300.3921806732287,300.392180661449,300.3921806494287,300.3921806382135,300.39218062725564,300.3921806155417,300.3921806056412,300.39218059604514,300.3921805864588,300.39218057756216,300.39218056876405
0.044784711557405515,300.39010670367605,300.39010670298137,300.39010670132024,300.3901066988393,300.3901066956325,300.3901066917349,300.3901066871867,300.39010668202667,300.39010667631806,300.39010667008813,300.39010666335486,300.39010665619674,300.39010664858506,300.39010664053,300.3901066321287,300.39010662329116,300.39010661413164,300.3901066046406,300.3901065948328,300.3901065847106,300.3901065742753,300.3901065636971,300.3901065528076,300.39010654197205,300.3901065308965,300.39010651951475,300.3901065083342,300.3901064968815,300.3901064854157,300.39010647399846,300.3901064626247,300.3901064508981,300.39010644019464,300.3901064290068,300.3901064175217,300.3901064066989,300.3901063957385,300.3901063848642,300.39010637379687,300.39010636367675,300.3901063535686,300.39010634319317,300.39010633357384,300.39010632416984,300.3901063139828,300.39010630553315,300.39010629733644,300.3901062891006,300.39010628149094,300.3901062739246
0.045284711557405516,300.38806955411377,300.38806955346456,300.38806955193235,300.388069549661,300.3880695467421,300.38806954320967,300.3880695391024,300.38806953445743,300.3880695293357,300.38806952376297,300.3880695177553,300.3880695113884,300.3880695046323,300.3880694974951,300.38806949007034,300.3880694822674,300.3880694741964,300.3880694658455,300.38806945722683,300.3880694483401,300.388069439184,300.3880694299227,300.38806942038815,300.38806941093617,300.3880694012751,300.3880693913367,300.3880693816164,300.38806937164617,300.388069361677,300.3880693517666,300.3880693419066,300.3880693317046,300.3880693225088,300.3880693128354,300.38806930286495,300.38806929353683,300.38806928406234,300.388069274658,300.3880692650467,300.3880692563455,300.38806924763287,300.38806923863183,300.3880692303448,300.3880692222379,300.38806921332855,300.3880692060892,300.38806919906,300.3880691919518,300.388069185416,300.3880691788785
0.045784711557405516,300.38606865881246,300.38606865820236,300.3860686567799,300.3860686546863,300.38606865201103,300.38606864878716,300.386068645052,300.38606864084124,300.3860686362139,300.3860686311942,300.38606862579684,300.3860686200948,300.38606861405725,300.3860686076906,300.38606860108524,300.3860685941503,300.38606858699205,300.386068579597,300.3860685719749,300.3860685641234,300.38606855603894,300.38606854788065,300.38606853948096,300.3860685311869,300.3860685227096,300.38606851397947,300.3860685054805,300.38606849675045,300.3860684880333,300.3860684793829,300.3860684707886,300.386068461862,300.3860684539248,300.386068445517,300.3860684368133,300.38606842873367,300.38606842050086,300.3860684123251,300.3860684039316,300.3860683964151,300.3860683888682,300.38606838101646,300.38606837384214,300.3860683668189,300.3860683589794,300.3860683527502,300.3860683466955,300.38606834052945,300.38606833489035,300.38606832921243
0.04628471155740552,300.384103099473,300.3841030988966,300.38410309756796,300.3841030956255,300.384103093157,300.3841030901944,300.38410308677396,300.3841030829301,300.38410307871993,300.38410307416655,300.3841030692832,300.3841030641408,300.38410305870775,300.384103052989,300.3841030470721,300.38410304086625,300.3841030344744,300.3841030278815,300.3841030210957,300.38410301411267,300.3841030069272,300.38410299969354,300.38410299224523,300.38410298492124,300.3841029774356,300.3841029697179,300.3841029622415,300.38410295455003,300.38410294688106,300.3841029392852,300.3841029317498,300.3841029238912,300.3841029170054,300.384102909656,300.3841029020125,300.3841028949765,300.38410288778203,300.38410288063375,300.3841028732596,300.3841028667329,300.38410286016045,300.38410285327046,300.38410284702627,300.3841028409088,300.38410283396615,300.3841028285804,300.38410282333945,300.38410281796126,300.384102813071,300.38410280811206
0.04678471155740552,300.38217199370536,300.38217199315807,300.3821719919098,300.38217199009637,300.3821719878038,300.38217198506317,300.38217198190955,300.3821719783764,300.3821719745191,300.38217197035954,300.38217196591023,300.38217196123964,300.3821719563159,300.38217195114294,300.38217194580534,300.38217194021297,300.3821719344654,300.3821719285469,300.38217192246367,300.3821719162102,300.38217190977974,300.3821719033223,300.38217189667273,300.38217189016217,300.38217188350825,300.38217187663986,300.38217187002033,300.38217186319946,300.38217185640883,300.3821718496965,300.38217184304784,300.38217183608435,300.38217183007754,300.38217182361416,300.3821718168588,300.3821718106956,300.3821718043703,300.38217179808214,300.3821717915621,300.38217178586297,300.38217178010547,300.38217177402123,300.38217176855494,300.3821717631952,300.38217175700527,300.3821717523242,300.3821717477633,300.3821717430442,300.3821717387802,300.3821717344228
0.04728471155740552,300.3802744931621,300.38027449264024,300.38027449146114,300.3802744897583,300.38027448761596,300.3802744850644,300.3802744821377,300.3802744788683,300.3802744753102,300.3802744714842,300.38027446740193,300.3802744631301,300.38027445863645,300.3802744539239,300.38027444907476,300.38027444399944,300.3802744387947,300.3802744334438,300.3802744279518,300.38027442231214,300.3802744165167,300.3802744107118,300.38027440473365,300.38027439890635,300.3802743929508,300.3802743867958,300.3802743808952,300.380274374805,300.38027436875143,300.38027436277997,300.38027435687485,300.3802743506626,300.3802743453909,300.38027433966977,300.38027433365943,300.3802743282269,300.3802743226298,300.38027431706234,300.38027431125863,300.38027430625203,300.3802743011769,300.3802742957683,300.38027429095314,300.38027428622775,300.3802742806706,300.3802742765787,300.3802742725865,300.3802742684194,300.3802742646791,300.38027426082584
0.04778471155740552,300.3784097817869,300.3784097812872,300.3784097801679,300.3784097785601,300.37840977654656,300.3784097741566,300.37840977142343,300.37840976837873,300.37840976507505,300.37840976153234,300.37840975776146,300.37840975382727,300.3784097496976,300.3784097453745,300.37840974093797,300.3784097362992,300.3784097315526,300.3784097266805,300.37840972168704,300.37840971656465,300.3784097113044,300.3784097060489,300.37840970063604,300.3784096953833,300.37840969001513,300.37840968446034,300.37840967916367,300.37840967368777,300.3784096682533,300.37840966290395,300.37840965762297,300.378409652042,300.37840964738587,300.3784096422873,300.3784096369026,300.3784096320825,300.3784096270962,300.3784096221332,300.37840961693126,300.37840961250447,300.3784096080013,300.37840960316,300.3784095988905,300.37840959469685,300.3784095896723,300.3784095860734,300.37840958255714,300.3784095788528,300.378409575551,300.3784095721205
0.04828471155740552,300.3765770741678,300.3765770736876,300.37657707262036,300.37657707109474,300.37657706919185,300.3765770669406,300.37657706437324,300.3765770615205,300.3765770584338,300.3765770551323,300.3765770516263,300.376577047979,300.37657704415807,300.37657704016516,300.3765770360782,300.376577031809,300.37657702744974,300.37657702298236,300.37657701841,300.37657701372456,300.3765770089162,300.3765770041242,300.3765769991883,300.37657699441957,300.37657698954615,300.3765769844973,300.37657697970883,300.3765769747499,300.3765769698365,300.37657696501043,300.37657696025406,300.3765769552044,300.3765769510642,300.37657694648857,300.37657694163,300.37657693732376,300.37657693285036,300.3765769283952,300.3765769236995,300.37657691975886,300.3765769157355,300.3765769113712,300.3765769075595,300.37657690381207,300.37657689923674,300.3765768960506,300.3765768929331,300.37657688961735,300.376576886683,300.37657688360747
0.04878471155740552,300.37477561399004,300.37477561352716,300.37477561250535,300.374775611051,300.3747756092439,300.3747756071121,300.3747756046873,300.3747756019992,300.37477559909837,300.374775596003,300.37477559272304,300.3747755893201,300.374775585762,300.3747755820497,300.37477557825946,300.37477557430407,300.3747755702733,300.37477556614886,300.3747755619332,300.3747755576175,300.37477555319157,300.3747755487914,300.3747755442588,300.37477553989856,300.37477553544295,300.37477553082124,300.37477552646124,300.37477552193843,300.3747755174643,300.374775513079,300.3747755087644,300.37477550416276,300.3747755004555,300.3747754963197,300.3747754919045,300.3747754880299,300.37477548398795,300.37477547996,300.37477547569085,300.3747754721583,300.3747754685381,300.3747754645757,300.3747754611486,300.3747754577759,300.37477545358036,300.37477545074034,300.3747754479572,300.374775444968,300.37477544234207,300.37477543956516
0.04928471155740552,300.3730046725798,300.37300467213225,300.37300467115034,300.3730046697583,300.37300466803435,300.373004666006,300.3730046637042,300.3730046611581,300.3730046584169,300.3730046554985,300.3730046524121,300.373004649218,300.3730046458843,300.37300464241156,300.373004638874,300.3730046351857,300.37300463143424,300.37300462760123,300.37300462368853,300.37300461968664,300.3730046155852,300.37300461151716,300.3730046073264,300.37300460331187,300.37300459920965,300.3730045949495,300.3730045909513,300.3730045867972,300.37300458269414,300.37300457868093,300.37300457473907,300.37300457051606,300.37300456717253,300.37300456340745,300.3730045593665,300.3730045558552,300.3730045521767,300.3730045485088,300.3730045445998,300.37300454141035,300.3730045381294,300.37300453450615,300.37300453140256,300.3730045283454,300.37300452447164,300.37300452192216,300.37300451941985,300.3730045167057,300.3730045143389,300.37300451181346
0.04978471155740552,300.3712635475336,300.3712635470999,300.3712635461533,300.37126354481586,300.37126354316456,300.3712635412262,300.37126353903113,300.3712635366079,300.37126353400447,300.3712635312385,300.37126352831865,300.3712635253039,300.37126352216256,300.37126351889475,300.3712635155733,300.37126351211305,300.3712635086,300.37126350501535,300.37126350136054,300.371263497626,300.3712634938007,300.37126349001494,300.37126348611474,300.37126348239354,300.371263478591,300.3712634746379,300.37126347094613,300.3712634671043,300.3712634633154,300.37126345961707,300.3712634559903,300.371263452088,300.37126344905073,300.37126344559863,300.3712634418743,300.37126343866925,300.37126343529775,300.3712634319339,300.3712634283297,300.37126342542916,300.37126342243425,300.3712634190979,300.371263416267,300.3712634134759,300.37126340987544,300.37126340757027,300.37126340530403,300.3712634028219,300.37126340067323,300.37126339836027
0.05028471155740552,300.36955156142767,300.36955156100646,300.3695515600912,300.3695515588021,300.3695515572145,300.3695515553549,300.369551553253,300.3695515509366,300.36955154845293,300.3695515458188,300.3695515430428,300.3695515401826,300.36955153720675,300.3695515341152,300.3695515309791,300.3695515277145,300.36955152440555,300.3695515210334,300.36955151759923,300.3695515140929,300.3695515105034,300.36955150695843,300.369551503306,300.3695514998342,300.36955149628676,300.3695514925949,300.36955148916337,300.36955148558695,300.36955148206494,300.3695514786335,300.3695514752739,300.36955147164406,300.36955146886504,300.36955146567783,300.3695514622222,300.36955145927584,300.3695514561641,300.3695514530576,300.36955144971216,300.3695514470553,300.36955144430203,300.369551441209,300.36955143860854,300.36955143604223,300.36955143267477,300.36955143057514,300.36955142850803,300.3695514262221,300.3695514242574,300.369551422124
0.05078471155740552,300.36786806060127,300.3678680601913,300.36786805930416,300.367868058058,300.3678680565268,300.3678680547365,300.3678680527163,300.36786805049337,300.367868048114,300.3678680455947,300.36786804294366,300.36786804021733,300.3678680373846,300.36786803444517,300.3678680314688,300.3678680283727,300.3678680252392,300.36786802204966,300.36786801880464,300.3678680154941,300.3678680121067,300.3678680087678,300.36786800532747,300.3678680020687,300.3678679987389,300.36786799527033,300.3678679920603,300.36786798871026,300.3678679854155,300.36786798221135,300.36786797907877,300.3678679756812,300.36786797312027,300.3678679701579,300.36786796693093,300.36786796420364,300.3678679613123,300.3678679584243,300.36786795529895,300.3678679528482,300.3678679502997,300.36786794741363,300.3678679450082,300.36786794263224,300.3678679394642,300.3678679375381,300.36786793563886,300.36786793351934,300.36786793171,300.367867929729
0.05128471155740552,300.3662124140097,300.36621241361007,300.3662124127483,300.36621241154046,300.36621241005935,300.3662124083305,300.3662124063824,300.3662124042417,300.36621240195393,300.36621239953513,300.36621239699303,300.3662123943833,300.36621239167494,300.36621238886755,300.3662123860295,300.3662123830792,300.36621238009724,300.36621237706515,300.36621237398333,300.36621237084137,300.36621236762795,300.36621236446615,300.36621236120806,300.36621235813175,300.3662123549886,300.3662123517114,300.36621234869085,300.36621234553434,300.36621234243387,300.36621233942367,300.36621233648475,300.3662123332857,300.3662123309098,300.36621232813866,300.3662123251069,300.3662123225658,300.36621231986203,300.36621231716,300.3662123142227,300.36621231194675,300.36621230957206,300.3662123068626,300.36621230462276,300.3662123024086,300.3662122994117,300.36621229763244,300.3662122958753,300.36621229389715,300.3662122922195,300.36621229036825
0.05178471155740552,300.3645840121426,300.36458401175247,300.3645840109137,300.3645840097404,300.36458400830423,300.3645840066301,300.364584004746,300.3645840026782,300.36458400047115,300.36458399814074,300.36458399569443,300.36458399318667,300.36458399058705,300.3645839878949,300.36458398517726,300.3645839823536,300.3645839795034,300.36458397660783,300.36458397366715,300.3645839706711,300.36458396760827,300.36458396459926,300.36458396149857,300.36458395857926,300.3645839555967,300.3645839524844,300.36458394962636,300.3645839466362,300.3645839437024,300.36458394085844,300.36458393808533,300.36458393505677,300.3645839328379,300.36458393023025,300.36458392736586,300.36458392498326,300.36458392243975,300.36458391989663,300.3645839171207,300.3645839149932,300.36458391276665,300.3645839102086,300.36458390810975,300.3645839060333,300.36458390318415,300.36458390152933,300.36458389989286,300.3645838980353,300.3645838964695,300.36458389472904
0.05228471155740552,300.3629822660027,300.36298226562144,300.3629822648037,300.36298226366165,300.3629822622659,300.36298226064093,300.3629822588141,300.36298225681116,300.362982254676,300.3629822524239,300.36298225006215,300.36298224764425,300.36298224514013,300.36298224254904,300.36298223993685,300.3629822372241,300.3629822344887,300.3629822317121,300.36298222889445,300.36298222602534,300.36298222309335,300.36298222021696,300.36298221725275,300.3629822144693,300.3629822116254,300.36298220865586,300.36298220593784,300.3629822030913,300.3629822003012,300.36298219760033,300.36298219496973,300.3629821920882,300.36298219000327,300.3629821875359,300.36298218481545,300.36298218256843,300.36298218016225,300.36298217775544,300.36298217511836,300.36298217311764,300.36298217101773,300.36298216858984,300.3629821666116,300.3629821646531,300.36298216193194,300.36298216038284,300.3629821588491,300.36298215709485,300.36298215562437,300.36298215397875
0.05278471155740552,300.36140660614205,300.36140660576893,300.3614066049705,300.3614066038572,300.36140660249816,300.36140660091746,300.36140659914224,300.3614065971976,300.3614065951266,300.36140659294426,300.36140659065774,300.3614065883195,300.3614065858999,300.3614065833981,300.36140658087874,300.3614065782634,300.36140657562896,300.36140657295675,300.3614065702467,300.36140656748864,300.36140656467103,300.36140656191026,300.36140655906524,300.36140655639974,300.36140655367655,300.3614065508311,300.36140654823436,300.3614065455123,300.3614065428467,300.3614065402695,300.361406537762,300.361406535008,300.36140653303767,300.361406530691,300.36140652809513,300.36140652596447,300.3614065236766,300.36140652138727,300.36140651887024,300.36140651697815,300.36140651498704,300.36140651267164,300.3614065107969,300.3614065089396,300.36140650633,300.36140650487124,300.36140650342514,300.3614065017597,300.36140650037083,300.36140649880696
0.05328471155740552,300.3598564817515,300.3598564813861,300.3598564806055,300.35985647951844,300.35985647819297,300.3598564766527,300.3598564749241,300.3598564730321,300.35985647101893,300.35985646889924,300.35985646668007,300.3598564644129,300.3598564620686,300.3598564596461,300.35985645720893,300.3598564546801,300.35985645213464,300.35985644955446,300.35985644693926,300.3598564442789,300.35985644156193,300.3598564389026,300.3598564361621,300.35985643359965,300.35985643098195,300.35985642824505,300.35985642575406,300.35985642314057,300.35985642058336,300.3598564181138,300.359856415713,300.3598564130701,300.3598564111982,300.35985640895603,300.35985640646845,300.3598564044382,300.3598564022527,300.359856400065,300.35985639765255,300.3598563958538,300.3598563939564,300.35985639173884,300.3598563899532,300.3598563881833,300.35985638567155,300.35985638429014,300.35985638291925,300.35985638133053,300.3598563800118,300.35985637851854
0.05378471155740552,300.35833135980016,300.358331359442,300.35833135867813,300.35833135761527,300.35833135632066,300.3583313548173,300.3583313531314,300.3583313512873,300.3583313493265,300.3583313472634,300.35833134510494,300.3583313429017,300.35833134062483,300.3583313382733,300.3583313359095,300.3583313334576,300.35833133099146,300.35833132849297,300.3583313259619,300.3583313233881,300.3583313207601,300.3583313181905,300.3583313155422,300.3583313130705,300.35833131054534,300.3583313079041,300.35833130550566,300.3583313029874,300.35833130052504,300.3583312981495,300.35833129584205,300.3583312932965,300.3583312915096,300.3583312893583,300.3583312869655,300.3583312850222,300.35833128292575,300.3583312808266,300.3583312785055,300.35833127678745,300.3583312749715,300.3583312728392,300.3583312711309,300.3583312694367,300.3583312670112,300.3583312656964,300.3583312643903,300.35833126286815,300.35833126160986,300.35833126017815
0.054284711557405524,300.3568307242225,300.3568307238712,300.3568307231229,300.35683072208275,300.3568307208166,300.35683071934733,300.35683071770063,300.35683071590034,300.35683071398734,300.3568307119759,300.35683070987244,300.35683070772706,300.356830705511,300.3568307032234,300.35683070092557,300.3568306985428,300.35683069614754,300.35683069372215,300.35683069126617,300.35683068876943,300.3568306862208,300.35683068373083,300.3568306811646,300.356830678773,300.35683067633,300.35683067377346,300.35683067145646,300.35683066902226,300.35683066664365,300.35683066435075,300.35683066212516,300.3568306596655,300.3568306579524,300.3568306558807,300.35683065357114,300.3568306517037,300.35683064968515,300.35683064766346,300.3568306454229,300.35683064377486,300.35683064202976,300.35683063997266,300.35683063833164,300.3568306367034,300.35683063435454,300.35683063309716,300.3568306318472,300.3568306303833,300.35683062917747,300.35683062779947
0.054784711557405524,300.3553540751492,300.35535407480444,300.3553540740708,300.35535407305184,300.35535407181226,300.35535407037463,300.3553540687641,300.35535406700427,300.3553540651353,300.35535406317103,300.35535406111796,300.35535405902516,300.35535405686454,300.35535405463486,300.3553540523967,300.35535405007636,300.3553540477451,300.3553540453854,300.3553540429969,300.35535404056947,300.35535403809206,300.35535403567326,300.35535403318045,300.35535403086044,300.3553540284904,300.3553540260094,300.3553540237648,300.3553540214053,300.3553540191009,300.35535401688117,300.35535401472794,300.3553540123445,300.3553540106958,300.3553540086941,300.35535400645836,300.35535400465733,300.35535400270743,300.355354000754,300.35535399858463,300.3553539969979,300.35535399531494,300.35535399332423,300.35535399174216,300.35535399017186,300.3553539878915,300.3553539866842,300.35535398548296,300.3553539840702,300.3553539829101,300.35535398157936
0.055284711557405525,300.35390092817977,300.35390092784127,300.3539009271216,300.3539009261225,300.35390092490786,300.3539009234997,300.3539009219229,300.3539009202006,300.35390091837223,300.3539009164515,300.3539009144448,300.3539009124004,300.35390091029035,300.3539009081137,300.3539009059299,300.35390090366633,300.3539009013931,300.3539008990931,300.35390089676565,300.35390089440085,300.3539008919878,300.3539008896332,300.3539008872066,300.3539008849506,300.3539008826461,300.353900880233,300.35390087805297,300.35390087576025,300.3539008735222,300.3539008713677,300.35390086927885,300.35390086696356,300.3539008653714,300.3539008634319,300.3539008612618,300.35390085951946,300.3539008576303,300.3539008557374,300.3539008536316,300.3539008520987,300.3539008504706,300.35390084853907,300.35390084700896,300.35390084548976,300.35390084327105,300.35390084210735,300.35390084094894,300.3539008395813,300.35390083846147,300.3539008371726
0.055784711557405525,300.3524708136943,300.3524708133618,300.35247081265527,300.35247081167506,300.35247081048385,300.35247080910347,300.35247080755823,300.35247080587095,300.35247080408044,300.3524708022002,300.3524708002364,300.3524707982364,300.3524707961732,300.35247079404536,300.35247079191134,300.35247078969985,300.3524707874798,300.3524707852342,300.3524707829623,300.3524707806546,300.3524707783,300.35247077600377,300.3524707736371,300.3524707714391,300.3524707691938,300.3524707668421,300.3524707647201,300.35247076248766,300.3524707603093,300.35247075821337,300.35247075618213,300.35247075392823,300.352470752386,300.35247075050194,300.3524707483909,300.35247074670065,300.3524707448657,300.3524707430268,300.35247074097816,300.3524707394929,300.3524707379135,300.352470736035,300.35247073455105,300.35247073307727,300.3524707309144,300.3524707297892,300.35247072866844,300.35247072734103,300.3524707262567,300.3524707250051
0.056284711557405526,300.35106327620184,300.35106327587505,300.35106327518116,300.35106327421886,300.3510632730498,300.3510632716956,300.35106327018013,300.3510632685257,300.35106326677067,300.3510632649282,300.35106326300445,300.3510632610459,300.3510632590259,300.35106325694323,300.3510632548553,300.3510632526918,300.35106325052067,300.3510632483251,300.3510632461044,300.35106324384896,300.35106324154805,300.35106323930495,300.35106323699324,300.3510632348479,300.35106323265654,300.3510632303607,300.3510632282913,300.3510632261135,300.3510632239892,300.3510632219462,300.35106321996705,300.3510632177688,300.351063216271,300.3510632144368,300.35106321237913,300.35106321073545,300.35106320894926,300.3510632071589,300.35106320516195,300.3510632037191,300.35106320218335,300.3510632003527,300.35106319891,300.3510631974769,300.351063195365,300.35106319427393,300.3510631931865,300.35106319189515,300.3510631908424,300.35106318962437
0.056784711557405526,300.34967787372346,300.34967787340213,300.3496778727204,300.3496778717751,300.34967787062726,300.3496778692978,300.34967786781044,300.34967786618716,300.34967786446555,300.34967786265855,300.34967786077226,300.34967785885254,300.3496778568729,300.3496778548323,300.3496778527872,300.34967785066834,300.34967784854257,300.3496778463932,300.3496778442198,300.34967784201257,300.34967783976117,300.3496778375672,300.349677835306,300.34967783320894,300.34967783106686,300.3496778288224,300.3496778268011,300.3496778246733,300.3496778225982,300.3496778206034,300.3496778186716,300.3496778165241,300.3496778150661,300.34967781327697,300.34967781126795,300.3496778096663,300.3496778079242,300.34967780617785,300.3496778042279,300.3496778028232,300.34967780132666,300.3496777995397,300.34967779813417,300.34967779673764,300.3496777946726,300.3496777936119,300.3496777925544,300.34967779129556,300.3496777902711,300.34967778908333
0.05728471155740553,300.3483141772079,300.34831417689196,300.34831417622183,300.34831417529296,300.34831417416524,300.3483141728595,300.3483141713988,300.348314169805,300.34831416811494,300.34831416634154,300.34831416449066,300.3483141626074,300.3483141606657,300.34831415866455,300.3483141566595,300.34831415458234,300.3483141524988,300.34831415039264,300.34831414826306,300.34831414610085,300.3483141438954,300.3483141417468,300.3483141395325,300.34831413748,300.3483141353835,300.34831413318636,300.3483141312092,300.34831412912735,300.3483141270976,300.34831412514694,300.3483141232584,300.3483141211577,300.34831411973573,300.3483141179878,300.34831411602323,300.3483141144597,300.3483141127578,300.34831411105165,300.34831410914484,300.34831410777457,300.34831410631364,300.3483141045666,300.34831410319487,300.34831410183153,300.34831409980984,300.34831409877654,300.34831409774586,300.3483140965166,300.34831409551765,300.3483140943576
0.05778471155740553,300.3469717699781,300.34697176966733,300.3469717690084,300.34697176809533,300.34697176698694,300.34697176570376,300.3469717642687,300.3469717627029,300.34697176104294,300.34697175930137,300.34697175748397,300.3469717556352,300.34697175372946,300.3469717517654,300.34697174979794,300.34697174776005,300.34697174571625,300.3469717436505,300.346971741562,300.34697173944176,300.3469717372793,300.3469717351731,300.34697173300236,300.3469717309913,300.3469717289371,300.3469717267841,300.3469717248477,300.3469717228085,300.3469717208207,300.3469717189109,300.3469717170623,300.3469717150049,300.3469717136156,300.34697171190544,300.34697170998203,300.34697170845334,300.3469717067884,300.34697170511913,300.3469717032523,300.3469717019133,300.346971700485,300.34697169877484,300.3469716974338,300.3469716961009,300.3469716941197,300.346971693111,300.34697169210466,300.3469716909026,300.3469716899268,300.34697168879217
0.05828471155740553,300.3456502472061,300.3456502469004,300.34565024625226,300.3456502453543,300.34565024426456,300.3456502430031,300.3456502415925,300.3456502400536,300.3456502384224,300.3456502367112,300.34565023492576,300.3456502331097,300.3456502312379,300.3456502293092,300.34565022737746,300.3456502253765,300.34565022337017,300.3456502213425,300.34565021929285,300.34565021721204,300.34565021508996,300.34565021302353,300.3456502108938,300.3456502089214,300.3456502069068,300.345650204795,300.3456502028967,300.34565020089724,300.3456501989484,300.34565019707657,300.345650195265,300.34565019324793,300.3456501918887,300.34565019021346,300.34565018832836,300.34565018683173,300.34565018520095,300.3456501835658,300.34565018173606,300.3456501804259,300.34565017902764,300.34565017735173,300.34565017603893,300.3456501747341,300.3456501727907,300.3456501718046,300.3456501708205,300.3456501696435,300.3456501686889,300.3456501675777
0.05878471155740553,300.34434921541583,300.344349215115,300.34434921447735,300.3443492135941,300.3443492125224,300.34434921128184,300.34434920989474,300.3443492083817,300.344349206778,300.3443492050959,300.344349203341,300.3443492015562,300.3443491997169,300.3443491978217,300.3443491959238,300.3443491939582,300.3443491919873,300.3443491899958,300.34434918798274,300.3443491859393,300.34434918385546,300.3443491818265,300.34434917973545,300.3443491777995,300.344349175822,300.3443491737491,300.3443491718864,300.34434916992427,300.3443491680122,300.34434916617585,300.3443491643988,300.3443491624196,300.34434916108796,300.3443491594453,300.34434915759607,300.34434915612917,300.34434915453016,300.34434915292684,300.3443491511318,300.3443491498482,300.34434914847776,300.34434914683385,300.3443491455474,300.34434914426845,300.34434914236084,300.3443491413954,300.3443491404318,300.344349139278,300.34434913834303,300.3443491372536
0.05928471155740553,300.34306829201125,300.34306829171516,300.3430682910878,300.34306829021875,300.34306828916436,300.34306828794405,300.34306828657964,300.3430682850915,300.3430682835143,300.34306828186016,300.3430682801345,300.34306827837975,300.3430682765715,300.3430682747084,300.3430682728429,300.3430682709108,300.34306826897387,300.34306826701663,300.3430682650385,300.3430682630306,300.343068260983,300.3430682589897,300.3430682569353,300.34306825503376,300.3430682530915,300.3430682510554,300.3430682492263,300.34306824729936,300.3430682454218,300.34306824361886,300.34306824187445,300.34306823993086,300.34306823862494,300.34306823701286,300.3430682351973,300.34306823375823,300.34306823218895,300.3430682306154,300.34306822885304,300.34306822759424,300.3430682262498,300.343068224636,300.3430682233741,300.3430682221194,300.3430682202456,300.34306821929925,300.34306821835463,300.3430682172226,300.3430682163058,300.34306821523677
0.05978471155740553,300.3418071048286,300.3418071045372,300.34180710391973,300.3418071030646,300.341807102027,300.34180710082626,300.34180709948384,300.34180709801973,300.3418070964682,300.341807094841,300.34180709314353,300.34180709141765,300.3418070896392,300.34180708780696,300.34180708597245,300.34180708407257,300.34180708216803,300.3418070802437,300.341807078299,300.3418070763249,300.341807074312,300.3418070723526,300.3418070703333,300.3418070684644,300.3418070665556,300.3418070645544,300.3418070627572,300.34180706086374,300.3418070590189,300.3418070572476,300.3418070555339,300.34180705362417,300.34180705234235,300.34180705075903,300.34180704897534,300.3418070475623,300.3418070460212,300.3418070444758,300.3418070427444,300.3418070415087,300.34180704018866,300.3418070386034,300.34180703736445,300.34180703613254,300.341807034291,300.34180703336244,300.34180703243555,300.3418070313239,300.3418070304242,300.3418070293744
0.06028471155740553,300.34056529171215,300.3405652914253,300.3405652908175,300.34056528997576,300.34056528895456,300.34056528777285,300.34056528645175,300.34056528501094,300.3405652834842,300.340565281883,300.34056528021296,300.3405652785148,300.34056527676506,300.3405652749626,300.34056527315795,300.34056527128905,300.34056526941566,300.34056526752295,300.34056526561005,300.3405652636686,300.34056526168894,300.34056525976206,300.3405652577761,300.3405652559386,300.3405652540617,300.340565252094,300.3405652503271,300.3405652484655,300.34056524665186,300.3405652449106,300.3405652432262,300.34056524134877,300.3405652400895,300.34056523853354,300.3405652367802,300.34056523539186,300.3405652338773,300.3405652323586,300.3405652306567,300.34056522944275,300.3405652281458,300.3405652265876,300.34056522537037,300.34056522416,300.34056522234926,300.3405652214375,300.34056522052714,300.3405652194349,300.3405652185512,300.3405652175196
0.06078471155740553,300.33934250011066,300.3393424998282,300.3393424992299,300.33934249840127,300.339342497396,300.33934249623275,300.33934249493234,300.3393424935142,300.3393424920115,300.3393424904356,300.3393424887919,300.3393424871208,300.33934248539884,300.33934248362505,300.3393424818492,300.33934248001015,300.3393424781669,300.3393424763045,300.33934247442255,300.3393424725124,300.33934247056465,300.339342468669,300.33934246671527,300.3393424649077,300.3393424630615,300.3393424611258,300.339342459388,300.33934245755694,300.33934245577314,300.3393424540606,300.33934245240414,300.33934245055764,300.3393424493198,300.33934244778976,300.3393424460655,300.33934244470055,300.33934244321136,300.339342441718,300.3393424400442,300.3393424388511,300.3393424375761,300.3393424360437,300.339342434847,300.3393424336572,300.33934243187605,300.33934243098,300.33934243008537,300.3393424290116,300.339342428143,300.33934242712877
0.06128471155740553,300.33813838669477,300.33813838641663,300.33813838582756,300.33813838501175,300.338138384022,300.33813838287676,300.33813838159654,300.33813838020046,300.33813837872106,300.3381383771698,300.3381383755517,300.33813837390676,300.3381383722117,300.3381383704658,300.33813836871786,300.33813836690774,300.3381383650935,300.33813836326055,300.33813836140837,300.33813835952844,300.3381383576115,300.33813835574597,300.33813835382335,300.33813835204467,300.3381383502279,300.3381383483231,300.33813834661316,300.3381383448115,300.33813834305636,300.3381383413715,300.33813833974176,300.338138337925,300.3381383367076,300.3381383352024,300.338138333506,300.3381383321634,300.3381383306985,300.3381383292294,300.3381383275828,300.33813832640925,300.3381383251551,300.3381383236476,300.3381383224706,300.3381383213003,300.3381383195477,300.3381383186667,300.3381383177869,300.33813831673075,300.3381383158766,300.33813831487885
0.06178471155740553,300.3369526169937,300.3369526167198,300.33695261613974,300.3369526153364,300.33695261436185,300.3369526132343,300.3369526119737,300.33695261059904,300.3369526091425,300.33695260761505,300.33695260602195,300.3369526044023,300.3369526027336,300.3369526010147,300.33695259929385,300.3369525975118,300.33695259572573,300.3369525939213,300.3369525920979,300.3369525902473,300.3369525883603,300.3369525865238,300.3369525846312,300.33695258288043,300.33695258109213,300.33695257921727,300.33695257753425,300.3369525757609,300.3369525740334,300.33695257237514,300.3369525707712,300.33695256898295,300.33695256778515,300.33695256630386,300.3369525646343,300.33695256331316,300.3369525618715,300.33695256042586,300.33695255880525,300.3369525576506,300.3369525564165,300.3369525549329,300.33695255377484,300.3369525526232,300.33695255089816,300.33695255003136,300.33695254916586,300.33695254812653,300.33695254728616,300.3369525463045
0.06228471155740553,300.3357848650497,300.33578486477995,300.33578486420873,300.3357848634176,300.3357848624579,300.3357848613475,300.3357848601061,300.33578485875245,300.3357848573181,300.33578485581404,300.3357848542453,300.33578485265036,300.33578485100713,300.3357848493145,300.33578484762,300.3357848458653,300.3357848441066,300.3357848423299,300.3357848405344,300.3357848387123,300.33578483685426,300.3357848350462,300.3357848331827,300.33578483145885,300.3357848296982,300.3357848278522,300.33578482619527,300.3357848244493,300.33578482274856,300.335784821116,300.33578481953697,300.33578481777647,300.33578481659737,300.3357848151392,300.3357848134955,300.3357848121951,300.3357848107759,300.33578480935273,300.3357848077573,300.3357848066208,300.3357848054061,300.33578480394556,300.3357848028056,300.33578480167193,300.33578479997374,300.3357847991206,300.3357847982688,300.3357847972457,300.3357847964186,300.33578479545224
0.06278471155740553,300.33463481309,300.33463481282445,300.33463481226175,300.33463481148266,300.3346348105375,300.33463480944386,300.33463480822127,300.33463480688806,300.33463480547545,300.3346348039941,300.3346348024491,300.3346348008784,300.33463479926,300.334634797593,300.3346347959243,300.3346347941962,300.3346347924641,300.33463479071435,300.3346347889462,300.33463478715163,300.3346347853219,300.3346347835412,300.3346347817061,300.3346347800085,300.3346347782747,300.33463477645677,300.334634774825,300.33463477310573,300.33463477143096,300.3346347698233,300.33463476826836,300.3346347665348,300.3346347653738,300.33463476393786,300.33463476231935,300.33463476103884,300.33463475964146,300.3346347582401,300.3346347566691,300.33463475555004,300.334634754354,300.33463475291586,300.33463475179343,300.3346347506772,300.3346347490049,300.33463474816506,300.33463474732633,300.33463474631895,300.33463474550456,300.33463474455306
0.06328471155740553,300.33350215121493,300.33350215095334,300.33350215039917,300.3335021496318,300.33350214870086,300.3335021476237,300.3335021464195,300.33350214510637,300.3335021437149,300.33350214225584,300.333502140734,300.333502139187,300.333502137593,300.333502135951,300.33350213430725,300.33350213260513,300.3335021308991,300.3335021291756,300.33350212743403,300.3335021256665,300.3335021238642,300.3335021221103,300.3335021203028,300.3335021186307,300.333502116923,300.33350211513243,300.3335021135253,300.3335021118319,300.33350211018234,300.33350210859885,300.33350210706743,300.3335021053599,300.33350210421645,300.33350210280224,300.3335021012082,300.33350209994694,300.3335020985706,300.33350209719043,300.3335020956432,300.3335020945411,300.3335020933631,300.3335020919467,300.3335020908412,300.33350208974196,300.3335020880949,300.33350208726773,300.33350208644174,300.33350208544965,300.3335020846476,300.3335020837104
0.06378471155740553,300.33238657710115,300.33238657684353,300.3323865762976,300.33238657554176,300.3323865746248,300.33238657356367,300.3323865723776,300.33238657108404,300.33238656971344,300.33238656827615,300.3323865667771,300.33238656525305,300.3323865636828,300.3323865620653,300.33238656044614,300.3323865587694,300.3323865570888,300.332386555391,300.33238655367535,300.3323865519341,300.33238655015873,300.3323865484309,300.3323865466504,300.3323865450032,300.3323865433209,300.33238654155707,300.3323865399738,300.3323865383057,300.3323865366807,300.3323865351209,300.33238653361224,300.33238653193024,300.33238653080366,300.33238652941054,300.3323865278403,300.3323865265979,300.33238652524204,300.33238652388246,300.3323865223583,300.3323865212726,300.3323865201122,300.332386518717,300.332386517628,300.33238651654517,300.3323865149228,300.3323865141079,300.3323865132942,300.33238651231693,300.3323865115268,300.3323865106037
0.06428471155740553,300.33128779571973,300.3312877954659,300.33128779492824,300.3312877941836,300.3312877932803,300.33128779223506,300.33128779106653,300.33128778979227,300.33128778844207,300.3312877870261,300.3312877855493,300.3312877840479,300.33128778250097,300.3312877809075,300.3312877793122,300.33128777766035,300.33128777600456,300.3312877743319,300.33128777264164,300.33128777092617,300.3312877691771,300.33128776747486,300.3312877657206,300.33128776409774,300.3312877624403,300.33128776070254,300.3312877591427,300.3312877574992,300.3312877558982,300.33128775436137,300.3312877528749,300.33128775121787,300.33128775010783,300.33128774873524,300.3312877471882,300.33128774596406,300.3312877446283,300.3312877432888,300.3312877417872,300.3312877407174,300.3312877395741,300.3312877381996,300.3312877371266,300.3312877360597,300.3312877344615,300.3312877336586,300.3312877328569,300.331287731894,300.33128773111554,300.3312877302061
0.06478471155740553,300.3302055190675,300.3302055188175,300.3302055182878,300.33020551755425,300.33020551666436,300.33020551563465,300.3302055144835,300.33020551322807,300.3302055118978,300.3302055105029,300.33020550904786,300.3302055075687,300.3302055060445,300.33020550447446,300.33020550290274,300.33020550127515,300.3302054996438,300.33020549799573,300.33020549633034,300.33020549464015,300.3302054929167,300.33020549123955,300.330205489511,300.33020548791194,300.3302054862788,300.3302054845666,300.3302054830296,300.33020548141013,300.3302054798326,300.3302054783183,300.3302054768536,300.33020547522085,300.33020547412696,300.3302054727744,300.33020547125005,300.3302054700438,300.3302054687275,300.3302054674076,300.33020546592815,300.3302054648739,300.33020546374735,300.33020546239294,300.3302054613357,300.3302054602844,300.33020545870977,300.3302054579185,300.3302054571284,300.33020545617967,300.33020545541257,300.33020545451643
0.06528471155740553,300.3291394659119,300.3291394656656,300.3291394651438,300.32913946442113,300.3291394635445,300.32913946252995,300.3291394613958,300.3291394601589,300.3291394588483,300.32913945747384,300.32913945604025,300.3291394545828,300.32913945308104,300.32913945153405,300.3291394499854,300.3291394483816,300.3291394467742,300.32913944515025,300.3291394435092,300.3291394418437,300.32913944014547,300.3291394384928,300.3291394367896,300.3291394352138,300.32913943360444,300.32913943191727,300.32913943040256,300.32913942880674,300.3291394272522,300.3291394257599,300.32913942431657,300.32913942270756,300.3291394216294,300.32913942029654,300.32913941879434,300.32913941760546,300.32913941630835,300.3291394150076,300.3291394135497,300.3291394125107,300.3291394114005,300.32913941006586,300.32913940902387,300.32913940798784,300.3291394064363,300.3291394056564,300.3291394048777,300.32913940394275,300.32913940318673,300.32913940230367
0.06578471155740553,300.3280893615476,300.32808936130493,300.3280893607909,300.32808936007893,300.32808935921514,300.3280893582156,300.3280893570982,300.32808935587946,300.3280893545881,300.32808935323385,300.32808935182135,300.32808935038514,300.3280893489054,300.328089347381,300.328089345855,300.32808934427464,300.32808934269065,300.3280893410904,300.32808933947325,300.328089337832,300.32808933615854,300.3280893345298,300.3280893328514,300.32808933129843,300.3280893297125,300.3280893280497,300.328089326557,300.3280893249843,300.3280893234522,300.32808932198157,300.328089320559,300.3280893189734,300.32808931791067,300.32808931659696,300.3280893151166,300.32808931394476,300.3280893126664,300.3280893113845,300.3280893099477,300.3280893089236,300.3280893078293,300.328089306514,300.328089305487,300.3280893044659,300.328089302937,300.3280893021683,300.32808930140067,300.32808930047923,300.328089299734,300.32808929886374
0.06628471155740553,300.32705493756487,300.3270549373259,300.32705493681937,300.3270549361179,300.3270549352669,300.32705493428205,300.327054933181,300.32705493198023,300.32705493070773,300.32705492937333,300.32705492798146,300.32705492656623,300.3270549251081,300.32705492360594,300.3270549221021,300.32705492054475,300.3270549189838,300.3270549174067,300.327054915813,300.32705491419557,300.3270549125464,300.32705491094123,300.32705490928714,300.32705490775663,300.32705490619355,300.32705490455487,300.32705490308365,300.3270549015337,300.32705490002377,300.32705489857415,300.3270548971721,300.3270548956094,300.3270548945617,300.3270548932669,300.32705489180785,300.3270548906528,300.32705488939274,300.3270548881292,300.32705488671314,300.3270548857038,300.327054884625,300.32705488332874,300.3270548823165,300.32705488131,300.3270548798033,300.3270548790455,300.32705487828883,300.3270548773806,300.327054876646,300.32705487578824
0.06678471155740553,300.3260359316292,300.3260359313937,300.3260359308947,300.3260359302036,300.32603592936505,300.3260359283946,300.3260359273097,300.3260359261265,300.3260359248727,300.3260359235577,300.3260359221861,300.3260359207916,300.3260359193545,300.32603591787426,300.3260359163922,300.32603591485747,300.3260359133192,300.3260359117649,300.32603591019426,300.3260359086002,300.3260359069748,300.3260359053929,300.32603590376266,300.3260359022542,300.3260359007136,300.32603589909854,300.3260358976484,300.32603589612074,300.32603589463247,300.3260358932037,300.32603589182173,300.3260358902815,300.3260358892486,300.3260358879723,300.3260358865342,300.3260358853956,300.3260358841536,300.3260358829081,300.32603588151244,300.3260358805173,300.326035879454,300.32603587817636,300.32603587717847,300.3260358761863,300.32603587470146,300.3260358739543,300.3260358732083,300.3260358723131,300.32603587158894,300.3260358707434
0.06728471155740554,300.32503208727076,300.3250320870387,300.325032086547,300.3250320858661,300.3250320850399,300.32503208408366,300.32503208301466,300.3250320818487,300.32503208061314,300.32503207931734,300.3250320779657,300.3250320765914,300.3250320751752,300.32503207371644,300.32503207225585,300.3250320707433,300.3250320692272,300.32503206769536,300.3250320661474,300.3250320645763,300.3250320629744,300.32503206141524,300.32503205980845,300.3250320583216,300.32503205680314,300.32503205521135,300.32503205378197,300.32503205227613,300.3250320508092,300.3250320494009,300.3250320480387,300.32503204652045,300.32503204550216,300.325032044244,300.3250320428265,300.32503204170405,300.3250320404797,300.325032039252,300.3250320378764,300.3250320368952,300.325032035847,300.3250320345877,300.325032033604,300.3250320326259,300.3250320311625,300.32503203042586,300.3250320296904,300.32503202880787,300.325032028094,300.32503202726053
0.06778471155740554,300.3240431536843,300.32404315345565,300.3240431529712,300.32404315230025,300.32404315148614,300.3240431505439,300.3240431494904,300.3240431483415,300.3240431471239,300.32404314584693,300.3240431445149,300.32404314316057,300.3240431417649,300.32404314032715,300.3240431388877,300.324043137397,300.32404313590274,300.32404313439304,300.32404313286736,300.3240431313189,300.32404312973995,300.3240431282032,300.3240431266195,300.32404312515393,300.3240431236572,300.32404312208814,300.3240431206793,300.324043119195,300.32404311774894,300.32404311636077,300.3240431150179,300.32404311352144,300.3240431125174,300.32404311127715,300.3240431098798,300.3240431087733,300.3240431075663,300.3240431063561,300.3240431050001,300.3240431040328,300.32404310299944,300.3240431017581,300.32404310078823,300.32404309982405,300.3240430983818,300.32404309765536,300.32404309693027,300.3240430960602,300.3240430953564,300.32404309453483
0.06828471155740554,300.32306888553774,300.3230688853125,300.3230688848352,300.323068884174,300.3230688833718,300.3230688824433,300.3230688814052,300.323068880273,300.3230688790731,300.32306887781465,300.32306887650196,300.32306887516717,300.3230688737917,300.32306887237473,300.323068870956,300.32306886948686,300.32306886801405,300.323068866526,300.3230688650222,300.323068863496,300.32306886193976,300.323068860425,300.323068858864,300.32306885741946,300.32306885594403,300.32306885439755,300.32306885300864,300.32306885154554,300.32306885012014,300.3230688487517,300.32306884742786,300.3230688459528,300.32306884496285,300.32306884374015,300.3230688423628,300.32306884127183,300.323068840082,300.3230688388889,300.3230688375522,300.32306883659857,300.32306883557976,300.3230688343561,300.32306883340004,300.3230688324494,300.32306883102785,300.3230688303116,300.32306882959665,300.323068828739,300.32306882804494,300.3230688272351
0.06878471155740554,300.3221090427904,300.32210904256846,300.3221090420981,300.3221090414466,300.3221090406561,300.3221090397411,300.3221090387181,300.32210903760233,300.3221090364199,300.32210903517966,300.32210903388597,300.32210903257044,300.32210903121484,300.3221090298183,300.32210902842,300.32210902697193,300.3221090255203,300.3221090240537,300.3221090225715,300.32210902106715,300.3221090195332,300.3221090180401,300.3221090165015,300.3221090150775,300.32210901362316,300.32210901209874,300.32210901072955,300.3221090092873,300.3221090078822,300.32210900653314,300.3221090052282,300.32210900377413,300.32210900279796,300.3221090015926,300.3221090002348,300.32210899915924,300.32210899798616,300.32210899681,300.32210899549233,300.3221089945521,300.32210899354766,300.3221089923414,300.32210899139875,300.3221089904615,300.32210898906044,300.32210898835416,300.32210898764913,300.3221089868037,300.32210898611936,300.3221089853209
0.06928471155740554,300.32116339051845,300.3211633902998,300.32116338983633,300.32116338919434,300.3211633884153,300.3211633875137,300.32116338650553,300.32116338540595,300.32116338424066,300.3211633830184,300.32116338174336,300.3211633804468,300.32116337911077,300.3211633777343,300.32116337635614,300.32116337492886,300.32116337349805,300.32116337205247,300.3211633705915,300.3211633691087,300.32116336759674,300.32116336612495,300.3211633646083,300.3211633632047,300.321163361771,300.3211633602683,300.3211633589186,300.3211633574969,300.32116335611175,300.32116335478185,300.3211633534953,300.321163352062,300.3211633510995,300.3211633499111,300.3211633485726,300.32116334751214,300.3211633463557,300.3211633451961,300.32116334389724,300.3211633429701,300.3211633419798,300.3211633407907,300.3211633398613,300.3211633389373,300.32116333755624,300.32116333685985,300.32116333616466,300.32116333533105,300.3211633346564,300.32116333386915
0.06978471155740554,300.3202316987495,300.3202316985341,300.32023169807735,300.3202316974447,300.32023169667707,300.32023169578855,300.320231694795,300.32023169371143,300.3202316925629,300.32023169135834,300.32023169010176,300.32023168882387,300.32023168750703,300.3202316861504,300.320231684792,300.3202316833852,300.320231681975,300.32023168055,300.32023167910995,300.3202316776484,300.320231676158,300.3202316747073,300.32023167321233,300.32023167182854,300.3202316704154,300.32023166893407,300.32023166760354,300.320231666202,300.3202316648365,300.3202316635255,300.3202316622572,300.3202316608442,300.3202316598951,300.32023165872346,300.32023165740395,300.32023165635843,300.32023165521827,300.3202316540751,300.32023165279463,300.3202316518805,300.32023165090413,300.3202316497319,300.32023164881554,300.32023164790456,300.3202316465432,300.3202316458565,300.320231645171,300.3202316443492,300.32023164368394,300.32023164290786
0.07028471155740554,300.3193137423038,300.3193137420915,300.3193137416415,300.31931374101805,300.3193137402615,300.3193137393859,300.3193137384068,300.31931373733886,300.31931373620694,300.31931373501976,300.3193137337813,300.3193137325218,300.319313731224,300.3193137298868,300.3193137285479,300.3193137271613,300.3193137257712,300.3193137243667,300.31931372294724,300.31931372150655,300.3193137200374,300.3193137186074,300.31931371713375,300.3193137157696,300.31931371437656,300.31931371291637,300.31931371160465,300.31931371022307,300.31931370887696,300.3193137075844,300.319313706334,300.3193137049411,300.3193137040053,300.3193137028502,300.3193137015494,300.31931370051853,300.31931369939446,300.3193136982674,300.31931369700516,300.3193136961038,300.31931369514115,300.31931369398546,300.319313693082,300.3193136921838,300.31931369084197,300.3193136901648,300.31931368948887,300.3193136886786,300.3193136880226,300.3193136872575
0.07078471155740554,300.31840930064277,300.3184093004336,300.3184092999901,300.3184092993758,300.31840929863023,300.3184092977673,300.3184092968024,300.31840929574986,300.3184092946343,300.31840929346424,300.31840929224364,300.31840929100224,300.31840928972304,300.31840928840506,300.3184092870854,300.31840928571864,300.3184092843485,300.318409282964,300.31840928156487,300.3184092801447,300.3184092786966,300.3184092772869,300.31840927583426,300.31840927448957,300.3184092731163,300.31840927167684,300.3184092703838,300.31840926902174,300.31840926769473,300.31840926642053,300.3184092651878,300.3184092638146,300.3184092628918,300.318409261753,300.3184092604706,300.31840925945414,300.318409258346,300.3184092572348,300.31840925599045,300.3184092551017,300.3184092541525,300.3184092530133,300.31840925212254,300.3184092512369,300.3184092499142,300.3184092492465,300.31840924857994,300.31840924778106,300.31840924713424,300.31840924638
0.07128471155740554,300.3175181577246,300.3175181575184,300.3175181570814,300.31751815647596,300.31751815574125,300.3175181548908,300.31751815393983,300.31751815290255,300.31751815180314,300.3175181506499,300.3175181494468,300.31751814822337,300.31751814696247,300.3175181456634,300.3175181443626,300.31751814301543,300.3175181416649,300.31751814030025,300.317518138921,300.3175181375211,300.3175181360937,300.31751813470413,300.31751813327213,300.3175181319466,300.3175181305928,300.3175181291738,300.31751812789906,300.31751812655625,300.31751812524806,300.31751812399193,300.3175181227766,300.31751812142284,300.317518120513,300.3175181193902,300.3175181181259,300.31751811712377,300.3175181160311,300.3175181149357,300.3175181137089,300.31751811283254,300.3175181118968,300.3175181107737,300.31751810989533,300.3175181090222,300.31751810771846,300.31751810705987,300.3175181064026,300.317518105615,300.31751810497724,300.31751810423356
0.07178471155740554,300.3166401018656,300.3166401016624,300.31664010123177,300.31664010063514,300.31664009991107,300.3166400990729,300.31664009813574,300.31664009711335,300.3166400960298,300.3166400948932,300.31664009370746,300.31664009250153,300.31664009125876,300.31664008997836,300.31664008869615,300.3166400873683,300.316640086037,300.31664008469187,300.3166400833323,300.3166400819524,300.3166400805453,300.3166400791755,300.31664007776396,300.31664007645713,300.3166400751226,300.31664007372376,300.31664007246707,300.3166400711434,300.31664006985363,300.3166400686153,300.3166400674171,300.31664006608264,300.31664006518537,300.31664006407834,300.31664006283205,300.3166400618439,300.31664006076664,300.3166400596866,300.3166400584773,300.31664005761314,300.31664005669046,300.31664005558326,300.31664005471725,300.3166400538564,300.3166400525712,300.3166400519218,300.31664005127374,300.31664005049714,300.31664004986834,300.31664004913506
0.07228471155740554,300.31577492560837,300.3157749254082,300.3157749249838,300.31577492439584,300.3157749236822,300.31577492285624,300.31577492193253,300.315774920925,300.31577491985706,300.3157749187368,300.3157749175681,300.31577491637944,300.3157749151545,300.3157749138925,300.3157749126286,300.3157749113197,300.31577491000746,300.3157749086815,300.31577490734134,300.31577490598113,300.3157749045941,300.3157749032438,300.31577490185225,300.31577490056407,300.3157748992484,300.31577489786946,300.3157748966305,300.3157748953256,300.3157748940542,300.31577489283325,300.31577489165204,300.31577489033646,300.3157748894517,300.3157748883603,300.3157748871316,300.31577488615727,300.31577488509527,300.3157748840305,300.3157748828382,300.3157748819862,300.3157748810765,300.3157748799849,300.315774879131,300.31577487828224,300.3157748770154,300.31577487637503,300.31577487573594,300.3157748749703,300.3157748743502,300.31577487362733
0.07278471155740554,300.31492242559517,300.31492242539787,300.31492242497967,300.31492242440015,300.31492242369694,300.3149224228829,300.3149224219725,300.3149224209794,300.3149224199269,300.31492241882273,300.3149224176708,300.31492241649926,300.3149224152919,300.31492241404794,300.31492241280216,300.31492241151193,300.31492241021846,300.3149224089114,300.31492240759036,300.31492240624954,300.3149224048823,300.3149224035511,300.3149224021795,300.31492240090955,300.31492239961256,300.3149223982532,300.3149223970318,300.3149223957454,300.31492239449193,300.31492239328827,300.3149223921237,300.3149223908267,300.31492238995435,300.3149223888783,300.314922387667,300.31492238670637,300.31492238565926,300.3149223846095,300.31492238343407,300.314922382594,300.314922381697,300.31492238062094,300.31492237977903,300.31492237894213,300.31492237769334,300.31492237706186,300.3149223764317,300.3149223756769,300.3149223750654,300.3149223743527
0.07328471155740554,300.3140824024466,300.3140824022522,300.3140824018401,300.314082401269,300.3140824005759,300.3140823997736,300.3140823988764,300.31408239789766,300.3140823968602,300.31408239577195,300.3140823946366,300.31408239348184,300.31408239229177,300.31408239106554,300.3140823898376,300.3140823885659,300.3140823872908,300.3140823860024,300.3140823847002,300.3140823833785,300.31408238203073,300.31408238071856,300.31408237936637,300.31408237811445,300.3140823768358,300.3140823754958,300.3140823742917,300.3140823730235,300.3140823717878,300.3140823706011,300.314082369453,300.3140823681744,300.3140823673142,300.31408236625333,300.3140823650591,300.314082364112,300.3140823630796,300.3140823620446,300.3140823608859,300.3140823600575,300.31408235917314,300.3140823581122,300.31408235728213,300.31408235645705,300.314082355226,300.31408235460333,300.3140823539819,300.3140823532377,300.3140823526348,300.31408235193214
0.07378471155740554,300.3132546606463,300.31325466045473,300.3132546600485,300.3132546594857,300.31325465880263,300.31325465801194,300.3132546571276,300.313254656163,300.31325465514044,300.31325465406786,300.31325465294873,300.31325465181055,300.3132546506375,300.3132546494289,300.31325464821856,300.313254646965,300.3132546457081,300.3132546444381,300.3132546431545,300.31325464185153,300.3132546405229,300.3132546392294,300.3132546378964,300.3132546366623,300.31325463540185,300.31325463408086,300.31325463289375,300.3132546316435,300.31325463042526,300.31325462925537,300.3132546281235,300.31325462686306,300.3132546260148,300.3132546249688,300.3132546237915,300.31325462285764,300.3132546218399,300.31325462081946,300.3132546196771,300.31325461886036,300.3132546179884,300.31325461694246,300.31325461612414,300.31325461531054,300.3132546140971,300.313254613483,300.31325461287025,300.3132546121366,300.31325461154205,300.3132546108493
0.07428471155740554,300.3124390084293,300.3124390082405,300.31243900784017,300.3124390072855,300.3124390066123,300.31243900583297,300.31243900496145,300.3124390040107,300.31243900300285,300.3124390019457,300.31243900084263,300.3124389997207,300.31243899856446,300.31243899737314,300.31243899618,300.3124389949444,300.3124389937055,300.31243899245356,300.31243899118823,300.31243898990385,300.3124389885942,300.31243898731907,300.3124389860051,300.3124389847884,300.31243898354586,300.3124389822436,300.3124389810732,300.31243897984075,300.3124389786398,300.31243897748647,300.3124389763705,300.3124389751279,300.3124389742915,300.3124389732603,300.31243897209964,300.3124389711789,300.31243897017544,300.31243896916936,300.31243896804324,300.3124389672379,300.3124389663781,300.31243896534704,300.31243896454015,300.312438963738,300.3124389625418,300.3124389619363,300.3124389613321,300.3124389606087,300.3124389600225,300.31243895933954
0.07478471155740554,300.3116352576762,300.31163525749014,300.31163525709565,300.311635256549,300.3116352558854,300.3116352551174,300.31163525425836,300.3116352533213,300.31163525232796,300.3116352512859,300.3116352501987,300.31163524909294,300.3116352479533,300.31163524677896,300.3116352456029,300.3116352443849,300.31163524316366,300.3116352419296,300.3116352406822,300.31163523941615,300.3116352381251,300.31163523686814,300.31163523557285,300.31163523437345,300.31163523314854,300.3116352318648,300.311635230711,300.3116352294959,300.31163522831196,300.3116352271749,300.31163522607477,300.31163522484974,300.311635224025,300.31163522300835,300.31163522186415,300.3116352209563,300.311635219967,300.3116352189751,300.3116352178649,300.31163521707083,300.3116352162232,300.3116352152066,300.311635214411,300.3116352136202,300.31163521244105,300.311635211844,300.3116352112482,300.3116352105349,300.311635209957,300.3116352092837
0.07528471155740554,300.3108432238111,300.3108432236278,300.310843223239,300.3108432227002,300.3108432220463,300.31084322128925,300.3108432204426,300.31084321951903,300.31084321853996,300.3108432175129,300.3108432164413,300.3108432153513,300.31084321422793,300.3108432130704,300.3108432119112,300.3108432107105,300.31084320950674,300.31084320829024,300.31084320706066,300.31084320581266,300.31084320454,300.31084320330086,300.310843202024,300.3108432008416,300.310843199634,300.3108431983685,300.31084319723107,300.3108431960332,300.31084319486604,300.31084319374503,300.3108431926604,300.3108431914528,300.31084319063956,300.31084318963724,300.3108431885092,300.3108431876141,300.31084318663875,300.3108431856608,300.3108431845663,300.3108431837834,300.3108431829477,300.31084318194553,300.3108431811611,300.31084318038137,300.310843179219,300.3108431786303,300.3108431780428,300.31084317733956,300.3108431767697,300.31084317610583
0.07578471155740554,300.310062725704,300.31006272552327,300.31006272514014,300.3100627246091,300.31006272396456,300.3100627232185,300.31006272238403,300.31006272147374,300.31006272050877,300.3100627194964,300.3100627184401,300.3100627173658,300.3100627162585,300.3100627151175,300.31006271397484,300.3100627127913,300.3100627116047,300.31006271040553,300.3100627091935,300.3100627079632,300.3100627067087,300.31006270548716,300.3100627042284,300.3100627030628,300.3100627018724,300.3100627006248,300.3100626995035,300.3100626983226,300.31006269717193,300.31006269606684,300.31006269499755,300.310062693807,300.3100626930052,300.31006269201697,300.3100626909049,300.31006269002233,300.3100626890607,300.31006268809665,300.31006268701765,300.31006268624566,300.31006268542166,300.3100626844337,300.31006268366025,300.31006268289156,300.3100626817457,300.3100626811652,300.31006268058593,300.31006267989267,300.31006267933077,300.3100626786762
0.07628471155740554,300.30929358557677,300.3092935853987,300.309293585021,300.3092935844977,300.3092935838624,300.3092935831271,300.30929358230463,300.3092935814074,300.30929358045626,300.3092935794584,300.30929357841734,300.3092935773583,300.30929357626684,300.30929357514225,300.30929357401584,300.30929357284924,300.3092935716795,300.30929357049746,300.3092935693027,300.30929356808997,300.3092935668532,300.3092935656491,300.3092935644083,300.3092935632592,300.30929356208566,300.3092935608558,300.3092935597503,300.30929355858626,300.30929355745184,300.3092935563623,300.30929355530816,300.3092935541345,300.3092935533439,300.30929355236964,300.30929355127324,300.30929355040314,300.30929354945505,300.30929354850457,300.3092935474409,300.30929354667967,300.3092935458673,300.3092935448933,300.3092935441308,300.30929354337286,300.3092935422433,300.3092935416709,300.3092935410997,300.3092935404162,300.30929353986215,300.3092935392169
0.07678471155740554,300.3085356289135,300.308535628738,300.3085356283658,300.30853562785,300.30853562722393,300.3085356264992,300.30853562568853,300.3085356248042,300.3085356238667,300.30853562288314,300.308535621857,300.3085356208132,300.3085356197373,300.3085356186287,300.30853561751843,300.30853561636843,300.3085356152154,300.30853561405024,300.3085356128724,300.3085356116769,300.30853561045785,300.30853560927085,300.3085356080477,300.30853560691486,300.308535605758,300.3085356045456,300.3085356034558,300.3085356023082,300.3085356011899,300.3085356001158,300.30853559907644,300.30853559791944,300.3085355971399,300.3085355961794,300.30853559509853,300.30853559424065,300.308535593306,300.30853559236886,300.3085355913202,300.30853559056976,300.3085355897688,300.3085355888086,300.30853558805677,300.3085355873095,300.30853558619606,300.30853558563166,300.30853558506846,300.3085355843946,300.30853558384837,300.3085355832122
0.07728471155740554,300.30778868437415,300.3077886842012,300.30778868383436,300.307788683326,300.307788682709,300.3077886819946,300.30778868119563,300.30778868032394,300.3077886793999,300.3077886784305,300.307788677419,300.3077886763901,300.3077886753296,300.30778867423686,300.30778867314245,300.3077886720089,300.3077886708723,300.30778866972366,300.3077886685627,300.3077886673842,300.3077886661825,300.30778866501237,300.3077886638066,300.30778866268986,300.30778866154935,300.3077886603543,300.3077886592798,300.30778865814847,300.307788657046,300.30778865598717,300.3077886549625,300.3077886538219,300.3077886530533,300.3077886521063,300.30778865104077,300.307788650195,300.30778864927345,300.30778864834963,300.3077886473158,300.30778864657583,300.3077886457861,300.30778864483955,300.3077886440983,300.30778864336156,300.307788642264,300.3077886417075,300.3077886411521,300.30778864048773,300.30778863994914,300.307788639322
0.07778471155740554,300.3070525837115,300.307052583541,300.3070525831795,300.30705258267847,300.3070525820703,300.3070525813662,300.30705258057867,300.30705257971954,300.30705257880874,300.3070525778532,300.30705257685617,300.307052575842,300.30705257479667,300.3070525737196,300.3070525726407,300.30705257152334,300.30705257040296,300.3070525692707,300.30705256812627,300.30705256696456,300.30705256578,300.3070525646265,300.3070525634378,300.30705256233693,300.3070525612127,300.3070525600345,300.30705255897533,300.30705255786,300.30705255677316,300.30705255572923,300.3070525547191,300.30705255359464,300.30705255283686,300.3070525519032,300.30705255085275,300.3070525500189,300.3070525491104,300.3070525481995,300.30705254718043,300.3070525464508,300.30705254567226,300.30705254473907,300.3070525440083,300.3070525432819,300.3070525421999,300.3070525416512,300.30705254110364,300.30705254044864,300.3070525399176,300.30705253929926
0.07828471155740555,300.30632716169134,300.3063271615233,300.306327161167,300.3063271606732,300.3063271600738,300.3063271593798,300.3063271586036,300.3063271577568,300.3063271568591,300.30632715591724,300.3063271549345,300.30632715393483,300.30632715290443,300.3063271518427,300.3063271507792,300.3063271496778,300.3063271485734,300.3063271474573,300.3063271463291,300.306327145184,300.3063271440162,300.3063271428791,300.30632714170736,300.3063271406221,300.3063271395138,300.30632713835234,300.30632713730824,300.3063271362087,300.3063271351373,300.30632713410813,300.3063271331123,300.30632713200384,300.3063271312566,300.3063271303361,300.3063271293006,300.3063271284784,300.30632712758273,300.3063271266848,300.30632712568007,300.3063271249607,300.30632712419316,300.30632712327315,300.3063271225527,300.30632712183655,300.30632712077,300.3063271202289,300.306327119689,300.30632711904326,300.3063271185197,300.3063271179101
0.07878471155740555,300.30561225601633,300.30561225585075,300.30561225549957,300.3056122550129,300.30561225442204,300.30561225373805,300.305612252973,300.3056122521383,300.3056122512535,300.3056122503251,300.3056122493564,300.305612248371,300.3056122473554,300.30561224630884,300.30561224526053,300.3056122441749,300.30561224308616,300.30561224198595,300.30561224087387,300.305612239745,300.3056122385939,300.30561223747293,300.30561223631787,300.3056122352481,300.30561223415543,300.3056122330105,300.3056122319811,300.3056122308973,300.30561222984096,300.3056122288264,300.3056122278447,300.3056122267519,300.30561222601517,300.30561222510767,300.30561222408676,300.30561222327617,300.3056122223932,300.30561222150794,300.3056122205175,300.3056122198082,300.30561221905145,300.3056122181445,300.3056122174342,300.3056122167281,300.3056122156768,300.30561221514324,300.30561221461096,300.3056122139743,300.30561221345806,300.30561221285706
0.07928471155740555,300.3049077072518,300.30490770708866,300.3049077067425,300.3049077062628,300.3049077056805,300.30490770500626,300.3049077042522,300.3049077034295,300.30490770255733,300.30490770164226,300.3049077006874,300.3049076997162,300.304907698715,300.3049076976834,300.30490769665005,300.3049076955799,300.3049076945067,300.3049076934222,300.30490769232597,300.3049076912132,300.30490769007844,300.3049076889734,300.30490768783477,300.3049076867801,300.3049076857031,300.3049076845744,300.3049076835596,300.3049076824911,300.3049076814497,300.30490768044956,300.3049076794817,300.30490767840445,300.3049076776781,300.3049076767834,300.30490767577703,300.3049076749778,300.3049076741073,300.30490767323454,300.30490767225814,300.30490767155885,300.3049076708127,300.3049076699187,300.3049076692183,300.3049076685222,300.30490766748585,300.3049076669598,300.30490766643493,300.30490766580726,300.30490766529834,300.3049076647058
0.07978471155740555,300.3042133587553,300.30421335859444,300.3042133582533,300.30421335778055,300.30421335720655,300.30421335654205,300.3042133557988,300.3042133549879,300.30421335412825,300.3042133532263,300.30421335228516,300.3042133513277,300.30421335034094,300.30421334932396,300.30421334830544,300.3042133472505,300.30421334619257,300.30421334512357,300.3042133440429,300.304213342946,300.3042133418274,300.3042133407381,300.30421333961567,300.30421333857595,300.30421333751417,300.3042133364015,300.30421333540113,300.30421333434776,300.30421333332123,300.30421333233517,300.30421333138105,300.30421333031904,300.30421332960293,300.30421332872095,300.30421332772875,300.30421332694084,300.30421332608256,300.30421332522224,300.30421332425965,300.3042133235702,300.3042133228346,300.3042133219532,300.30421332126275,300.3042133205765,300.30421331955483,300.30421331903614,300.3042133185187,300.3042133178999,300.3042133173981,300.3042133168139
0.08028471155740555,300.30352905660817,300.30352905644963,300.30352905611346,300.30352905564746,300.30352905508175,300.30352905442675,300.3035290536942,300.3035290528949,300.3035290520475,300.3035290511585,300.3035290502308,300.30352904928714,300.3035290483143,300.30352904731194,300.3035290463079,300.303529045268,300.30352904422523,300.3035290431714,300.30352904210616,300.30352904102483,300.3035290399222,300.30352903884835,300.30352903774184,300.30352903671695,300.3035290356703,300.30352903457344,300.3035290335872,300.30352903254885,300.3035290315368,300.30352903056473,300.3035290296241,300.30352902857726,300.30352902787104,300.3035290270015,300.30352902602345,300.3035290252467,300.3035290244006,300.3035290235523,300.3035290226034,300.3035290219237,300.3035290211985,300.30352902032956,300.30352901964886,300.3035290189722,300.30352901796516,300.3035290174538,300.30352901694357,300.3035290163335,300.3035290158387,300.3035290152629
0.08078471155740555,300.30285464954994,300.3028546493937,300.30285464906234,300.30285464860305,300.30285464804547,300.30285464739984,300.3028546466778,300.30285464588997,300.3028546450547,300.3028546441784,300.30285464326397,300.3028546423337,300.3028546413749,300.30285464038684,300.3028546393972,300.3028546383721,300.3028546373441,300.3028546363053,300.30285463525524,300.3028546341893,300.30285463310236,300.3028546320438,300.3028546309531,300.3028546299427,300.3028546289109,300.3028546278296,300.30285462685737,300.3028546258338,300.3028546248361,300.3028546238778,300.30285462295046,300.30285462191847,300.30285462122225,300.302854620365,300.3028546194008,300.30285461863497,300.30285461780085,300.3028546169646,300.30285461602915,300.30285461535897,300.302854614644,300.3028546137874,300.30285461311627,300.3028546124492,300.3028546114565,300.3028546109523,300.30285461044923,300.30285460984777,300.30285460936,300.3028546087923
0.08128471155740555,300.30218998891496,300.30218998876103,300.3021899884344,300.3021899879817,300.3021899874321,300.3021899867958,300.30218998608404,300.3021899853075,300.30218998448424,300.30218998362045,300.3021899827191,300.30218998180214,300.302189980857,300.30218997988305,300.3021899789075,300.302189977897,300.30218997688377,300.30218997585973,300.30218997482467,300.3021899737739,300.3021899727024,300.3021899716589,300.3021899705837,300.3021899695877,300.3021899685705,300.30218996750466,300.3021899665461,300.302189965537,300.3021899645536,300.30218996360884,300.3021899626947,300.3021899616773,300.30218996099086,300.30218996014577,300.30218995919523,300.30218995844024,300.3021899576179,300.3021899567935,300.3021899558713,300.30218995521057,300.3021899545057,300.30218995366124,300.3021899529996,300.30218995234196,300.30218995136335,300.3021899508662,300.30218995037023,300.30218994977736,300.30218994929635,300.3021899487367
0.08178471155740555,300.30153492857164,300.30153492841987,300.3015349280979,300.30153492765174,300.3015349271101,300.3015349264829,300.3015349257813,300.3015349250159,300.3015349242044,300.3015349233531,300.3015349224646,300.3015349215607,300.3015349206291,300.30153491966905,300.3015349187074,300.30153491771136,300.3015349167125,300.3015349157031,300.30153491468275,300.30153491364695,300.3015349125907,300.30153491156204,300.30153491050214,300.3015349095202,300.3015349085175,300.3015349074668,300.30153490652197,300.30153490552715,300.3015349045576,300.3015349036263,300.3015349027251,300.3015349017221,300.3015349010454,300.30153490021223,300.3015348992751,300.3015348985308,300.3015348977201,300.30153489690736,300.30153489599826,300.3015348953469,300.3015348946519,300.3015348938195,300.3015348931672,300.3015348925188,300.3015348915541,300.301534891064,300.301534890575,300.30153488999053,300.30153488951635,300.30153488896457
0.08228471155740555,300.3008893248634,300.3008893247138,300.3008893243965,300.3008893239567,300.30088932342284,300.3008893228046,300.3008893221131,300.3008893213587,300.3008893205588,300.30088931971954,300.3008893188438,300.3008893179529,300.30088931703455,300.3008893160882,300.30088931514024,300.30088931415844,300.3008893131738,300.30088931217875,300.3008893111729,300.3008893101519,300.3008893091107,300.30088930809677,300.3008893070518,300.30088930608395,300.30088930509544,300.3008893040597,300.30088930312826,300.3008893021476,300.3008893011918,300.30088930027375,300.3008892993852,300.30088929839656,300.3008892977293,300.30088929690794,300.3008892959842,300.3008892952504,300.3008892944511,300.30088929364985,300.3008892927537,300.3008892921115,300.30088929142636,300.3008892906057,300.3008892899626,300.30088928932344,300.3008892883725,300.3008892878893,300.30088928740713,300.30088928683085,300.30088928636343,300.30088928581944
0.08278471155740555,300.3002530365521,300.3002530364047,300.30025303609193,300.30025303565844,300.30025303513213,300.3002530345229,300.3002530338413,300.30025303309765,300.3002530323092,300.30025303148193,300.30025303061876,300.3002530297405,300.3002530288353,300.3002530279025,300.30025302696805,300.30025302600023,300.3002530250297,300.3002530240488,300.3002530230573,300.3002530220508,300.3002530210244,300.3002530200248,300.30025301899485,300.30025301804073,300.3002530170662,300.3002530160452,300.30025301512694,300.3002530141602,300.300253013218,300.30025301231296,300.30025301143706,300.3002530104624,300.3002530098046,300.30025300899484,300.30025300808416,300.3002530073607,300.3002530065728,300.3002530057829,300.30025300489945,300.3002530042663,300.3002530035909,300.30025300278186,300.3002530021479,300.3002530015177,300.3002530005803,300.3002530001039,300.3002529996286,300.30025299906043,300.3002529985996,300.3002529980633
0.08328471155740555,300.2996259247633,300.299625924618,300.29962592430974,300.2996259238825,300.2996259233637,300.2996259227631,300.2996259220913,300.2996259213583,300.2996259205812,300.29962591976573,300.29962591891484,300.2996259180492,300.29962591715696,300.2996259162374,300.29962591531626,300.2996259143623,300.2996259134056,300.29962591243867,300.2996259114613,300.2996259104691,300.29962590945735,300.299625908472,300.2996259074567,300.29962590651616,300.2996259055555,300.299625904549,300.2996259036438,300.29962590269076,300.29962590176194,300.29962590086967,300.29962590000616,300.2996258990454,300.29962589839687,300.2996258975986,300.2996258967009,300.2996258959876,300.29962589521085,300.2996258944322,300.29962589356126,300.299625892937,300.29962589227114,300.2996258914736,300.2996258908486,300.2996258902274,300.2996258893033,300.29962588883353,300.299625888365,300.29962588780484,300.2996258873505,300.2996258868218
0.08378471155740555,300.2990078529333,300.29900785279006,300.2990078524863,300.29900785206513,300.2990078515539,300.29900785096186,300.29900785029963,300.29900784957715,300.29900784881113,300.29900784800736,300.29900784716864,300.29900784631536,300.2990078454358,300.29900784452946,300.29900784362144,300.299007842681,300.29900784173793,300.29900784078484,300.2990078398214,300.29900783884335,300.2990078378459,300.2990078368747,300.2990078358738,300.2990078349465,300.2990078339996,300.29900783300735,300.299007832115,300.2990078311755,300.29900783025994,300.29900782938034,300.2990078285291,300.29900782758193,300.29900782694256,300.2990078261556,300.2990078252706,300.2990078245675,300.2990078238017,300.29900782303406,300.29900782217544,300.29900782156005,300.2990078209036,300.2990078201174,300.2990078195012,300.29900781888875,300.2990078179779,300.29900781751473,300.29900781705277,300.29900781650065,300.29900781605267,300.29900781553147
0.08428471155740555,300.29839868675833,300.2983986866172,300.2983986863177,300.29839868590267,300.2983986853987,300.2983986848152,300.2983986841624,300.2983986834503,300.29839868269517,300.29839868190294,300.2983986810762,300.2983986802351,300.2983986793681,300.29839867847465,300.29839867757966,300.2983986766526,300.298398675723,300.29839867478347,300.29839867383373,300.2983986728696,300.29839867188645,300.298398670929,300.29839866994234,300.29839866902824,300.2983986680948,300.29839866711666,300.29839866623706,300.29839866531086,300.29839866440824,300.2983986635411,300.298398662702,300.29839866176826,300.298398661138,300.2983986603621,300.2983986594897,300.2983986587965,300.2983986580416,300.2983986572848,300.29839865643845,300.2983986558317,300.29839865518454,300.2983986544095,300.298398653802,300.29839865319826,300.2983986523003,300.2983986518437,300.2983986513882,300.2983986508439,300.2983986504023,300.29839864988844
0.08478471155740555,300.297798294145,300.2977982940059,300.2977982937107,300.2977982933016,300.2977982928049,300.29779829222963,300.29779829158633,300.2977982908843,300.29779829014007,300.29779828935915,300.2977982885442,300.2977982877151,300.2977982868605,300.29779828597975,300.29779828509754,300.2977982841837,300.29779828326735,300.2977982823412,300.29779828140494,300.29779828045463,300.29779827948545,300.29779827854156,300.297798277569,300.29779827666795,300.29779827574777,300.29779827478353,300.2977982739164,300.29779827300337,300.29779827211354,300.2977982712588,300.29779827043154,300.2977982695111,300.29779826888966,300.2977982681248,300.2977982672648,300.29779826658137,300.2977982658372,300.2977982650911,300.29779826425676,300.2977982636586,300.29779826302064,300.29779826225655,300.2977982616577,300.29779826106244,300.2977982601773,300.29779825972713,300.29779825927807,300.2977982587415,300.2977982583061,300.2977982577996
0.08528471155740555,300.2972065451627,300.2972065450255,300.29720654473465,300.29720654433135,300.2972065438417,300.2972065432748,300.2972065426406,300.29720654194864,300.2972065412151,300.2972065404453,300.297206539642,300.29720653882475,300.29720653798233,300.29720653711416,300.2972065362446,300.2972065353438,300.2972065344405,300.2972065335275,300.29720653260466,300.2972065316678,300.2972065307124,300.297206529782,300.29720652882327,300.297206527935,300.2972065270279,300.2972065260774,300.2972065252225,300.2972065243225,300.29720652344537,300.29720652260266,300.2972065217872,300.29720652087985,300.29720652026714,300.2972065195132,300.29720651866535,300.29720651799164,300.29720651725796,300.2972065165225,300.2972065157,300.2972065151103,300.29720651448133,300.29720651372816,300.2972065131377,300.29720651255093,300.2972065116784,300.29720651123455,300.29720651079185,300.2972065102628,300.2972065098336,300.2972065093343
0.08578471155740555,300.2966233119974,300.2966233118622,300.29662331157544,300.296623311178,300.29662331069534,300.29662331013657,300.29662330951146,300.29662330882945,300.2966233081063,300.2966233073475,300.2966233065558,300.29662330575013,300.2966233049197,300.29662330406404,300.29662330320673,300.29662330231884,300.2966233014284,300.2966233005284,300.29662329961866,300.29662329869524,300.29662329775346,300.2966232968363,300.29662329589115,300.29662329501554,300.29662329412133,300.2966232931843,300.2966232923416,300.2966232914544,300.2966232905897,300.296623289759,300.29662328895506,300.2966232880606,300.2966232874566,300.29662328671327,300.29662328587756,300.29662328521334,300.29662328449007,300.29662328376503,300.2966232829542,300.29662328237293,300.29662328175283,300.29662328101034,300.29662328042826,300.29662327984977,300.2966232789897,300.29662327855215,300.29662327811565,300.2966232775941,300.29662327717097,300.2966232766787
0.08628471155740555,300.29604846890726,300.2960484687741,300.2960484684914,300.29604846809957,300.2960484676239,300.2960484670731,300.2960484664569,300.2960484657847,300.29604846507186,300.296048464324,300.29604846354346,300.29604846274935,300.29604846193087,300.29604846108725,300.2960484602423,300.29604845936706,300.2960484584892,300.2960484576021,300.2960484567053,300.296048455795,300.2960484548667,300.29604845396256,300.2960484530309,300.2960484521677,300.29604845128625,300.2960484503626,300.29604844953184,300.29604844865725,300.2960484478048,300.29604844698594,300.2960484461934,300.2960484453116,300.2960484447162,300.29604844398347,300.2960484431595,300.29604844250474,300.2960484417917,300.29604844107695,300.2960484402777,300.2960484397046,300.2960484390933,300.2960484383613,300.2960484377875,300.2960484372172,300.29604843636935,300.296048435938,300.29604843550766,300.29604843499357,300.2960484345764,300.2960484340911
0.08678471155740555,300.2954818921792,300.29548189204786,300.2954818917693,300.29548189138313,300.29548189091423,300.2954818903713,300.295481889764,300.2954818891013,300.29548188839874,300.2954818876614,300.29548188689216,300.29548188610937,300.29548188530254,300.29548188447103,300.2954818836381,300.2954818827753,300.29548188191,300.2954818810355,300.29548188015156,300.29548187925417,300.29548187833905,300.2954818774478,300.29548187652944,300.29548187567855,300.2954818748096,300.295481873899,300.29548187308006,300.2954818722179,300.29548187137766,300.29548187057037,300.2954818697891,300.29548186891986,300.29548186833284,300.2954818676105,300.29548186679824,300.2954818661527,300.2954818654499,300.2954818647453,300.2954818639573,300.2954818633923,300.2954818627897,300.29548186206813,300.2954818615024,300.29548186094024,300.2954818601045,300.29548185967917,300.29548185925495,300.2954818587481,300.29548185833687,300.2954818578585
0.08728471155740555,300.29492346008715,300.2949234599578,300.2949234596831,300.2949234593024,300.2949234588403,300.29492345830516,300.2949234577065,300.2949234570533,300.2949234563607,300.29492345563403,300.2949234548757,300.29492345410415,300.2949234533088,300.2949234524891,300.294923451668,300.2949234508175,300.2949234499647,300.2949234491026,300.29492344823126,300.29492344734666,300.29492344644456,300.294923445566,300.2949234446607,300.29492344382186,300.2949234429653,300.2949234420678,300.29492344126044,300.2949234404105,300.29492343958213,300.2949234387864,300.2949234380162,300.29492343715935,300.2949234365806,300.2949234358685,300.29492343506774,300.29492343443144,300.2949234337385,300.2949234330439,300.2949234322672,300.29492343171023,300.2949234311161,300.29492343040476,300.29492342984713,300.29492342929285,300.294923428469,300.29492342804974,300.2949234276315,300.29492342713183,300.29492342672637,300.29492342625474
0.08778471155740555,300.2943730528515,300.2943730527239,300.29437305245324,300.2943730520781,300.29437305162253,300.294373051095,300.2943730505049,300.29437304986106,300.2943730491784,300.2943730484621,300.29437304771454,300.294373046954,300.29437304617,300.2943730453621,300.2943730445527,300.29437304371436,300.2943730428736,300.29437304202384,300.2943730411649,300.29437304029284,300.29437303940364,300.2943730385375,300.2943730376452,300.29437303681834,300.2943730359739,300.2943730350891,300.29437303429324,300.29437303345543,300.2943730326388,300.2943730318543,300.2943730310951,300.2943730302504,300.29437302967983,300.29437302897793,300.29437302818855,300.2943730275613,300.29437302687813,300.2943730261934,300.29437302542766,300.2943730248786,300.29437302429295,300.2943730235917,300.29437302304194,300.29437302249556,300.29437302168344,300.29437302127013,300.2943730208578,300.29437302036524,300.2943730199655,300.2943730195006
0.08828471155740555,300.2938305525998,300.29383055247405,300.2938305522073,300.29383055183746,300.2938305513884,300.29383055086845,300.29383055028677,300.29383054965217,300.29383054897926,300.29383054827315,300.2938305475363,300.29383054678664,300.2938305460138,300.29383054521736,300.2938305444195,300.2938305435931,300.2938305427644,300.29383054192675,300.29383054108,300.2938305402205,300.2938305393439,300.29383053849017,300.29383053761046,300.2938305367954,300.29383053596297,300.2938305350907,300.29383053430627,300.29383053348033,300.2938305326753,300.29383053190196,300.29383053115356,300.2938305303209,300.29383052975834,300.2938305290663,300.29383052828825,300.2938305276698,300.29383052699643,300.2938305263214,300.2938305255666,300.29383052502527,300.2938305244479,300.29383052375664,300.29383052321464,300.29383052267605,300.29383052187546,300.29383052146795,300.29383052106147,300.29383052057597,300.2938305201818,300.29383051972354
0.08878471155740555,300.29329584332874,300.2932958432048,300.2932958429418,300.2932958425773,300.2932958421347,300.2932958416222,300.29329584104886,300.2932958404233,300.29329583975994,300.29329583906394,300.29329583833766,300.29329583759863,300.2932958368369,300.2932958360518,300.2932958352653,300.29329583445076,300.2932958336338,300.2932958328081,300.2932958319734,300.2932958311261,300.293295830262,300.29329582942046,300.29329582855325,300.2932958277498,300.29329582692924,300.2932958260694,300.29329582529607,300.2932958244819,300.29329582368837,300.293295822926,300.2932958221882,300.29329582136734,300.29329582081283,300.2932958201306,300.2932958193636,300.2932958187539,300.2932958180901,300.2932958174246,300.29329581668054,300.29329581614684,300.2932958155777,300.2932958148963,300.29329581436207,300.29329581383104,300.2932958130418,300.2932958126401,300.29329581223936,300.29329581176074,300.2932958113722,300.2932958109205
0.08928471155740555,300.2927688108672,300.292768810745,300.29276881048577,300.29276881012646,300.2927688096902,300.292768809185,300.2927688086199,300.29276880800325,300.29276880734943,300.2927688066634,300.29276880594745,300.292768805219,300.29276880446804,300.29276880369423,300.292768802919,300.2927688021159,300.2927688013107,300.29276880049673,300.2927687996739,300.2927687988387,300.2927687979869,300.29276879715735,300.29276879630254,300.29276879551037,300.29276879470154,300.292768793854,300.2927687930916,300.29276879228905,300.2927687915068,300.2927687907553,300.29276879002794,300.2927687892188,300.2927687886721,300.29276878799953,300.29276878724346,300.29276878664245,300.292768785988,300.292768785332,300.29276878459854,300.29276878407245,300.29276878351135,300.29276878283963,300.2927687823129,300.2927687817894,300.29276878101155,300.29276878061546,300.29276878022034,300.29276877974854,300.29276877936553,300.29276877892016
0.08978471155740556,300.2922493428401,300.2922493427197,300.2922493424642,300.29224934211004,300.29224934167996,300.292249341182,300.29224934062495,300.2922493400171,300.2922493393727,300.2922493386964,300.2922493379907,300.2922493372726,300.29224933653245,300.2922493357696,300.29224933500547,300.2922493342139,300.29224933342005,300.2922493326177,300.2922493318067,300.2922493309833,300.29224933014365,300.2922493293259,300.2922493284832,300.2922493277024,300.29224932690505,300.29224932606957,300.29224932531804,300.2922493245269,300.29224932375575,300.2922493230149,300.29224932229795,300.2922493215003,300.29224932096133,300.29224932029837,300.292249319553,300.2922493189605,300.2922493183154,300.29224931766873,300.29224931694563,300.29224931642705,300.29224931587385,300.2922493152117,300.2922493146924,300.2922493141764,300.29224931340957,300.29224931301906,300.2922493126297,300.2922493121645,300.29224931178686,300.29224931134786
0.09028471155740556,300.2917373286341,300.2917373285154,300.29173732826354,300.29173732791446,300.2917373274906,300.29173732699974,300.29173732645063,300.2917373258515,300.2917373252162,300.2917373245496,300.29173732385397,300.29173732314615,300.29173732241657,300.29173732166464,300.29173732091135,300.291737320131,300.2917373193485,300.2917373185577,300.29173731775813,300.2917373169465,300.2917373161189,300.29173731531273,300.2917373144821,300.2917373137124,300.29173731292633,300.2917373121028,300.29173731136194,300.291737310582,300.2917373098218,300.29173730909156,300.29173730838477,300.29173730759845,300.29173730706714,300.29173730641355,300.2917373056788,300.2917373050947,300.29173730445876,300.29173730382126,300.29173730310845,300.2917373025972,300.2917373020519,300.2917373013991,300.2917373008873,300.2917373003786,300.29173729962264,300.2917372992377,300.2917372988537,300.29173729839516,300.291737298023,300.29173729759015
0.09078471155740556,300.29123265936335,300.29123265924636,300.2912326589981,300.291232658654,300.29123265823614,300.29123265775235,300.2912326572111,300.29123265662054,300.29123265599435,300.29123265533724,300.29123265465154,300.2912326539538,300.2912326532346,300.29123265249336,300.2912326517508,300.29123265098167,300.29123265021036,300.29123264943075,300.2912326486427,300.29123264784255,300.2912326470267,300.291232646232,300.2912326454132,300.29123264465443,300.2912326438796,300.29123264306776,300.29123264233743,300.2912326415686,300.2912326408193,300.29123264009934,300.2912326394026,300.2912326386275,300.29123263810374,300.2912326374595,300.2912326367352,300.2912326361593,300.2912326355324,300.29123263490396,300.2912326342013,300.2912326336973,300.2912326331597,300.29123263251626,300.29123263201166,300.2912326315102,300.29123263076497,300.29123263038554,300.29123263000696,300.29123262955494,300.291232629188,300.2912326287614
0.09128471155740556,300.2907352278367,300.2907352277214,300.2907352274767,300.2907352271376,300.2907352267257,300.29073522624884,300.29073522571525,300.2907352251332,300.29073522451586,300.2907352238682,300.29073522319226,300.2907352225045,300.2907352217955,300.2907352210649,300.290735220333,300.2907352195748,300.2907352188144,300.29073521804594,300.290735217269,300.29073521648036,300.29073521567614,300.2907352148928,300.2907352140856,300.2907352133377,300.29073521257385,300.29073521177355,300.29073521105363,300.29073521029574,300.29073520955706,300.29073520884737,300.2907352081605,300.29073520739644,300.2907352068801,300.290735206245,300.290735205531,300.29073520496337,300.2907352043453,300.29073520372583,300.29073520303314,300.29073520253627,300.2907352020064,300.290735201372,300.29073520087456,300.2907352003802,300.2907351996456,300.2907351992716,300.29073519889846,300.29073519845275,300.29073519809106,300.2907351976705
0.09178471155740556,300.2902449285261,300.2902449284124,300.29024492817126,300.29024492783685,300.29024492743093,300.29024492696084,300.290244926435,300.29024492586115,300.29024492525275,300.2902449246142,300.29024492394797,300.29024492327,300.2902449225712,300.2902449218509,300.29024492112944,300.29024492038207,300.2902449196325,300.29024491887503,300.2902449181092,300.2902449173318,300.290244916539,300.2902449157668,300.29024491497114,300.2902449142338,300.2902449134809,300.290244912692,300.2902449119823,300.2902449112352,300.290244910507,300.2902449098074,300.29024490913037,300.29024490837713,300.2902449078681,300.290244907242,300.2902449065382,300.29024490597857,300.2902449053694,300.2902449047586,300.29024490407585,300.290244903586,300.2902449030636,300.2902449024383,300.2902449019479,300.29024490146054,300.2902449007365,300.2902449003677,300.29024489999983,300.29024489956055,300.29024489920397,300.2902448987893
0.09228471155740556,300.2897616575349,300.28976165742284,300.2897616571851,300.2897616568556,300.2897616564554,300.28976165599204,300.2897616554737,300.28976165490803,300.28976165430834,300.28976165367897,300.2897616530222,300.28976165235395,300.289761651665,300.2897616509551,300.2897616502439,300.28976164950717,300.2897616487683,300.28976164802157,300.2897616472667,300.2897616465003,300.28976164571884,300.28976164495765,300.2897616441733,300.28976164344647,300.2897616427043,300.28976164192665,300.289761641227,300.28976164049055,300.2897616397728,300.2897616390831,300.28976163841565,300.28976163767317,300.28976163717135,300.28976163655415,300.28976163586026,300.2897616353087,300.2897616347081,300.28976163410607,300.28976163343293,300.2897616329501,300.2897616324351,300.2897616318187,300.2897616313353,300.28976163085485,300.28976163014113,300.28976162977756,300.28976162941484,300.2897616289818,300.2897616286303,300.2897616282215
0.09278471155740556,300.2892853125683,300.2892853124579,300.28928531222357,300.2892853118987,300.2892853115043,300.28928531104754,300.28928531053657,300.289285309979,300.2892853093878,300.2892853087675,300.28928530812004,300.28928530746134,300.28928530678223,300.2892853060825,300.2892853053814,300.28928530465515,300.28928530392693,300.2892853031908,300.2892853024466,300.28928530169117,300.2892853009208,300.28928530017043,300.2892852993973,300.2892852986809,300.2892852979492,300.28928529718263,300.28928529649295,300.289285295767,300.2892852950594,300.28928529437957,300.2892852937216,300.2892852929897,300.289285292495,300.28928529188653,300.28928529120253,300.28928529065877,300.28928529006674,300.28928528947324,300.28928528880977,300.2892852883337,300.2892852878261,300.2892852872184,300.2892852867418,300.28928528626824,300.2892852855647,300.28928528520623,300.28928528484875,300.28928528442185,300.28928528407533,300.2892852836723
0.09328471155740556,300.28881579290356,300.2888157927947,300.2888157925637,300.28881579224355,300.2888157918547,300.2888157914045,300.2888157909008,300.28881579035124,300.2888157897685,300.288815789157,300.2888157885189,300.28881578786957,300.2888157872001,300.2888157865103,300.2888157858192,300.28881578510334,300.28881578438546,300.28881578365986,300.2888157829263,300.28881578218164,300.2888157814223,300.28881578068257,300.28881577992047,300.28881577921413,300.2888157784929,300.2888157777372,300.28881577705744,300.2888157763418,300.28881577564425,300.2888157749741,300.2888157743255,300.288815773604,300.2888157731163,300.2888157725165,300.2888157718422,300.2888157713062,300.2888157707226,300.28881577013755,300.2888157694835,300.2888157690142,300.28881576851376,300.28881576791474,300.28881576744493,300.2888157669781,300.28881576628453,300.2888157659312,300.28881576557876,300.2888157651579,300.28881576481626,300.2888157644191
0.09378471155740556,300.2883529993614,300.2883529992541,300.2883529990264,300.28835299871076,300.2883529983276,300.28835299788375,300.2883529973873,300.28835299684556,300.2883529962711,300.28835299566833,300.2883529950393,300.2883529943993,300.2883529937394,300.2883529930594,300.28835299237824,300.2883529916725,300.2883529909649,300.28835299024956,300.28835298952646,300.28835298879244,300.2883529880439,300.28835298731474,300.2883529865635,300.2883529858673,300.2883529851563,300.28835298441135,300.2883529837412,300.28835298303574,300.28835298234816,300.28835298168747,300.28835298104815,300.28835298033687,300.28835297985614,300.28835297926486,300.28835297860024,300.28835297807177,300.28835297749646,300.2883529769197,300.288352976275,300.28835297581236,300.28835297531896,300.2883529747285,300.2883529742654,300.28835297380516,300.2883529731215,300.28835297277317,300.28835297242574,300.2883529720109,300.2883529716741,300.28835297128256
0.09428471155740556,300.28789683427823,300.28789683417244,300.287896833948,300.287896833637,300.28789683325914,300.28789683282173,300.2878968323323,300.2878968317983,300.28789683123216,300.2878968306379,300.28789683001787,300.2878968293869,300.2878968287365,300.28789682806627,300.2878968273947,300.2878968266992,300.28789682600154,300.28789682529646,300.28789682458364,300.2878968238601,300.2878968231222,300.2878968224034,300.28789682166286,300.2878968209766,300.2878968202757,300.2878968195414,300.28789681888077,300.28789681818535,300.28789681750754,300.2878968168563,300.287896816226,300.28789681552485,300.287896815051,300.2878968144681,300.28789681381295,300.28789681329204,300.28789681272485,300.2878968121563,300.28789681152074,300.2878968110647,300.28789681057833,300.28789680999625,300.28789680953975,300.2878968090861,300.2878968084121,300.28789680806875,300.28789680772616,300.2878968073173,300.28789680698526,300.2878968065993
0.09478471155740556,300.287447201479,300.28744720137473,300.28744720115355,300.2874472008468,300.2874472004745,300.2874472000433,300.2874471995609,300.28744719903455,300.28744719847634,300.28744719789074,300.2874471972795,300.2874471966576,300.2874471960164,300.2874471953557,300.2874471946937,300.2874471940081,300.2874471933204,300.2874471926254,300.28744719192275,300.2874471912095,300.2874471904821,300.2874471897736,300.2874471890436,300.287447188367,300.28744718767615,300.2874471869523,300.28744718630105,300.2874471856156,300.2874471849474,300.2874471843055,300.28744718368415,300.287447182993,300.2874471825258,300.2874471819512,300.28744718130537,300.2874471807918,300.28744718023273,300.2874471796723,300.2874471790457,300.28744717859615,300.28744717811674,300.28744717754296,300.2874471770929,300.2874471766457,300.2874471759813,300.2874471756428,300.28744717530515,300.287447174902,300.2874471745747,300.2874471741942
0.09528471155740556,300.2870040062506,300.2870040061478,300.2870040059298,300.2870040056275,300.2870040052604,300.2870040048354,300.2870040043599,300.28700400384105,300.2870040032909,300.28700400271356,300.287004002111,300.287004001498,300.287004000866,300.2870040002147,300.28700399956216,300.2870039988863,300.28700399820843,300.28700399752336,300.28700399683066,300.2870039961276,300.2870039954106,300.28700399471217,300.2870039939925,300.28700399332564,300.2870039926446,300.2870039919311,300.28700399128917,300.28700399061336,300.2870039899547,300.2870039893219,300.2870039887094,300.2870039880281,300.2870039875675,300.2870039870012,300.2870039863644,300.2870039858582,300.287003985307,300.28700398475456,300.28700398413696,300.2870039836938,300.28700398322115,300.28700398265556,300.2870039822119,300.287003981771,300.28700398111613,300.28700398078246,300.2870039804496,300.28700398005213,300.28700397972955,300.28700397935444
0.09578471155740556,300.28656715531616,300.28656715521487,300.28656715499994,300.286567154702,300.28656715434016,300.2865671539212,300.28656715345255,300.2865671529411,300.28656715239873,300.2865671518296,300.2865671512358,300.2865671506314,300.28656715000847,300.2865671493665,300.28656714872324,300.286567148057,300.2865671473888,300.2865671467134,300.28656714603073,300.2865671453376,300.2865671446308,300.28656714394236,300.28656714323296,300.28656714257556,300.28656714190424,300.28656714120086,300.286567140568,300.2865671399019,300.2865671392526,300.28656713862875,300.286567138025,300.28656713735336,300.28656713689935,300.28656713634103,300.2865671357134,300.2865671352144,300.2865671346711,300.28656713412647,300.2865671335177,300.2865671330808,300.2865671326149,300.2865671320573,300.28656713161996,300.2865671311853,300.28656713053977,300.28656713021076,300.28656712988266,300.2865671294909,300.2865671291728,300.28656712880314
0.09628471155740556,300.28613655680994,300.28613655671006,300.2861365564982,300.28613655620455,300.28613655584786,300.28613655543484,300.28613655497287,300.2861365544687,300.28613655393417,300.2861365533732,300.28613655278775,300.28613655219203,300.286136551578,300.2861365509451,300.2861365503111,300.2861365496543,300.2861365489956,300.2861365483299,300.2861365476569,300.28613654697364,300.28613654627696,300.2861365455983,300.286136544899,300.286136544251,300.28613654358924,300.28613654289586,300.28613654227206,300.2861365416154,300.28613654097535,300.2861365403604,300.2861365397652,300.28613653910315,300.2861365386556,300.2861365381052,300.2861365374865,300.28613653699455,300.28613653645897,300.28613653592214,300.28613653532204,300.2861365348913,300.28613653443205,300.2861365338824,300.28613653345127,300.2861365330228,300.2861365323865,300.28613653206213,300.2861365317387,300.28613653135244,300.28613653103895,300.28613653067447
0.09678471155740556,300.28571212025247,300.2857121201541,300.28571211994523,300.2857121196557,300.2857121193042,300.2857121188971,300.28571211844167,300.28571211794474,300.2857121174178,300.28571211686483,300.2857121162877,300.28571211570056,300.28571211509524,300.2857121144714,300.2857121138464,300.285712113199,300.28571211254973,300.2857121118935,300.28571211123,300.2857121105566,300.28571210986973,300.28571210920074,300.28571210851146,300.2857121078727,300.2857121072203,300.28571210653683,300.2857121059219,300.2857121052746,300.2857121046437,300.2857121040375,300.28571210345075,300.28571210279813,300.2857121023569,300.28571210181434,300.28571210120447,300.28571210071954,300.2857121001916,300.28571209966236,300.28571209907074,300.2857120986462,300.28571209819336,300.28571209765164,300.28571209722656,300.2857120968042,300.285712096177,300.2857120958573,300.2857120955384,300.28571209515763,300.2857120948486,300.2857120944893
0.09728471155740556,300.2852937565271,300.2852937564301,300.28529375622423,300.2852937559389,300.28529375559236,300.2852937551911,300.28529375474216,300.2852937542523,300.2852937537329,300.28529375318783,300.28529375261894,300.28529375204016,300.2852937514435,300.28529375082854,300.2852937502124,300.2852937495743,300.28529374893424,300.28529374828736,300.2852937476334,300.2852937469695,300.2852937462925,300.28529374563306,300.28529374495355,300.2852937443239,300.28529374368077,300.28529374300706,300.2852937424009,300.28529374176276,300.28529374114083,300.2852937405433,300.2852937399649,300.28529373932156,300.28529373888665,300.2852937383518,300.2852937377506,300.2852937372725,300.2852937367521,300.2852937362304,300.2852937356472,300.28529373522866,300.2852937347824,300.2852937342482,300.28529373382923,300.2852937334129,300.2852937327946,300.2852937324794,300.28529373216514,300.2852937317898,300.2852937314851,300.285293731131
0.09778471155740556,300.2848813778562,300.2848813777606,300.28488137755767,300.2848813772764,300.2848813769348,300.28488137653926,300.2848813760967,300.28488137561385,300.28488137510186,300.2848813745645,300.2848813740038,300.2848813734332,300.2848813728451,300.28488137223894,300.2848813716317,300.2848813710026,300.28488137037164,300.28488136973397,300.28488136908936,300.28488136843487,300.2848813677675,300.28488136711746,300.2848813664477,300.28488136582695,300.28488136519303,300.28488136452887,300.28488136393133,300.2848813633023,300.28488136268925,300.2848813621002,300.28488136153004,300.2848813608959,300.2848813604671,300.28488135993985,300.28488135934725,300.28488135887596,300.28488135836295,300.2848813578487,300.2848813572738,300.2848813568612,300.28488135642124,300.28488135589475,300.28488135548173,300.2848813550713,300.28488135446185,300.2848813541511,300.28488135384123,300.28488135347123,300.28488135317093,300.28488135282174
0.09828471155740556,300.2844748977784,300.28447489768416,300.28447489748413,300.2844748972069,300.2844748968701,300.2844748964803,300.2844748960441,300.2844748955681,300.28447489506334,300.2844748945338,300.28447489398104,300.28447489341863,300.28447489283883,300.2844748922413,300.2844748916426,300.28447489102257,300.28447489040065,300.28447488977207,300.28447488913656,300.2844748884915,300.28447488783365,300.28447488719286,300.2844748865326,300.28447488592064,300.2844748852958,300.2844748846411,300.2844748840521,300.28447488343204,300.2844748828277,300.284474882247,300.284474881685,300.28447488105985,300.28447488063716,300.28447488011744,300.28447487953326,300.2844748790686,300.28447487856295,300.28447487805596,300.2844748774893,300.2844748770825,300.28447487664886,300.2844748761299,300.2844748757227,300.28447487531815,300.2844748747173,300.284474874411,300.28447487410557,300.28447487374086,300.28447487344476,300.28447487310063
0.09878471155740556,300.28407423112645,300.2840742310335,300.2840742308364,300.284074230563,300.28407423023117,300.28407422984685,300.28407422941683,300.2840742289477,300.28407422845015,300.2840742279281,300.28407422738326,300.28407422682886,300.28407422625736,300.28407422566835,300.2840742250782,300.28407422446696,300.2840742238539,300.2840742232343,300.2840742226079,300.284074221972,300.2840742213235,300.2840742206918,300.28407422004096,300.2840742194378,300.28407421882184,300.2840742181765,300.28407421759584,300.2840742169846,300.28407421638883,300.2840742158165,300.2840742152624,300.2840742146462,300.2840742142295,300.2840742137172,300.2840742131413,300.2840742126834,300.2840742121848,300.2840742116851,300.28407421112644,300.2840742107255,300.28407421029794,300.28407420978635,300.28407420938504,300.2840742089861,300.2840742083939,300.28407420809197,300.2840742077908,300.28407420743133,300.28407420713944,300.2840742068002
0.09928471155740556,300.2836792940052,300.2836792939136,300.2836792937193,300.28367929344995,300.2836792931227,300.28367929274384,300.2836792923201,300.2836792918576,300.2836792913672,300.28367929085255,300.28367929031543,300.283679289769,300.2836792892056,300.28367928862497,300.2836792880433,300.28367928744075,300.28367928683645,300.28367928622566,300.28367928560823,300.28367928498136,300.28367928434216,300.28367928371944,300.28367928307784,300.2836792824833,300.28367928187606,300.28367928123987,300.28367928066757,300.28367928006503,300.2836792794777,300.2836792789135,300.28367927836734,300.28367927775986,300.28367927734917,300.28367927684405,300.2836792762764,300.28367927582497,300.2836792753335,300.2836792748409,300.2836792742902,300.28367927389496,300.2836792734736,300.2836792729692,300.2836792725735,300.2836792721804,300.28367927159655,300.2836792712989,300.2836792710021,300.28367927064767,300.28367927036,300.28367927002546
0.09978471155740556,300.28329000377056,300.2832900036803,300.28329000348873,300.2832900032232,300.2832900029007,300.2832900025272,300.2832900021095,300.2832900016536,300.28329000117014,300.2832900006629,300.28329000013355,300.2832899995948,300.2832899990395,300.2832899984671,300.28328999789375,300.2832899972998,300.2832899967041,300.283289996102,300.28328999549336,300.2832899948754,300.2832899942453,300.2832899936315,300.2832899929991,300.28328999241296,300.2832899918144,300.28328999118725,300.2832899906231,300.2832899900291,300.28328998945017,300.28328998889396,300.2832899883556,300.2832899877568,300.2832899873519,300.283289986854,300.28328998629445,300.2832899858495,300.28328998536495,300.2832899848794,300.28328998433653,300.28328998394693,300.28328998353146,300.2832899830343,300.2832899826443,300.28328998225675,300.28328998168126,300.28328998138784,300.28328998109515,300.28328998074585,300.28328998046214,300.2832899801325
0.1,300.28312342474675,300.283123424657,300.2831234244666,300.2831234242027,300.2831234238822,300.2831234235111,300.28312342309596,300.28312342264286,300.2831234221625,300.28312342165833,300.2831234211322,300.2831234205969,300.28312342004494,300.2831234194761,300.2831234189063,300.283123418316,300.283123417724,300.28312341712564,300.28312341652077,300.2831234159067,300.28312341528044,300.28312341467046,300.28312341404194,300.28312341345935,300.28312341286454,300.2831234122413,300.28312341168055,300.28312341109034,300.283123410515,300.2831234099622,300.28312340942716,300.28312340883207,300.2831234084297,300.28312340793485,300.28312340737875,300.2831234069364,300.283123406455,300.2831234059724,300.2831234054329,300.28312340504567,300.2831234046328,300.2831234041387,300.2831234037511,300.28312340336595,300.283123402794,300.28312340250244,300.2831234022116,300.2831234018644,300.28312340158254,300.28312340125484
