t(s),T value at [0.0, 0.006001, 0] (K),T value at [3.061224489795918e-05, 0.006001, 0] (K),T value at [6.122448979591836e-05, 0.006001, 0] (K),T value at [9.183673469387755e-05, 0.006001, 0] (K),T value at [0.00012244897959183673, 0.006001, 0] (K),T value at [0.0001530612244897959, 0.006001, 0] (K),T value at [0.0001836734693877551, 0.006001, 0] (K),T value at [0.00021428571428571427, 0.006001, 0] (K),T value at [0.00024489795918367346, 0.006001, 0] (K),T value at [0.00027551020408163264, 0.006001, 0] (K),T value at [0.0003061224489795918, 0.006001, 0] (K),T value at [0.000336734693877551, 0.006001, 0] (K),T value at [0.0003673469387755102, 0.006001, 0] (K),T value at [0.00039795918367346937, 0.006001, 0] (K),T value at [0.00042857142857142855, 0.006001, 0] (K),T value at [0.00045918367346938773, 0.006001, 0] (K),T value at [0.0004897959183673469, 0.006001, 0] (K),T value at [0.0005204081632653061, 0.006001, 0] (K),T value at [0.0005510204081632653, 0.006001, 0] (K),T value at [0.0005816326530612245, 0.006001, 0] (K),T value at [0.0006122448979591836, 0.006001, 0] (K),T value at [0.0006428571428571428, 0.006001, 0] (K),T value at [0.000673469387755102, 0.006001, 0] (K),T value at [0.0007040816326530612, 0.006001, 0] (K),T value at [0.0007346938775510204, 0.006001, 0] (K),T value at [0.0007653061224489796, 0.006001, 0] (K),T value at [0.0007959183673469387, 0.006001, 0] (K),T value at [0.0008265306122448979, 0.006001, 0] (K),T value at [0.0008571428571428571, 0.006001, 0] (K),T value at [0.0008877551020408163, 0.006001, 0] (K),T value at [0.0009183673469387755, 0.006001, 0] (K),T value at [0.0009489795918367346, 0.006001, 0] (K),T value at [0.0009795918367346938, 0.006001, 0] (K),T value at [0.0010102040816326531, 0.006001, 0] (K),T value at [0.0010408163265306122, 0.006001, 0] (K),T value at [0.0010714285714285713, 0.006001, 0] (K),T value at [0.0011020408163265306, 0.006001, 0] (K),T value at [0.0011326530612244898, 0.006001, 0] (K),T value at [0.001163265306122449, 0.006001, 0] (K),T value at [0.001193877551020408, 0.006001, 0] (K),T value at [0.0012244897959183673, 0.006001, 0] (K),T value at [0.0012551020408163266, 0.006001, 0] (K),T value at [0.0012857142857142856, 0.006001, 0] (K),T value at [0.0013163265306122447, 0.006001, 0] (K),T value at [0.001346938775510204, 0.006001, 0] (K),T value at [0.0013775510204081633, 0.006001, 0] (K),T value at [0.0014081632653061224, 0.006001, 0] (K),T value at [0.0014387755102040815, 0.006001, 0] (K),T value at [0.0014693877551020407, 0.006001, 0] (K),T value at [0.0015, 0.006001, 0] (K)
1e-07,300.0337194969263,300.03371935388964,300.0337190949564,300.0337188409309,300.03371858213364,300.03371806097664,300.03371750441454,300.0337166714274,300.03371593896605,300.0337161480892,300.0337160486888,300.033712723293,300.03371323857647,300.0337130681327,300.03371367561124,300.03371333678086,300.0337052358585,300.03370605371526,300.03370437643514,300.0337057845486,300.03370765809854,300.03370329397535,300.0337095119838,300.0337049107674,300.0337032463345,300.0337118574555,300.0337039387019,300.03370288945695,300.0337046573412,300.0336936058461,300.0336808069648,300.03369204868363,300.0336532629694,300.0336520806471,300.0336543951569,300.0336526888542,300.03365347734604,300.0336547622851,300.03367060049277,300.03365602290125,300.03365813514586,300.0336534415245,300.03365901594134,300.0336639579328,300.0336970023389,300.03367128358394,300.03365820584406,300.03366400654863,300.03368420160143,300.033686803409
2.1e-07,300.03364700922253,300.03364695982674,300.03364689545003,300.03364682929913,300.0336467490204,300.0336465997028,300.0336464685653,300.03364622485714,300.0336461361921,300.033646185905,300.03364601795954,300.0336454104487,300.0336454932289,300.03364548417545,300.0336455673103,300.033645367341,300.03364385909873,300.03364355068607,300.0336433347243,300.0336436052464,300.03364329211183,300.03364333094123,300.0336432407121,300.03364372111474,300.03364395756194,300.03364373763674,300.033643907954,300.0336435740621,300.03364311732855,300.0336382045555,300.0336374704482,300.03363432694675,300.0336350335175,300.03363413225577,300.0336331033594,300.0336335911265,300.03363346623576,300.03363383854605,300.0336330183234,300.03363398475227,300.03363494167144,300.0336337684375,300.0336352793971,300.03363664657286,300.0336345432637,300.03363573982875,300.0336346930006,300.0336362708757,300.0336376358733,300.0336368669
3.31e-07,300.0322951023359,300.0322950652251,300.03229501393537,300.03229495833875,300.03229488527387,300.0322947663274,300.0322946635082,300.0322944829776,300.0322944113623,300.0322944264884,300.0322942719843,300.03229386005466,300.03229388606,300.03229388677283,300.03229390570635,300.032293688506,300.03229263722835,300.0322923316513,300.03229221852183,300.0322923178578,300.03229212664127,300.0322922330942,300.03229200956093,300.0322923773377,300.0322925748918,300.03229217304613,300.0322925248022,300.03229240331405,300.03229176825334,300.03228822797587,300.0322872590895,300.032284865689,300.0322859492466,300.03228529025125,300.03228406225446,300.03228478058134,300.032284620122,300.0322848224959,300.0322836124175,300.03228498214327,300.0322853980009,300.0322848578393,300.0322857078855,300.0322861152323,300.0322841822861,300.03228534168323,300.0322857136641,300.0322860260661,300.0322870144418,300.0322862536083
4.6410000000000003e-07,300.0312598423034,300.03125981455423,300.0312597724042,300.03125972536805,300.0312596640544,300.0312595643621,300.03125948044135,300.0312593350956,300.03125927160784,300.03125927785067,300.0312591426772,300.03125882168325,300.0312588328865,300.03125883380494,300.03125884249135,300.0312586455917,300.0312578150823,300.03125755070846,300.0312574638087,300.0312575261994,300.03125740986417,300.03125748472826,300.03125732720304,300.03125755637393,300.0312576815968,300.0312573989387,300.0312576389372,300.031257568262,300.03125697838533,300.03125420249916,300.0312533158479,300.03125155197216,300.0312521821075,300.03125163935346,300.0312507170049,300.03125121754897,300.03125110393444,300.03125125030294,300.03125047230765,300.0312514355644,300.03125172272166,300.031251342513,300.0312519535121,300.0312521928671,300.03125091161513,300.03125171368583,300.031252202315,300.031252247991,300.03125295988315,300.0312524881559
6.105100000000001e-07,300.03048488647556,300.0304848650743,300.0304848296136,300.030484789106,300.03048473698607,300.0304846515082,300.03048457977616,300.0304844590813,300.03048440211853,300.0304844041526,300.0304842841385,300.0304840242026,300.0304840267791,300.0304840285332,300.0304840317842,300.0304838528501,300.03048317603555,300.0304829394243,300.0304828673531,300.0304829119737,300.0304828360384,300.03048288909594,300.0304827775144,300.03048292760735,300.0304830104893,300.03048281053367,300.0304829746483,300.03048292326986,300.03048237657873,300.03048012481247,300.0304793158971,300.0304779610865,300.03047829637285,300.03047783264094,300.0304771411457,300.03047746766623,300.0304773989941,300.0304775070475,300.0304770143132,300.0304776942105,300.0304779285032,300.03047764025166,300.0304780969825,300.0304782827161,300.03047740378656,300.0304779765445,300.03047841911757,300.030478407779,300.0304789099914,300.03047863025307
7.715610000000001e-07,300.02988046050723,300.0298804434591,300.0298804130778,300.0298803775059,300.0298803321892,300.02988025744645,300.02988019395207,300.02988009118866,300.0298800394339,300.02988003866153,300.029879930496,300.029879714357,300.02987971024135,300.02987971313416,300.02987971226537,300.02987954657647,300.02987898233766,300.02987876512043,300.02987870363467,300.0298787365803,300.029878684607,300.0298787232216,300.02987864063493,300.0298787442233,300.02987880118803,300.02987865409364,300.02987877149303,300.02987872931607,300.0298782159773,300.0298763433515,300.02987559083476,300.029874508939,300.02987466692144,300.02987426522276,300.02987372277005,300.029873937777,300.0298739013632,300.02987398079404,300.02987365735305,300.02987415933825,300.02987435862406,300.02987413744637,300.02987449054,300.0298746449108,300.0298740146711,300.02987444286117,300.0298748156376,300.0298748023317,300.0298751612046,300.029874995203
9.487171000000002e-07,300.029391429007,300.02939141501986,300.0293913886928,300.02939135696147,300.02939131683434,300.029391250538,300.02939119304574,300.02939110389883,300.0293910564916,300.02939105346184,300.0293909549262,300.0293907718777,300.02939076245497,300.0293907661594,300.02939076197026,300.02939060659617,300.0293901280375,300.02938992616123,300.02938987235945,300.02938989691575,300.02938986009224,300.0293898885916,300.0293898251529,300.02938989979424,300.02938993996946,300.029389828081,300.02938991511724,300.02938987727845,300.02938939159725,300.0293878048184,300.02938709700373,300.029386206014,300.0293862537007,300.0293859019213,300.02938545959955,300.02938560284485,300.0293855873094,300.0293856463014,300.0293854273637,300.0293858120481,300.02938598377654,300.02938581462945,300.02938609600824,300.0293862282186,300.02938575883104,300.0293860915878,300.02938639889265,300.0293863965809,300.0293866602264,300.0293865606607
1.1435888100000002e-06,300.0289843665883,300.0289843548118,300.02898433183026,300.0289843031803,300.02898426711783,300.0289842077287,300.02898415489733,300.02898407648814,300.02898403286736,300.0289840278018,300.0289839373951,300.0289837803817,300.0289837668424,300.0289837708189,300.02898376383575,300.0289836171169,300.028983205813,300.028983017245,300.02898296892687,300.0289829872139,300.0289829604178,300.0289829815092,300.0289829314405,300.0289829870188,300.02898301578034,300.0289829284864,300.02898299453506,300.0289829580627,300.02898249691987,300.0289811331263,300.0289804640201,300.02897971218584,300.0289796887432,300.02897937748037,300.0289790066285,300.0289791021227,300.02897909923917,300.02897914431924,300.02897899304565,300.0289792959762,300.02897944478946,300.02897931693286,300.0289795464736,300.02897966200663,300.0289793019565,300.0289795683912,300.0289798212216,300.02897983020364,300.02898003052724,300.0289799699228
1.3579476910000003e-06,300.02863801644236,300.0286380063129,300.02863798614294,300.02863796003714,300.0286379272138,300.02863787364464,300.02863782461714,300.02863775493597,300.02863771470845,300.02863770769954,300.0286376243825,300.02863748845726,300.02863747180703,300.02863747553715,300.0286374661255,300.0286373270935,300.02863696987686,300.0286367934465,300.02863674897804,300.0286367624728,300.02863674253047,300.02863675806265,300.02863671778624,300.02863676015073,300.0286367808393,300.02863671143547,300.0286367622435,300.0286367250482,300.0286362866744,300.02863510156504,300.0286344678357,300.0286338207731,300.0286337503665,300.028633472288,300.02863315514605,300.0286332178299,300.02863322209026,300.0286332580777,300.0286331522825,300.02863339579164,300.02863352520416,300.0286334303104,300.02863362081325,300.028633723051,300.02863344109267,300.028633659315,300.0286338687058,300.028633886377,300.0286340437289,300.02863400637665
1.5937424601000005e-06,300.02833819204494,300.0283381831857,300.0283381654007,300.0283381414492,300.0283381112442,300.0283380626795,300.02833801687905,300.0283379544668,300.0283379173251,300.02833790842703,300.02833783145815,300.0283377129637,300.0283376940256,300.02833769709787,300.028337685523,300.0283375535792,300.0283372407226,300.028337075615,300.02833703381384,300.02833704357994,300.0283370284291,300.02833703975654,300.02833700690627,300.02833703969793,300.0283370545099,300.02833699853966,300.02833703784506,300.02833699837385,300.028336581696,300.0283355428096,300.02833494238286,300.0283343762265,300.02833427453936,300.02833402390013,300.0283337487426,300.0283337882765,300.0283337961398,300.0283338263686,300.0283337520097,300.02833395104165,300.02833406394257,300.0283339953027,300.0283341554486,300.02833424649526,300.028334022841,300.0283342047368,300.02833437980775,300.02833440362633,300.0283345308655,300.02833450786454
1.8531167061100007e-06,300.02807502688677,300.028075019041,300.02807500329004,300.0280749812006,300.02807495314727,300.02807490893736,300.0280748659609,300.02807480972456,300.0280747753985,300.0280747646719,300.0280746934969,300.0280745896178,300.02807456905373,300.0280745711741,300.02807455762945,300.02807443238214,300.0280741565088,300.0280740020626,300.0280739620894,300.02807396889824,300.0280739571534,300.02807396531074,300.0280739382185,300.0280739638212,300.0280739742797,300.02807392864077,300.02807395897986,300.0280739160822,300.0280735203694,300.02807260314694,300.0280720345829,300.02807153218544,300.02807140981577,300.0280711820804,300.02807094072193,300.02807096357094,300.02807097283556,300.0280709994763,300.0280709473371,300.02807111237115,300.0280712112054,300.0280711633537,300.02807129933285,300.02807138060626,300.02807120204136,300.0280713557883,300.02807150358063,300.02807153164093,300.02807163702096,300.02807162331794
2.138428376721001e-06,300.0278414185454,300.02784141153234,300.02784139752345,300.02784137706897,300.02784135082163,300.02784131042404,300.02784126998233,300.0278412190806,300.0278411873124,300.0278411748447,300.0278411090214,300.0278410175274,300.0278409958679,300.0278409968415,300.0278409814662,300.0278408626433,300.02784061803294,300.02784047366697,300.02784043493756,300.02784043934406,300.02784043005215,300.027840435841,300.0278404132724,300.0278404333266,300.0278404405342,300.0278404029762,300.0278404261132,300.0278403789763,300.0278400036453,300.0278391890209,300.0278386512157,300.0278381999292,300.027838064245,300.02783785581005,300.0278376422727,300.0278376528909,300.0278376622391,300.0278376866164,300.02783765048355,300.027837789101,300.02783787595604,300.02783784444813,300.02783796085293,300.0278380334571,300.027837890637,300.02783802207654,300.02783814794725,300.027838178869,300.0278382678705,300.02783826053945
2.4522712143931014e-06,300.02763210455316,300.02763209824036,300.02763208573015,300.02763206672853,300.0276320420355,300.0276320049844,300.0276319668663,300.0276319206338,300.02763189116797,300.0276318770816,300.0276318162308,300.0276317353195,300.02763171299256,300.02763171269646,300.0276316955939,300.027631582992,300.0276313651181,300.02763123030553,300.02763119242667,300.0276311948237,300.0276311873155,300.02763119135386,300.027631172369,300.0276311880584,300.0276311928352,300.02763116166716,300.0276311788403,300.0276311269477,300.0276307714579,300.027630044319,300.0276295363427,300.02762912665685,300.0276289828673,300.0276287908609,300.02762860061756,300.0276286021489,300.02762861083204,300.02762863369173,300.0276286092849,300.0276287270803,300.0276288037443,300.02762878498794,300.0276288853257,300.0276289502393,300.027628836201,300.02762894963155,300.0276290577043,300.0276290904382,300.027629166852,300.02762916412706
2.7974983358324118e-06,300.0274430891709,300.0274430834571,300.02744307224185,300.02744305454314,300.02744303122483,300.0274429971159,300.02744296116464,300.02744291906,300.0274428916426,300.0274428760947,300.02744281987054,300.027442748065,300.0274427254191,300.02744272377765,300.02744270503365,300.02744259848544,300.02744240370066,300.0274422779555,300.0274422406784,300.0274422413397,300.0274422351347,300.02744223789125,300.0274422217668,300.0274422339814,300.0274422369452,300.0274422108582,300.0274422229311,300.0274421660305,300.0274418298292,300.0274411779931,300.02744069898927,300.02744032365877,300.02744017547116,300.02743999760224,300.02743982712,300.0274398218318,300.0274398294559,300.02743985117024,300.02743983548186,300.0274399366385,300.027440004644,300.02743999575296,300.0274400827636,300.0274401409068,300.0274400502452,300.0274401489119,300.02744024242713,300.0274402761297,300.02744034267624,300.0274403434229
3.177248169415653e-06,300.027271274186,300.02727126899146,300.0272712588992,300.02727124237805,300.02727122030694,300.02727118879034,300.0272711548864,300.0272711164562,300.02727109083924,300.02727107401654,300.02727102209155,300.0272709581686,300.02727093548907,300.0272709324551,300.0272709121542,300.0272708115068,300.0272706368244,300.02727051969134,300.0272704828773,300.0272704819924,300.02727047673665,300.02727047855893,300.0272704647371,300.0272704741687,300.0272704757848,300.0272704537411,300.0272704613025,300.0272703993767,300.02727008187435,300.02726949538146,300.02726904450293,300.0272686979635,300.0272685480116,300.0272683824508,300.02726822890077,300.0272682184613,300.0272682248453,300.02726824556015,300.0272682364353,300.02726832411435,300.02726838477145,300.0272683834363,300.0272684593024,300.0272685115412,300.027268439944,300.02726852635544,300.02726860790636,300.02726864188367,300.02726870056705,300.0272687040022
3.5949729863572187e-06,300.0271142132557,300.02711420851574,300.0271141993996,300.0271141839502,300.0271141630348,300.027114133811,300.02711410185964,300.02711406671307,300.0271140426609,300.02711402477144,300.0271139768318,300.0271139197695,300.0271138972881,300.0271138928314,300.02711387106865,300.0271137761698,300.0271136191109,300.02711351015495,300.0271134737484,300.0271134714505,300.02711346687533,300.02711346801533,300.0271134560665,300.02711346326544,300.02711346388065,300.02711344504,300.02711344847694,300.0271133817137,300.0271130822765,300.02711255288654,300.02711212925533,300.0271118072171,300.0271116573576,300.0271115026388,300.02711136370516,300.02711134936555,300.02711135445026,300.02711137418567,300.02711137004826,300.02711144666443,300.0271115010861,300.0271115054638,300.02711157195574,300.02711161908417,300.0271115630554,300.0271116391953,300.0271117108766,300.0271117445676,300.0271117968871,300.02711180243335
4.054470284992941e-06,300.0269699437717,300.02696993943243,300.02696993116547,300.02696991669757,300.02696989686956,300.02696986968596,300.0269698396073,300.02696980739984,300.02696978469555,300.0269697659596,300.0269697217052,300.0269696706425,300.02696964854204,300.0269696426447,300.026969619533,300.0269695302227,300.026969388706,300.0269692875048,300.026969251511,300.02696924789916,300.02696924379427,300.02696924443063,300.0269692340233,300.026969239433,300.02696923930125,300.02696922296934,300.0269692225245,300.0269691512842,300.02696886923604,300.0269683900604,300.02696799274594,300.0269676918994,300.026967543425,300.02696739836307,300.02696727211577,300.0269672548315,300.02696725862353,300.0269672773385,300.02696727701107,300.0269673444317,300.0269673935537,300.02696740217675,300.02696746075367,300.02696750347644,300.0269674601601,300.0269675276286,300.02696759113417,300.02696762410415,300.0269676711901,300.0269676784011
4.559917313492236e-06,300.0268368689086,300.02683686492423,300.02683685739487,300.02683684383123,300.0268368250364,300.0268367996826,300.0268367714048,300.0268367418273,300.0268367202778,300.02683670091886,300.0268366600664,300.026836614271,300.02683659268797,300.0268365853445,300.02683656101703,300.02683647712297,300.02683634938387,300.0268362555226,300.0268362199895,300.0268362151441,300.0268362113402,300.02683621159747,300.0268362024737,300.0268362064535,300.0268362057559,300.02683619134626,300.0268361871658,300.02683611194516,300.0268358465771,300.0268354118033,300.0268350398145,300.0268347576093,300.026834611408,300.026834475031,300.0268343598395,300.0268343403514,300.0268343428901,300.02683436052325,300.02683436310565,300.02683442279533,300.02683446739536,300.02683447909874,300.02683453097796,300.02683456990343,300.0268345369591,300.02683459706816,300.0268346537606,300.02683468569234,300.02683472840124,300.02683473692235
5.11590904484146e-06,300.02671367306294,300.0267136693934,300.0267136625033,300.02671364977664,300.02671363196896,300.0267136082715,300.0267135817255,300.0267135544985,300.0267135339376,300.02671351417456,300.0267134764597,300.0267134353028,300.02671341432887,300.0267134055492,300.0267133801588,300.02671330149496,300.0267131860243,300.0267130990936,300.0267130640971,300.0267130580911,300.0267130544485,300.0267130544114,300.0267130463682,300.02671304920824,300.02671304806904,300.02671303507486,300.02671302724957,300.02671294864416,300.02671269922473,300.0267123039071,300.0267119561951,300.0267116906699,300.02671154734406,300.0267114188392,300.0267113133126,300.02671129220175,300.02671129354167,300.0267113100332,300.02671131482225,300.02671136794726,300.02671140866306,300.02671142252683,300.02671146873126,300.02671150437465,300.0267114798835,300.0267115337203,300.0267115846878,300.0267116153673,300.0267116543514,300.02671166389734
5.727499949325607e-06,300.0265992600548,300.02659925666484,300.0265992503262,300.0265992383776,300.02659922151577,300.02659919933257,300.02659917444885,300.0265991493186,300.0265991296088,300.0265991096495,300.02659907482763,300.02659903776294,300.0265990174484,300.02659900726167,300.0265989809777,300.02659890734515,300.0265988028418,300.02659872243777,300.02659868806984,300.0265986809756,300.02659867737714,300.0265986771014,300.0265986699764,300.0265986719101,300.0265986704086,300.02659865838166,300.0265986469798,300.0265985656479,300.0265983314347,300.0265979713323,300.02659764680055,300.0265973964481,300.0265972564047,300.0265971350763,300.02659703802135,300.0265970157463,300.0265970159484,300.02659703125096,300.0265970376856,300.0265970851883,300.0265971225374,300.026597137841,300.02659717923257,300.0265972120261,300.026597194415,300.0265972428854,300.0265972889913,300.02659731828845,300.0265973540505,300.02659736438994
6.400249944258168e-06,300.0264927071859,300.0264927040442,300.02649269817937,300.02649268695615,300.0264926710017,300.02649265021597,300.0264926269226,300.0264926036595,300.02649258469216,300.0264925647286,300.0264925325741,300.0264924991215,300.0264924794795,300.0264924679376,300.02649244094175,300.0264923721297,300.026492277463,300.0264922031887,300.0264921695484,300.02649216144266,300.0264921577891,300.026492157309,300.0264921509697,300.02649215218247,300.02649215036166,300.0264921388987,300.0264921239938,300.0264920406215,300.02649182087146,300.02649149232167,300.0264911898407,300.0264909534993,300.0264908170165,300.02649070225675,300.02649061264526,300.026490589568,300.02649058869605,300.0264906027787,300.0264906104028,300.0264906530545,300.0264906874541,300.0264907036392,300.02649074094313,300.0264907712492,300.026490759229,300.026490803088,300.0264908450156,300.02649087286494,300.02649090579837,300.0264909167432
7.1402749386839854e-06,300.02639323055865,300.0263932276372,300.02639322217817,300.02639321163235,300.02639319654907,300.0263931770644,300.02639315528586,300.0263931336834,300.0263931153776,300.0263930955822,300.0263930658864,300.0263930356192,300.02639301663254,300.02639300381117,300.02639297629287,300.02639291208106,300.0263928262611,300.0263927577289,300.0263927249156,300.0263927158818,300.026392712089,300.0263927114223,300.0263927057581,300.02639270639514,300.0263927042676,300.02639269300266,300.02639267469243,300.0263925899644,300.0263923839423,300.0263920837613,300.0263918021846,300.02639157895175,300.02639144622697,300.02639133749506,300.026391254439,300.02639123084384,300.0263912289623,300.0263912418102,300.0263912502479,300.0263912886866,300.02639132047256,300.0263913371129,300.0263913709368,300.0263913990608,300.0263913915744,300.02639143144955,300.02639146974195,300.0263914961244,300.02639152654376,300.02639153794087
7.954302432552384e-06,300.0263001585325,300.0263001558068,300.0263001506947,300.02630014078215,300.0263001265359,300.02630010827096,300.0263000879283,300.02630006780265,300.0263000501021,300.026300030626,300.0263000031946,300.02629997572996,300.0262999573582,300.0262999433567,300.02629991550765,300.02629985566927,300.0262997778232,300.026299714657,300.02629968276557,300.0262996728951,300.02629966889276,300.02629966804443,300.02629966296024,300.0262996631321,300.02629966068406,300.0262996492857,300.02629962770465,300.02629954228036,300.0262993492654,300.0262990746685,300.0262988128485,300.02629860201137,300.0262984731948,300.0262983700053,300.02629829273496,300.0262982688423,300.0262982660164,300.0262982776283,300.02629828656745,300.02629832132425,300.0262983507685,300.0262983675443,300.0262983983945,300.0262984245956,300.02629842077533,300.0262984571868,300.0262984922796,300.0262985172085,300.0262985453716,300.0262985570949
8.849732675807622e-06,300.0263001585325,300.0263001558068,300.0263001506947,300.02630014078215,300.0263001265359,300.02630010827096,300.0263000879283,300.02630006780265,300.0263000501021,300.026300030626,300.0263000031946,300.02629997572996,300.0262999573582,300.0262999433567,300.02629991550765,300.02629985566927,300.0262997778232,300.026299714657,300.02629968276557,300.0262996728951,300.02629966889276,300.02629966804443,300.02629966296024,300.0262996631321,300.02629966068406,300.0262996492857,300.02629962770465,300.02629954228036,300.0262993492654,300.0262990746685,300.0262988128485,300.02629860201137,300.0262984731948,300.0262983700053,300.02629829273496,300.0262982688423,300.0262982660164,300.0262982776283,300.02629828656745,300.02629832132425,300.0262983507685,300.0262983675443,300.0262983983945,300.0262984245956,300.02629842077533,300.0262984571868,300.0262984922796,300.0262985172085,300.0262985453716,300.0262985570949
9.834705943388386e-06,300.0263001585325,300.0263001558068,300.0263001506947,300.02630014078215,300.0263001265359,300.02630010827096,300.0263000879283,300.02630006780265,300.0263000501021,300.026300030626,300.0263000031946,300.02629997572996,300.0262999573582,300.0262999433567,300.02629991550765,300.02629985566927,300.0262997778232,300.026299714657,300.02629968276557,300.0262996728951,300.02629966889276,300.02629966804443,300.02629966296024,300.0262996631321,300.02629966068406,300.0262996492857,300.02629962770465,300.02629954228036,300.0262993492654,300.0262990746685,300.0262988128485,300.02629860201137,300.0262984731948,300.0262983700053,300.02629829273496,300.0262982688423,300.0262982660164,300.0262982776283,300.02629828656745,300.02629832132425,300.0262983507685,300.0262983675443,300.0262983983945,300.0262984245956,300.02629842077533,300.0262984571868,300.0262984922796,300.0262985172085,300.0262985453716,300.0262985570949
1.0918176537727226e-05,300.0263001585325,300.0263001558068,300.0263001506947,300.02630014078215,300.0263001265359,300.02630010827096,300.0263000879283,300.02630006780265,300.0263000501021,300.026300030626,300.0263000031946,300.02629997572996,300.0262999573582,300.0262999433567,300.02629991550765,300.02629985566927,300.0262997778232,300.026299714657,300.02629968276557,300.0262996728951,300.02629966889276,300.02629966804443,300.02629966296024,300.0262996631321,300.02629966068406,300.0262996492857,300.02629962770465,300.02629954228036,300.0262993492654,300.0262990746685,300.0262988128485,300.02629860201137,300.0262984731948,300.0262983700053,300.02629829273496,300.0262982688423,300.0262982660164,300.0262982776283,300.02629828656745,300.02629832132425,300.0262983507685,300.0262983675443,300.0262983983945,300.0262984245956,300.02629842077533,300.0262984571868,300.0262984922796,300.0262985172085,300.0262985453716,300.0262985570949
1.210999419149995e-05,300.0263001585325,300.0263001558068,300.0263001506947,300.02630014078215,300.0263001265359,300.02630010827096,300.0263000879283,300.02630006780265,300.0263000501021,300.026300030626,300.0263000031946,300.02629997572996,300.0262999573582,300.0262999433567,300.02629991550765,300.02629985566927,300.0262997778232,300.026299714657,300.02629968276557,300.0262996728951,300.02629966889276,300.02629966804443,300.02629966296024,300.0262996631321,300.02629966068406,300.0262996492857,300.02629962770465,300.02629954228036,300.0262993492654,300.0262990746685,300.0262988128485,300.02629860201137,300.0262984731948,300.0262983700053,300.02629829273496,300.0262982688423,300.0262982660164,300.0262982776283,300.02629828656745,300.02629832132425,300.0262983507685,300.0262983675443,300.0262983983945,300.0262984245956,300.02629842077533,300.0262984571868,300.0262984922796,300.0262985172085,300.0262985453716,300.0262985570949
1.3420993610649945e-05,300.0263001585325,300.0263001558068,300.0263001506947,300.02630014078215,300.0263001265359,300.02630010827096,300.0263000879283,300.02630006780265,300.0263000501021,300.026300030626,300.0263000031946,300.02629997572996,300.0262999573582,300.0262999433567,300.02629991550765,300.02629985566927,300.0262997778232,300.026299714657,300.02629968276557,300.0262996728951,300.02629966889276,300.02629966804443,300.02629966296024,300.0262996631321,300.02629966068406,300.0262996492857,300.02629962770465,300.02629954228036,300.0262993492654,300.0262990746685,300.0262988128485,300.02629860201137,300.0262984731948,300.0262983700053,300.02629829273496,300.0262982688423,300.0262982660164,300.0262982776283,300.02629828656745,300.02629832132425,300.0262983507685,300.0262983675443,300.0262983983945,300.0262984245956,300.02629842077533,300.0262984571868,300.0262984922796,300.0262985172085,300.0262985453716,300.0262985570949
1.486309297171494e-05,300.0263001585325,300.0263001558068,300.0263001506947,300.02630014078215,300.0263001265359,300.02630010827096,300.0263000879283,300.02630006780265,300.0263000501021,300.026300030626,300.0263000031946,300.02629997572996,300.0262999573582,300.0262999433567,300.02629991550765,300.02629985566927,300.0262997778232,300.026299714657,300.02629968276557,300.0262996728951,300.02629966889276,300.02629966804443,300.02629966296024,300.0262996631321,300.02629966068406,300.0262996492857,300.02629962770465,300.02629954228036,300.0262993492654,300.0262990746685,300.0262988128485,300.02629860201137,300.0262984731948,300.0262983700053,300.02629829273496,300.0262982688423,300.0262982660164,300.0262982776283,300.02629828656745,300.02629832132425,300.0262983507685,300.0262983675443,300.0262983983945,300.0262984245956,300.02629842077533,300.0262984571868,300.0262984922796,300.0262985172085,300.0262985453716,300.0262985570949
1.6449402268886436e-05,300.0263001585325,300.0263001558068,300.0263001506947,300.02630014078215,300.0263001265359,300.02630010827096,300.0263000879283,300.02630006780265,300.0263000501021,300.026300030626,300.0263000031946,300.02629997572996,300.0262999573582,300.0262999433567,300.02629991550765,300.02629985566927,300.0262997778232,300.026299714657,300.02629968276557,300.0262996728951,300.02629966889276,300.02629966804443,300.02629966296024,300.0262996631321,300.02629966068406,300.0262996492857,300.02629962770465,300.02629954228036,300.0262993492654,300.0262990746685,300.0262988128485,300.02629860201137,300.0262984731948,300.0262983700053,300.02629829273496,300.0262982688423,300.0262982660164,300.0262982776283,300.02629828656745,300.02629832132425,300.0262983507685,300.0262983675443,300.0262983983945,300.0262984245956,300.02629842077533,300.0262984571868,300.0262984922796,300.0262985172085,300.0262985453716,300.0262985570949
1.819434249577508e-05,300.0263001585325,300.0263001558068,300.0263001506947,300.02630014078215,300.0263001265359,300.02630010827096,300.0263000879283,300.02630006780265,300.0263000501021,300.026300030626,300.0263000031946,300.02629997572996,300.0262999573582,300.0262999433567,300.02629991550765,300.02629985566927,300.0262997778232,300.026299714657,300.02629968276557,300.0262996728951,300.02629966889276,300.02629966804443,300.02629966296024,300.0262996631321,300.02629966068406,300.0262996492857,300.02629962770465,300.02629954228036,300.0262993492654,300.0262990746685,300.0262988128485,300.02629860201137,300.0262984731948,300.0262983700053,300.02629829273496,300.0262982688423,300.0262982660164,300.0262982776283,300.02629828656745,300.02629832132425,300.0262983507685,300.0262983675443,300.0262983983945,300.0262984245956,300.02629842077533,300.0262984571868,300.0262984922796,300.0262985172085,300.0262985453716,300.0262985570949
2.011377674535259e-05,300.0263001585325,300.0263001558068,300.0263001506947,300.02630014078215,300.0263001265359,300.02630010827096,300.0263000879283,300.02630006780265,300.0263000501021,300.026300030626,300.0263000031946,300.02629997572996,300.0262999573582,300.0262999433567,300.02629991550765,300.02629985566927,300.0262997778232,300.026299714657,300.02629968276557,300.0262996728951,300.02629966889276,300.02629966804443,300.02629966296024,300.0262996631321,300.02629966068406,300.0262996492857,300.02629962770465,300.02629954228036,300.0262993492654,300.0262990746685,300.0262988128485,300.02629860201137,300.0262984731948,300.0262983700053,300.02629829273496,300.0262982688423,300.0262982660164,300.0262982776283,300.02629828656745,300.02629832132425,300.0262983507685,300.0262983675443,300.0262983983945,300.0262984245956,300.02629842077533,300.0262984571868,300.0262984922796,300.0262985172085,300.0262985453716,300.0262985570949
2.222515441988785e-05,300.0263001585325,300.0263001558068,300.0263001506947,300.02630014078215,300.0263001265359,300.02630010827096,300.0263000879283,300.02630006780265,300.0263000501021,300.026300030626,300.0263000031946,300.02629997572996,300.0262999573582,300.0262999433567,300.02629991550765,300.02629985566927,300.0262997778232,300.026299714657,300.02629968276557,300.0262996728951,300.02629966889276,300.02629966804443,300.02629966296024,300.0262996631321,300.02629966068406,300.0262996492857,300.02629962770465,300.02629954228036,300.0262993492654,300.0262990746685,300.0262988128485,300.02629860201137,300.0262984731948,300.0262983700053,300.02629829273496,300.0262982688423,300.0262982660164,300.0262982776283,300.02629828656745,300.02629832132425,300.0262983507685,300.0262983675443,300.0262983983945,300.0262984245956,300.02629842077533,300.0262984571868,300.0262984922796,300.0262985172085,300.0262985453716,300.0262985570949
2.4547669861876638e-05,300.0263001585325,300.0263001558068,300.0263001506947,300.02630014078215,300.0263001265359,300.02630010827096,300.0263000879283,300.02630006780265,300.0263000501021,300.026300030626,300.0263000031946,300.02629997572996,300.0262999573582,300.0262999433567,300.02629991550765,300.02629985566927,300.0262997778232,300.026299714657,300.02629968276557,300.0262996728951,300.02629966889276,300.02629966804443,300.02629966296024,300.0262996631321,300.02629966068406,300.0262996492857,300.02629962770465,300.02629954228036,300.0262993492654,300.0262990746685,300.0262988128485,300.02629860201137,300.0262984731948,300.0262983700053,300.02629829273496,300.0262982688423,300.0262982660164,300.0262982776283,300.02629828656745,300.02629832132425,300.0262983507685,300.0262983675443,300.0262983983945,300.0262984245956,300.02629842077533,300.0262984571868,300.0262984922796,300.0262985172085,300.0262985453716,300.0262985570949
2.7102436848064303e-05,300.0263001585325,300.0263001558068,300.0263001506947,300.02630014078215,300.0263001265359,300.02630010827096,300.0263000879283,300.02630006780265,300.0263000501021,300.026300030626,300.0263000031946,300.02629997572996,300.0262999573582,300.0262999433567,300.02629991550765,300.02629985566927,300.0262997778232,300.026299714657,300.02629968276557,300.0262996728951,300.02629966889276,300.02629966804443,300.02629966296024,300.0262996631321,300.02629966068406,300.0262996492857,300.02629962770465,300.02629954228036,300.0262993492654,300.0262990746685,300.0262988128485,300.02629860201137,300.0262984731948,300.0262983700053,300.02629829273496,300.0262982688423,300.0262982660164,300.0262982776283,300.02629828656745,300.02629832132425,300.0262983507685,300.0262983675443,300.0262983983945,300.0262984245956,300.02629842077533,300.0262984571868,300.0262984922796,300.0262985172085,300.0262985453716,300.0262985570949
2.9912680532870735e-05,300.0263001585325,300.0263001558068,300.0263001506947,300.02630014078215,300.0263001265359,300.02630010827096,300.0263000879283,300.02630006780265,300.0263000501021,300.026300030626,300.0263000031946,300.02629997572996,300.0262999573582,300.0262999433567,300.02629991550765,300.02629985566927,300.0262997778232,300.026299714657,300.02629968276557,300.0262996728951,300.02629966889276,300.02629966804443,300.02629966296024,300.0262996631321,300.02629966068406,300.0262996492857,300.02629962770465,300.02629954228036,300.0262993492654,300.0262990746685,300.0262988128485,300.02629860201137,300.0262984731948,300.0262983700053,300.02629829273496,300.0262982688423,300.0262982660164,300.0262982776283,300.02629828656745,300.02629832132425,300.0262983507685,300.0262983675443,300.0262983983945,300.0262984245956,300.02629842077533,300.0262984571868,300.0262984922796,300.0262985172085,300.0262985453716,300.0262985570949
3.300394858615781e-05,300.0263001585325,300.0263001558068,300.0263001506947,300.02630014078215,300.0263001265359,300.02630010827096,300.0263000879283,300.02630006780265,300.0263000501021,300.026300030626,300.0263000031946,300.02629997572996,300.0262999573582,300.0262999433567,300.02629991550765,300.02629985566927,300.0262997778232,300.026299714657,300.02629968276557,300.0262996728951,300.02629966889276,300.02629966804443,300.02629966296024,300.0262996631321,300.02629966068406,300.0262996492857,300.02629962770465,300.02629954228036,300.0262993492654,300.0262990746685,300.0262988128485,300.02629860201137,300.0262984731948,300.0262983700053,300.02629829273496,300.0262982688423,300.0262982660164,300.0262982776283,300.02629828656745,300.02629832132425,300.0262983507685,300.0262983675443,300.0262983983945,300.0262984245956,300.02629842077533,300.0262984571868,300.0262984922796,300.0262985172085,300.0262985453716,300.0262985570949
3.6404343444773596e-05,300.0263001585325,300.0263001558068,300.0263001506947,300.02630014078215,300.0263001265359,300.02630010827096,300.0263000879283,300.02630006780265,300.0263000501021,300.026300030626,300.0263000031946,300.02629997572996,300.0262999573582,300.0262999433567,300.02629991550765,300.02629985566927,300.0262997778232,300.026299714657,300.02629968276557,300.0262996728951,300.02629966889276,300.02629966804443,300.02629966296024,300.0262996631321,300.02629966068406,300.0262996492857,300.02629962770465,300.02629954228036,300.0262993492654,300.0262990746685,300.0262988128485,300.02629860201137,300.0262984731948,300.0262983700053,300.02629829273496,300.0262982688423,300.0262982660164,300.0262982776283,300.02629828656745,300.02629832132425,300.0262983507685,300.0262983675443,300.0262983983945,300.0262984245956,300.02629842077533,300.0262984571868,300.0262984922796,300.0262985172085,300.0262985453716,300.0262985570949
4.014477778925096e-05,300.0263001585325,300.0263001558068,300.0263001506947,300.02630014078215,300.0263001265359,300.02630010827096,300.0263000879283,300.02630006780265,300.0263000501021,300.026300030626,300.0263000031946,300.02629997572996,300.0262999573582,300.0262999433567,300.02629991550765,300.02629985566927,300.0262997778232,300.026299714657,300.02629968276557,300.0262996728951,300.02629966889276,300.02629966804443,300.02629966296024,300.0262996631321,300.02629966068406,300.0262996492857,300.02629962770465,300.02629954228036,300.0262993492654,300.0262990746685,300.0262988128485,300.02629860201137,300.0262984731948,300.0262983700053,300.02629829273496,300.0262982688423,300.0262982660164,300.0262982776283,300.02629828656745,300.02629832132425,300.0262983507685,300.0262983675443,300.0262983983945,300.0262984245956,300.02629842077533,300.0262984571868,300.0262984922796,300.0262985172085,300.0262985453716,300.0262985570949
4.425925556817606e-05,300.0263001585325,300.0263001558068,300.0263001506947,300.02630014078215,300.0263001265359,300.02630010827096,300.0263000879283,300.02630006780265,300.0263000501021,300.026300030626,300.0263000031946,300.02629997572996,300.0262999573582,300.0262999433567,300.02629991550765,300.02629985566927,300.0262997778232,300.026299714657,300.02629968276557,300.0262996728951,300.02629966889276,300.02629966804443,300.02629966296024,300.0262996631321,300.02629966068406,300.0262996492857,300.02629962770465,300.02629954228036,300.0262993492654,300.0262990746685,300.0262988128485,300.02629860201137,300.0262984731948,300.0262983700053,300.02629829273496,300.0262982688423,300.0262982660164,300.0262982776283,300.02629828656745,300.02629832132425,300.0262983507685,300.0262983675443,300.0262983983945,300.0262984245956,300.02629842077533,300.0262984571868,300.0262984922796,300.0262985172085,300.0262985453716,300.0262985570949
4.8785181124993674e-05,300.0263001585325,300.0263001558068,300.0263001506947,300.02630014078215,300.0263001265359,300.02630010827096,300.0263000879283,300.02630006780265,300.0263000501021,300.026300030626,300.0263000031946,300.02629997572996,300.0262999573582,300.0262999433567,300.02629991550765,300.02629985566927,300.0262997778232,300.026299714657,300.02629968276557,300.0262996728951,300.02629966889276,300.02629966804443,300.02629966296024,300.0262996631321,300.02629966068406,300.0262996492857,300.02629962770465,300.02629954228036,300.0262993492654,300.0262990746685,300.0262988128485,300.02629860201137,300.0262984731948,300.0262983700053,300.02629829273496,300.0262982688423,300.0262982660164,300.0262982776283,300.02629828656745,300.02629832132425,300.0262983507685,300.0262983675443,300.0262983983945,300.0262984245956,300.02629842077533,300.0262984571868,300.0262984922796,300.0262985172085,300.0262985453716,300.0262985570949
5.376369923749304e-05,300.0263001585325,300.0263001558068,300.0263001506947,300.02630014078215,300.0263001265359,300.02630010827096,300.0263000879283,300.02630006780265,300.0263000501021,300.026300030626,300.0263000031946,300.02629997572996,300.0262999573582,300.0262999433567,300.02629991550765,300.02629985566927,300.0262997778232,300.026299714657,300.02629968276557,300.0262996728951,300.02629966889276,300.02629966804443,300.02629966296024,300.0262996631321,300.02629966068406,300.0262996492857,300.02629962770465,300.02629954228036,300.0262993492654,300.0262990746685,300.0262988128485,300.02629860201137,300.0262984731948,300.0262983700053,300.02629829273496,300.0262982688423,300.0262982660164,300.0262982776283,300.02629828656745,300.02629832132425,300.0262983507685,300.0262983675443,300.0262983983945,300.0262984245956,300.02629842077533,300.0262984571868,300.0262984922796,300.0262985172085,300.0262985453716,300.0262985570949
5.876369923749304e-05,300.0263001585325,300.0263001558068,300.0263001506947,300.02630014078215,300.0263001265359,300.02630010827096,300.0263000879283,300.02630006780265,300.0263000501021,300.026300030626,300.0263000031946,300.02629997572996,300.0262999573582,300.0262999433567,300.02629991550765,300.02629985566927,300.0262997778232,300.026299714657,300.02629968276557,300.0262996728951,300.02629966889276,300.02629966804443,300.02629966296024,300.0262996631321,300.02629966068406,300.0262996492857,300.02629962770465,300.02629954228036,300.0262993492654,300.0262990746685,300.0262988128485,300.02629860201137,300.0262984731948,300.0262983700053,300.02629829273496,300.0262982688423,300.0262982660164,300.0262982776283,300.02629828656745,300.02629832132425,300.0262983507685,300.0262983675443,300.0262983983945,300.0262984245956,300.02629842077533,300.0262984571868,300.0262984922796,300.0262985172085,300.0262985453716,300.0262985570949
6.376369923749304e-05,300.0263001585325,300.0263001558068,300.0263001506947,300.02630014078215,300.0263001265359,300.02630010827096,300.0263000879283,300.02630006780265,300.0263000501021,300.026300030626,300.0263000031946,300.02629997572996,300.0262999573582,300.0262999433567,300.02629991550765,300.02629985566927,300.0262997778232,300.026299714657,300.02629968276557,300.0262996728951,300.02629966889276,300.02629966804443,300.02629966296024,300.0262996631321,300.02629966068406,300.0262996492857,300.02629962770465,300.02629954228036,300.0262993492654,300.0262990746685,300.0262988128485,300.02629860201137,300.0262984731948,300.0262983700053,300.02629829273496,300.0262982688423,300.0262982660164,300.0262982776283,300.02629828656745,300.02629832132425,300.0262983507685,300.0262983675443,300.0262983983945,300.0262984245956,300.02629842077533,300.0262984571868,300.0262984922796,300.0262985172085,300.0262985453716,300.0262985570949
6.876369923749304e-05,300.0263001585325,300.0263001558068,300.0263001506947,300.02630014078215,300.0263001265359,300.02630010827096,300.0263000879283,300.02630006780265,300.0263000501021,300.026300030626,300.0263000031946,300.02629997572996,300.0262999573582,300.0262999433567,300.02629991550765,300.02629985566927,300.0262997778232,300.026299714657,300.02629968276557,300.0262996728951,300.02629966889276,300.02629966804443,300.02629966296024,300.0262996631321,300.02629966068406,300.0262996492857,300.02629962770465,300.02629954228036,300.0262993492654,300.0262990746685,300.0262988128485,300.02629860201137,300.0262984731948,300.0262983700053,300.02629829273496,300.0262982688423,300.0262982660164,300.0262982776283,300.02629828656745,300.02629832132425,300.0262983507685,300.0262983675443,300.0262983983945,300.0262984245956,300.02629842077533,300.0262984571868,300.0262984922796,300.0262985172085,300.0262985453716,300.0262985570949
7.376369923749304e-05,300.0263001585325,300.0263001558068,300.0263001506947,300.02630014078215,300.0263001265359,300.02630010827096,300.0263000879283,300.02630006780265,300.0263000501021,300.026300030626,300.0263000031946,300.02629997572996,300.0262999573582,300.0262999433567,300.02629991550765,300.02629985566927,300.0262997778232,300.026299714657,300.02629968276557,300.0262996728951,300.02629966889276,300.02629966804443,300.02629966296024,300.0262996631321,300.02629966068406,300.0262996492857,300.02629962770465,300.02629954228036,300.0262993492654,300.0262990746685,300.0262988128485,300.02629860201137,300.0262984731948,300.0262983700053,300.02629829273496,300.0262982688423,300.0262982660164,300.0262982776283,300.02629828656745,300.02629832132425,300.0262983507685,300.0262983675443,300.0262983983945,300.0262984245956,300.02629842077533,300.0262984571868,300.0262984922796,300.0262985172085,300.0262985453716,300.0262985570949
7.876369923749304e-05,300.0263001585325,300.0263001558068,300.0263001506947,300.02630014078215,300.0263001265359,300.02630010827096,300.0263000879283,300.02630006780265,300.0263000501021,300.026300030626,300.0263000031946,300.02629997572996,300.0262999573582,300.0262999433567,300.02629991550765,300.02629985566927,300.0262997778232,300.026299714657,300.02629968276557,300.0262996728951,300.02629966889276,300.02629966804443,300.02629966296024,300.0262996631321,300.02629966068406,300.0262996492857,300.02629962770465,300.02629954228036,300.0262993492654,300.0262990746685,300.0262988128485,300.02629860201137,300.0262984731948,300.0262983700053,300.02629829273496,300.0262982688423,300.0262982660164,300.0262982776283,300.02629828656745,300.02629832132425,300.0262983507685,300.0262983675443,300.0262983983945,300.0262984245956,300.02629842077533,300.0262984571868,300.0262984922796,300.0262985172085,300.0262985453716,300.0262985570949
8.376369923749304e-05,300.0263001585325,300.0263001558068,300.0263001506947,300.02630014078215,300.0263001265359,300.02630010827096,300.0263000879283,300.02630006780265,300.0263000501021,300.026300030626,300.0263000031946,300.02629997572996,300.0262999573582,300.0262999433567,300.02629991550765,300.02629985566927,300.0262997778232,300.026299714657,300.02629968276557,300.0262996728951,300.02629966889276,300.02629966804443,300.02629966296024,300.0262996631321,300.02629966068406,300.0262996492857,300.02629962770465,300.02629954228036,300.0262993492654,300.0262990746685,300.0262988128485,300.02629860201137,300.0262984731948,300.0262983700053,300.02629829273496,300.0262982688423,300.0262982660164,300.0262982776283,300.02629828656745,300.02629832132425,300.0262983507685,300.0262983675443,300.0262983983945,300.0262984245956,300.02629842077533,300.0262984571868,300.0262984922796,300.0262985172085,300.0262985453716,300.0262985570949
8.876369923749304e-05,300.0263001585325,300.0263001558068,300.0263001506947,300.02630014078215,300.0263001265359,300.02630010827096,300.0263000879283,300.02630006780265,300.0263000501021,300.026300030626,300.0263000031946,300.02629997572996,300.0262999573582,300.0262999433567,300.02629991550765,300.02629985566927,300.0262997778232,300.026299714657,300.02629968276557,300.0262996728951,300.02629966889276,300.02629966804443,300.02629966296024,300.0262996631321,300.02629966068406,300.0262996492857,300.02629962770465,300.02629954228036,300.0262993492654,300.0262990746685,300.0262988128485,300.02629860201137,300.0262984731948,300.0262983700053,300.02629829273496,300.0262982688423,300.0262982660164,300.0262982776283,300.02629828656745,300.02629832132425,300.0262983507685,300.0262983675443,300.0262983983945,300.0262984245956,300.02629842077533,300.0262984571868,300.0262984922796,300.0262985172085,300.0262985453716,300.0262985570949
9.376369923749304e-05,300.0263001585325,300.0263001558068,300.0263001506947,300.02630014078215,300.0263001265359,300.02630010827096,300.0263000879283,300.02630006780265,300.0263000501021,300.026300030626,300.0263000031946,300.02629997572996,300.0262999573582,300.0262999433567,300.02629991550765,300.02629985566927,300.0262997778232,300.026299714657,300.02629968276557,300.0262996728951,300.02629966889276,300.02629966804443,300.02629966296024,300.0262996631321,300.02629966068406,300.0262996492857,300.02629962770465,300.02629954228036,300.0262993492654,300.0262990746685,300.0262988128485,300.02629860201137,300.0262984731948,300.0262983700053,300.02629829273496,300.0262982688423,300.0262982660164,300.0262982776283,300.02629828656745,300.02629832132425,300.0262983507685,300.0262983675443,300.0262983983945,300.0262984245956,300.02629842077533,300.0262984571868,300.0262984922796,300.0262985172085,300.0262985453716,300.0262985570949
9.876369923749304e-05,300.5637912965993,300.56240032345806,300.55824602613905,300.55139347274485,300.5419477674137,300.53005246992035,300.51588556610346,300.49965548492065,300.48159535572165,300.46195831823366,300.4410111382219,300.4190274221861,300.3962843318819,300.3730537969527,300.3495983582579,300.32616869466614,300.30299532273585,300.2802896213439,300.25823811456536,300.2370021417515,300.21671727589484,300.19749035354454,300.179405177586,300.16251626562973,300.14685871394397,300.1324444898927,300.1192630889338,300.1072918511901,300.0964904040631,300.0868075093031,300.07818267312354,300.07055027762806,300.0638354361932,300.0579667015532,300.0528685506717,300.04846546873335,300.0446864156284,300.0414620620082,300.0387273378809,300.03642112585385,300.03448792934904,300.03287692522304,300.03154191222075,300.0304420883904,300.02954136660304,300.02880750523326,300.0282132616014,300.0277347669411,300.0273515947319,300.027046501407
0.00010376369923749304,347.2369078251421,347.1146419099364,346.74948417410883,346.14716994909844,345.31696157596343,344.2715082625209,343.02649003834466,341.60026462051354,340.01335965978217,338.28805935629237,336.4478388074836,334.51676451942626,332.51921050960397,330.4790773553435,328.41943314738194,326.36229319654717,324.3278899491334,322.3347694801422,320.3992844748085,318.5355755447122,316.7555161152587,315.068453746842,313.4817160794121,312.0000567024776,310.62652950682593,309.3621599175833,308.20600388741815,307.15605673930025,306.20876142728656,305.3596074274006,304.6032723631277,303.9339884471741,303.34517946612027,302.8305746060134,302.38354644892036,301.99746921195333,301.6661117758465,301.38339362183416,301.14360857403415,300.94139597707897,300.7718902581954,300.63063516681893,300.5135785544261,300.4171434474332,300.3381667892168,300.27381864341567,300.2217121340216,300.17975494422507,300.14615550903403,300.11940285963647
0.00010876369923749304,368.73793385284563,368.5601425118768,368.02928257794787,367.1536220865802,365.94663246173,364.42669425256815,362.6166011752233,360.54301690578257,358.2357921254847,355.7272872876928,353.05160385604256,350.24376730431095,347.33910683626937,344.3723815505515,341.3771487836151,338.3853169610775,335.4263624583703,332.5271650524999,329.71152398240605,327.000001650223,324.40980711525225,321.9546692317757,319.6451061622321,317.48825029571464,315.4884087121897,313.6470611451081,311.9630798401359,310.4333979467238,309.0529543136228,307.81523763175414,306.71255341435295,305.736433966931,304.87758375263377,304.1266736658784,303.4741313560088,302.91043536079246,302.4264507113232,302.01336695650247,301.6628732250178,301.3672223098866,301.11928912771475,300.9125858949673,300.7412356031832,300.6000111685135,300.4842909563319,300.38998258880787,300.3135777438297,300.2520238886957,300.2027096159768,300.1634243815453
0.00011376369923749304,384.774740371845,384.55570840742223,383.90178239328543,382.82310802314447,381.3362711781773,379.46389666626396,377.23404721273073,374.67954231905776,371.8371321226133,368.7466474403785,365.4500608677399,361.990503135646,358.4114398934794,354.7556672942246,351.0645127842601,347.37723085379093,343.73014149363286,340.15633191824907,336.68512421230145,333.34185625232686,330.1477309591935,327.1197147951673,324.27075979872086,321.6097399743803,319.1419629349543,316.8692886690086,314.7904290612525,312.9016070159022,311.19665761744704,309.66760652323313,308.30502163959363,307.0984749023357,306.03661354695066,305.10791008257627,304.3006033301124,303.60300472391344,303.00384635898206,302.4922827447416,302.05807297202534,301.69167679546996,301.3842984643845,301.1279316832239,300.9153292659872,300.7400324395164,300.596327468389,300.4791671691233,300.38420444581396,300.3076638226283,300.2463143569844,300.1974174837377
0.00011876369923749304,398.07647831180924,397.82338859892224,397.0678301753162,395.82149892279955,394.1035427915884,391.9400812467923,389.3635157115989,386.4117353659432,383.1271712854668,379.5558071393922,375.74609824873437,371.7478486329499,367.6112301057168,363.38565943183835,359.11886763040735,354.856168918765,350.63952711240654,346.5071573385943,342.49294434411587,338.6261770654424,334.931372066413,331.4281797606602,328.1315884545694,325.0519240373063,322.19535208243207,319.5640741373782,317.15668678412516,314.96886004391206,312.99353934157,311.2215642851241,309.6420880233826,308.24308591511215,307.01151138712726,305.93404321026145,304.9971196314201,304.1872635747655,303.4914522173096,302.89715844416014,302.392546198648,301.9665878861591,301.6091045967245,301.31082907233,301.0633734307665,300.8592540003083,300.69184672235275,300.5553056341358,300.44458309614987,300.3552981850073,300.28370006569287,300.2266067598994
0.00012376369923749304,409.6607181581076,409.378098847126,408.5344185351655,407.1427164310631,405.22435437921195,402.80847277078726,399.93122378484924,396.63487993897456,392.96678383685855,388.97823909618944,384.7233065135673,380.25755984111214,375.636972435171,370.91668783547755,366.1499780413252,361.3874047126569,356.6758194131541,352.0578833802259,347.5714398557236,343.2492102748243,339.1185959349558,335.20158640525034,331.5149548583816,328.07030239666307,324.874562347419,321.93025527973776,319.2358973837931,316.78670448641725,314.5748710803223,312.5902280227899,310.8207196536592,309.2529542310216,307.87242603391354,306.6642726125685,305.6133780365294,304.7047178441561,303.92375150462544,303.25649370633255,302.68972382326126,302.21112028031365,301.80930078502655,301.47389877679507,301.1955300556523,300.96581520447984,300.7773333569175,300.62353770589914,300.4987659265642,300.39810476860197,300.31734553417954,300.2529152831061
0.00012876369923749305,420.0369182459011,419.7279651762163,418.8056978952866,417.2843522831752,415.18725851437347,412.54624301325595,409.4007930415785,405.7970791958869,401.7868116846957,397.4260250476057,392.77376525732666,387.89073730417516,382.83807609957694,377.6760203284994,372.462773321272,367.2535700005312,362.09961586429097,357.04753645594303,352.1387073960243,347.4089170688163,342.8881490137679,338.6004902035915,334.5643216345091,330.7923973055776,327.29235527872623,324.06702063589796,321.11485653644905,318.43069503943076,316.0060795801879,313.829959063839,311.8892158721818,310.1692538781367,308.65427613290143,307.3280569646043,306.1741010913652,305.17600792941283,304.31788657834375,303.58445153345616,302.96124613200226,302.43479145320293,301.99262817862507,301.6234041670209,301.31684050263254,301.0637525778162,300.8560022398412,300.68641055100363,300.5487604088175,300.43765726578704,300.3484778103972,300.27729461404573
0.00013376369923749306,429.5028906649872,429.1700190455256,428.1763705779815,426.5372664760016,424.27781974746995,421.4322895302234,418.04318366797133,414.16020358881315,409.8390154662468,405.1399389354667,400.1265356388434,394.86415866317446,389.4186198650379,383.8547751127445,378.2352977195852,372.61966124905905,367.06302143901115,361.6156036208155,356.32199375323836,351.22077104489483,346.34427281106184,341.71850148735393,337.36331245791604,333.292521397992,329.51442406386366,326.0321400312806,322.8441016011929,319.94481103738264,317.32523743191814,314.9735446839404,312.87566522403,311.015922216193,309.377355691664,307.9425114955551,306.6936477780745,305.6131179329846,304.683807294274,303.8892498233994,303.2138651145633,302.6431202583642,302.1635741785567,301.7629749009169,301.43022537783395,301.1554039055641,300.9297147800065,300.745398564904,300.5957282282299,300.4748661091901,300.377806602963,300.3002949886603
0.00013876369923749307,438.2505250519795,437.8956459703352,436.83631806347546,435.08885944584404,432.68001921352317,429.6462886909303,426.03294726734686,421.8929362914312,417.28555182043544,412.27504540292466,406.92912236942857,401.3174011570794,395.5099864719012,389.5759726907347,383.5821375981451,377.5918489489808,371.6638930116301,365.8518061578154,360.2031297450592,354.75901530349756,349.5539731926338,344.6157777307212,339.9656533373488,335.618405879168,331.58295200893247,327.86269850634824,324.4560652860606,321.3572681050774,318.55676325260265,316.04200712155324,313.79807156039635,311.80829746597203,310.05466415795047,308.5185959170056,307.1812099027898,306.02371691554,305.02787889677853,304.1761441791294,303.45189756355455,302.8396340295774,302.32500603720064,301.89492953186925,301.5375498123404,301.2422617546844,300.9996591394939,300.8014426781355,300.6404106144183,300.51031212441023,300.4057846255247,300.32226736268
0.0001437636992374931,446.41205440653357,446.0367307880342,444.91638648836965,443.06826399078903,440.52062848447434,437.31203947192057,433.49034413974425,429.11148565688995,424.23812306696595,418.9381507329542,413.2831131412583,407.346580735447,401.2026365025681,394.9243032713969,388.582164018144,382.2431985598677,375.96956197062053,369.8178652504023,363.8383965027863,358.07470079871655,352.56331371688646,347.3336642204798,342.4082597292006,337.80283825104533,333.5269075258003,329.5841560054693,325.97300693537625,322.687425399633,319.71740580549294,317.0497609933874,314.66877586957276,312.55689003673785,310.69510639073536,309.06381538598106,307.6430799427312,306.41305323430976,305.35445609991046,304.44872906115387,303.67829498804986,303.0267438096883,302.4788830811215,302.0208520393702,301.64008772542957,301.3253453685586,301.0666465524,300.8551852325163,300.68331352775914,300.54439175761394,300.43272087734704,300.34345129142787
0.0001487636992374931,454.083204865734,453.6887470494796,452.5112958541881,450.5689571947829,447.89141176655295,444.51914976676943,440.5024153359138,435.8999537416456,430.77756312016595,425.20653810718966,419.26200681311764,413.02122874926994,406.5620011311839,399.96101500475066,393.29240734140507,386.6265331412313,380.0286966203238,373.55838496406903,367.26845791913496,361.2047040899039,355.4055602755479,349.90201186301294,344.7177771885234,339.8694779737675,335.36718823335866,331.2148737406169,327.41097466009666,323.9492357610433,320.8192326870334,318.0071887684244,315.4966641275523,313.2692653323581,311.3050899869406,309.5835685475818,308.0837827612485,306.7848997214649,305.666668352065,304.70958679197065,303.8951771930799,303.2061807612365,302.6266117789626,302.14187919812144,301.73875318898195,301.4053859618323,301.1312589345829,300.9070869562117,300.7247998644104,300.57738936556945,300.4588370142067,300.3640186461538
0.00015376369923749311,461.3359395745559,460.9234676141816,459.69225133833595,457.66120793216544,454.86134763797145,451.3349738665266,447.13458169044554,442.32154771434796,436.96461771792866,431.1382791884198,424.92102529194915,418.3935796855969,411.63722787120327,404.73210644363996,397.75569142278056,390.7815102319753,383.87782825360995,377.10683901989404,370.52382407450017,364.1766871960194,358.1056603199455,352.3432012986766,346.9141777637067,341.83605388701034,337.11944885197204,332.76860221967104,328.78198296807597,325.1531417281151,321.87127254721815,318.9220557581407,316.28838015383457,313.95107791343037,311.8894025147167,310.08188775935423,308.5066969565193,307.1420725400736,305.9668508418166,304.9606437174981,304.10412505208205,303.37923558226385,302.76924049875447,302.25885817457186,301.83422728678073,301.48292829976265,301.193929788308,300.9574910637476,300.76513997129564,300.6095168105179,300.48429821579964,300.3840975451188
0.00015876369923749313,468.22599648946726,467.7964827518281,466.5144026137657,464.39943920809225,461.48385772623624,457.81167284846526,453.437503845782,448.4252104089854,442.84631972877366,436.77833201557144,430.3029156488274,423.5040630500951,416.46635168467174,409.27317021280516,402.00514691235156,394.73880537596403,387.54520877491785,380.48910935181124,373.6280801934312,367.0120286766003,360.6828896673217,354.6745205510284,349.01288471644574,343.7162530222775,338.79577154471406,334.2559506779842,330.0952987256915,326.30719506548627,322.8804846420705,319.80034540970746,317.0490414885086,314.6066818227638,312.4517291531882,310.56187582354727,308.9144214057517,307.4867372210674,306.25679868036207,305.2033802184639,304.30635311418894,303.54689963348164,302.90757429128604,302.3724393932649,301.927032855166,301.55839053395607,301.2549918507042,301.00666099986347,300.80454138445793,300.64093676466155,300.5092313491434,300.4037864318131
0.00016376369923749314,474.79760423749843,474.3519036625926,473.02151055769264,470.82683413744763,467.8013289853833,463.9906314705419,459.4513736810901,454.24976806695247,448.45997707367445,442.16235523405885,435.4415791673319,428.38473819364,421.07952900066056,413.61242205838175,406.0670335179846,398.5227279825014,391.0532225988966,383.7256983392783,376.5999051515643,369.72765576686186,363.1525067918097,356.9096509477898,351.0261002412665,345.5209007824258,340.4057094777889,335.6853050171472,331.35824439228446,327.4177559576951,323.8523642887592,320.6467808554456,317.7826863220051,315.2395115688249,312.9949757745387,311.02597853370156,309.3090039785455,307.8205995942032,306.5379254581705,305.438961693921,304.5028172425861,303.7099529315405,303.0422464463284,302.4831344204298,302.01758106093877,301.6321014851093,301.314706777565,301.0548039485456,300.84316734817185,300.6717772197185,300.5337362747986,300.423162836241
0.00016876369923749315,481.08656869837756,480.6254409752054,479.2490016322327,476.97835053958374,473.84807345572347,469.905348893466,465.2087228422098,459.8266447413258,453.83578244010374,447.319204038159,440.36444599359027,433.0615417555671,425.501153645923,417.7726825494776,409.9625862964169,402.1529324691503,394.41996425313323,386.8331756937302,379.4543915460637,372.33724245751364,365.5268345073194,359.05963861849165,352.9636734438633,347.258732387081,341.95696888876944,337.0634277007607,332.5767228934212,328.48994984355113,324.79133840577714,321.4651655957263,318.492565398249,315.85233092536106,313.5214799029796,311.4761626118918,309.6920908362763,308.1450304061707,306.81136671790506,305.6683240275716,304.6942848377338,303.86902154690796,303.17376516129553,302.5913537093835,302.1062017694212,301.70432494668495,301.3732844901888,301.1020861526219,300.88114888063575,300.7021409384747,300.55789321028635,300.44228907969824
0.00017376369923749317,487.1223696105035,486.6464958561465,485.2260425951723,482.8827685981993,479.6523386412879,475.58340212002054,470.7363303006012,465.1817058642428,458.9985856782574,452.27262522553383,445.0940877404691,437.5558138015635,429.75129359514165,421.77272260024677,413.70926915046306,405.6455799192829,397.66030929602954,389.8251605631565,382.20394164464585,374.8520225743552,367.8159939856407,361.13355367792036,354.83368922499403,348.93691620844174,343.45587174034824,338.3958646245819,333.7555735672399,329.52797718503285,325.70103368737466,322.2586144519261,319.1813398742216,316.44740155269164,314.03315367093046,311.9140362715757,310.06502757739906,308.4611497333582,307.0780500341101,305.89223146366635,304.88138238402433,304.0246164608792,303.302545129976,302.69743214538516,302.1931640932887,301.77527612755085,301.43089626233,301.1486432747461,300.9185929328312,300.73211184480056,300.5817677074225,300.4612161301923
0.00017876369923749318,492.92962969565815,492.43962527879,490.9769942670019,488.56412565521816,485.2377161547134,481.04782171920743,476.0565588858766,470.33654990052514,463.9691355424618,457.0424447012802,449.64934717444794,441.885366880378,433.8466973528548,425.628205890657,417.3216527344749,409.01415160702254,400.78666423741447,392.71300920404576,384.8588946771499,377.28135899809166,370.0284185786706,363.13895161788713,356.642880424683,350.56142000154716,344.9076794501926,339.68722978156404,334.89882117222237,330.5353301454499,326.5844641645565,323.02971507490685,319.8512196684045,317.0266008870237,314.53158375178407,312.34093348524084,310.42892992368365,308.7698859662921,307.33874397541047,306.1113170371163,305.0646286594783,304.1771607018476,303.42892959960926,302.80164687982847,302.2786907365556,301.84513312785384,301.4876838525748,301.1945876263356,300.95558808005916,300.76175948049115,300.6054141232393,300.4799862905113
0.0001837636992374932,498.52917167140004,498.0255962589822,496.52245748261964,494.0427484984447,490.62415517330726,486.3180815743224,481.18831681052677,475.3094375544641,468.76497295682714,461.6454216895922,454.04615079756195,446.06525495291254,437.8015177603438,429.3523666280556,420.81204577487233,412.27003397735837,403.80950574063866,395.50630938506436,387.42797778935426,379.6331528336604,372.1712231315475,365.0822049028696,358.3969239940992,352.13727405399015,346.3168254772357,340.9414097588804,336.0098547482483,331.5149482100149,327.4441658972405,323.7806439140269,320.50406278763325,317.59150676805314,315.0181030879618,312.75797446068987,310.78473444282423,309.07201812960454,307.59409322893674,306.3261115731491,305.24445855300183,304.3270088040298,303.5532061851397,302.9042301149284,302.36296827570936,301.91404516315924,301.5437660480113,301.2400133465309,300.9922085988096,300.7911421971895,300.62887810538444,300.4986351227159
0.0001887636992374932,503.93879625947926,503.42216181754304,501.88004295041975,499.33601315355185,495.82870835697344,491.41082733443636,486.14776532879864,480.1159756202922,473.4010883891258,466.0958773391042,458.298106788276,450.10833918007165,441.6278445502114,432.95650819080294,424.1909595137937,415.42294896657035,406.73777723666336,398.2132440189838,389.91863768857183,381.91414429853364,374.2504755361543,366.9687467658108,360.10065872468954,353.668764618393,347.68708626930766,342.16171402349767,337.09155904705955,332.46933252533137,328.2822959251115,324.51325140274986,321.1414482790731,318.14345958708304,315.49384355920347,313.1661100416592,311.13323578321763,309.3682069444036,307.8446443777773,306.5370649669531,305.4212405388358,304.47446108209965,303.675618468668,303.00537847969485,302.4461546985344,301.9821385940469,301.59924346105555,301.2850001980344,301.02851745436726,300.82030949511125,300.65219841287524,300.5171928577472
0.00019376369923749322,509.1738662872858,508.64464354417146,507.0649492293701,504.45891529577614,500.86609183379915,496.34042327447946,490.948849972101,484.7696303272213,477.89041530124535,470.4061665574849,462.4169537967527,454.0257125615717,445.33610401865576,436.45037732658216,427.4674562181297,418.4812768816562,409.5791864890985,400.8408639593998,392.33728942214333,384.13013840817206,376.27140039390673,368.8032540344995,361.75824850981246,355.15957893993885,349.02170941837744,343.3509875749037,338.1464130399952,333.4006315872929,329.10070641415854,325.2291257827578,321.7647308817143,318.6836088390892,315.95977542875124,313.56615495763884,311.475114553985,309.6590180835767,308.09086519709757,306.7445621107642,305.5952897538235,304.6197743123607,303.79637467768083,303.1052600436647,302.5283850427501,302.04952143527544,301.6542021161766,301.3296164049393,301.06456853404967,300.84930377097,300.6754082766829,300.53568544860155
0.00019876369923749323,514.2477529038588,513.7063766376925,512.090404261697,509.42450599748116,505.7491129751004,501.11937003378387,495.6037063402898,489.28211945144267,482.2442070499972,474.5870383856755,466.4129037050312,457.8270242289577,448.93536423319097,439.8424498882101,430.6494152802382,421.4523029131055,412.34043276156575,403.3952962416912,394.68950626691355,386.28617722271423,378.23853443921774,370.58978663976535,363.37330691074976,356.61291589811475,350.323511419582,344.511696868839,339.17656504420694,334.3107065826567,329.9010011905958,325.9296417615248,322.37508268591006,319.21294860387445,316.4167374047524,313.9588131599121,311.81095856658237,309.9449398875781,308.33315935193525,306.9489350238945,305.76687795571615,304.76316986534295,303.9156542917237,303.2040196556775,302.60977568748604,302.1162867871467,301.7087161789186,301.3739208116237,301.100408345901,300.8781616473179,300.6985364343275,300.55413537104016
0.00020376369923749325,519.1660846227232,518.6129739873395,516.9619743667549,514.2382747861255,510.483155505719,505.75291818058946,500.11742655939935,493.6583538123234,486.46717300870864,478.6429835610181,470.29021453746583,461.5162886357744,452.42938842985325,443.1362334305488,433.74008718410875,424.3390219522543,415.02425951004625,405.87903942589844,396.9775505256596,388.3842972003433,380.1537001322144,372.3299660206964,364.94726807985063,358.0300366035759,351.5935947472624,345.644800073943,340.18284299757784,335.2002687762502,330.6837877802017,326.6153153013922,322.9729394235944,319.7318447926077,316.8650351028218,314.3443385195472,312.14097759284914,310.2261448117433,308.5716679167294,307.15029856368244,305.93609823493125,304.90472287648623,304.03351771783554,303.3017057084445,302.6903652813605,302.18246543354593,301.7628101124363,301.41793282875744,301.13605227328355,300.9068953077759,300.721592534439,300.57255026882456
0.00020876369923749326,523.939137477277,523.3746838868308,521.6898250592118,518.9102506750125,515.0780603616528,510.25067193162636,504.49933313145283,497.90733347071284,490.5679548506389,482.58225460558253,474.05672435833026,465.1009096844785,455.82513229023135,446.3382268952348,436.74551095225644,427.1470149697506,417.6357961665049,408.2967821247056,399.2056843956434,390.4283516718573,382.0203620772859,374.0268902027525,366.4828870975982,359.41337775229033,352.8341027485263,346.75217224640863,341.16687833005386,336.0707299497461,331.4502813050302,327.2871866493525,323.5591868847202,320.2410476881063,317.3053006799222,314.7232609025503,312.4656134820626,310.5029994363985,308.80669350937535,307.34890132199394,306.10315382457964,305.04459871678785,304.1500989073274,303.39842622728224,302.7702405722072,302.24812675413597,301.8165391935817,301.4616963359677,301.1715350309361,300.9355321307298,300.744598107549,300.5909470301526
0.00021376369923749327,528.5786466668493,528.0032100403184,526.2855660506114,523.4518883785277,519.5450686926091,514.623603632329,508.76007849120776,502.03934467954025,494.55643179070506,486.4142887053264,477.7213995093276,468.58936039947065,459.130559426943,449.45587465705626,439.67260793584086,429.88268221334096,420.1809290575432,410.65390868353995,401.37880636204096,392.4227729556608,383.8425090638607,375.6841293887237,367.9833422189812,360.76575338433815,354.04751354018293,347.8359839278287,342.13056196240717,336.92372860121,332.20189395657593,327.9464664756872,324.1348574844091,320.7414330712054,317.7382731626223,315.0962007079736,312.785384378687,310.7759343079628,309.0385920978843,307.54503615594774,306.26828449287416,305.18299275746926,304.26555631693134,303.4943091499625,302.8495044047097,302.3133530733598,301.8699690547905,301.5052634551388,301.2068978602944,300.96410463646345,300.76757871485455,300.60934568719637
0.00021876369923749328,533.0935730389375,532.5074891203051,530.7580618840504,527.8719334945658,523.8927622072022,518.8800887127675,512.9077925764924,506.0622363852503,498.4401404497971,490.1462833306534,481.2910762360881,471.98809861459364,462.35173697807284,452.49484570502995,442.5266461782985,432.55089237115925,422.664133166428,412.954509687243,403.5006351368808,394.3709231621425,385.62316412566474,377.3043868349726,369.4510375006198,362.0892897773044,355.2356974377837,348.8978713072757,343.0753174859972,337.7604966311402,332.93968600274934,328.5940624286449,324.7007240757254,321.23365552928215,318.1645040683561,315.46362019620676,313.1006757433953,311.0452692259997,309.2676276884669,307.73891995307895,306.4316675718946,305.32004932295797,304.38000688312525,303.5894488157412,302.9282325766151,302.3782050551836,301.9231480701418,301.548672630327,301.2421712187893,300.9926368870794,300.79055331866704,300.6277611510664
0.0002237636992374933,537.4917088806442,536.8952923423096,535.1150209057624,532.1779906956494,528.1286027317011,523.0274092082432,516.9495434564155,509.98283175595833,502.2256317931168,493.78449387704336,484.77169514317876,475.3027351862769,465.49393537621603,455.46006358781096,445.31219994857304,435.15587186683706,425.08929204801507,415.20213399071173,405.57439585111723,396.2757170681434,387.3649470207765,378.8900041570808,370.8880544063904,363.38582695872293,356.4002720908194,349.9392487242274,344.00237471713376,338.58209757311164,333.66457218435505,329.2307570254383,325.25745247662894,321.7182785705892,318.58446780978875,315.82591669221716,313.41181863314796,311.3112786431309,309.4940266841925,307.93073857906774,306.5934549331052,305.45589194727785,304.49355065273085,303.6839259136308,303.0064899097813,302.4427345834923,301.9761176267281,301.5919567739678,301.2773812073578,301.0211495318731,300.81353822207404,300.64620627218613
0.0002287636992374933,541.7799839493355,541.1735306921368,539.3632980944557,536.376822603301,532.2592256341469,527.0720403220191,520.8916157259764,513.8071972227934,505.9187297702805,497.33448100298835,488.16853648448796,478.5382566520935,468.56183794940495,458.35590269012073,448.0333325791046,437.7013742880114,427.45985401152666,417.3999319383299,407.6029507008079,398.13974067178367,389.0701812514115,380.44305743482914,372.2962376588765,364.6569950009702,357.54266993089607,350.9613679831487,344.9128215900178,339.38947175610633,334.3773608151693,329.8572413279911,325.80563032348726,322.19579921577895,318.9985825480601,316.1834401753225,313.71910446017904,311.574203985445,309.7179881157643,308.1206553291721,306.75377993202306,305.59062905166576,304.60627540021767,303.77781121760677,303.0843332562424,302.506987168638,302.02891404090485,301.6351447849829,301.3125507667836,301.04966074506626,300.8365478000774,300.66469240728
0.00023376369923749332,545.9646259589729,545.3484149890869,543.5090538619683,540.4745065063232,536.2905936730882,531.0198006617193,524.7396564424456,517.540783492957,509.5246668539247,500.8012402209417,491.4863434153844,481.699141837563,471.5596506604259,461.18629096593116,450.6936921346879,440.1907690083665,429.77891378371453,419.55073021948806,409.5888672024269,399.9653131031466,390.74094992518513,381.9654073513421,373.67724000665595,365.9042537834913,358.6641733036895,351.96534923183543,345.8076311550907,340.18345978697704,335.07877409979176,330.4741324309838,326.34578204503623,322.6666607521026,319.40722100011294,316.53650238889287,314.0227926305747,311.83426002429474,309.93968892884,308.30881529275877,306.91276099213457,305.72435687222764,304.7182590067307,303.8711675096499,303.16181304454426,302.57100318431606,302.081569542373,301.67826232763554,301.34770029084297,301.0781867059069,300.8595948734904,300.6832297089678
0.00023876369923749334,550.0512699922962,549.4255650087371,547.5578623125925,544.4765411960534,540.2281018704999,534.8759546420697,528.4987745878843,521.1885216461261,513.0481763935437,504.1892901855957,494.72940594870045,484.7894412709854,474.4911768295871,463.9547798753855,453.29657652484,442.6271014885847,432.0492680596459,421.65708277380907,411.5344645954577,401.75452869999117,392.3791337067811,383.45873324518755,375.0325526170535,367.1289199773151,359.7659383018201,352.9522019004164,346.6876798794015,340.96481846098544,335.76946189415054,331.08198530071564,326.8783789948099,323.1312613600234,319.8107177451162,316.88538299626146,314.3231157037353,312.09163917809406,310.1592875519934,308.49534829715344,307.0705040210836,305.85716143270656,304.82957106236324,303.9640508742584,303.23897432011677,302.634818699275,302.1341129355359,301.7213323546415,301.38284803785007,301.1067419206908,300.88269095953524,300.7018273196987
0.00024376369923749335,554.0450414437295,553.4100922059401,551.5147933100038,548.3879279512971,544.0766570057835,538.6452901021894,532.1736164527226,524.7548959609217,516.4935625990817,507.50273958952965,497.90162456018254,487.8128373404637,477.3598737291889,466.66459734603825,455.8449828030114,445.0131389241548,434.2734575462847,423.72130931062156,413.441848946955,403.509288831486,393.98643951548314,384.9245588526502,376.3635280460287,368.3321874335385,360.8490127670407,353.9228405131498,347.5537614618353,341.7342327693608,336.45001208734,331.68130170442515,327.40384709106866,323.58996061577193,320.209374730169,317.23033421803297,314.62028327785566,312.34651475089805,310.37692658199506,308.6803711225165,307.22710422798104,305.98912002780014,304.94027407050805,304.05651167114894,303.31585752674573,302.6984661018289,302.18657009591584,301.7643754996628,301.41801043931093,301.13533946416345,300.9058464596059,300.72049351697535
0.00024876369923749336,557.9506222044548,557.3066657241031,555.3844779620714,552.213235158221,547.8407410438699,542.3321802335724,535.7684257783218,528.2440020136553,519.8647563675909,510.7453405220832,501.00656091815995,490.7726922681687,480.16889771148806,469.3186899983814,458.34164646703886,447.35140662964886,436.4538004687039,425.74552600156153,415.3129411182062,405.2313272464635,395.56442337894634,386.3642728039291,377.67139852320054,369.5151434099815,361.91435061457855,354.87809726708326,348.40659782097555,342.4923254472685,337.120958854985,332.27253730729734,327.92257288760106,324.0430846571941,320.6034656432101,317.57158451443235,314.91448507457847,312.5990435029098,310.5927349146846,308.8639892590426,307.3826475648728,306.120302399448,305.0504244027061,304.14859530627166,303.39249912586297,302.76197459464254,302.2389643633534,301.8074103881059,301.45320234425935,301.1639911705545,300.9290708078024,300.7392358281899
0.0002537636992374934,561.7723050074985,561.1195665957039,559.1711623900788,555.9566513683179,551.5244632131497,545.9406344244672,539.287093133245,531.6595943740838,523.1653611108618,513.9205322680771,504.0474795207826,493.6720874825118,482.92114124128904,471.91975779293705,460.7890737023906,449.6442178857177,438.59242005245454,427.7316706515979,417.1494996967766,406.92223085516355,397.11450916677336,387.77914542131634,378.9572909351764,370.6787818654257,362.962823566678,355.8187323337297,349.24684809224624,343.23966479044674,337.7827894147405,332.8561074803677,328.43490854088634,324.49093040969217,320.99323948963297,317.9093415965642,315.20589346103935,312.84936775178744,310.80682948659387,309.0462983429293,307.5372119045024,306.2507716977673,305.1600730785559,304.2403428614613,303.46893210220435,302.8253705986581,302.29131686294073,301.85045389074685,301.48843721860175,301.1927077893978,300.95237259204794,300.75806112423345
0.0002587636992374934,565.5140388627036,564.8527330562347,562.8787526815929,559.622029655842,555.1316035424784,549.4743407642405,542.7331971886598,535.0051264740896,526.398691060403,517.0314779145904,507.0273824937361,496.5138565202293,485.6192638401798,474.4702829783903,463.18956831903074,451.89369887125724,440.69126747771986,429.68152371999065,418.95314014505504,408.58345707979277,398.6380042287602,389.17034273968267,380.22223932931297,371.8240145520143,363.9952309411813,356.7454424516944,350.07511613116515,343.97677117286884,338.4359496582124,333.43239214164925,328.9411759497518,324.9337691075798,321.37892357210654,318.24379493482985,315.4946655504524,313.09761712255136,311.01931672511733,309.22738535188245,307.69086802071956,306.3805852808651,305.2692664147707,304.331791618379,303.5451863845212,302.88867808911806,302.343646771967,301.8935213346576,301.52372731087087,301.22149911506773,300.9757596547546,300.77697569727576
0.0002637636992374934,569.1794675229896,568.5097989078681,566.5108529480536,563.2129251706712,558.6656497185988,552.9367020255005,546.1100396587747,538.2837843557952,529.5678036902286,520.081095334485,509.94903904062886,499.30061287035994,488.2657182714905,476.972554585243,465.5452545410684,454.10180975478545,442.75214129520464,431.5967260988498,420.7253509931654,410.2163485250291,400.13611261575386,390.53893835795213,381.4671954815496,372.9516803888245,365.012307922043,357.65886818558596,350.89195685098156,344.70412255104395,339.0808489064994,334.00173984331207,329.4416702498074,325.37184926615583,321.760726005233,318.57511787548475,315.78094497431823,313.34391002374946,311.2302937716874,309.40732961337574,307.8436804152452,306.509795389239,305.37804657240576,304.422975500211,303.6212892002152,302.9519188787847,302.39597154488763,301.9366266809416,301.5590837918781,301.2503740958982,300.9992391776032,300.7959853262563
0.0002687636992374934,572.7719623612544,572.0941263085683,570.070797851978,566.732627233619,562.1298285863832,556.3308664153749,549.4206751608062,541.4985155113548,532.6755274227115,523.0720836608906,512.8150106058506,502.0347737628715,490.8627729097725,479.4286893486347,467.8580964721741,456.27036270749045,444.77670400644837,433.4787942934987,422.4675076637381,411.8221455014376,401.60994636408435,391.8859235533297,382.6930379138795,374.0625534591257,366.0147326144544,358.55960011727745,351.6978816273608,345.4221591573438,339.7178639644853,334.5644712556728,329.9366627917525,325.8053992144629,322.138837858225,318.90346944388205,316.0648633921165,313.5883549048244,311.43984952354106,309.5862036632939,307.99570802168876,306.6384497200021,305.4864520227651,304.5139254476974,303.6972653772249,303.01511285901114,302.44830710479795,301.97978267599126,301.59451687354414,301.27934092701975,301.02281775366083,300.81509533258054
0.00027376369923749343,576.2946506846378,575.6088340106628,573.5616806197146,570.1841869768193,565.527133276163,559.6597540571186,552.6679369281505,544.6520537166144,535.7244854846857,526.0069460817909,515.627672538514,504.71858064804644,493.4125309969879,481.8406497177083,470.1299148489602,458.401037405077,446.76649633117637,435.3291334837095,424.1808843653815,413.40199679804664,403.0605352011178,393.21221597921306,383.90057964801633,375.1573498858428,367.0031321094586,359.44818416717317,352.4933629429338,346.13128753266477,340.34734260393134,335.1208821599196,330.4264036993824,326.2346292703425,322.51343499474814,319.228995892678,316.3465417873402,313.8310513354245,311.6480655278819,309.76407398285653,308.14700480972,306.7665919196369,305.59451794717774,304.604669741769,303.7731376030313,303.078278206558,302.5006680076867,302.02300098123106,301.63003591081934,301.3084071299731,301.04650144921567,300.83431062786576
0.00027876369923749344,579.7504402752566,579.0568218359024,576.986377320565,573.5704412997551,568.8603467146036,562.9260799407297,555.8544590942834,547.746940551942,538.7171165801644,528.8880095918266,518.3892328634045,507.35411693986646,495.91694732487025,484.2102594565241,472.36240155258287,460.49539445401035,448.7229495630636,437.14904883370525,425.8666643902967,414.9569690083263,404.488834946423,394.5186671931441,385.09057491519536,376.2367337805585,367.978087730623,360.32512619713424,353.27883840428717,346.8318840137172,340.9696065751029,335.67124603539924,330.91112408076424,326.6597336203532,322.88467966292615,319.5518320396578,316.6260915873063,314.0720909378747,311.85501675432903,309.94100163518596,308.29762030693087,306.8942620095934,305.70227658227344,304.6952342821869,303.84892664833274,303.14143156219006,302.5530675842708,302.06629228514424,301.66564948967726,301.33757962143824,301.0702958571495,300.8536357551444
0.00028376369923749345,583.1420407779561,582.4407920059118,580.3475680262923,576.8940337468835,572.1320621139598,566.132373923424,558.9826961115871,550.7855441553622,541.6556929036155,531.717442202224,521.1017486353152,509.94332347404696,498.3778427675248,486.5392172334758,474.5571322481832,462.55488708450866,450.6473963293394,438.9397553400255,427.52594907959667,416.48805464859595,405.89573482418933,395.80606920831303,386.26372499485876,377.30132241945324,368.940139598276,361.1908960141352,354.05471423547726,347.52429776544403,341.58495422521287,336.2158163088254,331.39103795023675,327.08089195363755,323.2527218770859,319.872102430213,316.90361563610065,314.3115581972861,312.06077226595363,310.1170428182677,308.4476000521314,307.0214967559541,305.8097575198704,304.78564282954613,303.9246515613063,303.20458818578084,302.60551806316806,302.1096664005553,301.70136550352277,301.3668647729069,301.0942061432719,300.87307492462753
0.00028876369923749347,586.4719824314733,585.76326782312,583.647755342178,580.1574327915681,575.3447009155291,569.2809982445829,562.0549397563894,553.770075644019,544.5423359128438,534.4972680094685,523.7671402577402,512.4880120411036,500.796917003379,488.82910851661677,476.7155774476982,464.5808713839964,452.5410800064023,440.70238644835126,429.15976566700783,417.9961792599057,407.2820638592283,397.0751602232541,387.42068332025684,378.35169076874774,369.88979061956286,362.0459308697677,354.8213683311998,348.20885343084825,342.19366278619384,336.7548283191862,331.86634390726,327.4982708889239,323.6177006244268,320.1899223524238,317.17920904408777,314.5495311688326,312.26539580509814,310.2922493476633,308.5969859910426,307.1483299921117,305.91698796873885,304.87591721651,304.0003298371663,303.2677620916934,302.658030678405,302.15313234953675,301.737191219876,301.39626846275746,301.1182370867491,300.89263204490464
0.0002937636992374935,589.7426325453881,589.0266101034758,586.8892807077706,583.3629479192168,578.5005285729802,572.3741629317693,565.0733340859924,556.7026035573622,547.3790302011171,537.2293804474067,526.3872040746771,514.9898772865042,503.1757597012784,491.0814160320919,478.83911223549353,466.57461529277714,454.40516299573585,442.438001626499,430.76907417160265,419.48220764813317,408.6485964961334,398.3266296549642,388.56205996273496,379.3883754588803,370.82750999196156,362.89063853258665,355.5791529369068,348.8858534567259,342.7959903823873,337.2885010418725,332.33722660935706,327.91202522636434,323.97974492346,320.5053987273631,317.4529599329294,314.78608209798807,312.4689463070736,310.4666690797749,308.74581682324657,307.274792901694,306.0239929841133,304.9660775330184,304.0759775668331,303.33096616748094,302.710615763678,302.19669843785283,301.77313333883666,301.4257961219072,301.1423931155437,300.91231075028935
0.0002987636992374935,592.9562100525332,592.2330316897494,590.0743387935113,586.5127438315233,581.60166849154,575.4139394063399,568.039888647354,559.5850666115736,550.1676357467611,539.9155539887429,528.9636234884441,517.4505072171174,505.5158603957949,493.2975289963189,480.92902485292274,468.53730654352773,456.24073402741215,444.1475930468699,432.3547734792801,420.94694938897044,409.9960575558498,399.5611225779478,389.68842558618996,380.4118782886359,371.7537362919811,363.72539999630465,356.32839701092536,349.55558014316495,343.3921777995338,337.817038607623,332.8038580696054,328.32229905013264,324.3389747561666,320.8186308931057,317.724950091604,315.02127796663456,312.67147835243674,310.6403462844885,308.89412830763615,307.4009142676423,306.13079566974915,305.05614228934184,304.1516095678189,303.3942122783919,302.76328283534235,302.2403723205015,301.80919804455567,301.45545277400294,301.1666783376108,300.93211442488666
0.0003037636992374935,596.1147984093589,595.3846103171962,593.2049902628645,589.6088530378792,584.6501143842057,578.402272543666,570.9564901851015,562.4192850045088,552.9098987701678,542.5574545157374,531.497978812514,519.8713925116404,507.81861723773494,495.4787512959718,482.98652430383834,470.47005969465204,458.04881462938266,445.83209150497976,433.917706728409,422.3911637024419,411.32512662402064,400.77924365384564,390.8003149472388,381.4226693262847,372.66888020825627,364.5505718758469,357.0694083140279,350.21829745631214,343.98245004921887,338.3406316456612,333.2663988038123,328.72922670317547,324.695501891987,321.1297112976978,317.99525555620426,315.25518097568863,312.8730425666751,310.81332197447654,309.04195353233325,307.5267206923174,306.2374173564781,305.1461285601746,304.2272394998988,303.45751135972864,302.8160406657589,302.28416105964084,301.84539105072787,301.4852430709408,301.1910965684669,300.9520462238595
0.0003087636992374935,599.2203570712123,598.4833000579342,596.2831731245082,592.6531870555582,587.6477412625094,581.3409914003453,573.824913055141,565.2069704704301,555.6074613897129,545.156648543149,533.991756033408,522.2539347996105,510.0853447747015,497.6263087606841,485.01274711595465,472.3739223824001,459.8303648776047,447.4923716794784,435.45866609569146,423.8155637840328,412.63644194964036,401.9815606220909,391.8982300039597,382.42118966352706,373.5733269683044,365.3664885345386,357.80247526425893,350.8742526372657,344.5670177571825,338.85945847545753,333.72499884827437,329.13293365190026,325.04943061869614,321.4387261137644,318.26394712413185,315.4878489730961,313.0736859746353,310.9856341972046,309.1893231540382,307.6522367926799,306.3438777605476,305.2360521124183,304.30287996769266,303.5208734987606,302.86889734834745,302.3280711759696,301.8817176409416,301.5151713243711,301.21565135564134,300.97210909228755
0.00031376369923749353,602.2747317328042,601.5309415338095,599.3107128628509,595.6475464044494,590.5963152441822,584.2318187864505,576.6468285167884,567.9497352515759,558.2618702370996,547.7146114468569,536.4463546275271,524.5994540469669,512.3172808915022,499.74135564992474,487.0087633711111,474.24988089642756,461.58628852340615,449.12925682197255,436.9783970627353,425.22082066539235,413.93060391980396,403.16860741060236,392.9826426858555,383.4078538689741,374.4674385002013,366.1734639786564,358.52786858867285,351.52367763460154,345.1460783992711,339.37368616756333,334.17979866561353,329.53353725568735,325.4008583927658,321.7457557853651,318.5310908115788,315.7193358346002,313.27345231583047,311.1573182947056,309.33626561095804,307.7774853739288,306.450195124491,305.3259275188735,304.37854261194093,303.5843080076137,302.921860355478,302.37210869445187,301.9181827045912,301.54524153373796,301.2403460004363,300.9923057819495
0.00031876369923749355,605.2796634943278,604.5292710577861,602.2893315056398,598.5936295530083,593.4975023315043,587.0763798329597,579.423813049232,570.6491001274308,560.8745841674885,550.2327348275312,538.8630945559244,526.9091951644845,514.5155930198268,501.8249804564354,488.9755820997379,476.0988651670259,463.3174375793461,450.74352295109446,438.47760223116427,426.6075666660911,415.20817816598947,404.34088691623793,394.05399736940103,384.38305218053364,375.351555363932,366.9717935498677,359.24584279864484,352.16679038370364,345.7198174050617,339.8834714907401,334.630929953422,329.93114745375914,325.7498764198232,322.0508755160288,318.7967482617728,315.94969180351416,313.47238232579355,311.3284071353764,309.48280731280624,307.90248758444795,306.55638634283844,305.4157682597043,304.4542381909708,303.6478234883315,302.9749365901491,302.4162791851388,301.95479076893787,301.57545741131287,301.26518357735534,301.012638866304
0.00032376369923749356,608.236797089269,607.479928839534,605.2206557632579,601.4930409482496,596.352876290707,589.8762096816523,582.1573558159419,573.3065016211036,563.4469811791471,552.7123331190221,541.2432225412774,529.1843339376755,516.6813837099403,503.8782111130097,490.91415612028896,477.92175323879763,465.02461643242845,452.33590261388804,439.95694474373823,427.97639848852725,416.46969834883714,405.49887349712577,395.11271309674896,385.3471524700454,376.2259984818505,367.76175544140125,359.95663751133304,352.8037959525147,346.28840914611243,340.38896175996103,335.078516368182,330.32586738001396,326.09657017418095,322.3541557055271,319.0609771103186,316.1789637947717,313.6705139878436,311.4989313214,309.62897281082644,308.02726305446777,306.662467074624,305.5055868132528,304.52997665361784,303.7114278911195,303.02813243225734,302.46058779972077,301.9915460278214,301.6058224046137,301.2901669515007,301.033110753906
0.0003287636992374936,611.1476882897936,610.3844663708003,608.1062243543719,604.3472982429189,599.1639257434817,592.6327604058954,584.8488653823215,575.9232984845286,565.9803646403525,555.1546495348678,543.5879177158561,531.4259823621304,518.8156956433701,505.9020196765102,492.8253863924172,479.7193752944421,466.7085855432953,453.90708826821395,441.4170513604118,429.32788000032247,417.7156686614028,406.643015212724,396.15918556957234,386.30050200854305,377.0910706932972,368.54361205994593,360.66047863649817,353.4348875703954,346.8520178232635,340.8902955976862,335.5226741750671,330.7177939148474,326.4410198650774,322.65566234181205,319.32383131301646,316.4071956677387,313.8678827589815,311.66891937485457,309.7747849503511,308.1518300204908,306.7684518443495,305.59539473754455,304.60576720468134,303.7751285666321,303.0814537801376,302.50503930434814,302.0284523674431,301.6363397165387,301.3152987941993,301.0537237004545
0.0003337636992374936,614.013810588877,613.2443530894593,610.9474946160419,607.157838816663,601.9320605656213,595.347407255092,587.4996757766937,578.5007775495139,568.475968907163,557.5608614328384,545.8982967164596,533.6351934561292,520.9195161541613,507.8973265523397,494.7101259427211,481.49251728311015,468.3700647815433,455.4577353320995,442.8585152311719,430.66254474212735,418.94656608506693,407.7737358422596,397.1937889453863,387.2434290564008,377.9470581547825,369.31761125207095,361.35757944510067,354.0602475543569,347.41079826531427,341.38760361900705,335.963512832687,331.107018181669,326.78330085614573,322.95545735361,319.58536144075464,316.6344284716149,314.0645217730868,311.838397905124,309.9202650080378,308.276205437228,306.87435413282304,305.685202743628,304.6816183638287,303.8389323130336,303.1349060879598,302.5496381091822,302.06551338958207,301.66701232349834,301.3405815970752,301.0744798196426
0.0003387636992374936,616.8365612443782,616.0609824072156,613.7458484825903,609.9260256743769,604.658617674436,598.0214543025013,590.111051972025,581.0401590194056,570.9349644038916,559.9320851661671,548.1754182915794,535.8129656122371,522.9937813167304,509.865004313662,496.56918341358875,483.2419242000956,470.0097364402241,456.98846493947053,444.28189840158296,431.9808981933935,420.1628424274469,408.8914367078603,398.2168774598161,388.1762442991869,378.7942316041165,370.0839874113036,362.04814153376157,354.6800481449027,347.9648966496537,341.8810090497516,336.4011355205473,331.4936259947261,327.1234840437104,323.2535989283796,319.84561494541924,316.86070066670925,314.2604620241366,312.0073917598517,310.0654328156216,308.40040507854434,306.9801864590863,305.7750207617294,304.7575380187384,303.9028454184633,303.18849439947775,302.5943882950685,302.1027324325561,301.69784299178656,301.3660176847557,301.09538109295454
0.0003437636992374936,619.617266758542,618.8356771742563,616.5025979059376,612.6531527934721,607.3448662753597,600.6561395651734,592.6841948551439,583.5426012658443,573.3584622282362,562.2693804806696,550.4202874770665,537.9602465410901,525.039379650367,511.805881162188,498.40332627870254,484.9683030581853,471.6282479666516,458.49986643626335,445.68773408200764,433.2834198241732,421.36492616760484,409.9964983250568,399.22878689503716,389.0992421471667,379.6328475043143,370.8429624797626,362.73235569722567,355.29445226202495,348.5144511539517,342.3706282853799,336.83563961592114,331.87769826392923,327.46163619872505,323.5501417996892,320.10463640021527,317.0860483244154,314.455732531787,312.17592416136796,310.2103068717644,308.52444362870483,307.0859604544795,305.86485800106664,304.83353347315654,303.96687369944397,303.2422233785606,302.6392936376722,302.1401125901895,301.7288342923992,301.3916092263748,301.1164293785359
0.0003487636992374936,622.3571878565458,621.5696946442874,619.2189897803415,615.3404499821669,609.9920126287005,603.252639655504,595.2202457412362,586.0092051864298,575.747518334681,564.5737545089949,552.6338593890097,540.0779368534236,527.0571554836887,513.7207440710405,500.2132837629005,486.67232558555645,473.2262144416354,459.9924996463284,447.07652870729623,434.5705649572232,422.5532241304298,411.08928190026893,400.2298359118785,390.0127019139709,380.46314908097247,371.5947468563638,363.4104027193196,355.90361419046815,349.0595925467869,342.8565713974378,337.2671171259179,332.25931136160074,327.7978202765185,323.84513750751626,320.36246771733204,317.31050530833016,314.65036049134187,312.34401683025635,310.35490444336847,308.6483347650322,307.1916869297437,305.95472300405,304.90961149045347,304.0310225357005,303.29609733687766,302.6843576293674,302.1776567290217,301.75998861447886,301.417358246011,301.13762641924126
0.00035376369923749364,625.0575240193424,624.2642309950686,621.8962104262044,617.9890873027407,612.6012043894735,605.8120740160936,597.720290483805,588.4410181717624,578.1031373427429,566.8461654065071,554.817042676121,542.1668933203325,529.0479120166576,515.6103416448738,501.9997494991242,488.3546306805113,474.8042208350257,461.4668969326584,448.44876381019975,435.84276646148044,423.72812300918235,412.1701306922979,401.22032726076725,390.9168888878926,381.2853672649924,372.33954022202806,364.08245409150845,356.50768020216617,349.6004447240425,343.3389425934402,337.6956550797676,332.6385374554129,328.1320956979563,324.1386346345082,320.6191483454963,317.5341034386328,314.8443714098614,312.51169009750583,310.4992416575377,308.7720912329439,307.29737593594643,306.0446236955025,304.98577833318495,304.09529690179323,303.350120259056,302.72958349913495,302.2153675039514,301.7913081775423,301.4432666321812,301.15897384995634
0.00035876369923749365,627.7194176189423,626.9204254524557,624.5353896805831,620.6001791067515,615.173534566447,608.3355087829387,600.1853632238169,590.8390377240959,580.4262760106299,569.0875256675664,556.9707026684794,544.2279318466022,531.012414112916,517.4753867278907,503.763383950961,490.01582664943373,476.3628240618526,462.92356507617933,449.80489772875893,437.10043629525916,424.8899907527349,413.23937125264473,402.20054888472947,391.81205530753437,382.09972155099433,373.07753229096204,364.7486726669739,357.10678912273386,350.13712519701267,343.81784063529034,338.12133588568827,333.0154448112304,328.4645186051599,324.43067902084624,320.8747154496245,317.75687264156613,315.0377892299368,312.67896300650443,310.6433335852164,308.89572491420734,307.40303681990906,306.1345674274479,305.06203979910083,304.1597013959173,303.4042958255909,302.7749742306866,302.2532473724934,301.8227950426241,301.46933614649566,301.18047320427263
0.00036376369923749366,630.3439576982182,629.539364059922,627.1376046360319,623.1747877232958,617.7100451407165,610.8239603163188,602.6164498162568,593.2042147645116,582.717846409774,571.2987051560915,559.0956642548314,546.2618301875494,532.9513908510692,519.3165587865308,505.5048166256896,491.65649325101407,477.90255486027945,464.362986991526,451.14536716535895,438.3439669151917,426.0391778319473,414.29731455759736,403.1707749259866,392.6984412520377,382.90642078044914,373.8089034959395,365.40921325713094,357.7010728480202,350.6697455374081,344.293359220694,338.54423765614507,333.3900980690953,328.7951420945249,324.721313960019,321.12920407450486,317.97884108562596,315.23063644246054,312.8458534059701,310.787194317404,309.0192468891442,307.508678274731,306.22456101994516,305.13840125398224,304.22424026617364,303.4586274337527,302.82053257901026,302.29129860779443,301.8544511224548,301.49556843156506,301.20212592058664
0.0003687636992374937,632.9321834321163,632.1220831303463,629.7038830642725,625.7139268363185,620.2117303791497,613.2783984338706,605.0144909675828,595.5374566609627,584.9787188313118,573.480533880097,561.1927145166724,548.2693304360528,534.8655378599983,521.1345060902897,507.22464809965487,493.27718356694055,479.4239195099542,465.7856232968217,452.4705886129479,439.5737325649527,427.17601839782594,415.34425704342215,404.1312666462527,393.57627545485894,383.7056638574323,374.5338256145176,366.06422317663635,358.290656815978,351.1984117838026,344.76558733147084,338.964434504839,333.7625584951926,329.12401642943445,325.01058037752324,321.3826472941971,318.2000353058655,315.42293418955853,313.01237803477926,310.93083703473184,309.1426674934263,307.61430838592844,306.3146107983879,305.2148676616456,304.2889174345808,303.51311821669987,302.866261085501,302.3295233105433,301.886278190777,301.52196501823863,301.2239333476848
0.0003737636992374937,635.4850873026969,634.6695724124002,632.2352065567692,628.2185645826231,622.679539873759,615.6997493761767,607.3803851135251,597.8396300056238,587.2097244518269,575.633804536302,563.2626051439088,550.2511413032188,536.7555194602469,522.9298477112865,508.9234518751473,494.87842571680005,480.92740140709327,467.1919137524113,453.7809596620299,440.79009045609496,428.30083134257416,416.38048155461433,405.0822732696066,394.44577604895875,384.4976404039446,375.2524623422786,366.7138427422085,358.87566043846965,351.72322481350653,345.23460955218707,339.38199681834976,334.1328842122823,329.4511892347746,325.29851699426166,321.6350763486323,318.42048031754894,315.6147023587025,313.1785525995325,311.0742740710904,309.2659963700228,307.7199346736446,306.4047226276363,305.2914436114064,304.35373651906133,303.5677710609883,302.9121620918276,302.36792341988803,301.91827789088745,301.5485273322446,301.24589674986754
0.0003787636992374937,638.0036180165783,637.1827780000358,634.7325134104734,630.6896263984751,625.1143813343803,618.0888985315858,609.7149910631732,600.1115631666,589.4116577824238,577.7592748478064,565.3060546539547,552.2079402133379,538.6219706309043,524.703175360741,510.6017760856826,496.46072443281946,482.41346251067944,468.5822785817143,455.076860200424,441.9933818518558,429.4139212733174,417.40625821397424,406.02403275575494,395.3071512503353,385.2825313609072,375.96496981846104,367.35820572993447,359.4561974970673,352.24428068337625,345.7005063621249,339.7969915050101,334.5011304107895,329.77670567510205,325.5851604761973,321.8865207687159,318.64019972023624,315.80595966890405,313.3443918455987,311.2175169719141,309.3892425167944,307.82556413133045,306.4949019433045,305.36813334326223,304.4187008536093,303.62258862263815,302.9582377526624,302.40650072346307,301.9504517434872,301.57525670029366,301.2680173116609
0.0003837636992374937,640.4886831900296,639.6626050102482,637.1967012837207,633.1279976394399,627.5171231588392,620.4466929438746,612.01913043227,602.3540486361323,591.585278922393,579.8576697151484,567.3237504335667,554.1403752313777,540.4654988191389,526.4550550784024,512.2601450646032,498.02456250825185,483.8825446724798,469.95711968582737,456.3586535163749,443.18393306352226,430.5155794071381,418.42184522224863,406.9567725105814,396.1605999860162,386.0605095402269,376.67149710870916,367.9974397951958,360.03237650643604,352.76167094265446,346.1633544032463,340.20948222328457,334.86734954248465,330.10060861809905,325.87054557163714,322.13700849108403,318.8592157932596,315.99672374978053,313.50990962228974,311.3605765476572,309.51241433016827,307.93120326124966,306.5851537804868,305.44494077102297,304.48381350682183,303.677573341903,303.0044900473877,302.445256866615,301.9828011539058,301.6021543556993,301.2902961421562
0.00038876369923749373,642.9411518240704,642.1099200514143,639.6286296443939,635.5345259952838,629.8885968020272,622.7739436236593,614.2935898860171,604.5678451949013,593.7313156362975,581.9296831987322,569.316350620513,556.0490668391715,542.2866856075698,528.1860287891324,513.8990607902094,499.5704021316284,485.3350708621268,471.31682176216765,457.6266873143854,444.3620563678396,431.6060843950653,419.42748959418304,407.88071004008634,397.0063124719197,386.83174013270155,377.3721866491281,368.6316668588647,360.6043010484678,353.2754829205805,346.62322672650475,340.6195295916603,335.2315914984599,330.42293878475834,326.15470523735945,322.3865659635293,319.07754958343565,316.1870112141942,313.67511894274196,311.5034629229345,309.63551964528085,308.0368581071199,306.67548280017564,305.5218695035897,304.5490772989541,303.73272745686944,303.05092079088115,302.484193360906,302.0153274187652,301.6292214435632,301.3127342790158
0.00039376369923749374,645.3618565894286,644.5255535020021,642.0291220299936,637.9100237193097,632.2295989628974,625.0714276821136,616.5391232094047,606.7536799098291,595.8504652711949,583.975980348592,571.2844858402451,557.9346095746405,544.0860882529607,529.8966157392488,515.5190042191458,501.09868611771975,486.77144629724194,472.6617533362887,458.881294652084,445.5280508529902,432.68570308179716,420.42342783706147,408.796053553131,397.8444707453836,387.5963811759989,378.0671746553554,369.2610034630096,361.1720700799787,353.7857999911954,347.0801930185884,341.02719138183295,335.5939037729184,330.74373488757885,326.43767075466354,322.63521824199637,319.2952209857632,316.37683772508524,313.84003203901676,311.6461855817444,309.7585657729275,308.1425342841662,306.76589331359384,305.59892286456187,304.61449481764157,303.7880530159996,303.0975316434677,302.5233115919653,302.0480317321339,301.65645902556787,301.3353326921767
0.00039876369923749376,647.7515959390117,646.9103016172628,644.3989681370822,640.2552696893648,634.5408936062985,627.3398903035065,618.7564532210994,608.9122499808606,597.9433965288587,585.9971988956958,573.2287608110715,559.7975735468036,545.8642411082195,531.587313823836,517.120436518464,502.60983904485096,488.1920594874725,473.99226771498877,460.122794805518,446.68220319983556,433.75469120718355,421.4098865771314,409.7030025177945,398.67524915662693,388.35458398646614,378.7565914999488,369.88556109898707,361.73577821646626,354.2927018175011,347.53431981094604,341.43252269676924,335.95433161411813,331.06303375791003,326.7194718362954,322.8829890799492,319.51224881777273,316.566218057049,314.00466041287285,311.7887534091465,309.8815595336233,308.2482370068326,306.8563893046378,305.6761039103294,304.6800684324146,303.84355188971676,303.1443241201179,302.56261282674905,302.08091519122314,301.6838680844134,301.3580922872809
0.00040376369923749377,650.1111360636401,649.2649284796062,646.738925755682,642.571011315891,636.823213834727,629.5800465712801,620.9462735451798,611.044224450521,600.0107511062569,587.9939508174505,575.1497558298607,561.6385058379457,547.6216569383968,533.2586008150183,518.7038002056573,504.10426830716244,489.59728320035055,475.3087038679467,461.3514940694582,447.8247884043832,434.8132940548388,422.3870831387238,410.6017481756329,399.4988148229426,389.1064935581228,379.44056206102425,370.5054465104835,362.2955159941511,354.79626457689085,347.9856706727471,341.83557613505434,336.31291816367036,331.3808704634548,327.00013672510283,323.1299010108187,319.72865088811994,316.75516615314916,314.1690148826143,311.93117472972455,310.00450728904366,308.35397111436964,306.9469744506089,305.75341544679264,304.7458003081191,303.8992257811234,303.19129959896196,302.60209822026604,302.1139788016648,301.7114495279331,301.38101390885913
0.0004087636992374938,652.4412127051047,651.590167806692,649.0497225625385,644.8579663107432,639.0772636234715,631.7925831608179,623.109250253488,613.1502457885811,602.0531452161251,589.9668237887176,577.048028149021,563.4579318030977,549.358828140224,534.9109355001169,520.2695202049634,505.5823650894944,490.98747535603223,476.6113872443457,462.5676864985953,448.95607044680196,435.86174705267774,423.3552260803626,411.4924740176628,400.31532804901167,389.8522489318225,380.1192060447685,371.1207619737919,362.8513701122872,355.29656116956585,348.43430638924383,342.23640194278187,336.66970458525907,331.69727841683607,327.27969228517713,323.37597542416887,319.94444405995176,316.94369517740245,314.3331056263756,312.07345734312946,310.1274149710854,308.4597410944931,307.03765214138946,305.8308600448348,304.811692417342,303.955076235931,303.2384593291834,302.64176882181624,302.14722348241264,301.73920419291517,301.4040983432891
0.0004137636992374938,654.7425328391463,653.8867246297903,651.3320577857105,647.1168243290715,641.3037194312099,633.9781599106758,625.246023390024,615.2309313628625,604.0711709982347,591.9163825284647,578.9241132543748,565.2563562759198,551.0762278737361,536.5447587376781,521.8180048273603,507.04450527175936,492.3629798572364,477.9006305302662,463.77165459488805,450.0763029117474,436.9002763296619,424.31451569170264,412.37535622549257,401.1249427163702,390.59198353725856,380.7926382841682,371.7316055573692,363.4034236575142,355.7936614114677,348.8802851268524,342.63504815410806,337.02473018373496,332.01228947603147,327.5581640861617,323.6212326361481,320.159644309517,317.13181756332835,314.4969422221634,312.21560855696566,310.25028810876256,308.5655511052868,307.128425497203,305.90844005465976,304.8777465519322,304.0111046516726,303.2858044383471,302.6816255807873,302.18065007029776,301.7671328486599,301.4273463215502
0.0004187636992374938,657.0157762396462,656.1552768536812,653.5866037516586,649.3482484952866,643.5032316968776,636.1374112828354,627.3572083876359,617.2868748060824,606.0653978308576,593.8431700511285,580.7785260525537,567.0342646891347,552.7743111136388,538.1604944385323,523.3496466809144,508.4910502689633,493.72412736004554,479.17673435202835,464.963669945779,451.18572956426544,437.9290992326002,425.2651444547382,413.2505640806655,401.9278066447466,391.325825510207,381.4609690160552,372.3380713625051,363.9517563118411,356.28763221309976,349.32366258612973,343.0315607214775,337.3780325154411,332.32593403740077,327.83557648133285,323.8656919547319,320.3742667804442,317.31954505891053,314.66053368494556,312.3576352172578,310.3731318531296,308.67140499550646,307.21929738508516,305.9861576190949,304.94396433369707,304.06731228626126,303.33333593921236,302.72166935204723,302.2142593242714,301.79523620029374,301.45075852179264
0.0004237636992374938,659.2615969341814,658.39647670821,655.8140073248707,651.5528768230176,645.6764262325281,638.2709477214648,629.443397386212,619.3186472876272,608.0363735509695,595.7477088308499,582.6117619756604,568.7921241168373,554.4535156272998,539.7585504783173,524.864823517461,509.9223478124013,495.07123599065477,480.43998793013674,466.1439938175112,452.28458488510694,438.9484248064527,426.2072974723717,414.1182603449681,402.72406192770666,392.05389798715555,382.1243041383523,372.940249746745,364.49644454568715,356.77853774546566,349.7644921437026,343.42598363642156,337.729647490534,332.6382411219526,328.1119526799998,324.1093717402155,320.5883258340669,317.5068887682864,314.8238885010436,312.49954373670784,310.49595100040364,308.7773063234236,307.31027043417623,306.06401468595004,305.0103472243453,304.1237002659519,303.3810547360757,302.7619009009695,302.2480519293609,301.82351489186215,301.4743355717361
0.00042876369923749384,661.4806245600753,660.610952100611,658.0148912490652,653.7313235379747,647.8239055209319,640.379356918729,631.505160460666,621.326798698261,609.9846255908769,597.6305018859186,584.4242980101748,570.5303842452643,556.1142628855586,541.3393195472516,526.3638990209967,511.33873267700733,496.404612012646,481.6906696880155,467.3128777073553,453.37309456889915,439.95845424124127,427.1411528671207,414.9786016141775,403.5138452447991,392.7763193792524,382.7827454492141,373.53822753154526,365.03756179726105,357.26643959423404,350.20282498409875,343.81835904174125,338.0796094679919,332.94923845543286,328.387314814712,324.3522894613643,320.8018350961349,317.6938591904458,314.98701466006185,312.6413401209336,310.6187500134415,308.8832583743343,307.40134704993875,306.1420130195131,305.0768965347414,304.18026959275755,303.42896163068343,302.80232090812115,302.2820285003641,301.8519695092206,301.49807805091444
0.00043376369923749385,663.6734656291866,662.7993078768172,660.1898553981182,655.8841803117607,649.9462499258079,642.463204995345,633.5430467661906,623.3118587549841,611.9106620381965,599.4920337900471,586.216593656388,572.2494782779692,557.7569589119349,542.9031799423794,527.8472235426351,512.7405273593398,497.72455044891046,482.9290478193047,468.4705638581794,454.45147598828163,440.9593812883629,428.0668821524672,415.83173864747727,404.2972881521777,393.4932036273142,383.43639086958785,374.1320881954914,365.5751786394338,357.75139690312307,350.63871022233496,344.2087273358045,338.4279513439284,333.2589525427602,328.6616840037154,324.5944617475906,321.0148075002211,317.8804662551926,315.1499196845624,312.78302999286007,310.7415330417095,308.9892641768462,307.49252942738815,306.2201542112548,305.14361343353,304.23702115136473,303.47705732775074,302.8429299736425,302.3161895853041,301.88060058274095,301.52198649277784
0.00043876369923749386,665.8407047088731,664.9621269991723,662.3394779440762,658.0120174138904,652.0440188218079,644.5230376028434,635.5575856075284,625.2743380325591,613.8149726254463,601.3327716164517,587.989091824045,573.9498237807643,559.3819950752783,544.4504963069919,529.3151347865055,514.1280427102535,499.03133566194435,484.1553808171236,469.61728573845966,455.5199386268094,441.95139264882977,428.98465057910727,416.6778166745554,405.07451735348104,394.20466043946374,384.08533465057207,374.7219120542786,366.1093629351446,358.23346650740393,351.0721950180333,344.59712726961635,338.77470463377233,333.56740873728023,328.93508040905454,324.8359044374905,321.2272553280979,318.0667193565978,315.31261065767364,312.9246186154163,310.86430393987337,309.09532651804665,307.58381956342055,306.29843968980913,305.2104989551817,304.2939557155918,303.52534244011923,302.88372862134435,302.35053566866367,301.9094085898468,301.5460613866653
0.0004437636992374939,667.9829055258629,667.0999716472616,664.4643164489141,660.1153847885872,654.1177516507054,646.5593809538191,637.5492874383672,627.2147289276003,615.6980296549098,603.1531658201461,589.7422196693304,575.6318234712816,560.9897488304169,545.9816203214923,530.767958450553,515.5015785259185,500.3252418958832,485.36991796838134,470.75326849053283,456.5786844831579,442.9346683357154,429.8946174581445,417.5169756821995,405.84565495258056,394.9107955128172,384.72966756681467,375.30777642854,366.640179982282,358.7127030583349,351.5033246817623,344.9835960372568,339.11989954881824,333.874631305266,329.20752329068006,325.07663262403906,321.4391902473341,318.2526273841516,315.4750942488027,313.06611091267945,310.9870662851201,309.2014479576413,307.6752192683115,306.37687073028735,305.27755400750806,304.3510739544248,303.5738174935827,302.9247173025456,302.3850671744186,301.9383939573948,301.5703031796583
0.0004487636992374939,670.1006119991333,669.213384247944,666.5649088860711,662.1948130623114,656.1679689096242,648.5727427858778,639.5186447963941,629.1335065605688,617.5602888639021,604.9536510633468,591.4763893778472,577.2958659575481,562.5805844109341,547.4968913495586,532.2060088258297,516.8614241005027,501.60653378332324,486.5728998159216,471.8787293496272,457.627908448924,443.90938201287395,430.79693646307464,418.3493506820379,406.6108186896555,395.6117107405034,385.36947709707806,375.88975580050254,367.16769264889,359.18915913926065,351.9321427742322,345.3681693602243,339.4635650676051,334.18064348605054,329.4790310568854,325.3166606967175,321.6506233463385,318.4381987518009,315.63737673760556,313.20751148958914,311.10982339331514,309.3076308411486,307.76673017645066,306.4554484629814,305.34477937868843,304.40837643766764,303.622482931408,302.9658963996711,302.4197844688849,301.9675570639113,301.59471227832404
0.0004537636992374939,672.1943492073307,671.3028884401014,668.6417745972386,664.2508144874198,658.1951730766127,650.563613264449,641.466133179027,631.0311296205184,619.4021902350908,606.7346469884336,593.1919988978153,578.9423264295643,564.154853477822,548.9966370431084,533.6295893575278,518.2078587435248,502.8754668196979,487.7645585910315,472.99387803597114,458.6677986621057,444.87570131180325,431.691755912237,419.1750719609177,407.37012216191454,396.3075044051819,386.00484759299013,376.46792196036137,367.69196149947123,359.66288537404,352.3586911989168,345.7508815661725,339.8057290025366,334.4854675481418,329.749621311368,325.55600238081615,321.86156516705324,318.62344142504105,315.7994640363552,313.34882465034923,311.2325783340882,309.4138773122242,307.8583537563765,306.53417388150206,305.4121757438466,304.46586364123425,303.67133911857485,303.00726622963145,302.45468786339484,301.9968982416981,301.6192890503583
0.0004587636992374939,674.2646242957608,673.368989979128,670.6954151893784,666.2838838268664,660.1998494783737,652.5324658291627,643.392211864386,632.908041156998,621.2241587561005,608.496558942504,594.8894326273193,580.5715673075051,565.7128957274127,550.4811739092436,535.0389931707126,519.5411522646097,504.13228780771817,488.9451186186106,474.0989171220701,459.6985368381471,445.8337881283531,432.5792190332558,419.99426531527337,408.1236750301654,396.99827136011294,386.63586043690736,377.0423441431781,368.21304491308575,360.13393052840917,352.7830102886185,346.13176566248256,340.14641806211966,334.7891248416371,330.0193108971804,325.79467077413824,322.072025735485,318.80836294621656,315.96136171083174,313.490054415618,311.35533394493063,309.520189324184,307.95009132016224,306.6130478503994,305.4797436712139,304.52353595211275,303.7203863457558,303.0488270469969,302.48977761681596,302.02641777881604,301.64403382613506
0.0004637636992374939,676.3119273275298,675.4121775857182,672.7263153764969,668.2944991844099,662.18246710454,654.4797579880719,645.2973246816593,634.7646693231177,623.0266051322515,610.239778657195,596.5690620590982,582.1839388498438,567.2550394616854,551.9508078420704,536.4345035634439,520.8615654281341,505.37723527416273,490.1147966970894,475.19404237704924,460.7202985802698,446.7837989008245,433.45946421085375,420.8070522707195,408.87158321232164,397.6841031987436,387.2625941897317,377.6130891570382,368.7309991938834,360.6023416048257,353.2051388864485,346.5108534050731,340.48565790916166,335.0916358472257,330.28811593781484,326.0326783813056,322.2820145902396,318.99297045816905,316.1230749998527,313.631204538582,311.4780928443827,309.62656865078736,308.04194403220544,306.69207111230264,305.5474836279085,304.58139367302556,303.7696248330581,303.0905790469873,302.5250539379236,302.05611592095653,301.66894690017074
0.00046876369923749394,678.3367320830054,677.4329237431186,674.7349437703037,670.2831227844017,664.1434793724839,656.4059320636177,647.1819007346423,636.6014280734321,624.8099264559346,611.9646848871223,598.2312463860584,583.7797797244003,568.7816021237719,553.4058346220303,537.8163944697347,522.1693503800235,506.6105398611005,491.27380245500035,476.27944308979454,461.73325367065485,447.7258848708671,434.3326252192977,421.6135502879876,409.6139490648402,398.36508841368146,387.8851247294472,378.1802215031332,369.24587867464675,361.06816393129515,353.62511442164924,346.88817536281266,340.8234732152372,335.3930202220414,330.55605187564163,326.27003714585226,322.4915408092164,319.1772707263607,316.28460883354535,313.77227851999953,311.60085744437856,309.733016896338,308.13391291746643,306.7712442946178,305.61539598536183,304.639437026809,303.8190547335428,303.13252236828544,302.56051698763935,302.08599287320874,301.694028532508
0.00047376369923749395,680.3394968114043,679.4316854466381,676.7217536235194,672.2502017048677,666.0833248463107,658.3114158938914,649.046355081907,638.4187178199707,626.5745068358261,613.6716440099902,599.8763330704058,585.3594175450542,570.2928908012321,554.8465403851469,539.1849308945831,523.4647510487671,507.83242469344117,492.42233868593627,477.355302372468,462.73756634390145,448.66019232845974,435.1988314406261,422.41387295622945,410.3508715529942,399.0413125458545,388.50352538107416,378.74380348837815,369.7577358138725,361.5314412446329,354.04297298065154,347.2637609778691,341.15988771170737,335.6932968426054,330.8231335079015,326.5067584802723,322.7006130346001,319.36127015958755,316.44596785045707,313.91327962229013,311.72362996181437,309.8395355051522,308.22599886919556,306.8505679158151,305.68348102441735,304.69766616053306,303.86867613654,303.174657095693,302.5961668811446,302.1160488017316,301.7192789500274
0.00047876369923749397,682.3206649379886,681.4089049088852,678.6871835292745,674.1961685672775,668.0024279133643,660.1966234924481,650.8910893767525,640.216926049464,628.3207179888634,615.3610105911648,601.5046583790548,586.9231693766253,571.7892026994544,556.2732020643843,540.5403693231169,524.7480035225365,509.04310572454926,493.5606016634809,478.42179744583973,463.7333955440663,449.58686284214497,436.0582080697052,423.20813017462046,411.08244641080705,399.7128583245837,389.1178670386783,379.3038953311174,370.26662128687366,361.99221576857826,354.4587493737191,347.6376386222987,341.4949242375498,335.9924838450752,331.089375020436,326.7428532941768,322.9092394962783,319.54497482938876,316.6071564135911,314.0542108827429,311.84641242939574,309.94612577044313,308.31820265618865,306.9300423913364,305.75173894012573,304.75608114938024,303.91848907077383,303.21698326263515,302.63200368987856,302.14628383533596,301.74469834769
0.000483763699237494,684.2806657300492,683.3650102239094,680.631658079747,676.1214421861107,669.9011994212917,662.0619556696415,652.7164924698257,641.9964279045474,630.0489197976551,617.0331279152616,603.1165478877316,588.4713422102134,573.2708255873265,557.6860878051291,541.8829581057191,526.0193364041329,510.2427920615065,494.68878143756126,479.47909990775287,464.720895166475,450.5060334755891,436.9108763070734,423.9964283231151,411.808766291403,400.3798057992332,389.72821828001736,379.8605552604278,370.77258407134053,362.4505282871385,354.87247719750945,348.009835651153,341.8286047842348,336.29059866300145,331.3547900193234,326.97833202069836,323.11742803380105,319.7283904882487,316.76817862544647,314.1950751259073,311.96920670581807,310.0527888426629,308.4105249296042,307.0096680391516,305.8201698462593,304.81468200030116,303.9684935073108,303.25950085352866,302.6680274434288,302.1766980669842,301.77028688971734
0.000488763699237494,686.2199149245948,685.3004159931484,682.555588486923,678.0264281810598,671.7800372784604,663.9078006182067,654.5229409770523,643.7575867314971,631.7594608357787,618.6883284870892,604.7123169559984,590.0042334110921,574.7380382171522,559.0854573566302,543.2129378208427,527.2789711453438,511.4316862714731,495.8070621135471,480.5273759859278,465.7002142853941,451.4178369914491,437.75695354045126,424.77887042313614,412.5299209084649,401.0422324630468,390.3346454743568,380.4138396094823,371.27567152776356,362.90641821351073,355.2841888938457,348.38037845235795,342.16095053786336,336.5876580627729,331.6193915605716,327.21320464127217,323.3251861169895,319.9115225866788,316.9290383421344,314.33587497522643,312.0920144853285,310.1595257373415,308.50296622937435,307.0894450849871,305.888773779565,304.8734686554625,304.0186893623455,303.30220980602144,302.70423813132226,302.2072915552129,301.79604471071224
0.000493763699237494,688.138815320418,687.2155239158562,684.4593731681243,679.9115195544837,673.6393270202851,665.734534465586,656.3107998153051,645.5007545968349,633.4526788632052,620.3269345040894,606.2922711752288,591.5221311410797,576.1911107206151,560.4715624410912,544.5305416170817,528.5271223621529,512.6099846704791,496.9156221153148,481.5667867762105,466.67149736856567,452.322402043444,438.5965535157188,425.55555628891125,413.2459971694307,401.7002133697258,390.937212883943,380.9638029033983,371.77592947508657,363.3599236548976,355.6939158049732,348.7492924935958,342.49198191876417,336.88367817691653,331.883192178011,327.44748070891035,323.53252086528937,320.09437628926054,317.0897391866379,314.47661286396726,312.214837306713,310.2663373424589,308.5955269902378,307.1693736672513,305.95755070377425,304.932440995502,304.0690764998325,303.34511001311216,302.7406357047233,302.2380643254845,301.8219719167259
0.000498763699237494,690.0377573369952,689.1107233464501,686.3433982987324,681.7770972365037,675.4794423438155,667.5425217952927,658.0804227080325,647.2262727749535,635.1289012939203,621.9492583022468,607.8567067914098,593.0253147571542,577.6303049824502,561.8446471019556,545.8359955359368,529.763998132137,513.7778775958668,498.01463443338986,482.5974884672804,467.6348844795185,453.219853357455,439.42978649810067,426.32658267011345,413.9570793010116,402.35382124326225,391.53598275958126,381.5104979419623,372.27340226192734,363.81108147351006,356.10168822555033,349.1166023664056,342.8217186187312,337.1786745354061,332.14620390951217,327.68116937007744,323.7394390659606,320.27695648972315,317.2502845612759,314.61729104549664,312.3376765617495,310.3732244253836,308.6882075474218,307.2494538416776,306.0265005133877,304.9915988426044,304.1196547339777,303.38820132515957,302.7772200780456,302.26901637147165,301.8480685862729
0.000503763699237494,691.9171195424764,690.9863918210362,688.2080383343402,683.6235305999458,677.3007456127468,669.3321161394224,659.8321526628955,648.934472208733,636.7884456376319,623.5556027772725,609.4059111044819,594.5140551879316,579.0558749933446,563.2049480328135,547.129518816598,530.9898002752672,514.9355496635053,499.1042668591949,483.619632552747,468.59051146850055,454.1103119024124,440.2567594242324,427.09204338640825,414.66324896756163,403.003126581493,392.13101543072946,382.05397587758625,372.7681328336756,364.2599273440219,356.50753545160245,349.4823318276954,343.15017963606687,337.47266209511935,332.4084383216501,327.91427938526414,323.9459471911839,320.45926782512447,317.4106776594262,314.75791160295046,312.46053350316504,310.48018763940644,308.781008141998,307.32968558570406,306.0956230372485,305.0509419634087,304.17042383159674,303.43148355178755,302.8139911304831,302.30014765627993,301.8743347713001
0.000508763699237494,693.7772691528409,692.8428955551794,690.0536565043869,685.451177947156,679.1035883348385,671.1036604442463,661.5663224232941,650.625673944969,638.4316199173088,625.1462617827309,610.9401628458027,595.9886152895021,580.4680671834685,564.5526948882338,548.4113241839572,532.2047246192383,516.0831800108087,500.18468220634355,484.63336603149423,469.53851015280395,454.9938950516651,441.0775760457336,427.85202945445974,415.36458538279084,403.64819775380863,392.72236939048344,382.59428628882637,373.2601627957536,364.7064958077236,356.9114858266493,349.846503838847,343.4773833085838,337.7656552675715,332.6699065329191,328.1468191483521,324.15205141415976,320.6413146891966,317.5709214765604,314.8984764583365,312.58340925212906,310.5872275298986,308.8739289259324,307.41006880260784,306.16491804192003,305.11047007176126,304.2213835143509,303.4749564636936,302.8509487074658,302.33145811361214,301.90077049811026
0.0005137636992374941,695.6185625041334,694.6805899148266,691.880605279167,687.2603869705544,680.8883116135752,672.8574875106812,663.2832548955173,652.300189546283,640.0587230641606,626.7215205066404,612.4597325351874,597.4492501819987,581.8671207379305,565.8881105777325,549.6816181209745,533.408961250361,517.2209425265098,501.25603851985045,485.63883159706023,470.4790084871989,455.8707167354721,441.89233706485874,428.6066292079065,416.0611654152717,404.2891010934123,393.31010137580324,383.13147724976506,373.7495324733011,365.15082032360044,357.31356678520024,350.2091406025779,343.80334734470597,338.05766794504575,332.9306192356017,328.3787967048508,324.3577576242692,320.8231012449138,317.7310188206369,315.0389873811101,312.70630480531713,310.69434454011883,308.96696996685256,307.4906033254117,306.23438523488034,305.1701828313212,304.2725334608664,303.51861979436694,302.8880926220456,302.3629476488791,301.9273757682448
0.0005187636992374941,697.441345499544,696.4998198621442,693.6892268119582,689.0514951886483,682.6552465757566,674.5939204112763,664.9832635531168,653.9583214810605,641.6700452915345,628.2816558279628,613.9648828188696,598.8962075681621,583.2532678953422,567.2114115439838,550.9406011264261,534.6026947509703,518.349006068062,502.31848927405565,486.6361678167789,471.41213072513034,456.74088758520884,442.70114026275417,429.3559284107759,416.7530636881546,404.92590098449335,393.8942664432992,383.6655953955349,374.2362809675251,365.59293331654203,357.71380489379465,350.5702635977137,344.12808885279685,338.34871352522737,333.1905867163808,328.61021976908427,324.56307144135997,321.0046314363353,317.8909723218952,315.17944599625855,312.8292210415717,310.8015390166935,309.060131252549,307.57128892057625,306.3040242675453,305.23007985803093,304.32387330874735,303.5624732417222,302.9254226562156,302.39461614025856,301.9541505593278
0.0005237636992374941,699.2459540329604,698.3009203778936,695.4798533578835,690.8248303590987,684.4047147765768,676.3132728852444,666.6666528199792,655.600363492839,643.2658684491007,629.8269366542864,615.4558687896202,600.3297280350781,584.626734230595,568.5228080263012,552.1884679589888,535.7861044242275,519.4675346674793,503.372183560002,487.62550930135455,472.33799757128475,457.6045150698306,443.50408062080874,430.1000103647697,417.44035267347385,405.558659944655,394.47491804087105,384.196685984243,374.7204462089386,366.0328662228767,358.1122258897526,350.92989361200875,344.4516243688354,338.63880493444327,333.44981887577984,328.8410957403983,324.7679982292173,321.18590899977244,318.0507844420928,315.3198537919266,312.95215872818795,310.90881121479043,309.1534126952295,307.652125291492,306.37383473813185,305.2901607224584,304.37540265648727,303.60651646965334,302.9629385621684,302.4264634397079,301.9810948258736
0.0005287636992374941,701.0327143904987,700.0842168618424,697.2528076709884,692.5807108703004,686.1370285836338,678.0158497129382,668.333718433461,657.2266009504657,644.8464663585873,631.357624241909,616.9329382901697,601.7500453401603,585.9877389228603,569.8225043103364,553.4254078685389,536.9593645071311,520.5766877263604,504.4172662629472,488.6069868654892,473.2567263260862,458.4617036250971,444.3012504355459,430.8389560108208,418.1231027813993,406.18743870290325,395.05210807547496,384.72479295552876,375.20206500769115,366.47064953340544,358.5088547177867,351.2880507731471,344.7739698825475,338.9279546495995,333.70832524651036,329.07143171845274,324.9725431082724,321.36693747432366,318.2104574832199,315.46021212661344,313.0751185268487,311.0161613030084,309.2468141355413,307.73311208178643,306.44381619437183,305.35042495202055,304.4271210652859,303.6507491095147,303.00064006349635,302.45848937393106,302.00820850006033
0.0005337636992374941,702.8019436314029,701.850025512606,699.0084033809187,694.3194461128426,687.8524915411984,679.7019470710752,669.9847477888487,658.8373111802374,646.4121051322339,632.8739724994346,618.3963322009922,603.1573866823844,587.3364950097521,571.110698964871,554.6516048154801,538.1226443724854,521.6766202007856,505.45387823064016,489.5807276801325,474.16843102263863,459.3125547760223,445.09273942747416,431.57284402529035,418.80138244475944,406.81229627348796,395.62588697726784,385.24995898597837,375.68117310118197,366.9063128340997,358.9037155646153,351.64475457804133,345.0951408620965,339.21617471890227,333.96611501079633,329.3012345176592,325.1767109676003,321.5477202118198,318.3699935957273,315.6005222359692,313.19810099923166,311.1235893679977,309.3403353463766,307.81424887845446,306.51396813608477,305.41087203309473,304.47902806077803,303.6951707615304,303.03852685633746,302.49069374530427,302.03549149247203
0.0005387636992374941,704.5539499496043,703.5986536881986,700.7469453504661,696.0413368321007,689.5513987159825,681.3718528699127,671.6200202663109,660.4327637811546,647.9630434750447,634.376228275918,619.8462847134324,604.5519729596934,588.6732096285218,572.3875850665122,555.8672376788534,539.2761087205236,522.7674827767247,506.4821564329451,490.5468554168871,475.07322255659324,460.15716725298,445.87863484427885,432.3017509111458,419.4752581991367,407.4332900258586,396.1963037603616,385.77222554159465,376.1578051991313,367.3398848446149,359.29683189170703,352.00002392053926,345.41515227742457,339.5034767814408,334.2231970167443,329.53051068081993,325.3805064762509,321.7282603862176,318.5293947862988,315.74078523921617,313.3211066123097,311.2310954188317,309.4339760364758,307.8955352148258,306.5842900176199,305.4715014130247,304.5311231346784,303.7397809961403,303.0765986104704,302.52307633276246,302.0629436928099
0.0005437636992374941,706.2890330171332,705.3304002484881,702.4687300151695,697.7466754631278,691.234037025543,683.0258470734886,673.2398075414239,662.0132209243296,649.4995329718452,635.8646316345112,621.2830235890792,605.9340190134346,589.9980842450879,573.6533504130429,557.0724804539234,540.419917760826,523.8494220365499,507.50223411335236,491.50549038505716,475.97120880938235,460.9956371018618,446.65902155871134,433.02575108443733,420.1447947588163,408.05047575098223,396.7634060804024,386.29163292751116,376.6319950262706,367.7713934547562,359.6882264662743,352.35387711764304,345.73401862233203,339.78987208570686,334.47957979381846,329.75926649201915,325.5839340939591,321.9085610024764,318.68866292519635,315.88100214522,313.4441357433632,311.3386793911439,309.5277358538398,307.9769705733788,306.6547812501743,305.5323125020293,304.5834057463494,303.78457935528365,303.11485497036165,302.55563689264824,302.0905649705759
0.0005487636992374941,708.0074843104908,707.0455558806593,704.174045706062,699.4357464489271,692.9006855503859,684.664202003963,674.8443738802772,663.5789376375208,651.021818360068,637.3394161125022,622.7067704062331,607.303733860621,591.3113148716459,574.9081777261233,558.267502439892,541.5542273851363,524.9225806171968,508.5142409328776,492.45674966179604,476.8624947652327,461.82805778865765,447.4339821615052,433.7449169563642,420.8100550888462,408.6639077242507,397.3272402891744,386.8082203351235,377.103775362802,368.2008657590297,360.0779213906295,352.70633193433173,346.0517539353757,340.0753715071166,334.73527156748014,329.9875079888141,325.7869980812708,322.088624904952,318.8477997532067,316.0211738582314,313.5671886847243,311.4463411510445,309.6216143889636,308.05855438841,306.72544120399533,305.5933046750168,304.63587532429455,303.8295653536242,303.15329555616756,302.5883751595263,302.1183551757296
0.0005537636992374942,709.7095874210115,708.7444034087093,705.8631729565849,701.1088265431066,694.551615830754,686.2871826310206,676.4339764200865,665.130162075689,652.5301377891353,638.8008089685657,624.1177407942453,608.6613209147545,592.6130922735543,576.1522448439896,559.4524684183355,542.6791893316214,525.9870973604874,509.5183031068128,493.4007472157732,477.74718262233677,462.6545202988,448.2035970496249,434.4593190112035,421.4711004734482,409.2736387651881,397.88785148641233,387.3220258867979,377.5731780827675,368.62832808939527,360.46593813000436,353.05740560707795,346.36837181965944,340.3599855645989,334.9902802730415,330.21524097377073,325.98970250912254,322.2684547853365,319.0068068882124,316.1613011833199,313.6902656482667,311.5540804988317,309.7156111779032,308.14028604856765,306.79626921047407,305.65447727331406,304.688531267583,303.87473847972257,303.19191996469374,302.6212908469653,302.1463141393201
0.0005587636992374942,711.3956183501688,710.4272180879307,707.5363847946119,702.7661850978484,696.1870921490108,687.8950468472256,678.0088654361838,666.6671357784137,654.0247230672364,640.2490314179922,625.5161446564551,610.0069781958972,593.9036021661345,577.3857249047501,560.6275388229233,543.794951341097,527.0431074560819,510.51454353476015,494.33759402475414,478.62537189853674,463.4751132315893,448.96794451013005,435.1690258803528,422.1279905810041,409.8797202941545,398.4452835689938,387.83308667830744,378.04023419045444,369.05380604633535,360.85229753892787,353.4071148661375,346.6838854615862,340.643724436308,335.24461356878476,330.4424710253835,326.19205126790956,322.44805319017337,319.16568583141213,316.3013848315183,313.8133667696598,311.6618971725085,309.8097257051844,308.2221648992585,306.8672645641361,305.71582960631207,304.74137294720936,303.9200981971554,303.23072777031393,302.6543836482874,302.1744416740937
0.0005637636992374942,713.0658457907152,712.0942678852659,709.1939470204625,704.4080843380627,697.8073717984743,689.4880457301585,679.5692845961869,668.1900939149442,655.5057998962448,641.6842988566082,626.9021863824021,611.3408985306281,595.1830254019875,578.6087865208373,561.7928699009383,544.9016573056919,528.0907425775038,511.50308192435034,495.26739818745506,479.49715953184926,464.2899228899972,449.7271007999201,435.87410441272124,422.7807835258226,410.48220238622787,398.9995792776712,388.3414388191328,378.5049738549596,369.4773245283394,361.2370198862525,353.75547595668894,346.99830764863566,340.92659797451427,335.4982788483912,330.6692035084191,326.39404807607286,322.62742252797386,319.3244379732113,316.4414254246956,313.9364921123995,311.76979085111805,309.9039574065637,308.3041902449345,306.9384265245363,305.7773609530353,304.79439970739156,303.96564394558754,303.2697185258524,302.6876532372908,302.2027375750798
0.0005687636992374942,714.7205313944817,713.7458137463598,710.8361184717234,706.0347796225293,699.4127053394886,691.0664237921095,681.1154712020989,669.6992655176084,656.9735880954712,643.1068210740464,628.2760650499373,612.6632697424751,596.451538149379,579.8215939451342,562.9486138670776,545.9994474103986,529.1301310116415,512.4840349090168,496.1902650300114,480.3626399761374,465.0990333661191,450.481140221603,436.5746197416862,423.42953592687945,411.0811338224329,399.5507802414903,388.8471174707568,378.9674264430213,369.89890775990364,361.6201248789096,354.10250465889226,347.3116507862269,341.20861571972375,335.7512832527222,330.8954435837177,326.5956964882342,322.80656507595853,319.4830645988024,316.5814235001747,314.0596416716291,311.87776115790757,309.99830567165003,308.38636135126694,307.00975431806177,305.83907056363785,304.8476108668109,304.0113751417976,303.30889176342856,302.7210992689419,302.23120162015556
0.0005737636992374942,716.3599300276078,715.3821098500762,712.4631512756378,707.6465196927788,701.0033368434738,692.6304192180426,682.6476564210333,671.194873704254,658.4283018148977,644.5168024569845,629.637974617824,613.9742748333767,597.7093120622162,581.0243072292592,564.094919049984,547.0884582679222,530.1613977821098,513.4575161601744,497.10629720737523,481.22190529221206,465.90252662253386,451.23013519571697,437.27063534881876,424.0743029637109,411.67656213847454,400.0989270200336,389.35015688307294,379.42762055022393,370.3185793181317,362.00163168447074,354.4482163069323,347.62392691372094,341.48978691407206,336.0036336809917,331.1211962174851,326.7969999029081,322.9854829864465,319.6415668934549,316.7213795151104,314.18281537776426,311.98580766333146,310.0927698463953,308.46867744721374,307.08124713965043,305.9009576608309,304.90100571979764,304.05729118066085,303.34824699526945,302.7547213800433,302.2598335705899
0.0005787636992374942,717.9842900139209,717.0034038511978,714.0752910897756,709.2435469104174,702.5795041256378,694.1802640925056,684.1660655052181,672.6771358903468,659.8701497384923,645.9144421829258,630.9881041093676,615.2740921566885,598.9565144420927,582.2170823744591,565.2319300319264,548.1688230472153,531.1846647668242,514.4236364941236,498.01559479993546,482.07504523463035,466.70048256980755,451.974156329517,437.9622131245659,424.7151384296255,412.26853367112267,400.644059143616,389.85059042901815,379.88558403067117,370.7363621580216,362.38155895258575,354.7926258071068,347.9351477196153,341.77012051403744,336.25533680136635,331.3464661901071,326.99796156981455,323.16417829291424,319.7999459475309,316.86129385064123,314.3060130999321,312.0939298879026,310.1873492354615,308.55113772698724,307.15290415442746,305.96302144124536,304.9545835374648,304.10339143609053,303.38778371448933,302.78851918987635,302.28863317156913
0.0005837636992374942,719.5938533671333,718.6099371119733,715.6727773316452,710.8260974835443,704.1414389669941,695.7161846161092,685.6709180018827,674.1462639913151,661.2993352781682,647.2999344050577,632.3266377875854,616.5628955822107,600.1933083928583,583.4000714755306,566.3597877820177,549.2406715960572,532.2000508101172,515.3825039739836,498.9182554056326,482.9221473344353,467.4929791403624,452.7132724825246,438.6494134260659,425.3520947823905,412.85709360238286,401.1862151515525,390.3484506375338,380.34134402521744,371.15227863651575,362.75992483536464,355.1357476550161,348.24532455597716,342.0496252025125,336.5063990610278,331.57125810451276,327.1985845968164,323.3426529157431,319.9582027612428,317.00116681582966,314.4292346492356,312.2021273049008,310.28204310447114,308.63374135192686,307.2247244992662,306.0252610767332,305.00834356879307,304.14967526194124,303.42750139583933,302.82249230081953,302.3176001527047
0.0005887636992374943,721.1888560124825,720.2019449231393,717.2558433978651,712.3944016828738,705.6893673262823,697.2384013121581,687.1624279535953,675.6024646156825,662.7160567589123,648.6734684286888,633.6537553223934,617.8408546536892,601.419852968127,584.5734228581637,567.4786297833367,550.3041305580142,533.2076718297078,516.3342240069347,499.8143742278253,483.7632969780698,468.28009235891835,453.44755082902464,439.33229513225956,425.9852231925377,413.4422860015833,401.7254326286084,390.8437692249524,380.7949269883409,371.5663505353839,363.1367470067634,355.47759595190684,348.5544684521613,342.32830940027236,336.7568266957276,331.7955763941147,327.39887195650437,323.5209086676721,320.1163382491695,317.1409986514012,314.55247978185366,312.31039934294665,310.37685068214796,308.71648745228305,307.2967072842765,306.087675715611,305.06228504166893,304.1961419928755,303.4673994964276,302.85664029894525,302.34673422852296
0.0005937636992374943,722.7695279984008,721.7796567149963,718.8247168734738,713.9486840481325,707.2235095423513,698.7471292239813,688.6408040895795,677.045939249502,664.1205075955701,650.035228879731,634.9696319502467,619.108134739203,602.6363033121222,585.7372812100705,568.588590154289,551.359323484094,534.2076409188081,517.2788994370313,500.70404415914567,484.59857748267643,469.0618964096998,454.1770569176821,440.01091569645234,426.61457358942266,414.02415386549325,402.26174823973656,391.3365771248989,381.24635871373675,371.97859908300984,363.51204268103294,355.81818442021887,348.8625901278534,342.6061812768744,337.0066257388659,332.01942533035003,327.59882649244895,323.6989472589773,320.27435324454257,317.28078953329583,314.67574820198655,312.41874538844843,310.4717711623541,308.7993751289164,307.3688515942254,306.1502644838479,305.1164071638799,304.2427909451948,303.5074774564133,302.8909627545954,302.3760350989396
0.0005987636992374943,724.3360936987583,723.3432962590872,720.3796197319195,715.489163585264,708.744080527526,700.2425781034702,690.1062500085055,678.476884432569,665.512876461747,651.3853958656639,636.2744386266561,620.3648971748341,603.8428107942218,586.8917877062439,569.6897997645306,552.4063709393868,535.2000684436379,518.2166306338332,501.58735586156627,485.42807016798787,469.83846370058814,454.9018547284393,440.68533119646736,427.24019470516475,414.60273915658655,402.79519776319745,391.82690451679196,381.6956643587033,372.3890449751413,363.88582863028347,356.15752641838037,349.16970000547707,342.8832487610223,337.2558020301198,332.2428090298453,327.7984509251392,323.876770302388,320.4322485033182,317.42053957604116,314.7990395646543,312.52716478792854,310.5668037060286,308.8824034549175,307.44115648989253,306.21302648620286,305.17070912406757,304.2896214176389,303.54773469967347,302.925459222936,302.4055024497177
0.0006037636992374943,725.8887720061907,724.8930818609838,721.9207685262325,717.0160539549388,710.2512899524494,701.7249525913029,691.5589643532169,679.8954919268568,666.8933474512536,652.7241451293893,637.5683421719618,621.6112994019836,605.0395231375471,588.0370801286663,570.7823863457455,553.4453906049681,536.1850621365985,519.1475155770828,502.46439784288657,486.25185442499264,470.6098649243885,455.6220067268443,441.3555963825258,427.8621341165858,415.17808283955196,403.32581612215427,392.31478085302285,382.1428684673885,372.79770839466346,364.2581212012151,356.4956349548949,349.4758082220024,343.15951955042567,337.5043612236483,332.4657314612273,327.9977478576263,324.05437931775964,320.5900247080449,317.56024883595745,314.9223534783574,312.6356568502375,310.6619474430343,308.96557147715123,307.51362100936507,306.2759608073116,305.2251900926413,304.3366326921526,303.588170634446,302.9601292444938,302.43513595291193
0.0006087636992374943,727.4277765169927,726.4292265446614,723.4483745718549,718.5295636528375,711.7453424228561,703.1944523892978,692.9991409778278,681.3019488775965,668.2621002324948,654.0516481963606,638.8515054107307,622.8474950986731,606.2265845419178,589.1732929807654,571.8664745975592,554.476497375319,537.1627271853419,520.0716499376424,503.3352565298345,487.0700077815531,471.37616911736774,456.33757391595134,442.02176472297697,428.48043828525624,415.75022491614766,403.85363741482456,392.8002348848857,382.58799499296,373.20460903044943,364.6289363310612,356.8325227017597,349.7809246401881,343.43500112118215,337.75230879589725,332.6881964515986,328.1967197808879,324.2317757365141,320.74768247154,317.699917314205,315.04568950760705,312.74422084866006,310.7572014739164,309.04887821772974,307.5862441692745,306.3390665127273,305.2798492226544,304.38382403462356,303.6287846539492,302.9949723456733,302.4649352672983
0.0006137636992374943,728.9533157080215,727.9519382289091,724.9626441215723,720.0298961821443,713.2264376487051,704.6512724253204,694.4269691075965,682.6964379673888,669.6193101961816,655.3680725153415,640.124087305117,624.0736343051586,607.4041358014719,590.3005575969017,572.9421862888464,555.4998034515036,538.1331663179517,520.989127154895,504.2000163379642,487.88260596514004,472.13744371521216,457.0486158859234,442.6838884479969,429.0951525957528,416.3192044584913,404.3786949432718,393.2832946873286,383.0310673187608,373.6097660953402,364.9982895627888,357.16820200725226,350.08505885929054,343.7097007367107,337.9996500530266,332.9102076926992,328.39536907892983,324.4089609058616,320.90522234038497,317.8395449596811,315.16904717533214,312.8528560229202,310.85256487157847,309.1323226754177,307.65902496597874,306.40234264991716,305.33468565064544,304.4311946955918,303.6695761369782,303.0299880392572,302.49490003879015
0.0006187636992374943,730.4655931060342,729.4614198961906,726.4637785329611,721.5172502186591,714.694770606078,706.0956030111311,695.842633491954,684.0791375637175,670.9651485967124,656.6735815931343,641.3862430825016,625.2898635441527,608.5723144172358,591.4190022471466,574.0096403546777,556.5154184303301,539.0964798844487,521.9000385107945,505.05875973852153,488.6897229628383,472.8937546065424,457.7551908614631,443.34201859136346,429.70632139222573,416.88505964086846,404.9010212409066,393.76398768258895,383.4721082785022,374.01319834330087,365.36619605959623,357.5026849081214,350.38822022526733,343.9836254562595,338.2463901379816,333.1317687467674,328.5936980336392,324.58593609281604,321.0626447982492,317.9791316717763,315.29242596516946,312.96156158109136,310.9480366828799,309.2159038269739,307.73196237669214,306.46578824921636,305.3896984974447,304.47874391093154,303.7105444484811,303.06517582489056,302.5250299008418
0.0006237636992374943,731.9648074498514,730.9578697543549,727.9519744287411,722.9918197689161,716.150531692214,707.5276299935429,697.246314551046,685.4502218602086,672.2997826875603,657.9683351235881,642.6381243577144,626.4963259359372,609.731254704905,592.5287522376013,575.0689529891334,557.5234493897055,540.0527659348082,522.8044732007422,505.9115673224375,489.49143107876677,473.64516618411596,458.4573557471844,443.9962050304115,430.31398801336286,417.44782777014126,405.4206480987698,394.2423406627739,383.9111401755495,374.4149240857982,365.73267061874714,357.8359831412135,350.69041784050546,344.2567821430129,338.49253403722724,333.352883052122,328.7917088294027,324.76270248801563,321.21995026905256,318.1186773029965,315.4158253236442,313.07033670141436,311.0436159301594,309.29962062843185,307.8050553605661,306.5294023247428,305.4448868689499,304.52647090250827,303.7516889401141,303.10053518954754,302.55532447483995
0.0006287636992374944,733.4511528457174,732.4414813915612,729.4274238504022,724.4537943216669,717.5939068740422,708.9475348992362,698.6381885161242,686.809861011956,673.6233758509702,659.2524891111881,643.8798792501162,627.6931613086327,610.8810878980863,593.6299300064853,576.1202377342005,558.5240009703814,541.0021202936746,523.7025184014565,506.75851786159893,490.2878009890496,474.39174139383715,459.1551661710355,444.6464965242629,430.91819482583844,418.00754531483017,405.9376065906616,394.7183798114417,384.3481848013472,374.81496120744197,366.09772768477626,358.1681081545663,350.9916605730983,344.5291774718187,338.7380865871637,333.57355392847654,328.98940355750295,324.9392612093585,321.37713911997474,318.2581816614582,315.5392446622451,313.17918053403076,311.13930161268735,309.3834720163228,307.87830285972274,306.5931838752735,305.5002498568693,304.5743748788107,303.7930089507777,303.1360656079851,302.585783370483
0.0006337636992374944,734.9248189162058,733.912443924766,730.8903144054464,725.9033589930684,719.0250778305382,710.3554950735534,700.0184275640993,688.1582212652213,674.9360877222623,660.5261959894988,645.1116524958024,628.8805063038734,612.0219422472336,594.7226552162136,577.1636055649519,559.5171754542779,541.9446366319423,524.5942593359894,507.59968836753853,491.07890179446423,475.13354178169095,459.84867652587434,445.29294075042384,431.5189832563241,418.5642479329389,406.4519270971773,395.19213072423815,384.78326345303077,375.2133271809293,366.4613813621012,358.4990711179984,351.2919570656959,344.80081793655665,338.98305248024184,333.7937845820019,329.18678422030536,325.1156133054641,321.53421166431974,318.3976445132651,315.6626833594022,313.28809220263486,311.2350927080522,309.46745690884444,307.95170380024445,306.65713188508465,305.55578653943815,304.6224550355603,303.8345038071344,303.1717665431801,302.6164061861498
0.0006387636992374944,736.3859909429954,735.3709421420995,732.3408294085693,727.3406946658945,720.444222089221,711.7516838135772,701.3871999465524,689.4954650817886,676.2380743090116,661.7896047347238,646.3335855551824,630.0584944781181,613.1539431144969,595.807044841666,578.1991649712004,560.5030728395603,542.8804065353642,525.4797793360383,508.4351541476761,491.86480107088727,475.87062753870526,460.53794000929093,445.9355843398321,432.1163938221382,419.11797049858785,406.96363932870815,395.6636184286366,385.216396950267,375.61003908132795,366.8236454270704,358.82888293322077,351.5913157439527,345.0717098571672,339.2274362707929,334.0135781101514,329.38385273524597,325.29175975896965,321.6911681642439,318.5370655847705,315.78614076236954,313.3970708060471,311.3309881734829,309.5515742069772,308.02525709312033,306.72124532475755,305.6114959821055,304.6707105562969,303.8761728241081,303.2076374467544,302.64719250925697
0.0006437636992374944,737.8348500038254,736.8171566394374,733.7791480170854,728.7659781230708,721.8515131570841,713.1362704957833,702.7446701134845,690.8217512582453,677.5294881053628,663.0428609746298,647.5458167161588,631.2272563998202,614.2772130646888,596.88321325484,579.2270220358035,561.4817909126318,543.809519570336,526.359159901688,509.26498885923525,492.64556491764927,476.6030575440443,461.2230086617684,446.5744729104339,432.71046616060306,419.66874712751974,407.47277234745854,396.13286740282894,385.64760565136436,376.0051135997351,367.1845333394805,359.15755424349663,351.88974482459264,345.34185938635903,339.4712423805889,334.23293750626016,329.5806109386313,325.46770148966965,321.8480088333537,318.67644456473226,315.9096161890202,313.5061154197164,311.4269869471114,309.635822795552,308.0989616351533,306.7855231519521,305.6673772381952,304.71914061294547,303.9180153053678,303.2436777593853,302.6781419166062
0.0006487636992374944,739.2715731039182,738.251263951453,735.2054453608815,730.179382175815,723.2471206462349,714.5094206985327,704.090998832063,692.1372350404422,678.8104782017227,664.2861070930621,648.7484811931333,632.3869197426612,615.3918719525651,597.9512723060697,580.2472805097862,562.4534253171972,544.7320633470009,527.2324807587124,510.089264560953,493.421258003904,477.3308894063261,461.90393340326483,447.20965109936736,433.30123905717613,420.2166112015318,407.979354588534,396.59990159381107,386.0769094686895,376.3985670563425,367.54405825358526,359.4850954428723,352.1872523231124,345.61127251601175,339.7144751041477,334.45186566393056,329.7770605892609,325.64343935750827,322.00473383918063,318.8157811063666,316.0331089295564,313.6152250971517,311.52308794917803,309.7202015442699,308.1728163098279,306.84996431214824,305.7234293495418,304.7677443663603,303.9600305437938,303.2798869112039,302.70925397472195
0.0006537636992374944,740.6963333021422,739.6734366774289,736.6198926671702,731.5810757866482,724.6312103945049,715.8712963196609,705.4263433006133,693.4420682333655,680.0811903900566,665.5194823302708,649.9417112220405,633.5376093750428,616.4980370065985,599.0113314019793,581.2600418844404,563.4180696205432,545.6481235798059,528.099819913559,510.90805176269237,494.19194361311213,478.05417950325466,462.58076406829684,447.8411625938199,433.8887504724165,420.7615953918915,408.48341388014313,397.06474443470427,386.5043278834276,376.79041541293924,367.9022330286286,359.8115166850025,352.48384606114155,345.87995508328993,339.9571386137958,334.6703653812161,329.97320337187995,325.8189741654304,322.1613433055403,318.9550748293047,316.1566182481406,313.7243988712878,311.6192900831828,309.80470930867875,308.2468199881427,306.91456773935886,305.77965134710234,304.81652096685133,304.0022178219297,303.31626432218144,302.74052824017934
0.0006587636992374944,742.1092998321715,741.083843602074,738.0226573802953,732.9712241875255,726.0039445812774,717.2220556894015,706.7508572580882,694.7363993066522,681.3417672650046,666.7431228792534,651.1256361516049,634.6794474460204,617.5958229094183,600.0634975803307,582.2654054605508,564.3758153771712,546.557784145635,528.9612537061287,511.7214194730612,494.95768368573255,478.77298301964873,463.2535494395987,448.4690501606277,434.4730375678471,421.30373168178653,408.98497746296135,397.52741886135135,386.9298799597189,377.18067428488155,368.25907023892097,360.13682789158986,352.7795336734781,346.14791277648396,340.19923696450206,334.88843936461257,330.1690409004733,325.9943066621004,322.31783731478026,319.0943253214581,316.28014338444996,313.83363575578903,311.7155922369848,309.88934493110605,308.3209715294068,306.979332356813,305.83604225154465,304.8654695546911,304.04457641241856,303.3528094025032,302.77196425992304
0.0006637636992374945,743.5106382188835,742.4826498115965,739.4139032768271,734.3499889933271,727.3654818387603,718.5618536788709,708.064691089232,696.0203734959521,682.5923483210204,667.9571619783048,652.3003825310064,635.8125534678509,618.685341875081,601.1078755819186,583.2634684148827,565.3267521899131,547.4611271396395,529.8168568604594,512.5294352451353,495.71853886020835,479.4873539839475,463.9223372804281,449.0933556746794,435.0541367307644,421.8430513878567,409.4840720086968,397.9879473282235,387.35358435820206,377.5693589525554,368.61458218348616,360.4610387604595,353.07432261481455,346.41515114059104,340.44077409849393,335.1060902328685,330.3645747214071,326.16943754449426,322.4742159099233,319.2335321407973,316.4036835551596,313.94293474629313,311.8119932838524,309.9741072415523,308.3952697820042,307.0442570776132,305.89260107381426,304.9145892606045,304.0871055784255,303.3895215529319,302.8035615715771
0.0006687636992374945,744.9005103902235,743.8700168052535,740.7937905761771,735.7175283109243,728.715977358924,719.8908418043254,709.3679919256467,697.2941329003418,683.8330700457223,669.1617299999575,653.466074194123,636.9370443953178,619.7667037233186,602.1445679196522,584.2543258640687,566.2709677686507,548.3582329288748,530.6667025334159,513.3321652203779,496.4745685123322,480.1973453032675,464.5871743655831,449.7141201461817,435.6320835980507,422.37958518085316,409.980723637899,398.44635182367307,387.77545934899626,377.9564843723583,368.9687808952973,360.7841587732863,353.36822016617214,346.68167558265,340.6817538496668,335.323320520622,330.55980631642643,326.34436746037255,322.6304790967116,319.3726948170477,316.5272379553571,314.05229482159905,311.9084920834676,310.0589950585455,308.4697135841259,307.10934080536623,305.9493268156798,304.96387920624113,304.1298045740464,303.42640016516,302.8353197037473
0.0006737636992374945,746.2790747847502,745.2461026025951,742.1624760469404,737.0739968440384,730.0555829963126,721.2091683273942,710.6609037429557,698.5578165759736,685.0640660096365,670.3569545364851,654.6228323405163,638.0530347019863,620.840015950913,603.1736749449605,585.2380709260149,567.2085479867521,549.2491802038496,531.5108623614791,514.1296741708417,497.22583079306753,480.9030087970792,465.2481065111956,450.33138374684324,436.2069130790355,422.9133631054685,410.4749579370467,398.90265388456334,388.19552282414827,378.3420651872245,369.32167815012536,361.10619720299314,353.6612334410562,346.9474913768425,340.92217994779793,335.54013268187504,330.75473710551756,326.5190970106391,322.7866268455561,319.511812853307,316.6508057598921,314.16171494479994,312.00508748288496,310.144007189959,308.54430176447215,307.1745824347893,306.00621847025883,305.01333850463135,304.1726726447034,303.4634446221514,302.8672381763138
0.0006787636992374945,747.6464864550665,746.6110618466043,743.5201131091693,738.419545994085,731.3844473669184,722.5169783514735,711.9435674542467,699.8115606261401,686.2854669525057,671.5429604821279,655.7707756133137,639.1606364535342,621.9053838003314,604.1952949116454,586.2147947789472,568.1395769353367,550.1340460280867,532.3494065057287,514.9220255397366,497.9723826649007,481.6043952295718,465.90517860335694,450.9451858350288,436.7786593774524,423.4444145993768,410.9667999749505,399.3568746103078,388.61379230957095,378.726115736715,369.67328547501717,361.42716312083496,353.9533693913481,347.2126036693727,341.16205602257446,335.75652909331103,330.9493684496387,326.69362675159226,322.94265909339646,319.65088572758873,316.7743861246644,314.27119406436645,312.10177831744875,310.2291424337947,308.619033142926,307.23998085229294,306.06327502252367,305.062966260627,304.21570902752853,303.500654298474,302.8993165007177
0.0006837636992374945,749.002897167327,747.965045902926,744.8668519327689,739.7543239571924,732.7027159433046,723.8144139144661,713.2161209999697,701.05549828792,687.4974008663175,672.719870112198,656.9100201741305,640.2599593782942,622.9629103257498,605.2095240373055,587.1845867182046,569.0641369754671,551.0129058857892,533.1824036951003,515.7092814804386,498.71427993679265,482.30155434076653,466.55843462563394,451.55556497993234,437.3473560125359,423.9727685115231,411.45627431850335,399.8090346763453,389.0302849764986,379.1086500666955,370.0236141564223,361.74706540318766,354.2446348129462,347.47701748313506,341.40138560744447,335.972512057466,331.1437016533299,326.8679571970739,323.0985757454756,319.78991289429416,316.8979781878531,314.38073111518025,312.19856341167,310.3143995789328,308.69390653119933,307.305534936541,306.1204954497892,305.11276157132704,304.2589129517341,303.53802856062117,302.9315541802387
0.0006887636992374945,750.3484554970034,749.3082029553625,746.202839532189,741.0784758175729,734.0105311461542,725.1016140780291,714.4786994344531,702.2897600155627,688.6999930752113,673.8878031592044,658.0406797751698,641.3511109351393,624.0126964565872,606.2164565624391,588.1475342108889,569.982308788368,551.8858337276995,534.0099212680035,516.4915028940145,499.451577297797,482.99453487643825,467.2079176855258,452.1625589848162,437.9130358392979,424.49845311969705,411.94340504781064,400.25915434708025,389.4450176524829,379.4896819386202,370.37267524798636,362.0659127380517,354.5350363511681,347.74073772218264,341.64017214330045,336.18808380575877,331.33773796720436,327.04208882052035,323.2543766770336,319.92889378561824,317.02158107109,314.4903250195216,312.29544158006456,310.3997774058494,308.76892073345243,307.37124355898925,306.17787872218327,305.16272352648895,304.30228363897265,303.57556676732554,302.96395071026603
0.0006937636992374945,751.6833069210791,750.6406780978097,747.5282198575894,742.3921436374114,735.3080324324005,726.3787150134978,715.7314350091925,703.5144735607646,689.8933663124012,675.0468768861379,659.1628658286314,642.4341963788311,625.054841058664,607.2161848073374,589.1037229484655,570.8941714237596,552.7529020152369,534.8320252123689,517.2687494653308,500.18432834940546,483.6833846169018,467.8536700399131,452.76620490936034,438.4757310680228,425.0214961474249,412.42821577072857,400.70725348831246,389.85800683194947,379.8692248384431,370.7204795780256,362.38371363128806,354.8245805059264,348.00376917600477,341.8784189820027,336.4032465013879,331.53147859032885,327.2160220569212,323.41006173492406,320.06782781288996,317.14519388057994,314.5999746880128,312.39241162795486,310.4852746873047,308.8440745468888,307.4371055844033,306.23542380309965,305.2128512089254,304.34582030368506,303.613268269863,302.9965055785626
0.0006987636992374945,753.0075939068361,751.9626134227947,748.8431338826316,743.6954665434315,736.5953563801028,727.6458500846285,716.9744572530597,704.7297640499743,691.0776407942549,676.1972061570432,660.2766874735504,643.5093188229467,626.089440993095,608.2087992268663,590.0532368974117,571.7998023463961,553.6141817629896,535.6487802042047,518.0410796978115,500.91258563668043,484.3681504047134,468.4957331195445,453.36653909116194,439.035473283019,425.5419247802122,412.91072963683916,401.1533515791803,390.2692686863393,380.2472919851717,371.0670377566999,362.70047641259833,355.1132736366884,348.26611652362305,342.11612938975185,336.6180022421022,331.7249246724992,327.3897573046902,323.5656307391579,320.2067143678533,317.2688157081703,314.7096790205198,312.48947235223693,310.5708901890009,308.91936676232604,307.50311987135655,306.29312964963503,305.2631436948891,304.3895221534382,303.6511324123478,303.029218265522
0.0007037636992374946,754.3214559973869,753.2741481067674,750.1477196890548,744.9885808102875,737.872636770208,728.9031499273103,718.2078930495709,705.9357540588636,692.2529342916544,677.338903505003,661.3822516401824,644.5765793004973,627.1165911730156,609.1943884632344,590.9961583480011,572.6992774808864,554.4697425796394,536.4602496447247,518.808550946908,501.6364006782293,485.0488781713397,469.13414755260607,453.9635971664264,439.5922934606587,426.0597656811673,413.3909693508886,401.5974677236422,390.67881907385106,380.6238963390829,371.41236018289675,363.01620924125996,355.4011219672307,348.5277843375155,342.3533065503164,336.8323530628503,331.91807731641427,327.56329492745215,323.72108348437706,320.3455528238886,317.3924456323723,314.81943690701314,312.5866225421139,310.656622670214,308.9947961647431,307.56928527270946,306.3509952130101,305.31360005444407,304.43338838925183,303.6891585320207,303.0620882444185
0.0007087636992374946,755.6250298940977,754.5754184922923,751.4421125481756,746.2716199409263,739.1400046653424,730.1507425263774,719.431866711345,707.1325636840908,693.4193621987611,678.4720791976472,662.4796631120458,645.6360768223365,628.1363846182442,610.1730393968353,591.9325679613052,573.5926712548782,555.3196527073874,537.2664956961149,519.5712194523367,502.35582399507393,485.7256129628395,469.7689531874152,454.55741408988547,440.1462219867421,426.5750450060341,413.86895718571316,402.039620661515,391.0866735488066,380.99905060961476,371.7564570508415,363.3309201116309,355.6881315901985,348.78877708737656,342.5899535681228,337.0463009383158,332.1109375797551,327.7366352557504,323.87641974126194,320.484342537181,317.5160827193366,314.9292472283911,312.6838609797977,310.7424708843979,309.07036153380704,307.63560063607065,306.4090194389763,305.3642193518245,304.47741820591636,303.72734595952744,303.095114981652
0.0007137636992374946,756.9184495360394,755.8665581672758,752.7264449994509,747.5447147440494,740.3975884857597,731.3887532896529,720.6465000518779,708.320310612474,694.5770375993011,679.5968413002981,663.5690245857237,646.6879084334603,629.1489125079663,611.1448371952528,592.8625448144953,574.4800566406753,556.1639790599485,538.067579316,520.3291403691431,503.07090513846487,486.39839896460296,470.4001891142783,455.14802415397816,440.69728867321356,427.08778841766105,414.3447149946772,402.4798287790928,391.49284737065364,381.37276726295147,372.09933835644574,363.644616858432,355.97430847147814,349.0490991437198,342.82607347121547,337.25984778534314,332.30350647717233,327.9097785886781,324.0316392578757,320.623082847834,317.6397260237853,315.0391088572666,312.78118644118035,310.82843357976367,309.146061644377,307.7020648042404,306.4672012682075,305.4150006457824,304.52161079230007,303.7656940191905,303.1282979369854
0.0007187636992374946,758.2018461765981,757.1476980413622,754.00084692623,748.8079934088086,741.6455140825757,732.6173051193434,721.8519124547474,709.4991101876931,695.7260713304779,680.7132957368581,664.6504367285257,647.7321692672921,630.1542642315333,612.1098653605068,593.786166444517,575.3615051953614,557.0027872591781,538.8635602906653,521.0823677976425,503.7816927166866,487.067279525192,471.02789368655,455.7354610073273,441.2455227742616,427.598021099933,414.81826422364406,402.91811011936267,391.8973555126256,381.74505852931327,372.4410139034067,363.95730716181953,356.2596584543929,349.308754781334,343.0616692140913,337.47299546525903,332.4957849821874,328.0827251954377,324.1867417609486,320.761773080934,317.7633745899012,315.1490206587188,312.8785976964765,310.9145094998348,309.2218952669896,307.76867661563745,306.5255396366782,305.4659429899232,304.56596533164765,303.80420202927337,303.16163656377717
0.0007237636992374946,759.4753484573687,758.4189664196192,755.2654456288217,750.0615815768487,742.8839048084043,733.8365184809029,723.0482209403668,710.6690754746218,696.8665720446186,681.8215463485336,665.7239982341027,648.7689525980378,631.1525274374535,613.0682057746208,594.7035088902106,576.2370870994909,557.836141670392,539.6544972670922,521.8309548122863,504.48823442089963,487.73229717931935,471.6521045409303,456.3197576725441,441.790953001829,428.1057677711883,415.28962592250326,403.3544823918381,392.3002126700719,382.11593640996733,372.7814933090686,364.26899855225633,356.5441872637296,349.5677481825951,343.2967436804169,337.6857457860958,332.68777402901094,328.25547531683145,324.3417269571048,320.90041254756767,317.8870274521789,315.25898149101164,312.976093510838,311.0006973839796,309.2978611683239,307.83543490471016,306.5840334760288,305.51704543303117,304.6104810018697,303.842869302237,303.19513030920695
0.0007287636992374946,760.7390824794485,759.6804890736317,756.5203658949899,751.3056024118184,744.1128815855084,735.0465114694714,724.2355402303863,711.8303173213992,697.9986462686486,682.9216949504939,666.7898058761031,649.7983498911968,632.1437880806579,614.0199387435807,595.6146467329444,577.106871194414,558.6641054364349,540.4404477838561,522.5749534895032,505.1905770500613,488.3934936700066,472.27285861703126,456.90094656338954,442.33360754055957,428.6110526971459,415.75882075627123,403.78896298202585,392.70143326847517,382.4854126839709,373.1207860100575,364.57969841519173,356.827900509604,349.82608344064465,343.53129968563104,337.8981005047197,332.8794745142828,328.4280291666861,324.49659453403467,321.03900054579253,318.0106836362363,315.36899020628124,313.07367264494223,311.0869959679204,309.373958111649,307.9023385023317,306.6426817139172,305.56830701938384,304.6551569758234,303.88169514498986,303.228778614497
0.0007337636992374946,761.9931718722429,760.9323893101139,757.7657300679887,752.5401766664545,745.3325629715727,736.2473998739979,725.4139828098484,712.9829444193322,699.1223984614927,684.0138413865504,667.8479545599536,650.8204508523091,633.1281304681136,614.9651430397557,596.5196531358233,577.9709250182929,559.4867405105527,541.2214683009379,523.314414934559,505.888766534965,489.0509099699558,472.8901921762483,457.4790595013214,442.8735140622064,429.11389970336353,416.22586901578745,404.22156896054304,393.10103147116865,382.8534989146589,373.45890126769973,364.889413995559,357.11080369117224,350.08376456243826,343.765339979441,338.11006132886916,333.07088729873647,328.600386933216,324.65134416161527,321.1775363615651,318.134342159591,315.479045651192,313.17133385555496,311.1734039842229,309.4501848572532,307.9693862361812,306.7014832743591,305.61972678905613,304.69999242158536,303.92067885913093,303.262580915127
0.0007387636992374946,763.2377378598886,762.1747880371454,759.0016581122427,753.7654227473425,746.5430652231986,737.4392972391399,726.5836589871917,714.1270633607247,700.2379310694853,685.0980835819419,668.8985373728483,651.8353434740106,634.1056373028532,615.9038959428473,597.4185998815385,578.8293148408635,560.3041076881216,541.9976142284946,524.0493893074755,506.5828479614369,489.7045863021685,473.504140819963,458.0541277314536,443.4106997395266,429.61433218724756,416.6907906280211,404.6523170919007,393.49902118676806,383.2202064558892,373.7958481732337,365.19815240209743,357.39290220019643,350.34079547167244,343.99886724821545,338.321629919108,333.26201320879295,328.77254878032534,324.8059754929806,321.31601926962736,318.2580020324014,315.58914666756493,313.269075896069,311.2599201627643,309.52654016285607,308.03657693111,306.76043707805593,305.6713037782154,304.74498650271556,303.95981974118644,303.2965366410443
0.0007437636992374947,764.4728993253955,763.4078038281341,760.2282676767709,754.9814567774539,747.7445023572188,738.6223149250387,727.7446769521903,715.26277869472,701.3453445798784,686.1745175943057,669.9416456320165,652.8431140814723,635.076389726491,616.8362732794274,598.3115574089088,579.6821056970011,561.1162666372775,542.7689399546356,524.7799258480514,507.2728655927251,490.3545621598459,474.1147395071089,458.6261819379537,443.9451912596815,430.11237312963397,417.15360516600816,405.08122384296723,393.89541607632964,383.58554645805316,374.1316356528244,365.5059206115095,357.67420132446915,350.5971800115928,344.23188411727904,338.5328078906961,333.4528530380857,328.94451484885496,324.9604881655454,321.4544485343535,318.38166225817577,315.69929209297754,313.3668975170198,311.34654323118275,309.60302278400496,308.10390940949475,306.8195420427117,305.7230370194061,304.7901383785143,303.9991170828393,303.33064521686873
0.0007487636992374947,765.6990719242906,764.6318508505321,761.4459685025413,756.1886812438108,748.937266957848,739.7968332014243,728.8974025327466,716.390439998431,702.4449708488801,687.243456434863,670.977572720689,653.8440359726987,636.0406407967804,617.7625079844671,599.1987388865939,580.5294915490218,561.9233928418289,543.5356033457699,525.5061657672852,507.95894501762945,491.0009485875613,474.722085837808,459.1953073780398,444.4770626241691,430.60808633515114,417.61436725721927,405.508335636581,394.2902552765026,383.94955163183243,374.4662907902373,365.8127408171673,357.9547190403099,350.8529325528702,344.4644019018058,338.74360399495333,333.6434134098389,329.11629001676715,325.1148856454803,321.5928264978184,318.5053243007778,315.80948272075426,313.46479901465625,311.4332731315924,309.6796324247207,308.17138322984675,306.8787976537136,305.77492598003664,304.83544753908166,304.03857042557036,303.36490625439114
0.0007537636992374947,766.9160645615393,765.846738913544,762.6545730825052,757.3869130179022,750.1211818340194,740.962682194349,730.0416743388414,717.5098952973083,703.5366680027628,688.3047687701269,672.0061980494438,654.8379992892241,636.9982911810336,618.6825108831126,600.0800647980901,581.3714019394149,562.7254242343158,544.2975500139506,526.2280616292186,508.64104502873926,491.64370990420605,475.3261489893136,459.7614774639281,445.0062909070906,431.1014520214924,418.07305980067736,405.93363764560706,394.68352588037567,384.31221068707345,374.79980365494436,366.11860423288147,358.2344475283004,351.10804609726466,344.69641430804614,338.95401254937485,333.83368917893597,329.28786961859635,325.26916370171773,321.7311493278552,318.62898469841787,315.91971543628694,313.5627776017155,311.5201073863699,309.75636690045474,308.2389964845597,306.9382022641924,305.82696925752253,304.88091280929035,304.0781788045283,303.39931898162905
0.0007587636992374947,768.1239866949971,767.0525772149392,763.8541898365029,758.576259230632,751.2963523284826,742.119964976275,731.1775927133416,718.6212417740699,704.6205296682862,689.3585443155007,673.0276071123748,655.8250850434728,637.9494172023323,619.5963534558442,600.9556016829716,582.2078984226721,563.522417392189,545.0548316168192,526.945660274304,509.3192077927608,492.28288378201705,475.9269623492868,460.32472153351046,445.5329016512215,431.592492205117,418.52970156446474,406.35714567243167,395.0752410071205,384.67353433837184,375.1321828282264,366.4235175675625,358.5133918728298,351.3625243379116,344.9279238542432,339.1640350962317,334.023681092453,329.4592537683859,325.423321959047,321.86941628571896,318.75264245731427,316.0299890827114,313.66083203490615,311.60704472832197,309.8332249698229,308.3067479963212,306.99775478912665,305.8791658786296,304.9265333398011,304.11794150024,303.43388280996896
0.0007637636992374947,769.3229485270747,768.2494756727017,765.0449278331785,759.756827548095,752.4628841708566,743.2687848329151,732.3052580238294,719.7245764432071,705.6966491163959,690.4048722567499,674.0418847205335,656.8053734365408,638.8940942719358,620.5041061995468,601.8254150535018,583.0390415084627,564.3144278539888,545.8074987991331,527.6590075726162,509.99347456137934,492.9185070429081,476.5245585257916,460.8850682191172,446.0569197684537,432.0812283450438,418.98431082989123,406.778875099066,395.4654134170517,385.0335329975167,375.46343663883727,366.727487321987,358.7915569889442,351.616370831708,345.1589329505806,339.3736730932877,334.21338983223643,329.6304425305472,325.57736000498295,322.0076266050183,318.87629656327584,316.1403024881108,313.7589610596898,311.69408388159417,309.91020538443433,308.37463658177967,307.05745413791806,305.9315148646868,304.97230827578704,304.1578577876009,303.4685971450007
0.0007687636992374947,770.5130584895611,769.4375424367544,766.2268943808956,760.9287238894045,753.6208813630237,744.4092433479265,733.4247689684175,720.8199946895775,706.7651180356595,691.4438402518698,675.0491142188423,657.778943271501,639.8323964768637,621.4058383653555,602.6895692582937,583.8648906273393,565.1015101649147,546.5556012981536,528.3681485715417,510.6638858463567,493.5506158487021,477.1189695429383,461.4425456409568,446.5783697256061,432.56768151714454,419.4369055517218,407.198841032162,395.85405564092076,385.39221688725286,375.7935732619269,367.0305198739459,359.0689476948196,351.8695890606384,345.38944395051095,339.58292795637084,334.4028160499977,329.80143594855355,325.731277413068,322.14577951048,318.9999459967711,316.2506544775222,313.85716341979764,311.7812235691764,309.98730689478,308.44266105613895,307.1172992179734,305.9840152343693,305.01823675908764,304.1979269375363,303.5034613877965
0.0007737636992374947,771.6944230365297,770.6168836843822,767.4001948305615,762.0920522413495,754.7704460093616,745.541440251593,734.536222444784,721.9075901587245,707.8260264438796,692.4755343632032,676.0493774372841,658.7458719217611,640.7643965632149,622.30161795459,603.5481274884999,584.6855041449323,565.8837178969429,547.2991879678445,529.0731275224729,511.3304814473975,494.17924572910124,477.71022686814285,461.99718143305006,447.09727556861026,433.05187243632463,419.8875033782142,407.61705832087716,396.24117999565095,385.74959605498736,376.12260073085866,367.33262148834046,359.34556872030873,352.12218243895506,345.61945915674346,339.7918010643323,334.5919603713983,329.9722340482881,325.8850737456064,322.2838742201737,319.12358973473795,316.36104387440884,313.9554378584321,311.86846251388556,310.0645282510411,308.5108202338247,307.177288935259,306.0366660041618,305.0643179285982,304.23814821733026,303.53847493518884
0.0007787636992374948,772.8671466529654,771.7876036291958,768.5649325855734,763.2469146698896,755.9116783302334,746.6654734366014,735.6397135683621,722.9874547774448,708.8794627108543,693.5000390820906,677.0427547170441,659.7062353582451,641.690165963914,623.1915117465915,604.4011518053084,585.500939388703,566.661103674508,548.0383068032085,529.7739879035915,511.9933004732359,494.8044316009995,478.29836142962426,462.5490027589325,447.6136609364738,433.53382146881944,420.3361216618523,408.03354156616336,396.6267985923071,386.10568037957574,376.4505269429397,367.6337983219845,359.62142471093955,352.37415431648583,345.84898082396427,340.00029376127543,334.78082339787045,330.1428368395285,326.0387485548763,322.4219099465071,319.247226751404,316.4714695013431,314.05378311883896,311.955799438853,310.1418682035066,308.57911292884967,307.23742219462116,306.0894661886422,305.11055092052123,304.2785208908482,303.5736371799665
0.0007837636992374948,774.0313318973649,772.9498045636958,769.7212091442677,764.393411362398,757.0446767039095,747.7814389995021,736.7353357131802,724.0596787938196,709.9255135974058,694.5174373666894,678.0293249469244,660.660108184214,642.6097748317713,624.0755853298915,605.2487031691029,586.3112526750315,567.4337191994739,548.7730049631313,530.470772440617,512.6523813603427,495.42620778521643,478.8834036312676,463.09803632475416,448.12754907273325,434.01354864213715,420.78277746790957,408.448305128086,397.01092334230617,386.4604795765473,376.77735966378935,367.93405642723087,359.8965202309038,352.62550798108356,346.0780111608364,340.2084073581817,334.96940570793663,330.31324431702126,326.19230138400644,322.55988589694545,319.37085601888464,316.5819301805093,314.1521979447383,312.04323306789706,310.21932550290376,308.647537955107,307.29769790005105,306.1424148007214,305.1569348685837,304.319044218734,303.60894751105303
0.0007887636992374948,775.1870794503443,774.1035869077568,770.8691241480411,765.5316406751767,758.1695377132387,748.8894312863089,737.8231805561643,725.1243508200182,710.9642642964908,695.5278106812218,679.0091656005826,661.6075636703823,643.5232920723959,624.9539031328529,606.0908414678142,587.1164993352742,568.2016152749297,549.5033287919763,531.163523126264,513.3077618903371,496.0446080219767,479.46538336628635,463.64430839125185,448.6389628358729,434.4910736540556,421.22748758216363,408.8613631323882,397.3935659629577,386.8140032027497,377.1031065312014,368.23340175516,360.17085976567455,352.8762466607624,346.3065523317332,340.4161431343142,335.1577078583463,330.48345646140206,326.3457317677274,322.6978012746297,319.494476507698,316.6924247341395,314.2506810806992,312.13076212585327,310.29689890069085,308.7160941266357,307.35811495492607,306.1955108518649,305.20346890424094,304.35971745859626,303.6444053136747
0.0007937636992374948,776.3344881632565,775.2490492571069,772.0087754294068,766.6616991808218,759.2863561920609,749.9895429377095,738.9033381209213,726.1815578744402,711.9957984735217,696.5312390343266,679.9823527727908,662.5486737889883,644.4307853760049,625.826528453198,606.9276255441541,587.916733740729,568.9648418279282,550.2293238401569,531.8522812387395,513.9594792065096,496.6596654855664,480.04433003013395,464.1878447850454,449.14792470913596,434.96641588108196,421.67026851813324,409.2727294766349,397.77473798264316,387.16626066067994,377.4277750587396,368.531840158544,360.4444477244322,353.1263735256707,346.5346064583372,340.623502338509,335.3457303851184,330.6534732400397,326.49903923305686,322.83565527894086,319.6180871872353,316.8029519849132,314.34923127248635,312.2183853388791,310.37458714933143,308.78478025787,307.41867226223934,306.248753352304,305.25015215687085,304.4005398651865,303.6800099695238
0.0007987636992374948,777.4736551053813,776.3862884303746,773.1402590586232,767.7836817141546,760.3952252701833,751.08186493284,739.9758968200857,727.2313854224433,713.0201983053025,697.527801016053,680.9489612143709,663.4835092465873,645.3323212480288,626.693523486387,607.759113221774,588.7120093265942,569.7234479312935,550.9510348838627,532.5370873594693,514.6075698296426,497.27141279835985,480.6202725328562,464.72867090943544,449.6544568098945,435.43959438652314,422.11113652397796,409.6824178360684,398.15445074574393,387.5172612026005,377.75137263914945,368.82937739465365,360.7172884423569,353.3758916899547,346.7621756211459,340.8304861903892,335.53347380451726,330.8232946078249,326.65222329994356,322.9734471060283,319.7416870262023,316.91351075633247,314.4478472673845,312.30610143474183,310.4523890025538,308.85359516387604,307.479368724818,306.3021413112381,305.2969837539621,304.4415106905722,303.7157608569162
0.0008037636992374948,778.6046756093845,777.5153995144102,774.2636693886056,768.8976814164633,761.4962364166934,752.1664866314404,741.0409434961032,728.2739174155554,714.0375445175039,698.5175738334642,681.9090643658207,664.4121395156175,646.2279650385552,627.5549493529263,608.5853613304322,589.5023786150209,570.4774818246042,551.6685059440347,533.2179813901462,515.252069673228,497.8798820443094,481.19323931096267,465.26681175477825,450.1585808986509,435.9106279282385,422.55010758912425,410.0904416692233,398.5327154173651,387.86701393448266,378.0739065476221,369.1260191279399,360.9893861828191,353.6248042135329,346.98926186090523,341.0370958815174,335.72093861398275,330.99292050791973,326.80528348187335,323.11117594930823,319.8652749930351,317.0240998730754,314.54652781450653,312.3939091430914,310.53030321559754,308.9225376605788,307.5402032455333,306.3556737370305,305.34396282129484,304.4826291843059,303.75165735094635
0.0008087636992374948,779.7276433150632,778.6364759079016,775.3790990981477,770.0037897780753,762.5894794816458,753.2434958144236,742.0985634604773,729.3092363292199,715.0479164207461,699.5006333449248,682.8627343896962,665.334632864802,647.1177809707082,628.4108661246887,609.4064257302559,590.2878932373402,571.2269909344262,552.3817803046661,533.8950025691731,515.8930140581433,498.4851047819532,481.76325833887756,465.8022919084941,450.66031838771994,436.37953496611095,422.98719745064443,410.4968142233362,398.90954298788245,388.2155278197956,378.3953839449319,369.4217709326109,361.2607451394785,353.8731141037987,347.2158671799796,341.2433325764977,335.9081252930117,331.16235087246827,326.95821928644716,323.24884099993784,319.98885005629506,317.1347181613331,314.6452716650865,312.48180719572156,310.6083285454506,308.99160656497986,307.60117472750284,306.4093496373967,305.3910884831179,304.5238945935869,303.7876988236374
0.0008137636992374948,780.842650211464,779.749609363364,776.4866392335372,771.1020966793566,763.6750427362111,754.3129787229608,743.1488405315897,730.337423199171,716.0513919453813,700.4770540931586,683.8100422018459,666.2510563884816,648.0018321680225,629.2613328503098,610.2223613351616,591.068603955521,571.9720218938514,553.0909005304765,534.5681894875481,516.5304377268288,499.0871120569838,482.3303571400026,466.33513556473156,451.1596903496077,436.84633366926136,423.42242159941975,410.90154853956216,399.2849442773262,388.5628116831632,378.71581188045707,369.7166382951092,361.5313694383015,354.12082431725054,347.44199354366623,341.4491974140283,336.09503430400474,331.331585623276,327.1110302159304,323.3864414472659,320.11241118504597,317.2453644491296,314.74407757275867,312.56979432681874,310.68646375107505,309.060800695366,307.66228207428577,306.46316801958784,305.4383598623188,304.56530616342167,303.82388464408785
0.0008187636992374949,781.9497866774853,780.8548900276237,777.5863792486783,772.1926904302402,764.7530129113899,755.3750200961699,744.1918570711753,731.3585576565299,717.0480476750563,701.4469093371574,684.7510575015651,667.1614760349389,648.880180680892,630.1064075797328,611.0332221354869,591.8445606829144,572.7126205613853,553.795908484002,535.237580104221,517.1643748569974,499.6859344144017,482.89456279741273,466.8653665337132,451.6567175251189,437.31104192302075,423.8557952860911,411.3046574580171,399.65892993961523,388.90887421388913,379.03519729509304,370.01062661649985,361.8012631395046,354.3679377610629,347.6676428814555,341.6546915079125,336.28166609307283,331.50062467245897,327.2637157677785,323.5239764792622,320.23595734921076,317.3560375666274,314.84294429382385,312.6578692731999,310.7647075936251,309.1301188715113,307.7235241900706,306.5171278905664,305.4857760805902,304.60686313677854,303.8602141786145
0.0008237636992374949,783.0491415210577,781.9524064808808,778.6784070438118,773.2756578083786,765.8234752353812,756.4297032075061,745.2276940195497,732.3727179616992,718.0379588791347,702.4102710830114,685.685848800737,668.0659566337813,649.7528875121399,630.9461473879423,611.8390612198847,592.615812504321,573.4488320392272,554.4968453421325,535.9032117609613,517.7948590749065,500.2816019102778,483.4559019642094,467.39300825078067,452.1514203311969,437.773677335679,424.2873335268169,411.7061536226492,400.0315104666485,389.2537239693623,379.3535470240637,370.3037412147718,362.0704302394235,354.61445729459484,347.8928170882435,341.85981594802684,336.4680210908128,331.6694679230637,327.41627543513675,323.661445282928,320.35948751991384,317.46673634641775,314.9418705875032,312.7460307745397,310.84305883665394,309.19955991486944,307.78489997985736,306.5712282571783,305.5333362585907,304.648564754738,303.8966867908932
0.0008287636992374949,784.1408020169936,783.04224577445,779.7628090029216,774.3510840960037,766.8865134696943,757.4771098999247,746.2564309296506,733.379981037128,719.0211995440488,703.3672101137271,686.6144834520235,668.9645619224276,650.6200126417633,631.7806083979331,612.6399307965155,593.38240769542,574.1807006909655,555.1937516121283,536.5651211967518,518.4219234682073,500.8741441231471,484.0144008735458,467.91808378515117,452.6438188685147,438.23425724501067,424.7170511088446,412.106049485954,400.4026961922576,389.5973693783472,379.6708677996357,370.5959873270597,362.3388746723174,354.8603857308448,348.1175180254958,342.0645718012517,336.65409971304814,331.83811526966065,327.5687087073195,323.798847044686,320.4830006698062,317.57745962379886,315.04085521618146,312.834277573589,310.92151624631487,309.2691226487607,307.8464083496321,306.6254681263181,305.5810395161016,304.69041025664006,303.9333018420948
0.0008337636992374949,785.2248539435815,784.1244934672454,780.8396700299021,775.4190531155692,767.9422099440656,758.5173206198953,747.2781459999725,734.3804224990143,719.9978424036323,704.317796018081,687.5370276761494,669.8573545717596,651.4816150508908,632.609845802957,613.4358822135738,594.1443937415864,574.9082701587218,555.8866671471335,537.2233445617362,519.045600598397,501.46359016504346,484.57008534834074,468.440615848404,453.13393292883086,438.6927987246009,425.14496259590175,412.5043573135355,400.77249729603574,389.9398187441662,379.987166253742,370.8873701117875,362.60660031210654,355.1057258378486,348.3417475223685,342.26896011236397,336.83990236154096,332.0065665989124,327.7210150702667,323.9361809507537,320.6064957733751,317.68820623703965,315.13989694563855,312.92260841638273,311.0000785915512,309.3388058985503,307.9080482065368,306.67984650508953,305.62888497217875,304.7323988802271,303.97005869101855
0.0008387636992374949,786.3013816179936,785.199233661086,781.9090735835557,776.4796472642411,768.9906455902536,759.5504144503163,748.2929161064417,735.3741166879911,720.96795896849,705.262097218563,688.4535465883284,670.7443962109585,652.3377527449921,633.4339138880755,614.2269659791748,594.9018173561333,575.6315833797685,556.5756311612162,537.8779174307384,519.6659225128874,502.0499686922004,485.12298081069196,468.9606268026991,453.62178200211235,439.14931858996994,425.5710823334217,412.9010891885232,401.1409238070384,390.28108024777515,380.302448920516,371.1778946507386,362.87361097405017,355.35048034002904,348.56550737678606,342.4729819048945,337.0254294246727,332.1748217901162,327.87319400698055,324.07344618749886,320.72997180724093,317.79897502763197,315.23899454527003,313.01102205243853,311.0787446442812,309.4086084918212,307.9698184590321,306.734362400961,305.6768717452998,304.77452986178344,304.00695669422305
0.0008437636992374949,787.3704679305645,786.2665490348759,782.9711017114766,777.5329475472928,770.0318999747608,760.5764691423943,749.30081683329,736.3611366988519,721.9316195544517,706.2001809984492,689.3641042238693,671.6257474515821,653.1884827763774,634.2528660510526,615.0132317806406,595.65472449799,576.3506826026369,557.2606822439484,538.528874816369,520.282920756707,502.6333079154219,485.6731122910023,469.47813866874867,454.1073852834403,439.6038334045089,425.99542445360146,413.2962570158485,401.5079856073673,390.6211619507403,380.6167222387412,371.46756595105535,363.13991041636484,355.5946519194956,348.7887993564772,342.6766381819532,337.2106812780986,332.34288071572496,328.0252449979422,324.2106419417788,320.85342775043773,317.9097648405314,315.33814678829845,313.09951723494805,311.1575131795735,309.4785292585395,308.0317180170551,306.7890148219161,305.7249989535086,304.81680243627113,304.0439952061528
0.0008487636992374949,788.4321943779985,787.326520877715,784.0258350828757,778.5790336104586,771.0660513305371,761.5955611465298,750.3019225029711,737.3415544093592,722.8888933101464,707.132113528043,690.2687635630007,672.5014679109026,654.0338612660057,635.0667548226115,615.794728503195,596.4031603888528,577.0656094027445,557.9418583745496,539.1762511817419,520.8966263838516,503.2136356101438,486.2205044368326,469.9931731335455,454.590761679707,440.0563594852334,426.41800288030674,413.6898725263872,401.8736924356402,390.96007179811863,380.92999255422137,371.75638894717144,363.4055023417849,355.8382432172967,349.01162519997513,342.8799299270189,337.39565828537457,332.51074324184424,328.17716752151085,324.3477674012642,320.97686258468286,318.02057452438606,315.4373524519749,313.1880927209585,311.2363829758158,309.54856703121385,308.0937457921716,306.84380277659886,305.7732657145532,304.85921583746205,304.08117357926284
0.000853763699237495,789.4866410955536,788.3792291209895,785.0733530203939,779.6179837712914,772.0931765877111,762.6077656422569,751.2963062051628,738.315440508173,723.8398482437414,708.0579598901209,691.1675865549423,673.3716162345468,654.8739434246454,635.8756318860907,616.5715042481045,597.1471695298223,577.7764046975543,558.6191969356092,539.8200804528091,521.507069968297,503.79097912619255,486.7651815214864,470.50575155785873,455.0719298161072,440.5069129083617,426.8388313338227,414.08194728097413,402.23805389035033,391.2978176212449,381.2422661220719,372.04436850267854,363.67039039907195,356.0812568346279,349.233986617576,343.08285810470215,337.5803607985579,332.678409228709,328.328961054304,324.48482175474754,321.10027529463207,318.13140293175456,315.53661031777006,313.2767472715466,311.31535281487726,309.618720645049,308.1559006977226,306.89872527445556,305.8216711460223,304.90176929806694,304.1184911641405
0.000858763699237495,790.5338868882453,789.4247523694878,786.11373353095,780.6498750495685,773.1133514033871,763.613156567282,752.2840398248918,739.2828645219358,724.7845512488766,708.9777841046191,692.0606341412599,674.2362501184557,655.7087835734014,636.6795480965108,617.3436063502821,597.8867957175481,578.4831087612865,559.2927347264017,540.4603960303309,522.1142816146835,504.3653653972581,487.307167452343,471.0158949835078,455.5509080424386,440.95550951472666,427.2579233354633,414.4724926742937,402.6010794331247,391.6344071404319,381.55354910893794,372.3315094121307,363.93457818446956,356.3236953339964,349.45588529226666,343.28542366147497,337.764789158785,332.84587853113993,328.4806250715608,324.62180419243737,321.22366486812416,318.2422489193141,315.63591917155827,313.3654796519851,311.3944214822628,309.68898893809273,308.21818164896615,306.9537813258708,305.8702143654761,304.9444620498609,304.1559473096233
0.000863763699237495,791.5740092611137,790.4631679315785,787.1470533356614,781.6747831967862,774.1266501905533,764.6118066456456,753.2651940698238,740.2438948415593,725.7230681298296,709.8916491525849,692.9479662785301,675.0954263302036,656.5384351636401,637.4785534990845,618.1110813953749,598.6220820599026,579.1857612392007,559.9625079758159,541.0972308014994,522.7182909686933,504.9368209500868,487.8464857789427,471.52362414042085,456.0277144392117,441.40216491502144,427.6752922120396,414.86151993865167,402.9627783918749,391.9698479675843,381.86384759513896,372.6178164027905,364.1980692431099,356.5655612403448,349.67732288061416,343.487627526375,337.9489436968243,333.01315099897937,328.6321590474894,324.75871390623917,321.34703029641213,318.35311134805806,315.73527780379106,313.45428863190136,311.47358776726264,309.75937075137807,308.28058756321417,307.0089699423002,305.91889449057396,304.9872933238056,304.1935413629154
0.000868763699237495,792.6070844485904,791.4945518484952,788.1733878988765,782.6927827247786,775.1331461461295,765.6037874150594,754.2398384967427,741.1985987477268,726.6554636259388,710.7996169994253,693.829641960339,675.9492007296855,657.3629507963318,638.2726973471877,618.873975236352,599.3530709911984,579.8844011614638,560.6285523549066,541.730617151223,523.3191272271217,505.50537191340595,488.3831597008385,472.0289594534836,456.50236682358207,441.84689449489395,428.0909511001948,415.2490401476315,403.3231599638575,392.3041476087294,382.1731675767466,372.90329413631514,364.46086707037205,356.80685704213454,349.8983010136243,343.6894706116807,338.1328247336066,333.18022647750934,328.7835624555986,324.89555009002214,321.4703705743846,318.4639890834847,315.83468500966376,313.5431729854292,311.5528504630934,309.82986492905917,308.3431173599638,307.0642901363979,305.96771063919863,305.0302623501684,304.23127266970045
0.000873763699237495,793.6331874430031,792.5189789227591,789.1928114563548,783.7039469334971,776.1329112781966,766.5891692534378,755.2080415372589,742.1470424356585,727.5818014353181,711.7017486174839,694.7057192386446,676.7976282892139,658.1823822408361,639.0620281198109,619.6323330096174,600.0798042869668,580.5790669566173,561.2909029890855,542.360586973082,523.9168191476567,506.0710440265933,488.9172120752171,472.53192104919333,456.97488275510733,442.28971341988915,428.50491295060976,415.6350642196424,403.6822332186351,392.6373134664714,382.4815149675944,373.1879472103899,364.722975113194,357.0475851923923,350.1188212975691,343.89095381356117,338.3164325807349,333.3471048078516,328.93483476901434,325.0323119398746,321.59368470077595,318.57488099577597,315.93413958927357,313.6321314913531,311.6322083670354,309.9004703185422,308.4057699610253,307.119740922141,306.01666192957646,305.0733683586387,304.26914057425216
0.000878763699237495,794.6523920222492,793.536522745773,790.2053970426265,784.7083479379817,777.1260164324315,767.5680214046622,756.1698705227725,743.089291039156,728.5021442378845,712.5981040079619,695.5762552445246,677.6407631130324,658.9967804531467,639.8465935385112,620.3861991506619,600.8023230783145,581.2697964646609,561.9495944699635,542.9871716799789,524.5113950583855,506.63386264809526,489.4486654243043,473.03252876211707,457.4452795413385,442.73063664024494,428.91719053208465,416.0196029213594,404.04000710095363,392.9693528423687,382.7888956012272,373.4717801603065,364.98439677134195,357.2877481097188,350.3388853147823,344.0920780127009,338.49976754097275,333.51378582734964,329.08597546078164,325.16899865434607,321.71697167836567,318.68578595996763,316.03364034777024,313.72116293324723,311.71166028056257,309.97118577061144,308.46854429064393,307.1753213149492,306.06574748039424,305.1166105784401,304.30714441954206
0.000883763699237495,795.664770776673,794.5472557246228,791.2112165175633,785.7060566945557,778.1125313177834,768.5404120036029,757.1253917087179,744.0254086539611,729.4165537177278,713.4887422222178,696.4413062083312,678.4786584562773,659.8061955936174,640.6264405838825,621.1356174092688,601.520667865876,581.9566269497657,562.6046608668596,543.6104022144784,525.1028828670228,507.1938527636074,489.97754194255594,473.530802141167,457.91357424324775,443.16967889555156,429.3277964354997,416.4026668710626,404.3964904335261,393.30027293923706,383.0953152327843,373.754797460492,365.24513539863466,357.52734817926256,350.5584946244278,344.2928440749008,338.68282990871285,333.6802693699352,329.2369840041529,325.30560943467816,321.8402305141691,318.7967028561114,316.1331860954992,313.81026609960577,311.79120500946726,310.0420101395497,308.5314392756188,307.23103033180115,306.1149664109132,305.1599882384415,304.34528354734533
0.000888763699237495,796.6703951351703,795.551249108108,792.2103405921903,786.697143026271,779.0925245314173,769.5064081004298,758.0746702981212,744.9554583604486,730.325090584844,714.373721382457,697.3009274792762,679.3113667434006,660.6106770441901,641.4016155115622,621.8806308642924,602.2348785333676,582.6395951126282,563.2561357379816,544.2303090588626,525.691310069884,507.75103899402035,490.50386350364545,474.02676045569433,458.3797836805028,443.60685471927525,429.7367430776625,416.78426654187666,404.75169191973765,393.6300808633845,383.4007795408286,374.0370035259871,365.50519430413067,357.7663877536618,350.77765076323897,344.49325285165605,338.8656199704267,333.8465552664786,329.3878598728634,325.4421434850251,321.96346021961745,318.9076305694282,316.2327756481376,313.8994397839697,311.87084136397965,310.1129422832546,308.59445384541675,307.286866991347,306.1643178410786,305.20350056726375,304.38355729834313
0.0008937636992374951,797.6693353905575,796.5485730120377,793.2028388537644,787.6816756476345,780.0660635829504,770.4660756842339,759.0177704644893,745.8795022456784,731.2278145962584,715.253098701847,698.1551735444643,680.1389395860773,661.4102734251348,642.1721638677886,622.6212819380232,602.9449943607665,583.3187371024808,563.9040521412986,544.8469222449012,526.2767037606062,508.30544560314837,491.0276516672568,474.5204227014138,458.84392443658913,444.04217844315076,430.14404270504195,417.16441226491645,405.1056201462702,393.9587836267774,383.7052941291164,374.31840271387864,365.76457675327276,358.00486915395095,350.9963552462319,344.6933051807112,339.0481380050959,334.0126433451234,329.5386025413934,325.57860001266187,322.0866598107292,319.0185679904543,316.3324078268239,313.98868278504517,311.95056815888165,310.18398106334956,308.657586932282,307.3428303140163,306.21380089162744,305.24714679338393,304.4219650122237
0.0008987636992374951,798.6616607242245,797.539296443814,794.1887797901511,788.659722188638,781.0332149180077,771.4194797059865,759.95475537406,746.797601424831,732.1247845765567,716.1269305040644,699.0040980474,680.9614278006136,662.2050326113313,642.9381305045274,623.3576124101558,603.6510540371255,583.9940885287667,564.5484426451083,545.4602713633515,526.859090638625,508.8570965052355,491.548927685684,475.01180760615915,459.30601286379124,444.4756642014529,430.54970739739605,417.5431142323414,405.45828358564563,394.28638814914024,384.00886452831236,374.5989993246855,366.02328596899633,358.24279467043823,351.214609567392,344.8930018865956,339.23038428462587,334.17853343160766,329.68921148521827,325.714978228184,322.2098283082731,319.1295140151793,316.4320814582806,314.0779939068183,312.03038421361623,310.2551253452911,308.7208374713423,307.3989193221239,306.26341468419173,305.2909261452372,304.4605060277801
0.0009037636992374951,799.6474392300984,798.523487326329,795.1682308135173,789.631349218119,781.9940439411228,772.3666841008594,760.8856872074308,747.7098160620492,733.0160584378475,716.9952722423042,699.8477538059782,681.7788814248763,662.9950017480955,643.699559594181,624.0896634313685,604.3530956730297,584.665684472496,565.1893393383154,546.0703855731957,527.4384970174189,509.406015272261,492.0677125102503,475.50093363548086,459.76606508802877,444.90732593514133,430.9537490712964,417.9203825003193,405.8096905986993,394.6129012599951,384.3114961976542,374.87879760370174,366.2813251328023,358.48016656355276,351.43241520033723,345.0923437811365,339.412359074243,334.34422534956957,329.83968618104745,325.85127734569596,322.3329647379218,319.2404675451774,316.53179537493105,314.16737195866256,312.11028835239136,310.3263739984709,308.7842044007108,307.4551330399716,306.31315834139986,305.334837851316,304.4991796830062
0.0009087636992374951,800.626737937946,799.5012125212004,796.1412582833709,790.5966222664733,782.9486150380039,773.3077518099295,761.8106271805939,748.6162053907026,733.9016931991723,717.8581785177646,700.6861928299801,682.5913497347535,663.780227266574,644.4564946438919,624.817475536534,605.0511568127163,585.3335594972896,565.8267738404302,546.6772936106271,528.0149488325263,509.9522251410376,492.5840267975491,475.98781899808546,460.2240970135624,445.337177395896,431.35617948355144,418.2962269919084,406.1598494369772,394.938329700639,384.6131945265639,375.15780174229644,366.53869738579374,358.7169870646618,351.6497735989568,345.29133166395445,339.5940626328754,334.50971892084135,329.99002610705156,325.9874965829911,322.4560681303992,319.3514274877317,316.63154841500926,314.25681575544223,312.1902794042794,310.3977258963141,308.84768666158436,307.5114704939461,306.3630309869742,305.37888114026606,304.5379853151901
0.0009137636992374951,801.5996228360337,800.4725378513659,797.1079275289645,791.555605847747,783.8969915971899,774.2427448012845,762.7296355653905,749.5168277330977,734.7817450053898,718.7157030976264,701.5194663380956,683.3988812601681,664.5607548987186,645.2089785094597,625.5410886575681,605.7452744458632,585.9977476601214,566.4607773112881,547.2810237977892,528.5884716493449,510.4957490201206,493.097890915513,476.47248165112813,460.6801243275676,445.76523215003317,431.7570102345347,418.6706574998549,406.5087682450654,395.262680126061,384.91396483621196,375.43601587917414,366.79540582967945,358.95325837686255,351.8666861980269,345.4899663229388,339.7754952135185,334.6750139657291,330.1402307430792,326.1236351617219,322.5791375216176,319.4623927559513,316.73133942266566,314.34632411761004,312.27035620331174,310.469179916374,308.91128319833825,307.5679307126144,306.4130317458261,305.4230552409805,304.57692226100596
0.0009187636992374951,802.5661588931692,801.4375281230651,798.06830287109,792.5083634811208,784.8392360311135,775.1717240905575,763.6427717094117,750.4117405196536,735.6562691455412,719.5678989325463,702.3476247744802,684.2015238006607,665.3366296918575,645.9570534088831,626.2605421359351,606.4354850190607,586.6582825217745,567.0913804605151,547.8816040512804,529.1590906707195,511.0366094965266,493.6093249493201,476.95493930535923,461.1341625045826,446.1915035823185,432.15625277141874,419.04368368931165,406.85645506285505,395.58595910680765,385.2138123810339,375.713444101595,367.0514535277455,359.18898267574497,352.0831544138051,345.6882485347055,339.95665706358517,334.84011030328116,330.2902995708628,326.25969230756164,322.70217195280946,319.5733622688826,316.8311672480648,314.4358958712998,312.3505175885698,310.54073494042166,308.97499295861695,307.6245127268158,306.4631597441484,305.4673593826907,304.61598985660254
0.0009237636992374951,803.5264100801447,802.3962471472214,799.0224476432809,793.4549577118166,785.7754097965964,776.0947497609038,764.5500940553591,751.3010003075563,736.525320070724,720.4148181736762,703.1707178248678,684.9993244405474,666.1078960228714,646.7007609355337,626.9758747348135,607.1218244469735,587.3151971570118,567.7186135567352,548.4790618904299,529.7268307443258,511.5748288422725,494.11834870713784,477.43520943013107,461.5862268108352,446.61600489967145,432.55391839132017,419.41531510048145,407.2029178277367,395.9081731307891,385.51274235020185,375.9900904465585,367.30684350579463,359.4241621101303,352.2991796446031,345.88617906503714,340.13754842524156,335.00500775154376,330.4402320742155,326.3956672503587,322.8251704706516,319.68433495161366,316.93103074748,314.5255298484149,312.4307624042704,310.6123898545325,309.0388148934221,307.6812155697506,306.51341410950437,305.51179279505595,304.6551874376907
0.0009287636992374951,804.4804393906034,803.3487577602484,799.9704242124435,794.3954501314391,786.7055734147914,777.0118809824393,765.4516601598871,752.1846627989167,737.3889514114843,721.256512189228,703.9887944322529,685.7923295636773,666.8745976119953,647.4401420709829,627.6871246509409,607.8043281232073,587.96852416448,568.3425064365331,549.0734244453505,530.2917163698578,512.110429020739,494.6249817257142,477.9133092582696,462.03633230845276,447.0387491347706,432.95001824435764,419.785561151185,407.548164376739,396.22932860503704,385.8107598690517,376.26595890195074,367.561578753058,359.6587988027841,352.5147632713398,346.08375866930754,340.31816953573014,335.1697061278059,330.59002773921816,326.531559224281,322.94813212738165,319.79530973537396,317.03092878338174,314.6152248867111,312.51108949984837,310.68414354916945,309.1027479571965,307.7380382770658,306.5637939709146,305.55635470824956,304.6945143396284
0.0009337636992374952,805.4283088613473,804.2951218443029,800.9122939989377,795.3299013977733,787.6297864905926,777.9231760311645,766.3475267119418,753.0627828584429,738.2472159947488,722.0930315805979,704.8019028121549,686.5805848677971,667.636777536251,648.175237197485,628.3943295261412,608.4830309308836,588.6182956763491,568.9630885131776,549.6647184647841,530.8537717060221,512.6434316928663,495.12924327582016,478.38925579081683,462.4844938595571,447.4597491495604,433.3445633366256,420.1544311393579,407.89220244860064,396.54943185740797,386.10787000046895,376.54105340765494,367.815662223074,359.8928948511067,352.72990665807407,346.28098809288883,340.4985206276785,335.33420524883354,330.73968605439643,326.6673674679543,323.071055980909,319.90628555762726,317.1308602245207,314.70497982987615,312.5914977300344,310.75599491926124,309.1667911079055,307.79497988693856,306.61429845894156,305.6010443530429,304.7339698975034
0.0009387636992374952,806.3700795921068,805.235400346995,801.8481174961225,796.2583712540578,788.5481077315308,778.8286923073807,767.2377495506128,753.9354145306411,739.1001658603052,722.9244261980655,705.6100904674802,687.3641353785354,668.3944782425272,648.9060861101359,629.0975264585534,609.1579672529447,589.2645433676986,569.5803887851192,550.2529703237327,531.4130205773502,513.1738582231824,495.6311523675464,478.86306580164506,462.9307261302521,447.8790176386634,433.7375645330876,420.5219342454797,408.23503968578973,396.86848913824144,386.40407774623276,376.8153778566312,368.069096834544,360.1264523277999,352.94461115251954,346.4778680715433,340.67860192939617,335.4985049310918,330.8892065108905,326.80309122459204,323.1939410949189,320.01726136215893,317.2308239460067,314.7947935276041,312.67198595492914,310.82794286427884,309.23094330711444,307.85203944015564,306.66492670577054,305.64586096088783,304.7735534462144
0.0009437636992374952,807.3058117647838,806.1696533005827,802.7779542893884,797.1809185477497,789.4605949661699,779.7284863536266,768.1223836825166,754.8026110565704,739.9478522768513,723.7507451560764,706.4134042029934,688.1430254630217,669.1477415603159,649.6327280287085,629.7967520135612,609.8291709821784,589.9072984656577,570.1944358442624,550.8382060308959,531.9694864808317,513.7017296856769,496.13072775546027,479.33475584194986,463.3750435945024,448.2965671326998,434.12903256039027,420.88807953493614,408.57668363646326,397.18650662196933,386.6993880483227,377.08893609596066,368.32188547215816,360.3594732815108,353.15887808654094,346.67439933180214,340.8584136651584,335.6626049909595,331.0385886026154,326.9387297421194,323.3167865389704,320.1282360991591,317.33081882938234,314.8846648356661,312.75255304007385,310.89998628830745,309.295203520064,307.9092159801913,306.7156778452894,305.69080376399603,304.81326432055
0.0009487636992374952,808.2355646621968,807.0979398406582,803.7018630746861,798.097601248794,790.36730516202,780.6226138721397,769.0014832987242,755.6644248901545,740.7903257576263,724.5720368481316,707.2118901394133,688.9172988431496,669.896608714118,650.3552016091843,630.4920422344437,610.4966755309912,590.5465917583115,570.8052578840246,551.4204512359103,532.5231925923745,514.2270668695202,496.6279879436321,479.80434224462647,463.8174605379125,448.71241000152105,434.5189780096038,421.25287596031495,408.9171417563748,397.50349040867934,386.9938057901845,377.3617319278616,368.5740309873963,360.5919597374574,353.3727087766335,346.87058259132766,341.0379560554795,335.8265052449317,331.18783182641346,327.074282273289,323.4395913885886,320.2392087252998,317.43084376269326,314.97459261597714,312.8331978565175,310.9721241001155,309.3595707157417,307.96650855328176,306.76655101316453,305.7358719954169,304.85310185526583
0.0009537636992374952,809.1593966863305,808.0203182243506,804.6199016765764,799.0084764674215,791.2682944429865,781.5111297418679,769.8751017912491,756.5209077140701,741.6276360756327,725.3883489612874,708.0055937271394,689.6869986084978,670.6411203355285,651.0735449549854,631.1834326527459,611.1605138409222,591.1824536033705,571.4128827071848,551.9997312364075,533.0741617730954,514.749890284633,497.1229511905228,480.27184112852876,464.2579910614046,449.12655845735577,434.9074113388851,421.6163323636434,409.2564214107268,397.819446525635,387.287335797963,377.63376911067166,368.82553619930366,360.82391369802997,353.5861045243842,347.0664185592639,341.21722931737395,335.99020550981453,331.3369356821993,327.20974807579086,323.56235472535167,320.3501782038075,317.53089764055244,315.06457573665796,312.9139192808795,311.04435521322057,309.4240438669515,308.0239162084971,306.8175453469158,305.7810648891127,304.8930653851599
0.0009587636992374952,810.0773653761162,808.9368458480551,805.5321270658105,799.9136004714826,792.1636181063668,782.3940880350381,770.7432917691067,757.3721104552274,742.459832278468,726.1997284902802,708.7945597596292,690.4521672289179,671.3813164750095,651.7877956279178,631.870958298388,611.8207183919205,591.8149139366249,572.0173377335354,552.5760709848843,533.6224165754556,515.2702201671156,497.61563551375366,480.73726840262094,464.6966490848009,449.53902455787426,435.29434287607626,421.97845747856115,409.59452987597535,398.1343809287541,387.57998284169696,377.905051359804,369.07640389524306,361.0553371433757,353.79906661691945,347.26190793657156,341.3962336646065,336.1537056029104,331.4858996730968,327.3451264123565,323.68507563697153,320.4611435045308,317.6309793642022,315.1546130720953,312.9947161954104,311.1166785459522,309.4886219503793,308.081437997811,306.86865998598853,305.8263816800322,304.9331542451458
0.0009637636992374952,810.9895274247543,809.8475792647052,806.4385953764586,800.8130287033376,793.0533306394075,783.2715420332986,771.606105073965,758.2180832998517,743.2869627027758,727.0062217512937,709.5788323864327,691.2128465667998,672.1172366133629,652.4979906588351,632.5546537095129,612.4773212113776,592.444002280179,572.6186500073331,553.1494950954025,534.1679792492312,515.7880764845341,498.1060586947474,481.2006397700196,465.13344835031415,449.94982020917234,435.6797828212289,422.33925993244003,409.93147434158453,398.44829950404517,387.87175163648067,378.17558234867374,369.3266368316239,361.28623203196275,354.0115963273347,347.4570514163536,341.5749693079333,336.3170053421943,331.63472330557,327.48041655085586,323.80775321737116,320.5721036040042,317.7310878415704,315.2447035029965,313.07558748804854,311.1890930215117,309.55330394665725,308.13907297616777,306.91989407182274,305.8718216041821,304.97336777032416
0.0009687636992374953,811.8959386965918,810.7525742006061,807.3393619225989,801.7068157963116,793.9374857354412,784.1435442434529,772.4635927953921,759.0588757081789,744.1090749883278,727.8078743953706,710.35845512589,691.9690778890266,672.8489196729142,653.2041665580318,633.2345529420849,613.130353882937,593.0697477504782,573.2168462045644,553.7200278501157,534.7108717473382,516.3034789410758,498.59423828325475,481.6619707319351,465.56840242594694,450.3589571686773,436.0637412490646,422.6987482484426,410.26726191173253,398.76120806900354,388.1626468435931,378.4453657095974,369.5762377346084,361.51660030112754,354.223694915111,347.6518496841651,341.75343645533144,336.4801045464832,331.78340608954557,327.61561776438975,323.9303865667538,320.6830574855069,317.83122198732474,315.33484591644185,313.15653205247366,311.2615975680295,309.6180888404241,308.1968202015468,306.9712467479214,305.9173838986958,305.01370529605316
0.0009737636992374953,812.796654243571,811.6518855718349,808.2344812145823,802.595015590734,794.8161363096115,785.0101464127879,773.31580528572,759.8945364287802,744.9262160917481,728.6047314214891,711.1334708775154,692.7209018786251,673.5764040284068,653.9063593253763,633.910689579248,613.7798475550808,593.6921790661329,573.811952640028,554.2876932056353,535.2511157315079,516.8164469825718,499.08019160176445,482.12127659150843,466.0015247088036,450.7664470479809,436.4462281113724,423.05693084753045,410.60189960697414,399.073112373972,388.4526730715949,378.7144050346665,369.825209300797,361.746443867602,354.43536362651616,347.84630341831416,341.9316353122198,336.64300303559537,331.9319475385303,327.7507293313753,324.0529747916712,320.7940041391175,317.9313807229212,315.4250392059331,313.2375487881577,311.3341911186188,309.68297562038356,308.254678735025,307.0227171599153,305.96306780190196,305.05416615801596
0.0009787636992374953,813.6917283212624,812.5455675002293,809.1240069748881,803.4776811495714,795.6893345142023,785.871399544021,774.1627921745294,760.725113512525,745.7384322998937,729.3968371893068,711.9039219340633,693.468358646128,674.2997275176339,654.604604460185,634.5830967404479,614.425832949496,594.3113245555476,574.4039952742393,554.8525147992315,535.7887325778203,517.3269998013943,499.5639357498012,482.5785724575561,466.43282842831957,451.17230131559654,436.8272532393427,423.41381605041653,410.9353943658566,399.3840181034606,388.74183487739447,378.98270387659545,370.07355419789167,361.975764628027,354.64660369499177,348.04041329015024,342.10956608167044,336.8057006305049,332.0803471697213,327.88575053562784,324.1755170050847,320.9049425617651,318.03156297665106,315.5152822714392,313.31863660041233,311.4068726114275,309.7479632793607,308.3126476408366,307.07430445562704,306.00887255338904,305.09474969228734
0.0009837636992374953,814.5812144044952,813.433673328974,810.0079921535778,804.3548647736665,796.5571317535781,786.7273539098674,775.0046023827745,761.5506543261941,746.5457692429009,730.1842354315879,712.6698499932982,694.2114877406447,675.0189274517938,655.2989369708561,635.251807090327,615.0683403692403,594.9272121643596,574.9929997201602,555.4145159548846,536.3237433820993,517.8351563412314,500.0454876081188,483.0338732482161,466.86232664940934,451.57653129965,437.2068263458409,423.76941207947044,411.26775304649544,399.69393087743504,389.0301367672855,379.25026574954524,370.32127506534107,362.20456445944615,354.85741634152924,348.2341799643416,342.287228964611,336.9681971534861,332.22860450410974,328.0206806664352,324.29801232642217,321.0158717572762,318.1317676836826,315.6055740194382,313.39979440043396,311.4796409896869,309.8130508143548,308.37072598643135,307.1260077851316,306.05479739406957,305.1354552353987
0.0009887636992374953,815.4651652025946,814.3162556377965,810.8864889433651,805.2266180165991,797.4195786987583,787.5780590672459,775.841284136554,762.3712055657531,747.3482719069,730.9669692663192,713.4312961694661,694.9503281606677,675.734040625597,655.9893913842592,635.9168528473995,615.7073997067013,595.5398694626939,575.5789912497695,555.9737196891843,536.8561689651738,518.3409353017437,500.5248638427861,483.4871936945066,467.2900322755315,451.9791481904983,437.5849570276241,424.12372706057056,411.59898242810465,400.00285625256595,389.3175831979536,379.51709412992346,370.5683745149649,362.4328452197868,355.06780277502935,348.42760409914297,342.4646241600189,337.130492428253,332.37671906657994,328.15551901863,324.4204598816317,321.1267907364179,318.2319937861012,315.6959133629573,313.4810211053457,311.5524952017584,309.8782372265909,308.42891284252966,307.1778263008165,306.100841566242,305.17628212440104
0.0009937636992374953,816.3436326742421,815.1933662577854,811.759548794309,806.0929916991743,798.276725301621,788.4235638711327,776.6728849805407,763.1868132692961,748.1459846464253,731.7450812085301,714.1883010044894,695.684918364601,676.445103327117,656.6760017548985,636.578265792512,616.3430404513581,596.1493236522383,576.1619948004625,556.5301487170856,537.3860298780123,518.8443551431058,501.00208090917357,483.9385483437934,467.7159580516823,452.38016304328636,437.9616547675016,424.4767690249107,411.9290892124929,400.310799723448,389.60417857745773,379.7831924571616,370.81485513156,362.66060874832374,355.2777641926523,348.6206863466525,342.64175186510687,337.2925862800904,332.52469038600304,328.29026489265476,324.5428588032303,321.23769851693766,318.3322402329446,315.7862992216086,313.5623156382371,311.6254342011769,309.9435215215683,308.48720728317653,307.22975915743837,306.147004313651,305.2172296969264
0.0009987636992374953,817.21666804197,816.0650562858433,812.6272224281475,806.9540359235567,799.128620808763,789.263916488071,777.4994517910801,763.9975228296728,748.9389511965114,732.5186131818168,714.9409044788797,696.4152962810388,677.1521513474062,657.3588016738461,637.2360772771001,616.9752916973599,596.7556015731476,576.7420349813017,557.0838254575187,537.9133464067263,519.3454340904364,501.47715505584176,484.3879515631734,468.14011656731134,452.7795867804361,438.33692893643945,424.8285459107604,412.2580800255137,400.6177667237858,389.8899272661827,380.0485641344695,371.0607194734887,362.8878568661293,355.4873017801551,348.8134273530593,342.818612275501,337.4544785359807,332.6725179953224,328.42491759462393,324.66520823034995,321.3485941235999,318.43250598023656,315.8767305216231,313.6436769282013,311.69845694669306,310.0089027091077,308.54560838579266,307.2818055121794,306.1932848815453,305.25829729124825
0.0010037636992374953,818.0843218062959,816.9313760987834,813.4895598522754,807.8098000870536,799.9753137750158,790.0991644093526,778.3210307889685,764.8033790068046,749.7272146844974,733.2876065295895,715.6891460223893,697.1414993187892,677.8552199898725,658.0378242774631,637.8903182312374,617.6041821509108,597.3587297107777,577.3191360791113,557.6347720388715,538.4381385774572,519.8441901381183,501.95010232833255,484.835417542774,468.56252025916683,453.17743019407794,438.71078879561327,425.1790655651801,412.58596141848494,400.92376262754743,390.17483357776837,380.31321252957036,371.30597007324945,363.11459137650866,355.69641671221683,349.00582775888176,342.99520558541093,337.61616902472133,332.82020143163777,328.5594764363806,324.7875073087776,321.45947658821854,318.53278999101667,315.96720619588183,313.7251039103686,311.7715624023116,310.0743798033947,308.60411523122417,307.3339645246998,306.23968251673534,305.29948424633955
0.0010087636992374954,818.9466437595149,817.7923753670827,814.3466103733826,808.660332895565,800.8168520766346,790.9293544638751,779.1376675519189,765.6044259397011,750.5108176415434,734.0521020260428,716.4330645244008,697.8635643766552,678.5543440794293,658.7131022559054,638.541019171499,618.2297401374835,597.9587342022583,577.8933220644258,558.1830103043299,538.9604261611412,520.3406410540201,502.42093857287114,485.2809602989738,468.9831814140724,453.5737039484168,439.0832434984099,425.52833574569263,412.9127398695672,401.22879275008944,390.4589017800103,380.5771409754133,371.55060943803096,363.3408140654224,355.90511015275354,349.19788819919677,343.171531987793,337.7776575770399,332.96774023628217,328.69394073555,324.9097551909942,321.57034494968696,318.6330912353675,316.0577251839445,313.80659552593926,311.84474953732933,310.13995182302386,308.66272690379003,307.38623535719125,306.2861964676475,305.3407899019302
0.0010137636992374954,819.2171389114707,818.0631199854836,814.6181000321677,808.9330409535079,801.0912166755797,791.205763850208,779.4164458863662,765.8858189143327,750.794979871604,734.3390848198685,716.7228066709525,698.155886856716,678.8489447180284,659.009558380646,638.8387925264943,618.528183021974,598.2571043201672,578.1907949044239,558.4786981099456,539.253396501575,520.6299361171165,502.70559790560753,485.5600366230948,469.25576428525187,453.8389316442467,439.34031969304453,425.7765456639954,413.15145462113577,401.4574806010937,390.6771318064861,380.7845854064692,371.7470414426979,363.5261107774876,356.0792416856832,349.3609157392141,343.32360147659415,337.91898916052355,333.0986210276362,328.8147153467502,325.0208171537903,321.6721265413247,318.7260551449633,316.1423564940424,313.8833934400504,311.91422028941486,310.2026030626563,308.7190611887585,307.43674588016535,306.331363080241,305.381075845867
0.0010187636992374954,818.6658661145964,817.5142808347168,814.0765249901176,808.4034283494068,800.5780514982746,790.7132397843739,778.9483956868088,765.445653005768,750.385636751728,733.9629914236102,716.3818520600196,697.8514102991346,678.5817311750925,658.7798524745755,638.6463217621763,618.3721869036434,598.1363809854015,578.1037463417422,558.4233872246842,539.2276049221085,520.631223699487,502.7313667482761,485.60758464296066,469.3223485190393,453.9218129698769,439.43681226649335,425.8840631451822,413.267536746646,401.57982728035614,390.80362324602646,380.9132978346871,371.8762535117783,363.6543158005288,356.2051368206999,349.48340254703174,343.44177873188454,338.0321376399307,333.20619227389795,328.91631624845866,325.1161946453457,321.76115012813307,318.8087010440301,316.21869242490584,313.95356274549664,311.9784277442167,310.2611030332855,308.77214431316105,307.48472944013815,306.374581853404,305.4198741400187
0.0010237636992374954,817.6874324809874,816.5394153745139,813.1123072930072,807.4567488878627,799.6554932642781,789.8209674053089,778.0920568925799,764.630293405629,749.6156311030712,733.241991003871,715.7127501117667,697.2363264840252,678.0220101070852,658.2760824210184,638.198367556813,617.9792327806344,597.7969914272871,577.815930069806,558.1846722961063,539.0351168178419,520.481765874248,502.62150329317484,485.5337163972545,469.2807921650261,453.90886683256093,439.4488209595573,425.9174761595743,413.3189512237482,401.6460306925495,390.8816228780894,381.00034347313397,371.9698499539279,363.75223578148973,356.3054160445781,349.58433843078274,343.54192232229144,338.130278304904,333.30134330190316,329.0076969148065,325.20321090565125,321.8433744898295,318.8858524503181,316.2906170899697,314.0202148514554,312.0398515777287,310.31741739647714,308.82352641746724,307.53140216680396,306.4168018877808,305.45792165117285
0.0010287636992374954,816.3914499945365,815.2478450884818,811.8339016124131,806.2000280851086,798.4285992474884,788.6315281038835,776.9470661498789,763.5360080768728,748.5774884852733,732.2645466685655,714.7996377457746,696.3902402890557,677.2447054670482,657.5683989700817,637.5602694851515,617.4098618353133,597.2947387802576,577.3785137030427,557.8092258979043,538.7182826234043,520.2197903342349,502.4103341302937,485.3690940287354,469.1583416686702,453.8241777598224,439.3975234956616,425.89530969241673,413.3218174909488,401.6700436662612,390.92314496279425,381.05601328222997,372.03659901946924,363.8273031486857,356.38634607982715,349.66897929963835,343.62841749086624,338.21705063138285,333.3870787785402,329.09132475408313,325.2838816638538,321.92043762681647,318.95883334176233,316.3591950462959,314.0842011874671,312.0991690951346,310.37208215641584,308.8736294325884,307.57709442196455,306.45828048264275,305.49541770940067
0.0010337636992374954,814.8395751102547,813.7010623176948,810.3023107177692,804.6934615882027,796.9564536708207,787.2026082668102,775.569447647535,762.2169201970557,747.3232206711074,731.0803788696437,713.6897960315769,695.357877934713,676.2919055099212,656.696201128027,636.7687165793642,616.6980610560969,596.6609425472932,576.8202077324146,557.3232292017378,538.3008520740013,519.8667282730207,502.11709696832503,485.1308955848782,468.97025554565903,453.68122799013446,439.29476989100397,425.8279244732367,413.28514640918854,401.65966177425884,390.9348981417853,381.0860500875812,372.0813907116572,363.88365987120625,356.4514166541521,349.74024972896916,343.7037022403754,338.294476189467,333.4650660556976,329.1685676184583,325.3593231213516,321.993245510539,319.0283751054958,316.4250135846645,314.14599080122935,312.1567528759572,310.425391684686,308.92268468245254,307.6219870009386,306.49915818034873,305.5324709764291
0.0010387636992374954,813.0735189269816,811.9406666010113,808.5588014020057,802.9777676950656,795.2790196717677,785.5732214864308,773.9970861663567,760.7096239587031,745.887988900981,729.7230943371294,712.4151773314536,694.1694597040422,675.1920427220691,655.6860994400091,635.8484839914704,615.8667761442377,595.9167429000448,576.1603868914924,556.7443458926853,537.7988444497257,519.4370313421936,501.75476073664356,484.8306981150722,468.7268139577607,453.48909791529655,439.1485384000078,425.7222933860151,413.21499990372854,401.62012706854836,390.9213914346256,381.09431178784996,372.10750823485205,363.92408524324225,356.5029679038783,349.800109535319,343.76940910564036,338.3639075785984,333.5364197669455,329.2403390773422,325.43028001838644,322.0624019555245,319.0949646295443,316.4884631715722,314.2058951181998,312.21284993487393,310.47754083525587,308.9708450265929,307.6661991562187,306.5395275019272,305.56915283811327
0.0010437636992374954,811.1242215630316,809.99751491556,806.633982686564,801.0831467684541,793.4259350845986,783.7722984449372,772.2580719809318,759.0412491038469,744.2978568069741,728.2176005838087,710.9994592361559,692.8473759638757,673.9661793225923,654.5578030782183,634.8179183012099,614.9329959185739,595.0777890309373,575.4133908471766,556.0856467720117,537.2241113900056,518.94138920408,501.3329162794508,484.47706118464157,468.43561575308786,453.25449779135056,438.9647231711629,425.5835662699816,413.115853554551,401.55530842961934,390.8859514173953,381.08364338080554,372.11737166671264,363.9506268640941,356.5427229338598,349.85000091697793,343.82673864949777,338.4263387808878,333.60195837549065,329.3073093787233,325.4972982240159,322.12834908111745,319.1589580183586,316.5498290388448,314.26414132662376,312.26764020961514,310.52867132325133,309.01822144563624,307.70981730654466,306.57945535894953,305.60551480894213
0.0010487636992374955,809.0159482602334,807.8958070067232,804.5518590002539,799.0332813888595,791.4204395470118,781.8225221006568,770.3744266690331,757.2330615498204,742.5732518909826,726.5834162525,709.4611938777961,691.4091676808212,672.6308133435076,653.3267479511751,633.6913861419235,613.9100218463618,594.1563317514926,574.590443618246,555.3573611694526,536.5859266924033,518.3881651137951,500.8590659439319,484.0766792786271,468.102602935482,452.98267373381753,438.7479312903509,425.4157674792739,412.99120390805587,401.4682275565679,390.83117541364385,381.05626540446707,372.1128691610604,363.9648815861667,356.57202489066884,349.89104746005006,343.87662565249803,338.48254322301887,333.6623182732734,329.3699992525592,325.5608014575215,322.191429734887,319.220631117636,316.6093318668033,314.3209049657203,312.3212625276851,310.578892309806,309.06489927486217,307.7529077721525,306.61899299256186,305.6415962483388
0.0010537636992374955,806.7684512568192,805.6552415736072,802.3319693949906,796.8474475806438,789.2814471663434,779.7423518284481,768.3640695078726,755.3023636925105,740.7307923570531,724.8364181456747,707.8154699232068,689.8690992741698,671.1993593616178,652.0054834451586,632.4805661517166,612.8086654095943,593.1623274170317,573.7006660446464,554.5678006936314,535.8918247253166,517.7841529080184,500.3393034926668,483.63498929870303,467.7326006349373,452.67788516473763,438.5019027406254,425.2221633577939,412.84388834927506,401.361335953274,390.759170096452,381.0139784058624,372.0955312512352,363.9681433366406,356.5919616712031,349.9241587991264,343.91982649417446,338.53314635102055,333.7180137448812,329.4288291968218,325.62113158905936,322.25192027448384,319.2802060410976,316.6671491384217,314.3763270264582,312.37382822919415,310.6282911985532,309.1109467162262,307.7955234507316,306.6581811822479,305.6774284034908
0.0010587636992374955,804.398241092745,803.292284228681,799.990645523663,794.541756325733,787.0247653498387,777.5472137027438,766.2419737854382,753.2636118322592,738.78436130869,722.9898684666763,706.0748897778507,688.2390833654787,669.6830190388619,650.6044876545942,631.1952084234339,611.6379518964134,592.1040867338155,572.7516707821592,553.7239020278392,535.148093018085,517.1350216970135,499.77871345965104,483.15652733056237,467.32963416642275,452.3436851109233,438.22975690713605,425.0054778962244,412.6762727862503,401.2366774168579,390.6716914305596,380.95828283796124,372.0666330365802,363.9614897590582,356.6034390004694,349.95009193322085,343.95697033362876,338.57866812837227,333.7694720726017,329.48414832446724,325.67857222165185,322.3100497452414,319.33786668503626,316.72342762546634,314.43052394817084,312.42542912844795,310.6769399438109,309.15641981051226,307.8377077160915,306.69705328690696,305.71303676911816
0.0010637636992374955,801.91939362826,800.820972391458,797.5418101946161,792.1299416620635,784.6638684966317,775.250256058227,764.020900783871,751.1291254579835,736.7457885739742,721.0550668172087,704.2501897976837,686.5292676686281,668.0913335755416,649.1326846992283,629.8436163874533,610.4055669279891,590.9886863597466,571.7499397234319,552.8315711987743,534.3600846461496,516.4455978350505,499.18162433615726,482.64515479339855,466.8971299747483,451.9830978193047,437.93414875005584,424.76802933486795,412.49037051054614,401.09599092042725,390.5702332606517,380.8904549420585,372.027258841685,363.9458370237776,356.6072266507248,349.96948999696497,343.9885914642566,338.6195498955387,333.81705571808857,329.5362525864784,325.73336358461563,322.3660119890085,319.3937685219101,316.77829126847166,314.4835939258627,312.47614253607827,310.72489902878243,309.2013655722137,307.8794968756351,306.73563716129627,305.74844257421194
0.0010687636992374955,799.3440925312268,798.2534563465001,794.9975141656748,789.6238904446299,782.2104180683137,772.8628573641129,761.7118931391051,748.9095639917094,734.6253089781012,719.0417884041797,702.350657112886,684.7484293968612,666.4325549507155,647.5977923278269,628.4329705786362,609.1181564424879,589.8222453956269,570.7010775002882,551.8959147827518,533.5324279964921,515.7200542352107,498.5517785334117,482.10421022841393,466.4380504827165,451.59873792768684,437.61737356878683,424.51182178168887,412.2879218994411,400.9407795868276,390.45608668908113,380.811597597853,371.9783455359001,363.92197654057964,356.6039893922883,349.9829082177773,344.0151509699298,338.65617234371376,333.8610771622173,329.58539696042453,325.7857124926737,322.41997373926984,319.4480451460928,316.8318464422259,314.5356211238238,312.5260346133179,310.77222012196745,309.2458240823397,307.9209218105628,306.7739564348416,305.7836637738879
0.0010737636992374955,796.683010589359,795.6003795501396,792.3683134512738,787.0340147052185,779.674628131741,770.3949831871569,759.3246215930777,746.6142618522521,732.431884412218,716.9585919925319,700.3844225380185,682.9042524033,664.7139067658592,646.0065661348096,626.969556085856,607.7815374161985,588.6101195830935,569.6099895140278,550.9214022570751,532.6691740431145,514.9620432669268,497.8924516762603,481.5366158185964,465.9549887060439,451.1928940642921,437.2814404809789,424.23860945799606,412.07045029418896,400.77235903495864,390.3303816867973,380.7226759502961,371.9207128771397,363.8906006685113,356.59430866326653,349.99083208504953,344.03705187997434,338.68886808980017,333.9018092849959,329.6318039738506,325.83579930862516,322.4720802792992,319.5008128480057,316.8841856344017,314.58667861871265,312.57516271433684,310.8189479317543,309.28982994920136,307.96200912049255,306.8120314038692,305.8187157412632
0.0010787636992374955,793.9455875120698,792.8711556990145,789.6635442034113,784.3695229254105,777.0655316607085,767.8554462364222,756.8676375922121,744.2514725298963,730.1734384318285,714.8130442100155,698.3586739076654,681.0035290176937,662.9417741987639,644.3649773910881,625.4589281582771,606.4008512742729,587.3570426702822,568.4810115162396,549.9119841533183,531.7739035135307,514.174793445653,497.20653938139594,480.94495486163754,465.45023705539694,450.76758962819736,436.9281258344455,423.9499433890945,411.83930260105603,400.5918925004704,390.19411731442875,380.6245432786484,371.85508553974523,363.8523213753178,356.5786982930262,349.99369053047303,344.0546501602561,338.7179307941506,333.93949288990757,329.6756698813547,325.8837829881287,322.5224595407919,319.55217392674274,316.93539010904254,314.6368305299989,312.6235770814487,310.86512154834566,309.33341336517066,308.0027819513326,306.8498796768048,305.8536117676763
0.0010837636992374956,791.1402383671782,790.0741766158708,786.8915289540707,781.6386235686977,774.3911803336608,765.252101460964,754.3485627917902,741.8285516883001,727.8570322410776,712.6118878002401,696.2798160913094,679.05231142567,661.1218464593054,642.6783463965254,623.9060363789057,604.9806789078441,586.0672323862577,567.3180067367223,548.8711806078632,530.8498071936996,513.3611818759377,496.49662226387176,480.33152979574766,464.9258388585195,450.3246282958595,436.5590131889162,423.64720634757106,411.5956796706412,400.4004171086823,390.04818432480704,380.5179603396148,371.78210958156274,363.8076841830769,356.5576162507173,349.99186577394295,344.0682629216802,338.7436219683326,333.97434232060215,329.71716927448443,325.9298048436816,322.57122516119205,319.60221916052166,316.98553189246286,314.68613360807984,312.6713221085214,310.9107754436711,309.37660089395143,308.04326061191864,306.88751665466,305.8883634351413
0.0010887636992374956,788.2745138717642,787.2169721161514,784.0597352161908,778.8486815942637,771.658798171741,762.5919960686879,751.7742347679687,739.3520979468829,725.4889999952143,710.361170973193,694.15359400203,677.0560280301202,659.2592262824722,640.9514449667415,622.3153200875491,603.5251290510873,584.7444718603281,566.1244404967027,547.802149376816,529.8997476006195,512.5237898776818,495.7650158449105,479.6984067404172,464.3836279015097,449.86562893894586,436.17552398848886,423.33163965483953,411.340659593827,400.19886401711574,389.893382487574,380.4036101901956,371.7023650598429,363.75717884975813,356.53147364177505,349.98570086127245,344.0781747028131,338.7661761843797,334.00654975770044,329.7564586074906,325.97399142271496,322.6184788209116,319.65102969483223,317.0346752907258,314.7346384475465,312.7184373059862,310.9559402349847,309.4194160716798,308.0834630447499,306.9249558977722,305.9229809005866
0.0010937636992374956,785.3552262629292,784.3063355450332,781.1749000252004,776.0063413568816,768.8749021769522,759.8814873182165,749.150821422775,736.8280634095071,723.075055020632,708.0663489458952,691.9851891517304,675.019574781319,657.358515860128,639.1885768586845,620.690783255455,602.0379076195675,583.3921734939661,564.9034387340498,546.7077391783488,528.9263073435064,511.66494659924956,495.01380967509414,479.0474504062496,463.82525941449853,449.3920529816833,435.7789415879913,423.0043641709409,411.0752159421935,399.98807418329363,389.73043414795603,380.282109785774,371.61637590014266,363.70124772292695,356.5006417420642,349.97550555629186,344.0846423796811,338.78580514475954,334.0362885750536,329.7936789506541,326.0164567546209,322.6643120676595,319.698678515914,317.0828780736041,314.7823904335997,312.7649580534542,311.00064328029146,309.46187987556107,308.1234051929319,306.9622094116388,305.9574731173575
0.0010987636992374956,782.3885499323868,781.3484241446954,778.2431295088704,773.1176248618833,766.0453987756832,757.1263366829814,746.4839124360728,734.2618420127222,720.6203747135864,705.7323650952067,689.7792968134886,672.9473881574494,655.4238855015549,637.3936420253845,619.036054298963,600.5223730950249,582.0134299730869,563.6578347393315,545.5905322840732,527.9318277322964,510.78676383002016,494.2448985578525,478.38035195100235,463.25223479191567,448.9052262222494,435.37043041358163,422.6663970300274,410.80023230820893,399.76881093108335,389.5599950300985,380.1540192190292,371.52461775588984,363.64029239097675,356.4654575970878,349.96156102981945,344.08789907204607,338.80270091967145,334.06371600869477,329.8289581792513,326.057304136778,322.70880776615826,319.745231621411,317.1301924150205,314.82943049365775,312.81091619730637,311.0449091510434,309.5040110958524,308.1631012913969,306.9992878737386,305.9918480109691
0.0011037636992374956,779.3801031504217,778.3488405607318,775.2699797448133,770.1880115526914,763.17566213235,754.3317863103459,743.7785935184106,731.6583412540667,718.1296694630619,703.3637168346424,687.5401886539001,670.843504397332,653.4591293547137,635.5701887564795,617.3544346110458,598.9815814583172,580.6110556486457,562.3902070627028,544.4528790595116,526.9184400835609,509.8911642239634,493.46000785913685,477.6986515557119,462.6659216235377,448.4063565114564,434.95105148266697,422.3186651931208,410.5165140776362,399.5417701226955,389.38266297994676,380.0198491949898,371.42752436589086,363.5746790618996,356.4262285488712,349.9441236496816,344.0881572999943,338.817038562396,334.08897531250403,329.86241274111666,326.0966275764067,322.7520412682346,319.7907489650231,317.17666565177586,314.8757957036204,312.8563405326382,311.08876001329986,309.5458266357682,308.2025641016674,307.0362008163599,306.0261126207571
0.0011087636992374956,776.3350153467069,775.3126999434573,772.2605233263232,767.2225039938537,760.2705986164436,751.5026219588393,741.0395075284991,729.0220412276003,715.6072393730758,700.9645098254255,685.2717642697326,668.711608235249,651.4677112474945,633.7214565692182,615.6489384792167,597.4183231431879,579.1876205647474,561.1029106815145,543.2969263599111,525.8880914534569,508.9799044954105,492.6607143049968,477.0037569728645,462.06757014869316,447.8965482718745,434.52177514754493,421.962016574169,410.2247980919252,399.3075885056449,389.19898513783767,379.8800671620526,371.3254927674716,363.5047429727746,356.3832359461504,349.92342808619406,344.0856115697428,338.82897825119477,334.11219752320403,329.8941491035242,326.134512970558,322.7940813701859,319.83528522925303,317.2223409040802,314.92151978361613,312.9012571972843,311.13221593930564,309.58734175660544,308.24180510371673,307.0729567760046,306.0602732156249
0.0011137636992374956,773.2579831732795,772.2446858609208,769.2194048281045,764.225682599386,757.3347005153304,748.643225433474,738.2709053891474,726.3570438018476,713.0570215099035,698.5385031281071,682.977594108206,666.5550734839486,649.4528028573202,631.8504119178185,613.9223263159492,595.8351537955982,577.7454787793081,559.7981029369355,542.1246411570863,524.8425660458673,508.0545947134992,491.84846327841683,476.2969589498483,461.4583269360619,447.37681456656173,434.0834916862122,421.59722928462963,409.92576067491825,399.06685064515716,389.0094638941804,379.73510240159385,371.2188876230715,363.43079204846873,356.3367382220654,349.8996898875865,344.08044051754666,338.8386670647257,334.133502922998,329.92426495191705,326.17103908349657,322.83499110558694,319.8788904651942,317.26725758921566,314.9666335082959,312.9456899978712,311.1752951652845,309.6285702805317,308.2808346546769,307.10956341696647,306.09433538977925
0.0011187636992374956,770.1533177237786,769.1490973915055,766.1508875211402,761.2017517249885,754.3720912690321,745.7576187420992,735.476688961224,723.6671140271113,710.4826296804307,696.0891472132139,680.6609555957912,664.3769971926581,647.4173158345712,629.9597782431536,612.1771326192354,594.2344201520772,576.2867921878357,558.4777653494815,540.937830409513,523.7835032140309,507.11671452403584,491.0245833593895,475.57944419206336,460.8392463792625,446.84808723894315,433.6370201987904,421.2250193974596,409.62002437258127,398.8200947437675,388.8145618879708,379.5853502985941,371.1080448497488,363.3531099700962,356.28697347469625,349.87310763885534,344.07280870637567,338.84624046953456,334.15300226470396,329.95285019374296,326.2062783649859,322.874828408897,319.9216106279414,317.31145185131504,315.011165050065,312.9896606825368,311.21801430703584,309.6695247601624,308.31966212154504,307.1460276346598,306.12830414277624
0.0011237636992374957,767.0249846869705,766.0298891694513,763.0588930961052,758.1545788605479,751.3865639317196,742.849501637627,732.6604474929505,720.9557153350797,707.8873882440744,693.6196162675978,678.3248638421583,662.1802286732443,645.3639290969804,628.052061502414,610.4156897247165,592.618282020525,574.8135507566757,557.1437221443606,539.738157933434,522.7124127430822,506.16762691908184,490.1902986650542,474.8523063629017,460.211300449861,446.3112255140528,433.183116152564,420.84604753041714,409.30816366660497,398.5678175737988,388.6147062423809,379.4311759595851,370.99327469324567,363.2719587732535,356.2341616515951,349.8438647888603,344.0628681461032,338.8518235783189,334.17079780783297,329.97998780717865,326.24029764196985,322.9136466762697,319.96348802897074,317.35495692442163,315.05514026898186,313.03318917123795,311.26038854198197,309.7102166217361,308.358295993222,307.18235564285123,306.16218394709887
0.0011287636992374957,763.8766387868931,762.8907057320912,759.9470357335083,755.0877282436101,748.3816141565026,739.9222838123752,729.8254888746569,718.226039719469,705.274361100983,691.1328358892333,675.9720979586821,659.967394378008,643.2951122206999,626.1295720454352,608.6401481565886,590.988731111285,573.3275898548969,555.7976561184056,538.5271588510728,521.6306879360685,505.2085900257922,489.34673941311746,474.116555498465,459.57538704343256,445.76702335767203,432.7224778362231,420.46092447649346,408.9907098600072,398.31047869412714,388.4102921849427,379.27291730420615,370.8748643541639,363.1875810671437,356.1785064151017,349.8121312100377,344.0507595908938,338.85553222350694,334.18698420237183,330.0057545649196,326.2731587082992,322.95149524359226,320.00456172167094,317.39780344184123,315.09858295973095,313.0762937519305,311.30243176422186,309.750656287051,308.3967439759261,307.21855304794923,306.19597880570973
0.0011337636992374957,760.7116535526873,759.7349112091226,756.818651552712,752.0044899124865,745.3604687035802,736.9791127211677,726.9748666477661,715.4810338145492,702.6463767378676,688.631507013184,673.605223793098,657.7409193875768,641.2131456418995,624.1944435060578,606.8524941997387,589.3476072951162,571.8306052161759,554.4411223356708,537.3062520601028,520.5396169062905,504.2407672779699,488.49495103477,473.37312612825815,458.93233717729487,445.2162158218293,432.2557519240925,420.07021605699634,408.66815528736197,398.04850408325746,388.20168616592554,379.11088772761525,370.75308024905416,363.1002019447317,356.12019674754765,349.77806454027586,344.03661365510516,338.8574738804214,334.20164924855135,330.03022165625487,326.30491883146277,322.988419797155,320.04486783247535,317.44001970179437,315.1415150636734,313.1189912489854,311.3441567176275,309.79085327812754,308.4350130750886,307.2546249127676,306.22969230145213
0.0011387636992374957,757.5331472328377,756.5656151664914,753.6768242460105,748.9079049946512,742.32611025288,734.022897796048,724.1114035090797,712.7234215876949,700.0060500198572,686.1181267270103,671.2266137064333,655.5030461012941,639.1201382264337,622.2486492304733,605.0545651791715,587.6966127383444,570.324165945606,553.0755600320276,536.0767510711094,519.4403923904445,503.2652362540557,487.6359020917145,472.62288432914437,458.2829212417525,444.65948455495186,431.78353830700075,419.6744473342036,408.3409569687067,397.7822892916804,387.989228563506,378.94537840958253,370.62816997098025,363.01003063861236,356.05940834242165,349.74181134556784,344.02055177989934,338.857748466733,334.214874554634,330.05345522550937,326.3356311910885,323.0244627289473,320.08443984728353,317.4816318971574,315.1839568522034,313.16129716879743,311.3855751109048,309.83081630768186,308.47310966614583,307.2905758116469,306.2633276397602
0.0011437636992374957,754.3440054976028,753.3856952469896,750.5244075348298,745.8007878591364,739.281299138435,731.0563316553792,721.2377118959397,709.9557242118053,697.3558012722976,683.5950064956949,668.8384638868813,653.2558505981318,637.0180426480688,620.2940166549168,603.2480628307494,586.0373242709067,568.8097258991786,551.7023030291157,534.8398734869272,518.3341203309442,502.28299640558805,486.77049119833634,471.86663389200504,457.6278544641792,444.097462617389,431.3063943134207,419.27410629164257,408.0095398010652,397.5122021947489,387.7732360456183,378.77666033007654,370.50036400047634,362.9172619657127,355.9963048178211,349.70350813388404,344.0026870759444,338.8564490392532,334.2267361100855,330.07551684110507,326.3653452608514,323.05966344602706,320.1233088608104,317.52266431542967,315.22592708631663,313.2032258264866,311.42669771770625,309.87055335784385,308.5110395561327,307.3264098784156,306.29688768582406
0.0011487636992374957,751.1469014437226,750.1978171202813,747.3640449567243,742.6857456349801,736.2285924973581,728.0819087886669,718.3562121198347,707.1802775694453,694.6978730868288,681.0642882113782,666.4428095956052,651.0012570418168,634.9086689269275,618.3322399619335,601.4345650697866,584.3712042712109,567.2886336975314,550.3225888974359,533.5967493424022,517.2218274255981,501.2949758549287,485.89955310943327,471.10512174428186,456.96780171304874,443.53073871456195,430.8248384195,418.8696470681711,407.6742993624985,397.2385854108539,387.5540036442052,378.604986039022,370.3698772074815,362.8220775951923,355.9310387811385,349.6632822445205,343.9831250624238,338.8536624048303,334.237304787961,330.09646390659304,326.3941071430515,323.0940586414907,320.1615037949375,317.56313951381026,315.2674431562955,313.2447904567997,311.467534464251,309.91007174904865,308.54880803758914,307.36213084836913,306.3303749971247
0.0011537636992374957,747.9443133159104,747.0044521558009,744.1981873933668,739.5651955005337,733.1703612308434,725.1019421052054,715.4691484254923,704.3992477530046,692.0343452019099,678.5279584027128,664.041538662919,648.7410504314424,632.7936964116889,616.3648912805945,599.6155364046195,582.6996102967066,565.7621415848458,548.9375670618035,532.3484284807331,516.1044678043797,500.3020374062852,485.02386410274016,470.3390427437236,456.30338174429164,442.95986093814275,430.339353527388,418.4614928152431,407.33560438899076,396.96175843703674,387.33180658671574,378.4305912185987,370.236910176907,362.7246471671912,355.86375276826885,349.62125263243536,343.9619643186178,338.84946965883285,334.2466467876268,330.11635002277677,326.4219598633101,323.1276825330865,320.1990515909523,317.60307847330887,315.3085212046478,313.28600331170315,311.50809450642566,309.9493782006563,308.58641993599537,307.3977420952127,306.3637918520702
0.0011587636992374957,744.7385402823817,743.807893154858,741.0291086732132,736.4413800729658,730.108805100507,722.1185776622922,712.5786032821406,701.614644857263,689.367147742669,675.9878608762413,661.6364034938906,646.4768879426344,630.6746844361395,614.393430646539,597.7923371961334,581.0238036462899,564.2314133043461,547.5483060062951,531.0958871096127,514.9829289631243,499.30498388715046,484.14414676130116,469.56904393708936,455.63517097318896,442.3853400887355,429.8503898763838,418.050038233735,406.99379897316027,396.6820195443988,387.1069019212763,378.2536960692431,370.10165038435355,362.6251292848748,355.7945800762425,349.57753056340687,343.9392970612512,338.8439466621626,334.2548240268397,330.13522530833205,326.4489436314263,323.1605670743804,320.23597737963775,317.64250073507446,315.34917623484284,313.3268757466925,311.54838629796575,309.9884788845581,308.62387965172064,307.43324666373513,306.39714027532773
0.0011637636992374958,741.5317165410335,740.6102684178725,737.8589195225984,733.3163811681113,727.0459662252791,719.1338078319989,709.686510158547,698.8283353074539,686.6980730537462,673.4457080131493,659.2290317958295,644.2103090602556,628.5530818392135,612.419214898854,595.9662319280518,579.3449570071841,562.6975311310125,546.1557997075128,529.8400336545739,513.8580370606014,498.30456291614,483.2610742417844,468.79572836062357,454.9637068399833,441.80765264024893,429.3583676397716,417.635651836509,406.64920452492805,396.3996474679883,386.8795299653537,378.07450654485865,369.9642732436856,362.52367239814555,355.7236455047534,349.5322202329745,343.9152096584082,338.8371644657444,334.26189449056596,330.15313668497754,326.47509607333234,323.192742142482,320.2723046324486,317.68142452154245,315.3894222079237,313.3674182974702,311.58841765102403,310.0273794727965,308.6611911972899,307.4686472988399,306.43042206033596
0.0011687636992374958,738.3258239849849,737.4135543748064,734.6895800915358,730.1921321539988,723.9837411980902,716.1494831205821,706.794664989791,696.0420529237784,684.0287863182652,670.9030909061082,656.8209362032651,641.9427446687662,626.4302355048109,610.4435056600847,594.1383966241908,577.6641613123986,561.161502177667,544.7609734025987,528.5817140065438,512.7305616668921,497.30147117650665,482.3752740998508,468.0196584457418,454.2894908255019,441.22724339565366,428.86367925097113,417.2186779748235,406.3021215272492,396.114902919786,386.64991560252247,377.89321545828477,369.8249430443658,362.420415594178,355.65106601934144,349.48541931984596,343.8897830889148,338.8291896898747,334.267912542622,330.1701281321835,326.5004524382219,323.2242357056367,320.30805529644476,317.7198668445442,315.4292721287098,313.4076407483524,311.6281957902028,310.06608518004657,308.6983582306317,307.50394647144896,306.46363878939763
0.0011737636992374958,735.122703617844,734.2195869686885,731.5229112426113,727.0704290839647,720.9238920048635,713.1673228187917,703.9047365088888,693.2574088896449,681.3608351237019,668.3614884898552,654.4135229465793,639.6755252385029,624.3073980515061,608.467476521127,592.3099255260092,575.9824319137305,559.6242640710975,543.3646887805629,527.3217162442976,511.60122003620734,496.29635826128566,481.4873317317216,467.2413590826865,453.6129911636109,440.64452787544707,428.3666914952862,416.799438660278,405.9528311144394,395.82802994857764,386.41826944778103,377.7100034745059,369.68381379342435,362.3154893073631,355.5769513468238,349.4372194826444,343.86309335458105,338.82008486455254,334.27292920518875,330.18624091556455,326.52504578422815,323.2550739734259,320.3432499151953,317.75784360215744,315.4687381230077,313.44755219353453,311.6677274009434,310.1046008016609,308.73538408485575,307.53914640170694,306.496791851682
0.0011787636992374958,731.9240658782819,731.0300719513823,728.3606047608708,723.9529407651785,717.8680558987722,710.1889246324096,701.0182755883753,690.4759007638304,678.6956581094001,665.822275794364,652.0080996867904,637.4098882237363,622.1857347811336,606.4922195330234,590.4818371254303,574.3007141582254,558.0866900792007,541.967748671086,526.0607748994103,510.47068096542216,495.2898301452885,480.5977934814598,466.46132038632453,452.93464528968025,440.0598944734121,427.867747397611,416.3782352088032,405.60159649612297,395.5392571666113,386.18478889852173,377.52504000622935,369.54102997450417,362.20901595918565,355.50140451183466,349.3877068074134,343.8352118514826,338.8099087359136,334.2769924104174,330.2015137924122,326.54890714547537,323.2852815318669,320.3779077375018,317.7953696657816,315.5078315070198,313.4871610921597,311.707018673016,310.14293074786315,308.7722717950186,307.5742490798419,306.52988245941583
0.0011837636992374958,728.731500008495,727.8465942258047,725.2042326178578,720.8412178939998,714.8177543587905,707.2157734190265,698.1367237142026,687.6989206547686,676.0345928093319,663.2867314291879,649.6058826197575,635.1469847701898,620.0663299781654,604.5187510916472,588.6550796329566,572.6198884422081,556.5495937573763,540.5709012933322,524.7995748206524,509.339568289923,494.28245233048506,479.70716945568756,465.6800002012909,452.2548620580784,439.47370640879205,427.3671679316596,415.95534972901805,405.24866424619034,395.24879885978714,385.94965908554957,377.3384840241334,369.3967272344445,362.10111053689155,355.424522321926,349.33696221211784,343.80620570547654,338.7987165430719,334.2801472276778,330.2159831972801,326.57206568287756,323.3148814653363,320.412046815496,317.832458958688,315.5465628499456,313.526475317979,311.7460753397392,310.181079074583,308.80902412226357,307.60925628498376,306.56291166249036
0.0011887636992374958,725.5464825806971,724.6706263484766,722.0552554027579,717.736701369633,711.7744012419362,704.2492491378817,695.2614206957131,684.9277626572512,673.3788827864842,660.756044391107,647.2080029373919,632.8878858148489,617.950192637791,602.5480172882083,586.8305359489808,570.9407748057206,555.0137331720539,539.1748441177517,523.53875468612,508.2084640605353,493.27475270419393,478.8159360810964,464.8978263780077,451.5740237566551,438.88630349956225,426.86525357237787,415.5310464738611,404.8942654731842,394.95685599556947,385.71305373633663,377.1504847922097,369.2510330062653,361.9918811184355,355.34639580753304,349.28506181341993,343.7761380763468,338.78656026900984,334.28243606944665,330.2296834100808,326.5945488206889,323.34389546694734,320.44568409342577,317.8691245270977,315.58494203061923,313.5655022042768,311.7849027134558,310.2190495113506,308.84564357565915,307.64416960219125,306.5958803616855
0.0011937636992374958,722.3703852790437,721.5035362895005,718.9150300170108,714.6407298811681,708.7393102225624,701.290634103918,692.3936117002377,682.1636296370536,670.7296841410335,658.2313202736241,644.8155127205698,630.6335876487224,615.8382616891819,600.5808987877467,585.0090281961358,569.2641371209371,553.4798147506636,537.7802273860557,522.2789102042487,507.07791143880826,492.2672241436969,477.92453843486544,464.11519884643724,450.8924879420346,438.29800377780646,426.3622857099715,415.1055730715906,404.5386168860888,394.66361714068285,385.4751359608872,376.9611825370588,369.1040670760861,361.8814293500872,355.2671106221692,349.23207726021826,343.745068434318,338.77348886861415,334.2838988783906,330.24264670878455,326.6163823705141,323.37234393876184,320.4788354882446,317.9053786046849,315.62297828889814,313.60424858462704,311.8235057177153,310.2568454865998,308.88213243201267,307.6789904379047,306.6287893206732
0.0011987636992374959,719.204482020452,718.3465945332478,715.7848167149825,711.5545468495243,705.7137015987113,698.3411196241741,689.5344536881748,679.4076394367764,668.0880714627617,655.7135869456492,642.4293903277646,628.3850170030647,613.7314107708494,598.6182152889112,583.1913218622788,567.5906869204443,551.9484968003079,536.3876573280598,521.0205970389517,505.94841734259523,491.260326896044,477.03339237379055,463.3324915105679,450.2105891161174,437.70910496519616,425.85852794134905,414.679161649938,404.1819217674867,394.36925929893187,385.23605896908225,376.77070905872756,368.9559421004287,361.76985088214457,355.186747407437,349.1780760377893,343.7130528121323,338.7595484765031,334.2845732978218,330.25490350850964,326.63759064423317,323.40024608302133,320.5115159629612,317.9412326712717,315.66068027241613,313.64272082996797,311.8618889165473,310.29447015068604,308.91849275389535,307.7137200340061,306.66163917694433
0.0012037636992374959,716.0499554862577,715.2009805914836,712.6657855618691,708.4793067945121,702.6987085344499,695.4018120838167,686.6850213139356,676.6608305660841,665.4550432883987,653.2037997573725,640.0505453345385,626.1430357112341,611.630452607168,596.6607296108876,581.3781295968099,565.9210869049244,550.4203927315267,534.9976991087043,519.7643334892326,504.8204548694147,490.2544907578308,476.14288648431756,462.55005398341774,449.52864026133363,437.11988582404723,425.35422725254216,414.25202986525346,403.82437086436863,394.0739486780217,384.99596672713847,376.57918828960294,368.80676407944327,361.6572357674413,355.1053821267955,349.123121745829,343.6801440354354,338.7447825969187,334.2844948274004,330.2664824885367,326.6581965570946,323.42761998541107,320.5437395935652,317.9766975063698,315.6980560792241,313.68092488241126,311.9000565411552,310.33192639687434,308.95472640608074,307.7483594806458,306.6944304517796
0.0012087636992374959,712.9079031269644,712.067788991029,709.5590223704471,705.4160811878307,699.6953827978788,692.4737385400774,683.8463123493123,673.924167430954,662.8315271163907,650.7028463234997,637.6798230715937,623.9084449912701,609.5361430284884,594.7091514471847,579.5701146972532,564.255954164405,548.8960740186119,533.6108795340784,518.5106029495165,503.6944655213612,489.2501170763518,475.2533838726732,461.76821317966994,448.84693424981907,436.53060739732405,424.8496151038476,413.82438184689005,403.46614320547775,393.7778413930503,384.7549945597661,376.38673680699424,368.6566327908416,361.5436688266915,355.0230863714847,349.067274353239,343.6463919338389,338.7292322776454,334.2836969656992,330.2774107085728,326.6782217220542,323.45448269123335,320.575519630237,318.0117832381395,315.7351132967717,313.7188662861459,311.9380125143131,310.3692168805243,308.99083507057185,307.7829097279693,306.72716355937047
0.001213763699237496,709.7793426941963,708.9480347899236,706.46553417018,702.3658638447989,696.7047000466539,689.5578518747133,681.019252678449,671.1985451494625,660.2183840247314,648.2115509274797,635.3180088028504,621.6819893884114,607.4491846716971,592.7641408207564,577.7678943181892,562.5958631427889,547.3760729238217,532.2276895414618,517.2598561734779,502.57086125221485,488.2475805907257,474.36522381175814,460.9872747807819,448.1657451396721,435.94151414920486,424.344908427866,413.3964090657022,403.10740685290295,393.4810841133277,384.5132697037398,376.193464304282,368.5056421886839,361.4292299841787,354.9399276415566,349.01059043212484,343.6118435347124,338.7129362696535,334.282211341029,330.2877137154104,326.6976865362955,323.480850275246,320.6068685534537,318.0464993882523,315.77185903762194,313.7565502157469,311.9757604727132,310.40634403666104,309.02682026036643,307.8173715968639,306.75983881517993
0.001218763699237496,706.665217347101,705.8426586692096,703.3862542554557,699.3295759009595,693.7275647062851,686.6550355491863,678.2047009073233,668.4847939955146,657.6164129316801,645.7306785847552,632.9658315797245,619.4643604117376,605.3702303933933,590.8263112705501,575.9720424305309,560.9413483715483,545.8608850093103,530.8485864952067,516.0125133612399,501.4500263547309,487.24723112921276,473.4787232593138,460.2075245855126,447.48532936977125,435.3528350163203,423.8403105493097,412.9682911344015,402.7483195946279,393.1838146583171,384.2709118178609,375.99947402488397,368.3538807706325,361.31399457683926,354.8559696045772,348.9531233731517,343.5765432414912,338.69593117394686,334.2800678317435,330.2974156409806,326.7166102607446,323.50673790582823,320.6377981255207,318.0808549130877,315.808299972239,313.79398150216076,312.0133037874768,310.4433100961046,309.0626833320939,307.8517457888257,306.79245644362265
0.001223763699237496,703.5664003745833,702.7525316416115,700.3220468538741,696.3080704139606,690.7648144808724,683.7661080012687,675.4034526253245,665.7836835068763,655.0263545342415,643.2609387983953,630.6239678032732,617.2561998949054,603.2998864238493,588.8962327958195,574.183092555654,559.292906995278,544.3509714576661,529.4739963075757,514.7689660873452,500.3323192038684,486.2493951768976,472.5941782600904,459.4292297571998,446.8059268631834,434.76478437851546,423.33601203433784,412.54019654653155,402.3890295839147,392.88616254776576,384.02803345365646,375.80486316275335,368.2014319168244,361.19803363940866,354.7712723342432,348.89492358413395,343.540532998059,338.6782515769058,334.27729467708735,330.30653929267015,326.73501109328924,323.532159904047,320.6683194379958,318.11485824163503,315.8444423591468,313.8311646566023,312.0506455830157,310.4801171002993,309.09842549763636,307.88603289503624,306.82501658513326
0.001228763699237496,700.4836995697871,699.6784594134217,697.2737114506192,693.3021366262404,687.817224531161,680.8918267171325,672.6162443519986,663.0959262894003,652.4488949550894,640.8029890364005,628.2930445220907,615.0581031072982,601.2387152865109,586.9744345813666,572.4015402959132,557.6510011090209,542.8467612193925,528.1043154013172,513.5295790847804,499.21807386981135,485.2543773262148,471.71186524317017,458.65263997772485,446.127762047985,434.1775629569054,422.83219147623333,412.11228336001176,402.0296759306705,392.5882495104709,383.78474049063834,375.6097232326699,368.0483742031346,361.0814141679684,354.6858925308776,348.8360386735004,343.5038524405745,338.6599301752568,334.2739185795167,330.3151062366663,326.7529062363242,323.55712979813023,320.6984429554114,318.1485173104263,315.8802920727195,313.86810389257147,312.08778875440623,310.5167669149778,309.1340478348355,307.92023340472724,306.85751930268265
0.001233763699237496,697.4178612889401,696.6211864316335,694.2419868006923,690.3125039198849,684.8855113506875,678.0328920089571,669.8437571981203,660.4221815456251,649.8846691249906,638.3574379565416,625.9736424904964,612.8706216388229,599.1872385048873,585.061407524134,570.627845680563,556.0160599249665,541.3486530035062,526.7399125287835,512.2946918985253,498.1076016129551,484.2624616212994,470.83204222428833,457.87798851694197,445.45104480325836,433.59135864606344,422.32901622342035,411.6846998304703,401.6703892493376,392.290189955598,383.5411325394759,375.41414041318797,367.89478169126426,360.9641993639524,354.59988372553585,348.7765136200839,343.4665390379442,338.64099789166545,334.2699647993161,330.3231368750007,326.7703119591704,323.5816603737885,320.72817855565154,318.1818395957889,315.91585462883177,313.9048031461706,312.1247359834221,310.55326124276525,309.1695512973725,307.9543477129022,306.88996458779604
0.001238763699237496,694.369574223024,693.5813996447007,691.2275546571645,687.3398454914388,681.9703363672756,675.1899505246645,667.0866202669281,657.7630583527035,647.3342639246837,635.9248484016259,623.666299008797,610.6942660789182,597.1459391161559,583.1576065792282,568.8624353438717,554.3884817840524,539.8570171255617,525.3811304606905,511.0646204205503,497.00119227167374,483.27391280587005,469.9549499218541,457.1054932253137,444.7759713371343,433.0063472864108,421.8266430551269,411.25758499900434,401.31129216731705,391.99209141000915,383.2973033160561,375.2181958647815,367.7407241978054,360.84644886043145,354.5132964692484,348.7163909305113,343.4286282220028,338.6214839818298,334.2654572422307,330.3306505168856,326.78724365584986,323.60576372077804,320.7575355673019,318.21483214366845,315.9511352085716,313.94126609488256,312.1614897533497,310.58960163483016,309.2049367239,307.9883761274735,306.9223523661186
0.001243763699237496,691.3382852443382,690.5585514426466,688.2298837270575,684.3836564790088,679.0712301713766,672.3625759019689,664.344456169342,655.1182324112272,644.797410413019,633.5050072683246,621.3708556434294,608.5289300542717,595.1147590096874,581.2630171885751,567.1053329401354,552.768322854976,538.3719364598686,524.0280730734637,509.83948410706836,495.8989758776954,482.28886699778934,469.0807266240351,456.3352912473786,444.10267493582563,432.422656168841,421.32519166718754,410.83104985176413,400.9524862738637,391.6940457439135,383.05333495242803,375.0219622057597,367.5862652396337,360.7282176233491,354.4261778214686,348.6557104585804,343.3901533668567,338.60141606589804,334.26041848023885,330.33766535730217,326.8037157704688,323.62945110666607,320.78652260033755,318.2475013688478,315.98613843812944,313.9774959292833,312.1980521218859,310.62578927223666,309.2402046330409,308.02231868121805,306.9546823280532
0.001248763699237496,688.32578979932,687.5544285760518,685.2507349703773,681.4456558087004,676.1898547773751,669.5523601614286,661.6187759742619,652.4891252160402,642.2754343167255,631.0991407251365,619.0884374933223,606.3756381542945,593.0946246223858,579.3784714840541,565.3572813083911,551.1562425360357,536.8939933570598,522.6812523299045,508.6197312312152,494.80134356197607,481.3076644381938,468.2096675391975,455.5676381510307,443.43137642580206,431.84047577212465,420.82482609306504,410.4052354172457,400.594092603264,391.39615662252004,382.80931602677606,374.8255149094091,367.4314689063789,360.60955985760063,354.3385734092885,348.59451039761746,343.3511462366056,338.5808203631515,334.25486996827885,330.3441987765406,326.81974221818365,323.6527335194811,320.8151481893981,318.27985376814854,316.0208691392121,314.0134961105133,312.23442546049597,310.6618256679224,309.27535587460346,308.05617572416736,306.98695445871857
0.001253763699237496,685.3326920934061,684.5696334910015,682.2907055968548,678.5264321028139,673.3267870691628,666.7598655622644,658.9101247453939,649.8762624157099,639.768840020045,628.707730418583,616.8195023610931,604.2348235790199,591.0859441148084,577.5043524379889,563.6186383372915,549.5525739550808,535.4234966900173,521.340953505914,507.40562425193997,493.708535843833,480.33052465941734,467.341972221053,454.8027145611094,442.7622385788857,431.2599521072077,420.32567668065974,409.98025747448503,400.23621344951,391.0985139206246,382.56532503599186,374.6289221057055,367.27639393604466,360.49052584351637,354.2505259444978,348.53282673114944,343.3116368749473,338.55972171176387,334.24883201768034,330.35026718152557,326.8353360677363,323.67562120057346,320.8434202052973,318.31189524684817,316.0553316072751,314.049269633597,312.2706117302723,310.6977119760089,309.3103909868994,308.08994733781424,307.0191685132144
0.001258763699237496,682.3594718622995,681.6046448146024,679.3502709259706,675.6264552255784,670.4824893918184,663.9855449803622,656.2189440803393,647.2800726844006,637.2780418108288,626.3311749824213,614.5644321612843,602.1068506636954,589.0890635848357,575.6409874482224,561.889712447199,547.9576064496179,533.9607167662887,520.0074280745396,506.197396130719,492.6207676083857,479.3576450031118,466.47782108480226,454.04068465410114,442.0954100796115,430.6812191604631,419.82786354824464,409.55622313009354,399.87894377997225,390.801201345959,382.3214353058721,374.4322476063095,367.1210954759116,360.37116288959237,354.16207569127687,348.4706934373982,343.2716536918516,338.5381436268052,334.24232387498466,330.35588612797704,326.850509712164,323.69812385882756,320.87134610244414,318.343631387124,316.0895298890581,314.08481930361427,312.3066127483505,310.73344924227894,309.345310427183,308.12363354324503,307.0513242016698
0.001263763699237496,679.4065664085699,678.6598988709732,676.4298643613902,672.7461537599486,667.6573836757315,661.2298119554484,653.5456375073139,644.700948055893,634.8034189005618,623.9698396458791,612.3235771571419,599.9920539019033,587.1043011317283,573.7886777694354,560.1707877643802,546.371606889134,532.5059032138633,518.68090856755,504.99526256500275,491.5382380838647,478.3892086836196,465.6173818643954,453.28170128341515,441.43102955664824,430.10440203702706,419.33149901450395,409.1332326804682,399.5223726507617,390.5042975062605,382.0777157893494,374.2355514972241,366.96562551964837,360.2515156526999,354.0732606995232,348.4081426585084,343.2312235858147,338.51610838833057,334.23536378531946,330.3610703659948,326.8652749016192,323.7202506943446,320.89893293598857,318.37506746052173,316.1234677916972,314.1201477423957,312.34243019285674,310.76903840785195,309.3801145743973,308.1572343032019,307.0834211907983
0.001268763699237496,676.4743754715505,675.735794523442,673.5298821513163,669.8859196357597,664.8518558880878,658.49304492892,650.890574480793,642.1392476572469,632.345318884747,621.6240594171275,610.0972588701422,597.8907405894294,585.131949246497,571.9477006648996,558.4621260506094,544.7948213996597,531.0592865178114,517.3616099406878,503.7994231978199,490.4611319102968,477.4253857293777,464.7608104392666,452.52590670298764,440.76922621390815,429.5296175091345,418.83668807300603,408.71138002060695,399.16658355737894,390.2078762086154,381.8342313207903,374.03889035374004,366.8100330880534,360.1316262892723,353.9841169306392,348.34520480463925,343.1903720295325,338.49363711151483,334.22796904950724,330.3658338863146,326.8796427806451,323.74201042833266,320.9261873856764,318.4062084469073,316.157148897721,314.1552574003447,312.37806561219656,310.8044803164619,309.4148037348634,308.190749526523,307.1154591073593
0.001273763699237496,673.5632631868473,672.8326951282058,670.6506853247786,667.0461100376824,662.0662579023729,655.775589065864,648.2540921482209,639.5952994136212,629.9040593804721,619.2941406493486,607.8857715712992,595.8031922384147,583.1722761472365,570.118310661964,556.7639678783501,543.2274764587081,529.6210790355526,516.0497305103329,502.610062477393,489.3896199241152,476.4663336950344,463.9082514769104,451.773433143665,440.11012034442666,428.9569744714555,418.34352879315384,408.2907529949528,398.81165473977376,389.9120067230288,381.5910428422737,373.84231743346777,366.6543643926842,360.01153459314054,353.8946783729148,348.2819086499569,343.14912314927614,338.4707498118948,334.2201560773776,330.37018996362553,326.89362392317895,323.7634113312438,320.95311577835486,318.4370590523865,316.19057657925754,314.1901505676584,312.41352043388866,310.83977572139275,309.4493781477143,308.22417907239264,307.14743754147923
0.001278763699237496,670.6735597984967,669.9509302426025,667.7926013883082,664.2270490827797,659.3009091495912,653.077757873103,645.6364969284966,637.0694015813203,627.4799295086642,616.9803624673926,605.6893836479857,593.7296658806745,581.2255270158684,568.3007407197663,555.0765337276109,541.6697799201075,528.1914759491615,514.7454528334471,501.42735046554725,488.32385989649083,475.5121983317482,463.05983903772744,451.0244033556364,439.453823813808,428.3865743692768,417.85211269703694,407.87143372698006,398.45765946877265,389.61675402976977,381.34820761583643,373.64588285731634,366.49866298920574,359.89127812465665,353.80497714958005,348.21828142249853,343.10749979917665,338.44746546641085,334.21194043763535,330.3741511970788,326.9072283652798,323.7844612490773,320.97972410900945,318.46762372605247,316.2237540113123,314.2248293848164,312.4487959728239,310.87492529196527,309.4838379899791,308.257522754322,307.1793560497656
0.001283763699237496,667.8055633545018,667.0907973166848,664.9559260056892,661.4290294807411,656.5560982515623,650.399834798497,643.0380660706751,634.561824259789,625.0731913538366,614.682978170337,603.5083389449985,591.6703953436312,579.2919252059891,566.4952033667444,553.400025051586,540.1219220069518,526.7706561855176,513.448944555499,500.25144361463845,487.2639972410967,474.5631142281717,462.2156971520891,450.2789311248437,438.80044051956315,427.8185116045894,417.36252511624554,407.4534989307842,398.10466631649626,389.3221790526053,381.1057794233904,373.4496337797907,366.34296992155885,359.7708923319917,353.7150436202336,348.15434888847176,343.06552363086774,338.4238020706012,334.20333690455897,330.37772954820355,326.9204656357457,323.8051676279759,321.0060180604264,318.49790667563366,316.25668418417007,314.2592958523743,312.4838934389758,310.9099296195926,309.5181833813313,308.2907803438669,307.2112141582175
0.001288763699237496,664.9595413826288,664.2525633648618,662.1409246571957,658.6523141726647,653.8320846315096,647.7420748060222,640.4590491867291,632.0728108758444,622.6840813942246,612.4022166026548,601.3428580726155,589.6255924918589,577.3716734152612,564.7018918019922,551.7346253058421,538.5840762682153,525.3587833006502,512.1603592235041,499.0824855108704,486.21016568984237,473.6192054212328,461.3759403692153,449.5371217633448,438.1500668266143,427.2528739205708,416.8748455292727,407.03702020538503,397.7527394115124,389.028338878665,380.8638087550218,373.2536145492717,366.18732385755527,359.6504106651461,353.62490647612145,348.09013543139804,343.02321515883307,338.39977669224004,334.19435950177444,330.3809363764285,326.9333447847834,323.8255375372453,321.03200302158575,318.5279118821245,316.2893699149858,314.29355184011376,312.51881394460275,310.94478922343626,309.55241438852266,308.32395157410167,307.2430113649465
0.001293763699237496,662.135732524627,661.4364665958738,659.3478342569077,655.8971379275132,651.1291000818036,645.1047059074144,637.8996697402713,629.6025796233037,620.312811886857,610.1382834800199,599.1931396692031,587.5954484233583,575.4649548130051,562.9209809525978,550.0805009345856,537.0564004938556,523.9560063242611,510.87983706118547,497.92060758188387,485.16248793519264,472.680585975928,460.5406742775542,448.7990725736877,437.50279197928654,426.6897427649635,416.3891478801249,406.62206431242294,397.4019386794233,388.7352869656218,380.6223429863252,373.05786685888086,366.0317612164429,359.5298646831584,353.5345928296915,348.0256641264677,342.98059382177235,338.37540552168514,334.18502154332333,330.3837824723925,326.94587441087987,323.8455776909194,321.0576841048847,318.55764311347826,316.32181385862714,314.32759909559854,312.5535585109799,310.9795045556915,309.5865310295275,308.35703614286643,307.2747471427209
0.0012987636992374961,659.3343481135187,658.64271798585,656.5768647131521,653.1637088817806,648.4473502750606,642.4879306373975,635.3601264792082,627.1513248470341,617.9595721977153,607.8913626610683,597.0593616108756,585.5801346142126,573.5719341177511,561.1526284827592,548.437802310755,535.5390375859943,522.5624605627568,509.6075057052161,496.7659297681036,484.1210762389827,471.7473605343661,459.70999599714685,448.0648732879416,436.85869849054137,426.1291936331627,415.90550087896713,406.20869343805964,397.05232006965906,388.4430733369105,380.3814265454298,372.8624298885228,365.87631628896764,359.4092841549723,353.4441282988179,347.96095681044403,342.937678040272,338.3507039191745,334.17533567222597,330.3862780892094,326.9580626860119,323.86529446798124,321.0830661622766,318.5871039374323,316.35401851782547,314.3614392521804,312.5881280746968,311.01407600653073,309.620533277418,308.3900337158037,307.30642094134726
0.0013037636992374961,656.5555736855644,655.8715027861247,653.828200423947,650.4522100145748,645.7870162112491,639.8919274656959,632.8405948061438,624.7192183659274,615.624530072201,605.6616173610706,594.9416821648856,583.5798040090095,571.6927586227903,559.3969757533223,546.8066646291225,534.032116385826,521.1782683608346,508.34348090290825,495.6185611584555,483.08603300852053,470.81962483498023,458.8839946449667,447.33460648241305,436.2178625094763,425.5712963920053,415.42396828574607,405.79696543996346,396.703935769286,388.15174476571144,380.1411010703703,372.66734043867814,365.7210213504311,359.28869715439026,353.3535370860669,347.89603414743084,342.89448527104474,338.325686459292,334.1653138967216,330.38843297183547,326.96991737931387,323.88469393133744,321.1081538004097,318.61629773353076,316.3859862526857,314.3950738364971,312.62252349355185,311.048503908729,309.65442106399075,308.422943929201,307.3380321898993
0.0013087636992374961,653.7995704232441,653.1229819621904,651.1020017039542,647.7628005548238,643.1482555977776,637.3168521431282,630.3412280842102,622.3064107328761,613.3078328444136,603.4491913064381,592.8402410860753,581.594592056744,569.8275591697977,557.6541487321264,545.1872087530498,532.5357524571245,519.8035398226564,507.08786717250354,494.47860059168806,482.05745134125306,469.8974662031871,458.0627517744915,446.6083479692515,435.5803541682314,425.0161155853258,414.9446091777703,405.38693408026586,396.3568344046249,387.8613449484095,379.90140555742227,372.4726330564886,365.56590676721146,359.16813014951913,353.2628420533437,347.8309156907899,342.8510320579775,338.30036697280184,334.1549676243513,330.3902563846775,326.98144587931665,323.90378184563843,321.1329513948353,318.6452277044026,316.4177192896032,314.4285042754977,312.6567455520743,311.082788541996,309.6881942831611,308.4557663926517,307.36958029880657
0.0013137636992374962,651.0664765285138,650.397293563074,648.3984061422931,645.0956173200744,640.5312041621861,634.7628389815945,627.8621588783366,619.9130324319856,611.0096085856911,601.2542098307364,590.7551606572761,579.6246176932751,567.9764510717577,555.9242588565136,543.579542016366,531.0500488278711,518.4383734941742,505.8407584276374,493.3461372248477,481.03541553950026,468.9809640149344,457.24634179086627,445.8861671662161,434.94623790947514,424.4637107223466,414.46747820221174,404.9786492453555,396.0110612314482,387.5719146682,379.6623765009911,372.2783401546443,365.4110010971866,359.0476080870765,353.1720647922359,347.7656199414745,342.8073340802104,338.2747585860373,334.14430769403396,330.39175713756396,326.9926552148588,323.92256369402503,321.157463103353,318.6738968863481,316.4492197296284,314.46173190303,312.6907949666981,311.11693013703376,309.72185279414407,308.4885006915485,307.40106466181095
0.0013187636992374962,648.3564085273368,647.6945540221492,645.7175298922684,642.4507759879905,637.9359768986301,632.2300020692284,625.403500133334,617.5391950145041,608.7299671939998,599.0767809138842,588.6865466754082,577.6699842721522,566.1395349870543,554.207403849895,541.983758982246,529.5750966918723,517.0828570084316,504.6022385677337,492.2212510705884,480.0200015968443,468.07019013462264,456.43483234303665,445.16812744587,434.315572795621,423.9141365499444,413.9926258144614,404.5721571533337,395.66665831447995,387.2834919494786,379.42404802560685,372.08449212354685,365.2563311844619,358.9271544719041,353.0812256903436,347.7001644030213,342.7634061974492,338.24887375800995,334.1333444062768,330.3929436101937,327.0035520747615,323.9410446938772,321.1816928785536,318.7023081592831,316.48048955631907,314.49475796602087,312.72467239061433,311.15092887933974,309.75539642443385,308.5211463894194,307.43248465780204
0.0013237636992374962,645.6694625074953,645.0148593913921,643.0594688950341,639.8283723026009,635.36266925023,629.7184364228294,622.965346290943,615.1849921756454,606.469001426372,596.9169961667524,586.6344893855007,575.7307804460218,564.3168977469079,552.5036684945048,540.399942161174,528.110976072367,515.7370676957498,503.37238203614555,491.1040135050205,479.0112776577657,467.1652093288726,455.62828469420157,444.45428646542615,433.6884128008821,423.36744330978075,413.52009850321633,404.16750054990916,395.32366469688156,386.99611220360566,379.1864520105318,371.8911174371853,365.10192224878017,358.80679144200474,352.9903439938646,347.63456563342606,342.719262492698,338.22272431539454,334.12208755164403,330.3938237751667,327.0141428263527,323.95922981163324,321.2056444796142,318.73046425608436,316.51153064311535,314.5275836302769,312.7583784183232,311.18478491277443,309.78882497259787,308.55370303011824,307.46383965253733
0.0013287636992374962,643.0057152922418,642.3582865116421,640.4243000397553,637.2284832178578,632.8113582298538,627.2282190801347,620.5477743483932,612.8505007748408,604.2267878769059,594.7749317636429,584.5990643650672,573.8070810009898,562.5086131384643,550.8131253625718,538.8281626901204,526.6577564496556,514.4010731607233,502.15125434784363,489.99448774777767,478.00930445207564,466.26607965755767,454.8267540718766,443.74469647841585,433.06480708721296,422.82367698123545,413.0499390031292,403.76471889345885,394.98211656035755,386.7098083665966,378.9496182074618,371.6982427531353,364.94779796995704,358.68653983939635,352.8994378666798,347.5688392941074,342.6749163125823,338.1963214855318,334.11054643760303,330.3944052196913,327.0244335329194,323.97712377674316,321.22932148339765,318.75836777137727,316.54234476027,314.5602099859322,312.79191358990533,311.21849834290583,309.8221382108967,308.58617013987845,307.4951290002564
0.0013337636992374962,640.3652255526309,639.7248941217083,637.8120822630999,634.6511679813256,630.2821034821255,624.7594101346987,618.1508448612133,610.535781802116,602.0033879029689,592.650649325229,582.5803333613446,571.8989476463665,560.7147426458721,549.1358355081372,537.2684809750525,525.2154973547495,513.0749318278945,500.93891258839403,488.8927293159119,477.01413570562556,465.3728528434565,454.03028999879814,443.03940462928483,432.4448002651261,422.2828795110172,412.5821864957922,403.3638485299346,394.64204737647253,386.4246110292509,378.71357435175656,371.5058930070554,364.793980567665,358.566419277053,352.80852444616727,347.50300019615077,342.6303803054231,338.1696759275793,334.0987299138538,330.39469516605635,327.03442997015657,323.9947310948127,321.2527272949011,318.7860211698039,316.57293358136366,314.5926380525656,312.8252783950332,311.25206924015004,309.8553358877418,308.6185472292398,307.52635204519584
0.0013387636992374962,637.7480348614789,637.1147239092588,635.2228575909888,632.0964691609031,627.7749482895418,622.3120537162214,615.7746028930808,608.2408812933224,599.7988485022672,590.544196754537,580.5783450838882,570.0064297621875,558.9353361516314,547.4718491216913,535.7209472988312,523.7842489309661,511.75869345790767,499.73540588589645,487.7987864531564,476.02581852870173,464.48557462180236,453.2389366058191,442.338453231952,431.82843264030856,421.7450890302727,412.11687679977797,402.96492285824684,394.3034880497294,386.1405485601938,378.4783462676096,371.31409150203,364.64049087685913,358.44644820218355,352.7176198959538,347.4370623440053,342.58566645720407,338.1427977619297,334.08664639624135,330.3947004909489,327.04413764168174,324.012056059993,321.2758651570982,318.81342679380475,316.6032986894326,314.6248687840107,312.85847327673736,311.2854976427177,309.8884177300015,308.65083379485645,307.55750812301017
0.0013437636992374962,635.1541686919041,634.5278015064471,632.6566521255371,629.564413617493,625.2899205255627,619.8861789191459,613.4190789154732,605.965831196915,597.6132031433926,588.4556090284956,578.59313595495,568.1295651068331,557.1704326004278,545.8212061497202,534.1856023964601,522.3640524653133,510.45239963585306,498.54077585746063,486.7127005360064,475.04439378342977,463.60428507093354,452.45273292788517,441.6418800333024,431.2157404469015,421.2103400599582,411.6540425504094,402.5679724867117,393.9664670529179,385.8576472222704,378.2439579675358,371.122859993081,364.4873484191202,358.32664395607816,352.6267394557989,347.371038976798,342.54078612556873,338.11569659800915,334.0743038893413,330.39442774369206,327.0535617936736,324.029102766663,321.2987381602143,318.840586870946,316.63344158273475,314.6569030728782,312.89149863494606,311.31878355938073,309.92138344516536,308.68302932119275,307.58859656210655
0.0013487636992374962,632.5836373633434,631.9641374331597,630.1134769800576,627.0550134264504,622.8270335574764,617.4818006822695,611.0842896598015,603.7106501948871,595.4464725523756,586.3849089474871,576.6247308199748,566.268380486972,555.4200606275596,544.1839368811563,532.6624779995577,520.9549408914025,509.15608423341683,497.35505703171407,485.6345064579844,474.0698964314333,462.7290189251692,451.6717131840999,440.9497184625222,430.6067560682503,420.67866370518493,411.1937133698841,402.17302538110897,393.6310105552076,385.5759312827027,378.01043174652546,370.93221876714733,364.3345714701676,358.2070228307366,352.53589748878875,347.30494260741204,342.49575007197046,338.0883815605561,334.0617100078041,330.39388316347186,327.0627074286915,324.0458751204527,321.3213492504698,318.8675035208231,316.6633636801765,314.68874175480835,312.9243548298103,311.35192697207117,309.9542327233759,308.7151332821152,307.61961668489664
0.0013537636992374963,630.0364369378441,629.4237279906818,627.5933291648995,624.5682667505614,620.3862871017369,615.0989206220162,608.7702389246087,601.4753444803652,593.2986654576616,584.332107845225,574.6731436204374,564.4228923919458,553.6842391539628,542.5600625026148,531.1515973518177,519.5569392655385,507.86977384636026,496.17827724874076,484.56423299337223,473.102355862912,461.8598058709667,450.89590704282955,440.261997867119,430.00150824587445,420.1500878392024,410.7359160283337,401.7801070048563,393.2971425434257,385.2954231173869,377.7777882711913,370.74218671880976,364.182177123777,358.08760012247626,352.4451075260082,347.23878505947016,342.45056849209027,338.06086131447745,334.0488719965336,330.3930726956158,327.07157931872723,324.06237684864504,321.3437012383265,318.8941787615652,316.69306632642264,314.72038561247217,312.9570421848299,311.3849278383216,309.98696523933523,308.7471451423868,307.65056780897226
0.0013587636992374963,627.5125500693109,626.9065561084519,625.09619242678,622.1041586671698,617.9676680343584,612.7375278218949,606.4769183402955,599.2599084942516,591.1697792958142,582.297206261167,572.7383780311301,562.593107594597,551.9629779497297,540.9495956242005,529.6529756971191,518.1700652175293,506.5934882087574,495.0104580387649,483.50190314160926,472.1417962082313,460.99667082734334,450.1253398727308,439.57874373641937,429.4000222773588,419.6246372776359,410.28067459636117,401.3892404517738,392.96488493692755,385.016143309684,377.54604666420965,370.5527814220169,364.0301813523209,357.96839018270333,352.3543823088419,347.17257750234853,342.40525104462887,338.0331440883673,334.03579674977465,330.3920020069834,327.08018201753725,324.0786115099996,321.3657968062695,318.92061451596817,316.7225507967092,314.7518353793357,312.98956098979255,311.417786093557,310.0195806540959,308.7790643590692,307.68144924820945
0.0013637636992374963,625.0119468082647,624.4125921464554,622.6220380441353,619.6626619519541,615.5711511588189,610.3975995805474,604.2043080937046,597.064325623175,589.0598008801212,580.280194577554,570.820428063894,560.7790237204327,550.2562781679,539.352540777556,528.1666207418548,516.7943293776701,505.3272405853308,493.8516149808102,482.4475344534814,471.1882366330405,460.13963421148406,449.36003298052515,438.89997791327704,428.802320203818,419.1023339435542,409.8280105895583,401.00044657187505,392.6342576964402,384.73811074403125,377.31522458433597,370.364019198052,363.87859906413337,357.8494064660175,352.26373382905024,347.1063304843427,342.3598068785711,338.0052376967721,334.02249082917416,330.39067650052226,327.08851987229946,324.09458250403077,321.3876385161492,318.9468126172768,316.75181830137734,314.7830917432035,313.02191150353656,311.45050165325017,310.0520786167415,308.8108903828386,307.71226031380354
0.0013687636992374963,622.5345853645332,621.941794655674,620.170825580891,617.2437378217203,613.196699933799,608.0791021206544,601.9523776147777,594.888568860888,586.9687070341655,578.2810536230427,568.9192786396703,558.9806297869013,548.5641328502073,537.768894887727,526.6925330929399,515.4297357812623,504.0710381431426,492.7017580424875,481.4011393401502,470.2416916178748,459.2887121903925,448.6000038362919,438.2257187946805,428.20842098754173,418.58319702390185,409.3779431054744,400.61374409059624,392.3052789272343,384.46134269467836,377.08533830225616,370.175915179963,363.7274441578886,357.7306615758082,352.1731733667497,347.040053964094,342.31424465901506,337.9771495612758,334.0089604808786,330.3891013290404,327.09659703463564,324.1102930797747,321.409228816116,318.9727748146398,316.7808699901462,314.8141553495542,313.05409395654993,311.48307441494376,310.084458765965,308.8426226592212,307.74300031524183
0.0013737636992374963,620.080412830166,619.494111098875,617.7425036009187,614.8473366384488,610.8442671629538,605.7819912608492,599.7210862273698,592.7326014351264,584.8964651922956,576.2997552447907,567.0349061306379,557.1979067144562,546.8865274063538,536.19864772032,525.2307066728819,514.0762822519407,502.82488230381523,491.5608919019867,480.36272536600586,469.30217122313053,458.44391691938995,447.84526628699837,437.55598152189816,427.61834068038905,418.067243117798,408.9304889534715,400.22914972184157,391.977964976951,384.1858549098334,376.85640277251554,369.9884833736604,363.5767295741655,357.6121673074898,352.0827115264232,346.9737573403801,342.26857259165007,337.948886730476,333.99521165172536,330.38728140824185,327.10441747103795,324.1257463440769,321.43057004716763,318.9985027782566,316.80970695613973,314.84502680468063,313.0861085534141,311.5155042601524,310.11672073155034,308.8742606297519,307.7736685612157
0.0013787636992374963,617.6493658647366,617.0694785338972,615.3370103453173,612.4733985767062,608.5137956487902,603.506213052662,597.5103837661851,590.5963774018326,582.8430339688256,574.3362628507379,565.1672788740996,555.4308278109788,545.2234400682931,534.641782305338,523.7811291131973,512.7339607650092,501.58876907738454,490.42901625328466,479.332295526263,468.3696813402461,457.6052567682107,447.0958307589388,436.8907781607618,427.0320925834618,417.55448637716535,408.4856627778763,399.84667827520207,391.65233052839426,383.9116616914812,376.62843170175177,369.80173671587823,363.42646734436346,357.4939346895123,351.99235827107316,346.9074494803649,342.22279844596335,337.92045589891586,333.98125000458214,330.3852214290696,327.1119849727346,324.1409452694272,321.4516644493349,319.0239981042338,316.8383302396833,314.87570667864685,313.11795547510235,311.54779105614875,310.148864135763,308.9058037330617,307.80426436047634
0.0013837636992374963,615.2413713450723,614.6678242614693,612.9542743745387,610.1218542564138,606.2052188126017,601.2517043843987,595.3202111616854,588.4798422085252,580.8083636976784,572.3905319237243,563.3163576596748,553.6793592310339,543.5748423209103,533.0982753389933,522.3437821273898,511.4027577918983,500.3626893788144,489.3061260955104,478.3098485101578,467.4442239298678,456.7727365353955,446.35170444970936,436.23011787264454,426.4496873985494,417.044938640126,408.04347717480783,399.4663427576772,391.328388687573,383.6387759711214,376.40143761344365,369.61568712917415,363.2766686371202,357.3759740222756,351.90212295462567,346.8411387463966,342.1769295772482,337.89186342503365,333.967080932882,330.382925869396,327.1193031650282,324.155892701371,321.47251416752727,319.04926231917085,316.866740831883,314.906195508073,313.1496348811419,311.57993465764196,310.18088859465564,308.93725140589794,307.83478702263756
0.0013887636992374964,612.8563469813294,612.2890664394747,610.5942151772567,607.7926253428452,603.9184612823004,599.0183935537518,593.1505009947138,586.3829332285007,578.7923969440872,570.462510508989,561.4820961912668,551.9434604113451,541.9406993104001,531.568097564717,520.9186418646187,510.0826546268,499.1466293281411,488.19221200735416,477.2953789505532,466.52579724772926,455.946357651639,445.6128915103073,435.5740070766579,425.8711333718104,416.53860955757114,407.60394280303785,399.0881544702108,391.00615106726116,383.3672093816566,376.17543190937056,369.4303455741392,363.1273438023725,357.25829491506687,351.81201435268457,346.77483302143673,342.13097294748366,337.86311534818424,333.9527095744034,330.3803990050987,327.1263755161374,324.1705913655197,321.49312125705717,319.07429688448815,316.89493967800126,314.93649379875774,313.18114691164726,311.6119349083534,310.21279371929245,308.9686030840802,307.86523585892854
0.0013937636992374964,610.4942019012283,609.9331146654691,608.2567437477684,605.4856251156194,601.6534394498766,596.8062008108279,591.0011780224684,584.3055802674451,576.7950689898726,568.5521396764957,559.6644415251764,550.2230844837899,540.3209702315687,530.0512141345063,519.5056792451237,508.7736276964588,497.9405705351501,487.08726040734626,476.28887766070505,465.614396058925,455.12611837270435,444.8793932179025,434.9224496035556,425.2964364301209,416.03550671328316,407.1670684892157,398.7121230993283,390.68562786632646,383.0969723256452,375.9504249279685,369.2457220989713,362.978502413193,357.14090632113033,351.72204069172864,346.70853973319845,342.08493514514817,337.834217404788,333.9381408243366,330.37764492055777,327.1332053455704,324.18504387418545,321.51348768886226,319.0991032005147,316.9229276806399,314.9666020281483,313.212491689233,311.6437916424982,310.24457911689876,308.9998582033971,307.89561018289857
0.0013987636992374964,608.1548372041475,607.5998705291465,605.9417631336125,603.2007590083484,599.4100620001128,594.6150388731824,588.8721596773696,582.2477060439401,574.8163082937224,566.6593539594494,557.86333448566,548.5181786671342,538.7156086952027,528.5475849516836,518.1048602784035,507.47564885404347,496.7444903694348,485.9912538007838,475.29033185889443,464.71001184122014,454.3120139624815,444.15120813979576,434.2754468418013,424.72560031049437,415.5356357379685,406.73286132776997,398.33825680414844,390.36682794506123,382.8280740401202,375.7264259997533,369.06182588655975,362.83015330552627,357.0238165709756,351.63220967683856,346.6422658770647,342.0388224040284,337.80517504365423,333.9233793476769,330.3746675186064,327.1397958320571,324.1992527326599,321.5336153544441,319.1236826103486,316.95070570274294,314.9965206476668,313.24366932081153,311.6755046861748,310.27624439193863,309.0310162004466,307.9259093110786
0.0014037636992374964,605.8381464866825,605.2892281363564,603.6491689549915,600.9379251205042,597.1882304120894,592.4448134143554,586.763356540268,580.2092266452668,572.8560369278123,564.7840817702809,556.0787100591427,546.8286846386563,537.1245630765858,527.0571649960747,516.7161463650817,506.1886856579655,495.5583622166339,484.90417101403216,474.29972538159006,463.8126329779909,453.50403686672473,443.4283322890471,433.6329978762292,424.15862668295455,415.03900041753195,406.3013267757766,397.9665622990193,390.04975889673403,382.5605226581622,375.50344349997204,368.8786652992163,362.68230461593953,356.9070334040205,351.5425285180348,346.576018037856,341.9926406210782,337.7759934405269,333.9084295909836,330.37147052996625,327.1461500210651,324.2132203451591,321.5535060705379,319.1480364035029,316.9782745704286,315.02625008490077,313.27467989928505,311.70707385867104,310.307789147125,309.0620765134226,307.95613256359906
0.0014087636992374964,603.544016341179,603.0010746061746,601.3788498974864,598.6970147029755,594.9878394349182,590.2954235273139,584.6746727893566,578.190051959815,570.914170992032,562.9262457953038,554.3104977682307,545.1545388867352,535.5477768461742,525.5799046325499,515.3394945833415,504.91270163645345,494.38215572159163,483.82598741688355,473.3170388857597,462.9222449413617,452.7021768779783,442.7107592722227,432.99509961969994,423.5955152672127,414.5456027959069,405.87246874306834,397.59704493202037,389.7344271155676,382.2943252674024,375.2814848986339,368.6962479211834,362.53496381749665,356.79056399865937,351.4530039553042,346.509802410509,341.9463953733814,337.7466775118942,333.8932957935387,330.3680575221968,327.15227083192326,324.22694902045197,321.57316158352944,319.1721658193503,317.0056350756602,315.0557907456671,313.3055235051349,311.73849897368893,310.33921298436724,309.09303858285176,307.98627926476956
0.0014137636992374964,601.2723268286611,600.7352905424468,599.130688179476,596.4779126186999,592.8087775390675,588.1667621641254,582.606006626072,576.1900860873411,568.9906210069992,561.085763369176,552.558622026593,543.4956730454169,533.985188883382,524.1157499038173,513.9748579607522,503.6476565386498,493.21583701914363,482.75667513361464,472.3422500409148,462.03883046606234,451.9064212921612,441.9984804296881,432.36174693812734,423.0362639434858,414.0554432727329,405.4462896778401,397.22970875954917,389.420837861336,382.0294879656226,375.0605568080613,368.5145805990355,362.388137753856,356.67441500084215,351.36364228238267,346.44362481972644,341.900091934265,337.71723192810344,333.8779819979395,330.36443190818477,327.1581610645734,324.24044097719116,321.5925835736336,319.19607205037715,317.0327879787667,315.0851430159545,313.33620020791636,311.7697798404946,310.37051550565803,309.12390185228276,308.0163487436194
0.0014187636992374964,599.0229519274964,598.4917504811417,596.9045599955776,594.2804977796775,590.6509273445538,586.0587165531088,580.5572506791902,574.209227728233,567.0852922869798,559.2625468302267,550.8230024757269,541.8520142119136,532.43673377437,522.664642808304,512.6221857322648,502.39350657294335,492.059368953188,481.69620324334494,471.37533371143553,461.16236971450303,451.11675505725714,441.2914849688426,431.73293276923056,422.48086885776644,413.56852069615684,405.02279064799217,396.8645566172031,389.1089953207601,381.76601591360384,374.84066502809355,368.3336694800906,362.24183267168854,356.55859255124466,351.2744493693657,346.37749073865353,341.8537352886119,337.68766112581886,333.8624920601555,330.36059695419885,327.1638234059727,324.25369834896173,321.6117736588475,319.21975624525714,317.0597340108188,315.114307263753,313.3667100676631,311.80091626499643,310.4016963139035,309.15466576893044,308.046340334404
0.0014237636992374964,596.7957599590572,596.2703233147683,594.7003359373629,592.1046435615949,588.5141660272085,583.9711685946362,578.5282923882562,572.2473705528853,565.1980852937663,557.4565038576555,549.1035543045529,540.223485247929,530.9023420946814,521.2265215639096,511.28142358510513,501.1502046332138,490.91271128465803,480.6445379702616,470.41626212969027,460.2928404335307,450.3331609145286,440.5897600906702,431.1086482353439,421.9293245218394,413.0848324510144,404.6019714184344,396.5015901871541,388.79890266587125,381.5039133853735,374.6218145890678,368.1535200489334,362.0960542515039,356.4431023111042,351.18543068420456,346.31140530663276,341.80733014741304,337.6579693198572,333.8468296590782,330.35655578753517,327.16926043616394,324.2667231890642,321.63073339869027,319.2432195117562,317.0864738758711,315.14328384077635,313.3970531362069,311.83190805075594,310.4327550137016,309.18532978427857,308.07625337707657
0.0014287636992374965,594.5906139915705,594.0708726950488,592.5178813925193,589.9502181972168,586.3983657041503,581.9039952366924,576.5190143674195,570.30440355221,563.3288959725007,555.6675377915432,547.4001885527362,538.610005065656,529.3819406775135,519.8013208583709,509.95251389125156,499.9177005136204,489.77582088898157,479.60164286424305,469.46500506043293,459.4302181033039,449.5556195326466,439.8932911099582,430.4888827505964,421.38162390832014,412.60437454263587,404.1838305245667,396.1408100621962,388.4905621095041,381.2431838159841,374.4040097926936,367.9741371621526,361.95080763696944,356.3279494867916,351.09659131315084,346.2453733460862,341.76088096160214,337.6281605144352,333.83099830559195,330.35231140377243,327.17447463403283,324.27951747504636,321.64946429774284,319.2664629194764,317.1130082530765,315.1720730840829,313.42722945841655,311.86275499993565,310.46369121206743,309.2158933546411,308.10608721772894
0.0014337636992374965,592.4073722232757,591.8932574149605,590.3570569235708,587.8170851496407,584.3033937995399,579.8570688312353,574.5292947506839,568.3802113702633,561.4776160703775,553.895547936565,545.7128123985771,537.0114888992397,527.875452868373,518.3889720869358,508.6353959281423,498.69594111253343,488.6486519435739,478.56747897238273,468.5215299569354,458.57447607869847,448.78410963510686,439.2020615695136,429.8736241227558,420.83775854097513,412.1271416765036,403.76836534213226,395.78221580664393,388.18397495806494,380.983829846954,374.18725425093146,367.7955250813835,361.80609746280044,356.21313885318494,351.0079359802018,346.179399378571,341.7143919352086,337.59823851385937,333.81500135119137,330.34786667366143,327.1794683827695,324.29208311299686,321.6679678089963,319.28948750244876,317.13933779868,315.2006753176016,313.45723907336196,311.8934569141857,310.49450451911395,309.2463559416871,308.1358412090016
0.0014387636992374965,590.2458883459512,589.7373317712068,588.2177186272007,585.7051034664437,582.2291133916215,577.8302574723405,572.5590075195278,566.4746746199003,559.644133439105,552.1404298502445,544.0413294322641,535.4278485624567,526.3827987668169,516.9894035779982,507.33000608822175,497.4848706261674,487.53115610588003,477.54200500188347,467.58580210928005,457.72558572363107,448.0186081212807,438.51605334868856,429.2628586500121,420.29771858056915,411.65312733397707,403.35557215363326,395.4258060142415,387.87914166171936,380.72585336949135,373.97155092297845,367.6176875047446,361.6619278812956,356.0986747759086,350.9194690656009,346.1134876400521,341.66786703786653,337.5682069326878,333.79884199616805,330.3432243496649,327.1842439750488,324.3044219416139,321.6862453370216,319.3122942615827,317.16546314789883,315.2290908535666,313.4870820154059,311.92401359547534,310.5251945486851,309.2767170129292,308.1655147104659
0.0014437636992374965,588.1066901368041,587.6036205106298,586.1003822655747,583.6147742806805,580.1760058366154,575.8240182463094,570.6085817734456,564.5881915529377,557.8288135145353,550.4025150707732,542.3860370551713,533.8593478472842,524.9042097479353,515.6028160306447,506.03651655829475,496.28463518920887,486.4234560954138,476.52532296093636,466.6579054910973,456.8836155487653,447.25917044510214,437.83531104320804,428.6566220331671,419.7615325496717,411.1823543282119,402.9454692933239,395.0715955496216,387.57607442417105,380.469264559403,373.7569084395164,367.4406318757816,361.51830540581386,355.9845630164997,350.83119569779393,346.047642701817,341.6213103305328,337.5380693501425,333.78252335679144,330.33838710019444,327.1888036469323,324.31653578312165,321.7042983129526,319.33488426420905,317.1913850356936,315.25732012928916,313.51675846115927,311.95442499764647,310.55576106963224,309.3069761887796,308.19510722850976
0.0014487636992374965,585.9889128342094,585.4912633389387,584.0042008022277,581.5452721837231,578.1432750485973,573.8375911933459,568.6772994223685,562.7200905192631,556.0310344262609,548.6812336153093,540.7464180960361,532.3055222238778,523.4392727827029,514.2288459495178,504.7546107401846,495.09496195510735,485.32531931679796,475.51723679468694,465.7376767941513,456.04843122549335,446.5056876072859,437.15974751873694,428.05484577717175,419.22914763779505,410.7147828704103,402.53802762906815,394.71956386558446,387.2747594945842,380.21405493870884,373.54332231597596,367.2643566443703,361.375230557981,355.8708054771577,350.74311861680707,345.9818677248618,341.57472508396086,337.5078289227466,333.7660483222492,330.3333574506185,327.19314950774844,324.3284263124456,321.7221279840055,319.35725835435983,317.2171039393738,315.28536329902965,313.5462682890418,311.98469077114555,310.5862035508723,309.33713280011614,308.22461799548995
0.0014537636992374965,583.8923855793569,583.4000901060274,581.929006195418,579.4964325877496,576.1307611525142,571.8708222948989,566.7650133101845,560.8702320768773,554.250665134021,546.9764633649806,539.1223597109507,530.7662683175477,521.9878940102454,512.867408896002,503.4842134045663,493.9157845851115,484.236687914277,474.5176966495859,464.8250736296882,455.21999725067144,445.7581303837563,436.4893392100325,427.45751135306836,418.70054973926534,410.25040268337267,402.13324014399683,394.36970667137615,386.97519481254966,379.96022422448857,373.33079363947013,367.0888639069588,361.2327061295982,355.75740537732923,350.6552412460889,345.91616615476767,341.5281146226647,337.47748874575257,333.74941968155304,330.328137833957,327.1972836079321,324.3400951901189,321.7397356289886,319.37941744930606,317.242620443692,315.31322065003036,313.57561152736054,312.0148107253574,310.6165216226424,309.36718633620023,308.25404639523083
0.0014587636992374965,581.8169520262493,581.3299450743434,579.8746445188415,577.4681045383951,574.138317258664,569.9235697279931,564.871587573433,559.0384870912878,552.4875838690273,545.2880904159454,537.5137562221433,529.2414889026279,520.5499847540136,511.5184247191244,502.22525279224857,492.7470394793306,483.1575061286679,473.526654215377,463.9200546846431,454.3982788098776,445.0164699262371,435.8240626808823,426.8646001727197,418.17572455094194,409.78920319656754,401.73109946711554,394.02201928920454,386.6773779198678,379.70777174202976,373.11932312350746,366.9141554129318,361.0907345972764,355.6443656558198,350.56756676387784,345.85054122669567,341.48148209379707,337.44705176767457,333.7326401047036,330.32273058881646,327.20120792490803,324.35154402193933,321.75712248727604,319.40136243943493,317.26793511657644,315.3408924605611,313.60478820137854,312.0447846709117,310.64671491934405,309.39713629225633,308.2833918184236
0.0014637636992374965,579.762452483136,579.2806691674758,577.8409585279737,575.4601337973925,572.1657932412795,567.9956884946755,562.9968832475677,557.2247234129582,550.7416659447733,543.6159980541441,535.9204992579878,527.7310841833645,519.1254538969483,510.1818109611611,500.97765497364503,491.58866100489524,482.08771630488934,472.54405942139516,463.02257701837414,453.58323959039103,444.2806760131527,435.1638932419325,426.27609250972387,417.65465674070384,409.3311729139434,401.3315973993997,393.6764963046797,386.38130570707443,379.4566962445919,372.90891098274676,366.7402324800155,360.9493180672804,355.5316889366572,350.4800980836327,345.7849959556574,341.434830463861,337.41652079101067,333.7157121457453,330.3171379636455,327.2049243678133,324.36277436370017,321.77428976328406,319.42309419233425,317.2930485127695,315.36837900310644,313.63379833607763,312.07461242206284,310.6767830815845,309.4269821712202,308.31265366412265
0.0014687636992374966,577.7287238111219,577.2520998710298,575.8277875676192,573.4723627607912,570.2130356707963,566.0870303708899,561.1407582341013,555.4288058634476,549.0127837619923,541.9600667780943,534.3424777920015,526.2349518469672,517.714207946121,508.85748293126494,499.7413439287502,490.44058157978657,481.02725897736025,471.5698605215371,462.132596145528,452.77484186060883,443.55071712457493,434.5088050204427,425.69196756352824,417.1373300057019,408.87629946629653,400.9347249604057,393.3331316079132,386.08697444935876,379.20699594452776,372.69955695973977,366.5670960170723,360.8084582948029,355.4193775452626,350.39283786749274,345.7195331476312,341.38816252781737,337.3858984796454,333.6986382487346,330.31136212151034,327.2084347812873,324.373787724176,321.7912386288066,319.4446135546076,317.31796117523135,315.3956805454494,313.6626419569951,312.1042937973376,310.7067257566828,309.4567234841389,308.34183134007037
0.0014737636992374966,575.7155998279743,575.244071635053,573.8349679702264,571.5046308505172,568.2798881961215,564.1974442771254,559.3030676575114,553.6505965767346,547.3008071328406,540.3201746047097,532.7795784293971,524.752987330333,516.3161512793953,507.5453539321186,498.5162417541322,489.3027318607383,479.97607303957943,470.6040042464569,461.25006617189166,451.9730465906717,442.8265605487882,433.85877105395997,425.11220354137583,416.62372714369866,408.4245696730804,400.54047244156857,392.9919184392491,385.79437984560656,378.95866854644464,372.49126035294466,366.3947465476307,360.6681567036136,355.3074335247513,350.3057885397125,345.65415541055773,341.34148091801615,337.3551873660481,333.68142075349397,330.30540514465275,327.2117409490503,324.3845855679071,321.80797022516094,319.4659213535134,317.3426736363827,315.4227973516055,313.691319090924,312.1338286200605,310.73654259906505,309.4863597504741,308.37092426293265
0.0014787636992374966,573.7229116927185,573.2564162571737,571.8623334346877,569.5567748860528,566.3661919066174,562.3267766283481,557.483664201063,551.8899553191909,545.6056035836474,538.6961973538039,531.231685672675,523.285084066401,514.9311863725312,506.24533546805907,497.30226885257616,488.17504091510295,478.9340958990773,469.64643594256074,460.3749399184777,451.17781356272525,442.1081724798206,433.2137633762065,424.5367777336035,416.1138301187916,407.975969599515,400.14882945559424,392.6528494317808,385.5035170548146,378.7117112782295,372.2840200430129,366.22318423203103,360.528414404597,355.1958586513529,350.2189522993974,345.5888651647793,341.2947881126868,337.32438985811876,333.66406190108324,330.29926903882273,327.2148445973013,324.39516931783635,321.82448566521373,319.487018398506,317.36718641926416,315.44972968268956,313.71982976655596,312.1632167188292,310.7662332706195,309.515890498369,308.39993185850557
0.0014837636992374966,571.7504882385164,571.2889632142367,569.909715354281,567.6286294063359,564.4717856457532,560.4748716374113,555.682398398237,550.1467397675644,543.9270386182808,537.0880088959761,529.6986821534748,521.8311336996812,513.5592139983702,504.9573374281252,496.0993441004048,487.0574363730153,477.9012636151033,468.6970996960107,459.50716903268653,450.38910147012433,441.3955181055847,432.57375309504596,423.9656665823022,415.6076201216084,407.5304846091146,399.7597849820811,392.31591665077576,385.21438072998683,378.4661209200319,372.0778345174301,366.0524088882429,360.3892322132291,355.08465444897865,350.1323311325574,345.52366465293676,341.2480864439962,337.2935082456929,333.6465638390006,330.2929557373966,327.2177473979442,324.40554035781014,321.84078603529815,319.5079054826886,317.391500038627,315.47647779772547,313.7481740150787,312.19245792795476,310.79579744102,309.54531526488984,308.4288535619011
0.0014887636992374966,569.7981562631614,569.3415399517507,567.976943103007,565.7200269510012,562.5965062853926,558.6415715807029,553.8991188882555,548.420805753133,542.2649759499287,535.4954813712648,528.180448837578,520.3910262773503,512.2001334039658,503.68126824936377,494.90738499725614,485.94984456407417,476.877511022762,467.75593844494244,458.6467040892903,449.6068680078968,440.68856168855746,431.93871046411886,423.39884574463673,415.1050776250155,407.0880994124701,399.3733274100267,391.9811116305248,384.92696504990363,378.2218938314996,371.872701893722,365.88242001151366,360.25061066609896,354.9738222030166,350.045926823539,345.45855594936495,341.2013781057052,337.26254470672285,333.62892862612597,330.2864671052892,327.22045097165187,324.4157000349505,321.8568723970294,319.5285833841864,317.415615001959,315.50304195440526,313.77635187073275,312.22155208786785,310.8252347880237,309.5746335962477,308.4576888177149
0.0014937636992374966,567.8657407873288,567.4139721412441,566.0638442902754,563.8307983106951,560.7401889701364,556.8267170350663,552.1336726442863,546.7120074801036,540.6192777088036,533.9184853854806,526.676865209418,518.9646504216548,510.85384247080145,502.41703506493593,493.7263078023005,484.8521906420137,475.8627718465819,466.82289408243355,457.7934946833693,448.83106995625053,439.98726664047933,431.3086049493568,422.8362901517982,414.6061824361236,406.64879811290257,398.98944457769954,391.64842540897996,384.6412637490463,377.97902597747714,371.66861994138947,365.7132167929685,360.11255003657266,354.86336297342405,349.9597409658815,345.39354096902196,341.1546651604472,337.23150131315566,333.6111582374204,330.27980494267194,327.22295689077384,324.42564966190355,321.8727457890217,319.54905286744156,317.4395318104497,315.5294224097995,313.80436337132994,312.25049904549405,310.8545449977446,309.6038450479984,308.4864370801785
0.0014987636992374966,565.9530652878243,565.5060839127282,564.170244991041,561.9607727533829,558.9026673384078,555.030147092369,550.3859051803743,545.0201977239216,538.9898046310342,532.3568901890659,525.1878094404641,517.551893487564,509.52023786159594,501.1645438401187,492.55602765961135,483.76439869971625,474.8569788055192,465.89790755193485,456.9474895166421,448.0616632583183,439.29159559204663,430.6834052911725,422.27797406424116,414.11091374511125,406.2125642494001,398.608123810207,391.31784856044396,384.3572701458803,377.7375129523309,371.4655861026958,365.5447981372546,359.9750503496623,354.75327760716544,349.8737749726385,345.32862147598075,341.1079495466515,337.20038003652417,333.59325456839446,330.2729709885056,327.225266682098,324.43539051897113,321.8884072285124,319.5693146844351,317.4632509598967,315.5556194210219,313.83220855873435,312.279298654602,310.883727764903,309.63294918522575,308.5150978132967
0.0015037636992374967,564.0599519107423,563.61769806716,562.2959699561907,560.1097782313419,557.0837737247904,553.2516995560507,548.6556607411613,543.3452280132976,537.3764162322688,530.8105638417095,523.7131585444289,516.1526417083061,508.19921515606586,499.9236994983014,491.39645871451347,482.686391876127,473.8600637107496,464.98091893630186,456.1086364781552,447.2986030929502,438.6015104582805,430.0630795628882,421.7238711236548,413.6192501712306,405.779380837139,398.22935195499235,390.9893712264979,384.0749771696435,377.497350003011,371.26359751239124,365.3771626792976,359.8381113961591,354.6435667500396,349.7880300861961,345.26379909150864,341.06123308513145,337.16918275326555,333.5752194393577,330.26596692389666,327.22738182946995,324.4449238561299,321.90385771289874,319.58936957583853,317.4867729415573,315.5816332458502,313.8598874793108,312.3079507761215,310.9127827930541,309.66194558270604,308.54367049097
0.0015092636992374967,562.0008725546822,561.563747693523,560.25732888163,558.0963957396725,555.1052212171701,551.3170342724947,546.773303493625,541.5228578317724,535.6208839777264,529.1278261829865,522.1082327814308,514.6295812407255,506.761104876578,498.57266960513005,490.13371517393165,481.51226156843904,472.7740517794015,463.98177600053214,455.19443340794595,446.4668108621422,437.8490830921243,429.386537877445,421.1193859019554,413.0827225595744,405.30651934516715,397.8157444698646,390.6305511879819,383.766483634537,377.23478085762554,371.04265606265767,365.19369660961297,359.6881456520158,354.5233293367664,349.6939718500507,345.1926073321556,341.00984067710704,337.13477152348014,333.55522022299584,330.25805562355197,327.22947230539575,324.45515894712594,321.92059758870437,319.6111791781782,317.5124081020932,315.6100262726512,313.89013249105074,312.33928893657094,310.9445879581972,309.6937103777406,308.5749929533062
0.0015153136992374968,559.7630011825685,559.3314371110766,558.0416166940704,555.9080696948106,552.9546603679996,549.2140615408358,544.7270533472556,539.5416622105613,533.7121786916385,527.2980792987743,520.3628955280403,512.9730612268545,505.1967608532246,497.1028261539883,488.7596954193999,480.23443579604987,471.5918992788007,462.89395761526987,454.1988722973165,445.56077879517625,437.02929012535213,428.6492229253661,420.4604067350224,412.49764282599995,404.79069195295517,397.36438960328786,390.23882803212126,383.4295555165346,376.9478729918749,370.8011061529572,364.99299720428314,359.5239799418937,354.3915992866826,349.5908198291967,345.11443106389936,340.9533033290879,337.0968055690216,333.5330277013433,330.24910405798215,327.2314871765339,324.46611412666147,321.9387028625141,319.63486676639207,317.5403177238419,315.6409896165271,313.9231573919304,312.373543425979,310.9793847431869,309.72849176982277,308.60931639407846
0.0015219686992374967,557.3345428771379,556.9089947221796,555.6371315327088,553.5332137209538,550.620664922959,546.9315583157677,542.505931576871,537.3909454675922,531.6399236815175,525.3112982992009,518.4675030605761,511.17384475690363,503.49737471199205,495.50580695768815,487.26649695222716,478.8454810929542,470.30664702257906,461.71098014868426,453.11594255871853,444.5749632916619,436.1370456248054,427.8464941772121,419.74272363467463,411.86021442398754,404.2284965869334,396.8722592848436,389.811526079452,383.0618471159903,376.63458779951264,370.53719320962125,364.77357095645544,359.3443592000642,354.24733790032394,349.47773034856965,345.0286011767701,340.8911070444519,337.0549076537242,333.5083842153962,330.2389581759946,327.23336126650764,324.47779960347304,321.9582468676747,319.66055774257654,317.5706693878473,315.67472426630434,313.95918887095723,312.41095992823483,311.0174320591274,309.766557000127,308.6469122889126
0.0015292891992374968,554.7028077132693,554.2837570323999,553.0312888828396,550.9593739015856,548.09096164985,544.4574800303203,540.0981676224555,535.0592532677676,529.3930195048147,523.1567733913291,516.4117657936465,509.22208859897984,501.65357117476185,493.7727216893097,485.6457268099663,477.33750978135197,468.91091619912083,460.4259731125577,451.9392776225361,443.50349373753704,435.1669637457313,426.9734365043316,418.961875640359,411.16641189211646,403.6163228704104,396.3361364277816,389.34579870759836,382.6608587524032,376.2927486311588,370.24903960201203,364.5338153952511,359.1479326423033,354.08942319145547,349.3537880895616,344.9343877897279,340.8226871704937,337.0086592535372,333.4809994497296,330.22743917564435,327.2350118411925,324.4902145251702,321.9792976965549,319.68837743552234,317.603635145008,315.711439631129,313.99846543047215,312.4517988143185,311.05900589922527,309.80819235040656,308.68807271911663
0.0015373417492374967,551.8549772454348,551.4429314062368,550.2113732499756,548.1739623517362,545.3531393198938,541.7796392013415,537.4918423759935,532.5349765871256,526.960205599423,520.8236271689154,514.1852201981767,507.1077696291231,499.65578970835406,491.89449017258613,483.8887985133478,475.7024380555795,467.39713041364735,459.03186820340534,450.6623141315862,442.3403050246977,434.1134676863342,426.02494855354183,418.11322142342425,410.41203629083185,402.9503947647709,395.7526469063648,388.83865155681167,382.2239528541155,375.9200512012148,369.934650591951,364.2720216133351,358.933253736171,353.91664801396723,349.2180029547195,344.8309963204615,340.747424043271,336.95759606413515,333.4505460219505,330.21433933787324,327.2363348024878,324.5033436105158,322.0019153196743,319.71844873128475,317.6393896642167,315.75135219819157,314.0412365349655,312.4963347561354,311.104399386381,309.8537035898402,308.7331111815976
0.0015461995542374967,548.7782903673505,548.373781276387,547.1647214310178,545.1644373029059,542.3948244223051,538.8858756759145,534.6750519673226,529.8065081665729,524.3302086658841,518.3009543232062,511.7773593835335,504.82080596926505,497.4943960409515,489.8619442300296,481.98702432058093,473.932068827046,465.7575894052332,457.5214642570106,449.2783485681949,441.0791863417943,432.9708311761367,424.9957774965363,417.19196787947277,409.59273822638875,402.22678861146164,395.1182731913535,388.28695231569793,381.7483604268695,375.51406724232794,369.59191564387487,363.98637366649564,358.6987780859605,353.72771678916627,349.06930595551336,344.7175628132728,340.6646379978496,336.9012029000629,333.416654443535,330.19941719040673,327.2372001677736,324.5171530307501,322.02614793179083,319.75088892630345,317.6781076168909,315.7946834578189,314.08776107317124,312.54485571172023,311.1539222594547,309.90341593414195,308.7823629881953
0.0015559431397374967,545.4602547724954,545.0638369239508,543.8789312656543,541.9185085132513,539.2038819797729,535.7642516786228,531.6360959683411,526.8624229126905,521.4919144315563,515.5779840735024,509.1777856394133,502.35119922941453,495.15981383640394,487.66594865981267,479.93172550898356,472.0181914352695,463.9845584233282,455.887506625483,447.78060705242194,439.7138418859325,431.73323065110594,423.88056326224984,416.19320704233036,408.7040480888819,401.4414573430614,394.42937317919893,387.68744480053033,381.2311909941829,375.07225089007164,369.2186118039323,363.6749494600218,358.4428622989278,353.52124278221737,348.90654528618387,344.59314915432526,340.57358402639255,336.8389080559541,333.3789074051721,330.18239190126405,327.2374467213532,324.5315854373136,322.0520274459007,319.7858057524099,317.7199602755608,315.8416570990905,314.1383051579453,312.5976613231671,311.20789985215345,309.9576735797863,308.8361853232254
0.0015666610837874967,541.8888997589405,541.5011474963119,540.34211130693,538.4243830707167,535.7686560297977,532.4032856061732,528.3637032465779,523.6916946845744,518.4345743883453,512.6442760275518,506.376394751821,499.68920677643956,492.6426845767121,485.29754855247904,477.7143670989045,469.95270389459733,462.0703782434142,454.1227853247882,446.16233208624806,438.23796675449614,430.3948109143494,422.6738946421689,415.111963348916,407.74141521637904,400.59026229767255,393.68220540674736,387.0367683085141,380.6694468061392,374.5919484349236,368.812409646895,363.33572350125735,358.16376410927273,353.29574611582234,348.7284826964217,344.45673822326023,340.4734460796949,336.7700770813297,333.33683330239984,330.16293678947164,327.23687570402535,324.5465539867066,322.0795639758463,319.82329240912,317.7651111607473,315.8924953126068,314.1931391059712,312.65506057724565,311.2666714244385,310.0168386847585,308.8949568433068
0.0015784508222424967,538.05307290406,537.6745767856122,536.543173925909,534.6710540906047,532.0782522543872,528.7922270271422,524.8472978952005,520.2839518569353,515.1480498509748,509.4899517689299,503.3635943337747,496.8255462067698,489.93405775993455,482.7481449780064,475.3267189673518,467.7277595348918,460.0075975854097,452.2202536167738,444.41688780395447,436.64533947013723,428.9497656257332,421.3703785006895,413.94325237526823,406.70025699395626,399.66901353532774,392.87296144233125,386.33148293123753,380.0600419021628,374.07041193116834,368.3708821899282,362.9665718326995,357.8596439958992,353.0496526855043,348.53379026247603,344.3072290230211,340.36333100328494,336.694005916334,333.28989891191236,330.1406718329306,327.23524339654523,324.5619351999237,322.10873913210037,319.8634214198976,317.8137105494402,315.9474140143591,314.25253341538047,312.717368553927,311.33058768131144,310.0812896423406,308.9590766791956
0.0015914195345429966,533.9427812211429,533.5741433854799,532.4721724847604,530.6486329688927,528.1228634554952,524.9213736278415,521.0773060297046,516.62977250246,511.6230942328515,506.1059631215478,500.1305571707969,493.75163306783406,487.0256124961171,480.00970015513855,472.761044482912,465.3359391769635,457.7891290738583,450.17316815189696,442.53788483118785,434.9299322073023,427.3924336449949,419.9647230625607,412.68215195559685,405.5760187329271,398.6735194300133,391.9978061513787,385.56810144852955,379.39982656895035,373.50481712494826,367.8915171577516,362.5652794547964,357.52856853098575,352.78129414546174,348.3210476623345,344.14343183549227,340.2422621033487,336.6099133372864,333.2375011271614,330.11515504795557,327.2322524434653,324.5775604808276,322.13949793861434,319.9062371091232,317.8658886356931,316.0066167794912,314.31675353238336,312.78490205975714,311.400007284796,310.1514184651631,309.02896267030286
0.0016056851180735467,529.5495751339868,529.1914035760119,528.120680969618,526.3487236501662,523.894136426765,520.7824287680177,517.0455022463668,512.7210181344103,507.8516726369496,502.48439635161134,496.66950900681144,490.45985141761213,483.9099102492262,477.07497200115347,470.0103166991119,462.77044900538385,455.4084290127645,447.9752510392875,440.5193251959516,433.08603922278786,425.71741177297696,418.4518358476935,411.32388626479394,404.3642449065951,397.5996460967401,391.05292636789125,384.7431282965117,378.68561764205333,372.89228609868235,367.37173294086034,362.1295505219034,357.1685156834766,352.4889091300043,348.0887400623745,343.96406345530545,340.1091723432661,336.516932665493,333.1789576641503,330.08587261405853,327.2275417590819,324.59320610894554,322.17173916555953,319.951746479402,317.9217471130087,316.070287250592,314.38605317105055,312.85797391382107,311.47529213408154,310.22762706482786,309.1050486301444
0.0016213772599571517,524.8669705875014,524.5198722792383,523.4822114974121,521.7648344423044,519.3855759146566,516.368895539458,512.7453918697302,508.55120239962275,503.8273154374606,498.6188092847927,492.9740480602948,486.94385482811606,480.58067664484196,473.9377762883109,467.06846062663726,460.0253429367902,452.8597000309654,445.62087313521073,438.35576679325106,431.1084231770136,423.91968373643954,416.82693623151204,409.86392294992504,403.06066191119254,396.44338688281556,390.03458824064677,383.8531058997182,377.91423494556,372.22991491676015,366.8088985104019,361.65702154423224,356.77738227233147,352.1706458622855,347.8352567208929,343.7677425594928,339.96289718085796,336.4141027033447,333.11349665802555,330.05222762473824,327.22067486071103,324.60858152120124,322.2053038669327,319.9999082579826,317.9813489324345,316.13857976481836,314.4606659259217,312.93688562600653,311.5568011578194,310.3103221791482,309.18778040607896
0.0016386386160291172,519.8909007800797,519.5554736074355,518.5526613280501,516.8928191882321,514.5929777241356,511.6764996880518,508.17262170893537,504.11588784725154,499.5454994210186,494.5045953800088,489.039490804798,483.19889287084555,477.0331078881916,470.5932724526251,463.9306181183041,457.09576648649386,450.1381140448891,443.1052564114008,436.0425056465612,428.9924779354686,421.99476431527637,415.0856818015058,408.298082715896,401.66127195537223,395.20094169006234,388.93920315153747,382.89466836511247,377.0825439406565,371.514806391752,366.20035743600414,361.1452777508373,356.35299371809595,351.8245662801298,347.5588904100746,343.55298527944024,339.8021670731936,336.30035788257635,333.04024509285716,330.01352736526815,327.2111264912933,324.62331570905644,322.23996191824955,320.05061988110214,318.04470598398575,316.21160793162204,314.5407948987129,313.0219181835191,311.64488233408383,310.3999086665647,309.2776104609436
0.0016576261077082793,514.6201843848191,514.2970079222508,513.3307764514745,511.73133511337403,509.5148786290617,506.7036294863873,503.3254079137963,499.41309993498237,495.0040462761493,490.13936521988563,484.8632351779099,479.2221549728826,473.26419441471376,467.03826640852867,460.5934294392951,453.97821690319245,447.24005097605976,440.4246914716716,433.5757726235796,426.73440505073586,419.9388563065195,413.22430664779273,406.6226598954894,400.1624569503504,393.8688052929378,387.76340161699795,381.8646021509213,376.18750435720744,370.74410786938915,365.5434559956881,360.5918726644096,355.89311617995287,351.44865178120267,347.2578377562193,343.3182010585995,339.62559970546044,336.1745176466835,332.95821604727615,329.9689690584076,327.1982674301509,324.636941589161,322.27539637448797,320.1037022023679,318.111764458135,316.2894308936835,314.62660005311096,313.11332064661946,311.7398626314452,310.4967808588823,309.37499067025885
0.0016785123485553576,509.0569918713313,508.7466170826211,507.8186136250405,506.2822995490989,504.1530057335562,501.45177576181305,498.20496479638973,494.44374288935455,490.20352387500463,485.5233317515157,480.4451284889515,475.0131198825894,469.27305099787907,463.2715205826633,457.0553227137417,450.6708117177715,444.1633462904091,437.57676416172876,430.95293937810476,424.3313994667777,417.74901657512663,411.23976848155337,404.83455147563353,398.5610903846107,392.443863083682,386.5041139882007,380.75991285086553,375.2262242179196,369.91505365921023,364.8355751750945,359.9943508133164,355.3954710947743,351.04081066296953,346.93020060531586,343.06168891208176,339.43169205085434,336.0352751511705,332.8662948059804,329.9176240873434,327.18134745641305,324.64887826568605,322.3111855206962,320.1588817541604,318.182387676635,316.372037025327,314.7181830223789,313.21129625461185,311.84203555450426,310.6013116439506,309.48036300058936
0.0017014872134871438,503.20728596248176,502.9102239972887,502.0219772199106,500.55132229079277,498.51270259278306,495.92595007826094,492.8159134342518,489.21199716786913,485.1476311246342,480.6596811653078,475.78782308691825,470.5738950251844,465.0612388403021,459.29405794810197,453.3167992771246,447.17355496138237,440.90753780399325,434.5605828577684,428.1727261859002,421.78183812858276,415.42332581645536,409.1299000701237,402.9313908519835,396.8546541569607,390.92349183895203,385.1586560859714,379.57789669509464,374.1960182495946,369.02501143116353,364.0741661399859,359.35027337211176,354.85775206617456,350.59888731773714,346.5739885480217,342.7816342632081,339.2188124503721,335.8811854623242,332.76322399242576,329.85842081300854,327.1594765352128,324.658411201987,322.34678257802466,320.2157704700131,318.2563362479648,316.4593248748153,314.8155691322703,313.31598576653334,311.9516459866558,310.7138389459575,309.5941477181811
0.0017267595649121084,497.0812068817786,496.7979172322225,495.95080190895754,494.54808508808503,492.60330423078204,490.13505401403694,487.1666439531773,483.72567351238195,479.84354258709624,475.55490692042406,470.89709868581195,465.90952609293083,460.6330614788463,455.1094433938398,449.3806997722594,443.4885873741137,437.4740995239725,431.37699559942257,425.2354021731665,419.0854632545244,412.9610549636834,406.8935590087746,400.9116813252574,395.04135627922994,389.30566222111753,383.7248171908004,378.31621480341244,373.0944692442026,368.0715315848945,363.2567885553261,358.65724639923906,354.27764400322303,350.1206732557567,346.18712279964484,342.4761066313497,338.9851930283007,335.71065358077703,332.647588034362,329.7901262632042,327.1316044551851,324.6646704710038,322.3814931691497,320.27384290354064,318.33324551446134,316.55108125129027,314.9186864777871,313.4274478182985,312.06887206149054,310.8346492914402,309.7167287799835
0.0017545591514795697,490.6933686191375,490.42424700376876,489.6194478346958,488.28663541332435,486.4384289011222,484.0921682624438,481.2696012656571,477.99649457128555,474.3021851818247,470.2190806810337,465.78212665647703,461.02825379637375,455.9958130979331,450.7240227201564,445.25243298322994,439.62040428953236,433.8666478693843,428.02878402211826,422.14296643941327,416.24355024324365,410.3628195946779,404.53076847075187,398.7749231663718,393.1202443557314,387.58903889434345,382.2009471342004,376.97296769820645,371.9194905367821,367.0523983213938,362.3811509520143,357.9129512595854,353.6528444052632,349.6039200912125,345.76744174549214,342.14305860170623,338.7289229465502,335.5219228249332,332.51779749550155,329.7113271977587,327.0964993711058,324.6666074719172,322.41445085318844,320.33241116975887,318.4126004295644,316.646956507318,315.0273420197672,313.54563618184324,312.19380387400633,310.9639582049665,309.84843609162436
0.001785138696703777,484.06302993864756,483.8083963850181,483.04687239491125,481.78555915826877,480.0361519478184,477.8147278057488,475.14146158202277,472.04027263317937,468.5384168811356,464.6660315666851,460.4556492851161,455.941692457267,451.1599556742286,446.14709746586635,440.9401474149097,435.576023002262,430.0911038565033,424.52081941096566,418.8992970772393,413.2590488263536,407.63071247432003,402.04284050198,396.52172714495435,391.0913089543945,385.77307347940905,380.58603871176297,375.54676718171373,370.66938747918306,365.9656809642,361.4451522553936,357.1151768176322,352.9810867616598,349.04635476176213,345.3127086505533,341.78032673863015,338.44794326430707,335.3130643956034,332.37207410705713,329.6204113605348,327.05272601098045,324.662970798514,322.4445913250312,320.3905981016284,318.49370824884073,316.74643728837316,315.14119486045087,313.67037397611733,312.3264189772507,311.10188728263273,309.98952439096973
0.001818776196450405,477.2141044003572,476.9741920909623,476.25664329120946,475.0679973669368,473.41902751521974,471.32454972297,468.80316722851,465.8769521309608,462.5710773206723,458.9134050250236,454.9340468005624,450.6649048290763,446.13920099387576,441.391013316192,436.454825107137,431.3650808613118,426.155794239454,420.8601655909519,415.51025448706525,410.1366854919511,404.7684038141141,399.4324729171827,394.1539069612099,388.9555705933939,383.8580852500121,378.879801391156,374.0368025113809,369.34291569420446,364.8097840576668,360.44692364150256,356.261853105684,352.26016621511855,348.445697486472,344.8206223136094,341.3856354242773,338.14004452058293,335.0819693170359,332.2084377214232,329.51555012457084,326.9986247019475,324.65228233253197,322.47062624839043,320.4473094700452,318.57566975006154,316.84881732436156,315.25972712978466,313.8013251186538,312.4665548133167,311.24843795807425,310.14014864515616
0.0018557774461716958,470.1749784090781,469.94992392455185,469.27676212958164,468.16147663748984,466.6139282184136,464.6476843537803,462.2797912335135,459.5304892397313,456.42288362703835,452.9825757168424,449.23726774757347,445.21634999831065,440.9504757479888,436.4711417124361,431.8102787686607,426.9998466714273,422.0714757030123,417.0561142667557,411.9837261027134,406.8830157686944,401.781199270029,396.7038111941121,391.67454328682703,386.7151442815133,381.8453246569543,377.08272245907125,372.4428979800317,367.9393340820435,363.5834949809929,359.38487012875896,355.3510864480937,351.4879679502477,347.79968331642897,344.2888318297329,340.9566050192375,337.80286859844927,334.8263444115147,332.024696886793,329.39468422106495,326.93229285489235,324.6328151151394,322.49101815954833,320.5012065648061,318.65735012284324,316.9531672343411,315.38221327666963,313.9379636315573,312.6138785124034,311.40346221791424,310.3003360471655
0.0018964788208651157,462.978116153584,462.76795177563434,462.1392775513202,461.0975323171956,459.6516821057714,457.8140694227521,455.60021162732266,453.0285489267384,450.1201523085512,446.89839582395365,443.3886047588737,439.61768713866974,435.6137532722945,431.4057390936513,427.023037589719,422.4951317465242,417.8512694839858,413.120141257318,408.32960206640763,403.50641701478133,398.6760474283278,393.8624682081647,389.08801332468903,384.37327655306245,379.7370156052633,375.1961124604323,370.76555961864375,366.45845109127896,362.2860283097963,358.2577117783135,354.3811964763075,350.6624992235553,347.1060885963104,343.7149571044054,340.49076623931205,337.43391694610193,334.54371449843404,331.8184452894922,329.25551480069055,326.85157110980026,324.6025751100667,322.503958430904,320.5506809713544,318.73735118430034,317.05830480403245,315.50768901457263,314.07954183264155,312.76785486781023,311.5666308513735,310.46995497663613
0.0019412503330278777,455.65944563451137,455.46409434323186,454.87968198287183,453.9111184480963,452.5665006991704,450.8569807068084,448.7965888175996,446.4020125911407,443.6923401333845,440.6887715164119,437.4143083146682,433.8934276116543,430.15174439312443,426.21567627324566,422.112114354969,417.86809343675816,413.5104995237461,409.0657770872818,404.559675748127,400.01701610535355,395.4614917279045,390.9154973564565,386.39998207075195,381.9343518363703,377.5363739878158,373.22213309464837,369.006009832829,364.900663686212,360.9170669426802,357.064525062818,353.35075608663044,349.78192652348685,346.36276420292296,343.09661730096144,339.98558318311655,337.0305677799266,334.2314335724305,331.5870668893673,329.0955026679583,326.7540369465679,324.55928958031757,322.50735089162777,320.593833979434,318.81398716451736,317.1627677618822,315.63492170885473,314.2250589454714,312.9277137567759,311.7374002344701,310.6486816544861
0.001990498996406916,448.2575402712396,448.0768139744545,447.5361061098887,446.63981809815925,445.3952111076892,443.81229145299494,441.90365733219346,439.68430656890666,437.1714131816482,434.38407563386244,431.3430453991718,428.07044119312934,424.5894520711181,420.924041619714,417.09865659038644,413.13793303064574,409.0664353370112,404.9083925281796,400.68746923796834,396.42655181058814,392.14756639889254,387.87131855532834,383.6173547729916,379.40386775624154,375.24760226212754,371.16380760785665,367.16621031496817,363.2669896910184,359.47680103245756,355.8047858092785,352.2586361063928,348.8446199687969,345.56767798434373,342.4314699248398,339.43848795178167,336.59010540169294,333.88670823333524,331.3277531096347,328.9118790863273,326.637009143802,324.50040539633176,322.49880431209067,320.6284636762673,318.8852669218552,317.2647916873224,315.7623845843875,314.37323222835,313.092418810491,311.91497914248856,310.83596566750555
0.002044672526123858,440.81263407973756,440.6462354403644,440.1483483848479,439.3228905491758,438.1763275405363,436.7175744461406,434.9578641548051,432.91058184431563,430.59107236050437,428.0164226935623,425.2052269112202,422.1773379934801,418.9536091303041,415.5556350992606,412.0054966588702,408.32550092290654,404.5379506092513,400.66490839026426,396.72799158291156,392.7481782976111,388.74564170730616,384.7396014509484,380.74819416398117,376.78838236049194,372.87586263693726,369.02501597096074,365.2488753735064,361.5590956131153,357.96596687473226,354.4784159886674,351.10405711177054,347.84920759167187,344.71896926522015,341.7172636303655,338.8469301546097,336.1097651087366,333.50663699959375,331.0375358263376,328.7016719682686,326.4975669211303,324.4231010830935,322.4756374820899,320.6520633286499,318.94888602115844,317.3622962707006,315.8882377213082,314.52247330530776,313.260639703687,312.0982976262004,311.0309960469737
0.002104263408812494,433.3655320160657,433.2130600025852,432.7568002043573,432.00021479789194,430.9490200583321,429.61110254339917,427.996407084344,426.11679569605855,423.9858831434039,421.6188508115709,419.03224509179915,416.2437639206759,413.2720334767297,410.1363841634912,406.8566284428352,403.4528334644791,399.94511888139914,396.35344806431345,392.6974456336194,388.996223233774,385.2682298534618,381.53111532500924,377.80161034662206,374.0954398042606,370.4272343013813,366.8104794042589,363.25747957765685,359.7793233689312,356.38588886578214,353.08583729225563,349.8866512797741,346.794642420983,343.8150184335775,340.9519079107883,338.20844463232913,335.5867972074875,333.0882691865537,330.71333998910563,328.4617514008394,326.33258779467695,324.3243166691108,322.4349009293303,320.6618350322665,319.00223253314925,317.4528836126973,316.01031930858915,314.670872906877,313.43073097081054,312.2859805247945,311.2326701130701
0.002169813379769994,425.956496503372,425.8174554978175,425.4013466166566,424.71120780427964,423.7520570363844,422.5308216912372,421.05624422223366,419.3387630698424,417.3903736704071,415.2244707398439,412.85567702424686,410.2996614504081,407.57294820265616,404.6927244998294,401.67664930598465,398.54265597279596,395.3087767498323,391.99295940105554,388.6129064966887,385.18592017287824,381.72876819247057,378.2575596651029,374.78763492474275,371.33348402578537,367.90866248463146,364.525740589528,361.1962648919054,357.93072017828985,354.7385281208438,351.6280346164403,348.6065371042201,345.6802850520827,342.85453427232494,340.1335624043243,337.52074026721186,335.01855317922536,332.6286865996772,330.35205932696385,328.1888981503623,326.13880795168143,324.2008052672336,322.3734192854273,320.65472266033373,319.04241055607457,317.5338524761067,316.1261509236344,314.8161975901125,313.60072066925443,312.4763286418578,311.43956777823735
0.002241918347823244,418.62420160176026,418.4980135929749,418.1203327971199,417.4938062166889,416.62280799328,415.5133804674515,414.1731555277445,412.611255073493,410.83817467670156,408.8656512347869,406.7065189145748,404.37455571473413,401.884321773502,399.2509959784784,396.49021282267785,393.6178926268498,390.65009068257666,387.60283759870805,384.49199907146175,381.3331387895196,378.14139973582405,374.9313920825672,371.7170931289899,368.51177158160846,365.32790828004863,362.1771466100978,359.0702527736003,356.0170758404632,353.02654098923955,350.10663197284765,347.2644090008565,344.50600343446297,341.8366606398697,339.2607474300771,336.7818116101204,334.40259592288373,332.12511021460665,329.95065758674275,327.8798978766451,325.9129081463767,324.04920963434427,322.28785775196206,320.62746772038815,319.06628516846564,317.6022322382239,316.2329605628852,314.9559020771507,313.7683123830193,312.6673108755554,311.6499343474921
0.0023212338126818188,411.40484355095833,411.29086266315846,410.9496839147548,410.38359782781197,409.59639114908936,408.5932981289348,407.38093557816785,405.9672204672623,404.3612734837184,402.5733090302993,400.6145151958879,398.4969255151025,396.2332833169774,393.83690414226936,391.32153792279485,388.70122423091004,385.99016386285746,383.2025810812807,380.3526024177652,377.4541367059006,374.5207709461408,371.56567015574933,368.6014874010692,365.6402943223135,362.6935074723671,359.77184075375436,356.8852655968714,354.0429703030294,351.2533492272778,348.5239817145627,345.8616420774665,343.2722897655675,340.7611021989703,338.3324754322308,335.9900731205911,333.7368340978125,331.57503217477466,329.5062959971069,327.5316621423591,325.6516266037978,323.86616558693026,322.17481490688937,320.57669068231496,319.07055164785146,317.65483959163095,316.32772662036103,315.0871604920599,313.9309038629318,312.8565705510361,311.8616749549819
0.002408480824026251,404.33147838814864,404.22900679448117,403.92224829264035,403.413171672494,402.70503324935044,401.80233695744084,400.7107812311553,399.4371914229172,397.989440600193,396.37635896434324,394.6076347697707,392.69370813636976,390.6456582954788,388.4750888088901,386.19401223894886,383.814727825834,381.34971325154936,378.81150683702134,376.2126038097193,373.56535229970933,370.881862930765,368.17392023651945,365.45290264758046,362.7297195553828,360.0147437265688,357.3177665347753,354.6479590454176,352.01383173832613,349.42322089421793,346.88326526006307,344.40040961609355,341.98039163278906,339.62826613747154,337.34840025990746,335.1445130874173,333.0196779039632,330.97637081765413,329.01648512093414,327.14137488550335,325.35189813537045,323.6484320222139,322.0309421381254,320.49899857683806,319.05183022878333,317.68835969179406,316.40724488035,315.2069188671587,314.08562491361505,313.0414487375445,312.07236352614143
0.0025044525365051267,397.43362530838033,397.3419294968834,397.06740220008567,396.6117246912458,395.97767899597306,395.16911549048206,394.1909098487942,393.0489081086812,391.74986221296115,390.30135608909393,388.71172459765035,386.989966398836,385.14565107583513,383.1888242454387,381.12991195008624,378.97961818728027,376.74883459025216,374.44854058672206,372.089715489015,369.6832491768176,367.239864445951,364.77003944736146,362.28393732218143,359.79134992668975,357.3016366063837,354.8236828214953,352.36586297521427,349.93600144901404,347.54135732414284,345.1885999103721,342.8838073131267,340.6324510993254,338.439413414875,336.30897782881044,334.24486094496126,332.25021032188386,330.3276431770503,328.4792560653795,326.7066599220354,325.0110156861681,323.3930444526473,321.853087316449,320.39111718018853,319.0067854034371,317.69945141300144,316.4682188037,315.3119697670139,314.22939588847316,313.2190263645087,312.27926847044324
0.0026100214202318898,390.73713376445824,390.65546018034775,390.41091449634155,390.0049234464148,389.43984892500487,388.7189618963793,387.8464078038975,386.82716229783256,385.6669792304681,384.37233085250625,382.95034208751133,381.40871965939306,379.7556762604988,377.99985280334283,376.15023989338215,374.2160927212226,372.20685644915915,370.1320823415656,368.0013540065469,365.8242114174191,363.610084951425,361.36822817555645,359.1076566711039,356.83709837330883,354.5649388093175,352.29918353355663,350.0474233562494,347.81679744660266,345.6139773610204,343.4451424140801,341.31597453453264,339.23164173634103,337.19680942812187,335.21562809410665,333.2917580916533,331.42836422945686,329.6281458121082,327.8933424447855,326.22576151479717,324.62680707190054,323.0974855985205,321.6384570874508,320.25004303175007,318.9322658951421,317.68487372841594,316.50737099744356,315.3990477704844,314.3590063501562,313.3861854691646,312.47939616370616
0.002726147192331329,384.2642718303631,384.1918611053277,383.9750293917025,383.6149800645344,383.11370613973764,382.4739694299633,381.6992729842673,380.7938256993165,379.7625007110001,378.61078741321796,377.34473860865796,375.97091335199525,374.4963155635843,372.9283308795598,371.2746627418846,369.54326230166396,367.74226740282216,365.8799327458193,363.96456862565526,362.004476912564,360.0078956495161,357.9829414041366,355.9375566961603,353.87946675074204,351.8161311339015,349.754710232236,347.70203335201296,345.6645644570625,343.6483862978036,341.65917642827253,339.7021994881852,337.78229032676035,335.9038607336103,334.07088498626734,332.2869189905314,330.55509242302924,328.87813136038653,327.2583609839252,325.6977265020195,324.19781611270747,322.75986305748404,321.38478869905487,320.073207171588,318.8254582205561,317.64162720252637,316.5215709576418,315.46494201696953,314.4712112198763,313.53968800442783,312.6695517304142
0.0028538855416407123,378.0339632122713,377.97006246878095,377.77869581288485,377.46087224622977,377.0182635927388,376.4531879699788,375.7685880064263,374.9680027747563,374.055534768467,373.0358117143474,371.91394442362065,370.69548107735403,369.386357948266,367.99284854555805,366.521512071208,364.9791361582967,363.37268748312493,361.70925411637745,359.9959951568856,358.2400872984559,356.4486788276559,354.6288406877929,352.7875218235301,350.93151201418965,349.06739968844875,347.20154251338147,345.34003865320665,343.48869552212074,341.65301462505334,339.83816884181635,338.0489931027637,336.2899678508265,334.56522228627796,332.87851868000007,331.233266914118,329.6325149999093,328.0789654841262,326.57497577059905,325.1225734677892,323.72347425446156,322.37908088254915,321.0905190636878,319.85863928218976,318.6840436163868,317.5671015563523,316.5079713081771,315.5066193638508,314.56283933208476,313.6762685214253,312.84641485001805
0.002994397725881034,372.0620886217658,372.0059616456623,371.8378603019165,371.5586257674255,371.1696523890867,370.6728746706875,370.0707501907332,369.36623751122943,368.5627701723179,367.6642265362865,366.67489644037596,365.5994449296648,364.44287302237666,363.2104770999733,361.9078077105136,360.5406231656043,359.1148499785281,357.6365356804547,356.1118078356379,354.54682986127216,352.94776327371625,351.32072656961736,349.67175773462685,348.00678271807806,346.331579082637,344.65175061938294,342.97270188975494,341.29961019951736,339.63741158508526,337.99077980691146,336.3641162101423,334.76153404553185,333.18685916825694,331.6436138725386,330.13502777144754,328.66402738948346,327.23324745970876,325.8450295040018,324.5014325462791,323.2042466739308,321.95498963388934,320.75493635444025,319.60511842909125,318.5063455743499,317.4592177407081,316.4641422909451,315.5213493427655,314.63090710788623,313.79273503942704,313.0066265520224
0.003148961128545388,366.36177688159717,366.3127122213397,366.16574987421393,365.9215871976688,365.58138062179785,365.1467354747916,364.61969268962616,364.0027115447418,363.2986493420897,362.5107377757426,361.64255675536526,360.6980058638325,359.6812733712728,358.59680407627786,357.44926667486834,356.24351645079844,354.9845639184984,353.67753652654574,352.3276456499612,350.94015039760836,349.520326991631,348.0734345609445,346.6046840257707,345.11921170064625,343.62204833870635,342.1180975686399,340.6121137012723,339.1086769779092,337.61218097480395,336.1268135826562,334.65654667170435,333.2051216347286,331.7760483229952,330.37258901041594,328.9977664226176,327.65435298308046,326.34487801515536,325.0716251352962,323.83663920659626,322.64173634071227,321.48849869061854,320.37829842822816,319.3122953951089,318.2914538721842,317.31655148188645,316.3881927197752,315.5068205308113,314.67272850415947,313.8860709167767,313.1468815624796
0.0033189808714761773,360.94363798231984,360.9009552058445,360.7730977415216,360.5606405893595,360.2645376601189,359.88611387387147,359.42705489397423,358.8893937412047,358.2754950336592,357.5880366084684,356.82998913381397,356.00459382379233,355.11533816267536,354.1659306488774,353.16027518089084,352.10244128763907,350.99663954147724,349.8471907276879,348.658499535355,347.43502517550525,346.18125683979133,344.9016855194178,343.60077847201654,342.2829573961443,340.9525723652129,339.61388379180624,338.2710433663628,336.9280725068991,335.58885131571043,334.2571016777447,332.9363771904654,331.63005015010333,330.34130935503333,329.0731446646592,327.82835285721364,326.6095269869179,325.41906039172517,324.2591433606063,323.1317671197017,322.0387309559509,320.9816357538494,319.9619032217831,318.980772177184,318.0393113020435,317.1384253381803,316.2788654694319,315.46123762367785,314.68601190671944,313.95352991783056,313.2640200456893
0.0035060025887000456,355.8159243011542,355.77897870136206,355.66829835067256,355.4843548860227,355.22793105042,354.90011459745176,354.5022904235287,354.03613026123554,353.50358054932127,352.9068482470503,352.24838507731715,351.5308702636926,350.7571916622237,349.93042608883115,349.0538193938519,348.13076288401544,347.16477425466996,346.15947296474695,345.118559482176,344.0457916391344,342.94496519596635,341.8198908395613,340.67437346008745,339.5121943247517,338.3370893618419,337.1527342982501,335.96272851355747,334.77057652116423,333.57967849956464,332.3933155239488,331.2146400810431,330.0466645988166,328.89225860641506,327.75413422115145,326.63485038921965,325.536802695765,324.4622249592809,323.41318554105527,322.3915890632577,321.3991812614044,320.43754174535087,319.5080992211945,318.6121268369702,317.7507515757457,316.9249582325302,316.1355971433868,315.3833897163099,314.6689355055403,313.99271720017293,313.35511278560034
0.0037117264776463004,350.9870026215014,350.9551845411275,350.8598579369352,350.7014078536994,350.48047356790306,350.1979439127548,349.8549512899813,349.4528637853456,348.9932758961392,348.4779976555818,347.9090425401692,347.2886141924238,346.61909186074035,345.9030151905227,345.1430688530661,344.34206399448186,343.50292360398896,342.6286629842902,341.72237353767923,340.78720388940934,339.82634466993,338.8430099006365,337.84042034567864,336.8217891195551,335.79030377090186,334.74911420703364,333.7013191913018,332.64995061720606,331.5979655545682,330.5482335388481,329.50352787661757,328.46651572386077,327.4397549715503,326.4256808805645,325.4266091501321,324.44472642099817,323.4820901220846,322.540624705911,321.6221217043206,320.72824284117195,319.8605124273458,319.02032926899483,318.20896145101517,317.42755298305207,316.67712602009215,315.95858641869336,315.27272699329194,314.6202326339253,314.00168337653474,313.4175638506159
0.003938022755487181,346.4575264664585,346.4302736680439,346.34861890369484,346.21287501625676,346.02356160117813,345.78140144396457,345.487315997481,345.14241939324165,344.7480114062388,344.30556917830336,343.8167380077611,343.28332121593775,342.707268997213,342.0906667539146,341.4357233432045,340.7447565791225,340.02018213085614,339.2644981436397,338.4802726971972,337.67012885393325,336.8367328809515,335.98277930951554,335.11097769207856,334.2240411095834,333.324671523979,332.41555009723277,331.49932602949525,330.57860334709994,329.6559343420286,328.7338087766118,327.8146460851367,326.9007869304303,325.9944900705224,325.0979202603605,324.21315048346565,323.3421532941595,322.48679945824637,321.6488543146534,320.82997667004827,320.0317206162414,319.2555278899347,318.5027370813711,317.7745781728979,317.0721769950168,316.3965561087744,315.7486386336468,315.1292496975064,314.5391199833752,313.9788872773475,313.4491036235746
0.00418694866111215,342.22941471279125,342.20620696682727,342.1366674911558,342.02104932390915,341.8597728832011,341.65342326851584,341.4027468699897,341.10864685014457,340.7721778440937,340.3945397043614,339.97707053601624,339.52123901854986,339.0286359283538,338.500965258268,337.9400353063647,337.347747414579,336.7260876386114,336.07711471471714,335.4029504497853,334.70576796284354,333.98778266985295,333.2512403812999,332.49840686251804,331.73155875055807,330.9529716758452,330.16491259743054,329.3696306729325,328.56934626358884,327.7662456134375,326.96247178807226,326.16011780785493,325.3612195650238,324.56775284362345,323.7816225296614,323.004664259597,322.2386366751295,321.48521929349323,320.74600913036346,320.02251884190497,319.3161776142068,318.6283237462569,317.96021169781613,317.31300664168,316.68778722382274,316.08554547606366,315.5071893157143,314.9535426171823,314.42534754363646,313.9232649411379,313.4478796056486
0.004460767157299615,338.3025442012466,338.2829036948351,338.2240495946152,338.1261857049233,337.9896507596632,337.81491638899786,337.60258459465774,337.353384361791,337.06816769238264,336.7479049074557,336.3936794145098,336.0066819281944,335.58820406602047,335.13963163360205,334.6624379204265,334.15817499900584,333.6284675412673,333.0750034559169,332.49952658842767,331.90382753229693,331.2897367993648,330.6591154008406,330.01384668283066,329.35582921491033,328.6869672254454,328.00916460266205,327.3243174969098,326.63430524700976,325.94098613153204,325.24618984149595,324.5517115300435,323.85930594515605,323.1706847093576,322.48750682207145,321.81137991111495,321.1438534176399,320.4864160361517,319.8404926806431,319.20744219711327,318.58855762050234,317.98505917243875,317.39809961021894,316.8287589938329,316.2780461758831,315.74689805839677,315.23618111247674,314.7466904492126,314.27915125235074,313.83421834802044,313.4124799578882
0.004761967503105828,334.67486042409,334.6583511476914,334.60887736721713,334.5266025735792,334.41179858613816,334.26484402753374,334.08622245516403,333.8765198337267,333.63642158319124,333.3667090695178,333.0682556956552,332.74202257627104,332.3890537259897,332.01047101200794,331.60746914458485,331.1813089841139,330.73331299688084,330.2648580043433,329.7773696800783,329.27231540803604,328.75119915606524,328.21555406563556,327.6669361095971,327.10691857141575,326.53708438979675,325.9590215122601,325.3743169515134,324.78454935190723,324.1912856455211,323.59607485568375,323.00044301404654,322.40588835314463,321.8138789031448,321.2258442287795,320.6431764169587,320.06722416853523,319.4992900646231,318.94062791676333,318.3924402965726,317.8558783909597,317.33203554633417,316.821951305456,316.3266065361968,315.84692400717984,315.38376724638607,314.9379413733925,314.5101914909974,314.10120348875694,313.71160307051315,313.34195832700345
0.005093287883492661,331.3424738358666,331.3287000540622,331.2874218685127,331.2187699080004,331.1229614210079,331.00029913563003,330.85116988363575,330.67604272278163,330.4754667498361,330.25006849014653,330.0005489906143,329.7276805976043,329.4323033570136,329.11532123849105,328.777698413262,328.4204541234536,328.0446593727771,327.6514313322629,327.2419292183754,326.8173487672114,326.3789184164637,325.92789350507064,325.4655513730084,324.99318710766954,324.5121074473768,324.0236272160098,323.52906458393346,323.02973501682584,322.52694867979795,322.02200537706454,321.51619026673774,321.01076995903514,320.50699045194244,320.00607001778354,319.50920001965414,319.0175398586766,318.5322142521027,318.05431097793206,317.58487840205686,317.12492510609843,316.67541405808134,316.23726565336074,315.8113533032232,315.39850338454335,314.99949390297286,314.6150548743509,314.24586630023805,313.89255856314924,313.5557111429905,313.23585429556397
0.005457740301918178,328.29972053510625,328.28832451746933,328.2541707872409,328.1973632769879,328.1180748838565,328.01654661936715,327.8930866000458,327.74806865652323,327.5819307186682,327.3951728794492,327.18835524016527,326.96209551842736,326.7170663626693,326.45399253801696,326.173648172434,325.8768528336143,325.5644691378215,325.23739844604347,324.89657779227366,324.54297562387626,324.17758897557337,323.8014389498407,323.4155669462126,323.0210314063743,322.6189029793476,322.2102618087034,321.79619378052024,321.37778562536295,320.95612293031877,320.5322860360118,320.1073464689258,319.68236380103224,319.2583839219414,318.8364329742126,318.4175180613237,318.00262298167786,317.592705645054,317.18869620080886,316.7914946870257,316.40197055747507,316.0209575156807,315.6492558121844,315.28762834860925,314.9368002268927,314.5974573688072,314.2702466297864,313.9557735649746,313.65460258851493,313.36725555877535,313.0942128003105
0.005858637962186246,325.53917122989174,325.52983048707796,325.5018354269506,325.4552683479809,325.39026619041175,325.30701990312303,325.2057737051183,325.0868240569802,324.95051847095505,324.79725407728995,324.6274760304556,324.441675737501,324.240388857939,324.02419321198283,323.7937067490635,323.5495845536724,323.29251712882296,323.02322709248904,322.7424668971883,322.4510155569911,322.14967656507247,321.8392743873974,321.52065156961345,321.1946662627096,320.86218840252326,320.5240976620894,320.181280501559,319.8346262242752,319.48502547611696,319.1333669408474,318.78053440642464,318.42740425663936,318.07484406161046,317.7237074535393,317.37483476728767,317.02904948305917,316.68715586039184,316.34993742498455,316.0181548187563,315.6925453130242,315.3738183083995,315.0626570846134,314.75971544021934,314.4656170111869,314.180953953158,313.9062869225765,313.64214278779775,313.3890146796491,313.14736057720893,312.91760386340064
0.006299625388481122,323.0515878669797,323.04401217816644,323.0213064980198,322.9835356235445,322.93080739482474,322.86327222390184,322.78112255538144,322.6845921064711,322.5739549912066,322.44952465956266,322.31165272008195,322.1607276297656,321.9971732052882,321.8214470713899,321.63403916503563,321.4354694539101,321.22628671074517,321.00706598286564,320.7784069040506,320.54093118771584,320.29528109685884,320.0421167365095,319.78211383870047,319.5159618945448,319.2443611454357,318.9680210500818,318.6876579819304,318.4039920696377,318.11774608293194,317.829642788276,317.54040256700785,317.25074142641745,316.9613698809549,316.672988658987,316.3862893016951,316.10195123295875,315.82063965315695,315.5430043510951,315.26967779789584,315.00127470204075,314.7383881511272,314.4815909630526,314.2314328533122,313.98843964516414,313.75311208253635,313.5259257716061,313.3073289460003,313.09774249608887,312.89755864447415,312.7071411821502
0.006784711557405485,320.82584668779623,320.8197752039008,320.8015774724695,320.771304153796,320.72903957359335,320.6749013726982,320.6090401136787,320.53163871960163,320.44291182999245,320.3431050159254,320.2324939111169,320.11138324446557,319.9801057319665,319.83902092818454,319.68851412628504,319.5289946228248,319.36089484678166,319.18466842598764,319.0007889406314,318.80974801046005,318.61205417270685,318.40823080292796,318.1988144223028,317.984353299091,317.7654050874387,317.54253569054686,317.31631747836553,317.0873267697918,316.8561430225993,316.6233467317028,316.38951752117185,316.15523257902714,315.92106579642547,315.68758419911967,315.4553485196674,315.2249108137138,314.99681262825817,314.77158410058445,314.549742311664,314.3317909144557,314.1182168746021,313.90949153293997,313.7060682711266,313.5083816967529,313.3168466236882,313.1318580329518,312.95378896321466,312.7829905731471,312.6197909601526,312.4644951866771
0.007284711557405486,318.95153646634463,318.94667222782186,318.9320926539184,318.90783755408387,318.8739731993952,318.8305920584414,318.7778125062664,318.7157784037488,318.6446586169734,318.5646464276708,318.47595888272014,318.37883606984053,318.27354028037763,318.1603551482044,318.0395848291679,317.91155266577084,317.77660056048984,317.6350874819614,317.4873885327268,317.3338934755931,317.17500589879444,317.0111416075164,316.84272731469724,316.6701995883389,316.4940029815688,316.31458918579324,316.1324156450102,315.94794353552106,315.76163718246323,315.5739623800082,315.38538486511163,315.1963690793753,315.00737752025253,314.81886776537874,314.6312930266634,314.44510021208066,314.260728348647,314.0786079162498,313.89915944263623,313.7227932133766,313.5499065277423,313.38088456107755,313.2160984610866,313.055904557666,312.9006435133574,312.75064033193996,312.60620240485525,312.4676196307951,312.33516339305766,312.20908645959787
0.007784711557405486,317.40609793622394,317.402182822162,317.390447908285,317.37092477136434,317.34366598059205,317.3087448947963,317.2662554429953,317.2163118030825,317.1590480362277,317.0946176353089,317.0231930287347,316.9449650282692,316.86014218408593,316.76895012802345,316.67163094976695,316.5684421528323,316.4596561956193,316.34555931973364,316.2264508405351,316.10264199605336,315.97445531364684,315.8422233511195,315.70628766741646,315.56699802280053,315.4247108779605,315.2797887577695,315.13259916431014,314.9835129372331,314.8329038370189,314.68114718856134,314.5286186554657,314.37569325083757,314.22274485704804,314.07014372416734,313.9182570098822,313.7674471956,313.6180707312597,313.47047755519736,313.3250098996318,313.18200207768155,313.0417781664952,312.904652730246,312.7709292732045,312.6408994975819,312.5148426090157,312.39302538042756,312.27570035852483,312.1631060447666,312.0554660243033,311.9529887938877
0.008284711557405487,316.12091036477284,316.11774728874354,316.1082663992314,316.09249292935317,316.0704688881784,316.0422529027075,316.0079200498915,315.96756160727864,315.9212847705297,315.86921230189046,315.8114821458913,315.74824700215834,315.67967382046834,315.6059432929444,315.52724937235246,315.44379844510354,315.3558089905103,315.2635106502414,315.1671436807571,315.0669580441176,314.96321291959674,314.85617570936273,314.7461212179831,314.63333104114014,314.5180923470093,314.4006973960238,314.2814426824227,314.1606275901757,314.0385541007711,313.91552568808123,313.7918463308539,313.66781971568014,313.5437488905231,313.41993414505464,313.2966735376339,313.1742615946987,313.05298814522837,312.93313798763586,312.81498987496445,312.69881636986696,312.5848818810555,312.4734432856168,312.36474867546553,312.25903667178443,312.15653586583,312.05746493560434,311.9620310053562,311.8704298829051,311.7828453251798,311.69944882660343
0.008784711557405487,315.0435025615769,315.04093914311625,315.0332555961666,315.020472203641,315.002622732814,314.97975431070535,314.9519272939569,314.9192150728518,314.88170385028457,314.83949236445466,314.7926915875348,314.7414243913021,314.6858251464621,314.62603932578344,314.5622231274369,314.49454281282704,314.42317445116305,314.348303172767,314.27012274174535,314.1888348314241,314.1046486426739,314.0177801129761,313.92845125471416,313.83688968681804,313.7433276353827,313.64800157096766,313.5511515272645,313.45301998943717,313.35385169604706,313.2538927314832,313.1533897282978,313.0525892203676,312.95173740241387,312.85107832010016,312.7508543840489,312.6513052968538,312.55266704800164,312.45517169671933,312.3590465087748,312.2645138690577,312.1717896099756,312.08108355836833,311.9925985220518,311.90652966175315,311.8230640469709,311.7423808185908,311.6646496893538,311.5900312287186,311.5186762474249,311.4507255660617
0.009284711557405487,314.1332788364637,314.1311960391383,314.12495307073993,314.11456631173695,314.1000630312963,314.08148128806783,314.058869828487,314.0322879311637,314.0018052322182,313.96750150413993,313.92946641721204,313.8877992754076,313.84260869490043,313.7940122913883,313.7421363826271,313.6871154535007,313.6290919634894,313.5682157423562,313.50464365380446,313.4385390139262,313.3700712896921,313.2994154664094,313.2267515087482,313.1522640022102,313.0761413262648,312.9985753814309,312.91976104668527,312.8398952525507,312.7591768548061,312.6778058838116,312.5959828988712,312.5139084600073,312.4317829712826,312.34980512379747,312.2681723962178,312.1870801655023,312.10672083684005,312.0272837176974,311.9489542816399,311.87191412844635,311.7963395538935,311.7224020382201,311.6502674285651,311.5800953655112,311.5120389351042,311.44624486911306,311.3828521728118,311.3219924475778,311.26378937707614,311.20835848790364
0.009784711557405488,313.3585137067346,313.3568177521954,313.35173429099086,313.3432766018382,313.3314667886265,313.3163357008244,313.2979228534921,313.27627630271877,313.2514525065327,313.22351614698385,313.1925399398204,313.1586044244416,313.1217977035466,313.08221519533396,313.03995939675985,312.995139448155,312.9478709879104,312.8982756598488,312.8464808468202,312.7926192012784,312.7368284050489,312.6792506614297,312.6200322524015,312.55932326539266,312.49727690364386,312.4340492826412,312.3697989971279,312.30468634239435,312.23887324304815,312.17252262798996,312.1057979070125,312.03886253704906,311.9718799315832,311.9050121113934,311.83842019094124,311.7722636379885,311.70669951687,311.64188243400287,311.57796390775553,311.5150923670007,311.4534119208111,311.3930628001772,311.3341806999771,311.27689625560373,311.2213347744029,311.1676164653572,311.1158551806118,311.0661587664559,311.0186286351307,310.97335952472076
0.010284711557405488,312.69419790433983,312.6928143991909,312.68866746912147,312.6817679112795,312.6721336968225,312.659789906681,312.6447686683838,312.6271090557063,312.60685697725205,312.5840650322723,312.55879235794305,312.531104461453,312.5010730075125,312.46877562117277,312.4342956982994,312.39772204892824,312.3591487879408,312.3186749309482,312.2764041823678,312.2324445547586,312.186908176118,312.1399108808935,312.09157184343474,312.0420133715391,311.99136032698976,311.9397399759944,311.8872816433741,311.83411605366615,311.7803753022515,311.7261923316784,311.6717005068688,311.6170332571596,311.56232403763033,311.50770515152095,311.45330822188237,311.39926357231354,311.34569956534716,311.2927426036691,311.2405165883997,311.18914294821366,311.13873957496094,311.08942122698693,311.04129900086457,310.994479853079,310.94906639650424,310.90515715204856,310.8628453912788,310.8222195074704,310.78336265896957,310.7463525326032
0.010784711557405489,312.1204677102444,312.1193373021813,312.11594900612903,312.11031162336894,312.1024398010966,312.09235398032615,312.08008034588795,312.0656507451608,312.0491025984279,312.0304787813228,312.0098275017332,311.9872021650805,311.96266119971654,311.93626789963855,311.90809027208644,311.8782007437432,311.8466760791638,311.81359704742334,311.7790482530622,311.74311782624,311.7058972673419,311.6674811169982,311.62796665054526,311.5874537241678,311.5460442845784,311.50384226176146,311.4609532928618,311.41748416081896,311.3735427980626,311.3292378450973,311.2846783054684,311.23997324897357,311.1952318135752,311.1505621704792,311.106071980602,311.06186787418073,311.01805486906284,310.97473641507065,310.93201392599104,310.8899868326142,310.8487516564657,310.8084023808487,310.76903002805744,310.7307222211721,310.6935630334511,310.65763325550574,310.6230093276198,310.5897637238035,310.55796465463897,310.5276758367
0.01128471155740549,311.6214419407994,311.6205170546859,311.6177447934765,311.6131323464021,311.606691675882,311.5984394751097,311.5883971284568,311.57659064539075,311.5630505881115,311.5478119752112,311.53091418212387,311.5124008327747,311.49231965524484,311.4707223561789,311.4476644978345,311.42320525481205,311.39740735407827,311.3703367985867,311.342062732233,311.31265718686836,311.2821949564765,311.250753330632,311.2184118381702,311.185252134917,311.15135758597967,311.1168131917495,311.0817053677523,311.04612146314065,311.01014978936723,310.97387924588327,310.9373990397742,310.9007984385845,310.8641668037438,310.82759267485466,310.79116421069676,310.754968749813,310.7190922960718,310.68361959614606,310.648633733017,310.61421619742464,310.5804460769085,310.54740039921916,310.5151537952263,310.48377809624617,310.4533422262474,310.42391247919676,310.39555153096956,310.36831883060233,310.3422703524146,310.3174583728372
0.01178471155740549,311.1843490501837,311.1835914021084,311.1813204244684,311.1775419999611,311.17226591506466,311.1655058253932,311.1572792243819,311.1476073893699,311.13651532305306,311.12403167416863,311.11018865679097,311.0950219630653,311.07857064323997,311.06087700540047,311.0419865160564,311.02194759773863,311.00081158594014,310.9786324988684,310.9554669295553,310.93137383875626,310.90641445274264,310.8806520479074,310.8541517343884,310.82698037676124,310.79920623581916,310.7708989207789,310.742129214191,310.7129686561795,310.68348959214813,310.6537648535016,310.623867529806,310.5938707620328,310.5638478002384,310.53387118799543,310.5040131878328,310.4743454083435,310.444938346545,310.4158614904725,310.3871829641144,310.35896961275927,310.3312862886424,310.304196170344,310.2777604952922,310.2520381885073,310.22708578929087,310.2029577343656,310.17970544053804,310.1573776984699,310.13602046554763,310.11567665083095
0.01228471155740549,310.7988641620625,310.79824284403225,310.7963805064102,310.7932819699866,310.78895525274606,310.783411541492,310.7766651671542,310.7687335606745,310.759637205566,310.7493995723462,310.7380470529955,310.725608890641,310.71211707932525,310.6976062840739,310.68211376039966,310.66567918511726,310.6483446265975,310.6301543520521,310.61115474143367,310.59139411751244,310.57092266264704,310.54979224475807,310.52805623357517,310.5057694474771,310.4829878442702,310.45976849403735,310.43616944041725,310.41224933923934,310.3880675205876,310.36368371482456,310.3391578674873,310.3145499655736,310.2899201136708,310.2653278029627,310.24083232115817,310.21649243440453,310.1923659777715,310.1685099765795,310.14498033444056,310.1218319288409,310.0991179780159,310.07689033922736,310.05519929776926,310.03409322349876,310.013618525166,309.9938199358596,309.97473965871274,309.9564177595057,309.9388919932014,309.922197597297
0.01278471155740549,310.4566003037125,310.45609029363476,310.4545615944568,310.45201816187017,310.44846657318254,310.4439160040222,310.4383782089619,310.4318674853403,310.4244006347879,310.4159969088172,310.4066779555361,310.39646776300725,310.38539257508813,310.37348082788264,310.3607630845103,310.3472718930452,310.3330417672607,310.31810902458415,310.3025117175463,310.28628949407835,310.26948352960886,310.2521363865803,310.23429185746375,310.21599493233447,310.1972915301982,310.1782284880808,310.15885345170767,310.13921455935196,310.11936051456905,310.0993403496674,310.07920327542035,310.05899853445385,310.03877549118965,310.01858297265346,309.99846966306984,309.97848383107345,309.9586729611118,309.93908388843624,309.91976252337474,309.9007539541982,309.88210188256573,309.86384890303714,309.846036337935,309.82870391849457,309.81188976124645,309.79563065301807,309.779961252991,309.7649144812794,309.75052137327197,309.73681088140813
0.013284711557405491,310.1507144386774,310.1502954317526,310.1490395088805,310.14694991960874,310.14403206533984,310.1402934801668,310.135743815777,310.1303948117196,310.12426026419786,310.11735598074847,310.10969973689174,310.1013112305635,310.0922120110954,310.0824254289013,310.07197658261174,310.0608921992338,310.0492006231776,310.0369316793561,310.0241166188081,310.01078800362944,309.99697965149375,309.9827265224185,309.96806458384094,309.95303079460535,309.93766286999835,309.92199928357377,309.9060791816244,309.88994210477665,309.873628068485,309.85717735757476,309.840630404345,309.8240276642548,309.80740971597965,309.79081666349555,309.7742885156367,309.7578649508382,309.7415849834893,309.7254871085566,309.70960905640607,309.6939879005989,309.67865955144924,309.66365901874116,309.6490202837806,309.6347760024187,309.6209574989326,309.607595048461,309.5947171295957,309.58235080677036,309.57052160757894,309.5592533328301
0.013784711557405491,309.87559998635413,309.8752554723009,309.8742228372391,309.8725047533643,309.8701056607072,309.8670317513373,309.8632909577183,309.8588929282279,309.85384900185295,309.8481721703006,309.8418770427272,309.83497980915297,309.8274981802295,309.8194513476367,309.8108599412578,309.8017459276063,309.7921326053794,309.78204448924305,309.7715072669236,309.7605477042651,309.7491935998514,309.7374736939416,309.72541755180157,309.71305556064124,309.70041872279336,309.6875386674756,309.67444758452444,309.66117797764497,309.64776275035865,309.6342350264283,309.6206280511323,309.60697508534656,309.5933095127716,309.57966429458236,309.566072334323,309.5525662738489,309.53917818965374,309.5259397439356,309.5128819652739,309.5000353594774,309.48742945260716,309.475093038555,309.46305408124016,309.45133943712443,309.43997486289277,309.428985293712,309.41839414129646,309.40822366850495,309.3984948856579,309.3892273686266
0.014284711557405492,309.6266451869509,309.62636171719157,309.62551205861683,309.6240984107002,309.62212442638554,309.6195951990451,309.61651725361924,309.6128985264288,309.60874834467285,309.60407739463585,309.5988976929982,309.59322255755006,309.58706655584643,309.58044547427914,309.57337628342344,309.5658770515248,309.5579669451842,309.54966613020815,309.54099573799243,309.5319777870534,309.52263514588617,309.5129914599534,309.50307105017987,309.4928989200631,309.4825005724462,309.47190202897934,309.4611297794494,309.4502105616913,309.4391714511699,309.4280397030417,309.4168426723528,309.40560772334015,309.39436234149156,309.3831336335245,309.3719486780601,309.36083434757364,309.34981703054734,309.3389227864684,309.3281771484634,309.31760523572666,309.3072313388269,309.29707915356937,309.28717170760046,309.2775311003562,309.26817852154295,309.2591345240246,309.250418362949,309.24204836140797,309.23404182247907,309.2264148550451
0.014784711557405492,309.40004206183096,309.39980866474104,309.3991090958035,309.3979451669583,309.39631988596386,309.39423744560946,309.39170321710515,309.38872373340456,309.38530667262194,309.381460831248,309.3771961008335,309.37252344464144,309.3674548536459,309.3620033226357,309.35618282222134,309.3500082247739,309.34349530912334,309.33666067553,309.3295217195998,309.32209656732476,309.31440404466633,309.3064636192596,309.2982953115474,309.2899197098303,309.28135780690536,309.2726310254328,309.26376117988866,309.25477027902656,309.2456806176678,309.2365146369118,309.2272948598019,309.2180438132446,309.20878414305906,309.19953815324897,309.1903281429398,309.18117625007966,309.1721041959504,309.16313344212233,309.1542850118179,309.1455796027648,309.13703720881176,309.12867734130464,309.12051897543097,309.1125803058154,309.10487877337346,309.0974313319675,309.090253824736,309.0833613400348,309.076768136506,309.07048747629784
0.015284711557405493,309.19263456787775,309.19244228029186,309.1918659343619,309.1909070239846,309.1895680274828,309.18785239866787,309.18576456204414,309.18330989901256,309.1804947344836,309.1773263142245,309.1738127859302,309.16996318071284,309.1657873751855,309.16129607326735,309.1565007836252,309.15141375593305,309.1460479886921,309.1404171559144,309.134535587148,309.12841821360905,309.12208054326754,309.1155386145481,309.108808918041,309.1019084176938,309.0948544042469,309.0876645250687,309.0803567563148,309.0729492245519,309.0654602996311,309.05790847018534,309.05031229193725,309.04269032011075,309.035061226019,309.02744337057004,309.01985512798956,309.01231474776534,309.0048401186069,308.9974489258226,308.99015848872244,308.98298587300167,308.9759475436816,308.96905957507295,308.9623376130569,308.95579664477884,308.94945103191617,308.94331477050673,308.9374009010998,308.9317218544804,308.92628938755104,308.92111442360135
0.015784711557405493,309.00179733105955,309.0016388216252,309.0011637233363,309.00037326882216,308.99926950153946,308.9978552683543,308.9961342162102,308.99411078069585,308.99179017527183,308.989178372026,308.98628208633716,308.98310876230175,308.97966653987714,308.9759642413054,308.97201135299304,308.9678179703505,308.96339480801333,308.95875313627096,308.9539047660433,308.9488620041325,308.94363763281706,308.9382448733349,308.93269731647496,308.9270089484662,308.9211940186769,308.915267072764,308.9092429330794,308.9031365366442,308.8969630282348,308.89073764880084,308.8844756941108,308.87819245591027,308.8719033389125,308.865623464289,308.85936798071106,308.85315194165236,308.8469900863457,308.8408969963974,308.83488694698707,308.82897401809635,308.8231717746032,308.8174934657748,308.811952000391,308.80655972918544,308.8013284829491,308.7962698251455,308.7913944929095,308.7867127322824,308.7822342430802,308.7779680258624
0.016284711557405494,308.8253383883267,308.82520765380525,308.82481580874014,308.8241638709463,308.82325352638577,308.8220871230004,308.82066766855803,308.8189988211642,308.8170848806245,308.81493077202356,308.81254203332503,308.8099248040103,308.80708579643505,308.80403228599454,308.80077209662943,308.7973135528143,308.7936654916065,308.7898372071995,308.7858384399143,308.7816793389562,308.7773704457063,308.7729226651809,308.7683472041075,308.7636556003497,308.75885960277026,308.75397120677655,308.7490026413733,308.74396622115677,308.73887443893545,308.73373986511774,308.7285751148061,308.7233927962689,308.7182056274537,308.7130260658732,308.70786660750997,308.70273967709096,308.69765742397453,308.69263187709504,308.6876748080847,308.68279784083245,308.6780121552258,308.67332867701174,308.66875806323856,308.66431049626806,308.6599957254418,308.655823312268,308.65180209963796,308.64794053647563,308.6442466300895,308.6407277994933
0.016784711557405494,308.66142088402233,308.6613130037813,308.6609896625828,308.6604517014796,308.6597005123175,308.65873803259683,308.65756674426547,308.65618966583145,308.65461034547036,308.6528328469461,308.6508617396179,308.6487020896913,308.64635943509984,308.64383977869284,308.6411495767071,308.6382956967276,308.6352854311018,308.63212644828945,308.62882678509993,308.6253948156366,308.62183923762177,308.6181690503569,308.6143934991311,308.61052210724733,308.6065645663094,308.6025307734255,308.5984308236072,308.5942748738409,308.59007323472656,308.5858362792122,308.5815744165965,308.5772980471296,308.57301767737613,308.5687435734532,308.56448604834344,308.5602553631648,308.5560615362375,308.5519144956762,308.5478239528615,308.54379950994706,308.53985038429965,308.53598558946913,308.5322139288978,308.52854380046927,308.5249832407203,308.5215401625058,308.5182218501095,308.5150352733429,308.51198704613927,308.50908328589065
0.017284711557405495,308.50849980497895,308.5084107420854,308.50814380424515,308.50769968695414,308.50707953991247,308.50628496273566,308.50531800450415,308.50418115719526,308.5028773502193,308.50140993828484,308.4997826933774,308.49799979813855,308.49606582370046,308.4939857253151,308.4917648332471,308.4894088157417,308.48692369343235,308.48431579639106,308.481591758988,308.4787584939401,308.4758231811274,308.4727932508493,308.46967633360913,308.46648029399654,308.4632131299447,308.45988301100766,308.4564982750464,308.4530673027523,308.4495986079137,308.4461007541521,308.4425823345682,308.4390519314966,308.43551823020675,308.4319896929051,308.42847483499446,308.42498213569957,308.4215198588255,308.418096202492,308.41471918163455,308.41139673318526,308.4081364587159,308.404945797185,308.40183202523826,308.3988020713894,308.3958625619623,308.3930200512418,308.3902805404113,308.38764978123584,308.38513323987814,308.3827359619256
0.017784711557405495,308.3652707003101,308.3651971400632,308.3649766699318,308.36460986546996,308.3640976768903,308.363441425476,308.36264280373445,308.361703869917,308.3606270437229,308.35941509578527,308.35807114126425,308.35659863495613,308.35500135161243,308.3532833835326,308.3514491334371,308.3495032816422,308.3474508011644,308.3452969195669,308.3430471159323,308.34070709912623,308.3382827986618,308.3357803522641,308.33320606024006,308.33056642061956,308.327868036169,308.3251176532797,308.32232216207666,308.3194884800335,308.3166236405784,308.31373471670776,308.31082880524286,308.3079129909295,308.3049944580992,308.302080183223,308.29917720064213,308.29629252118866,308.29343296336367,308.29060529985145,308.2878161479367,308.28507207216967,308.2823793430968,308.2797441023825,308.27717236833973,308.27466985894137,308.27224203884487,308.2698943421097,308.2676317131187,308.2654589000589,308.2633804231104,308.2614004448558
0.018284711557405495,308.23062799016645,308.2305672087952,308.23038504201054,308.23008196646884,308.2296587679392,308.22911653829465,308.2284566761441,308.22768088225155,308.2267911561933,308.22578978719787,308.2246793490607,308.22346269665906,308.2221429483665,308.2207234852208,308.2192079454152,308.21760019501846,308.21590434354056,308.2141247098257,308.21226582072325,308.2103323928363,308.20832932506863,308.2062616896918,308.2041346906404,308.2019536994365,308.19972416894325,308.1974516724986,308.1951419067423,308.19280058317963,308.1904335149172,308.1880465462166,308.1856455405133,308.183236348193,308.180824915939,308.1784169959377,308.1760184015952,308.1736349330138,308.17127221750417,308.1689358526294,308.16663130359524,308.1643640032769,308.1621391252404,308.1599617417743,308.1578368335445,308.1557691207261,308.15376311059686,308.15182331295915,308.14995380139663,308.1481584968159,308.1464411393112,308.14480516366075
0.018784711557405496,308.1036309743488,308.10358073207436,308.10343015502053,308.103179638249,308.1028298318971,308.10238163864756,308.101836214738,308.1011949661225,308.10045954590873,308.09963184632926,308.09871399473985,308.0977083512731,308.0966174930269,308.09544421449084,308.0941915233584,308.09286261424506,308.09146088452695,308.0899899036601,308.0884534132111,308.0868553114887,308.0851996474755,308.083490614736,308.081732513088,308.0799297849327,308.07808693489505,308.0762085689143,308.07429939921974,308.07236414287365,308.07040760649625,308.06843462097197,308.0664500325359,308.0644586736712,308.0624654699519,308.06047516426617,308.05849256300985,308.0565224674725,308.0545695227469,308.052638357142,308.0507334857474,308.0488594077525,308.04702039221957,308.04522062951486,308.0434642441853,308.04175513358206,308.04009701561677,308.03849363706615,308.03694835368435,308.0354644041086,308.0340448848211,308.0326926304519
0.019284711557405496,307.9834760442243,307.9834344980445,307.9833099864278,307.98310283707826,307.98281358820617,307.9824429863934,307.981991987898,307.98146175543036,307.98085365622575,307.98016925496574,307.9794103106624,307.97857877523376,307.9776767791993,307.97670663310606,307.9756708244176,307.97457199377783,307.97341295097164,307.97219664715703,307.9709261759779,307.96960476058456,307.96823574870393,307.9668226088474,307.9653688948995,307.96387828255627,307.9623544941313,307.9608013373818,307.95922271216415,307.9576225151428,307.9560047224082,307.9543733286766,307.95273234087415,307.9510857516934,307.94943764380656,307.9477919276915,307.946152578777,307.9445235739449,307.94290874802607,307.94131192949555,307.939736849527,307.93818723657716,307.93666661359384,307.935178443287,307.9337261434963,307.93231293274334,307.93094187783606,307.9296160952606,307.928338348818,307.9271113142225,307.9259375566791,307.92481941573044
0.019784711557405497,307.86947390742415,307.8694395398942,307.8693365452649,307.8691651956059,307.8689259367155,307.868619386316,307.8682463355852,307.86780774644075,307.8673047501327,307.86673864096156,307.8661108738888,307.86542306385525,307.86467697276083,307.8638745116814,307.86301773863363,307.8621088370069,307.8611501315294,307.86014406298443,307.85909319017986,307.85800017894945,307.85686779816,307.8556989177759,307.8544964759802,307.8532635154874,307.852003112907,307.850718417133,307.8494126573022,307.84808905297234,307.84675089458165,307.8454014865858,307.8440441430712,307.8426821635866,307.84131893465417,307.8399576799688,307.8386016889478,307.8372542576837,307.8359185523268,307.83459774102437,307.8332949078847,307.8320131448296,307.83075535910456,307.8295244127893,307.8283231400659,307.8271541991947,307.82602011972097,307.82492349718177,307.8238666070628,307.82285166043295,307.8218807837386,307.82095590794717
0.020284711557405497,307.7610308746662,307.7610024356741,307.7609172109024,307.76077542644384,307.76057745176183,307.76032379815894,307.7600151204804,307.7596522148211,307.7592360175396,307.75876759964933,307.758248165022,307.7576790503033,307.7570617129926,307.75639773427724,307.7556888175111,307.7549367684995,307.7541435113794,307.7533110654625,307.7524415478783,307.751537164219,307.75060020531845,307.74963304680983,307.7486381184551,307.7476179401532,307.7465750553426,307.7455120688251,307.7444316557187,307.7433364765146,307.74222925535526,307.74111272663913,307.73998963227865,307.7388626994878,307.73773473955663,307.7366084093526,307.73548643170756,307.7343715402593,307.7332663491108,307.73217348102077,307.73109548577753,307.73003492934714,307.7289942107058,307.7279756959578,307.72698173702145,307.7260145295792,307.725076159697,307.7241687920846,307.7232942992841,307.7224545086901,307.7216511842299,307.720885919569
0.020784711557405498,307.6576334469763,307.65760990609374,307.6575393625411,307.6574220043961,307.6572581380391,307.65704818684753,307.6567926930289,307.65649231567704,307.6561478301296,307.655760122928,307.6553301905047,307.6548591395773,307.6543481761729,307.65379860894194,307.6532118482145,307.6525893878758,307.6519328210908,307.65124381897493,307.650524133762,307.64977559081495,307.6490000860389,307.64819958663537,307.6473761023689,307.6465317211295,307.6456685459367,307.64478873209856,307.6438944969121,307.6429880390912,307.64207161486706,307.64114748766065,307.6402179266732,307.63928518635817,307.6383516024606,307.63741936388044,307.63649072530797,307.6355679554799,307.63465321258434,307.63374866873875,307.6328564323453,307.6319786345801,307.63111725469855,307.63027424909524,307.62945157101956,307.62865103409274,307.6278743581997,307.6271233515445,307.626399554084,307.62570447628394,307.6250395824094,307.6244061875729
0.021284711557405498,307.5588355910429,307.55881609849143,307.5587576890104,307.5586605192293,307.5585248433738,307.5583510121481,307.5581394746614,307.55789077677446,307.55760556073494,307.55728456062013,307.55692860141943,307.55653859980754,307.5561155539863,307.55566054736266,307.55517474807317,307.5546593922319,307.55411579944285,307.5535453530521,307.55294950371604,307.55232976254996,307.55168769906237,307.55102494286314,307.55034315663585,307.54964407115085,307.54892942549367,307.5482010034915,307.54746064395613,307.5467101640517,307.5459514332358,307.5451863256631,307.5444167198468,307.5436444795943,307.5428715473324,307.54209972550626,307.541330881852,307.54056690067057,307.5398095635062,307.53906066997723,307.5383219637406,307.53759521638096,307.53688206045064,307.53618411377727,307.5355029998958,307.53484021676616,307.53419718183034,307.533575408112,307.5329761609934,307.5324006890571,307.53185020875446,307.5313258050917
0.0217847115574055,307.4642482091498,307.4642320637984,307.4641836868043,307.4641032087686,307.46399084077933,307.4638468734511,307.4636716789155,307.4634657094095,307.46322949713533,307.4629636501144,307.46266885158985,307.4623458611018,307.46199550503616,307.4616186805751,307.46121635559984,307.4607895531264,307.4603393665666,307.4598669413503,307.45937347879743,307.45886023021336,307.45832849525226,307.4577796243803,307.45721499335815,307.4566360376283,307.4560441954437,307.45544094351396,307.45482780762956,307.4542062895918,307.4535779390321,307.4529443082553,307.45230695276393,307.45166741346486,307.45102730732395,307.4503881175706,307.4497513919768,307.4491186968069,307.4484915023594,307.4478713002307,307.44725953256545,307.44665767341553,307.4460670688674,307.44548905687896,307.4449249881765,307.44437609983953,307.4438435594494,307.44332863547606,307.44283236657765,307.4423557848689,307.44189990177705,307.44146561217144
0.0222847115574055,307.3735304047631,307.3735170278671,307.3734769486232,307.3734102760785,307.37331718562706,307.3731979181807,307.3730527821999,307.37288215248395,307.3726864702112,307.37246623914416,307.37222202529324,307.37195445822624,307.371664222235,307.3713520604841,307.37101877521616,307.3706652132221,307.3702922808206,307.3699009266756,307.3694921458908,307.3690669748955,307.36862649016064,307.3681718112542,307.3677040766685,307.36722447752544,307.36673420332886,307.3662344767978,307.36572656474095,307.3652117082259,307.3646911923206,307.3641663031299,307.3636383290076,307.36310854387693,307.3625782952692,307.36204880268485,307.36152134923043,307.3609972379527,307.3604776818798,307.3599639178112,307.35945713857285,307.3589585719221,307.35846932719375,307.3579905109258,307.3575232480206,307.35706855989145,307.3566274076548,307.35620085704153,307.3557897594714,307.355394968079,307.35501732459477,307.3546575667394
0.0227847115574055,307.2863822205239,307.28637113416016,307.28633792013716,307.28628266964404,307.2862055285286,307.28610669657684,307.2859864295665,307.2858450382249,307.2856828884145,307.28550039763866,307.28529803491625,307.2850763222739,307.28483582645225,307.28457716319315,307.28430099768684,307.28400803094684,307.28369901448644,307.2833747341838,307.28303601453337,307.2826837141938,307.28231872499214,307.28194197543957,307.28155440776203,307.2811570108846,307.28075076856794,307.2803366934113,307.2799158378714,307.2794892273888,307.2790579281057,307.2786230058819,307.27818552805303,307.2777465477302,307.2773071892881,307.27686845430657,307.27643140689236,307.2759971321532,307.2755666304122,307.27514092762715,307.27472101040433,307.27430790252924,307.2739025176314,307.27350577083683,307.2731186000324,307.27274184830003,307.2723763061174,307.272022871032,307.27168223981926,307.27135511758803,307.2710422055532,307.27074411152375
0.0232847115574055,307.20253858611187,307.2025293954573,307.2025018632137,307.20245606576697,307.2023921244976,307.20231020515143,307.20221051990137,307.2020933264448,307.2019589283043,307.20180767159366,307.2016399450621,307.20145618172506,307.201256851047,307.20104246331675,307.2008135702881,307.20057075234854,307.2003146328801,307.2000458630455,307.199765126146,307.1994731337214,307.19917062479266,307.19885836972844,307.19853714835835,307.19820778221276,307.19787108483456,307.1975278949439,307.19717908751875,307.1968255096324,307.1964680462048,307.1961075808153,307.1957449978903,307.19538116786873,307.1950170302112,307.19465340640636,307.1942911792893,307.1939312534419,307.1935744532922,307.19322163027033,307.19287360036594,307.19253121836675,307.19219523609814,307.19186641032337,307.1915455239838,307.1912332726687,307.19093030580643,307.1906373813297,307.1903550682835,307.1900839493223,307.1898246092581,307.18957754848526
0.0237847115574055,307.121764262279,307.1217566410377,307.1217338125386,307.1216958408899,307.12164282720295,307.12157490903934,307.12149226246925,307.1213951012852,307.12128367739444,307.1211582778096,307.121019224829,307.1208668777715,307.1207016255798,307.12052389124625,307.120334132605,307.1201328302028,307.11992050133426,307.1196976856449,307.11946494955185,307.11922288280795,307.11897209793835,307.11871323437236,307.11844693753227,307.1181738903176,307.11789476540963,307.11761025759944,307.1173210948628,307.11702797669386,307.11673163795206,307.11643281131103,307.11613222978235,307.1158306126491,307.11552874607395,307.11522730270593,307.1149270152889,307.11462863880604,307.1143328522048,307.11404036240117,307.1137518441892,307.11346801227114,307.1131894846783,307.1129168871223,307.1126508741114,307.1123920192232,307.11214085528377,307.1118980242403,307.11166398963985,307.11143923281236,307.1112242421008,307.11101942907214
0.0242847115574055,307.0438496067422,307.0438432851548,307.04382435183004,307.04379286068723,307.0437488960399,307.0436925721069,307.04362403505775,307.04354346232435,307.04345106306505,307.0433470753503,307.04323176645175,307.0431054346526,307.0429684022249,307.0428210198748,307.0426636676518,307.0424967434443,307.04232067668505,307.0421359146799,307.04194292705864,307.04174220272864,307.0415342494716,307.0413195982664,307.0410987832665,307.0408723725223,307.0406409221207,307.0404050076834,307.0401652353829,307.0399221825846,307.0396764598498,307.03942867488604,307.0391794353268,307.0389293353518,307.038679033973,307.0384290808253,307.03818008434064,307.0379326754789,307.03768741284523,307.03744488365555,307.03720564583017,307.0369702978967,307.0367393472426,307.0365133111043,307.03629273748254,307.03607809900655,307.0358698321028,307.03566848228763,307.0354744259785,307.03528806064855,307.0351097946557,307.034939966103
0.0247847115574055,306.9686070194686,306.9686017744399,306.9685860675926,306.9685599443855,306.96852347520553,306.9684767549328,306.9684199049658,306.96835307261495,306.96827643162226,306.9681901795176,306.96809453799386,306.96798975476975,306.96787609690097,306.96775385522017,306.96762334533736,306.9674848966914,306.96733886592574,306.9671856238663,306.96702555997587,306.9668590796352,306.9666866038704,306.9665085738101,306.9663254314728,306.96613764972994,306.9659456881408,306.9657500236327,306.9655511614191,306.9653495777789,306.96514578028456,306.9649402731291,306.96473356009983,306.96452613181617,306.96431854177285,306.96411123793786,306.96390472575166,306.9636995333086,306.96349611965564,306.96329497283205,306.9630965539955,306.9629013652827,306.9627098225749,306.9625223533031,306.96233941710057,306.9621614030631,306.9619886679187,306.96182167694286,306.96166073460375,306.96150616896085,306.9613583220253,306.9612174711375
0.0252847115574055,306.89586795068624,306.89586359765326,306.8958505640836,306.89582888840675,306.8957986294588,306.89575986609367,306.89571269918235,306.8956572510755,306.89559366616515,306.8955221083909,306.8954427616833,306.89535583185847,306.89526154023173,306.8951601280313,306.89505185746725,306.8949370012833,306.8948158558029,306.89468872849267,306.8945559423968,306.89441783369693,306.8942747515446,306.89412706260634,306.89397513259314,306.8938193554724,306.89366011087407,306.8934977939698,306.89333282625927,306.8931656003412,306.89299653842795,306.89282605894465,306.89265457964586,306.89248250540925,306.8923103021182,306.89213833372366,306.8919670203142,306.8917968046275,306.8916280633412,306.8914612022976,306.89129660252837,306.8911346861514,306.8909757933696,306.8908202772505,306.89066852407353,306.89052085380507,306.8903775572844,306.8902390329551,306.8901055258857,306.88997730666904,306.8898546622555,306.8897378197267
0.025784711557405502,306.82548037591175,306.825476762141,306.8254659440564,306.8254479542427,306.8254228419519,306.82539067275314,306.82535153050173,306.82530551686,306.8252527518906,306.82519337169464,306.8251275289076,306.82505539461255,306.82497715222524,306.8248930018668,306.82480316148434,306.82470785685166,306.8246073342922,306.82450184876996,306.8243916682887,306.82427707168637,306.8241583485543,306.8240358038322,306.82390974001976,306.82378048565016,306.82364835415797,306.8235136729752,306.8233767941623,306.82323804103856,306.82309776504593,306.822956313528,306.822814032947,306.8226712571822,306.8225283793311,306.8223856939247,306.822243550297,306.8221023203244,306.82196231253454,306.82182386462506,306.8216872912668,306.8215529481155,306.8214211127861,306.82129207676076,306.8211661653953,306.82104364144243,306.8209247412753,306.82080980761737,306.82069903651325,306.82059265097354,306.82049089223216,306.8203939458003
0.026284711557405502,306.7573066593277,306.75730365838865,306.75729467683715,306.7572797423948,306.75725889635834,306.75723219328114,306.75719970291016,306.7571615097553,306.7571177137057,306.75706842778516,306.75701377868825,306.7569539086993,306.75688896982444,306.7568191281124,306.75674456480965,306.7566654667709,306.7565820388624,306.756494492532,306.7564030501612,306.75630794305806,306.7562094114472,306.7561077090834,306.75600308609523,306.75589581673324,306.75578615960325,306.7556743859991,306.75556079036164,306.75544563864725,306.7553292236063,306.75521183365794,306.7550937561738,306.754975266236,306.7548566964364,306.7547382839594,306.75462031946995,306.75450311598684,306.75438692565353,306.75427202965625,306.75415868769767,306.7540472001991,306.753937793019,306.7538307066292,306.7537262157572,306.75362453580243,306.75352585812124,306.7534304789298,306.7533385538284,306.75325026642656,306.7531658199796,306.7530853656173
0.026784711557405503,306.6912217407452,306.69121924795064,306.69121178915475,306.69119938802964,306.691182079265,306.6911599082779,306.69113293311426,306.6911012240595,306.69106486427074,306.6910239476366,306.69097857934383,306.69092887779203,306.6908749689518,306.69081699062303,306.69075509361465,306.69068943252717,306.6906201778432,306.6905475049359,306.69047159836225,306.6903926500263,306.6903108592255,306.69022643726004,306.69013959086163,306.6900505492337,306.68995952556315,306.6898667446115,306.68977245298805,306.68967686915175,306.6895802371634,306.6894827965843,306.6893847857978,306.6892864311899,306.68918801502207,306.68908972712086,306.6889918094893,306.688894526233,306.68879808284885,306.6887027136452,306.6886086327884,306.68851609476775,306.6884252826485,306.6883363946471,306.688249663392,306.68816526509204,306.6880833539044,306.68800418717973,306.68792788717076,306.687854604857,306.6877845119269,306.6877177310779
0.027284711557405503,306.6271115927341,306.62710952137775,306.6271033254552,306.62709302526355,306.6270786500034,306.6270602375119,306.62703783612767,306.62701150433696,306.6269813114153,306.6269473353814,306.62690966358537,306.62686839461287,306.6268236328487,306.6267754926682,306.6267240996298,306.62666958159923,306.6266120805347,306.62655174189746,306.6264887188783,306.6264231707071,306.62635526274426,306.6262851710662,306.62621306643956,306.6261391406716,306.62606356932196,306.62598653857515,306.62590825531873,306.6258288986816,306.62574867232104,306.625667775277,306.62558640531245,306.62550474848024,306.6254230451458,306.62534144604354,306.625260152803,306.6251793888579,306.62509932111925,306.6250201449975,306.62494203693217,306.6248652131919,306.62478982146655,306.6247160249667,306.62464402129206,306.624573954217,306.6245059471705,306.6244402249792,306.62437688241806,306.62431604344374,306.6242578534907,306.6242024117481
0.027784711557405504,306.5648719037911,306.56487018204007,306.56486503369104,306.5648564762256,306.56484453428106,306.56482923940456,306.5648106318795,306.5647887604017,306.56476368272723,306.5647354637097,306.5647041759045,306.5646699014554,306.5646327268481,306.5645927470291,306.5645500666044,306.56450479127676,306.5644570393348,306.5644069314324,306.56435459474505,306.5643001614035,306.5642437686216,306.5641855632434,306.5641256862262,306.5640642983207,306.56400154391315,306.56393757720065,306.56387257206956,306.56380667508336,306.5637400563603,306.5636728813263,306.5636053140554,306.56353750719416,306.5634696662056,306.56340190957184,306.56333440541664,306.5632673433337,306.5632008583215,306.5631351135049,306.56307025406517,306.5630064644426,306.5629438630937,306.5628825842274,306.562822796276,306.5627646161749,306.5627081419799,306.56265357125926,306.5626009761658,306.56255045827726,306.5625021411786,306.5624561046276
0.028284711557405504,306.5044069510224,306.50440551935156,306.5044012401664,306.50439412859737,306.50438420548676,306.5043714971599,306.5043560372142,306.50433786622057,306.50431703237194,306.50429358959906,306.5042675981828,306.5042391266194,306.50420824655066,306.50417503680524,306.50413958459814,306.50410197725756,306.50406231342515,306.50402069317806,306.5039772221097,306.5039320098712,306.50388517032843,306.503836826058,306.503787093308,306.5037361070277,306.5036839857758,306.50363085722273,306.50357686782456,306.50352213718213,306.5034668075641,306.5034110165064,306.5033549001377,306.503298583436,306.503242242763,306.5031859700096,306.50312990548565,306.50307421060967,306.50301899399466,306.50296439195887,306.5029105237845,306.50285754738627,306.5028055570717,306.502754663022,306.5027050093643,306.50265669082825,306.5026097845297,306.5025644651535,306.50252078624686,306.5024788308549,306.5024387043661,306.50240047048254
0.028784711557405505,306.44562863206795,306.4456274411388,306.4456238832421,306.4456179715423,306.4456097237235,306.4455991617755,306.4455863137441,306.4455712134553,306.44555390116216,306.44553442172963,306.44551282525345,306.44548916889903,306.44546351199557,306.4454359199985,306.44540646568413,306.4453752211453,306.44534226871144,306.44530769138885,306.44527157686355,306.44523401613606,306.445195103701,306.44515494198345,306.44511362674854,306.4450712715012,306.44502797340226,306.44498383812055,306.44493898930176,306.4448935242253,306.4448475620276,306.4448012170983,306.44475460238135,306.44470781993965,306.44466102184816,306.44461427809193,306.4445677058849,306.44452144316983,306.4444755767515,306.444430220684,306.44438547279094,306.44434146886107,306.44429828326327,306.4442560062722,306.44421476174364,306.44417462603985,306.444135659007,306.4440980160826,306.44406173553136,306.44402688505284,306.44399355486917,306.44396179542156
0.029284711557405505,306.3884556311241,306.3884546400325,306.3884516808292,306.3884467650327,306.3884399076973,306.38843112721156,306.38842044701096,306.3884078953207,306.38839350579906,306.38837731578576,306.38835936692305,306.3883397069664,306.388318385031,306.3882954554742,306.38827097908126,306.3882450153118,306.388217632948,306.3881889008318,306.3881588917881,306.388127681341,306.38809534791045,306.3880619771829,306.38802764794343,306.38799245586586,306.38795648038445,306.3879198089174,306.38788254613155,306.38784477083163,306.38780658293234,306.3877680776105,306.38772934857144,306.38769047890275,306.3876516003885,306.38761276498644,306.3875740707266,306.3875356359759,306.38749752952157,306.38745984692105,306.3874226682185,306.38738611072915,306.3873502323693,306.38731510692315,306.3872808413231,306.3872474967437,306.38721511879976,306.38718384670676,306.3871537061949,306.3871247522592,306.38709706247045,306.3870706763236
0.029784711557405506,306.33281269815546,306.3328118729821,306.33280941081324,306.33280532178753,306.3327996187675,306.33279231715,306.33278343654047,306.3327730005123,306.33276103724427,306.3327475778286,306.33273265689,306.33271631436696,306.3326985909004,306.332679531636,306.3326591873985,306.3326376071712,306.3326148484822,306.33259096841874,306.3325660274709,306.3325400883179,306.3325132160389,306.33248548241204,306.33245695214623,306.3324277060818,306.33239780896895,306.33236733308587,306.3323363672994,306.33230497512625,306.33227324050415,306.3322412426584,306.3322090593279,306.3321767578898,306.33214445315645,306.3321121822682,306.3320800273154,306.33204809032645,306.33201642521203,306.3319851121564,306.3319542164752,306.3319238400418,306.3318940272081,306.33186483809834,306.33183636550166,306.33180865803973,306.3317817496115,306.33175576572756,306.3317307218582,306.33170666248157,306.3316836546051,306.33166172869505
0.030284711557405506,306.27863002386977,306.2786293364816,306.278627287031,306.27862388449836,306.2786191399183,306.27861306620116,306.2786056797695,306.2785970003322,306.2785870515142,306.27857585921925,306.27856345224586,306.27854986403656,306.27853512820116,306.27851928223845,306.2785023686962,306.27848442787024,306.2784655079368,306.278445656227,306.2784249229909,306.27840336024576,306.2783810219969,306.2783579684623,306.2783342526823,306.27830994315093,306.27828509245705,306.2782597603177,306.27823402243826,306.27820792968913,306.2781815527221,306.2781549575162,306.27812820855775,306.2781013602197,306.27807451310036,306.27804769217926,306.27802096629887,306.2779944238369,306.2779681064292,306.27794208147907,306.2779164021017,306.27789115724823,306.27786638009707,306.27784211945965,306.27781845629113,306.2777954288432,306.2777730613817,306.2777514678098,306.27773065521717,306.27771065938003,306.2776915384759,306.27767331553014
0.030784711557405506,306.2258426959105,306.22584212296846,306.2258404162904,306.22583758388157,306.2258336352512,306.22582858124235,306.225822435632,306.22581521491725,306.22580693893724,306.22579762928615,306.22578730992404,306.2257760088943,306.2257637539721,306.2257505763071,306.2257365115676,306.2257215928451,306.22570586054223,306.22568935389194,306.22567211464195,306.22565418595804,306.2256356126524,306.2256164453311,306.2255967273627,306.2255765169591,306.22555585663935,306.22553479569837,306.22551339887025,306.225491706569,306.2254697783941,306.22544766932185,306.22542543283726,306.22540311255284,306.22538079714445,306.22535850162984,306.2253362838368,306.22531422072564,306.22529234381255,306.2252707098705,306.2252493619113,306.22522837805684,306.22520778229256,306.2251876140629,306.2251679444083,306.2251488030194,306.225130206253,306.225112258153,306.22509495898333,306.2250783373217,306.2250624439564,306.2250472957872
0.0312847115574055,306.17439022410605,306.17438974624463,306.17438832430236,306.17438596546265,306.1743826779605,306.17437847091935,306.1743733559164,306.1743673467788,306.17436046019736,306.17435271418583,306.1743441286857,306.17433472725077,306.17432453281447,306.1743135712544,306.17430187251847,306.1742894637247,306.17427637881156,306.1742626502893,306.1742483128451,306.1742334022955,306.17421795582,306.17420201602926,306.17418561827606,306.1741688122044,306.17415163199763,306.1741341183032,306.1741163267026,306.1740982889686,306.1740800555017,306.17406167213824,306.17404318322934,306.17402462348684,306.17400607157055,306.17398753435566,306.17396906050857,306.17395071742806,306.1739325282967,306.17391454104194,306.1738967903106,306.17387934513624,306.1738622219513,306.1738454524466,306.1738290993432,306.17381318526986,306.17379772010213,306.1737827994824,306.1737684181344,306.17375459868344,306.17374138572654,306.1737287911265
0.031784711557405504,306.1242161245843,306.12421572573174,306.1242145403613,306.1242125749618,306.12420983670233,306.124206333276,306.1242020744299,306.1241970717714,306.1241913393716,306.1241848922691,306.1241777470671,306.1241699235851,306.12416144073865,306.1241523200267,306.1241425866392,306.12413226274145,306.1241213768951,306.12410995602875,306.1240980289656,306.1240856254194,306.12407277623157,306.1240595173599,306.1240458775149,306.124031899196,306.12401760968885,306.1240030424658,306.1239882454668,306.1239732433279,306.12395807878994,306.1239427900944,306.1239274140081,306.1239119778849,306.12389655195426,306.1238811364538,306.1238657724273,306.1238505192549,306.12383539326476,306.1238204350207,306.12380567224676,306.1237911663356,306.1237769275247,306.12376298108967,306.1237493827592,306.12373614934234,306.1237232854144,306.123710879435,306.1236989216486,306.1236874297624,306.1236764431771,306.1236659696215
0.032284711557405504,306.0752675542028,306.07526722101846,306.0752662322414,306.0752645937722,306.0752623118874,306.0752593930894,306.07525584560256,306.0752516791878,306.0752469057356,306.07524153781196,306.07523558924646,306.07522907675116,306.07522201590734,306.075214424577,306.07520632399115,306.0751977322092,306.0751886733186,306.0751791696136,306.0751692450463,306.0751589242626,306.0751482328398,306.0751372011976,306.07512585254375,306.07511422341526,306.0751023353933,306.0750902159968,306.0750779067791,306.07506542648724,306.0750528114806,306.07504009368836,306.07502730357953,306.0750144624286,306.0750016333548,306.07498881120347,306.07497603067264,306.0749633444074,306.07495076310704,306.07493832120235,306.0749260406902,306.0749139765274,306.0749021338811,306.07489053272093,306.07487922288783,306.0748682164007,306.0748575135125,306.0748471965173,306.07483725205805,306.0748276937805,306.07481855671733,306.07480984521004
0.032784711557405505,306.0274949881011,306.02749470950926,306.0274938841357,306.0274925173814,306.02749061477436,306.02748818182573,306.027485225492,306.02748175399745,306.02747777741723,306.02747330626147,306.02746835205494,306.027462928923,306.0274570496799,306.02745072916633,306.027443985318,306.0274368327911,306.02742929194864,306.02742138123625,306.02741312055986,306.02740453035557,306.0273956318292,306.0273864507876,306.02737700588125,306.02736732866737,306.0273574360116,306.02734735049347,306.0273371083234,306.0273267233936,306.0273162267435,306.027305645055,306.02729500356673,306.0272843185347,306.02727364706743,306.02726297964665,306.0272523456862,306.02724179216375,306.02723132516456,306.02722097400897,306.0272107559583,306.0272007205369,306.02719086877215,306.0271812162485,306.0271718078384,306.02716265162377,306.0271537443436,306.0271451629791,306.0271368912951,306.0271289395867,306.0271213392077,306.027114091731
0.033284711557405505,305.980851934316,305.9808517011195,305.98085101159074,305.98084987070456,305.9808482833604,305.9808462542437,305.9808437892548,305.98084089533916,305.9808375810593,305.9808338552158,305.98082972741787,305.9808252096367,305.9808203123904,305.9808150480094,305.9808094316854,305.9808034752545,305.98079719597763,305.9807906091049,305.98078373118,305.9807765791427,305.98076917056744,305.98076152741737,305.98075366456993,305.9807456094192,305.9807373749359,305.98072897960196,305.9807204551523,305.98071181148174,305.98070307519157,305.98069426860104,305.9806854126048,305.98067651931945,305.9806676407594,305.9806587638935,305.9806499137324,305.9806411324756,305.9806324224352,305.98062380866963,305.9806153045279,305.98060695493757,305.980598757557,305.9805907243483,305.9805828959818,305.980575277309,305.98056786222446,305.9805607231097,305.9805538414489,305.98054722477565,305.9805409013387,305.9805348704545
0.033784711557405506,305.9352946803439,305.9352944849046,305.93529390833345,305.93529295524115,305.93529162999863,305.9352899366024,305.9352878800732,305.93528546629125,305.9352827025583,305.93527959625317,305.93527615539256,305.9352723901527,305.9352683091466,305.93526392261896,305.9352592434751,305.9352542812153,305.93524905051544,305.935243563972,305.9352378353349,305.9352318786395,305.93522570844385,305.9352193435058,305.9352127955813,305.9352060885801,305.9351992322586,305.93519224169927,305.93518514488375,305.9351779484199,305.9351706752044,305.9351633439278,305.93515597187684,305.93514856775795,305.93514117925594,305.9351337905291,305.9351264229174,305.9351191145824,305.93511186475916,305.93510469495016,305.9350976152742,305.9350906667592,305.9350838443316,305.93507715696467,305.93507064176504,305.93506430093953,305.9350581260908,305.93505218559994,305.9350464591627,305.93504095203934,305.9350356898523,305.93503067008487
0.034284711557405506,305.8907820673214,305.8907819032945,305.8907814206706,305.8907806237477,305.8907795164513,305.89077810220346,305.8907763852913,305.89077437070785,305.890772064703,305.8907694734727,305.8907666037097,305.8907634640939,305.8907600616577,305.8907564049125,305.89075250485774,305.8907483690595,305.8907440100388,305.8907394381881,305.89073466493574,305.8907297019042,305.89072456114565,305.89071925874407,305.8907138038735,305.89070821752426,305.8907025068027,305.89069668397275,305.89069077386245,305.8906847803822,305.89067872333305,305.8906726183872,305.89066647983464,305.89066031357635,305.8906541636053,305.8906480118493,305.89064187658585,305.89063579255645,305.8906297564947,305.89062378693393,305.8906178913288,305.890612107389,305.8906064278361,305.89060085917976,305.89059543549564,305.89059015683097,305.8905850129532,305.8905800687467,305.89057530252353,305.89057071767587,305.8905663375985,305.890562158292
0.03478471155740551,305.8472752881527,305.8472751502669,305.8472747457972,305.8472740787722,305.847273152741,305.84727197064643,305.8472705361633,305.84726885354524,305.8472669281641,305.84726476523167,305.8472623703394,305.84725975091914,305.8472569126923,305.8472538627297,305.84725061044117,305.847247161792,305.8472435275053,305.84723971614375,305.8472357372058,305.8472316003093,305.84722731542524,305.84722289640433,305.84721835028745,305.84721369561515,305.8472089373122,305.84720408530495,305.84719916176834,305.84719416840323,305.84718912242204,305.8471840369854,305.8471789238938,305.8471737867443,305.84716866637115,305.84716354294983,305.84715843220124,305.84715336596133,305.8471483389395,305.8471433671872,305.8471384559648,305.847133640149,305.8471289106924,305.8471242720765,305.8471197557907,305.84711536012423,305.8471110733868,305.8471069573895,305.8471029893941,305.8470991712603,305.84709552448794,305.84709204388463
0.03528471155740551,305.80473770646546,305.80473759034055,305.8047372509029,305.80473669194777,305.8047359167056,305.8047349277187,305.80473372815106,305.8047323216392,305.80473071282194,305.8047289060913,305.8047269061235,305.80472471930784,305.8047223502789,305.80471980491006,305.80471709128443,305.8047142140434,305.8047111824091,305.8047080034247,305.80470468498464,305.80470123504153,305.80469766183677,305.8046939773553,305.8046901868769,305.8046863068831,305.80468234050556,305.80467829573314,305.8046741925037,305.8046700307133,305.8046658254071,305.804661587655,305.80465732719017,305.80465304572107,305.8046487813689,305.8046445129508,305.80464025405183,305.804636034032,305.8046318459709,305.80462770384366,305.8046236111055,305.80461960020637,305.8046156606893,305.8046117953691,305.80460803352065,305.80460437200765,305.804600797993,305.8045973705719,305.8045940662297,305.80459088557177,305.8045878484806,305.80458494881077
0.03578471155740551,305.7631346937384,305.7631345957342,305.76313431042377,305.7631338413996,305.76313319162136,305.76313236329685,305.7631313591628,305.7631301823411,305.7631288368575,305.7631273264217,305.7631256549479,305.76312382795504,305.7631218491765,305.7631197234905,305.7631174578717,305.7631150558674,305.76311252544593,305.7631098723886,305.7631071032566,305.7631042246188,305.76310124328006,305.7630981696647,305.76309500759965,305.7630917718336,305.7630884640268,305.7630850905627,305.76308166948905,305.7630781992323,305.76307469302105,305.7630711601844,305.7630676087383,305.7630640388472,305.7630604862924,305.7630569288568,305.7630533783395,305.7630498619836,305.7630463715646,305.7630429193189,305.7630395072196,305.763036165629,305.76303288297777,305.76302966071387,305.7630265262081,305.76302347517384,305.7630204938838,305.7630176390192,305.76301488651325,305.76301223594766,305.7630097058196,305.7630072892283
0.03628471155740551,305.7224334823313,305.722433399422,305.72243315917535,305.72243276500643,305.72243221964476,305.7224315250176,305.72243068350485,305.72242969779836,305.7224285714109,305.7224273074836,305.72242590929693,305.72242438164204,305.72242272750526,305.7224209509378,305.7224190579875,305.7224170512984,305.7224149377903,305.72241272219696,305.7224104099711,305.7224080065322,305.72240551749144,305.72240295196667,305.72240031258815,305.7223976126429,305.7223948525865,305.72239203747324,305.72238918374956,305.72238628865006,305.7223833638783,305.7223804173139,305.7223774555464,305.72237447748176,305.72237151687386,305.7223685507383,305.7223655893785,305.72236265822124,305.72235974800725,305.72235686951456,305.72235402350236,305.7223512385292,305.722348502159,305.7223458147203,305.7223432019406,305.72234065861034,305.7223381703234,305.72233579160275,305.7223334980128,305.72233128830266,305.72232917977857,305.7223271649472
0.03678471155740551,305.68260303247746,305.6826029621473,305.6826027594302,305.6826024275851,305.6826019691448,305.68260138580166,305.6826006796368,305.68259985298255,305.682598908922,305.6825978501224,305.6825966793368,305.68259540074723,305.6825940167214,305.6825925306225,305.68259094772355,305.6825892699231,305.6825875032635,305.6825856516091,305.6825837194906,305.68258171137296,305.6825796318759,305.68257748902147,305.6825752844564,305.68257303023165,305.6825707258199,305.6825683751749,305.6825659933834,305.6825635767175,305.68256113559914,305.6825586766999,305.682556205425,305.68255371965813,305.6825512513883,305.68254877708205,305.6825463057899,305.682543861373,305.68254143375964,305.6825390325034,305.6825366573715,305.682534335357,305.68253205335844,305.68252981079155,305.6825276319584,305.6825255109145,305.6825234327484,305.68252145004215,305.6825195381413,305.6825176951204,305.68251593725705,305.68251425660026
0.03728471155740551,305.64361391157104,305.64361385172833,305.64361368027676,305.6436134003373,305.6436130142739,305.6436125235821,305.6436119300923,305.64361123583626,305.64361044353655,305.6436095554656,305.6436085739371,305.6436075026227,305.6436063433781,305.64360509899467,305.6436037740959,305.64360236996674,305.64360089191416,305.64359934308084,305.6435977272312,305.6435960480369,305.64359430929414,305.6435925181055,305.64359067531,305.64358879191155,305.64358686658284,305.6435849023675,305.64358291319394,305.64358089456186,305.6435788558139,305.643576802615,305.64357473938645,305.64357266318603,305.64357060445775,305.64356853929854,305.64356647570764,305.64356443619073,305.64356241004697,305.64356040580026,305.64355842240957,305.6435564855028,305.6435545814793,305.6435527090124,305.64355089116157,305.64354912140294,305.64354738446247,305.64354573116606,305.643544136762,305.6435425987816,305.64354113260987,305.643539729949
0.03778471155740551,305.60543818431836,305.60543813322363,305.6054379878288,305.60543775113234,305.60543742535276,305.6054370118202,305.6054365121547,305.60543592813644,305.60543526218504,305.60543451624324,305.6054336922593,305.6054327934768,305.6054318213275,305.6054307781276,305.60542966795566,305.60542849159236,305.60542725372727,305.6054259569046,305.60542460425137,305.60542319878044,305.6054217436041,305.60542024505185,305.6054187033014,305.60541712846657,305.6054155185723,305.60541387590985,305.60541221341765,305.6054105259803,305.6054088220295,305.6054071063906,305.6054053826687,305.60540364725694,305.6054019292403,305.6054002044924,305.60539848012854,305.6053967774759,305.60539508535555,305.6053934114235,305.6053917539832,305.6053901374653,305.6053885479066,305.60538698337916,305.605385465854,305.6053839883561,305.6053825353652,305.6053811561093,305.60537982583816,305.60537854164795,305.60537731814577,305.6053761467779
0.03828471155740551,305.5680493125161,305.56804926872235,305.5680491450524,305.56804894439495,305.5680486688429,305.56804831958704,305.5680478980708,305.56804740586324,305.56804684512895,305.5680462175359,305.5680455247279,305.5680447695885,305.56804395319944,305.5680430774816,305.56804214605637,305.5680411592898,305.5680401213534,305.56803903429443,305.56803790071035,305.56803672306677,305.5680355039079,305.56803424891217,305.5680329577173,305.56803163967857,305.5680302922986,305.56802891724794,305.56802752661525,305.5680261148,305.5680246894636,305.56802325473103,305.56802181352964,305.56802036172235,305.5680189271914,305.568017485706,305.5680160436377,305.56801462128317,305.5680132071095,305.56801180804035,305.56801042184964,305.56800907191223,305.5680077440147,305.56800643574456,305.5680051681139,305.56800393380223,305.5680027171388,305.56800156588866,305.5680004553831,305.5679993823726,305.5679983607822,305.5679973818775
0.03878471155740551,305.5314220633882,305.53142202569165,305.5314219201432,305.5314217495331,305.53142151584467,305.53142122015146,305.53142086374817,305.5314204480265,305.5314199749365,305.5314194459161,305.5314188623554,305.53141822683546,305.531417540149,305.53141680388796,305.53141602128903,305.53141519237926,305.53141432089365,305.53141340846787,305.53141245725857,305.53141146927715,305.5314104465962,305.5314093943449,305.53140831172135,305.53140720743187,305.5314060785613,305.5314049262679,305.5314037619086,305.5314025795049,305.5314013860652,305.5314001851297,305.5313989790635,305.53139776330994,305.53139656468073,305.5313953589376,305.53139415182454,305.5313929627326,305.53139177987686,305.531390609561,305.53138944913434,305.5313883210355,305.5313872108919,305.5313861159037,305.5313850562334,305.5313840243017,305.5313830043654,305.5313820428431,305.5313811152113,305.5313802179488,305.53137936438,305.5313785456503
0.03928471155740551,305.4955324255542,305.4955323929531,305.49553230252855,305.49553215698137,305.49553195819936,305.495531707157,305.4955314050235,305.4955310530415,305.4955306529794,305.49553020608346,305.49552971353216,305.4955291776515,305.4955285989955,305.4955279788832,305.49552732022676,305.49552662277654,305.49552588989945,305.49552512289,305.4955243235386,305.49552349347925,305.4955226343933,305.49552175094516,305.49552084197694,305.49551991563766,305.49551896868036,305.4955180018416,305.4955170258451,305.49551603442285,305.49551503402813,305.4955140277126,305.4955130173748,305.4955119981304,305.4955109958322,305.49550998631247,305.49550897478537,305.4955079798408,305.4955069895258,305.495506009618,305.49550503712834,305.49550409366026,305.49550316475705,305.4955022473115,305.49550136072867,305.49550049724223,305.49549964109946,305.4954988374731,305.495498062036,305.4954973110563,305.4954965973255,305.49549591191965
0.03978471155740551,305.46035753182395,305.4603575034847,305.46035742568984,305.4603573010585,305.460357131395,305.46035691758965,305.46035666070554,305.46035636186,305.4603560226677,305.46035564421413,305.4603552275016,305.46035477464056,305.4603542859885,305.46035376263745,305.46035320722575,305.4603526192786,305.4603520018519,305.46035135595776,305.46035068308163,305.46034998454456,305.46034926170324,305.460348518828,305.4603477544741,305.46034697630995,305.46034618082774,305.46034536841785,305.46034454925336,305.4603437168492,305.46034287718555,305.46034203290566,305.4603411855214,305.4603403298959,305.4603394910183,305.46033864485435,305.4603377961688,305.4603369628396,305.46033613281395,305.460335311422,305.4603344954079,305.4603337056253,305.46033292759427,305.46033215796615,305.46033141546707,305.46033069220226,305.4603299724609,305.46032930025643,305.46032865149857,305.46032802229513,305.4603274249627,305.46032685054837
0.04028471155740551,305.42587558811545,305.42587556334405,305.425875496103,305.42587538893684,305.42587524357583,305.4258750608391,305.4258748416996,305.42587458716883,305.42587429873106,305.42587397733723,305.4258736238428,305.42587324017535,305.4258728265312,305.42587238381344,305.4258719144286,305.4258714177196,305.425870896479,305.42587035148506,305.4258697839697,305.4258691949945,305.4258685856465,305.4258679598614,305.42586731596435,305.42586666120764,305.42586599188166,305.42586530809257,305.42586461953204,305.4258639195587,305.4258632137471,305.42586250439916,305.4258617927061,305.425861073341,305.4258603705099,305.42585966036233,305.4258589472814,305.42585824850795,305.4258575519453,305.4258568625414,305.4258561768327,305.42585551499604,305.42585486257707,305.425854216041,305.42585359350073,305.4258529869815,305.42585238085536,305.4258518180526,305.42585127475076,305.42585074693943,305.4258502465087,305.42584976450973
0.04078471155740551,305.3920658078809,305.3920657860996,305.3920657276845,305.39206563511163,305.3920655100453,305.39206535324394,305.3920651656042,305.3920649480478,305.3920647019481,305.39206442814316,305.392064127366,305.392063801389,305.392063450276,305.3920630747733,305.39206267709056,305.39206225642397,305.3920618153424,305.39206135443067,305.3920608747101,305.39206037702684,305.3920598622447,305.3920593340135,305.392058790476,305.39205823852245,305.3920576742894,305.3920570976508,305.3920565178756,305.3920559282146,305.3920553338945,305.392054736931,305.39205413824976,305.3920535323854,305.3920529428294,305.3920523459551,305.3920517458204,305.3920511590927,305.3920505736765,305.3920499941927,305.3920494170185,305.3920488617158,305.3920483138959,305.3920477698826,305.39204724723237,305.3920467379296,305.3920462264623,305.39204575474355,305.3920452992434,305.3920448558667,305.392044436119,305.39204403108255
0.04128471155740551,305.35890835150275,305.3589083322302,305.3589082812028,305.35890820083245,305.358908092725,305.3589079575869,305.3589077962496,305.3589076095589,305.35890739879324,305.35890716469606,305.35890690789796,305.35890663003937,305.35890633107584,305.35890601162293,305.3589056737232,305.3589053164551,305.35890494219717,305.35890455137445,305.358904144833,305.3589037232406,305.35890328727584,305.3589028403442,305.358902380445,305.3589019141515,305.35890143748674,305.35890095013536,305.35890046099234,305.3588999632414,305.3588994618089,305.3588989584707,305.35889845393285,305.3588979426331,305.35889744740797,305.3588969448855,305.3588964388456,305.35889594543625,305.35889545259994,305.35889496467615,305.3588944779234,305.358894011341,305.3588935506383,305.3588930920345,305.3588926525781,305.35889222424447,305.35889179166355,305.3588913957898,305.3588910134039,305.35889064035405,305.3588902877964,305.3588899468658
0.04178471155740551,305.3263842701848,305.3263842530202,305.3263842081825,305.32638413802454,305.32638404409903,305.3263839270679,305.3263837877071,305.3263836267976,305.3263834455365,305.3263832445879,305.32638302449664,305.3263827867905,305.3263825313365,305.326382258642,305.3263819706064,305.3263816662151,305.32638134768376,305.32638101530574,305.32638066978126,305.3263803116303,305.32637994137843,305.32637956222084,305.3263791720459,305.32637877714797,305.3263783734693,305.326377960541,305.32637754692547,305.3263771257724,305.3263767017477,305.32637627642583,305.32637585033143,305.3263754178401,305.3263750011837,305.32637457726946,305.3263741496385,305.32637373396557,305.32637331826095,305.32637290662075,305.3263724952178,305.3263721025346,305.32637171440336,305.3263713269696,305.32637095681497,305.32637059593196,305.326370229113,305.3263698964051,305.3263695749132,305.32636926045177,305.32636896385793,305.326368676336
0.04228471155740551,305.2944754539205,305.2944754385298,305.2944753988843,305.29447533728126,305.2944752552255,305.2944751533407,305.29447503235497,305.2944748929941,305.2944747363852,305.2944745631253,305.29447437368776,305.2944741695037,305.2944739503684,305.294473716699,305.29447347027246,305.2944732100011,305.2944729379609,305.2944726543367,305.29447235970747,305.294472054471,305.294471739026,305.2944714163866,305.2944710843565,305.2944707489835,305.294470406156,305.29447005528084,305.2944697046233,305.29446934732556,305.2944689878269,305.2944686275325,305.29446826681703,305.29446790002214,305.29446754881894,305.2944671904121,305.2944668281371,305.29446647723483,305.2944661258067,305.29446577773797,305.2944654291429,305.294465098026,305.29446477036254,305.2944644422494,305.2944641298369,305.2944638251554,305.2944635131762,305.29446323308395,305.29446296231765,305.29446269667693,305.2944624467051,305.2944622036902
0.042784711557405514,305.26316458316836,305.26316456927316,305.26316453398874,305.26316447956026,305.2631644074489,305.26316431824506,305.26316421263573,305.26316409129953,305.26316395530284,305.26316380518637,305.26316364136363,305.2631634651823,305.26316327637977,305.2631630752983,305.26316286360947,305.2631626401692,305.263162406933,305.2631621639965,305.2631619118381,305.26316165075434,305.26316138103914,305.26316110554944,305.2631608220268,305.2631605362991,305.26316024422323,305.26315994510617,305.26315964694567,305.26315934289835,305.2631590372049,305.26315873112804,305.2631584249187,305.2631581129078,305.2631578162434,305.2631575124413,305.2631572046589,305.263156907737,305.26315660988723,305.26315631481083,305.2631560185856,305.2631557387717,305.26315546150335,305.2631551828491,305.2631549185588,305.2631546607175,305.2631543944872,305.2631541582313,305.26315392972896,305.26315370478005,305.26315349365643,305.2631532877406
0.043284711557405514,305.2324350839064,305.2324350712745,305.2324350396587,305.2324349912547,305.232434927484,305.23243484890793,305.2324347561778,305.23243464993175,305.2324345311834,305.2324344004258,305.2324342580223,305.2324341052486,305.23243394179553,305.232433767943,305.2324335852716,305.23243339259454,305.2324331917633,305.2324329828001,305.23243276609975,305.23243254187514,305.23243231033376,305.23243207419586,305.2324318311585,305.23243158685284,305.2324313371221,305.23243108119385,305.23243082682336,305.2324305671994,305.23243030638787,305.2324300455312,305.2324297847784,305.2324295184685,305.23242926725953,305.23242900898794,305.23242874665635,305.23242849473456,305.2324282415591,305.2324279906698,305.2324277381265,305.23242750107397,305.2324272658175,305.2324270284142,305.2324268042396,305.2324265854471,305.2324263573986,305.23242615767265,305.2324259643919,305.23242577336913,305.23242559462403,305.23242541964134
0.043784711557405515,305.20227108577245,305.2022710742102,305.20227104568585,305.20227100234825,305.2022709455819,305.20227087592315,305.2022707939923,305.20227070039226,305.2022705960909,305.2022704815405,305.2022703570627,305.20227022387036,305.20227008161726,305.20226993053166,305.20226977211513,305.2022696051494,305.20226943139534,305.20226925081545,305.2022690637348,305.20226887029753,305.20226867063974,305.2022684673618,305.2022682581313,305.20226804840206,305.2022678340186,305.20226761414546,305.2022673963172,305.2022671737687,305.20226695041106,305.2022667272851,305.20226650445625,305.2022662762864,305.20226606297246,305.20226584267823,305.2022656182708,305.2022654038745,305.2022651879618,305.2022649739304,305.20226475783704,305.20226455643655,305.202264356214,305.20226415322907,305.2022639625061,305.2022637762774,305.20226358011104,305.2022634108337,305.2022632469133,305.2022630841851,305.20226293243354,305.2022627832519
0.044284711557405515,305.17265738303115,305.17265737237705,305.17265734646276,305.17265730739274,305.1726572565175,305.1726571943511,305.1726571214865,305.1726570384966,305.17265694630856,305.1726568453405,305.17265673587855,305.1726566190812,305.1726564945726,305.1726563625382,305.17265622441073,305.1726560789496,305.1726559278366,305.17265577098544,305.17265560866343,305.1726554409579,305.17265526794625,305.17265509212336,305.1726549111396,305.1726547302877,305.17265454542525,305.17265435566816,305.1726541683482,305.17265397675783,305.17265378467033,305.1726535930403,305.17265340186435,305.17265320554,305.17265302382793,305.1726528352234,305.1726526424744,305.1726524593812,305.1726522745616,305.17265209128686,305.17265190562256,305.1726517339562,305.1726515629592,305.1726513887045,305.1726512258857,305.1726510668222,305.1726508972931,305.1726507534024,305.17265061396347,305.1726504748421,305.1726503456015,305.1726502179486
0.044784711557405515,305.1435793981329,305.14357938825196,305.1435793645464,305.14357932907814,305.1435792831659,305.14357922730414,305.143579162062,305.14357908798576,305.14357900596696,305.14357891639446,305.1435788195247,305.14357871646814,305.14357860682594,305.14357849074815,305.14357836960676,305.1435782421469,305.14357810998075,305.14357797298237,305.14357783137086,305.14357768518715,305.1435775344604,305.14357738159197,305.1435772242249,305.143577067505,305.1435769073126,305.1435767427263,305.14357658089085,305.1435764151654,305.1435762491992,305.143576083874,305.14357591913006,305.1435757494103,305.14357559406125,305.1435754319117,305.14357526560417,305.14357510863414,305.14357494977105,305.1435747921734,305.1435746319255,305.14357448506655,305.1435743384595,305.1435741881992,305.14357404866644,305.14357391227395,305.14357376501437,305.14357364229676,305.1435735232777,305.1435734038604,305.1435732933993,305.1435731837182
0.045284711557405516,305.1150231476566,305.11502313843613,305.11502311660433,305.11502308418244,305.1150230424594,305.11502299191244,305.11502293308916,305.11502286651285,305.1150227930433,305.11502271304425,305.1150226267474,305.11502253522036,305.11502243804716,305.11502233534804,305.1150222284417,305.11502211606506,305.11502199976877,305.1150218793948,305.11502175512254,305.1150216269545,305.11502149488047,305.11502136121834,305.11502122361213,305.1150210870727,305.11502094751074,305.11502080397696,305.11502066344286,305.11502051934104,305.11502037520904,305.11502023186614,305.11502008920706,305.1150199417276,305.11501980838017,305.1150196683271,305.1150195241171,305.1150193889575,305.11501925177413,305.11501911562425,305.1150189766185,305.1150188504655,305.1150187242222,305.11501859401295,305.11501847392117,305.11501835645777,305.11501822783055,305.1150181227779,305.11501802079755,305.1150179178348,305.1150178230465,305.1150177283758
0.045784711557405516,305.086975210447,305.08697520179294,305.0869751815553,305.0869751517165,305.08697511353745,305.08697506747956,305.08697501407187,305.086974953817,305.0869748875465,305.08697481560245,305.0869747381955,305.08697465635584,305.0869745696539,305.08697447818577,305.0869743832225,305.08697428349814,305.0869741805085,305.0869740740699,305.0869739643285,305.0869738512556,305.08697373480885,305.08697361723137,305.08697349617455,305.08697337652455,305.0869732542286,305.0869731283176,305.0869730056011,305.0869728795907,305.08697275372253,305.0869726287624,305.08697250456805,305.08697237569436,305.0869722607172,305.0869721391312,305.0869720134012,305.086971896461,305.0869717773961,305.08697165917204,305.08697153793236,305.0869714290702,305.0869713198383,305.08697120639624,305.08697110254377,305.08697100089387,305.08697088786937,305.0869707975611,305.08697070980435,305.08697062059025,305.0869705388881,305.08697045676143
0.04628471155740552,305.0594226977778,305.0594226896112,305.0594226707344,305.05942264309203,305.05942260791835,305.0594225656612,305.05942251683217,305.0594224619162,305.0594224017189,305.0594223365641,305.0594222666446,305.05942219295673,305.05942211506135,305.0594220330344,305.05942194810467,305.059421859007,305.0594217671885,305.05942167244484,305.0594215748947,305.0594214744841,305.0594213711443,305.05942126705094,305.0594211598681,305.05942105436634,305.05942094653415,305.0594208353889,305.05942072758853,305.05942061672755,305.05942050614937,305.0594203965742,305.05942028782965,305.05942017453447,305.05942007490387,305.0594199687624,305.0594198584995,305.05941975678843,305.0594196528761,305.0594195496449,305.0594194432761,305.059419348861,305.0594192538489,305.05941915443884,305.05941906415967,305.0594189757286,305.05941887578297,305.0594187977873,305.0594187219098,305.05941864419117,305.0594185734214,305.05941850178505
0.04678471155740552,305.0323532253855,305.03235321764066,305.03235319992945,305.0323531741605,305.03235314154307,305.03235310251193,305.0323530575637,305.0323530071669,305.0323529521042,305.0323528926832,305.0323528290817,305.03235276226553,305.0323526917892,305.0323526177118,305.032352541224,305.0323524610651,305.0323523786381,305.03235229372257,305.0323522064144,305.0323521166388,305.0323520243059,305.03235193153,305.03235183599236,305.0323517423551,305.0323516466522,305.0323515478926,305.03235145259134,305.032351354429,305.03235125666384,305.0323511599764,305.0323510641705,305.0323509639321,305.03235087713,305.03235078391583,305.0323506866102,305.0323505976378,305.0323505064079,305.0323504157266,305.03235032181703,305.0323502394808,305.0323501563635,305.0323500687073,305.0323499897811,305.0323499124079,305.03234982343855,305.03234975573025,305.0323496897803,305.03234962168017,305.03234956004906,305.0323494971925
0.04728471155740552,305.00575488723683,305.0057548798584,305.00575486314966,305.00575483898444,305.0057548085479,305.00575477226323,305.00575473061326,305.00575468405185,305.0057546333406,305.0057545787732,305.0057545205145,305.00575445950284,305.00575439528865,305.0057543279172,305.0057542585446,305.00575418591757,305.00575411139874,305.00575403475545,305.0057539560645,305.00575387523463,305.00575379215866,305.0057537088948,305.005753623145,305.00575353946965,305.0057534539509,305.0057533655937,305.00575328077804,305.00575319327254,305.0057531062567,305.0057530203767,305.0057529354175,305.005752846135,305.0057527700644,305.00575268768057,305.0057526012415,305.0057525229334,305.0057524423284,305.00575236216207,305.00575227870246,305.00575220647295,305.0057521333139,305.00575205551354,305.005751986091,305.00575191797583,305.0057518382306,305.00575177912333,305.005751721475,305.0057516614304,305.00575160744415,305.00575155194247
0.04778471155740552,304.9796162309008,304.9796162238424,304.9796162079998,304.97961618521276,304.9796161566437,304.979616122705,304.97961608386686,304.97961604057014,304.97961599355676,304.9796159431085,304.97961588937915,304.97961583328185,304.979615774365,304.9796157126626,304.97961564929903,304.9796155830306,304.9796155151837,304.97961544551555,304.97961537408753,304.97961530079516,304.9796152255174,304.97961515026105,304.979615072751,304.97961499745196,304.9796149204966,304.9796148408891,304.9796147648813,304.9796146863314,304.97961460834523,304.9796145315395,304.97961445568404,304.97961437560684,304.979614308521,304.97961423522065,304.97961415790604,304.9796140885345,304.9796140168402,304.9796139454937,304.97961387081,304.9796138070442,304.97961374223036,304.97961367270455,304.9796136112452,304.97961355088876,304.979613478907,304.9796134269963,304.9796133762959,304.9796133230044,304.9796132754188,304.97961322608495
0.04828471155740552,304.95392623441245,304.9539262276353,304.9539262125445,304.953926190947,304.95392616398334,304.9539261320561,304.95392609562356,304.95392605511483,304.953926011254,304.95392596431174,304.9539259144329,304.9539258625073,304.95392580808306,304.9539257511845,304.9539256929076,304.95392563201955,304.95392556981324,304.9539255060389,304.95392544074485,304.9539253738159,304.9539253051203,304.953925236617,304.95392516605637,304.9539250978122,304.9539250280691,304.9539249558338,304.95392488723576,304.95392481622343,304.95392474583406,304.9539246766582,304.95392460845414,304.9539245361232,304.95392447656735,304.95392441089496,304.9539243412532,304.9539242793786,304.95392421516686,304.9539241512276,304.9539240839248,304.9539240272542,304.95392396944163,304.95392390687266,304.953923852093,304.9539237982463,304.95392373281067,304.9539236869266,304.9539236420461,304.9539235944229,304.95392355220145,304.9539235080465
0.04878471155740552,304.92867428452206,304.92867427799354,304.9286742635587,304.9286742429929,304.9286742174154,304.92867418721966,304.9286741528534,304.92867411473446,304.9286740735704,304.92867402962247,304.92867398302735,304.9286739346536,304.92867388405034,304.9286738312341,304.9286737772741,304.92867372095037,304.92867366352476,304.9286736047422,304.92867354464045,304.92867348309585,304.92867341996845,304.92867335717244,304.92867329248514,304.9286732301942,304.92867316653724,304.9286731005257,304.928673038172,304.9286729735153,304.92867290952825,304.92867284677845,304.9286727850156,304.9286727192148,304.9286726659768,304.92867260671954,304.9286725435406,304.92867248796375,304.92867243004434,304.9286723723353,304.92867231125047,304.9286722605349,304.9286722086039,304.9286721518934,304.9286721027242,304.9286720543464,304.92867199444186,304.92867195361,304.92867191361,304.92867187075103,304.9286718330302,304.92867179322985
0.04928471155740552,304.9038501562335,304.90385014992603,304.9038501360669,304.90385011640035,304.90385009202566,304.90385006332747,304.90385003074346,304.90384999468154,304.9038499558336,304.90384991445245,304.9038498706678,304.9038498253284,304.90384977798533,304.90384972864894,304.9038496783637,304.90384962592327,304.90384957256066,304.90384951801747,304.9038494623225,304.9038494053456,304.9038493469404,304.9038492889794,304.9038492292682,304.9038491720118,304.9038491135019,304.9038490527565,304.9038489956757,304.9038489363891,304.9038488778087,304.90384882048147,304.90384876415084,304.9038487038663,304.9038486559364,304.9038486020834,304.90384854435865,304.90384849407997,304.90384844146104,304.9038483890012,304.90384833316494,304.90384828745454,304.9038482404721,304.9038481887044,304.90384814425465,304.9038481004786,304.9038480452583,304.9038480086666,304.9038479727646,304.9038479339163,304.90384789997677,304.9038478638442
0.04978471155740552,304.8794439935443,304.87944398743474,304.87944397408376,304.8794439552057,304.8794439318801,304.8794439044834,304.8794438734442,304.8794438391608,304.8794438023107,304.87944376313874,304.87944372176906,304.8794436790317,304.8794436344807,304.87944358812103,304.8794435409743,304.87944349184875,304.87944344195023,304.8794433910184,304.8794433390748,304.8794432859843,304.8794432315955,304.87944317774185,304.879443122258,304.8794430692702,304.8794430151242,304.879442958846,304.8794429062279,304.8794428514898,304.8794427974855,304.8794427447443,304.87944269300476,304.8794426373909,304.8794425939276,304.87944254463616,304.8794424915247,304.87944244571133,304.8794423975661,304.87944234953756,304.87944229814156,304.8794422566447,304.87944221383293,304.8794421662448,304.8794421257718,304.87944208587464,304.87944203463235,304.8794420016045,304.8794419691481,304.8794419336826,304.8794419029248,304.8794418698874
0.05028471155740552,304.85544629130624,304.855446285375,304.85544627247543,304.8554462542926,304.855446231887,304.85544620562786,304.8554461759344,304.8554461431965,304.8554461080778,304.85544607081647,304.855446031531,304.8554459910343,304.85544594888404,304.85544590508096,304.85544586062497,304.85544581433936,304.855445767405,304.8554457195603,304.85544567082076,304.85544562104775,304.8554455700863,304.8554455197328,304.85544546785167,304.8554454184932,304.85544536805764,304.85544531558025,304.85544526674926,304.85544521587406,304.8554451657534,304.85544511690046,304.8554450690506,304.85544501740213,304.8554449777043,304.8554449322719,304.85544488307215,304.8554448410298,304.85544479666885,304.85544475238976,304.8554447047598,304.85544466681665,304.85544462752745,304.8554445834821,304.85544454636687,304.85544450974584,304.85544446189215,304.8554444318646,304.85544440231047,304.855444369704,304.85544434162836,304.8554443112087
0.05078471155740552,304.8318478781319,304.83184787236235,304.83184785986634,304.8318478423005,304.83184782070686,304.83184779544735,304.831847766933,304.8318477355453,304.83184770193503,304.831847666334,304.83184762885617,304.831847590298,304.8318475502214,304.83184750862347,304.8318474664841,304.8318474226418,304.83184737825377,304.83184733305825,304.8318472870659,304.83184724013546,304.8318471921094,304.83184714474913,304.8318470959491,304.8318470496867,304.8318470024162,304.8318469531834,304.83184690757577,304.83184685999146,304.83184681317675,304.8318467676298,304.83184672308454,304.83184667481316,304.83184663829616,304.831846596137,304.8318465502639,304.8318465114136,304.831846470262,304.83184642916376,304.8318463847375,304.831846349798,304.8318463134908,304.8318462724572,304.83184623818363,304.83184620433644,304.83184615937904,304.83184613188206,304.8318461047772,304.83184607459333,304.83184604878335,304.83184602058327
0.05128471155740552,304.80863990027905,304.8086398946572,304.80863988252446,304.8086398655096,304.8086398446369,304.80863982026136,304.80863979278615,304.808639762585,304.80863973029625,304.808639696146,304.8086396602442,304.8086396233717,304.80863958509497,304.80863954540854,304.80863950527265,304.80863946354214,304.8086394213512,304.808639378439,304.808639334812,304.8086392903273,304.8086392448258,304.8086392000353,304.8086391538808,304.80863911026904,304.8086390657085,304.8086390192558,304.8086389764011,304.80863893163024,304.80863888763906,304.80863884491265,304.80863880318384,304.80863875779824,304.808638723975,304.8086386846003,304.80863864156544,304.80863860542456,304.80863856700273,304.80863852861097,304.8086384869189,304.80863845452456,304.80863842074865,304.80863838228356,304.80863835042135,304.80863831892896,304.8086382764569,304.80863825109896,304.8086382260658,304.80863819794035,304.8086381740489,304.80863814773636
0.05178471155740552,304.7858138064492,304.785813800963,304.78581378915936,304.78581377264,304.7858137524117,304.7858137288229,304.7858137022692,304.78581367311716,304.78581364199306,304.78581360911795,304.785813574598,304.7858135391994,304.7858135024935,304.78581346447254,304.7858134260785,304.7858133861822,304.7858133458965,304.7858133049616,304.78581326338076,304.78581322101013,304.7858131776897,304.78581313511523,304.7858130912421,304.7858130499092,304.7858130076783,304.7858129636178,304.78581292312316,304.7858128807672,304.78581283919704,304.7858127988855,304.78581275956583,304.7858127166559,304.78581268512005,304.78581264812203,304.78581260751787,304.7858125736837,304.7858125375916,304.7858125015104,304.7858124621607,304.7858124319292,304.78581240030854,304.78581236404193,304.7858123342321,304.78581230474504,304.78581226441486,304.78581224086963,304.78581221759345,304.78581219122253,304.7858121689601,304.78581214425793
0.05228471155740552,304.76336133344205,304.7633613280814,304.76336131657797,304.7633613005071,304.76336128085853,304.7633612579746,304.7633612322435,304.763361204025,304.7633611739341,304.7633611421865,304.7633611088857,304.7633610747834,304.7633610394563,304.7633610028947,304.76336096602324,304.763360927729,304.7633608891041,304.7633608498905,304.76336081008884,304.7633607695548,304.7633607281282,304.763360687474,304.763360645578,304.76336060621304,304.76336056599416,304.7633605240015,304.7633604855389,304.76336044526477,304.7633604057793,304.7633603675441,304.76336033029344,304.7633602895165,304.76336025992924,304.7633602249676,304.7633601864537,304.7633601545903,304.76336012049387,304.7633600863929,304.7633600490583,304.7633600206706,304.7633599908915,304.7633599565145,304.76335992845736,304.76335990068407,304.7633598622085,304.7633598402039,304.76335981842203,304.7633597935523,304.7633597726774,304.7633597493544
0.05278471155740552,304.7412744926121,304.7412744873682,304.74127447614046,304.74127446047817,304.7412744413549,304.74127441910673,304.741274394115,304.7412743667328,304.74127433756416,304.7412743068203,304.7412742746018,304.74127424164675,304.74127420753734,304.74127417226254,304.74127413672994,304.741274099843,304.7412740626742,304.7412740249676,304.7412739867216,304.7412739477919,304.7412739080187,304.7412738690373,304.74127382886394,304.74127379120716,304.7412737527345,304.7412737125386,304.74127367583395,304.7412736373632,304.74127359968134,304.7412735632397,304.7412735277737,304.74127348884355,304.7412734609221,304.74127342771266,304.7412733910046,304.74127336083154,304.741273328452,304.7412732960552,304.7412732604622,304.7412732336522,304.74127320545284,304.7412731727073,304.7412731461531,304.74127311985,304.74127308298887,304.7412730622978,304.74127304179154,304.74127301821113,304.7412729985222,304.7412729763852
0.05328471155740552,304.71954555707623,304.71954555194156,304.71954554096857,304.7195455256812,304.71954550703697,304.71954548536627,304.7195454610435,304.7195454344155,304.71954540607584,304.7195453762315,304.71954534498025,304.7195453130473,304.7195452800204,304.7195452458872,304.71954521153936,304.7195451758966,304.71954514001226,304.719545103633,304.71954506675524,304.71954502923546,304.7195449909143,304.71954495339855,304.71954491473446,304.71954487856846,304.71954484161995,304.7195448029938,304.71954476781787,304.7195447309177,304.7195446948044,304.71954465991985,304.71954462600127,304.7195445886782,304.71954456218685,304.71954453049216,304.719544495352,304.71954446663517,304.7195444357395,304.71954440481653,304.71954437073634,304.7195443452819,304.7195443184437,304.71954428711376,304.71954426185374,304.7195442368176,304.7195442013697,304.7195441818029,304.7195441623895,304.7195441399218,304.7195441212508,304.71954410013836
0.05378471155740552,304.698167049627,304.69816704459515,304.69816703385897,304.69816701891784,304.69816700071345,304.6981669795706,304.69816695585735,304.69816692991435,304.69816690232494,304.69816687329217,304.6981668429113,304.698166811895,304.69816677983675,304.6981667467234,304.6981667134309,304.69816667889523,304.69816664415134,304.6981666089486,304.6981665732822,304.6981665370091,304.6981664999711,304.6981664637473,304.698166426414,304.6981663915567,304.6981663559461,304.6981663186997,304.69816628486075,304.6981662493362,304.69816621459506,304.6981661810696,304.69816614849975,304.6981661125835,304.6981660873253,304.69816605694683,304.69816602317576,304.69816599571965,304.69816596611315,304.6981659364712,304.6981659037126,304.6981658794283,304.6981658537685,304.6981658236737,304.6981657995335,304.6981657755946,304.6981657413913,304.69816572279086,304.6981657043178,304.698165682815,304.69816566502163,304.69816564479896
0.054284711557405524,304.67713173130744,304.67713172637275,304.6771317158581,304.6771317012386,304.67713168344073,304.6771316627837,304.6771316396296,304.6771316143128,304.67713158740713,304.6771315591116,304.67713152951944,304.67713149933115,304.6771314681458,304.6771314359496,304.67713140360354,304.6771313700596,304.6771313363352,304.67713130218243,304.6771312675953,304.6771312324321,304.67713119653547,304.6771311614581,304.67713112530555,304.6771310916045,304.67713105717587,304.6771310211499,304.6771309884872,304.67713095417514,304.6771309206412,304.6771308883095,304.6771308569222,304.67713082224486,304.67713079805526,304.6771307688271,304.6771307362586,304.6771307098997,304.67713068141956,304.67713065289746,304.6771306213003,304.6771305980311,304.67713057339716,304.67713054438644,304.6771305212203,304.67713049823664,304.6771304651365,304.6771304473704,304.67713042971053,304.677130409049,304.67713039201607,304.6771303725704
0.054784711557405524,304.65643259060744,304.65643258576506,304.65643257545867,304.65643256113987,304.65643254372003,304.65643252351316,304.6564325008751,304.6564324761349,304.65643244985654,304.6564324222354,304.6564323933629,304.6564323639275,304.6564323335342,304.65643230216864,304.6564322706773,304.6564322380281,304.6564322052212,304.65643217201193,304.65643213839326,304.6564321042247,304.6564320693504,304.6564320352971,304.6564320001995,304.6564319675266,304.65643193414917,304.6564318992099,304.656431867589,304.65643183435236,304.65643180188783,304.656431770611,304.656431740267,304.65643170668784,304.6564316834296,304.6564316552128,304.6564316237073,304.6564315983089,304.65643157081877,304.65643154328166,304.65643151271155,304.65643149032815,304.6564314665922,304.656431438539,304.65643141622513,304.6564313940779,304.6564313619622,304.6564313449206,304.65643132796737,304.6564313080439,304.6564312916734,304.6564312729103
0.055284711557405525,304.6360628332447,304.63606282849037,304.6360628183809,304.63606280434465,304.63606278727843,304.63606276749107,304.63606274533265,304.63606272112656,304.63606269542754,304.6360626684276,304.6360626402161,304.6360626114702,304.63606258180056,304.6360625511926,304.63606252047856,304.6360624886422,304.63606245666705,304.63606242431143,304.63606239156786,304.63606235829695,304.63606232434483,304.6360622912127,304.6360622570641,304.636062225312,304.6360621928757,304.6360621589109,304.6360621282186,304.63606209594275,304.6360620644316,304.63606203409336,304.63606200467603,304.63606197207696,304.63606194963506,304.6360619223133,304.63606189175374,304.63606186720153,304.6360618405872,304.63606181392197,304.6360617842664,304.6360617626604,304.63606173971573,304.63606171251377,304.6360616909502,304.63606166954014,304.6360616383089,304.6360616218995,304.6360616055642,304.63606158629227,304.63606157050225,304.6360615523427
0.055784711557405525,304.61601587249436,304.61601586782433,304.6160158579018,304.61601584413245,304.6160158273989,304.61601580800493,304.61601578629484,304.6160157625867,304.6160157374262,304.61601571100204,304.6160156834018,304.61601565529156,304.6160156262877,304.61601559637535,304.6160155663731,304.6160155352804,304.6160155040644,304.6160154724868,304.6160154405395,304.61601540808465,304.61601537497006,304.6160153426724,304.6160153093837,304.61601527846193,304.61601524687444,304.61601521378935,304.6160151839309,304.61601515251914,304.61601512186417,304.6160150923668,304.6160150637782,304.61601503205975,304.6160150103383,304.6160149838139,304.61601495410196,304.6160149303001,304.6160149044659,304.61601487857774,304.6160148497421,304.6160148288229,304.61601480657987,304.6160147801401,304.6160147592414,304.61601473848526,304.6160147080543,304.61601469220034,304.6160146764086,304.6160146577156,304.61601464243756,304.61601462481525
0.056284711557405526,304.59628532003546,304.5962853154464,304.59628530570217,304.5962852921863,304.59628527576723,304.5962852567441,304.5962852354554,304.59628521221424,304.5962851875573,304.59628516167027,304.5962851346389,304.59628510711843,304.59628507873117,304.5962850494619,304.5962850201161,304.5962849897083,304.59628495919014,304.59628492832644,304.59628489710866,304.59628486540083,304.59628483305244,304.5962848015162,304.5962847690121,304.5962847388444,304.5962847080277,304.5962846757428,304.5962846466384,304.5962846160093,304.5962845861286,304.59628455739,304.5962845295478,304.5962844986266,304.5962844775448,304.59628445173604,304.596284422789,304.5962843996571,304.59628437452267,304.5962843493321,304.59628432123674,304.59628430092835,304.59628427931204,304.5962842535593,304.5962842332539,304.59628421308184,304.59628418338025,304.5962841680172,304.5962841527069,304.59628413453197,304.59628411970857,304.5962841025677
0.056784711557405526,304.57686497728395,304.5768649727728,304.5768649631993,304.576864949925,304.5768649338049,304.576864915133,304.5768648942426,304.57686487144167,304.57686484725843,304.57686482187523,304.5768647953765,304.57686476840684,304.57686474059415,304.5768647119233,304.5768646831866,304.57686465341396,304.5768646235415,304.5768645933374,304.57686456279276,304.5768645317735,304.5768645001307,304.57686446929404,304.57686443751084,304.576864408033,304.5768643779214,304.57686434636923,304.57686431795156,304.57686428803663,304.5768642588612,304.5768642308121,304.5768642036471,304.57686417345246,304.5768641529432,304.576864127781,304.5768640995293,304.576864077,304.5768640524977,304.57686402793763,304.5768640005155,304.5768639807543,304.5768639597016,304.57686393457294,304.5768639148007,304.57686389515413,304.5768638661217,304.5768638511958,304.5768638363148,304.57686381860685,304.5768638041899,304.57686378748383
0.05728471155740553,304.55774882718265,304.5577488227469,304.55774881333735,304.55774880029435,304.55774878445936,304.5577487661218,304.5577487456096,304.5577487232259,304.5577486994905,304.5577486745827,304.55774864858546,304.55774862213315,304.5577485948592,304.5577485667485,304.5577485385809,304.55774850940077,304.5577484801296,304.5577484505389,304.55774842061953,304.557748390239,304.5577483592506,304.55774832906104,304.55774829794484,304.55774826910226,304.55774823964026,304.55774820876377,304.55774818097603,304.5577481517173,304.55774812318873,304.557748095771,304.5577480692246,304.5577480396971,304.5577480197036,304.5577479951301,304.55774796751496,304.5577479455314,304.5577479216044,304.55774789761864,304.5577478708132,304.5577478515456,304.55774783100355,304.5577478064457,304.55774778715613,304.5577477679857,304.55774773957154,304.5577477250376,304.55774771054223,304.5577476932582,304.5577476792073,304.55774766289665
0.05778471155740553,304.5389310264233,304.5389310220605,304.538931012809,304.53893099998817,304.5389309844263,304.5389309664083,304.5389309462569,304.5389309242704,304.53893090096045,304.5389308765034,304.5389308509809,304.53893082501713,304.5389307982511,304.5389307706679,304.5389307430347,304.538930714411,304.53893068570335,304.5389306566866,304.5389306273516,304.5389305975675,304.53893056718977,304.53893053760277,304.5389305071076,304.53893047885424,304.5389304499945,304.53893041974544,304.53893039253956,304.53893036388786,304.538930335957,304.53893030912093,304.538930283144,304.53893025423326,304.5389302347079,304.5389302106741,304.5389301836458,304.53893016216034,304.53893013876063,304.53893011530147,304.53893008906476,304.53893007024595,304.53893005016994,304.53893002613773,304.5389300072884,304.5389299885525,304.53892996071346,304.53892994653353,304.538929932387,304.53892991549066,304.5389299017719,304.53892988582334
0.05828471155740553,304.5204058980742,304.5204058937822,304.5204058846834,304.52040587207665,304.5204058567773,304.52040583906586,304.52040581925996,304.5204057976533,304.5204057747493,304.52040575072175,304.5204057256507,304.5204057001506,304.52040567386604,304.520405646782,304.52040561965384,304.5204055915552,304.5204055633786,304.52040553490207,304.52040550611645,304.52040547689273,304.5204054470883,304.5204054180658,304.5204053881525,304.52040536044916,304.52040533215154,304.5204053024887,304.52040527582375,304.5204052477375,304.5204052203623,304.5204051940662,304.5204051686169,304.52040514028,304.52040512118276,304.52040509764737,304.52040507116374,304.52040505013616,304.52040502722315,304.5204050042504,304.5204049785419,304.52040496013393,304.52040494048623,304.52040491694163,304.5204048984965,304.52040488016024,304.52040485285926,304.5204048390015,304.52040482517305,304.5204048086337,304.52040479521855,304.52040477960406
0.05878471155740553,304.5021679245908,304.50216792036764,304.5021679114168,304.50216789901685,304.5021678839707,304.5021678665543,304.5021678470805,304.50216782583834,304.50216780332335,304.50216777970655,304.5021677550667,304.50216773000875,304.5021677041827,304.50216767757354,304.5021676509248,304.50216762332445,304.502167595651,304.5021675676857,304.5021675394195,304.50216751072503,304.5021674814619,304.5021674529714,304.5021674236064,304.5021673964196,304.50216736864985,304.50216733953806,304.50216731337935,304.50216728582296,304.5021672589678,304.5021672331762,304.50216720821885,304.5021671804194,304.5021671617166,304.5021671386445,304.50216711266967,304.5021670920658,304.5021670696051,304.50216704708464,304.5021670218697,304.5021670038407,304.5021669845895,304.5021669615,304.50216694342873,304.5021669254624,304.50216689866795,304.50216688510557,304.5021668715692,304.50216685536094,304.5021668422252,304.502166826921
0.05928471155740553,304.4842117411878,304.4842117370316,304.4842117282243,304.48421171602473,304.4842117012234,304.48421168409186,304.48421166493824,304.484211644047,304.48421162190607,304.48421159868377,304.48421157445756,304.48421154982293,304.48421152443535,304.4842114982798,304.4842114720884,304.4842114449631,304.48421141776856,304.48421139028954,304.48421136251676,304.484211334325,304.4842113055755,304.48421127758894,304.4842112487436,304.48421122204456,304.48421119477337,304.48421116618243,304.4842111405004,304.48421111344334,304.4842110870779,304.4842110617602,304.48421103726474,304.48421100997143,304.4842109916346,304.48421096899597,304.4842109434994,304.48421092329045,304.4842109012529,304.48421087915574,304.48421085440486,304.4842108367277,304.484210817846,304.4842107951839,304.4842107774609,304.4842107598394,304.4842107335243,304.4842107202346,304.4842107069684,304.4842106910692,304.4842106781926,304.4842106631784
0.05978471155740553,304.46653212955084,304.46653212546005,304.46653211679234,304.46653210478735,304.4665320902232,304.46653207336755,304.4665320545235,304.4665320339712,304.46653201219107,304.4665319893488,304.46653196552063,304.466531941293,304.4665319163262,304.4665318906059,304.4665318648526,304.46653183818194,304.4665318114454,304.4665317844309,304.4665317571292,304.4665317294169,304.46653170115735,304.4665316736506,304.4665316452999,304.46653161906397,304.46653159226605,304.46653156417,304.46653153893914,304.4665315123554,304.4665314864535,304.46653146158394,304.4665314375244,304.4665314107107,304.4665313927154,304.46653137048486,304.4665313454404,304.46653132560175,304.46653130396237,304.4665312822638,304.46653125795166,304.46653124060344,304.46653122206834,304.4665311998099,304.4665311824133,304.4665311651153,304.4665311392561,304.46653112622005,304.46653111320535,304.46653109759654,304.4665310849618,304.46653107022036
0.06028471155740553,304.4491240118708,304.4491240078438,304.4491239993122,304.44912398749636,304.4491239731627,304.4491239565746,304.4491239380306,304.44912391780656,304.44912389637545,304.4491238739004,304.4491238504566,304.44912382662125,304.44912380206,304.44912377675865,304.4491237514265,304.44912372519286,304.449123698896,304.4491236723271,304.44912364547696,304.44912361822384,304.4491235904335,304.4491235633856,304.4491235355081,304.4491235097139,304.4491234833675,304.4491234557438,304.4491234309422,304.4491234048093,304.44912337934846,304.4491233549046,304.4491233312589,304.4491233049015,304.4491232872274,304.44912326538315,304.4491232407682,304.4491232212791,304.4491232000164,304.44912317869523,304.4491231548001,304.4491231377614,304.44912311955324,304.4491230976781,304.4491230805893,304.44912306359646,304.44912303817296,304.44912302537426,304.44912301259535,304.4491229972608,304.44912298485315,304.4491229703698
0.06078471155740553,304.43198244518004,304.4319824412154,304.43198243281637,304.4319824211849,304.4319824070755,304.4319823907476,304.43198237249504,304.4319823525896,304.43198233149695,304.4319823093778,304.43198228630604,304.43198226285006,304.4319822386807,304.43198221378384,304.431982188858,304.43198216304575,304.43198213717255,304.43198211103254,304.4319820846168,304.43198205780544,304.431982030466,304.43198200385876,304.4319819764355,304.43198195106464,304.43198192515075,304.43198189798,304.43198187358865,304.43198184788713,304.43198182284783,304.43198179881045,304.4319817755593,304.43198174963834,304.43198173226784,304.4319817107912,304.43198168658637,304.43198166742866,304.43198164652455,304.43198162556246,304.4319816020656,304.4319815853197,304.4319815674217,304.43198154591244,304.43198152911526,304.43198151241205,304.43198148740646,304.4319814748314,304.4319814622749,304.43198144720094,304.43198143500786,304.4319814207698
0.06128471155740553,304.4151026159753,304.4151026120716,304.41510260380227,304.41510259235065,304.41510257845977,304.41510256238524,304.4151025444164,304.4151025248208,304.4151025040572,304.41510248228354,304.4151024595728,304.4151024364847,304.41510241269503,304.4151023881899,304.4151023636571,304.4151023382525,304.4151023127886,304.4151022870629,304.41510226106647,304.4151022346814,304.41510220777695,304.41510218159436,304.4151021546088,304.415102129645,304.41510210414714,304.41510207741214,304.41510205341467,304.4151020281275,304.41510200349285,304.41510197984513,304.41510195697197,304.4151019314701,304.4151019143882,304.415101893263,304.4151018694513,304.4151018506097,304.41510183004823,304.4151018094296,304.4151017863146,304.4151017698471,304.4151017522449,304.4151017310861,304.41510171456696,304.4151016981399,304.4151016735367,304.41510166117354,304.41510164882794,304.41510163400267,304.4151016220136,304.4151016080099
0.06178471155740553,304.39847983511123,304.3984798312673,304.3984798231246,304.3984798118487,304.39847979817125,304.3984797823438,304.3984797646516,304.3984797453579,304.3984797249145,304.39847970347716,304.3984796811175,304.3984796583869,304.398479634966,304.3984796108412,304.39847958668975,304.39847956168023,304.398479536613,304.3984795112886,304.3984794856982,304.3984794597255,304.398479433242,304.39847940746984,304.3984793809075,304.3984793563366,304.39847933124014,304.3984793049259,304.39847928130786,304.3984792564201,304.39847923217525,304.39847920890276,304.39847918639305,304.398479161295,304.3984791444888,304.398479123701,304.39847910026776,304.39847908172885,304.3984790614963,304.39847904120734,304.39847901846,304.39847900225874,304.39847898493974,304.3984789641181,304.39847894786527,304.3984789317027,304.39847890748814,304.3984788953268,304.3984788831823,304.3984788685954,304.398478856801,304.39847884302213
0.06228471155740553,304.3821095329488,304.3821095291633,304.3821095211446,304.3821095100405,304.3821094965716,304.3821094809856,304.3821094635634,304.3821094445643,304.3821094244333,304.38210940332374,304.3821093813062,304.3821093589236,304.3821093358616,304.38210931210676,304.382109288326,304.38210926370067,304.3821092390188,304.382109214084,304.38210918888757,304.3821091633151,304.3821091372399,304.38210911186565,304.3821090857135,304.3821090615229,304.38210903681505,304.3821090109082,304.3821089876569,304.3821089631555,304.38210893928743,304.38210891637715,304.3821088942183,304.3821088695106,304.382108852969,304.3821088325064,304.38210880943853,304.38210879119083,304.38210877127517,304.382108751304,304.3821087289117,304.38210871296593,304.3821086959194,304.38210867542324,304.38210865942636,304.3821086435181,304.38210861968,304.3821086077118,304.38210859576,304.3821085814025,304.38210856979487,304.38210855623254
0.06278471155740553,304.36598725474465,304.3659872510166,304.3659872431193,304.36598723218344,304.36598721891846,304.36598720356864,304.36598718641034,304.36598716769913,304.36598714787317,304.3659871270836,304.3659871053999,304.3659870833568,304.3659870606448,304.3659870372504,304.3659870138308,304.3659869895795,304.3659869652727,304.3659869407171,304.36598691590393,304.3659868907207,304.36598686504254,304.36598684005486,304.3659868143014,304.36598679047984,304.36598676614915,304.3659867406378,304.36598671774203,304.36598669361524,304.3659866701125,304.3659866475531,304.36598662573397,304.3659866014047,304.3659865851179,304.3659865649697,304.3659865422559,304.36598652428916,304.3659865046799,304.36598648501587,304.3659864629677,304.3659864472681,304.3659864304845,304.36598641030355,304.36598639455354,304.36598637889085,304.36598635541844,304.3659863436358,304.36598633186924,304.3659863177335,304.36598630630556,304.3659862929525
0.06328471155740553,304.35010865626913,304.3501086525973,304.3501086448191,304.35010863404796,304.35010862098284,304.3501086058641,304.3501085889641,304.3501085705344,304.35010855100677,304.35010853053,304.3501085091726,304.3501084874611,304.35010846509067,304.3501084420484,304.3501084189811,304.3501083950947,304.3501083711538,304.3501083469677,304.3501083225282,304.35010829772415,304.3501082724328,304.35010824782165,304.3501082224563,304.3501081989939,304.35010817503,304.35010814990363,304.3501081273533,304.35010810359074,304.35010808044285,304.35010805822424,304.3501080367349,304.35010801277355,304.3501079967331,304.3501079768897,304.3501079545197,304.35010793682505,304.3501079175128,304.3501078981468,304.3501078764326,304.3501078609712,304.35010784444216,304.35010782456715,304.3501078090562,304.3501077936312,304.3501077705147,304.3501077589112,304.3501077473235,304.35010773340235,304.3501077221482,304.35010770899805
0.06378471155740553,304.3344694996387,304.33446949602205,304.33446948836064,304.33446947775104,304.33446946488164,304.3344694499893,304.3344694333423,304.3344694151884,304.33446939595285,304.33446937578213,304.3344693547439,304.33446933335676,304.3344693113205,304.3344692886222,304.3344692658992,304.3344692423694,304.33446921878584,304.33446919496066,304.3344691708858,304.334469146452,304.33446912153823,304.33446909729435,304.3344690723076,304.3344690491952,304.334469025589,304.3344690008378,304.334468978624,304.3344689552162,304.334468932414,304.33446891052716,304.33446888935873,304.3344688657556,304.33446884995396,304.33446883040705,304.33446880837164,304.3344687909412,304.3344687719177,304.33446875284136,304.3344687314523,304.33446871622186,304.33446869994003,304.33446868036276,304.3344686650839,304.3344686498897,304.3344686271201,304.33446861568996,304.3344686042755,304.3344685905629,304.33446857947723,304.3344685665242
0.06428471155740553,304.3190656493527,304.31906564579026,304.31906563824333,304.3190656277922,304.3190656151148,304.3190656004445,304.31906558404546,304.3190655661618,304.3190655472124,304.3190655273416,304.3190655066159,304.31906548554633,304.3190654638371,304.3190654414756,304.3190654190895,304.3190653959085,304.31906537267434,304.3190653492022,304.31906532548396,304.319065301412,304.3190652768672,304.3190652529821,304.3190652283655,304.31906520559477,304.3190651823378,304.31906515795305,304.3190651360675,304.31906511300605,304.3190650905412,304.3190650689779,304.3190650481223,304.3190650248688,304.3190650092995,304.31906499004134,304.31906496833227,304.319064951159,304.31906493241684,304.3190649136226,304.3190648925508,304.31906487754486,304.3190648615036,304.3190648422167,304.3190648271635,304.3190648121941,304.3190647897634,304.31906477850157,304.3190647672553,304.31906475374586,304.31906474282385,304.3190647300628
0.06478471155740553,304.3038930685222,304.3038930650129,304.30389305757853,304.30389304728294,304.30389303479393,304.30389302034143,304.30389300418557,304.303892986567,304.3038929678982,304.30389294832145,304.3038929279022,304.3038929071438,304.303892885755,304.30389286372343,304.30389284166733,304.30389281882805,304.30389279593606,304.3038927728095,304.30389274944025,304.30389272572245,304.30389270153887,304.3038926780049,304.30389265375027,304.30389263131383,304.3038926083983,304.30389258437197,304.3038925628073,304.30389254008435,304.30389251794907,304.30389249670196,304.3038924761519,304.3038924532401,304.30389243789716,304.3038924189209,304.3038923975307,304.3038923806083,304.30389236214063,304.3038923436219,304.30389232286,304.303892308073,304.30389229226637,304.30389227326305,304.30389225843004,304.3038922436797,304.3038922215803,304.3038922104824,304.3038921994,304.3038921860886,304.30389217532615,304.30389216275245
0.06528471155740553,304.28894781528135,304.2889478118243,304.2889478045004,304.28894779435757,304.2889477820535,304.2889477678147,304.28894775189775,304.2889477345393,304.2889477161458,304.28894769685746,304.2889476767388,304.2889476562857,304.2889476352112,304.28894761350307,304.2889475917706,304.2889475692662,304.28894754670966,304.2889475239217,304.2889475008946,304.28894747752383,304.2889474536941,304.2889474305041,304.28894740660405,304.2889473844948,304.2889473619137,304.28894733823836,304.28894731698756,304.28894729459614,304.2889472727834,304.2889472518456,304.28894723159453,304.2889472090171,304.2889471938953,304.2889471751946,304.28894715411633,304.28894713743904,304.28894711923977,304.28894710099047,304.2889470805316,304.28894706595844,304.28894705038107,304.2889470316551,304.28894701703723,304.288947002501,304.2889469807262,304.2889469697881,304.2889469588656,304.28894694574785,304.288946935141,304.2889469227503
0.06578471155740553,304.2742260393705,304.27422603596483,304.27422602874947,304.27422601875656,304.2742260066342,304.27422599260547,304.2742259769228,304.2742259598199,304.2742259416967,304.2742259226916,304.27422590286807,304.2742258827145,304.27422586194837,304.2742258405578,304.2742258191427,304.27422579696696,304.2742257747395,304.27422575228377,304.27422572959205,304.2742257065617,304.274225683079,304.27422566022625,304.274225636674,304.2742256148855,304.2742255926321,304.27422556930077,304.27422554835783,304.2742255262911,304.27422550479446,304.27422548415973,304.2742254642014,304.27422544195167,304.274225427046,304.2742254086153,304.2742253878426,304.2742253714052,304.27422535346875,304.27422533548315,304.27422531532125,304.27422530095714,304.27422528560413,304.27422526714986,304.27422525274244,304.27422523841574,304.27422521695905,304.2742252061772,304.2742251954111,304.2742251824827,304.27422517202814,304.27422515981675
0.06628471155740553,304.25972397888256,304.25972397552744,304.25972396841865,304.2597239585732,304.2597239466294,304.25972393280693,304.2597239173547,304.25972390050265,304.25972388264506,304.2597238639181,304.2597238443844,304.25972382452505,304.2597238040619,304.25972378298303,304.2597237618796,304.2597237400265,304.2597237181221,304.2597236959924,304.2597236736301,304.25972365093384,304.2597236277917,304.25972360527,304.2597235820589,304.2597235605852,304.25972353865336,304.25972351565963,304.2597234950184,304.25972347327024,304.2597234520836,304.259723431746,304.2597234120749,304.2597233901466,304.2597233754527,304.25972335728653,304.2597233368135,304.25972332061116,304.25972330293234,304.25972328520527,304.2597232653346,304.2597232511754,304.2597232360422,304.25972321785434,304.25972320365315,304.25972318953177,304.25972316838704,304.25972315775823,304.2597231471451,304.2597231344025,304.259723124097,304.2597231120613
0.06678471155740553,304.2454379571637,304.2454379538582,304.2454379468543,304.2454379371537,304.2454379253854,304.2454379117657,304.24543789653984,304.2454378799344,304.24543786233784,304.24543784388413,304.24543782463525,304.2454378050651,304.24543778489954,304.2454377641269,304.2454377433297,304.2454377217936,304.2454377002065,304.24543767839725,304.2454376563584,304.24543763399026,304.24543761118264,304.2454375889859,304.24543756611,304.24543754494533,304.24543752332926,304.2454375006669,304.2454374803221,304.24543745888667,304.24543743800444,304.2454374179586,304.24543739856927,304.2454373769565,304.2454373624704,304.2454373445638,304.2454373243849,304.24543730841316,304.24543729098707,304.2454372735137,304.24543725392886,304.24543723997056,304.245437225053,304.2454372071266,304.2454371931277,304.24543717920767,304.2454371583693,304.2454371478905,304.24543713742753,304.24543712486695,304.2454371147076,304.24543710284433
0.06728471155740554,304.2313643798595,304.23136437660276,304.23136436970196,304.23136436014386,304.231364348548,304.23136433512775,304.2313643201245,304.23136430376155,304.2313642864215,304.2313642682366,304.2313642492677,304.23136422998175,304.2313642101086,304.2313641896372,304.23136416914093,304.23136414791634,304.2313641266412,304.23136410514667,304.2313640834258,304.2313640613802,304.23136403890135,304.231364017024,304.2313639944774,304.23136397361645,304.2313639523106,304.2313639299739,304.2313639099202,304.23136388879203,304.23136386820886,304.23136384844963,304.23136382933706,304.2313638080342,304.23136379375217,304.2313637761006,304.23136375621056,304.23136374046527,304.2313637232875,304.2313637060632,304.2313636867591,304.2313636729981,304.2313636582923,304.23136364062265,304.2313636268224,304.23136361310014,304.2313635925628,304.2313635822311,304.2313635719154,304.23136355953375,304.23136354951794,304.2313635378238
0.06778471155740554,304.2174997320999,304.2174997288912,304.21749972209176,304.21749971267377,304.2174997012476,304.2174996880234,304.21749967323905,304.21749965711456,304.21749964002686,304.2174996221062,304.2174996034126,304.217499584406,304.2174995648207,304.2174995446453,304.2174995244451,304.2174995035268,304.21749948255837,304.21749946137345,304.21749943996514,304.2174994182366,304.217499396081,304.2174993745178,304.21749935229496,304.21749933173254,304.2174993107317,304.2174992887152,304.2174992689477,304.2174992481216,304.2174992278324,304.21749920835475,304.21749918951434,304.21749916851616,304.2174991544346,304.21749913703366,304.21749911742756,304.2174991019048,304.217499084971,304.2174990679915,304.2174990489634,304.2174990353962,304.2174990208985,304.2174990034813,304.21749898987616,304.2174989763483,304.21749895610674,304.2174989459197,304.21749893574867,304.2174989235428,304.217498913668,304.2174989021402
0.06828471155740554,304.2038405758145,304.203840572653,304.20384056595327,304.2038405566731,304.2038405454139,304.2038405323825,304.20384051781355,304.2038405019236,304.20384048508413,304.2038404674234,304.20384044900067,304.2038404302691,304.20384041096673,304.2038403910826,304.20384037117344,304.20384035055656,304.20384032988983,304.2038403090095,304.2038402879085,304.20384026649197,304.2038402446543,304.2038402234,304.20384020149567,304.20384018122695,304.20384016052606,304.20384013882455,304.2038401193385,304.2038400988095,304.2038400788094,304.2038400596088,304.203840041036,304.2038400203375,304.2038400064531,304.20383998929856,304.2038399699718,304.20383995466796,304.20383993797407,304.2038399212354,304.20383990247865,304.203839889102,304.203839874809,304.2038398576399,304.2038398442267,304.2038398308899,304.2038398109393,304.2038398008944,304.20383979086574,304.2038397788327,304.2038397690965,304.2038397577323
0.06878471155740554,304.1903835471721,304.190383544057,304.1903835374554,304.1903835283108,304.19038351721576,304.19038350437415,304.1903834900171,304.1903834743579,304.19038345776266,304.1903834403577,304.1903834222014,304.19038340374044,304.1903833847165,304.190383365119,304.1903833454964,304.190383325176,304.19038330480606,304.1903832842254,304.19038326342707,304.1903832423174,304.1903832207926,304.19038319984236,304.19038317825135,304.1903831582715,304.1903831378659,304.19038311647427,304.19038309726517,304.19038307702857,304.1903830573129,304.190383038385,304.1903830200755,304.1903829996718,304.19038298598144,304.19038296906945,304.19038295001747,304.19038293492895,304.19038291847113,304.1903829019694,304.19038288347963,304.1903828702905,304.1903828561988,304.1903828392739,304.19038282604964,304.19038281290074,304.1903827932364,304.1903827833315,304.1903827734427,304.1903827615797,304.19038275197994,304.1903827407766
0.06928471155740554,304.17712535413705,304.17712535106773,304.1771253445626,304.1771253355515,304.17712532461803,304.1771253119632,304.17712529781454,304.17712528238246,304.1771252660276,304.1771252488744,304.17712523098044,304.17712521278565,304.1771251940358,304.17712517472035,304.1771251553797,304.1771251353513,304.1771251152735,304.17712509498773,304.17712507448726,304.17712505367973,304.1771250324629,304.17712501181177,304.17712499052925,304.177124970834,304.17712495071885,304.17712492963227,304.1771249106958,304.17712489074694,304.1771248713113,304.17712485265173,304.1771248346015,304.177124814488,304.1771248009886,304.17712478431537,304.17712476553385,304.17712475065736,304.1771247344319,304.17712471816344,304.1771246999363,304.17712468693196,304.17712467303846,304.17712465635384,304.17712464331544,304.17712463035167,304.177124610969,304.17712460120174,304.1771245914509,304.1771245797552,304.1771245702898,304.17712455924476
0.06978471155740554,304.1640627741379,304.16406277111344,304.1640627647034,304.1640627558236,304.1640627450491,304.1640627325781,304.1640627186347,304.16406270342617,304.1640626873078,304.1640626704025,304.16406265276663,304.16406263483395,304.16406261635393,304.16406259731616,304.1640625782531,304.16406255851194,304.1640625387219,304.1640625187265,304.16406249851923,304.1640624780091,304.1640624570955,304.164062436739,304.16406241576016,304.16406239634495,304.164062376516,304.1640623557297,304.16406233706175,304.16406231739626,304.1640622982363,304.164062279841,304.164062262046,304.1640622422183,304.164062228907,304.1640622124689,304.16406219395367,304.1640621792859,304.1640621632894,304.16406214725043,304.1640621292821,304.16406211645955,304.16406210276125,304.16406208631327,304.1640620734579,304.1640620606764,304.16406204157096,304.16406203193935,304.16406202232423,304.16406201079343,304.1640620014602,304.1640619905711
0.07028471155740554,304.15119265183984,304.15119264885965,304.15119264254304,304.1511926337925,304.15119262317455,304.15119261088444,304.151192597143,304.1511925821545,304.1511925662692,304.1511925496077,304.1511925322261,304.15119251455144,304.1511924963371,304.15119247757264,304.151192458783,304.15119243932475,304.151192419818,304.1511924001085,304.15119238018997,304.1511923599728,304.15119233935775,304.15119231929134,304.15119229861165,304.1511922794723,304.1511922599251,304.1511922394345,304.151192221031,304.15119220164456,304.1511921827562,304.15119216462114,304.15119214707755,304.1511921275312,304.1511921144055,304.1511920981988,304.1511920799459,304.1511920654838,304.1511920497127,304.1511920339,304.1511920161865,304.151192003543,304.15119199003703,304.15119197382205,304.151191961147,304.15119194854503,304.15119192971264,304.15119192021467,304.15119191073336,304.1511918993648,304.1511918901619,304.1511918794265
0.07078471155740554,304.13851189701825,304.1385118940816,304.138511887857,304.13851187923365,304.13851186876985,304.13851185665783,304.1385118431153,304.1385118283435,304.1385118126874,304.13851179626613,304.13851177913483,304.1385117617143,304.1385117437615,304.1385117252663,304.1385117067459,304.1385116875663,304.1385116683385,304.13851164891065,304.1385116292765,304.1385116093478,304.13851158902685,304.13851156924625,304.13851154886106,304.1385115299934,304.1385115107238,304.1385114905246,304.1385114723816,304.13851145327,304.13851143464916,304.13851141677054,304.1385113994747,304.1385113802055,304.1385113672625,304.13851135128397,304.13851133328944,304.13851131903004,304.138511303481,304.13851128789116,304.13851127042864,304.13851125796174,304.1385112446452,304.1385112286598,304.1385112161625,304.1385112037374,304.1385111851738,304.1385111758077,304.13851116645816,304.13851115524966,304.13851114617506,304.1385111355909
0.07128471155740554,304.1260174825264,304.12601747963265,304.1260174734986,304.1260174650006,304.12601745468845,304.12601744275173,304.126017429405,304.1260174148465,304.12601739941624,304.12601738323144,304.1260173663467,304.12601734917644,304.1260173314813,304.1260173132513,304.12601729499596,304.1260172760908,304.1260172571378,304.1260172379874,304.1260172186334,304.12601719898885,304.12601717895757,304.12601715945846,304.1260171393635,304.12601712076355,304.12601710176745,304.12601708185525,304.1260170639689,304.1260170451282,304.12601702677097,304.12601700914496,304.1260169920931,304.1260169730972,304.12601696033425,304.12601694458067,304.1260169268407,304.1260169127811,304.1260168974508,304.1260168820806,304.1260168648654,304.1260168525725,304.1260168394427,304.12601682368347,304.1260168113613,304.12601679911046,304.12601678081177,304.12601677157556,304.12601676235596,304.12601675130503,304.126016742357,304.126016731922
0.07178471155740554,304.11370644235274,304.11370643950113,304.11370643345634,304.1137064250815,304.11370641491874,304.1137064031547,304.11370639000086,304.11370637565244,304.11370636044455,304.11370634449275,304.1137063278507,304.1137063109269,304.1137062934855,304.11370627551673,304.1137062575226,304.11370623888786,304.11370622020553,304.11370620132845,304.1137061822504,304.1137061628859,304.11370614314,304.1137061239183,304.1137061041092,304.11370608577306,304.11370606704645,304.113706047417,304.11370602978366,304.1137060112098,304.1137059931124,304.11370597573534,304.1137059589241,304.1137059401972,304.11370592761193,304.11370591208,304.1137058945908,304.11370588072816,304.1137058656136,304.11370585045984,304.1137058334883,304.11370582136703,304.1137058084212,304.1137057928849,304.11370578073536,304.1137057686564,304.1137057506186,304.1137057415105,304.1137057324191,304.11370572152344,304.11370571270027,304.1137057024122
0.07228471155740554,304.10157586976345,304.10157586695345,304.1015758609964,304.101575852743,304.1015758427273,304.10157583113335,304.1015758181693,304.1015758040278,304.10157578903886,304.10157577331654,304.1015757569136,304.10157574023265,304.1015757230412,304.1015757053297,304.1015756875929,304.1015756692245,304.1015756508089,304.10157563220105,304.10157561339497,304.1015755943063,304.10157557484166,304.10157555589325,304.101575536366,304.10157551828974,304.10157549982864,304.10157548047795,304.10157546309387,304.10157544478307,304.10157542694157,304.10157540981004,304.10157539323586,304.10157537477426,304.10157536236414,304.10157534705064,304.1015753298088,304.1015753161402,304.10157530123837,304.1015752862979,304.1015752695666,304.10157525761446,304.1015752448502,304.10157522953347,304.1015752175541,304.1015752056446,304.10157518786383,304.10157517888206,304.101575169917,304.10157515917456,304.10157515047445,304.1015751403312
0.07278471155740554,304.08962291552575,304.08962291275657,304.089622906886,304.08962289875217,304.0896228888813,304.08962287745476,304.0896228646777,304.08962285074006,304.0896228359668,304.0896228204705,304.0896228043031,304.08962278786134,304.08962277091615,304.0896227534582,304.0896227359749,304.0896227178689,304.08962269971613,304.08962268137356,304.08962266283544,304.0896226440186,304.08962262483107,304.08962260615203,304.08962258690235,304.0896225690824,304.089622550883,304.0896225318069,304.08962251466863,304.0896224966171,304.089622479028,304.08962246213827,304.0896224457979,304.08962242759765,304.08962241536034,304.0896224002623,304.08962238326404,304.08962236978704,304.0896223550948,304.0896223403646,304.08962232387,304.0896223120847,304.0896222994994,304.0896222843992,304.0896222725877,304.0896222608452,304.0896222433177,304.0896222344606,304.08962222562025,304.0896222150287,304.0896222064499,304.0896221964494
0.07328471155740554,304.07784478620744,304.07784478347855,304.07784477769303,304.0778447696769,304.0778447599488,304.0778447486871,304.0778447360943,304.07784472235727,304.07784470779654,304.07784469252283,304.0778446765874,304.07784466038134,304.0778446436788,304.0778446264706,304.07784460923705,304.07784459138963,304.0778445734959,304.0778445554148,304.0778445371407,304.07784451859175,304.0778444996773,304.0778444812637,304.07784446228766,304.07784444472026,304.0778444267789,304.07784440797343,304.0778443910774,304.07784437328144,304.077844355941,304.0778443392898,304.0778443231798,304.07784430523725,304.0778442931704,304.07784427828466,304.07784426152676,304.07784424823853,304.07784423375296,304.07784421923014,304.07784420296883,304.07784419134816,304.0778441789393,304.0778441640525,304.0778441524065,304.0778441408287,304.0778441235508,304.0778441148166,304.07784410609923,304.0778440956566,304.07784408719755,304.0778440773378
0.07378471155740554,304.0662387425493,304.06623873986007,304.06623873415833,304.0662387262582,304.06623871667045,304.06623870557127,304.06623869315985,304.06623867962054,304.0662386652691,304.0662386502147,304.06623863450795,304.06623861853404,304.06623860207054,304.06623858510847,304.0662385681211,304.06623855052845,304.0662385328899,304.0662385150664,304.06623849705255,304.06623847876756,304.06623846012235,304.0662384419703,304.06623842326394,304.06623840594546,304.0662383882584,304.0662383697198,304.06623835306254,304.0662383355185,304.0662383184233,304.06623830200726,304.0662382861244,304.0662382684359,304.0662382565372,304.06623824186084,304.06623822533976,304.0662382122377,304.06623819795595,304.0662381836376,304.06623816760634,304.06623815614796,304.06623814391304,304.0662381292367,304.0662381177539,304.0662381063386,304.06623808930664,304.0662380806938,304.06623807209775,304.06623806180187,304.0662380534609,304.06623804374
0.07428471155740554,304.05480209790636,304.0548020952561,304.054802089637,304.05480208185094,304.0548020724016,304.0548020614624,304.0548020492297,304.0548020358852,304.05480202173993,304.05480200690164,304.05480199142005,304.0548019756749,304.05480195944693,304.05480194272735,304.0548019259826,304.054801908641,304.05480189125393,304.0548018736844,304.054801855927,304.05480183790223,304.0548018195222,304.0548018016281,304.0548017831876,304.0548017661145,304.05480174867813,304.0548017304026,304.0548017139808,304.05480169668505,304.05480167983154,304.0548016636473,304.05480164798854,304.0548016305503,304.0548016188175,304.0548016043477,304.0548015880601,304.0548015751417,304.0548015610609,304.0548015469442,304.0548015311397,304.05480151984136,304.0548015077781,304.0548014933092,304.0548014819874,304.05480147073223,304.0548014539427,304.0548014454495,304.05480143697315,304.05480142682205,304.0548014185975,304.05480140901346
0.07478471155740554,304.04353221675444,304.04353221414266,304.04353220860486,304.04353220093134,304.0435321916182,304.04353218083656,304.04353216877996,304.04353215562725,304.0435321416852,304.0435321270598,304.0435321118001,304.04353209628033,304.0435320802845,304.04353206380387,304.0435320472981,304.043532030204,304.04353201306475,304.04353199574547,304.0435319782409,304.0435319604726,304.04353194235404,304.0435319247141,304.0435319065356,304.04353188970447,304.04353187251513,304.0435318544989,304.0435318383092,304.04353182125834,304.0435318046432,304.0435317886874,304.0435317732496,304.0435317560582,304.0435317444891,304.04353173022287,304.0435317141655,304.04353170142826,304.0435316875456,304.04353167362774,304.04353165804673,304.04353164690644,304.0435316350124,304.043531620748,304.043531609585,304.0435315984878,304.04353158193715,304.0435315735621,304.0435315652038,304.04353155519544,304.0435315470858,304.04353153763674
0.07528471155740554,304.0324265132591,304.0324265106851,304.0324265052274,304.0324264976646,304.0324264884858,304.03242647785936,304.0324264659762,304.03242645301253,304.0324264392706,304.03242642485486,304.03242640981387,304.03242639451616,304.0324263787491,304.032426362504,304.0324263462337,304.0324263293835,304.0324263124885,304.032426295416,304.03242627816053,304.03242626064497,304.03242624278414,304.03242622539483,304.0324262074746,304.03242619088195,304.03242617393624,304.03242615617546,304.03242614021474,304.03242612340523,304.03242610702506,304.0324260912947,304.03242607607467,304.0324260591267,304.032426047719,304.0324260336536,304.0324260178232,304.0324260052646,304.03242599157744,304.0324259778556,304.03242596249504,304.0324259515105,304.0324259397835,304.03242592572064,304.0324259147143,304.0324259037729,304.03242588745775,304.0324258791992,304.0324258709574,304.03242586108985,304.03242585309357,304.03242584377756
0.07578471155740554,304.021482449903,304.0214824473663,304.02148244198736,304.0214824345337,304.02148242548714,304.0214824150136,304.02148240330126,304.02148239052383,304.02148237697907,304.0214823627701,304.0214823479445,304.0214823328656,304.02148231732394,304.0214823013109,304.02148228527284,304.021482268663,304.02148225200875,304.0214822351793,304.02148221816947,304.0214822009031,304.02148218329626,304.0214821661539,304.02148214848825,304.02148213213076,304.0214821154252,304.0214820979165,304.02148208218136,304.0214820656098,304.0214820494614,304.02148203395325,304.02148201894795,304.02148200223996,304.02148199099156,304.0214819771242,304.0214819615176,304.02148194913525,304.02148193564085,304.02148192211234,304.0214819069691,304.0214818961383,304.0214818845758,304.02148187071185,304.02148185985993,304.02148184907225,304.02148183298925,304.02148182484575,304.02148181671896,304.0214818069902,304.0214817991057,304.021481789921
0.07628471155740554,304.0106975361696,304.0106975336696,304.0106975283684,304.0106975210221,304.0106975121058,304.01069750178306,304.01069749023895,304.010697477645,304.0106974642946,304.0106974502892,304.0106974356759,304.0106974208127,304.01069740549315,304.01069738970875,304.0106973738995,304.01069735752657,304.0106973411097,304.0106973245198,304.01069730775197,304.0106972907313,304.01069727337483,304.01069725647596,304.0106972390613,304.0106972229357,304.0106972064669,304.01069718920655,304.010697173694,304.0106971573571,304.01069714143705,304.01069712614805,304.0106971113545,304.0106970948831,304.0106970837919,304.0106970701199,304.0106970547339,304.0106970425254,304.0106970292211,304.01069701588324,304.0106970009542,304.0106969902751,304.0106969788751,304.0106969652071,304.0106969545076,304.0106969438715,304.01069692801724,304.01069691998725,304.01069691197387,304.010696902382,304.01069689460786,304.0106968855526
0.07678471155740554,304.00006932728024,304.0000693248164,304.00006931959166,304.00006931235134,304.00006930356335,304.00006929338895,304.0000692820107,304.00006926959753,304.00006925643856,304.0000692426338,304.00006922822973,304.0000692135791,304.0000691984784,304.00006918291945,304.00006916733577,304.00006915119627,304.00006913501323,304.00006911865967,304.0000691021304,304.00006908535175,304.0000690682422,304.0000690515833,304.00006903441613,304.00006901851896,304.0000690022837,304.0000689852682,304.000068969975,304.00006895386946,304.0000689381747,304.00006892310176,304.0000689085171,304.00006889227893,304.0000688813428,304.00006886786343,304.00006885269505,304.00006884065795,304.0000688275411,304.00006881439134,304.0000687996735,304.00006878914405,304.00006877790423,304.0000687644296,304.0000687538803,304.00006874339374,304.00006872776504,304.000068719847,304.0000687119455,304.00006870248876,304.00006869482337,304.0000686858958
0.07728471155740554,303.9895954229814,303.98959542055314,303.98959541540376,303.9895954082677,303.9895953996062,303.98959538957797,303.98959537836316,303.989595366128,303.9895953531577,303.98959533955076,303.98959532535275,303.98959531091157,303.98959529602666,303.98959528068985,303.98959526532843,303.989595249419,303.9895952334665,303.98959521734577,303.9895952010517,303.9895951845118,303.9895951676455,303.9895951512233,303.9895951342999,303.98959511862824,303.9895951026231,303.98959508584903,303.98959507077217,303.9895950548947,303.98959503942206,303.98959502456216,303.9895950101835,303.98959499417526,303.9895949833922,303.98959497010276,303.9895949551489,303.9895949432809,303.98959493034897,303.98959491738464,303.9895949028751,303.98959489249324,303.98959488141145,303.98959486812737,303.9895948577264,303.98959484738725,303.98959483198087,303.98959482417325,303.9895948163823,303.9895948070587,303.98959479950065,303.98959479069896
0.07778471155740554,303.9792734663798,303.9792734639866,303.9792734589115,303.97927345187816,303.9792734433412,303.9792734334571,303.97927342240325,303.9792734103437,303.9792733975592,303.97927338414706,303.97927337015227,303.9792733559175,303.9792733412451,303.97927332612727,303.9792733109849,303.9792732953024,303.97927327957717,303.97927326368585,303.9792732476237,303.979273231319,303.97927321469257,303.9792731985037,303.97927318182076,303.9792731663712,303.979273150593,303.97927313405694,303.9792731191934,303.97927310354083,303.9792730882872,303.9792730736374,303.9792730594618,303.97927304368034,303.97927303304823,303.97927301994605,303.9792730052038,303.9792729935027,303.9792729807531,303.9792729679716,303.9792729536676,303.97927294343117,303.97927293250524,303.97927291940914,303.9792729091543,303.97927289896074,303.97927288377343,303.9792728760749,303.9792728683928,303.9792728592006,303.97927285174853,303.979272843071
0.07828471155740555,303.96910114282394,303.96910114046534,303.96910113546335,303.96910112853124,303.969101120117,303.9691011103748,303.96910109947964,303.9691010875929,303.9691010749916,303.9691010617714,303.9691010479769,303.96910103394555,303.96910101948276,303.9691010045807,303.9691009896542,303.9691009741952,303.969100958694,303.96910094302893,303.9691009271953,303.96910091112255,303.9691008947326,303.96910087877365,303.96910086232776,303.96910084709725,303.96910083154285,303.9691008152414,303.9691008005883,303.9691007851574,303.9691007701197,303.96910075567706,303.96910074170177,303.9691007261439,303.96910071566066,303.9691007027434,303.9691006882097,303.96910067667307,303.9691006641033,303.96910065150223,303.96910063740063,303.96910062730797,303.96910061653574,303.9691006036249,303.9691005935143,303.9691005834642,303.96910056849293,303.969100560902,303.96910055332734,303.96910054426473,303.96910053691715,303.969100528362
0.07878471155740555,303.9590761788282,303.9590761765036,303.9590761715736,303.9590761647412,303.9590761564478,303.9590761468456,303.95907613610666,303.9590761243904,303.9590761119696,303.9590760989386,303.9590760853413,303.9590760715105,303.9590760572542,303.9590760425648,303.9590760278512,303.9590760126125,303.95907599733215,303.9590759818901,303.9590759662818,303.9590759504376,303.9590759342807,303.9590759185485,303.95907590233634,303.9590758873218,303.95907587198786,303.95907585591783,303.9590758414721,303.95907582625995,303.9590758114351,303.95907579719676,303.959075783419,303.95907576808156,303.95907575774527,303.95907574501024,303.95907573068223,303.9590757193079,303.95907570691554,303.9590756944923,303.9590756805904,303.9590756706393,303.9590756600188,303.95907564729066,303.95907563732237,303.9590756274137,303.95907561265545,303.95907560517065,303.95907559770205,303.9590755887672,303.95907558152277,303.95907557308834
0.07928471155740555,303.94919634103843,303.94919633874736,303.9491963338884,303.94919632715425,303.94919631897994,303.94919630951546,303.9491962989306,303.94919628738216,303.94919627513923,303.9491962622948,303.94919624889184,303.9491962352587,303.9491962212059,303.9491962067262,303.9491961922223,303.9491961772009,303.9491961621381,303.9491961469159,303.9491961315296,303.9491961159108,303.94919609998374,303.94919608447503,303.9491960684933,303.9491960536916,303.9491960385753,303.9491960227333,303.94919600849204,303.9491959934955,303.94919597888065,303.9491959648437,303.94919595126066,303.94919593614065,303.94919592594925,303.9491959133939,303.9491958992688,303.94919588805465,303.94919587583706,303.94919586358924,303.9491958498843,303.949195840073,303.949195829602,303.94919581705403,303.94919580722603,303.949195797457,303.94919578290865,303.94919577552855,303.94919576816466,303.9491957593558,303.94919575221303,303.9491957438977
0.07978471155740555,303.93945943523727,303.9394594329792,303.93945942819016,303.9394594215527,303.93945941349585,303.9394594041672,303.93945939373407,303.9394593823512,303.93945937028343,303.93945935762275,303.9394593444115,303.939459330973,303.9394593171209,303.9394593028477,303.93945928855067,303.93945927374335,303.9394592588951,303.9394592438896,303.9394592287222,303.9394592133256,303.93945919762507,303.93945918233675,303.93945916658197,303.9394591519903,303.9394591370884,303.9394591214713,303.9394591074318,303.9394590926477,303.9394590782399,303.9394590644016,303.93945905101066,303.93945903610495,303.9394590260566,303.9394590136784,303.93945899975336,303.9394589886971,303.93945897665196,303.9394589645771,303.93945895106634,303.9394589413929,303.93945893106945,303.93945891869913,303.93945890900955,303.9394588993782,303.9394588850368,303.93945887776005,303.9394588704994,303.9394588618147,303.9394588547723,303.9394588465744
0.08028471155740555,303.9298633053863,303.9298633031608,303.9298632984406,303.9298632918985,303.9298632839573,303.92986327476245,303.92986326447885,303.929863253259,303.92986324136405,303.9298632288844,303.929863215862,303.92986320261537,303.9298631889611,303.9298631748915,303.9298631607983,303.929863146202,303.9298631315652,303.9298631167733,303.9298631018218,303.9298630866442,303.92986307116695,303.9298630560959,303.929863040565,303.9298630261804,303.9298630114899,303.92986299609447,303.9298629822538,303.9298629676793,303.9298629534756,303.92986293983313,303.92986292663164,303.9298629119372,303.92986290202987,303.9298628898266,303.92986287609864,303.9298628651982,303.92986285332313,303.9298628414189,303.92986282809954,303.9298628185621,303.9298628083842,303.929862796189,303.929862786636,303.92986277714033,303.9298627630029,303.9298627558282,303.92986274866934,303.92986274010735,303.9298627331638,303.9298627250818
0.08078471155740555,303.92040583270375,303.9204058305103,303.9204058258579,303.9204058194099,303.92040581158255,303.92040580251955,303.92040579238335,303.9204057813241,303.92040576959937,303.9204057572982,303.92040574446196,303.92040573140457,303.92040571794513,303.92040570407625,303.9204056901839,303.9204056757957,303.92040566136734,303.920405646786,303.9204056320472,303.9204056170856,303.9204056018284,303.92040558697147,303.92040557166143,303.9204055574808,303.92040554299876,303.92040552782197,303.92040551417733,303.92040549980953,303.9204054858071,303.9204054723578,303.920405459343,303.9204054448569,303.9204054350888,303.9204054230579,303.92040540952434,303.9204053987775,303.92040538707033,303.92040537533427,303.92040536220367,303.9204053528004,303.9204053427659,303.9204053307435,303.9204053213251,303.9204053119634,303.9204052980271,303.9204052909529,303.9204052838945,303.92040527545345,303.92040526860757,303.9204052606397
0.08128471155740555,303.9110849347765,303.9110849326146,303.91108492802914,303.91108492167365,303.9110849139586,303.9110849050255,303.9110848950345,303.9110848841336,303.9110848725766,303.9110848604513,303.91108484779846,303.9110848349275,303.9110848216602,303.9110848079892,303.9110847942949,303.91108478011165,303.91108476588875,303.9110847515151,303.911084736986,303.9110847222372,303.91108470719706,303.9110846925513,303.91108467745875,303.91108466347947,303.9110846492029,303.9110846342416,303.9110846207903,303.9110846066263,303.91108459282225,303.9110845795634,303.9110845667328,303.9110845524521,303.9110845428213,303.91108453096035,303.9110845176186,303.91108450702325,303.9110844954814,303.91108448391134,303.9110844709668,303.9110844616959,303.91108445180294,303.9110844399509,303.91108443066526,303.91108442143565,303.91108440769756,303.91108440072264,303.9110843937634,303.91108438544154,303.9110843786919,303.9110843708367
0.08178471155740555,303.9018985647037,303.90189856257285,303.9018985580533,303.90189855178903,303.90189854418463,303.90189853537953,303.9018985255316,303.90189851478675,303.90189850339505,303.90189849144315,303.9018984789711,303.9018984662839,303.90189845320583,303.90189843972985,303.90189842623073,303.90189841224964,303.9018983982293,303.90189838406025,303.901898369738,303.90189835519897,303.9018983403727,303.9018983259351,303.90189831105715,303.90189829727615,303.9018982832023,303.90189826845346,303.9018982551928,303.9018982412297,303.9018982276213,303.9018982145502,303.90189820190125,303.9018981878231,303.9018981783277,303.9018981666344,303.90189815348174,303.9018981430358,303.90189813165716,303.9018981202506,303.90189810748967,303.90189809834925,303.9018980885959,303.9018980769118,303.9018980677571,303.9018980586577,303.90189804511516,303.90189803823813,303.9018980313766,303.9018980231723,303.9018980165177,303.90189800877357
0.08228471155740555,303.8928447102715,303.89284470817137,303.89284470371666,303.8928446975423,303.89284469004696,303.892844681368,303.89284467166107,303.89284466107,303.89284464984127,303.8928446380602,303.8928446257662,303.8928446132602,303.8928446003688,303.892844587085,303.8928445737783,303.89284455999643,303.8928445461758,303.89284453220836,303.89284451808993,303.8928445037578,303.8928444891425,303.89284447491,303.89284446024357,303.8928444466582,303.89284443278405,303.89284441824475,303.89284440517196,303.89284439140687,303.8928443779915,303.8928443651056,303.8928443526357,303.8928443387573,303.8928443293954,303.89284431786746,303.8928443049012,303.89284429460264,303.8928442833849,303.8928442721397,303.89284425955964,303.892844250548,303.8928442409323,303.89284422941375,303.8928442203884,303.8928442114174,303.8928441980675,303.89284419128705,303.892844184522,303.89284417643364,303.8928441698727,303.8928441622381
0.08278471155740555,303.88392139315715,303.88392139108714,303.8839213866964,303.8839213806106,303.8839213732227,303.883921364668,303.8839213551001,303.88392134466056,303.88392133359235,303.88392132197964,303.8839213098613,303.88392129753385,303.88392128482633,303.883921271732,303.883921258615,303.88392124502946,303.8839212314057,303.88392121763707,303.8839212037195,303.8839211895913,303.8839211751839,303.8839211611538,303.88392114669585,303.8839211333034,303.88392111962617,303.8839211052933,303.88392109240596,303.8839210788362,303.88392106561093,303.8839210529077,303.88392104061427,303.88392102693274,303.88392101770273,303.8839210063378,303.88392099355536,303.88392098340216,303.88392097234305,303.883920961257,303.8839209488553,303.8839209399707,303.8839209304907,303.8839209191355,303.8839209102374,303.8839209013932,303.8839208882332,303.88392088154797,303.8839208748782,303.88392086690413,303.88392086043564,303.883920852909
0.08328471155740555,303.8751266681602,303.87512666611997,303.87512666179225,303.87512665579374,303.87512664851164,303.87512664007954,303.87512663064854,303.8751266203583,303.87512660944844,303.8751265980016,303.8751265860564,303.8751265739048,303.8751265613786,303.875126548471,303.8751265355409,303.875126522149,303.87512650871923,303.8751264951467,303.87512648142723,303.87512646749997,303.8751264532975,303.87512643946684,303.87512642521443,303.87512641201215,303.8751263985291,303.8751263843999,303.8751263716953,303.87512635831797,303.8751263452804,303.87512633275713,303.87512632063783,303.8751263071505,303.8751262980504,303.8751262868463,303.87512627424496,303.8751262642352,303.87512625333255,303.8751262424033,303.87512623017756,303.87512622141816,303.87512621207213,303.8751262008779,303.8751261921054,303.8751261833862,303.8751261704134,303.87512616382224,303.87512615724626,303.8751261493849,303.8751261430076,303.87512613558755
0.08378471155740555,303.8664586224613,303.86645862045043,303.86645861618473,303.86645861027216,303.8664586030944,303.86645859478307,303.86645858548695,303.866458575344,303.86645856459,303.86645855330676,303.86645854153215,303.866458529554,303.8664585172065,303.866458504483,303.8664584917371,303.86645847853606,303.86645846529757,303.8664584519182,303.866458438394,303.86645842466487,303.8664584106645,303.86645839703044,303.8664583829807,303.8664583699658,303.86645835667434,303.8664583427458,303.86645833022135,303.86645831703396,303.86645830418126,303.8664582918355,303.8664582798879,303.86645826659196,303.8664582576201,303.8664582465745,303.8664582341519,303.8664582242835,303.8664582135351,303.8664582027606,303.8664581907083,303.86645818207245,303.8664581728584,303.86645816182295,303.8664581531744,303.86645814457836,303.8664581317902,303.86645812529173,303.86645811880834,303.8664581110582,303.86645810477074,303.8664580974557
0.08428471155740555,303.8579153749054,303.85791537292334,303.8579153687189,303.8579153628911,303.85791535581615,303.8579153476237,303.85791533846066,303.8579153284627,303.8579153178624,303.8579153067404,303.85791529513386,303.8579152833267,303.8579152711553,303.8579152586132,303.85791524604906,303.857915233036,303.85791521998607,303.8579152067972,303.8579151934655,303.85791517993175,303.8579151661305,303.85791515269034,303.8579151388403,303.8579151260103,303.85791511290756,303.8579150991769,303.85791508683013,303.8579150738299,303.85791506115953,303.8579150489888,303.85791503721055,303.85791502410325,303.8579150152579,303.85791500436864,303.8579149921222,303.8579149823932,303.857914971797,303.857914961175,303.8579149492937,303.85791494077966,303.8579149316959,303.85791492081694,303.8579149122906,303.8579149038161,303.8579148912098,303.8579148848028,303.8579148784108,303.8579148707703,303.8579148645715,303.85791485736
0.08478471155740555,303.84949507530973,303.84949507335614,303.84949506921197,303.84949506346766,303.84949505649405,303.84949504841893,303.8494950393869,303.8494950295319,303.8494950190831,303.8494950081199,303.84949499667914,303.84949498504045,303.8494949730426,303.8494949606794,303.8494949482943,303.8494949354667,303.8494949226026,303.8494949096015,303.8494948964595,303.8494948831183,303.8494948695135,303.84949485626436,303.8494948426113,303.84949482996353,303.8494948170468,303.84949480351133,303.8494947913397,303.84949477852393,303.84949476603344,303.8494947540353,303.84949474242393,303.84949472950274,303.8494947207821,303.84949471004694,303.84949469797425,303.84949468838283,303.8494946779366,303.8494946674651,303.8494946557523,303.8494946473585,303.8494946384031,303.84949462767844,303.8494946192726,303.849494610918,303.8494945984911,303.84949459217427,303.84949458587226,303.84949457833994,303.8494945722286,303.84949456511924
0.08528471155740555,303.84119590379464,303.84119590186907,303.84119589778436,303.84119589212236,303.8411958852485,303.8411958772889,303.8411958683861,303.841195858672,303.8411958483725,303.84119583756586,303.8411958262884,303.84119581481576,303.84119580298915,303.84119579080215,303.8411957785935,303.84119576594867,303.8411957532678,303.8411957404518,303.8411957274968,303.84119571434553,303.84119570093424,303.84119568787355,303.8411956744146,303.8411956619464,303.84119564921326,303.8411956358701,303.84119562387116,303.8411956112374,303.8411955989241,303.8411955870961,303.8411955756494,303.84119556291165,303.841195554314,303.8411955437309,303.84119553182944,303.8411955223736,303.84119551207533,303.84119550175217,303.8411954902056,303.8411954819303,303.8411954731016,303.8411954625291,303.8411954542421,303.8411954460056,303.84119543375556,303.84119542752774,303.8411954213146,303.84119541388884,303.84119540786384,303.84119540085516
0.08578471155740555,303.8330160701362,303.83301606823824,303.833016064212,303.8330160586311,303.8330160518557,303.8330160440099,303.83301603523444,303.83301602565916,303.8330160155068,303.8330160048546,303.83301599373806,303.83301598242906,303.8330159707711,303.8330159587579,303.83301594672326,303.8330159342586,303.83301592175826,303.83301590912475,303.8330158963542,303.83301588339,303.83301587016956,303.8330158572946,303.8330158440271,303.83301583173596,303.83301581918374,303.83301580603023,303.8330157942015,303.8330157817472,303.83301576960866,303.83301575794843,303.833015746664,303.8330157341071,303.8330157256308,303.8330157151975,303.83301570346504,303.8330156941429,303.8330156839905,303.8330156738135,303.8330156624309,303.83301565427246,303.83301564556865,303.8330156351461,303.8330156269764,303.83301561885645,303.8330156067807,303.8330156006407,303.83301559451513,303.83301558719455,303.8330155812546,303.8330155743452
0.08628471155740555,303.8249538131401,303.8249538112694,303.82495380730086,303.8249538017998,303.8249537951214,303.82495378738787,303.82495377873784,303.82495376929944,303.8249537592921,303.8249537487919,303.82495373783416,303.8249537266865,303.8249537151948,303.82495370335283,303.82495369148967,303.82495367920257,303.82495366688033,303.8249536544266,303.8249536418378,303.82495362905814,303.8249536160258,303.82495360333394,303.8249535902552,303.8249535781387,303.82495356576476,303.8249535527982,303.8249535411374,303.8249535288599,303.8249535168937,303.82495350539887,303.82495349427444,303.82495348189593,303.8249534735392,303.8249534632538,303.8249534516878,303.8249534424975,303.82495343248894,303.8249534224562,303.8249534112352,303.824953403192,303.8249533946114,303.82495338433677,303.82495337628256,303.8249533682775,303.8249533563736,303.8249533503202,303.824953344281,303.82495333706413,303.8249533312081,303.8249533243966
0.08678471155740555,303.8170074000357,303.81700739819183,303.81700739428015,303.8170073888579,303.817007382275,303.81700737465206,303.81700736612567,303.8170073568221,303.8170073469578,303.8170073366075,303.8170073258061,303.81700731481743,303.8170073034896,303.81700729181654,303.81700728012237,303.8170072680104,303.8170072558636,303.8170072435872,303.81700723117757,303.8170072185798,303.8170072057329,303.81700719322157,303.8170071803288,303.8170071683845,303.8170071561864,303.8170071434041,303.81700713190884,303.81700711980574,303.8170071080094,303.8170070966777,303.81700708571105,303.81700707350825,303.81700706526965,303.8170070551299,303.81700704372804,303.8170070346679,303.8170070248011,303.8170070149106,303.81700700384886,303.81700699591937,303.81700698746016,303.8170069773314,303.8170069693912,303.81700696149943,303.817006949765,303.81700694379686,303.817006937843,303.8170069307283,303.81700692495497,303.81700691824005
0.08728471155740555,303.8091751258888,303.80917512407143,303.80917512021574,303.80917511487104,303.8091751083823,303.8091751008684,303.8091750924638,303.8091750832932,303.80917507356975,303.80917506336726,303.80917505272004,303.8091750418882,303.80917503072186,303.8091750192151,303.80917500768766,303.8091749957482,303.80917498377437,303.8091749716728,303.8091749594399,303.80917494702135,303.80917493435726,303.8091749220239,303.8091749093145,303.80917489753995,303.80917488551506,303.8091748729146,303.8091748615825,303.80917484965124,303.8091748380224,303.8091748268515,303.80917481604047,303.80917480401104,303.8091747958888,303.80917478589276,303.80917477465283,303.80917476572074,303.80917475599387,303.80917474624357,303.80917473533896,303.80917472752157,303.8091747191821,303.8091747091971,303.80917470136933,303.8091746935893,303.8091746820219,303.80917467613796,303.80917467026813,303.8091746632543,303.80917465756255,303.80917465094274
0.08778471155740555,303.80145531303316,303.80145531124174,303.80145530744136,303.80145530217317,303.8014552957772,303.8014552883707,303.8014552800863,303.8014552710467,303.801455261462,303.8014552514052,303.8014552409099,303.8014552302325,303.8014552192255,303.8014552078828,303.8014551965195,303.8014551847502,303.80145517294693,303.8014551610176,303.80145514895884,303.80145513671704,303.8014551242332,303.8014551120752,303.8014550995466,303.80145508793936,303.80145507608546,303.80145506366404,303.8014550524929,303.8014550407311,303.80145502926746,303.8014550182551,303.80145500759744,303.8014549957389,303.8014549877314,303.8014549778771,303.80145496679665,303.8014549579911,303.8014549484021,303.8014549387901,303.80145492804024,303.80145492033347,303.80145491211204,303.80145490226886,303.80145489455185,303.801454886882,303.80145487547924,303.80145486967837,303.8014548638914,303.801454856977,303.8014548513657,303.80145484483984
0.08828471155740555,303.79384631051926,303.79384630875353,303.7938463050075,303.7938462998147,303.79384629351017,303.79384628620954,303.79384627804353,303.79384626913304,303.79384625968527,303.79384624977195,303.79384623942644,303.7938462289013,303.79384621805127,303.79384620687017,303.7938461956689,303.7938461840672,303.79384617243204,303.7938461606726,303.7938461487854,303.7938461367179,303.7938461244117,303.79384611242665,303.7938461000763,303.793846088634,303.7938460769486,303.7938460647038,303.7938460536912,303.7938460420966,303.79384603079575,303.7938460199397,303.79384600943325,303.7938459977431,303.7938459898489,303.7938459801343,303.79384596921125,303.79384596053035,303.79384595107734,303.7938459416016,303.7938459310045,303.7938459234067,303.79384591530174,303.7938459055983,303.79384589799054,303.79384589042934,303.79384587918884,303.79384587346993,303.79384586776484,303.79384586094835,303.7938458554164,303.7938458489831
0.08878471155740555,303.78634649357986,303.78634649183937,303.78634648814693,303.7863464830284,303.78634647681406,303.78634646961785,303.7863464615685,303.7863464527852,303.7863464434723,303.7863464337006,303.78634642350266,303.78634641312766,303.7863464024322,303.7863463914106,303.78634638036885,303.78634636893247,303.78634635746306,303.786346345871,303.78634633415305,303.78634632225726,303.7863463101262,303.7863462983116,303.786346286137,303.78634627485735,303.78634626333803,303.78634625126733,303.78634624041115,303.7863462289813,303.7863462178409,303.78634620713905,303.78634619678166,303.7863461852577,303.786346177475,303.7863461678982,303.7863461571303,303.78634614857236,303.78634613925334,303.7863461299121,303.78634611946546,303.78634611197515,303.786346103985,303.7863460944194,303.7863460869195,303.7863460794654,303.7863460683848,303.7863460627467,303.7863460571222,303.78634605040236,303.78634604494874,303.78634603860667
0.08928471155740555,303.77895426311176,303.7789542613962,303.77895425775665,303.7789542527113,303.77895424658584,303.77895423949235,303.778954231558,303.7789542229002,303.7789542137203,303.77895420408794,303.77895419403546,303.7789541838085,303.77895417326556,303.778954162401,303.7789541515166,303.7789541402431,303.7789541289371,303.77895411751007,303.7789541059589,303.77895409423246,303.778954082274,303.77895407062755,303.77895405862614,303.7789540475068,303.77895403615116,303.77895402425213,303.7789540135502,303.7789540022828,303.7789539913007,303.77895398075077,303.77895397054033,303.77895395918017,303.77895395150756,303.77895394206655,303.77895393145155,303.77895392301485,303.77895391382805,303.77895390461924,303.7789538943211,303.7789538869368,303.77895387905994,303.7789538696301,303.7789538622364,303.77895385488796,303.77895384396516,303.77895383840666,303.7789538328617,303.7789538262371,303.77895382086064,303.77895381460854
0.08978471155740556,303.7716680451726,303.77166804348167,303.77166803989417,303.77166803492094,303.771668028883,303.77166802189095,303.77166801406986,303.77166800553573,303.7716679964868,303.77166798699193,303.77166797708287,303.77166796700175,303.7716679566091,303.7716679458995,303.7716679351701,303.7716679240573,303.77166791291216,303.7716679016479,303.7716678902612,303.77166787870163,303.77166786691345,303.77166785543267,303.77166784360196,303.7716678326407,303.7716678214465,303.7716678097167,303.7716677991668,303.77166778805946,303.77166777723335,303.7716677668333,303.7716677567679,303.77166774556906,303.771667738005,303.771667728698,303.77166771823374,303.7716677099166,303.7716677008601,303.771667691782,303.7716676816301,303.7716676743504,303.77166766658513,303.77166765728924,303.7716676500003,303.7716676427561,303.77166763198875,303.77166762650876,303.77166762104224,303.77166761451167,303.77166760921125,303.77166760304783
0.09028471155740556,303.76448629049264,303.76448628882594,303.7644862852897,303.76448628038764,303.76448627443597,303.7644862675438,303.7644862598345,303.76448625142217,303.7644862425024,303.764486233143,303.76448622337534,303.76448621343786,303.7644862031934,303.76448619263635,303.7644861820599,303.76448617110543,303.7644861601191,303.76448614901517,303.7644861377906,303.7644861263955,303.76448611477514,303.76448610345767,303.76448609179533,303.76448608098985,303.7644860699549,303.76448605839187,303.76448604799185,303.76448603704233,303.7644860263701,303.76448601611764,303.76448600619517,303.76448599515555,303.76448598769855,303.76448597852357,303.76448596820796,303.7644859600087,303.7644859510807,303.7644859421314,303.76448593212376,303.76448592494717,303.76448591729195,303.76448590812817,303.76448590094253,303.76448589380095,303.7644858831869,303.76448587778447,303.7644858723952,303.7644858659573,303.7644858607319,303.76448585465596
0.09078471155740556,303.7574074740003,303.7574074723574,303.75740746887175,303.7574074640398,303.7574074581732,303.7574074513794,303.75740744378015,303.75740743548795,303.7574074266955,303.75740741746966,303.7574074078413,303.7574073980456,303.7574073879472,303.75740737754063,303.7574073671148,303.7574073563164,303.75740734548646,303.7574073345407,303.7574073234759,303.75740731224306,303.75740730078803,303.7574072896316,303.7574072781352,303.75740726748336,303.7574072566053,303.75740724520676,303.7574072349545,303.75740722416054,303.75740721363996,303.7574072035332,303.75740719375165,303.75740718286886,303.75740717551747,303.7574071664726,303.7574071563036,303.7574071482206,303.7574071394193,303.757407130597,303.75740712073167,303.7574071136566,303.75740710610995,303.75740709707634,303.75740708999257,303.75740708295234,303.7574070724893,303.75740706716323,303.7574070618503,303.7574070555036,303.75740705035224,303.7574070443626
0.09128471155740556,303.75043009436126,303.75043009274185,303.75043008930606,303.7504300845432,303.7504300787604,303.75043007206364,303.7504300645729,303.75043005639907,303.75043004773215,303.7504300386379,303.75043002914686,303.7504300194908,303.7504300095364,303.7504299992781,303.75042998900085,303.75042997835624,303.7504299676806,303.7504299568907,303.7504299459834,303.75042993491047,303.7504299236185,303.7504299126208,303.750429901288,303.75042989078764,303.7504298800642,303.7504298688278,303.75042985872113,303.7504298480808,303.75042983770965,303.7504298277464,303.7504298181037,303.7504298073758,303.7504298001284,303.7504297912119,303.7504297811874,303.750429773219,303.7504297645426,303.7504297558455,303.75042974612035,303.75042973914555,303.75042973170594,303.7504297228006,303.7504297158174,303.7504297088769,303.7504296985628,303.7504296933121,303.75042968807435,303.75042968181776,303.75042967673943,303.7504296708347
0.09178471155740556,303.74355267353076,303.7435526719345,303.74355266854786,303.743552663853,303.7435526581528,303.7435526515518,303.74355264416795,303.74355263611085,303.74355262756757,303.74355261860296,303.74355260924733,303.743552599729,303.7435525899164,303.7435525798044,303.7435525696736,303.74355255918056,303.7435525486569,303.7435525380207,303.74355252726866,303.74355251635336,303.74355250522217,303.74355249438094,303.7435524832094,303.74355247285837,303.7435524622874,303.7435524512108,303.74355244124786,303.74355243075865,303.7435524205349,303.7435524107133,303.7435524012076,303.7435523906321,303.7435523834873,303.74355237469746,303.74355236481534,303.7435523569599,303.7435523484067,303.74355233983306,303.7435523302462,303.7435523233702,303.7435523160361,303.7435523072574,303.7435523003731,303.74355229353114,303.7435522833639,303.74355227818745,303.7435522730238,303.74355226685606,303.74355226184963,303.74355225602875
0.09228471155740556,303.73677375631775,303.7367737547444,303.73677375140613,303.7367737467784,303.7367737411596,303.73677373465284,303.7367737273744,303.73677371943234,303.73677371101087,303.7367737021743,303.736773692952,303.73677368356937,303.73677367389666,303.7367736639287,303.7367736539423,303.7367736435988,303.736773633225,303.7367736227402,303.7367736121413,303.73677360138134,303.7367735904086,303.7367735797216,303.736773568709,303.73677355850515,303.73677354808456,303.7367735371655,303.73677352734416,303.7367735170041,303.7367735069257,303.73677349724363,303.73677348787294,303.73677347744774,303.7367734704042,303.7367734617391,303.73677345199746,303.73677344425346,303.7367734358217,303.73677342736977,303.73677341791915,303.7367734111406,303.73677340391055,303.7367733952566,303.73677338846994,303.736773381725,303.7367733717025,303.73677336659944,303.7367733615089,303.7367733554286,303.73677335049314,303.7367733447549
0.09278471155740556,303.7300919099615,303.7300919084106,303.73009190512016,303.7300919005585,303.73009189502,303.730091888606,303.7300918814316,303.73009187360276,303.7300918653016,303.730091856591,303.73009184750026,303.7300918382514,303.7300918287165,303.7300918188907,303.7300918090465,303.73009179885025,303.7300917886243,303.7300917782888,303.73009176784075,303.730091757234,303.7300917464174,303.7300917358825,303.7300917250266,303.7300917149679,303.73009170469555,303.73009169393185,303.73009168425,303.730091674057,303.73009166412186,303.73009165457734,303.73009164533977,303.7300916350629,303.7300916281191,303.730091619577,303.73009160997384,303.73009160233966,303.7300915940276,303.73009158569573,303.73009157637944,303.730091569697,303.73009156256956,303.73009155403855,303.7300915473482,303.730091540699,303.73009153081915,303.7300915257882,303.73009152076986,303.73009151477595,303.7300915099104,303.7300915042536
0.09328471155740556,303.7235057237191,303.7235057221904,303.7235057189469,303.7235057144504,303.723505708991,303.7235057026687,303.7235056955966,303.72350568787954,303.7235056796967,303.7235056711104,303.7235056621493,303.72350565303225,303.7235056436333,303.7235056339474,303.7235056242435,303.72350561419256,303.72350560411223,303.72350559392385,303.72350558362456,303.7235055731689,303.72350556250626,303.7235055521213,303.7235055414199,303.7235055315042,303.723505521378,303.7235055107674,303.7235055012232,303.7235054911751,303.7235054813812,303.7235054719723,303.723505462866,303.72350545273514,303.7235054458898,303.7235054374691,303.72350542800234,303.7235054204766,303.72350541228246,303.723505404069,303.7235053948851,303.72350538829744,303.7235053812711,303.7235053728613,303.7235053662659,303.72350535971106,303.7235053499719,303.72350534501226,303.7235053400649,303.72350533415613,303.72350532935957,303.7235053237831
0.09378471155740556,303.71701380846406,303.7170138069572,303.71701380376004,303.71701379932784,303.71701379394636,303.7170137877142,303.7170137807431,303.71701377313616,303.71701376507013,303.7170137566062,303.71701374777297,303.71701373878585,303.71701372952083,303.71701371997307,303.7170137104074,303.7170137004996,303.7170136905628,303.7170136805196,303.7170136703669,303.71701366006005,303.7170136495492,303.71701363931203,303.71701362876297,303.71701361898835,303.7170136090061,303.71701359854643,303.71701358913793,303.71701357923274,303.71701356957806,303.71701356030286,303.717013551326,303.7170135413392,303.7170135345909,303.7170135262897,303.7170135169576,303.71701350953856,303.7170135014609,303.717013493364,303.7170134843107,303.7170134778164,303.7170134708898,303.71701346259965,303.7170134560978,303.717013449636,303.71701344003543,303.71701343514604,303.7170134302688,303.71701342444396,303.7170134197154,303.7170134142181
0.09428471155740556,303.7106147962957,303.7106147948104,303.71061479165894,303.71061478728996,303.7106147819853,303.71061477584226,303.7106147689706,303.71061476147213,303.71061475352116,303.71061474517796,303.7106147364707,303.7106147276117,303.7106147184787,303.710614709067,303.7106146996375,303.71061468987097,303.71061468007565,303.71061467017546,303.7106146601674,303.7106146500072,303.710614639646,303.71061462955447,303.71061461915554,303.71061460951995,303.71061459967973,303.71061458936884,303.7106145800941,303.7106145703298,303.71061456081236,303.7106145516691,303.7106145428197,303.71061453297494,303.71061452632233,303.7106145181391,303.7106145089396,303.7106145016258,303.7106144936629,303.71061448568105,303.7106144767564,303.7106144703543,303.710614463526,303.71061445535366,303.7106144489441,303.71061444257407,303.71061443311015,303.71061442829006,303.71061442348196,303.7106144177398,303.71061441307825,303.7106144076591
0.09478471155740556,303.7043073401582,303.7043073386941,303.70430733558766,303.70430733128114,303.70430732605223,303.7043073199968,303.7043073132232,303.7043073058317,303.7043072979942,303.70430728977,303.7043072811868,303.7043072724541,303.7043072634513,303.70430725417367,303.70430724487863,303.7043072352511,303.70430722559536,303.7043072158361,303.70430720597045,303.704307195955,303.70430718574124,303.7043071757934,303.7043071655425,303.70430715604397,303.7043071463437,303.7043071361795,303.70430712703666,303.7043071174112,303.70430710802907,303.7043070990158,303.7043070902921,303.70430708058745,303.7043070740291,303.7043070659621,303.7043070568934,303.70430704968345,303.70430704183366,303.70430703396516,303.70430702516745,303.7043070188562,303.7043070121248,303.70430700406865,303.70430699775005,303.7043069914704,303.7043069821413,303.7043069773895,303.7043069726495,303.7043069669889,303.7043069623935,303.70430695705136
0.09528471155740556,303.6980901134697,303.69809011202653,303.6980901089644,303.69809010471937,303.6980900995651,303.69809009359614,303.69809008691914,303.6980900796332,303.69809007190736,303.69809006380046,303.69809005533966,303.69809004673147,303.69809003785696,303.6980900287116,303.6980900195489,303.69809001005854,303.6980900005402,303.6980899909199,303.69808998119487,303.6980899713219,303.69808996125363,303.69808995144734,303.6980899413423,303.69808993197887,303.69808992241656,303.69808991239705,303.69808990338424,303.69808989389566,303.698089884647,303.69808987576175,303.69808986716214,303.69808985759545,303.69808985113013,303.69808984317774,303.698089834238,303.69808982713033,303.69808981939207,303.69808981163544,303.6980898029628,303.69808979674104,303.6980897901052,303.6980897821636,303.6980897759347,303.69808976974423,303.698089760548,303.6980897558635,303.6980897511908,303.69808974561056,303.6980897410803,303.6980897358141
0.09578471155740556,303.69196180976036,303.69196180833785,303.69196180531947,303.69196180113505,303.6919617960544,303.6919617901705,303.6919617835888,303.6919617764068,303.69196176879115,303.69196176079987,303.69196175245963,303.69196174397416,303.6919617352262,303.69196172621105,303.6919617171789,303.69196170782374,303.69196169844105,303.69196168895775,303.6919616793711,303.6919616696387,303.6919616597138,303.69196165004706,303.6919616400859,303.69196163085564,303.69196162142936,303.6919616115525,303.69196160266773,303.6919615933141,303.691961584197,303.69196157543803,303.6919615669607,303.69196155753,303.69196155115645,303.691961543317,303.6919615345044,303.6919615274977,303.6919615198694,303.691961512223,303.69196150367367,303.69196149754015,303.69196149099855,303.6919614831699,303.6919614770295,303.6919614709269,303.6919614618615,303.6919614572434,303.691961452637,303.691961447136,303.69196144267005,303.69196143747865
0.09628471155740556,303.68592114231996,303.68592114091774,303.6859211379425,303.68592113381777,303.68592112880964,303.6859211230098,303.68592111652197,303.68592110944235,303.6859211019354,303.685921094058,303.6859210858367,303.6859210774722,303.6859210688488,303.6859210599622,303.6859210510587,303.6859210418368,303.6859210325877,303.68592102323953,303.68592101378937,303.6859210041955,303.6859209944119,303.6859209848827,303.68592097506325,303.6859209659644,303.6859209566723,303.6859209469359,303.68592093817745,303.68592092895693,303.6859209199695,303.68592091133513,303.6859209029782,303.6859208936818,303.68592088739854,303.6859208796705,303.6859208709832,303.685920864076,303.68592085655604,303.68592084901826,303.6859208405906,303.6859208345441,303.68592082809545,303.6859208203781,303.68592081432485,303.68592080830894,303.68592079937264,303.68592079482005,303.6859207902789,303.68592078485614,303.68592078045356,303.68592077533594
0.09678471155740556,303.6799668438536,303.6799668424714,303.6799668395387,303.6799668354728,303.67996683053605,303.67996682481896,303.67996681842374,303.6799668114452,303.6799668040452,303.67996679628015,303.6799667881761,303.67996677993074,303.6799667714303,303.67996676267023,303.6799667538936,303.6799667448031,303.67996673568575,303.6799667264706,303.679966717155,303.67996670769776,303.6799666980534,303.67996668865993,303.67996667898024,303.6799666700108,303.6799666608509,303.67996665125304,303.67996664261926,303.67996663352983,303.67996662467016,303.6799666161586,303.6799666079205,303.6799665987562,303.6799665925622,303.679966584944,303.6799665763802,303.6799665695711,303.67996656215803,303.6799665547274,303.67996654641956,303.67996654045896,303.6799665341018,303.67996652649424,303.67996652052693,303.67996651459646,303.67996650578743,303.67996650129936,303.6799664968227,303.67996649147693,303.6799664871368,303.6799664820919
0.09728471155740556,303.6740976661458,303.6740976647834,303.67409766189246,303.6740976578847,303.67409765301846,303.67409764738295,303.6740976410789,303.6740976341998,303.67409762690545,303.6740976192511,303.6740976112625,303.67409760313467,303.6740975947554,303.67409758612007,303.6740975774685,303.6740975685075,303.67409755951996,303.6740975504361,303.6740975412531,303.67409753193056,303.6740975224235,303.6740975131637,303.67409750362185,303.67409749477997,303.6740974857504,303.67409747628915,303.6740974677781,303.674097458818,303.67409745008433,303.6740974416938,303.6740974335728,303.67409742453896,303.67409741843284,303.67409741092285,303.67409740248087,303.6740973957685,303.6740973884607,303.67409738113565,303.67409737294605,303.6740973670701,303.6740973608033,303.6740973533038,303.6740973474213,303.67409734157513,303.6740973328915,303.6740973284671,303.6740973240539,303.6740973187841,303.6740973145056,303.6740973095324
0.09778471155740556,303.66831237973315,303.66831237839017,303.66831237554055,303.66831237158993,303.66831236679315,303.668312361238,303.6683123550239,303.6683123482429,303.66831234105257,303.6683123335073,303.66831232563266,303.6683123176207,303.6683123093607,303.6683123008485,303.6683122923202,303.6683122834868,303.6683122746273,303.66831226567274,303.66831225662054,303.6683122474307,303.668312238059,303.668312228931,303.668312219525,303.668312210809,303.66831220190784,303.66831219258125,303.6683121841912,303.66831217535855,303.66831216674916,303.66831215847793,303.6683121504724,303.66831214156707,303.6683121355476,303.66831212814435,303.6683121198224,303.6683121132054,303.6683121060015,303.6683120987806,303.6683120907075,303.6683120849149,303.66831207873713,303.66831207134436,303.6683120655454,303.66831205978224,303.6683120512222,303.6683120468606,303.6683120425101,303.6683120373151,303.6683120330974,303.6683120281949
0.09828471155740556,303.6626097735838,303.66260977226,303.6626097694511,303.6626097655568,303.66260976082845,303.6626097553526,303.66260974922716,303.6626097425428,303.662609735455,303.6626097280174,303.66260972025486,303.66260971235715,303.66260970421484,303.66260969582396,303.6626096874171,303.66260967870954,303.6626096699763,303.6626096611492,303.66260965222585,303.6626096431669,303.66260963392864,303.6626096249306,303.6626096156584,303.66260960706643,303.66260959829197,303.66260958909805,303.6626095808274,303.6626095721204,303.66260956363345,303.6626095554799,303.6626095475882,303.66260953880953,303.6626095328755,303.66260952557747,303.66260951737394,303.6626095108509,303.6626095037494,303.66260949663115,303.66260948867284,303.6626094829625,303.6626094768725,303.66260946958494,303.66260946386836,303.66260945818703,303.6626094497489,303.6626094454492,303.6626094411604,303.66260943603925,303.66260943188144,303.6626094270486
0.09878471155740556,303.65698865478527,303.65698865348037,303.65698865071147,303.6569886468729,303.65698864221196,303.6569886368142,303.65698863077614,303.65698862418714,303.65698861720034,303.65698860986873,303.6569886022169,303.6569885944317,303.6569885864054,303.65698857813413,303.656988569847,303.65698856126346,303.6569885526545,303.6569885439532,303.6569885351569,303.65698852622694,303.65698851712017,303.65698850825027,303.65698849911007,303.6569884906403,303.6569884819907,303.6569884729277,303.6569884647747,303.6569884561916,303.65698844782537,303.6569884397877,303.65698843200823,303.6569884233545,303.6569884175047,303.6569884103105,303.65698840222353,303.65698839579323,303.6569883887926,303.6569883817756,303.65698837393046,303.65698836830126,303.6569883622978,303.65698835511387,303.65698834947847,303.65698834387797,303.65698833555996,303.6569883313213,303.6569883270933,303.656988322045,303.6569883179462,303.6569883131821
0.09928471155740556,303.6514478482388,303.6514478469525,303.6514478442232,303.6514478404393,303.6514478358449,303.65144783052415,303.6514478245722,303.65144781807714,303.65144781118994,303.65144780396287,303.6514477964201,303.65144778874577,303.65144778083396,303.6514477726804,303.65144776451143,303.6514477560501,303.6514477475638,303.6514477389864,303.6514477303154,303.65144772151257,303.65144771253546,303.65144770379175,303.65144769478167,303.65144768643245,303.65144767790594,303.65144766897185,303.6514476609348,303.65144765247385,303.65144764422666,303.6514476363034,303.6514476286345,303.65144762010385,303.65144761433714,303.6514476072452,303.65144759927335,303.65144759293435,303.6514475860333,303.651447579116,303.6514475713825,303.6514475658332,303.6514475599151,303.6514475528333,303.65144754727805,303.6514475417571,303.65144753355753,303.65144752937897,303.65144752521104,303.6514475202345,303.65144751619385,303.6514475114975
0.09978471155740556,303.6459861963609,303.64598619509303,303.64598619240263,303.6459861886728,303.64598618414385,303.64598617889897,303.64598617303193,303.64598616662954,303.6459861598405,303.64598615271643,303.6459861452812,303.64598613771625,303.64598612991716,303.6459861218798,303.6459861138271,303.6459861054864,303.6459860971209,303.64598608866567,303.6459860801181,303.6459860714406,303.6459860625913,303.6459860539721,303.64598604509024,303.6459860368599,303.6459860284547,303.6459860196478,303.64598601172514,303.6459860033845,303.64598599525465,303.64598598744396,303.6459859798842,303.64598597147494,303.64598596579015,303.64598595879903,303.64598595094054,303.64598594469163,303.6459859378887,303.6459859310698,303.64598592344623,303.64598591797585,303.6459859121418,303.6459859051607,303.64598589968443,303.64598589424196,303.6459858861591,303.64598588203984,303.64598587793114,303.6459858730253,303.6459858690421,303.64598586441247
0.1,303.64364911744025,303.6436491161802,303.64364911350646,303.6436491097997,303.64364910529883,303.64364910008646,303.6436490942557,303.64364908789287,303.6436490811459,303.64364907406593,303.6436490666767,303.6436490591585,303.6436490514077,303.64364904342006,303.6436490354171,303.64364902712794,303.64364901881424,303.64364901041125,303.6436490019166,303.6436489932927,303.6436489844981,303.64364897593214,303.6436489671052,303.64364895892567,303.6436489505724,303.64364894181995,303.6436489339461,303.64364892565703,303.64364891757737,303.643648909815,303.6436489023019,303.64364889394454,303.64364888829476,303.64364888134673,303.64364887353685,303.6436488673265,303.6436488605655,303.6436488537887,303.64364884621233,303.64364884077554,303.6436488349775,303.6436488280396,303.643648822597,303.64364881718814,303.64364880915525,303.6436488050614,303.643648800978,303.6436487961024,303.6436487921437,303.64364878754276
