t(s),T value at [0.0, 0.006001, 0] (K),T value at [3.061224489795918e-05, 0.006001, 0] (K),T value at [6.122448979591836e-05, 0.006001, 0] (K),T value at [9.183673469387755e-05, 0.006001, 0] (K),T value at [0.00012244897959183673, 0.006001, 0] (K),T value at [0.0001530612244897959, 0.006001, 0] (K),T value at [0.0001836734693877551, 0.006001, 0] (K),T value at [0.00021428571428571427, 0.006001, 0] (K),T value at [0.00024489795918367346, 0.006001, 0] (K),T value at [0.00027551020408163264, 0.006001, 0] (K),T value at [0.0003061224489795918, 0.006001, 0] (K),T value at [0.000336734693877551, 0.006001, 0] (K),T value at [0.0003673469387755102, 0.006001, 0] (K),T value at [0.00039795918367346937, 0.006001, 0] (K),T value at [0.00042857142857142855, 0.006001, 0] (K),T value at [0.00045918367346938773, 0.006001, 0] (K),T value at [0.0004897959183673469, 0.006001, 0] (K),T value at [0.0005204081632653061, 0.006001, 0] (K),T value at [0.0005510204081632653, 0.006001, 0] (K),T value at [0.0005816326530612245, 0.006001, 0] (K),T value at [0.0006122448979591836, 0.006001, 0] (K),T value at [0.0006428571428571428, 0.006001, 0] (K),T value at [0.000673469387755102, 0.006001, 0] (K),T value at [0.0007040816326530612, 0.006001, 0] (K),T value at [0.0007346938775510204, 0.006001, 0] (K),T value at [0.0007653061224489796, 0.006001, 0] (K),T value at [0.0007959183673469387, 0.006001, 0] (K),T value at [0.0008265306122448979, 0.006001, 0] (K),T value at [0.0008571428571428571, 0.006001, 0] (K),T value at [0.0008877551020408163, 0.006001, 0] (K),T value at [0.0009183673469387755, 0.006001, 0] (K),T value at [0.0009489795918367346, 0.006001, 0] (K),T value at [0.0009795918367346938, 0.006001, 0] (K),T value at [0.0010102040816326531, 0.006001, 0] (K),T value at [0.0010408163265306122, 0.006001, 0] (K),T value at [0.0010714285714285713, 0.006001, 0] (K),T value at [0.0011020408163265306, 0.006001, 0] (K),T value at [0.0011326530612244898, 0.006001, 0] (K),T value at [0.001163265306122449, 0.006001, 0] (K),T value at [0.001193877551020408, 0.006001, 0] (K),T value at [0.0012244897959183673, 0.006001, 0] (K),T value at [0.0012551020408163266, 0.006001, 0] (K),T value at [0.0012857142857142856, 0.006001, 0] (K),T value at [0.0013163265306122447, 0.006001, 0] (K),T value at [0.001346938775510204, 0.006001, 0] (K),T value at [0.0013775510204081633, 0.006001, 0] (K),T value at [0.0014081632653061224, 0.006001, 0] (K),T value at [0.0014387755102040815, 0.006001, 0] (K),T value at [0.0014693877551020407, 0.006001, 0] (K),T value at [0.0015, 0.006001, 0] (K)
1e-07,300.0337194969263,300.03371935388964,300.0337190949564,300.0337188409309,300.03371858213364,300.03371806097664,300.03371750441454,300.0337166714274,300.03371593896605,300.0337161480892,300.0337160486888,300.033712723293,300.03371323857647,300.0337130681327,300.03371367561124,300.03371333678086,300.0337052358585,300.03370605371526,300.03370437643514,300.0337057845486,300.03370765809854,300.03370329397535,300.0337095119838,300.0337049107674,300.0337032463345,300.0337118574555,300.0337039387019,300.03370288945695,300.0337046573412,300.0336936058461,300.0336808069648,300.03369204868363,300.0336532629694,300.0336520806471,300.0336543951569,300.0336526888542,300.03365347734604,300.0336547622851,300.03367060049277,300.03365602290125,300.03365813514586,300.0336534415245,300.03365901594134,300.0336639579328,300.0336970023389,300.03367128358394,300.03365820584406,300.03366400654863,300.03368420160143,300.033686803409
2.1e-07,300.03364700922253,300.03364695982674,300.03364689545003,300.03364682929913,300.0336467490204,300.0336465997028,300.0336464685653,300.03364622485714,300.0336461361921,300.033646185905,300.03364601795954,300.0336454104487,300.0336454932289,300.03364548417545,300.0336455673103,300.033645367341,300.03364385909873,300.03364355068607,300.0336433347243,300.0336436052464,300.03364329211183,300.03364333094123,300.0336432407121,300.03364372111474,300.03364395756194,300.03364373763674,300.033643907954,300.0336435740621,300.03364311732855,300.0336382045555,300.0336374704482,300.03363432694675,300.0336350335175,300.03363413225577,300.0336331033594,300.0336335911265,300.03363346623576,300.03363383854605,300.0336330183234,300.03363398475227,300.03363494167144,300.0336337684375,300.0336352793971,300.03363664657286,300.0336345432637,300.03363573982875,300.0336346930006,300.0336362708757,300.0336376358733,300.0336368669
3.31e-07,300.0322951023359,300.0322950652251,300.03229501393537,300.03229495833875,300.03229488527387,300.0322947663274,300.0322946635082,300.0322944829776,300.0322944113623,300.0322944264884,300.0322942719843,300.03229386005466,300.03229388606,300.03229388677283,300.03229390570635,300.032293688506,300.03229263722835,300.0322923316513,300.03229221852183,300.0322923178578,300.03229212664127,300.0322922330942,300.03229200956093,300.0322923773377,300.0322925748918,300.03229217304613,300.0322925248022,300.03229240331405,300.03229176825334,300.03228822797587,300.0322872590895,300.032284865689,300.0322859492466,300.03228529025125,300.03228406225446,300.03228478058134,300.032284620122,300.0322848224959,300.0322836124175,300.03228498214327,300.0322853980009,300.0322848578393,300.0322857078855,300.0322861152323,300.0322841822861,300.03228534168323,300.0322857136641,300.0322860260661,300.0322870144418,300.0322862536083
4.6410000000000003e-07,300.0312598423034,300.03125981455423,300.0312597724042,300.03125972536805,300.0312596640544,300.0312595643621,300.03125948044135,300.0312593350956,300.03125927160784,300.03125927785067,300.0312591426772,300.03125882168325,300.0312588328865,300.03125883380494,300.03125884249135,300.0312586455917,300.0312578150823,300.03125755070846,300.0312574638087,300.0312575261994,300.03125740986417,300.03125748472826,300.03125732720304,300.03125755637393,300.0312576815968,300.0312573989387,300.0312576389372,300.031257568262,300.03125697838533,300.03125420249916,300.0312533158479,300.03125155197216,300.0312521821075,300.03125163935346,300.0312507170049,300.03125121754897,300.03125110393444,300.03125125030294,300.03125047230765,300.0312514355644,300.03125172272166,300.031251342513,300.0312519535121,300.0312521928671,300.03125091161513,300.03125171368583,300.031252202315,300.031252247991,300.03125295988315,300.0312524881559
6.105100000000001e-07,300.03048488647556,300.0304848650743,300.0304848296136,300.030484789106,300.03048473698607,300.0304846515082,300.03048457977616,300.0304844590813,300.03048440211853,300.0304844041526,300.0304842841385,300.0304840242026,300.0304840267791,300.0304840285332,300.0304840317842,300.0304838528501,300.03048317603555,300.0304829394243,300.0304828673531,300.0304829119737,300.0304828360384,300.03048288909594,300.0304827775144,300.03048292760735,300.0304830104893,300.03048281053367,300.0304829746483,300.03048292326986,300.03048237657873,300.03048012481247,300.0304793158971,300.0304779610865,300.03047829637285,300.03047783264094,300.0304771411457,300.03047746766623,300.0304773989941,300.0304775070475,300.0304770143132,300.0304776942105,300.0304779285032,300.03047764025166,300.0304780969825,300.0304782827161,300.03047740378656,300.0304779765445,300.03047841911757,300.030478407779,300.0304789099914,300.03047863025307
7.715610000000001e-07,300.02988046050723,300.0298804434591,300.0298804130778,300.0298803775059,300.0298803321892,300.02988025744645,300.02988019395207,300.02988009118866,300.0298800394339,300.02988003866153,300.029879930496,300.029879714357,300.02987971024135,300.02987971313416,300.02987971226537,300.02987954657647,300.02987898233766,300.02987876512043,300.02987870363467,300.0298787365803,300.029878684607,300.0298787232216,300.02987864063493,300.0298787442233,300.02987880118803,300.02987865409364,300.02987877149303,300.02987872931607,300.0298782159773,300.0298763433515,300.02987559083476,300.029874508939,300.02987466692144,300.02987426522276,300.02987372277005,300.029873937777,300.0298739013632,300.02987398079404,300.02987365735305,300.02987415933825,300.02987435862406,300.02987413744637,300.02987449054,300.0298746449108,300.0298740146711,300.02987444286117,300.0298748156376,300.0298748023317,300.0298751612046,300.029874995203
9.487171000000002e-07,300.029391429007,300.02939141501986,300.0293913886928,300.02939135696147,300.02939131683434,300.029391250538,300.02939119304574,300.02939110389883,300.0293910564916,300.02939105346184,300.0293909549262,300.0293907718777,300.02939076245497,300.0293907661594,300.02939076197026,300.02939060659617,300.0293901280375,300.02938992616123,300.02938987235945,300.02938989691575,300.02938986009224,300.0293898885916,300.0293898251529,300.02938989979424,300.02938993996946,300.029389828081,300.02938991511724,300.02938987727845,300.02938939159725,300.0293878048184,300.02938709700373,300.029386206014,300.0293862537007,300.0293859019213,300.02938545959955,300.02938560284485,300.0293855873094,300.0293856463014,300.0293854273637,300.0293858120481,300.02938598377654,300.02938581462945,300.02938609600824,300.0293862282186,300.02938575883104,300.0293860915878,300.02938639889265,300.0293863965809,300.0293866602264,300.0293865606607
1.1435888100000002e-06,300.0289843665883,300.0289843548118,300.02898433183026,300.0289843031803,300.02898426711783,300.0289842077287,300.02898415489733,300.02898407648814,300.02898403286736,300.0289840278018,300.0289839373951,300.0289837803817,300.0289837668424,300.0289837708189,300.02898376383575,300.0289836171169,300.028983205813,300.028983017245,300.02898296892687,300.0289829872139,300.0289829604178,300.0289829815092,300.0289829314405,300.0289829870188,300.02898301578034,300.0289829284864,300.02898299453506,300.0289829580627,300.02898249691987,300.0289811331263,300.0289804640201,300.02897971218584,300.0289796887432,300.02897937748037,300.0289790066285,300.0289791021227,300.02897909923917,300.02897914431924,300.02897899304565,300.0289792959762,300.02897944478946,300.02897931693286,300.0289795464736,300.02897966200663,300.0289793019565,300.0289795683912,300.0289798212216,300.02897983020364,300.02898003052724,300.0289799699228
1.3579476910000003e-06,300.02863801644236,300.0286380063129,300.02863798614294,300.02863796003714,300.0286379272138,300.02863787364464,300.02863782461714,300.02863775493597,300.02863771470845,300.02863770769954,300.0286376243825,300.02863748845726,300.02863747180703,300.02863747553715,300.0286374661255,300.0286373270935,300.02863696987686,300.0286367934465,300.02863674897804,300.0286367624728,300.02863674253047,300.02863675806265,300.02863671778624,300.02863676015073,300.0286367808393,300.02863671143547,300.0286367622435,300.0286367250482,300.0286362866744,300.02863510156504,300.0286344678357,300.0286338207731,300.0286337503665,300.028633472288,300.02863315514605,300.0286332178299,300.02863322209026,300.0286332580777,300.0286331522825,300.02863339579164,300.02863352520416,300.0286334303104,300.02863362081325,300.028633723051,300.02863344109267,300.028633659315,300.0286338687058,300.028633886377,300.0286340437289,300.02863400637665
1.5937424601000005e-06,300.02833819204494,300.0283381831857,300.0283381654007,300.0283381414492,300.0283381112442,300.0283380626795,300.02833801687905,300.0283379544668,300.0283379173251,300.02833790842703,300.02833783145815,300.0283377129637,300.0283376940256,300.02833769709787,300.028337685523,300.0283375535792,300.0283372407226,300.028337075615,300.02833703381384,300.02833704357994,300.0283370284291,300.02833703975654,300.02833700690627,300.02833703969793,300.0283370545099,300.02833699853966,300.02833703784506,300.02833699837385,300.028336581696,300.0283355428096,300.02833494238286,300.0283343762265,300.02833427453936,300.02833402390013,300.0283337487426,300.0283337882765,300.0283337961398,300.0283338263686,300.0283337520097,300.02833395104165,300.02833406394257,300.0283339953027,300.0283341554486,300.02833424649526,300.028334022841,300.0283342047368,300.02833437980775,300.02833440362633,300.0283345308655,300.02833450786454
1.8531167061100007e-06,300.02807502688677,300.028075019041,300.02807500329004,300.0280749812006,300.02807495314727,300.02807490893736,300.0280748659609,300.02807480972456,300.0280747753985,300.0280747646719,300.0280746934969,300.0280745896178,300.02807456905373,300.0280745711741,300.02807455762945,300.02807443238214,300.0280741565088,300.0280740020626,300.0280739620894,300.02807396889824,300.0280739571534,300.02807396531074,300.0280739382185,300.0280739638212,300.0280739742797,300.02807392864077,300.02807395897986,300.0280739160822,300.0280735203694,300.02807260314694,300.0280720345829,300.02807153218544,300.02807140981577,300.0280711820804,300.02807094072193,300.02807096357094,300.02807097283556,300.0280709994763,300.0280709473371,300.02807111237115,300.0280712112054,300.0280711633537,300.02807129933285,300.02807138060626,300.02807120204136,300.0280713557883,300.02807150358063,300.02807153164093,300.02807163702096,300.02807162331794
2.138428376721001e-06,300.0278414185454,300.02784141153234,300.02784139752345,300.02784137706897,300.02784135082163,300.02784131042404,300.02784126998233,300.0278412190806,300.0278411873124,300.0278411748447,300.0278411090214,300.0278410175274,300.0278409958679,300.0278409968415,300.0278409814662,300.0278408626433,300.02784061803294,300.02784047366697,300.02784043493756,300.02784043934406,300.02784043005215,300.027840435841,300.0278404132724,300.0278404333266,300.0278404405342,300.0278404029762,300.0278404261132,300.0278403789763,300.0278400036453,300.0278391890209,300.0278386512157,300.0278381999292,300.027838064245,300.02783785581005,300.0278376422727,300.0278376528909,300.0278376622391,300.0278376866164,300.02783765048355,300.027837789101,300.02783787595604,300.02783784444813,300.02783796085293,300.0278380334571,300.027837890637,300.02783802207654,300.02783814794725,300.027838178869,300.0278382678705,300.02783826053945
2.4522712143931014e-06,300.02763210455316,300.02763209824036,300.02763208573015,300.02763206672853,300.0276320420355,300.0276320049844,300.0276319668663,300.0276319206338,300.02763189116797,300.0276318770816,300.0276318162308,300.0276317353195,300.02763171299256,300.02763171269646,300.0276316955939,300.027631582992,300.0276313651181,300.02763123030553,300.02763119242667,300.0276311948237,300.0276311873155,300.02763119135386,300.027631172369,300.0276311880584,300.0276311928352,300.02763116166716,300.0276311788403,300.0276311269477,300.0276307714579,300.027630044319,300.0276295363427,300.02762912665685,300.0276289828673,300.0276287908609,300.02762860061756,300.0276286021489,300.02762861083204,300.02762863369173,300.0276286092849,300.0276287270803,300.0276288037443,300.02762878498794,300.0276288853257,300.0276289502393,300.027628836201,300.02762894963155,300.0276290577043,300.0276290904382,300.027629166852,300.02762916412706
2.7974983358324118e-06,300.0274430891709,300.0274430834571,300.02744307224185,300.02744305454314,300.02744303122483,300.0274429971159,300.02744296116464,300.02744291906,300.0274428916426,300.0274428760947,300.02744281987054,300.027442748065,300.0274427254191,300.02744272377765,300.02744270503365,300.02744259848544,300.02744240370066,300.0274422779555,300.0274422406784,300.0274422413397,300.0274422351347,300.02744223789125,300.0274422217668,300.0274422339814,300.0274422369452,300.0274422108582,300.0274422229311,300.0274421660305,300.0274418298292,300.0274411779931,300.02744069898927,300.02744032365877,300.02744017547116,300.02743999760224,300.02743982712,300.0274398218318,300.0274398294559,300.02743985117024,300.02743983548186,300.0274399366385,300.027440004644,300.02743999575296,300.0274400827636,300.0274401409068,300.0274400502452,300.0274401489119,300.02744024242713,300.0274402761297,300.02744034267624,300.0274403434229
3.177248169415653e-06,300.027271274186,300.02727126899146,300.0272712588992,300.02727124237805,300.02727122030694,300.02727118879034,300.0272711548864,300.0272711164562,300.02727109083924,300.02727107401654,300.02727102209155,300.0272709581686,300.02727093548907,300.0272709324551,300.0272709121542,300.0272708115068,300.0272706368244,300.02727051969134,300.0272704828773,300.0272704819924,300.02727047673665,300.02727047855893,300.0272704647371,300.0272704741687,300.0272704757848,300.0272704537411,300.0272704613025,300.0272703993767,300.02727008187435,300.02726949538146,300.02726904450293,300.0272686979635,300.0272685480116,300.0272683824508,300.02726822890077,300.0272682184613,300.0272682248453,300.02726824556015,300.0272682364353,300.02726832411435,300.02726838477145,300.0272683834363,300.0272684593024,300.0272685115412,300.027268439944,300.02726852635544,300.02726860790636,300.02726864188367,300.02726870056705,300.0272687040022
3.5949729863572187e-06,300.0271142132557,300.02711420851574,300.0271141993996,300.0271141839502,300.0271141630348,300.027114133811,300.02711410185964,300.02711406671307,300.0271140426609,300.02711402477144,300.0271139768318,300.0271139197695,300.0271138972881,300.0271138928314,300.02711387106865,300.0271137761698,300.0271136191109,300.02711351015495,300.0271134737484,300.0271134714505,300.02711346687533,300.02711346801533,300.0271134560665,300.02711346326544,300.02711346388065,300.02711344504,300.02711344847694,300.0271133817137,300.0271130822765,300.02711255288654,300.02711212925533,300.0271118072171,300.0271116573576,300.0271115026388,300.02711136370516,300.02711134936555,300.02711135445026,300.02711137418567,300.02711137004826,300.02711144666443,300.0271115010861,300.0271115054638,300.02711157195574,300.02711161908417,300.0271115630554,300.0271116391953,300.0271117108766,300.0271117445676,300.0271117968871,300.02711180243335
4.054470284992941e-06,300.0269699437717,300.02696993943243,300.02696993116547,300.02696991669757,300.02696989686956,300.02696986968596,300.0269698396073,300.02696980739984,300.02696978469555,300.0269697659596,300.0269697217052,300.0269696706425,300.02696964854204,300.0269696426447,300.026969619533,300.0269695302227,300.026969388706,300.0269692875048,300.026969251511,300.02696924789916,300.02696924379427,300.02696924443063,300.0269692340233,300.026969239433,300.02696923930125,300.02696922296934,300.0269692225245,300.0269691512842,300.02696886923604,300.0269683900604,300.02696799274594,300.0269676918994,300.026967543425,300.02696739836307,300.02696727211577,300.0269672548315,300.02696725862353,300.0269672773385,300.02696727701107,300.0269673444317,300.0269673935537,300.02696740217675,300.02696746075367,300.02696750347644,300.0269674601601,300.0269675276286,300.02696759113417,300.02696762410415,300.0269676711901,300.0269676784011
4.559917313492236e-06,300.0268368689086,300.02683686492423,300.02683685739487,300.02683684383123,300.0268368250364,300.0268367996826,300.0268367714048,300.0268367418273,300.0268367202778,300.02683670091886,300.0268366600664,300.026836614271,300.02683659268797,300.0268365853445,300.02683656101703,300.02683647712297,300.02683634938387,300.0268362555226,300.0268362199895,300.0268362151441,300.0268362113402,300.02683621159747,300.0268362024737,300.0268362064535,300.0268362057559,300.02683619134626,300.0268361871658,300.02683611194516,300.0268358465771,300.0268354118033,300.0268350398145,300.0268347576093,300.026834611408,300.026834475031,300.0268343598395,300.0268343403514,300.0268343428901,300.02683436052325,300.02683436310565,300.02683442279533,300.02683446739536,300.02683447909874,300.02683453097796,300.02683456990343,300.0268345369591,300.02683459706816,300.0268346537606,300.02683468569234,300.02683472840124,300.02683473692235
5.11590904484146e-06,300.02671367306294,300.0267136693934,300.0267136625033,300.02671364977664,300.02671363196896,300.0267136082715,300.0267135817255,300.0267135544985,300.0267135339376,300.02671351417456,300.0267134764597,300.0267134353028,300.02671341432887,300.0267134055492,300.0267133801588,300.02671330149496,300.0267131860243,300.0267130990936,300.0267130640971,300.0267130580911,300.0267130544485,300.0267130544114,300.0267130463682,300.02671304920824,300.02671304806904,300.02671303507486,300.02671302724957,300.02671294864416,300.02671269922473,300.0267123039071,300.0267119561951,300.0267116906699,300.02671154734406,300.0267114188392,300.0267113133126,300.02671129220175,300.02671129354167,300.0267113100332,300.02671131482225,300.02671136794726,300.02671140866306,300.02671142252683,300.02671146873126,300.02671150437465,300.0267114798835,300.0267115337203,300.0267115846878,300.0267116153673,300.0267116543514,300.02671166389734
5.727499949325607e-06,300.0265992600548,300.02659925666484,300.0265992503262,300.0265992383776,300.02659922151577,300.02659919933257,300.02659917444885,300.0265991493186,300.0265991296088,300.0265991096495,300.02659907482763,300.02659903776294,300.0265990174484,300.02659900726167,300.0265989809777,300.02659890734515,300.0265988028418,300.02659872243777,300.02659868806984,300.0265986809756,300.02659867737714,300.0265986771014,300.0265986699764,300.0265986719101,300.0265986704086,300.02659865838166,300.0265986469798,300.0265985656479,300.0265983314347,300.0265979713323,300.02659764680055,300.0265973964481,300.0265972564047,300.0265971350763,300.02659703802135,300.0265970157463,300.0265970159484,300.02659703125096,300.0265970376856,300.0265970851883,300.0265971225374,300.026597137841,300.02659717923257,300.0265972120261,300.026597194415,300.0265972428854,300.0265972889913,300.02659731828845,300.0265973540505,300.02659736438994
6.400249944258168e-06,300.0264927071859,300.0264927040442,300.02649269817937,300.02649268695615,300.0264926710017,300.02649265021597,300.0264926269226,300.0264926036595,300.02649258469216,300.0264925647286,300.0264925325741,300.0264924991215,300.0264924794795,300.0264924679376,300.02649244094175,300.0264923721297,300.026492277463,300.0264922031887,300.0264921695484,300.02649216144266,300.0264921577891,300.026492157309,300.0264921509697,300.02649215218247,300.02649215036166,300.0264921388987,300.0264921239938,300.0264920406215,300.02649182087146,300.02649149232167,300.0264911898407,300.0264909534993,300.0264908170165,300.02649070225675,300.02649061264526,300.026490589568,300.02649058869605,300.0264906027787,300.0264906104028,300.0264906530545,300.0264906874541,300.0264907036392,300.02649074094313,300.0264907712492,300.026490759229,300.026490803088,300.0264908450156,300.02649087286494,300.02649090579837,300.0264909167432
7.1402749386839854e-06,300.02639323055865,300.0263932276372,300.02639322217817,300.02639321163235,300.02639319654907,300.0263931770644,300.02639315528586,300.0263931336834,300.0263931153776,300.0263930955822,300.0263930658864,300.0263930356192,300.02639301663254,300.02639300381117,300.02639297629287,300.02639291208106,300.0263928262611,300.0263927577289,300.0263927249156,300.0263927158818,300.026392712089,300.0263927114223,300.0263927057581,300.02639270639514,300.0263927042676,300.02639269300266,300.02639267469243,300.0263925899644,300.0263923839423,300.0263920837613,300.0263918021846,300.02639157895175,300.02639144622697,300.02639133749506,300.026391254439,300.02639123084384,300.0263912289623,300.0263912418102,300.0263912502479,300.0263912886866,300.02639132047256,300.0263913371129,300.0263913709368,300.0263913990608,300.0263913915744,300.02639143144955,300.02639146974195,300.0263914961244,300.02639152654376,300.02639153794087
7.954302432552384e-06,300.0263001585325,300.0263001558068,300.0263001506947,300.02630014078215,300.0263001265359,300.02630010827096,300.0263000879283,300.02630006780265,300.0263000501021,300.026300030626,300.0263000031946,300.02629997572996,300.0262999573582,300.0262999433567,300.02629991550765,300.02629985566927,300.0262997778232,300.026299714657,300.02629968276557,300.0262996728951,300.02629966889276,300.02629966804443,300.02629966296024,300.0262996631321,300.02629966068406,300.0262996492857,300.02629962770465,300.02629954228036,300.0262993492654,300.0262990746685,300.0262988128485,300.02629860201137,300.0262984731948,300.0262983700053,300.02629829273496,300.0262982688423,300.0262982660164,300.0262982776283,300.02629828656745,300.02629832132425,300.0262983507685,300.0262983675443,300.0262983983945,300.0262984245956,300.02629842077533,300.0262984571868,300.0262984922796,300.0262985172085,300.0262985453716,300.0262985570949
8.849732675807622e-06,300.0263001585325,300.0263001558068,300.0263001506947,300.02630014078215,300.0263001265359,300.02630010827096,300.0263000879283,300.02630006780265,300.0263000501021,300.026300030626,300.0263000031946,300.02629997572996,300.0262999573582,300.0262999433567,300.02629991550765,300.02629985566927,300.0262997778232,300.026299714657,300.02629968276557,300.0262996728951,300.02629966889276,300.02629966804443,300.02629966296024,300.0262996631321,300.02629966068406,300.0262996492857,300.02629962770465,300.02629954228036,300.0262993492654,300.0262990746685,300.0262988128485,300.02629860201137,300.0262984731948,300.0262983700053,300.02629829273496,300.0262982688423,300.0262982660164,300.0262982776283,300.02629828656745,300.02629832132425,300.0262983507685,300.0262983675443,300.0262983983945,300.0262984245956,300.02629842077533,300.0262984571868,300.0262984922796,300.0262985172085,300.0262985453716,300.0262985570949
9.834705943388386e-06,300.0263001585325,300.0263001558068,300.0263001506947,300.02630014078215,300.0263001265359,300.02630010827096,300.0263000879283,300.02630006780265,300.0263000501021,300.026300030626,300.0263000031946,300.02629997572996,300.0262999573582,300.0262999433567,300.02629991550765,300.02629985566927,300.0262997778232,300.026299714657,300.02629968276557,300.0262996728951,300.02629966889276,300.02629966804443,300.02629966296024,300.0262996631321,300.02629966068406,300.0262996492857,300.02629962770465,300.02629954228036,300.0262993492654,300.0262990746685,300.0262988128485,300.02629860201137,300.0262984731948,300.0262983700053,300.02629829273496,300.0262982688423,300.0262982660164,300.0262982776283,300.02629828656745,300.02629832132425,300.0262983507685,300.0262983675443,300.0262983983945,300.0262984245956,300.02629842077533,300.0262984571868,300.0262984922796,300.0262985172085,300.0262985453716,300.0262985570949
1.0918176537727226e-05,300.0263001585325,300.0263001558068,300.0263001506947,300.02630014078215,300.0263001265359,300.02630010827096,300.0263000879283,300.02630006780265,300.0263000501021,300.026300030626,300.0263000031946,300.02629997572996,300.0262999573582,300.0262999433567,300.02629991550765,300.02629985566927,300.0262997778232,300.026299714657,300.02629968276557,300.0262996728951,300.02629966889276,300.02629966804443,300.02629966296024,300.0262996631321,300.02629966068406,300.0262996492857,300.02629962770465,300.02629954228036,300.0262993492654,300.0262990746685,300.0262988128485,300.02629860201137,300.0262984731948,300.0262983700053,300.02629829273496,300.0262982688423,300.0262982660164,300.0262982776283,300.02629828656745,300.02629832132425,300.0262983507685,300.0262983675443,300.0262983983945,300.0262984245956,300.02629842077533,300.0262984571868,300.0262984922796,300.0262985172085,300.0262985453716,300.0262985570949
1.210999419149995e-05,300.0263001585325,300.0263001558068,300.0263001506947,300.02630014078215,300.0263001265359,300.02630010827096,300.0263000879283,300.02630006780265,300.0263000501021,300.026300030626,300.0263000031946,300.02629997572996,300.0262999573582,300.0262999433567,300.02629991550765,300.02629985566927,300.0262997778232,300.026299714657,300.02629968276557,300.0262996728951,300.02629966889276,300.02629966804443,300.02629966296024,300.0262996631321,300.02629966068406,300.0262996492857,300.02629962770465,300.02629954228036,300.0262993492654,300.0262990746685,300.0262988128485,300.02629860201137,300.0262984731948,300.0262983700053,300.02629829273496,300.0262982688423,300.0262982660164,300.0262982776283,300.02629828656745,300.02629832132425,300.0262983507685,300.0262983675443,300.0262983983945,300.0262984245956,300.02629842077533,300.0262984571868,300.0262984922796,300.0262985172085,300.0262985453716,300.0262985570949
1.3420993610649945e-05,300.0263001585325,300.0263001558068,300.0263001506947,300.02630014078215,300.0263001265359,300.02630010827096,300.0263000879283,300.02630006780265,300.0263000501021,300.026300030626,300.0263000031946,300.02629997572996,300.0262999573582,300.0262999433567,300.02629991550765,300.02629985566927,300.0262997778232,300.026299714657,300.02629968276557,300.0262996728951,300.02629966889276,300.02629966804443,300.02629966296024,300.0262996631321,300.02629966068406,300.0262996492857,300.02629962770465,300.02629954228036,300.0262993492654,300.0262990746685,300.0262988128485,300.02629860201137,300.0262984731948,300.0262983700053,300.02629829273496,300.0262982688423,300.0262982660164,300.0262982776283,300.02629828656745,300.02629832132425,300.0262983507685,300.0262983675443,300.0262983983945,300.0262984245956,300.02629842077533,300.0262984571868,300.0262984922796,300.0262985172085,300.0262985453716,300.0262985570949
1.486309297171494e-05,300.0263001585325,300.0263001558068,300.0263001506947,300.02630014078215,300.0263001265359,300.02630010827096,300.0263000879283,300.02630006780265,300.0263000501021,300.026300030626,300.0263000031946,300.02629997572996,300.0262999573582,300.0262999433567,300.02629991550765,300.02629985566927,300.0262997778232,300.026299714657,300.02629968276557,300.0262996728951,300.02629966889276,300.02629966804443,300.02629966296024,300.0262996631321,300.02629966068406,300.0262996492857,300.02629962770465,300.02629954228036,300.0262993492654,300.0262990746685,300.0262988128485,300.02629860201137,300.0262984731948,300.0262983700053,300.02629829273496,300.0262982688423,300.0262982660164,300.0262982776283,300.02629828656745,300.02629832132425,300.0262983507685,300.0262983675443,300.0262983983945,300.0262984245956,300.02629842077533,300.0262984571868,300.0262984922796,300.0262985172085,300.0262985453716,300.0262985570949
1.6449402268886436e-05,300.0263001585325,300.0263001558068,300.0263001506947,300.02630014078215,300.0263001265359,300.02630010827096,300.0263000879283,300.02630006780265,300.0263000501021,300.026300030626,300.0263000031946,300.02629997572996,300.0262999573582,300.0262999433567,300.02629991550765,300.02629985566927,300.0262997778232,300.026299714657,300.02629968276557,300.0262996728951,300.02629966889276,300.02629966804443,300.02629966296024,300.0262996631321,300.02629966068406,300.0262996492857,300.02629962770465,300.02629954228036,300.0262993492654,300.0262990746685,300.0262988128485,300.02629860201137,300.0262984731948,300.0262983700053,300.02629829273496,300.0262982688423,300.0262982660164,300.0262982776283,300.02629828656745,300.02629832132425,300.0262983507685,300.0262983675443,300.0262983983945,300.0262984245956,300.02629842077533,300.0262984571868,300.0262984922796,300.0262985172085,300.0262985453716,300.0262985570949
1.819434249577508e-05,300.0263001585325,300.0263001558068,300.0263001506947,300.02630014078215,300.0263001265359,300.02630010827096,300.0263000879283,300.02630006780265,300.0263000501021,300.026300030626,300.0263000031946,300.02629997572996,300.0262999573582,300.0262999433567,300.02629991550765,300.02629985566927,300.0262997778232,300.026299714657,300.02629968276557,300.0262996728951,300.02629966889276,300.02629966804443,300.02629966296024,300.0262996631321,300.02629966068406,300.0262996492857,300.02629962770465,300.02629954228036,300.0262993492654,300.0262990746685,300.0262988128485,300.02629860201137,300.0262984731948,300.0262983700053,300.02629829273496,300.0262982688423,300.0262982660164,300.0262982776283,300.02629828656745,300.02629832132425,300.0262983507685,300.0262983675443,300.0262983983945,300.0262984245956,300.02629842077533,300.0262984571868,300.0262984922796,300.0262985172085,300.0262985453716,300.0262985570949
2.011377674535259e-05,300.0263001585325,300.0263001558068,300.0263001506947,300.02630014078215,300.0263001265359,300.02630010827096,300.0263000879283,300.02630006780265,300.0263000501021,300.026300030626,300.0263000031946,300.02629997572996,300.0262999573582,300.0262999433567,300.02629991550765,300.02629985566927,300.0262997778232,300.026299714657,300.02629968276557,300.0262996728951,300.02629966889276,300.02629966804443,300.02629966296024,300.0262996631321,300.02629966068406,300.0262996492857,300.02629962770465,300.02629954228036,300.0262993492654,300.0262990746685,300.0262988128485,300.02629860201137,300.0262984731948,300.0262983700053,300.02629829273496,300.0262982688423,300.0262982660164,300.0262982776283,300.02629828656745,300.02629832132425,300.0262983507685,300.0262983675443,300.0262983983945,300.0262984245956,300.02629842077533,300.0262984571868,300.0262984922796,300.0262985172085,300.0262985453716,300.0262985570949
2.222515441988785e-05,300.0263001585325,300.0263001558068,300.0263001506947,300.02630014078215,300.0263001265359,300.02630010827096,300.0263000879283,300.02630006780265,300.0263000501021,300.026300030626,300.0263000031946,300.02629997572996,300.0262999573582,300.0262999433567,300.02629991550765,300.02629985566927,300.0262997778232,300.026299714657,300.02629968276557,300.0262996728951,300.02629966889276,300.02629966804443,300.02629966296024,300.0262996631321,300.02629966068406,300.0262996492857,300.02629962770465,300.02629954228036,300.0262993492654,300.0262990746685,300.0262988128485,300.02629860201137,300.0262984731948,300.0262983700053,300.02629829273496,300.0262982688423,300.0262982660164,300.0262982776283,300.02629828656745,300.02629832132425,300.0262983507685,300.0262983675443,300.0262983983945,300.0262984245956,300.02629842077533,300.0262984571868,300.0262984922796,300.0262985172085,300.0262985453716,300.0262985570949
2.4547669861876638e-05,300.0263001585325,300.0263001558068,300.0263001506947,300.02630014078215,300.0263001265359,300.02630010827096,300.0263000879283,300.02630006780265,300.0263000501021,300.026300030626,300.0263000031946,300.02629997572996,300.0262999573582,300.0262999433567,300.02629991550765,300.02629985566927,300.0262997778232,300.026299714657,300.02629968276557,300.0262996728951,300.02629966889276,300.02629966804443,300.02629966296024,300.0262996631321,300.02629966068406,300.0262996492857,300.02629962770465,300.02629954228036,300.0262993492654,300.0262990746685,300.0262988128485,300.02629860201137,300.0262984731948,300.0262983700053,300.02629829273496,300.0262982688423,300.0262982660164,300.0262982776283,300.02629828656745,300.02629832132425,300.0262983507685,300.0262983675443,300.0262983983945,300.0262984245956,300.02629842077533,300.0262984571868,300.0262984922796,300.0262985172085,300.0262985453716,300.0262985570949
2.7102436848064303e-05,300.0263001585325,300.0263001558068,300.0263001506947,300.02630014078215,300.0263001265359,300.02630010827096,300.0263000879283,300.02630006780265,300.0263000501021,300.026300030626,300.0263000031946,300.02629997572996,300.0262999573582,300.0262999433567,300.02629991550765,300.02629985566927,300.0262997778232,300.026299714657,300.02629968276557,300.0262996728951,300.02629966889276,300.02629966804443,300.02629966296024,300.0262996631321,300.02629966068406,300.0262996492857,300.02629962770465,300.02629954228036,300.0262993492654,300.0262990746685,300.0262988128485,300.02629860201137,300.0262984731948,300.0262983700053,300.02629829273496,300.0262982688423,300.0262982660164,300.0262982776283,300.02629828656745,300.02629832132425,300.0262983507685,300.0262983675443,300.0262983983945,300.0262984245956,300.02629842077533,300.0262984571868,300.0262984922796,300.0262985172085,300.0262985453716,300.0262985570949
2.9912680532870735e-05,300.0263001585325,300.0263001558068,300.0263001506947,300.02630014078215,300.0263001265359,300.02630010827096,300.0263000879283,300.02630006780265,300.0263000501021,300.026300030626,300.0263000031946,300.02629997572996,300.0262999573582,300.0262999433567,300.02629991550765,300.02629985566927,300.0262997778232,300.026299714657,300.02629968276557,300.0262996728951,300.02629966889276,300.02629966804443,300.02629966296024,300.0262996631321,300.02629966068406,300.0262996492857,300.02629962770465,300.02629954228036,300.0262993492654,300.0262990746685,300.0262988128485,300.02629860201137,300.0262984731948,300.0262983700053,300.02629829273496,300.0262982688423,300.0262982660164,300.0262982776283,300.02629828656745,300.02629832132425,300.0262983507685,300.0262983675443,300.0262983983945,300.0262984245956,300.02629842077533,300.0262984571868,300.0262984922796,300.0262985172085,300.0262985453716,300.0262985570949
3.300394858615781e-05,300.0263001585325,300.0263001558068,300.0263001506947,300.02630014078215,300.0263001265359,300.02630010827096,300.0263000879283,300.02630006780265,300.0263000501021,300.026300030626,300.0263000031946,300.02629997572996,300.0262999573582,300.0262999433567,300.02629991550765,300.02629985566927,300.0262997778232,300.026299714657,300.02629968276557,300.0262996728951,300.02629966889276,300.02629966804443,300.02629966296024,300.0262996631321,300.02629966068406,300.0262996492857,300.02629962770465,300.02629954228036,300.0262993492654,300.0262990746685,300.0262988128485,300.02629860201137,300.0262984731948,300.0262983700053,300.02629829273496,300.0262982688423,300.0262982660164,300.0262982776283,300.02629828656745,300.02629832132425,300.0262983507685,300.0262983675443,300.0262983983945,300.0262984245956,300.02629842077533,300.0262984571868,300.0262984922796,300.0262985172085,300.0262985453716,300.0262985570949
3.6404343444773596e-05,300.0263001585325,300.0263001558068,300.0263001506947,300.02630014078215,300.0263001265359,300.02630010827096,300.0263000879283,300.02630006780265,300.0263000501021,300.026300030626,300.0263000031946,300.02629997572996,300.0262999573582,300.0262999433567,300.02629991550765,300.02629985566927,300.0262997778232,300.026299714657,300.02629968276557,300.0262996728951,300.02629966889276,300.02629966804443,300.02629966296024,300.0262996631321,300.02629966068406,300.0262996492857,300.02629962770465,300.02629954228036,300.0262993492654,300.0262990746685,300.0262988128485,300.02629860201137,300.0262984731948,300.0262983700053,300.02629829273496,300.0262982688423,300.0262982660164,300.0262982776283,300.02629828656745,300.02629832132425,300.0262983507685,300.0262983675443,300.0262983983945,300.0262984245956,300.02629842077533,300.0262984571868,300.0262984922796,300.0262985172085,300.0262985453716,300.0262985570949
4.014477778925096e-05,300.0263001585325,300.0263001558068,300.0263001506947,300.02630014078215,300.0263001265359,300.02630010827096,300.0263000879283,300.02630006780265,300.0263000501021,300.026300030626,300.0263000031946,300.02629997572996,300.0262999573582,300.0262999433567,300.02629991550765,300.02629985566927,300.0262997778232,300.026299714657,300.02629968276557,300.0262996728951,300.02629966889276,300.02629966804443,300.02629966296024,300.0262996631321,300.02629966068406,300.0262996492857,300.02629962770465,300.02629954228036,300.0262993492654,300.0262990746685,300.0262988128485,300.02629860201137,300.0262984731948,300.0262983700053,300.02629829273496,300.0262982688423,300.0262982660164,300.0262982776283,300.02629828656745,300.02629832132425,300.0262983507685,300.0262983675443,300.0262983983945,300.0262984245956,300.02629842077533,300.0262984571868,300.0262984922796,300.0262985172085,300.0262985453716,300.0262985570949
4.425925556817606e-05,300.0263001585325,300.0263001558068,300.0263001506947,300.02630014078215,300.0263001265359,300.02630010827096,300.0263000879283,300.02630006780265,300.0263000501021,300.026300030626,300.0263000031946,300.02629997572996,300.0262999573582,300.0262999433567,300.02629991550765,300.02629985566927,300.0262997778232,300.026299714657,300.02629968276557,300.0262996728951,300.02629966889276,300.02629966804443,300.02629966296024,300.0262996631321,300.02629966068406,300.0262996492857,300.02629962770465,300.02629954228036,300.0262993492654,300.0262990746685,300.0262988128485,300.02629860201137,300.0262984731948,300.0262983700053,300.02629829273496,300.0262982688423,300.0262982660164,300.0262982776283,300.02629828656745,300.02629832132425,300.0262983507685,300.0262983675443,300.0262983983945,300.0262984245956,300.02629842077533,300.0262984571868,300.0262984922796,300.0262985172085,300.0262985453716,300.0262985570949
4.8785181124993674e-05,300.0263001585325,300.0263001558068,300.0263001506947,300.02630014078215,300.0263001265359,300.02630010827096,300.0263000879283,300.02630006780265,300.0263000501021,300.026300030626,300.0263000031946,300.02629997572996,300.0262999573582,300.0262999433567,300.02629991550765,300.02629985566927,300.0262997778232,300.026299714657,300.02629968276557,300.0262996728951,300.02629966889276,300.02629966804443,300.02629966296024,300.0262996631321,300.02629966068406,300.0262996492857,300.02629962770465,300.02629954228036,300.0262993492654,300.0262990746685,300.0262988128485,300.02629860201137,300.0262984731948,300.0262983700053,300.02629829273496,300.0262982688423,300.0262982660164,300.0262982776283,300.02629828656745,300.02629832132425,300.0262983507685,300.0262983675443,300.0262983983945,300.0262984245956,300.02629842077533,300.0262984571868,300.0262984922796,300.0262985172085,300.0262985453716,300.0262985570949
5.376369923749304e-05,300.0263001585325,300.0263001558068,300.0263001506947,300.02630014078215,300.0263001265359,300.02630010827096,300.0263000879283,300.02630006780265,300.0263000501021,300.026300030626,300.0263000031946,300.02629997572996,300.0262999573582,300.0262999433567,300.02629991550765,300.02629985566927,300.0262997778232,300.026299714657,300.02629968276557,300.0262996728951,300.02629966889276,300.02629966804443,300.02629966296024,300.0262996631321,300.02629966068406,300.0262996492857,300.02629962770465,300.02629954228036,300.0262993492654,300.0262990746685,300.0262988128485,300.02629860201137,300.0262984731948,300.0262983700053,300.02629829273496,300.0262982688423,300.0262982660164,300.0262982776283,300.02629828656745,300.02629832132425,300.0262983507685,300.0262983675443,300.0262983983945,300.0262984245956,300.02629842077533,300.0262984571868,300.0262984922796,300.0262985172085,300.0262985453716,300.0262985570949
5.876369923749304e-05,300.0263001585325,300.0263001558068,300.0263001506947,300.02630014078215,300.0263001265359,300.02630010827096,300.0263000879283,300.02630006780265,300.0263000501021,300.026300030626,300.0263000031946,300.02629997572996,300.0262999573582,300.0262999433567,300.02629991550765,300.02629985566927,300.0262997778232,300.026299714657,300.02629968276557,300.0262996728951,300.02629966889276,300.02629966804443,300.02629966296024,300.0262996631321,300.02629966068406,300.0262996492857,300.02629962770465,300.02629954228036,300.0262993492654,300.0262990746685,300.0262988128485,300.02629860201137,300.0262984731948,300.0262983700053,300.02629829273496,300.0262982688423,300.0262982660164,300.0262982776283,300.02629828656745,300.02629832132425,300.0262983507685,300.0262983675443,300.0262983983945,300.0262984245956,300.02629842077533,300.0262984571868,300.0262984922796,300.0262985172085,300.0262985453716,300.0262985570949
6.376369923749304e-05,300.0263001585325,300.0263001558068,300.0263001506947,300.02630014078215,300.0263001265359,300.02630010827096,300.0263000879283,300.02630006780265,300.0263000501021,300.026300030626,300.0263000031946,300.02629997572996,300.0262999573582,300.0262999433567,300.02629991550765,300.02629985566927,300.0262997778232,300.026299714657,300.02629968276557,300.0262996728951,300.02629966889276,300.02629966804443,300.02629966296024,300.0262996631321,300.02629966068406,300.0262996492857,300.02629962770465,300.02629954228036,300.0262993492654,300.0262990746685,300.0262988128485,300.02629860201137,300.0262984731948,300.0262983700053,300.02629829273496,300.0262982688423,300.0262982660164,300.0262982776283,300.02629828656745,300.02629832132425,300.0262983507685,300.0262983675443,300.0262983983945,300.0262984245956,300.02629842077533,300.0262984571868,300.0262984922796,300.0262985172085,300.0262985453716,300.0262985570949
6.876369923749304e-05,300.0263001585325,300.0263001558068,300.0263001506947,300.02630014078215,300.0263001265359,300.02630010827096,300.0263000879283,300.02630006780265,300.0263000501021,300.026300030626,300.0263000031946,300.02629997572996,300.0262999573582,300.0262999433567,300.02629991550765,300.02629985566927,300.0262997778232,300.026299714657,300.02629968276557,300.0262996728951,300.02629966889276,300.02629966804443,300.02629966296024,300.0262996631321,300.02629966068406,300.0262996492857,300.02629962770465,300.02629954228036,300.0262993492654,300.0262990746685,300.0262988128485,300.02629860201137,300.0262984731948,300.0262983700053,300.02629829273496,300.0262982688423,300.0262982660164,300.0262982776283,300.02629828656745,300.02629832132425,300.0262983507685,300.0262983675443,300.0262983983945,300.0262984245956,300.02629842077533,300.0262984571868,300.0262984922796,300.0262985172085,300.0262985453716,300.0262985570949
7.376369923749304e-05,300.0263001585325,300.0263001558068,300.0263001506947,300.02630014078215,300.0263001265359,300.02630010827096,300.0263000879283,300.02630006780265,300.0263000501021,300.026300030626,300.0263000031946,300.02629997572996,300.0262999573582,300.0262999433567,300.02629991550765,300.02629985566927,300.0262997778232,300.026299714657,300.02629968276557,300.0262996728951,300.02629966889276,300.02629966804443,300.02629966296024,300.0262996631321,300.02629966068406,300.0262996492857,300.02629962770465,300.02629954228036,300.0262993492654,300.0262990746685,300.0262988128485,300.02629860201137,300.0262984731948,300.0262983700053,300.02629829273496,300.0262982688423,300.0262982660164,300.0262982776283,300.02629828656745,300.02629832132425,300.0262983507685,300.0262983675443,300.0262983983945,300.0262984245956,300.02629842077533,300.0262984571868,300.0262984922796,300.0262985172085,300.0262985453716,300.0262985570949
7.876369923749304e-05,300.0263001585325,300.0263001558068,300.0263001506947,300.02630014078215,300.0263001265359,300.02630010827096,300.0263000879283,300.02630006780265,300.0263000501021,300.026300030626,300.0263000031946,300.02629997572996,300.0262999573582,300.0262999433567,300.02629991550765,300.02629985566927,300.0262997778232,300.026299714657,300.02629968276557,300.0262996728951,300.02629966889276,300.02629966804443,300.02629966296024,300.0262996631321,300.02629966068406,300.0262996492857,300.02629962770465,300.02629954228036,300.0262993492654,300.0262990746685,300.0262988128485,300.02629860201137,300.0262984731948,300.0262983700053,300.02629829273496,300.0262982688423,300.0262982660164,300.0262982776283,300.02629828656745,300.02629832132425,300.0262983507685,300.0262983675443,300.0262983983945,300.0262984245956,300.02629842077533,300.0262984571868,300.0262984922796,300.0262985172085,300.0262985453716,300.0262985570949
8.376369923749304e-05,300.0263001585325,300.0263001558068,300.0263001506947,300.02630014078215,300.0263001265359,300.02630010827096,300.0263000879283,300.02630006780265,300.0263000501021,300.026300030626,300.0263000031946,300.02629997572996,300.0262999573582,300.0262999433567,300.02629991550765,300.02629985566927,300.0262997778232,300.026299714657,300.02629968276557,300.0262996728951,300.02629966889276,300.02629966804443,300.02629966296024,300.0262996631321,300.02629966068406,300.0262996492857,300.02629962770465,300.02629954228036,300.0262993492654,300.0262990746685,300.0262988128485,300.02629860201137,300.0262984731948,300.0262983700053,300.02629829273496,300.0262982688423,300.0262982660164,300.0262982776283,300.02629828656745,300.02629832132425,300.0262983507685,300.0262983675443,300.0262983983945,300.0262984245956,300.02629842077533,300.0262984571868,300.0262984922796,300.0262985172085,300.0262985453716,300.0262985570949
8.876369923749304e-05,300.0263001585325,300.0263001558068,300.0263001506947,300.02630014078215,300.0263001265359,300.02630010827096,300.0263000879283,300.02630006780265,300.0263000501021,300.026300030626,300.0263000031946,300.02629997572996,300.0262999573582,300.0262999433567,300.02629991550765,300.02629985566927,300.0262997778232,300.026299714657,300.02629968276557,300.0262996728951,300.02629966889276,300.02629966804443,300.02629966296024,300.0262996631321,300.02629966068406,300.0262996492857,300.02629962770465,300.02629954228036,300.0262993492654,300.0262990746685,300.0262988128485,300.02629860201137,300.0262984731948,300.0262983700053,300.02629829273496,300.0262982688423,300.0262982660164,300.0262982776283,300.02629828656745,300.02629832132425,300.0262983507685,300.0262983675443,300.0262983983945,300.0262984245956,300.02629842077533,300.0262984571868,300.0262984922796,300.0262985172085,300.0262985453716,300.0262985570949
9.376369923749304e-05,300.0263001585325,300.0263001558068,300.0263001506947,300.02630014078215,300.0263001265359,300.02630010827096,300.0263000879283,300.02630006780265,300.0263000501021,300.026300030626,300.0263000031946,300.02629997572996,300.0262999573582,300.0262999433567,300.02629991550765,300.02629985566927,300.0262997778232,300.026299714657,300.02629968276557,300.0262996728951,300.02629966889276,300.02629966804443,300.02629966296024,300.0262996631321,300.02629966068406,300.0262996492857,300.02629962770465,300.02629954228036,300.0262993492654,300.0262990746685,300.0262988128485,300.02629860201137,300.0262984731948,300.0262983700053,300.02629829273496,300.0262982688423,300.0262982660164,300.0262982776283,300.02629828656745,300.02629832132425,300.0262983507685,300.0262983675443,300.0262983983945,300.0262984245956,300.02629842077533,300.0262984571868,300.0262984922796,300.0262985172085,300.0262985453716,300.0262985570949
9.876369923749304e-05,300.141225329237,300.140927261892,300.1400370520648,300.1385686416719,300.13654455319613,300.133995549873,300.13095977259877,300.12748188572965,300.12361184603265,300.11940389616933,300.1149151987737,300.11020438686785,300.1053308545022,300.10035286947436,300.09532668303564,300.0903060057168,300.0853402410681,300.0804746979627,300.0757493538342,300.0711987789521,300.0668520177997,300.06273196155854,300.0588565636918,300.05523751003426,300.0518823166254,300.0487935425249,300.0459689316872,300.04340360283845,300.04108889099285,300.03901383117983,300.03716549952884,300.0355298563328,300.0340908747819,300.03283322211166,300.03174071361366,300.03079717744765,300.02998737566196,300.0292964480291,300.02871044222115,300.0282162728256,300.0278020337476,300.02745683058197,300.0271707742395,300.0269351138137,300.02674210517705,300.0265848699529,300.02645755211495,300.02635503292265,300.02627294123096,300.0262075734312
0.00010376369923749304,310.1320573380522,310.10591199315843,310.0278263476963,309.89902404906076,309.72148175219314,309.4978992039307,309.2316234544861,308.9265738095338,308.58713386920675,308.21806320450423,307.8243772146121,307.41121947359716,306.98379990077666,306.5472297762495,306.10644368764156,305.66615255518434,305.2306879071947,304.80402097717615,304.389655730354,303.9906229822092,303.609469095362,303.2482005827527,302.90839072896006,302.5910629096846,302.2968752470993,302.0260515747167,301.77839408463996,301.55347644883244,301.35053990556054,301.1686208879413,301.00658148174784,300.8631877633117,300.73703256965894,300.6267733677222,300.53099123356174,300.44826733127115,300.37726708012525,300.3166880703327,300.2653079500989,300.22197833525365,300.1856568034627,300.1553886073034,300.1303055529653,300.1096412215461,300.09271786413547,300.078929125359,300.06776354454246,300.0587727831412,300.0515729499319,300.04584026804275
0.00010876369923749304,314.72795935006405,314.68997646644556,314.5765638772343,314.3894821400882,314.1316006172861,313.806834933833,313.4200418808466,312.97690432607743,312.4837864516389,311.9475897256349,311.3755898648769,310.7752632454788,310.15415357090126,309.51968721205367,308.8790370913813,308.23902707930375,307.6059649394313,306.985605339497,306.3830474674813,305.8026994679071,305.2482536424119,304.72265888345646,304.22817644937817,303.7663440329239,303.33809308305064,302.94374945633024,302.5830803731365,302.2554360049397,301.95973893588985,301.69460005212017,301.4583758715814,301.24925621460005,301.06525309975336,300.90437020126024,300.7645587574937,300.64378038356057,300.54007898708994,300.45156773118816,300.37646653531965,300.31311591312436,300.2599894879246,300.215697341981,300.1789803490409,300.14871857376403,300.12392176944104,300.10371308690844,300.08734078253815,300.07415077341625,300.0635834965362,300.0551652740286
0.00011376369923749304,318.15284498966474,318.10608743041564,317.9664895026922,317.73620810387524,317.41877030028354,317.0189883923204,316.54283298221236,315.997289071789,315.3901814277947,314.7299943574054,314.02567294562624,313.2864144254468,312.52149188200383,311.74004198430936,310.95089321308524,310.16243660023724,309.38244190473404,308.61799171875447,307.8753684752938,307.1600051120351,306.4764525961977,305.82835741098506,305.21850685141567,304.6488166437566,304.12043757700883,303.63378180793086,303.18858673454736,302.784054496719,302.4188748706106,302.09134846112715,301.79946219235006,301.54098809493786,301.31349923809023,301.11452972959364,300.94156296774315,300.79209711526624,300.66371973110586,300.5541084298573,300.46106994519084,300.3825608505952,300.31669697488314,300.26176314780685,300.2162067310504,300.1786439237699,300.14785050364475,300.1227450462682,300.1023960916958,300.08599465313097,300.0728484167715,300.062370562873
0.00011876369923749304,320.99135800601647,320.9373675758279,320.7761849178737,320.51029278466046,320.14375704598746,319.6821253521757,319.13228194811325,318.5022803487591,317.8011439110902,317.0386566059731,316.225134603517,315.37118848496584,314.4875137037259,313.58465332099115,312.6727983013319,311.76163109722523,310.8601263732105,309.9764634311707,309.1179023869055,308.29072455585515,307.50019408288756,306.75053669361887,306.04498080055237,305.38575835074494,304.77420916374297,304.2108236159568,303.69531911751557,303.22678363699924,302.8037201302684,302.4241783548938,302.08584487772157,301.78615192855546,301.52231151751795,301.2914748963319,301.0907408135869,300.9172250944796,300.7681399365114,300.6408031202698,300.53267993820623,300.4414085131632,300.3648084732119,300.30089457226916,300.2478698245305,300.20413086703195,300.1682584468595,300.13899999447284,300.11527394945335,300.0961415954168,300.0807992176607,300.06856498271577
0.00012376369923749304,323.46167086659676,323.40141978579095,323.2215530912516,322.924834804082,322.5157945718191,322.0006133331038,321.3869623504181,320.68381589995334,319.9012303757314,319.0501102887357,318.1419543408611,317.1885923663517,316.20194797202794,315.1937788245694,314.17545339033194,313.15777145352445,312.15075062286667,311.16352093917817,310.20419092368866,309.2797793708303,308.39617193170585,307.55809993376397,306.76917926659223,306.0319204561368,305.34783320969245,304.7174814532376,304.14057021982063,303.61609455146305,303.1424003814656,302.717324659613,302.33829775352035,302.0024612753342,301.70671645671814,301.4478857900719,301.2227361544501,301.0280526849419,300.8607230244734,300.71775297382675,300.59631148619115,300.49375965083266,300.4076594012185,300.3357900423119,300.27614116730626,300.22691751685306,300.1865291241519,300.1535732552462,300.1268366423439,300.10526650454904,300.08796101582794,300.0741545664126
0.00012876369923749305,325.67298916754345,325.6071639068041,325.41066121300474,325.0864947116946,324.6396048340088,324.07673355583665,323.40624951766915,322.63794316978885,321.78278678655084,320.8526786332204,319.8601665232611,318.81816231163936,317.739680305274,316.6375572190584,315.5242082725777,314.4114275313433,313.3101612225912,312.2303870101611,311.18097068575025,310.1695903958509,309.20268869645696,308.2854509341442,307.4218427475655,306.61462722432776,305.8654706231144,305.1750074519074,304.54293634356446,303.96817459014414,303.44893256438735,302.9828616180704,302.56716740724477,302.1987357987481,301.8741932211763,301.59007153388853,301.3428431881025,301.12899930449726,300.9451388047999,300.7879893438929,300.65445534157107,300.5416501125265,300.44690495417194,300.3677880765108,300.30209741128976,300.2478651971378,300.2033477854035,300.167006996145,300.1375106863985,300.1137029419102,300.0945930902874,300.0793395590359
0.00013376369923749306,327.68913939181135,327.61825903579063,327.4066689668142,327.0576083307493,326.57638824110273,325.9702569701826,325.2482126124287,324.42078253066046,323.4997661071646,322.497959298316,321.42885795433244,320.30635203566203,319.14444241243103,317.9569422334506,316.75721451007587,315.5579544440192,314.37095043431293,313.2069497762871,312.0755066868126,310.9848996860646,309.9420794821071,308.9526466601508,308.02088821168735,307.149800420427,306.34119617519866,305.5957785534165,304.9132446474377,304.2924456471885,303.73147286225327,303.22781285859816,302.77847060199133,302.38010272151973,302.02908830954885,301.7216974503791,301.4541366012799,301.2226307244017,301.02351712585465,300.8532709325591,300.7085560718233,300.58626021201223,300.4835044114524,300.39766414470796,300.3263620804961,300.2674725367467,300.2191109749561,300.1796148269698,300.1475426797276,300.1216436639715,300.1008451838948,300.0842355297916
0.00013876369923749307,329.55124224404386,329.47571779167356,329.2502665067672,328.87833388852664,328.3655699497983,327.7196858514137,326.9502552695004,326.0684796003991,325.08691492042954,324.01917868916047,322.87963463637857,321.68306844121696,320.4443849493087,319.17829241009804,317.89902320247927,316.62009983728296,315.35408442812275,314.1124321367005,312.9053311264197,311.7416136476644,310.62870002454144,309.57257550905183,308.57782605761264,307.6476660055854,306.78404713994126,305.9877396761066,305.25844323073386,304.5949522498897,303.99525222689,303.45668158871484,302.9760637834658,302.54984730515423,302.17418582948756,301.8451105647837,301.55858458061016,301.3105888231787,301.09722046925,300.91472243241543,300.75953718703585,300.62834428117134,300.5180706512704,300.42591354008897,300.3493333005242,300.2860578214407,300.2340717452261,300.19159681895724,300.15708989819103,300.129211572543,300.106812744576,300.0889161203837
0.0001437636992374931,331.2876325839362,331.20780038451767,330.9694913393997,330.5763415494632,330.0343138880573,329.35154683850465,328.53814551030234,327.60593379113186,326.5681667395141,325.43922088047304,324.23426213449955,322.96890439565595,321.65888880304044,320.319752079787,318.96653173928974,317.6135171230749,316.273988019232,314.9600568951889,313.6825012892113,312.4506690384582,311.27241858733964,310.1540949174363,309.10056469319585,308.11524802935406,307.2002293720544,306.356345017419,305.5833005798177,304.8798415229018,304.2438584966436,303.6725555354698,303.162590374693,302.7102207355825,302.3113929381781,301.96191810667716,301.6575344975012,301.39399722939555,301.16718096285075,300.9731130525534,300.8080301131329,300.66841792396633,300.5510224740318,300.4528746251428,300.3712829868804,300.30383838872393,300.24840285658047,300.20308953827976,300.16625968102767,300.136490537746,300.11256090248145,300.09343157913077
0.0001487636992374931,332.9188220509403,332.8349642897981,332.5846393546843,332.171660688767,331.6022821572686,330.8850396990519,330.03053277736274,329.05116447165744,327.96084034401036,326.7746435400552,325.5084869956694,324.17875612714624,322.8019715158508,321.39444240957005,319.97195752488545,318.5495222464294,317.141087001817,315.7593791298762,314.4157281502675,313.11996549800085,311.88036133713047,310.70359950699043,309.59481210490645,308.5576148084125,307.59421955046355,306.7055279011072,305.8912544889164,305.15010238378005,304.47987669489686,303.87765868904467,303.33995373607274,302.8628434254482,302.44208196643046,302.0732762130605,301.7519552531516,301.4736636929641,301.2340684837326,301.0289954221249,300.85448836097356,300.70685136326466,300.5826605183233,300.478790240598,300.392406252795,300.320970163539,300.26222823761236,300.214190941713,300.17512901863375,300.14354071827904,300.11813637899604,300.0978179582795
0.00015376369923749311,334.46023053946175,334.3725885891892,334.11096788009087,333.6793478262115,333.0842545616847,332.33459591467204,331.44143395849227,330.41771388843955,329.277950261426,328.037887940443,326.7141396352831,325.3238137479392,323.8841616232858,322.41221713669273,320.92447404279426,319.4366102879581,317.96320668715947,316.517569136403,315.11154714503516,313.75542838522506,312.45787216870605,311.2258833678596,310.06484647196766,308.97856403388596,307.96937109095677,307.0382338530022,306.1848786152193,305.4079717467427,304.7052408448212,304.0736544220451,303.50957696763317,303.0089265229442,302.5672782984645,302.1800484480329,301.8425703240933,301.55019116740067,301.2983829150259,301.0827818088276,300.8992501613008,300.74392064209667,300.6132088924092,300.5038413738455,300.4128484910609,300.3375693229508,300.27564021952196,300.22497401001345,300.1837552748549,300.1504069436804,300.12357399882717,300.10210213973704
0.00015876369923749313,335.92380161701226,335.8325851655135,335.5602942756764,335.11106443383756,334.49167776564786,333.711391766062,332.781703524588,331.7160681178506,330.5295730096865,329.238585741283,327.8603777234613,326.41273814735735,324.91360679577326,323.38070053074426,321.8311780121676,320.28135194210574,318.74639853490373,317.2401706783293,315.77501006818346,314.3616368393628,313.0090798434951,311.7246495150707,310.513971418967,309.38102746837274,308.3282720247113,307.3567354247789,306.46615798546753,305.6551743629442,304.9214416708569,304.26182442005097,303.6725562495758,303.14940263351707,302.68777123189943,302.2828993251045,301.92993624395183,301.62404332556696,301.36050854984853,301.1347890575274,300.94257538814674,300.7798378012862,300.64283970674364,300.5281669949351,300.4327213259471,300.35372505414745,300.2887096825575,300.2354947719439,300.19218249554604,300.1571236442026,300.12890051821665,300.1063047878857
0.00016376369923749314,337.3190130687566,337.22440660296195,336.9419959453023,336.47606393235066,335.83363435214164,335.0242948073315,334.0599531159768,332.9545458597404,331.72370164062215,330.38437631028376,328.9544638212469,327.4523970062396,325.8967668200945,324.3059364507586,322.6976941311693,321.0889540295201,319.4954569575593,317.93157500453486,316.41011757701494,314.94221634538434,313.53725244454347,312.20282826335585,310.9448004896187,309.7673238033294,308.6729685795844,307.66282885581916,306.736661077884,305.89307260767083,305.1296562986862,304.4431804015566,303.8297565720807,303.2850074181631,302.80418316849284,302.38235266881026,302.0144915721618,301.695585432115,301.42074802637205,301.1852666167831,300.98466858281773,300.8147696937734,300.6716883660723,300.5518764188332,300.45211255281424,300.3695075022397,300.3014923754763,300.2457973005715,300.2004453356025,300.1637179186525,300.1341370063523,300.110442185652
0.00016876369923749315,338.6535382531159,338.5557058104682,338.2636647922801,337.7818376217074,337.1174770036835,336.2804832539369,335.283153318741,334.13988004512294,332.8668049153282,331.48144152035644,330.00227418806764,328.44834634742176,326.8388669702674,325.19281295442113,323.5285706713426,321.8636261327252,320.2142573420102,318.595330861567,317.0201020302937,315.5000954331658,314.0450291345178,312.66278537490405,311.3594431125179,310.1393239397661,309.00511130898116,307.957962594013,306.9976522669457,306.1227643455046,305.3308329860312,304.6185370937014,303.98187425827217,303.4163328799453,302.9170147919567,302.47882971644935,302.09658885902957,301.7651110197133,301.47934447294654,301.2344148254249,301.0256939741075,300.8488502565521,300.6998635422633,300.5750573661372,300.47109261797857,300.38497295062126,300.31403303373156,300.2559169684777,300.2085716169075,300.1702115321684,300.1393003956887,300.1145274294048
0.00017376369923749317,339.9336953050718,339.83278404733096,339.5315517316818,339.03455339787297,338.3492592314351,337.48586665541893,336.45704236520754,335.2776128265888,333.9642070462557,332.53486892131536,331.0086442884724,329.40515751702105,327.744205837407,326.04535058206704,324.32754804494914,322.60882948635765,320.9059854981818,319.2343549133262,317.607619448232,316.03767988169346,314.53457741985517,313.1064632889477,311.75963076773223,310.4985631097783,309.32605421085566,308.24332446171684,307.25016807754344,306.3451492896416,305.5257485691052,304.7885617028577,304.12947934348256,303.5438634779929,303.026675682345,302.572674933941,302.17651630071623,301.8328599585094,301.53649650621065,301.28239729558584,301.065785647936,300.8821888182564,300.727453924419,300.5977814180824,300.4897190031531,300.4001673255199,300.3263681649546,300.2658826491091,300.2165840578015,300.17662226665357,300.14440452966403,300.1185712362634
0.00017876369923749318,341.1647618811702,341.0609048422451,340.75087814532424,340.23936314327494,339.53403716387004,338.6453806315756,337.58641247421497,336.37237230426103,335.02035373054446,333.5489061539663,331.97761082001136,330.3266462234074,328.6163709416681,326.86690426591036,325.0977468926398,323.32745127201076,321.57329832720336,319.8510790728216,318.17488390793216,316.55697467262945,315.00770323521584,313.53547997264707,312.14680528590577,310.8463193379881,309.636924082742,308.51990264039284,307.4950705292602,306.5609754187546,305.71504864034637,304.95380850986805,304.2730452077542,303.66800137599455,303.13350571677586,302.66417405977904,302.2545128729229,301.89903108231346,301.59236870967254,301.3293495629981,301.10505465043065,300.9148759008086,300.7545329321388,300.6201078249134,300.5080392859269,300.41512864188866,300.3385279926741,300.27571825262163,300.22450147948757,300.1829648626056,300.1494608932628,300.12258250690616
0.0001837636992374932,342.3512016023303,342.2445198412844,341.9260599552696,341.400623873342,340.67608665940713,339.76319890660216,338.6753158395014,337.4280715913036,336.0390035164878,334.52714395067653,332.91258579610025,331.2160372689073,329.4583937979576,327.66030853191586,325.84180333661374,324.0219299441151,322.21843934034274,320.4475564238677,318.72376415659323,317.0596716516442,315.4659300658937,313.9511999626204,312.52218230018485,311.18366981826694,309.93867034994827,308.78852948027566,307.7330854530726,306.7708723139307,305.89927640093737,305.1147437106347,304.41296985037246,303.78908456697263,303.2377904300734,302.7535670546187,302.33077919043143,301.9637912475943,301.64709915082415,301.37538529167176,301.14359408210686,300.9469873796426,300.78116209479646,300.6420862359794,300.52609333339433,300.4298887562587,300.35053784907495,300.28544382620584,300.23233967019706,300.18925169365383,300.1544791361563,300.12656872851835
0.0001887636992374932,343.4968307189062,343.38743503472864,343.0608725433126,342.52206049964906,341.77906309776665,340.84288935916913,339.72721622603495,338.4480553105019,337.02336862882817,335.4726507984194,333.8164846406661,332.0760857571573,330.27286400453784,328.4279843244242,326.5619684792636,324.69434741894037,322.8433236275581,321.02553912418875,319.25585466235725,317.54721399015295,315.91055712503936,314.3547865953784,312.88679789201257,311.5115323539787,310.2321016883144,309.0499136960856,307.96483064708957,306.9753756523545,306.0788938571404,305.27176366290706,304.5495915152616,303.907400183635,303.3397722937724,302.84105760866765,302.40548547898027,302.0272819827138,301.70080489790627,301.4206008268583,301.1814828354446,300.9785875356175,300.80739353021187,300.66375870195577,300.54391491071044,300.4444746518959,300.3624191959958,300.2950763605919,300.2401120185054,300.1954932608311,300.15946745598285,300.1305362699701
0.00019376369923749322,344.60494323260883,344.49293554965357,344.15857456112053,343.6068880196325,342.8461213365257,341.88753116762814,340.7451027685673,339.43520956087553,337.9762206741299,336.38807401421934,334.69182232874954,332.9091680595523,331.06201486177815,329.17201916846125,327.2601830628595,325.34649824436065,323.44960160477115,321.5865368470702,319.7725289109011,318.0208445349176,316.34270298544465,314.7472411752936,313.2415435675959,311.830696427906,310.517913479257,309.3046645005767,308.1908369793834,307.1749455632894,306.25429770330834,305.42520855747097,304.68320039669527,304.0231944685455,303.4396591636323,302.9268202614292,302.47877754435206,302.0896244660147,301.7535861496107,301.4650786028271,301.2187883920005,301.0097313386903,300.83327179913096,300.6851611726558,300.5615328842476,300.4589093999344,300.37419038840267,300.30463039304993,300.24782998678023,300.2016985620291,300.16443288480275,300.1344906023991
0.00019876369923749323,345.6784064788719,345.5638809804641,345.2220025094946,344.65790485676337,343.8800073436976,342.89980429292535,341.7315768956264,340.3920459117804,338.8999713768844,337.27571694152294,335.5407868102166,333.7173512835671,331.82778875266484,329.894228379607,327.93813447378244,325.9799424084932,324.03870767879243,322.13186139223615,320.27498008532604,318.48164270865374,316.7633388763214,315.12943286194877,313.58719294417915,312.14184690542004,310.7967087528848,309.55331001192116,308.4115644819238,307.36998062551964,306.4258314321264,305.57537284070105,304.81404756233434,304.13668037326227,303.53763071742424,303.0110058269256,302.55078132022663,302.1509233181473,301.80552938070116,301.508889738258,301.25556895243824,301.0404661867321,300.8588353170672,300.7063246371876,300.57897213733827,300.47321289081606,300.3858672553324,300.3141184661674,300.25550347134845,300.20787537302044,300.16938150696205,300.13843646695756
0.00020376369923749325,346.7184398920894,346.6014873170181,346.25236211329525,345.6762998173606,344.88188663157644,343.8808449570359,342.6877400141283,341.31962597996505,339.7956382039418,338.1365492001456,336.3642968558639,334.5015010631663,332.5709965950365,330.59536727754926,328.59652222063585,326.5953240162581,324.61123153354606,322.6620495136193,320.7636939449186,318.93004558398746,317.1728557898776,315.50170940562174,313.9240535211635,312.44525412565963,311.06872380440933,309.796055573925,308.62719057799666,307.56063325664104,306.59362523242646,305.7223670839835,304.94222639475834,304.24793632107844,303.6337524583855,303.09366871871265,302.6215417668753,302.2112154979563,301.8566648193721,301.55205883652025,301.29184444862426,301.0708081570079,300.88409699842975,300.7272594292208,300.5962409100385,300.48739167440834,300.3974549880327,300.323544685017,300.26313571141327,300.2140262450279,300.1743153286278,300.14237543875635
0.00020876369923749326,347.72724807203997,347.60795317459423,347.2518341309386,346.6642242191354,345.8538699632664,344.83271289615516,343.61559115731757,342.21987935025857,340.6650735863169,338.97233948710226,337.1640320306997,335.26320364440073,333.2931283460825,331.2768277526191,329.23663949502304,327.1938380092178,325.16827130195435,323.17810487337704,321.2395828026415,319.3668779134903,317.5719952553497,315.86473387275987,314.25271497477854,312.7414396403478,311.3344174237486,310.0333025784572,308.83806453835376,307.7472057342051,306.7579393036391,305.8664140655419,305.06792661550674,304.3571230276006,303.7281598120247,303.174922457906,302.69115355366256,302.27057954992057,301.90705730442585,301.59463915740827,301.3276584169411,301.10079266795105,300.90908552380813,300.74798866870793,300.6133577580357,300.50146058027525,300.4089653901864,300.33291840772006,300.27073409843007,300.2201569951691,300.1792389119863,300.14631108375846
0.00021376369923749327,348.7073443397345,348.5857851075847,348.22290492424366,347.6241311291469,346.79836453729786,345.757757587528,344.51741112305996,343.0950082285334,341.5103923946897,339.7851078595795,337.9419114300844,336.00427237642725,333.99588819388265,331.9402027610247,329.85996724371915,327.7768537670013,325.7110863623281,323.68117942860874,321.7036946647922,319.7930879826786,317.96161069262615,316.2192701613401,314.57385738350354,313.03100564154084,311.5943199662101,310.2655156037037,309.04459113820474,307.93004884201,306.9190760181688,306.0077730420816,305.1913693369941,304.46442808134555,303.82101109208753,303.25489995861983,302.75972769612196,302.3291077258556,301.95678310947585,301.636693450489,301.3630622283357,301.1304615731258,300.9338348320953,300.7685397501297,300.6303446942005,300.51543721990004,300.42041249267265,300.3422507667917,300.27830743064794,300.22627455061064,300.1841576911384,300.15024764981615
0.00021876369923749328,349.66065091361446,349.53690012029034,349.1674759417792,348.5578963479328,347.71721082330987,346.6577750452707,345.3949430382723,343.946695232103,342.3332100201028,340.5763967443618,338.69939980744186,336.7260906863349,334.6805756434585,332.58670632921087,330.46763345767243,328.3454136276688,326.24063465007526,324.17214874184333,322.15682543557676,320.2093953346243,318.3423490578175,316.56589678895267,314.8879952432635,313.31440719601983,311.8488317427067,310.49304487860775,309.24707513016284,308.1094263270901,307.07726240549704,306.1466383893316,305.3127200906505,304.5699917021328,303.91242445466384,303.3337002659536,302.82734679184534,302.3868685579509,302.0058988122158,301.6782681952064,301.3980938829328,301.1598457953753,300.9583699725607,300.7889328756589,300.64721794286953,300.5293345703753,300.4318066352154,300.35154997078547,300.28586220240476,300.23238403295045,300.18907569299324,300.15418829422873
0.0002237636992374933,350.5888398017711,350.46296567173465,350.08720107124196,349.4671513876517,348.61200951156655,347.53432717935164,346.2497026799084,344.7764033596108,343.13493082909014,341.34754687755014,339.437770169245,337.4298606743283,335.3483196361904,333.2173928947589,331.0606175985444,328.90042242536157,326.75774747716684,324.6517723887116,322.59966533696195,320.6164237278782,318.71477095177676,316.90511482895886,315.1955739635808,313.59203806351957,312.09829894656485,310.7161931121743,309.44577975818487,308.28556586879176,307.23269431897256,306.2831776755834,305.43212147693134,304.6739345972196,304.0025015374516,303.41140851426536,302.8940817845906,302.4439208655152,302.0544529371072,301.71940322831665,301.4327859301118,301.1889718077696,300.9827123807436,300.80918532802366,300.66399138209647,300.54316373309257,300.4431566660969,300.3608230486806,300.2934039802667,300.23848983821415,300.1939963803456,300.15813573841234
0.0002287636992374933,351.49339826688436,351.36546496894107,350.9835514203773,350.3533474079351,349.4841842842052,348.3888031006527,347.08303803452117,345.5854335517248,343.91680350141155,342.09975022662525,340.1581541219062,338.11665076032466,336.0001234048789,333.83319931260104,331.63978973143344,329.4426837554388,327.26316296439796,325.12072461742576,323.0328268785128,321.014726519445,319.07937353493946,317.23736848962386,315.4969882522587,313.8642470358705,312.3430280988525,310.9352281974588,309.6409378724622,308.4586687523897,307.38554481115585,306.41753887527943,305.54969934602536,304.77636322906824,304.09133192671254,303.4880996949987,302.9599951256461,302.5003163938874,302.1024881465836,301.7601335538577,301.46716695563657,301.217862849253,301.006880866914,300.829312269965,300.6806771868786,300.5569344485119,300.45447035187055,300.37007617428605,300.3009376584872,300.2445958369008,300.19892280765356,300.1620923885053
0.00023376369923749332,352.375663172828,352.24573122303104,351.8578493030167,351.21778875650267,350.3350147420551,349.222451275096,347.8961605325942,346.374954872336,344.67995004020963,342.834077728324,340.8615682536776,338.7874206442689,336.6368879649084,334.4349668473213,332.20593100580385,329.97291894770564,327.75754352564275,325.57961037633424,323.456859472523,321.4047999220816,319.4366024898629,317.56305585182986,315.79259170313765,314.1313464532168,312.58329357319957,311.1503898255503,309.83275771249583,308.6289148991617,307.5359684860698,306.5498541151062,305.6655660053809,304.8773725473308,304.1789954721553,303.5638406078477,303.0251424097983,302.55610117898,302.15004237322825,301.80049027760293,301.50126234884897,301.24653955122227,301.03089212509735,300.84932715555885,300.69728615976385,300.5706553604624,300.46575458749805,300.3793148324044,300.308467589665,300.25070547613524,300.20385770043504,300.16606039670046
0.00023876369923749334,353.23684440714425,353.10497100975226,352.7112914147888,352.06165584006794,351.16565885552393,350.0364014458287,348.690166341426,347.1460250810011,345.42538554345435,343.55149818997415,341.54893210880556,339.44303830841585,337.2594281123714,335.0234561470529,332.7597475968621,330.49177997806635,328.24148776286535,326.02897621463967,323.87225937099225,321.78709201509633,319.7868601492018,317.88253616222545,316.08270330577955,314.39361798393145,312.81934270083025,311.3618939708634,310.0214268272551,308.7964662746614,307.6841044469114,306.6802422100392,305.77982239016643,304.97704783668524,304.2655638519062,303.6386911792099,303.08957348027093,302.611316468441,302.1971495836914,301.8405012372453,301.5350948197874,301.2750203596315,301.05476107579307,300.86924200699184,300.7138279531737,300.58433419375706,300.4770155374639,300.38854393032676,300.31599767233547,300.25682184807766,300.2088035083744,300.1700417022119
0.00024376369923749335,354.07804263996144,353.94428198130663,353.5449664044611,352.8860224639891,351.9771699850055,350.83168125178804,349.4660525054309,347.89960622575694,346.15403318811315,344.2528926125797,342.22108180626134,340.0842928978658,337.8684845420019,335.5993585836983,333.3018812619152,330.99985924329917,328.7155394694083,326.46931853133765,324.27947718356427,322.1620095599561,320.13051164205376,318.19613534685766,316.3676123654961,314.65131699189055,313.05139962681216,311.5699362782744,310.20711503467453,308.96146946099964,307.83007852006676,306.80881057617097,305.892559699841,305.0754661097063,304.3511017517803,303.71270545537544,303.15333326080895,302.6659994151147,302.2438403535849,301.88019147649044,301.56868478808826,301.30332185232663,301.07850112353384,300.8890676224853,300.730311236353,300.5979778875134,300.4882587416515,300.3977678814427,300.3235314166189,300.2629477411629,300.21376244506996,300.1740380619079
0.00024876369923749336,354.900263496387,354.7646670010853,354.359868896332,353.6918696693991,352.7705104627375,351.6092294882616,350.22472982431447,348.63657708359324,346.8667361840669,344.9390656163067,342.87878090226616,340.71190499314184,338.46473351037855,336.16330529477125,333.8329177560298,331.49769735245206,329.18019480528915,326.90109014820985,324.67892386697537,322.5299234291936,320.46788978882523,318.5041504012794,316.64758242000806,314.90467601236196,313.27966837855956,311.77469475774564,310.3899767755395,309.1240577022869,307.97400502320727,306.93565675106026,306.00386069862554,305.1726972134277,304.4356678019275,303.78593239119186,303.2164624162582,302.7201836274408,302.2901423236694,301.9195836211684,301.6020506914393,301.33145899067455,301.10212436106593,300.90881374108574,300.74674382765295,300.61159270075973,300.4994891991848,300.4069906714284,300.33107199616825,300.26908568063004,300.218736519458,300.1780510745154
0.0002537636992374934,355.70442919445884,355.5670457506449,355.156911004796,354.48009709538087,353.5465627450089,352.3699069948276,350.9670334265144,349.35774337392456,347.56426758745255,345.6107548192947,343.52272930622127,341.326535041094,339.0487947658851,336.7158746026146,334.35339373660713,331.9857895184247,329.6359081825747,327.32470570040397,325.0709756363241,322.8911730573386,320.79929911367435,318.8068529886222,316.92285444892707,315.15390759979664,313.5043353793952,311.9763319912183,310.5701530409545,309.2843525792182,308.11598821254023,307.0608696379561,306.11380077958023,305.26880473458743,304.5193153429313,303.858416495006,303.278997892666,302.7738996193876,302.33608057270493,301.9586981865813,301.63520923759546,301.3594453251162,301.12564173611224,300.9284891772321,300.76313280253055,300.62518429863906,300.5107114368511,300.41621591224964,300.33862229054495,300.27523796157294,300.2237275614287,300.18208220034336
0.0002587636992374934,356.4913882755987,356.35226443422096,355.9369319614746,355.2515324784928,354.3061387358729,353.114505757792,351.69373160831776,350.0638462963194,348.24733850341295,346.2686386766508,344.15357073223606,341.9287904004638,339.62123817502504,337.2575982133137,334.86380253167886,332.4645908970813,330.08309718103914,327.7405461382399,325.45597806604326,323.2460701569831,321.1250191939921,319.1044924427178,317.19364955212967,315.39920670398675,313.7255715454938,312.17499697341646,310.74777297980694,309.4424654054067,308.25612348938324,307.1845305429365,306.22244885143573,305.363846753962,304.60209306409115,303.93019836591844,303.3409733671315,302.82717518514573,302.38167792790705,301.9975538333829,301.66817561416264,301.38729316624904,301.1490631901505,300.9481019327254,300.7794845834011,300.6387578241174,300.5219295660105,300.4254468870696,300.3461849204486,300.28140667641185,300.22873724311364,300.1861327776673
0.0002637636992374934,357.2619238430635,357.1211039951867,356.7007062660625,356.0069396954241,355.0499876807395,353.8437566161822,352.4055333166141,350.7555697577639,348.916605029396,346.91334311541175,344.7718990056832,342.519231304379,340.18258932963187,337.7889664617429,335.3645990201072,332.93452110385465,330.52214670607486,328.14896253460915,325.83424955785426,323.5949018608248,321.44530749210685,319.3972983066299,317.46017121345153,315.64075267803935,313.94353405764207,312.3708266669513,310.9229552565432,309.5984984066426,308.39449841900876,307.30671405054983,306.3298680872194,305.4578764830523,304.68404554207825,304.00131514711995,303.4024196273388,302.8800357152125,302.426955226809,302.03616758338023,301.7009636655034,301.4150137290823,301.17239777541744,300.96765929112144,300.79580501537555,300.6523179584202,300.5331473305533,300.4346865880886,300.3537622773992,300.28759373803496,300.23376709681355,300.19020403652496
0.0002687636992374934,358.01676060364565,357.8742871389284,357.4489506530456,356.74702563711406,355.77880291291746,354.55833584773336,353.10309454383423,351.4335465489528,349.57267418845265,347.5454472040053,345.3782634516708,343.09837595446396,340.73333433703755,338.3104327919392,335.85620379989575,333.3959680711061,330.9534125393244,328.5502793359129,326.2060843015164,323.93793340383866,321.76040177221984,319.6854824990672,317.722607232287,315.8787109915296,314.1583678726424,312.563947328718,311.09580920908803,309.7525457264309,308.5311935992736,307.42748877024775,306.43611656232883,305.55094280667413,304.765213699926,304.0718009121308,303.463364894879,302.93250446563087,302.47193154029094,302.07455500331463,301.73358604337903,301.44261725586364,301.19565375452333,300.9871678980862,300.81209943073213,300.6658689724752,300.5443681477173,300.44393774874595,300.3613565489929,300.2938008994864,300.23881853024784,300.1942971104491
0.00027376369923749343,358.7565709324116,358.6124843813507,358.18233009177675,357.4724461289695,356.49322766381465,355.258870840637,353.78702383495033,352.09836366275965,350.21610903819095,348.1654880337318,345.9731735342733,343.6667049063125,341.2739239435489,338.8224176135647,336.3390067757107,333.84929136768574,331.377224393953,328.94479715913883,326.5717548219264,324.2754104304336,322.0705221791494,319.96924117741696,317.98113138446854,316.1132347033497,314.3702070225339,312.7544756499222,311.2664358439285,309.90469429000086,308.6662834068894,307.54691797758727,306.54124780257746,305.6430907489341,304.8456352011601,304.14168699642295,303.5238351028203,302.98460278910653,302.51662436401097,302.1127303625916,301.76605433622734,301.4701131214788,301.2188386859279,301.00663383034356,300.8283727042284,300.6794147710433,300.5555951431016,300.4532028713412,300.3689697405637,300.30002977085036,300.2438928396314,300.19841304652584
0.00027876369923749344,359.48198012941674,359.33631929150175,358.9014629870676,358.1838110621525,357.19386009874563,355.9459450091929,354.4578870601661,352.7505669033253,350.84743309806106,348.7739649486734,346.55710287626096,344.22466486906933,341.8047771067548,339.32531164259876,336.8133702663093,334.294825073977,331.7938885605177,329.33279521386476,326.9315141844104,324.60756099176217,322.3758730376785,320.2487563501659,318.23590485953844,316.34446573609284,314.5791757385909,312.942519742221,311.43492869676,310.0550245514848,308.799836642696,307.6650601685815,306.6453112579481,305.73436187598975,304.92534479042143,304.21100228398865,303.5838541355449,303.03635033468674,302.56104978378346,302.15070676953263,301.79837918082944,301.49750992448725,301.2419594977625,301.0260626552177,300.844629300869,300.6929589308292,300.56683118090086,300.46248425088424,300.376603693886,300.3062818338271,300.2489912209616,300.2025528140766
0.00028376369923749345,360.193571001253,360.04637306082554,359.60692571176094,358.88168886567183,357.8812577057034,356.6201020777341,355.1162115740914,353.3906649024809,351.46713420715304,349.3713432312927,347.1304927613367,344.7726720156178,342.326284107464,339.81947881126314,337.27963171103397,334.7328802857419,332.2036902109862,329.7145334111041,327.2855979146597,324.9345972843767,322.67664441868794,320.5241972801573,318.48707751141285,316.57253598483175,314.78538942912775,313.12817999548315,311.60137458098853,310.2036111436518,308.9319170927062,307.7819695416308,306.7483527144042,305.824794646108,305.00437458948437,304.27977345635827,303.64344403713756,303.08776522124253,302.60522261924837,302.1884962897345,301.830570359306,301.52481556619443,301.2650225519485,301.04545948234846,300.86087331739066,300.706504733577,300.5780788901621,300.4717839958058,300.38426010341476,300.31255845438966,300.2541147798184,300.2067173121935
0.00028876369923749347,360.89188787371216,360.7431885050429,360.29925657644435,359.56661042306087,358.5559411389737,357.2818498323004,355.76248985802596,354.01913263686856,352.0756679022394,349.9580573295,347.6937552004523,345.3111148805473,342.8388092738978,340.3052588151561,337.7381060386583,335.1637473053874,332.60689541491536,330.0902542084919,327.6342256784303,325.256717171151,322.9730135089971,320.79572171181053,318.73478895200947,316.7975682865466,314.98895553429924,313.311549827547,311.7658542418983,310.35052344568004,309.06258401831445,307.8976964185503,306.8504146536164,305.9144247154144,305.08275435577866,304.34802521005184,303.70262519334256,303.13886418893367,302.64915654929837,302.22611004939387,301.86263688378887,301.5520373196732,301.2880337001641,301.06482900883026,300.8771085184718,300.7200551949585,300.5893406877014,300.4811040460341,300.3919405304587,300.3188608938284,300.2592645399155,300.2109073763148
0.0002937636992374935,361.57744012171804,361.4272735845856,360.9789593215538,360.23907251776484,359.21839760017036,357.9316634206986,356.3971827236833,354.63641452142883,352.67346038878395,350.5345136947161,348.2472756283256,345.8403569084387,343.3426933769819,340.78296935267076,338.18908774986784,335.58769756814667,333.00375291153983,330.4601842319071,327.97760275756076,325.57410551761456,323.26514581479756,321.06347694912574,318.97916951177626,317.01967727145825,315.1899742766685,313.4927163424656,311.9284429308995,310.49582608149785,309.19189258650204,308.01228761401916,306.95153656858196,306.0032852061229,305.1605117091628,304.4157804473097,303.7614164911465,303.1896627320395,302.69286422206875,302.26355832590906,301.8945870706636,301.5791818902826,301.3109983329155,301.0841755587893,300.8933383684807,300.73361308990087,300.60061879819705,300.4904461888432,300.39964641560755,300.32519031843486,300.26444145059673,300.21512378398864
0.0002987636992374935,362.2507052871147,362.09910451398764,361.6465062017063,360.8995408761649,359.86908382435183,358.5699882670122,357.02072214250904,355.2429271412516,353.2609111644985,351.10109328788315,348.79141528431035,346.36073870369603,343.8382557449371,341.2529081018126,338.6328527553732,336.0049853420646,333.39449567360055,330.8245357063586,328.3159213522316,325.88693537083043,323.5531962231621,321.32760080643084,319.22034108672335,317.23897011366444,315.3885393229094,313.67176091073804,312.0892109116481,310.63957935894456,309.3198942489066,308.12578676107313,307.05175524165963,306.0914069427994,305.2376723316517,304.4830604440582,303.81983545930393,303.24017521591844,302.73635735177874,302.3008506276491,301.9264286059328,301.6062554689479,301.33392142273914,301.1035031182265,300.9095660594261,300.7471809748854,300.61191527187964,300.49981207280644,300.4073790896723,300.33154780802624,300.2696463934363,300.21936725994607
0.0003037636992374935,362.9121318426627,362.759128518425,362.3023407200011,361.5484528652091,360.50842872714037,359.19724265516567,357.6335137536356,355.83906167302473,353.8383953446825,351.6581538004949,349.32651332238026,346.8725800242563,344.32579613699835,341.7153544716894,339.06966000435835,336.4158492339279,333.77934229251395,331.1835077232619,328.6493617341883,326.19536900323067,323.83730994183895,321.5882224500062,319.45841788813294,317.4555471954446,315.5847383693249,313.8487596826697,312.24822390777604,310.7818396582153,309.4466370770712,308.2382345989358,307.15110499040577,306.17881866123923,305.31426014397533,304.54988499837896,303.8778983925407,303.29041498037606,302.77964680431563,302.3379957644462,301.9581686029778,301.6332637792433,301.3568075623768,301.12281536580895,300.9257945356578,300.7607612076543,300.6232320001662,300.5092032201288,300.4151397833545,300.33793436348043,300.27488018807026,300.22363848058467
0.0003087636992374935,363.5621416508363,363.407766285873,362.94688006036813,362.1862198921021,361.13683575942366,359.8138200270205,358.2359390946416,356.425186038752,354.40626573035405,352.2060316298383,349.8528886874934,347.3761815544267,344.8055964094221,342.1705711597059,339.49975293214845,336.82051352788557,334.15849820952087,331.5372873666799,328.97809327150213,326.49955884006454,324.1176233341506,321.84546314567666,319.69350710842167,317.6695026971857,315.77865366173904,314.02378404412855,312.40554350032806,310.9226597766265,309.5721660599578,308.3496692284193,307.2496178856852,306.26554719376884,305.39029746219416,304.61627256219606,303.93562046171036,303.3403944313374,302.82274267313113,302.3750019101073,301.989813653779,301.6602121191432,301.3796609986317,301.14211570017505,300.94202651577234,300.774355964688,300.6345707295267,300.51862103758504,300.4229296358235,300.3443509134187,300.2801435973704,300.2279380779449
0.00031376369923749353,364.2011321581675,364.0454141555172,363.58051725827795,362.81322954583266,361.7546850086855,360.42009103313006,358.8283575921402,357.0016468275128,354.96485465354743,352.74504364130973,350.3708417895781,347.87182648639856,345.2779220015827,342.61880554048054,339.92336075131686,337.2191893791817,334.53215681346296,331.8860507174438,329.3022753421093,326.79964828608365,324.3942646630945,322.099436925011,319.9257095144269,317.8809251229395,315.9703624585957,314.19690102246153,312.56122748168923,311.0620892355962,309.69652336881853,308.46012633927614,307.34732394580664,306.35161763416056,305.4658051370694,304.6822403584525,303.99301581180526,303.3901251224066,302.8656543467633,302.41187665802727,302.0213698744839,301.6871053981664,301.4024856624867,301.16140726422896,300.95826451210394,300.7879672567573,300.6459330738234,300.52806682625334,300.430749702349,300.3507983201537,300.2854373320477,300.232266643248
0.00031876369923749355,364.8294783594977,364.6724460766876,364.2036231438117,363.42984751408954,362.3623350798946,361.01640536830183,359.4111083434253,357.56877101542693,355.51447562875785,353.2754887455043,350.88065600148155,348.35978193534345,345.74302326558706,343.0602909084049,340.340699606635,337.61207588189495,334.90050042259173,332.22996375109983,329.62205815065715,327.09577246463664,324.6673547565165,322.35025118077897,320.1551199776226,318.08989777004444,316.15993744471456,314.3681736491091,312.71533017171055,311.2001745548019,309.8197485937187,308.5696394131908,307.4442513098366,306.4370534848435,305.54080267846126,304.74780448569,304.0500976494255,303.4396178276505,302.9083905690905,302.4486270708145,302.05284294606986,301.7139481705225,301.4252851959834,301.18069296682233,300.97451084812,300.80159694280405,300.65732052532553,300.53754179020547,300.4386009611154,300.3572773849997,300.2907620547635,300.2366247300563
0.00032376369923749356,365.4475345612659,365.28921536736715,364.816548085912,364.0364193040038,362.96012478386865,361.60309341922533,359.984511715642,358.1268675093937,356.0554248351074,353.79764931356556,351.3825990032066,348.84030020920824,346.20113665927147,343.4952475924355,340.7519736111668,337.99936102670074,335.2637011651558,332.5691831431896,329.9375834609663,327.3880588803315,324.93700760341966,322.5980072006922,320.3818279493157,318.29649914995525,316.3474471020071,314.53766128445415,312.867902700874,311.33695949771777,309.941878955337,308.6782399055339,307.54042639276213,306.5218767886834,305.6153083666744,304.8129800116493,304.1068783210595,303.4888826067339,302.950959493252,302.48525972470014,302.08423815073206,301.7407446647745,301.44806297627736,301.19997550215896,300.99076767399254,300.8152467423678,300.66873446457043,300.5470470442876,300.44648431932455,300.36378885302827,300.2961183838103,300.2410128571012
0.0003287636992374936,366.05563596865085,365.89605629702623,365.4196235623672,364.63327179095023,363.5483746568963,362.18046774738275,360.5488707850316,358.67622853638676,356.5879824501583,354.31179245079693,351.876923991452,349.3136199511922,346.6524858194933,343.9238839589405,341.15737577823165,338.38122256229025,335.62192177132556,332.90385699336866,330.24898525459173,327.67662801476195,325.2033308899709,322.84280064710254,320.6059178876693,318.5008033663624,316.5329560425191,314.705419909618,313.0189932646091,311.47248529210736,310.06294949513995,308.78595740853547,307.6358740247754,306.60610824726405,305.6893393523913,304.87778105726846,304.1633693833298,303.5379288633655,302.9933687300307,302.52178074938644,302.1155604045358,301.76749881045777,301.47082213722564,301.219257367212,301.00703698057396,300.8289182467408,300.6801761692175,300.5565836211062,300.454400618675,300.3703334173386,300.30150689641783,300.24543151082514
0.0003337636992374936,366.6541001178003,366.4932855149608,366.01316357653934,365.2207146161339,364.12738833196136,362.74882442710873,361.1044726355425,359.21713089694094,357.1124138532801,354.81817114564694,352.3638707707258,349.7799671702872,347.0972825301896,344.346397316142,341.5570888618426,338.7578287721123,335.9753162871918,333.2341254781959,330.5563903244407,327.96159386342225,325.46642648252697,323.08472198923056,320.82746964241454,318.7028804557928,316.71652530838594,314.871502389229,313.1686473522773,311.6067908285279,310.18299324656596,308.89281979814564,307.73061757661844,306.6897673273206,305.7629117465851,304.9422208722544,304.21958166618776,303.58676539787643,303.0356253913766,302.5581958638928,302.1468142867898,301.79421426202657,301.4935655888097,301.23854087739426,301.0233206119749,300.8426129290074,300.6916468220169,300.566152477318,300.4623506402957,300.3769117229038,300.30692813173073,300.2498811476689
0.0003387636992374936,367.24322817139466,367.08120334233087,366.59746593888883,365.79904145078035,364.6974537790571,363.3084442558666,361.6515895333823,359.74983709884214,357.62897071395344,355.3170253087721,352.8436667400078,350.23955617309844,347.53572759763057,344.76297473177925,341.9512861164324,339.1293391764501,336.324030720063,333.56012144104335,330.85991881114785,328.2430644207839,325.726390863968,323.3238568935547,321.0465588022747,318.90279669515684,316.8982126426397,315.03595870862165,313.31690795384645,311.73991283946486,310.3020413894869,308.9988533665334,307.82467907265743,306.77287235674174,305.83604070161346,305.0063119032358,304.2755253299021,303.6354004546328,303.077736129654,302.594510408881,302.1780040665351,301.82089442045105,301.51629603465335,301.25782818069456,301.03962027691057,300.85633215310327,300.7031475180022,300.57575449930675,300.4703351092006,300.38352437004284,300.31238259349675,300.25436219613835
0.0003437636992374936,367.8233060932795,367.66009494359366,367.17281342886145,366.3685311422881,365.25884442966566,363.85959385146623,362.19047999180634,360.27459638482594,358.13789197827714,355.8085827148507,353.3165277870109,350.6925904083376,347.9680116435841,345.1737937740212,342.3401319852037,339.4959051684719,336.66820362301365,333.8819709264105,331.1596846888359,328.5211421195413,325.9833155287531,323.5602865772249,321.2632570094368,319.1006148800835,317.0780727342571,315.1988361884427,313.4638157468504,311.87188606136004,310.42012338989855,309.1040829418971,307.9180792931154,306.8554406113597,305.90874048452474,305.0700658553666,304.33120991656705,303.6838417648871,303.11970717311357,302.6307293758705,302.20913372648755,301.84754245273905,301.5390159878592,301.2771212704587,301.05593755896183,300.87007718200846,300.71467927099604,300.5853905083197,300.47835469831915,300.3901719175633,300.3178707525004,300.25887505867524
0.0003487636992374936,368.3946057157907,368.23023139091845,367.73947485062024,366.9294487556439,365.8118201984588,364.4025266489597,362.7213897385176,360.79164566623774,358.63940476515904,356.2930598581278,353.78265910047105,351.13926323385266,348.39431582566573,345.57902318430246,342.72378272517074,339.8576705917277,337.00796662555797,334.19979366493567,331.45579620600495,328.7959242292343,326.23728734139127,323.794088128696,321.47763224481656,319.2963945773688,317.25615744038373,315.3601796792389,313.609409265886,312.0027433814812,310.53726712652576,309.2085319970392,308.01083786670733,306.93748839358216,305.98102454346605,305.1334937481288,304.3866443967587,303.73209658559284,303.16154435802184,302.66685743370215,302.2402069847257,301.8741613096217,301.56172778535745,301.2964219969707,301.0722739258746,300.8838491851743,300.7262430195089,300.59506126512537,300.4864100321518,300.39685488561247,300.3233930487712,300.26342011335373
0.00035376369923749364,368.9573857116053,368.7918706333825,368.29770599432527,367.48204652165396,366.3566284135534,364.93748380828833,363.2445525964224,361.3012103730364,359.13372518216624,356.77066273121136,354.2422559095269,351.5797586147565,348.8148124929311,345.97882348961707,343.10238697590773,340.21477226557573,337.34344491642594,334.51370351458087,331.74835628652926,329.06750321875154,326.4883888623857,324.02533479923466,321.6897490873684,319.4901923544202,317.4325159882783,315.52003173826125,313.75372505659516,312.13251597133075,310.6534990058063,309.31222274796073,308.10297335475,307.0190311037813,306.0529055679696,305.19660596598715,304.44183721188483,303.7801717346347,303.20325315782355,302.7028989525592,302.27122731437834,301.9007537416086,301.5844336009335,301.3157320779708,301.088630738006,300.8976492452708,300.7378396320993,300.604767474248,300.4945016900944,300.4035737582702,300.3289498935916,300.2679977154252
0.00035876369923749365,369.5118924804253,369.34525838123255,368.84775051316365,368.02656470205096,366.89350466520284,365.46469504232226,363.76019128710925,361.80350522918195,359.62105906971834,357.24158753543134,354.6955041580762,352.01425176011634,349.2296657837199,346.3733475608315,343.4760862781042,340.56734046419353,337.67475768364,334.8238088627477,332.0374628950982,329.3359670866515,326.73669864520116,324.2540962684663,321.89966895027237,319.68206198821036,317.60719515919396,315.6784327904292,313.89679781583084,312.26123340806487,310.76884406652835,309.4151762435722,308.1945033276829,307.10008330523334,306.1243955437878,305.2594123044604,304.4967963126999,303.8280736228686,303.24483870966446,302.7388580258138,302.3021979615314,301.9273223135932,301.6071354570809,301.3350531082249,301.10500925601264,300.9114783643293,300.7494699122548,300.6145097878232,300.5026302094666,300.41032898591124,300.3345416713279,300.27260819872504
0.00036376369923749366,370.0583609595102,369.89062891419763,369.38984072504445,368.5632323802811,367.4226735815573,365.9843793737196,364.2685181652304,362.2987349613128,360.10160268122337,357.7060213300092,355.14258112100697,352.44290970471945,349.6390321718876,346.7627411227513,343.84501554726364,340.9154993541064,338.00201851643885,335.13021299348713,332.3232093708942,329.60139966273005,326.9822915073447,324.480438886743,322.10745029646785,319.87205465592945,317.78023945612847,315.83542127515216,314.03866051948813,312.38892378521103,310.8833260752297,309.51741244747325,308.2854444348162,307.18065878330435,306.195505802864,305.3219220121028,304.551529194401,303.8758082833169,303.286305838558,302.7747384899347,302.3331219615466,301.95386941816423,301.62983523580556,301.35438656825073,301.12141064786056,300.9253374693453,300.76113460284586,300.62428880911784,300.51079608827587,300.41712098736326,300.34016874110233,300.2772518769592
0.0003687636992374937,370.59701536595423,370.42820582173255,369.924198346774,369.092268185675,367.94434953905954,366.49674582799435,364.7697358909643,362.78709494764075,360.57554330580194,358.16414262640177,355.58365596834614,352.8658918416314,350.04306096679176,347.14714322096347,344.2093035072203,341.2593673945594,338.32533577302434,335.4330144234465,332.60568473282274,329.8638808838417,327.225238778267,324.7044258967536,322.31314883570246,320.0602191092593,317.95169125713903,315.99103378049523,314.179344539298,312.51561381381117,310.9969676133353,309.6189503126388,308.37581246801983,307.260770599489,306.2662470689547,305.38414382882826,304.6060429286637,303.9233813978166,303.3276590794458,302.8105439426606,302.36400215396026,301.98039728775984,301.6525346884932,301.3737338322884,301.1378359952313,300.93922741739954,300.77283439019686,300.63410509574913,300.51899978774753,300.42395015188123,300.3458314383236,300.28192904488105
0.0003737636992374937,371.12806987765373,370.9582026821173,370.45103516758223,369.6138809577873,368.4587373141304,367.00199406928607,365.2640380468587,363.26877181315297,361.0430598394586,358.616121933405,356.0188902826362,353.2833504105673,350.4418947717585,347.52668664987243,344.56907308757906,341.5990577045349,338.6448129176359,335.73230720975596,332.88497395921286,330.12348704661815,327.46560852646667,324.9261176365131,322.51681770499334,320.2466018339535,318.1215909557085,316.1453051659936,314.3188797497223,312.64132891497707,311.1097901568835,309.7198078497448,308.4656224199826,307.340431140835,306.3366294993516,305.44608602095747,304.66034419293743,303.9707983213888,303.3689026973706,302.8462777596195,302.3948411961087,302.0069080057857,301.67523544493605,301.3930961755934,301.15428629938464,300.9531490003468,300.7845699078161,300.6439591626337,300.5272417346428,300.4308168409581,300.3515300760909,300.2866399793717
0.0003787636992374937,371.6517292590839,371.48082368651467,370.9705536680517,370.1282703568724,368.96603268200556,367.50031498455576,365.75160970461405,363.7439439764836,361.50432330984745,359.0621222579431,356.4484385342212,353.6954309464965,350.83566990518267,347.9014983458168,344.92444178869823,341.9346783997588,338.9605488300268,336.0281812326759,333.16115824455426,330.3802910394056,327.7034657678926,325.1455717256068,322.71850763417825,320.43124719620783,318.2899770894711,316.29826867526447,314.4572946259541,312.76609330473093,311.22181414959704,309.8200021897801,308.5548885375903,307.41965216522294,306.4066627231005,305.5077564133195,304.71443929727764,304.0180641045583,303.41004070595363,302.88194310955214,302.4256415756114,302.0334035168018,301.6979390216066,301.412474781123,301.1707624865353,300.9671029491164,300.796341739817,300.6538514846947,300.5355223233876,300.4377213899875,300.35726494648395,300.2913849404335
0.0003837636992374937,372.16818943729066,371.99626421337825,371.4829475898013,370.6356274257792,369.4664229679014,367.99189122125836,366.23262794671405,364.2127821531994,361.959497359187,359.50229956589226,356.87244851857315,354.10227269238976,351.2245167879381,348.2716997487021,345.27552201740747,342.2663329026562,339.27263809006854,336.3207224554936,333.4343152355416,330.63436255547964,327.9388726574924,325.36284323634936,322.9182670980312,320.6141975771316,318.45688645845496,316.44995603943056,314.59461633390464,312.8899300718977,311.3330590699577,309.91954964151205,308.64362437091165,307.4984448429152,306.4763558760691,305.5691624187032,304.7683342089622,304.0651835138298,303.45107688434666,302.9175429682791,302.4564056218257,302.059885635871,301.7206468292511,301.4318707456751,301.18726541279034,300.9810899376642,300.80815042406414,300.66378249935167,300.5438419180314,300.4446641097955,300.36303632175117,300.2961641721032
0.00038876369923749373,372.6776380328878,372.5047113579873,371.9884024606596,371.1361351079348,369.96008755510053,368.47689768297727,366.70726234725134,364.6754498196931,362.4087386893581,359.9368032067938,357.2910617593215,354.5040089795708,351.6085603003519,348.6374071351914,345.62242139629467,342.5941202278714,339.5811712398841,336.61001316387404,333.70451924842746,330.88576828935,328.1718886655472,325.57798485132236,323.1161424562539,320.79549349647993,318.6223542338631,316.60039757225167,314.73087081296455,313.0128612497283,311.44354349287426,310.0184657443127,308.73184281822284,307.57681979473915,306.5457176331696,305.6303110649194,304.8220345751091,304.11216105050215,303.4920147928072,302.9530801315365,302.4871355163727,302.0863560571532,301.74336017987224,301.4512850855335,301.20379586869234,300.99511058660914,300.8199964550688,300.67375260881346,300.55220085405153,300.451645288051,300.368844455405,300.3009779032974
0.00039376369923749374,373.180254850309,373.00634442134833,372.48709607953447,371.6299687255699,370.4471983540246,368.9555019869865,367.17567541580615,365.1321036414163,362.85219747276204,360.36577630587,357.7044138802347,354.9007675787391,351.98792011162544,348.9987319261534,345.9652430490658,342.91813524567203,339.88623502565656,336.896132186622,333.9718414694709,331.13457211777074,328.40257074024106,325.79104700859483,323.31217808249824,320.9751737266729,318.7864140582973,316.7496222577585,314.8660828522283,313.13490788185743,311.5532851464618,310.1167653167898,308.81955616744943,307.6547871272296,306.61475623801357,305.6912090197029,304.8755457434885,304.15900096797907,303.5328577870317,302.9885572267868,302.51783330282683,302.1128163618156,301.7660802931577,301.47071874166875,301.2203545834052,301.00916546658533,300.8318802866597,300.683762182194,300.56059944002027,300.4586651905697,300.37468958323467,300.3058263485916
0.00039876369923749376,373.67621233109924,373.5013353622342,372.9791989647217,372.11729642187504,370.9279202359211,369.42786488728547,367.6380230078131,365.5828938687592,363.2900177321227,360.7893561263918,358.1126349490415,355.2926710243963,352.36271098427284,349.35578097076893,346.3040858642167,343.23846892531026,340.18791262100353,337.17915509959215,334.2363501400585,331.3808352668896,328.6309734577607,326.0020780357818,323.5064164834532,321.1532753980169,318.9490981382351,316.89765783109925,315.00027616080126,313.2560900831293,311.66230096439637,310.21446250162006,308.9067761343689,307.7323564650188,306.68347953024045,305.7518626136599,304.92887278169997,304.20570728772213,303.573609031363,303.02397672410405,302.54850089564576,302.13926802532603,301.78880830240917,301.49017258453466,301.23694222857625,301.02325510133755,300.84380233445006,300.69381155746794,300.5690379591445,300.46572406252005,300.38057192424344,300.3107097089428
0.00040376369923749377,374.16567597361325,373.9898492157246,373.4648747689862,372.5982795703819,371.4024114343923,369.89414066625136,368.0944547044718,366.02796470354065,363.7223376920718,361.20767440510235,358.51584979567025,355.67983691511347,352.7330430558631,349.70865680943194,346.6390447390003,343.5552085601702,340.486283833618,337.4591544142986,334.49811072791385,331.6246164668099,328.8571491610717,326.21112427397134,323.69889840891517,321.32983409594294,319.1104373294737,317.0445308532225,315.13347343273847,313.3764270957695,311.77060713425385,310.31157080693896,308.9935138978716,307.8095369807297,306.7518949707366,305.81227786144325,304.9820204948684,304.25228381396903,303.6142715109781,303.0593409462201,302.5791400884134,302.165712424186,301.81154526001694,301.5096474184994,301.2535594219064,301.0373799705818,300.85576297811895,300.70390104327976,300.5775166706932,300.4728221295409,300.3864916815174,300.3156281723602
0.0004087636992374938,374.6488047221411,374.47204448125393,373.9442806643988,373.07307315450623,371.8708239176518,370.3544774977322,368.545114164943,366.4674546387414,364.14929010505296,361.6208576631235,358.9141783072062,356.06237819180916,353.0990221001114,350.0574579173599,346.97021080547086,343.8684379763555,340.7814252966834,337.7361997526058,334.75718608565,331.8659720947099,329.0811480884001,326.4182301924396,323.889662953658,321.5048839509846,319.27046121618105,317.19026677996345,315.2656964071035,313.4959373413269,311.87821914220274,310.4081031446005,309.07978013255206,307.8863374226013,306.8200096649399,305.87246048131726,305.03499344199304,304.2987341473344,303.65484804314923,303.0946520778069,302.6097525614578,302.1921508421545,301.83429214252243,301.52914398594453,301.2702067304531,301.0515405126554,300.86776256352584,300.7140309206219,300.5860358113204,300.479959598778,300.39244904303234,300.32058191452717
0.0004137636992374938,375.1257513281497,374.9480734828543,374.41756769959585,373.54182611989,372.3333037340932,370.8090177840958,368.99013945327033,366.90149677384943,364.5710025538119,362.02902749451096,359.30773570162705,356.4404033959873,353.46074976914844,350.402278930623,347.29767164019313,344.17823772618027,341.07341064641673,338.0103580087401,335.0136365977946,332.10495630753593,329.30301849233706,326.6234384949767,324.07874765183874,321.67845772215003,319.42919818413094,317.33489002603176,315.396965923587,313.61463846876654,311.98515181437693,310.5040718655906,309.16558503886984,307.96276614005154,306.887830384401,305.9324159132589,305.08779595107353,304.3450616973901,303.6953412876618,303.12991217406574,302.640339888901,302.2185844760094,301.8570498553054,301.5486629710619,301.28688467369176,301.0657371269727,300.87980140467107,300.7242014443917,300.5945955962945,300.48713665984917,300.3984441824049,300.32557109938153
0.0004187636992374938,375.5966626860675,375.4180827040075,374.8848811318546,374.0046817018995,372.78999133348555,371.257898469501,369.42966334222854,367.330219107933,364.98759773251237,362.4323008344014,359.6966327821635,356.81401690968084,353.818323818606,350.7432108561221,347.6215114590417,344.4846852678875,341.3623106869535,338.28169349973155,335.26752031729706,332.3416211651852,329.5228067503902,326.8267902185623,324.2661885645946,321.85058687426533,319.586675488629,317.4784240243542,315.5273019740759,313.7325473990529,312.09141935522325,310.5994887928443,309.25093837109574,308.03883110735956,306.95536358675633,305.9921493357236,305.1404321331182,304.39126969431885,303.7357537564652,303.1651231686839,302.6709035451911,302.24501444088713,301.87981923692996,301.5682050033746,301.30359372635604,301.07997017630606,300.8918797855182,300.7344128448391,300.603196220642,300.49435348574093,300.4044772595913,300.33059587965556
0.0004237636992374938,376.06168014577986,375.88221309927496,375.34636073613603,374.46177773040426,373.2410218658816,371.7012513314207,369.86381359606554,367.75374481234815,365.3991937083017,362.8307902085003,360.08097617394304,357.1833191786659,354.171838316996,351.08034126689677,347.94181129837193,344.7878551327724,341.648193543662,338.55026810527954,335.5188930924234,332.57601674499847,329.74055746771955,327.02832482504925,324.4520203614206,322.0213016498164,319.7429193175965,317.62089128117213,315.6567237505272,313.849680366531,312.1970353830871,310.6943652516949,309.33584946323737,308.11453994563226,307.0226154342523,306.0516656811936,305.1929058951362,304.4373611997205,303.7760878226222,303.2002868812149,302.70144491116235,302.27144177523684,301.90260106317805,301.5877706610074,301.32033432107704,301.0942399889055,300.9039979616881,300.74466532891375,300.6118378602126,300.5016102336458,300.4105484215403,300.33565639738043
0.00042876369923749384,376.5209398037968,376.3406003846554,375.80214109302915,374.91324691374473,373.68652546010804,372.1392032522451,370.29271323391976,368.1721924847933,365.80590416497523,363.2246039654811,360.46086854441114,357.54840692036095,354.52138384070446,351.4137544840003,348.25864918371576,345.087819080784,341.93112480586836,338.8161413979441,335.7678086848552,332.8081912483011,329.95631357272424,327.228080286453,324.6362763958576,322.1906311357537,319.8979548502196,317.76231342726055,315.78524968946135,313.96605295737805,312.3020129632742,310.7887120981581,309.42032725311674,308.1898999432025,307.0895918109453,306.1109696506137,305.24522095219817,304.4833391166445,303.8163457286177,303.23540502393064,302.73196527966206,302.29786744542315,301.92539605079804,301.60736047372626,301.3371068508378,301.10854686047196,300.91615616203785,300.7549590815218,300.62052067267297,300.50890704574323,300.4166578028024,300.34075278435824
0.00043376369923749385,376.97457277485375,376.79337530843077,376.25235185734533,375.3592171036112,374.12662748353154,372.57187647261645,370.71648077550765,368.5856763862562,366.20783863022234,363.613846493713,360.83640880887805,357.909373317679,354.8670476557999,351.74353174606006,348.5721002870365,345.3846462455589,342.21116765987426,339.079370764465,336.01431887972853,333.0381910996579,330.1701164060779,327.42609316438404,324.8189887759707,322.35860332568876,320.0518063115437,317.902711265593,315.9128975133607,314.0816801453734,312.4063646388,310.88253974523394,309.5043803047569,308.2649180745924,307.1562983386884,306.1700657268083,305.2973808386453,304.52920619891415,303.85652959408236,303.2704792081918,302.76246586078406,302.324292350007,301.9482048609926,301.6269749257684,301.3539116712599,301.12289105599615,300.9283545901323,300.76529426669765,300.62924479843537,300.5162440499301,300.4228055261008,300.3458851626038
0.00043876369923749386,377.4227054455435,377.2406639040922,376.69711800893594,375.7998115423909,374.561448784624,372.99938882798267,371.13523047053064,368.9943066622516,366.60510268779416,363.99861842359803,361.20769232240167,358.266308199985,355.20891388773157,352.0697513675301,348.8822370734871,345.67840326975556,342.48838301306574,339.34001151894245,336.2584735882742,333.2660610394417,330.38200580375377,327.62239868410313,325.000188430046,322.5252451778605,320.20449702334287,318.04210481574876,316.03968426923154,314.1965763252113,312.5101024590213,310.97585818739134,309.5880168292199,308.33960101816103,307.2227403920085,306.22895818696446,305.3493889185192,304.5749650598019,303.8966414229783,303.3055109503757,302.79294778673824,302.3507173237307,301.9710281026666,301.6466144584792,301.3707491027344,301.13727281147396,300.9405934256187,300.77567102869915,300.63801036152535,300.5236213605044,300.42899170286546,300.3510536447588
0.0004437636992374939,377.8654597114169,377.68258772678,377.13656008716237,376.235149094389,374.99110591971083,373.42185396971917,371.54907251310874,369.39818954960816,366.9977981758068,364.37901681667364,361.574811059112,358.619298212196,355.5470636798976,352.39248888655084,349.1891294385123,345.969154431477,342.7628296098327,339.59811700853527,336.500320943662,333.49184421025853,330.59202017452634,327.8170308036415,325.1799051678977,322.69058266921644,320.35604945157377,318.1805133553281,316.16562636456024,314.3107553435562,312.61323800632226,311.0686770233863,309.6712447040201,308.41395517254415,307.2889231119638,306.2876511142599,305.40124839527437,304.6206181801087,303.936683110292,303.34050167739844,302.82341211638914,302.377143141233,301.99386633545606,301.66627947277146,301.387619432412,301.1516923355093,300.95287282551124,300.7860894930329,300.6468174703949,300.53103907880626,300.4352164337354,300.35625833448125
0.0004487636992374939,378.30295319886386,378.11926407454484,377.57079441031055,376.6653444621979,375.41571136514955,373.83938157203886,371.95811324242567,369.797427569953,367.386023372276,364.75513534253287,361.9378537799706,358.9684269729628,355.88157534196216,352.7118172032404,349.4928448360688,346.2569617624853,343.03456413995264,339.85373871227614,336.7399073905895,333.7155822377217,330.8001965723952,328.0100222783787,325.3581677381349,322.8546408459243,320.50648525068567,318.31795545861695,316.29073960087413,314.42423052802394,312.71578242101384,311.1610054775473,309.754071491233,308.4879866719861,307.3548514190635,306.3461484087023,305.4529623208339,304.66616791569703,303.97665644827464,303.37545273186333,302.8538598394873,302.4035705205139,302.01672007255513,301.6859703314232,301.404522916062,301.16614981081193,300.9651929253934,300.7965497674141,300.65566621868504,300.5384972938193,300.441479809029,300.36149932681155
0.0004537636992374939,378.73529947295447,378.55080619560965,377.9999332811213,377.09050838937634,375.8353737160788,374.2520775257984,372.36245533066085,370.1921197109283,367.769873168882,365.12706444450953,362.2969061898683,359.3137752227923,356.2125244887303,353.02780670916627,349.7934483986572,346.541885158858,343.30364134003173,340.1069263335445,336.97727776910915,333.937315306019,331.0065707643289,328.20140472143913,325.5350038817134,323.0174438705926,320.6558253050379,318.45444903272005,316.41503920509973,314.53701471425387,312.81774642458737,311.2528524196502,309.8365044543991,308.56170140065,307.42053002532714,306.4044537972462,305.50453360403947,304.71161650451927,304.0165631322657,303.41036537686773,302.88429188062145,302.43000012617165,302.03958978335686,301.7056873612242,301.42145977981096,301.18064539560044,300.9775538405444,300.8070519426667,300.6645566859409,300.54599608273594,300.447781909188,300.36677670851697
0.0004587636992374939,379.1626082323241,378.9773234827096,378.4240851795049,377.5107478504834,376.2501978727645,374.6600441202075,372.7621979591855,370.5823615960852,368.1494392338693,365.49489149499607,362.65205108488334,359.6554209628797,356.5399841703018,353.3405254086806,350.09100304979756,346.82398248466706,343.5701140885381,340.3577278866882,337.2124753931418,334.1570822286792,331.2111772936949,328.3912086602311,325.7104403820561,323.1790150664618,320.8040897676502,318.59001135136015,316.53853985888793,314.6491202712224,312.9191403414541,311.3442263834945,309.9185505743219,308.6351050059882,307.48596344555006,306.4625708432419,305.55596501854365,304.75696607318366,304.05640476613223,303.44524080049257,302.91470910291014,302.45643257242796,302.06247589592334,301.72543085498535,301.4384302217714,301.1951792249167,300.98995566699546,300.81759609356857,300.6734889382847,300.55353551148966,300.45412280519525,300.37209055841697
0.0004637636992374939,379.5849854920798,379.3989216554858,378.8433549434087,377.9261662294302,376.660285215487,375.063380213358,373.15743698391236,370.9682456443132,368.5248101649057,365.8587009411814,363.0033684904485,359.99343958536167,356.86402499417426,353.65003903273725,350.3855696095274,347.10330966921447,343.8340334949198,340.60618977824197,337.4455421240806,334.3749205149046,331.41404953970545,328.57946358942746,325.88450311201075,323.3393769587958,320.95129809649296,318.7246590865248,316.6612557260668,314.7605591249332,313.0199741192847,311.43513558428174,310.0002165638425,308.7082029112461,307.5511560078356,306.5205029552703,305.607259210189,304.80221864309163,304.09618286735537,303.4800801200006,302.94511231145526,302.48286842595786,302.0853787992973,301.7452010734207,301.45543441356745,301.2097514118584,301.002398482522,300.8281822796456,300.68246302904834,300.5611156352552,300.46050255896785,300.37744094769
0.00046876369923749394,380.0025337556209,379.81570293182585,379.2578439387216,378.3368634870181,377.06573376882096,375.46218139240807,373.5482650906091,371.34986121958684,368.89607163265043,366.21857444192165,363.35093579110435,360.327903995631,357.18471523989405,353.9564111457552,350.677206893444,347.3799207983092,344.0954489832513,340.8523568831498,337.6765184398603,334.59086643180524,331.6152197731821,328.76619802065443,326.0572170778827,323.4985513136896,321.0974690885023,318.8584083381234,316.78320047836246,314.8713427806089,313.1202573480602,311.525587934887,310.0815088816722,308.7810003271652,307.61611186345374,306.57825339540966,305.65841870391193,304.8473761361811,304.1358988717889,303.514884385766,302.97550225657506,302.5093082085414,302.1082988456686,301.76499824691086,301.47247250176656,301.2243620487368,301.0148823475753,300.83881054591967,300.6914789993691,300.5687364989219,300.4669212237296,300.382827940164
0.00047376369923749395,380.41535217619327,380.22776618896444,379.66765021902336,378.7429363184615,377.46663835609155,375.8565401241818,373.93477194091554,371.7272947717438,369.26330651571965,366.5745909964047,363.69482785246447,360.6588847272987,357.50212096680906,354.2597032460417,350.9659718057706,347.6538682000276,344.3544083708146,341.09627261636376,337.90544349982457,334.80495506284103,331.81471920891306,328.9514395291388,326.22860646076253,323.65655917448385,321.24262091149456,318.9912746618051,316.9043873195194,314.98148234349816,313.21999927792785,311.6155910611083,310.1624337453525,308.8535022629469,307.68083499607354,306.63582528697765,305.7094459102082,304.8924403803047,304.17555413811647,303.54965458495485,303.0058796368324,302.5357523995473,302.13123635240527,301.7848225771586,301.4895446092239,301.2390112081643,301.02740730615983,300.8494809236113,300.70053687875196,300.5763981375393,300.4733788443626,300.3882515925908
0.00047876369923749397,380.82353670891916,380.63520711508704,380.07286867591586,379.1444783016206,377.8630907447194,376.2465458968827,374.31704430973923,372.1006299689466,369.62659502767053,366.926827065199,364.0351171359574,360.9864500503436,357.8163061154256,354.5599748602493,351.25191942688195,347.9252025253595,344.6109579419873,341.3379790001567,338.13235520570413,335.01722036274924,332.0125780548548,329.1352147975328,326.3986946553492,323.8134208959674,321.38677113413235,319.1232730950751,317.0248290079398,315.0909885383987,313.31920883595376,311.7051523159697,310.2429971434084,308.92571353653113,307.7453292304182,306.693221621789,305.760343131193,304.9374131142703,304.2151499520293,303.5843916449753,303.03624510187586,302.5622014382636,302.15419160395936,301.80467423874325,301.50665083634567,301.25369894407805,301.0399733866587,300.86019343080403,300.7096366856001,300.58410057673854,300.4798754577396,300.3937119549068
0.000483763699237494,381.22718025398666,381.03811835211656,380.47359118061024,379.54158003661155,378.2551797831078,376.6322853535572,374.6951662146495,372.4699478224237,369.9860148365827,367.2753566842387,364.37187380686316,361.3106660729336,358.1273326028307,354.8572836322922,351.53510309569174,348.19397282411137,344.8651425177758,341.57751672745997,338.3572902589855,335.2276952092141,332.20882555840717,329.31754965712776,326.5675043064492,323.96915617652496,321.5299367540864,319.2544181818307,317.1445378779497,315.19987172799307,313.41789464185126,311.79427879314716,310.32320484675455,308.9976387842421,307.8095982403857,306.75044526696195,305.81111256628475,304.9822959925694,304.25468753014496,303.61909643671504,303.0665992551044,302.58865572608585,302.17716485365804,301.8245533805815,301.5237912622771,301.2684252927032,301.05258060261184,300.87094807307005,300.71877842771534,300.5918438331318,300.4864110930396,300.3992090704796
0.000488763699237494,381.62637279162277,381.43658963030754,380.86990671738806,379.9343292774014,378.6429915296691,377.0138424178907,375.06921903783376,372.8353268040387,370.34164117775464,367.620251572244,364.70516583612493,361.63159683737234,358.4352604126004,355.1516854071189,351.81557448726466,348.4602266164033,345.1170055213056,341.8149252215113,338.58028421492935,335.43641145151133,332.403490049971,329.4984691266392,326.7350573433219,324.12378408838157,321.6721342245236,319.3847239954358,317.26352585979197,315.30814193008314,313.5160650227617,311.88297733958274,310.40306241940857,309.0692824698455,307.8736455566729,306.80749897130966,305.8617563175409,305.0270905898151,304.29416802368627,303.65376977757995,303.09694265617077,302.6151156285721,302.20015632538633,301.8444601273016,301.54096594602163,301.2831902734608,301.0652289534504,300.8817448440612,300.727962102773,300.5996279146897,300.49298577204655,300.40474297634324
0.000493763699237494,382.02120150942307,381.8307078952172,381.2619015095046,380.32281105595,379.0266093745405,377.39129841287325,375.43928164113754,373.1968429571856,370.69354696000323,367.9615812320345,365.0350590963647,361.9493044105819,358.74014767958084,355.4432343097019,352.0933836859905,348.7240099600707,345.36658903955237,342.05024269207127,338.80137153347437,335.64339995634066,332.5965989839834,329.6779974487392,326.90137501202076,324.2773231060773,321.81337947904035,319.5142041604345,317.3818044984366,315.41580883380027,313.6137280271535,311.971254567343,310.482575228561,309.14064889306087,307.93747457393886,306.86438537134427,305.91227639467047,305.0717984049116,304.33359252193713,303.6884124343507,303.12727582333446,302.6415814773764,302.2231662151708,301.8643945805371,301.55817492749475,301.29799388982366,301.0779184251895,300.8925837260686,300.73718769876984,300.6074528210993,300.4995995094339,300.410313703421
0.000498763699237494,382.41175092256464,382.2205574275797,381.64965913805224,380.70710779940873,379.40611415449104,377.76473217282495,375.80543047466506,373.55457000147373,371.0418028660023,368.29941304616034,365.3616174525109,362.26384896949736,359.0420507698989,355.73198281957366,352.3685792546266,348.985367514254,345.6139338815749,342.2835061884476,339.02058562724534,335.8486906510439,332.78817897760365,329.85615812449157,327.066477905875,324.4297911332976,321.95368795514975,319.6428718730019,317.4993849712933,315.5228818148654,313.71089143790357,312.0591168647779,310.5617484540486,309.21174219756654,308.0010885575416,306.9211069969214,305.96267471974636,305.1164208649736,304.37296205549245,303.7230251258677,303.1575992356739,302.6680535720666,302.24619469267014,301.88435682014585,301.57541822851795,301.31283613012505,301.0906489910837,300.90346469055083,300.7464551944497,300.61531854410424,300.5062523130336,300.41592127673795
0.000503763699237494,382.79810298738505,382.60621995656516,382.0332606542654,381.0872994408505,379.78158426148366,378.1342201492324,376.1677396793749,373.9085794316216,371.3864774470686,368.63381236723546,365.6849028473985,362.57528888172317,359.34102435652517,356.01798184121657,352.64120829949434,349.24434259943774,345.8590796334917,342.51475164954763,339.2379589068618,336.0523125643886,332.978255847215,330.0329739458371,327.2303859942362,324.5812055281733,322.0930746164255,319.7707399202201,317.6162781049003,315.6293699499652,313.80756278461706,312.14657040702673,310.64058709727135,309.28256637853497,308.0644906498762,306.97766627655164,306.01295313163797,305.1609593290136,304.4122775993145,303.75760852555766,303.1879133351704,302.69453218183753,302.26924190257955,301.90434690535875,301.5926958537562,301.32771696832174,301.10342061224594,300.9143876986354,300.75576455970656,300.6232250678277,300.5129441840936,300.42156571562356
0.000508763699237494,383.1803372087742,382.98777476686837,382.41278468570385,381.46346352396404,380.15309574531966,378.4998365108138,376.5262811840802,374.25894061095335,371.72763721277033,368.96484260333216,366.00497538268525,362.88368078177035,359.6371214906916,356.3012807705851,352.9113165320855,349.5009772541817,346.10206471042096,342.74401395116087,339.4535228237355,336.2542938650834,333.1668546428891,330.2084670262594,327.393118649613,324.73158312715407,322.23155397339144,319.8978206982574,317.7324943906636,315.7352820303048,313.9037493552397,312.23362116591824,310.7190959895934,309.35312528972827,308.1276838763438,307.03406554239996,306.06311339018487,305.20541509141316,304.45154007561075,303.7921632638132,303.2182185286686,302.72101754712395,302.29230796595505,301.92436487586434,301.6100077916042,301.3426363647155,301.11623323823403,300.9253527015928,300.76511575596714,300.6311723690791,300.51967511752207,300.42724703390473
0.0005137636992374941,383.5585307417862,383.365298800034,382.7883075367233,381.8356753021137,380.5207224107543,378.86165323819296,376.88112479721985,374.60572085985154,372.0653467156984,369.2925652987624,366.32189339539383,363.18907964316554,359.93039366944083,356.58192755801747,353.1789483273224,349.75531228876105,346.34292640558635,342.97132695065534,339.66730791051947,336.4546618981754,333.3539996809525,330.38265882975674,327.55469467329914,324.8809402675545,322.36914010324574,320.0241262295307,317.8480439997075,315.8406265743939,313.9994582070092,312.3202749193058,310.7972798002617,309.423422650186,308.19067115097585,307.0903070349975,306.113157180128,305.24978938519183,304.4907503565455,303.82668993023424,303.24851518972605,302.74750988112226,302.31539298146254,301.94441075283197,301.6273540150228,301.35759426663606,301.1290868076064,300.93635964128737,300.7745087365544,300.63916041764594,300.52644510212053,300.43296524009037
0.0005187636992374941,383.9327584878538,383.73886675039836,383.1599032836055,382.20400783213205,380.8845359094499,379.21974021353736,377.2323382937451,374.94898553949986,372.39966863172043,369.61704021055084,366.6357135303672,363.4915388467086,360.22089089955796,356.8599687677779,353.44414677869037,350.0073873359249,346.58170093677774,343.19672352926125,339.8793438193704,336.65344321947373,333.53971457477866,330.5555701982313,327.715132319598,325.0292928088579,322.5058466684943,320.14966817891343,317.9629367968996,315.94541184011695,314.0946961767917,312.4065372598743,310.87514304387673,309.49346205053314,308.2534552817369,307.1463929076821,306.1630861148152,305.2940833850901,304.52990926679473,303.8611890757413,303.2788036603567,302.77400937122565,302.33849702655715,301.96448453987915,301.64473448233076,301.3725906090875,301.14198124844796,300.9474084506046,300.7839434470338,300.6471891765727,300.53325412080613,300.43872033754775
0.0005237636992374941,384.303093185949,384.1085511559934,383.52764386469283,382.5685320631871,381.24460582709804,379.57416530548574,377.5799874974389,375.28879813122114,372.7306638360109,369.93832538088066,366.9464908089017,363.79111024512537,360.5086617581256,357.1354496344445,353.7069537504469,350.25724089895596,346.8184234903393,343.4202356320988,340.0896593581625,336.8506636281268,333.7240222639256,330.7272213774003,327.8744493187349,325.1766561528647,322.64168693456827,320.274457869057,318.0771823541027,316.04964583613685,314.18946989084384,312.4924136034577,310.9526900874432,309.56324695893153,308.316038975528,307.20232523078795,306.21290173969703,305.3382982104758,304.56901758595717,303.89566121456954,303.30908425267586,302.8005161803795,302.36162015859736,301.98458622398584,301.66214913795363,301.3876253153603,301.1549164788697,300.95849905385717,300.7934198255416,300.6552586024254,300.54010215082457,300.44451232467117
0.0005287636992374941,384.6696054990187,384.47442248473646,383.89159916584833,382.9293169210394,381.6009997660191,379.9249944496656,377.924136358958,375.62522031169067,373.0583914751247,370.25647720576404,367.25427869380655,364.0878442243477,360.79375344991405,357.40841411634926,353.96740992709493,350.5049103972102,347.05312826284353,343.6418943060967,340.2982825247899,337.04634819747264,333.9069450417237,330.897632041326,328.03266289854355,325.3230452627564,322.7766737864903,320.39850629488086,318.1907899627057,316.1533363326738,314.28378577403856,312.57790919689484,311.0299251570309,309.63278072670084,308.37842484291025,307.2581059955998,306.26260553562565,305.3824349280874,304.60807605082914,303.93010682615056,303.3393572504543,302.82703044836114,302.3847624158981,302.0047157763592,301.67959791313297,301.402698297612,301.16789240748335,300.9696313671711,300.8029378030987,300.663368645545,300.5469891639524,300.45034119504373
0.0005337636992374941,385.0323640959877,384.8365492162018,384.25183710153476,383.2864293879787,381.9537834235273,380.2722917250803,378.26484702986966,375.9583120242866,373.38290903536813,370.5715505001847,367.55912915111037,364.3817897616351,361.0762118618108,357.67890494625664,354.2255548602973,350.75043220929336,347.2858485006005,343.8617297359346,340.5052405396759,337.240521304275,334.08850458141507,331.0668213156524,328.1897898050055,325.46847468114794,322.9108197446532,320.5218241372876,318.30376864548055,316.2564908717022,314.37765005858927,312.66302912545865,311.1068523440689,309.70206659362964,308.44061540256723,307.31373711808817,306.31219892196975,305.426494554625,304.6470853575529,303.96452635689013,303.36962291058575,302.8535522929903,302.40792381872626,302.0248731532523,301.6970807265984,301.417809457418,301.18090893385096,300.980805298853,300.812497303909,300.6715192502888,300.5539151266918,300.45620693759184
0.0005387636992374941,385.3914357296109,385.19499791925165,384.60842369178636,383.6399345787109,382.30302066632305,380.6161194266235,378.6021799329334,376.2881315468195,373.70427240769664,370.8835985599255,367.8610927086311,364.67299448073595,361.35608161447357,357.946963679452,354.48142701338776,350.99384171402437,347.51661653713717,344.07977127813706,340.71055987660657,337.4332066564457,334.2687219609365,331.23480779963234,328.3458463217155,325.6129585471927,323.0441369797659,320.64442177615,318.4161271678077,316.3591167766022,314.47106879230523,312.747778319882,311.18347561129895,309.7711076929957,308.5026130855225,307.36922044243875,306.3616832595585,305.47047805919755,304.68604616364667,303.998920221848,303.3998814644746,302.88008181127293,302.431104370244,302.0450582967396,301.71459748520454,301.43295868629406,301.19396594891333,300.99202074974033,300.8220982456443,300.6797103552609,300.56088000045617,300.4621095367342
0.0005437636992374941,385.74688531042665,385.54983332577973,384.96142313532704,383.98989581244393,382.6487736011592,380.95653813395927,378.93619382885834,376.61473555586474,374.02253594935445,371.19267322029293,368.16021851159803,364.96150470427244,361.63340611138034,358.21263073940423,354.73506380363534,351.2351733293262,347.7454638287749,344.2960474934313,340.91426629199026,337.6244273193491,334.4476176864289,331.40160958701915,328.5008482883407,325.75651061279916,323.1766373270199,320.7663093026201,318.5278740483105,316.4612211612994,314.5640478464077,312.8321615630092,311.25979879840844,309.83990705631686,308.5644202391286,307.4245577443897,306.41105985346496,305.5143863656375,304.72495908992374,304.0332888063257,303.43013311934806,302.90661908048423,302.45430405740046,302.06527113545167,301.73214808453565,301.4481458661933,301.2070633353977,301.0032776135342,300.83174053971607,300.68794189353395,300.5678837417487,300.4680489725244
0.0005487636992374941,386.09877597705054,385.90111840080584,385.31089787906956,384.33637468140626,382.9911026420079,381.2936067769896,379.26694587975214,376.9381791879024,374.33775254245666,371.49882491192295,368.4565543755109,365.24736550351645,361.9082275854343,358.47594546114965,354.98650164239336,351.47446054916645,347.9724209884222,344.51058617747844,341.11638485264126,337.81420574077583,334.6252117145555,331.5672442858955,328.654811118136,325.8991442580152,323.3083322995265,320.8874965307981,318.63901756893654,316.56281093892767,314.65659292293475,312.9161834960944,311.3358256273635,309.9084676178463,308.62603913084183,307.4797507343896,306.46032995563786,305.5582203546885,304.76382472230773,304.06763246737034,303.460378059498,302.9331641591941,302.47752285177774,302.08551158527206,301.7497324094794,301.46337086997767,301.22020096820495,301.014575777117,300.841424091535,300.6962137928594,300.57492630233287,300.4740252207878
0.0005537636992374942,386.4471691630311,386.2489144091413,385.65690868421376,384.67943111601113,383.3300665739393,381.6273826981174,379.5944917094612,377.2585160974628,374.6499736496946,371.8021027138468,368.7501468363992,365.53062074571875,362.1805871432737,358.73694613253383,355.2357759732658,351.7117359786704,348.197517817689,344.7234143900764,341.31693996217984,338.0025637746685,334.8015234737006,331.73172903750344,328.80774981457495,326.040872505632,323.43923310106743,321.00799300880544,318.7495657845187,316.6638928300421,314.7487095617604,312.999848624771,311.41155970746127,309.9767922188305,308.68747195179606,307.5348010605858,306.509494767394,305.6019808660776,304.8026436135506,304.10195153519544,303.49061644745706,302.95971708823777,302.50076071039217,302.1057795499982,301.76735033477155,301.4786335618671,301.2333787147788,301.02591512085604,300.8511488007594,300.70452597587007,300.5820076293964,300.48003825325355
0.0005587636992374942,386.79212466047005,386.59328097882815,385.999514689147,385.01912344686747,383.66572261390746,381.9579217114925,379.9188854609878,377.57579851245157,374.95924936734275,372.1025544039824,369.0410411986405,365.8113131391349,362.4505248074231,358.9956700334441,355.48292130840787,351.94703136751497,348.4207833374282,344.93455848292655,341.5159553861293,338.1895227036733,334.9765718841145,331.89508053413715,328.9596789871482,326.1817080350544,323.5693506382037,321.12780802929467,318.8595265318503,316.7644733704115,314.8404031472519,313.0831613247113,311.48700454011953,310.0448836115445,308.7487208201882,307.5897103116555,306.5585554417769,305.64566870047565,304.8414162848592,304.136246314529,303.5208484251123,302.9862778916365,302.5240175764543,302.1260749219691,301.7850017255138,301.49393379786625,301.24659643545766,301.0372955188925,300.8609145615323,300.7128783602745,300.5891276657094,300.4860880376814
0.0005637636992374942,387.1337006805994,386.9342761615445,386.33877346933457,385.35550846382245,383.9981264686277,382.2852781594212,380.24017985115546,377.89007728682157,375.2656284757197,372.40022650719936,369.32928158048117,366.0894842758836,362.71807955641447,359.2521534731483,355.72797126307455,352.180377641707,348.6422458167939,345.1440441260504,341.7134542757897,338.3751032605896,335.15037537707275,332.05731503615425,329.1106128663821,326.32166319548196,323.6986955317784,321.2469506394336,318.9689074383006,316.8645589184161,314.9316789145877,313.16612584699544,311.5621635234178,310.112744463116,308.80978778448764,307.64448001948784,306.60751308579256,305.6892846213559,304.880143227436,304.1705170858889,303.5510741147608,303.01284657747027,302.5472933800902,302.146397582661,301.8026864376663,301.5092714261714,301.25985398381056,301.04871683941815,300.8707212627086,300.72127085904214,300.59628634977435,300.49217453798406
0.0005687636992374942,387.47195391149245,387.2719564901507,386.67474109437626,385.6886414722114,384.3273323897118,382.6095049661044,380.55842622268517,378.20140195075066,375.56915848725646,372.6951643411036,369.61491095739177,366.3651746727696,362.983289362997,359.5064318258527,355.9709585885163,352.4118049338389,348.8619328009061,345.351896332936,341.9094591909606,338.55932564878134,335.3229519131031,332.21844838815866,329.26056531812094,326.4607500184428,323.8272781278538,321.365429650393,319.07771593000246,316.9641556620728,315.02254195575557,313.24874632320774,311.6370399564069,310.1803773591547,308.8706748264783,307.6991116617273,306.65636876252773,305.73282935675405,304.91882490394005,304.20476410679254,303.5812936201106,303.03942313870516,302.5705880390262,302.1667474032537,301.82040431851567,301.52464628755746,301.27315120695647,301.060178944939,300.88056878807276,300.7297033805822,300.60348361597306,300.498297714345
0.0005737636992374942,387.8069395730734,387.6063770335421,387.0074721823916,386.0185763464712,384.65339322622305,382.93065368885766,380.8736745938295,378.5098207584631,375.8698856923088,372.9874120596709,369.8979712033871,366.638423810181,363.24619123054674,359.75853956458104,356.21191520332115,352.6413426119125,349.0798711372027,345.5581394844881,342.10399212158046,338.74220956161236,335.4943189993397,332.3784960344036,329.40954985711977,326.5989802297189,323.9551085081119,321.4832536463687,319.18595923963363,317.0632696257118,315.11299722525155,313.33102677027625,311.7116370432004,310.24778480719544,308.93138386414626,307.75360666418476,306.7051234931593,305.77630360093804,304.95746174987124,304.23898761290405,303.6115070272301,303.06600755397955,302.5939014592385,302.18712424516866,301.83815520712096,301.54005821574725,301.2864879458705,301.0716816925286,300.89045701654703,300.7381758289148,300.6107193947058,300.5044575233317
0.0005787636992374942,388.1387114695804,387.9375914489632,387.33701995188727,386.3453655812731,384.9763604747949,383.24877456695725,381.1859737057065,378.8153807338348,376.16785520284327,373.2770126948534,370.1785031304225,366.90927016917965,363.50682122777823,360.00851029347444,356.45087222329084,352.8690193068125,349.2960870005541,345.7627973518512,342.29707450834314,338.9237742009618,335.6644937060513,332.53747303345995,329.5575796599852,326.7363652606961,324.08219649975354,321.60043099316465,319.2936444138185,317.1619066763252,315.2030495454955,313.41297109507104,311.7859578968603,310.3149692399677,308.9919167544197,307.80796640312735,306.7537782588603,305.8197080159921,304.9960541748839,304.27318781912277,303.6417144054493,303.0925997883497,302.6172335355718,302.207527960581,301.85593893473765,301.55550703776316,301.2998640356752,301.08322493406916,300.9003858223912,300.74668810383577,300.61799361252656,300.51065391800586
0.0005837636992374942,388.46732203962455,388.2656520319232,387.6634362712474,386.6690603403108,385.2962843274538,383.5639165682478,381.4953710674614,379.1181277139034,376.463110994116,373.5640081962735,370.45654652597847,367.1777512668815,363.7652145218575,360.25637677859726,356.68785998993525,353.09486293850665,349.5106059172117,345.9658931181697,342.4887272623542,339.1040382948721,335.83349268239317,332.6953940721928,329.7046675775035,326.8729162591745,324.20855168492335,321.71696984636355,319.4007783201721,317.26007252960534,315.29270361198274,313.494583098776,311.8600055430893,310.38193301850106,309.05227529577155,307.8621922074505,306.8023340026093,305.86304323331933,305.03460256403366,304.3073649206152,303.67191580821464,303.11919979399863,302.64058415232586,302.22795839290654,301.8737553252224,301.57099257426324,301.31327930591993,301.0948085164833,300.91035507539436,300.7552401010743,300.6253061922726,300.51688684802883
0.0005887636992374943,388.79282240398027,388.5906097638507,387.9867717059809,386.9897105028772,385.6132137172713,383.8761274336334,381.8019129993795,379.41810639040415,376.7556959444582,373.84843946911354,370.7321401889353,367.4439036902244,364.0214054100019,360.50217097733685,356.92290809766314,353.3189007410447,349.7234527876559,346.1674493993465,342.67897078387745,339.28302011437904,336.0013321714267,332.8522734790854,329.8508261463907,327.0086440996704,324.33418340968825,321.83287815910774,319.5073676540042,317.35777275569217,315.381963998184,313.57586648104564,311.9337829237423,310.44867843507836,309.1124612306914,307.91628536074273,306.85079163090836,305.906309855069,305.07310727896095,304.34151909379705,303.70211127390223,303.1458075109092,302.66395318381393,302.2484153772653,301.89160419541787,301.5865146398614,301.32673358084674,301.1064322819553,300.92036464105905,300.7638317124459,300.63265705319026,300.5231562597643
0.0005937636992374943,389.1152624112322,388.91251435760927,388.30707556384846,387.3073647083503,385.92719636196864,384.18545371957225,382.1056446740607,379.715360349438,377.04565187327194,374.1303464102982,371.0053219638304,367.7077631282141,364.2754273496545,360.7459240664739,357.1560454197402,353.54115928642267,349.93465190840476,346.3674882638543,342.8678249802254,339.4607374895704,336.1680280244483,333.00812523694754,329.9960676004971,327.14355939323633,324.45910079259465,321.9481636895135,319.61341894470803,317.455012784647,315.4708351602101,313.65682484396206,312.00729290016534,310.51520771604135,309.1724762480362,307.97024710324587,306.89915201541515,305.949508455492,305.11156865901467,304.3756504972636,303.7323008265894,303.1724228675041,302.6873404948945,302.268898740923,301.9094853555202,301.6020730434334,301.34022667964587,301.11809606814415,300.93041438077734,300.7724628259983,300.6400461110552,300.5294620963769
0.0005987636992374943,389.43469068139484,389.23141430099326,388.6243959379865,387.6220703987044,386.23827880558326,384.4919408386828,382.4066101557652,380.0099321093753,377.3330195773349,374.4097679430676,371.2761287735883,367.9693644027312,364.52731298731084,360.98766646899605,357.3873001330858,353.76166450737577,350.1442269928419,346.5660312516535,343.0553092828398,339.637207824916,336.33359571466406,333.1629629950427,330.140403881497,327.2776724968283,324.5833127328293,322.0628340077383,319.7189385618472,317.5517979116652,315.5593214412544,313.73746169580045,312.08053825637353,310.58152302446103,309.23232198526443,308.02407863372014,306.9474159944943,305.9926395822286,305.1499870223209,304.40975927267584,303.7624844767886,303.19904578125517,302.71074594147626,302.2894083037115,301.92739860942936,301.617667588409,301.35375841669963,301.1297997083865,300.94050415200127,300.7811333261524,300.6474732782894,300.5358042979282
0.0006037636992374943,389.75115464761546,389.54735689831125,388.9387797481347,387.93387385915145,386.54650645830395,384.79563309856377,382.7048524380269,380.3018631570909,377.6178388655061,374.68674205002424,371.54459665080805,368.2287414979761,364.77709418606867,361.22742787972487,357.6166997419669,353.9804417191583,350.3522011911156,346.7630993922662,343.2414426636078,339.8124481139079,336.4980503502492,333.3168000806654,330.2838466490926,327.4109935222452,324.70682791800414,322.1768965027225,319.8239327209589,317.64813330204646,315.6474270758258,313.8177804546162,312.15352170207683,310.647626462679,309.2920000305625,308.0777811112166,306.9955843746916,306.03570375753304,305.18836266679784,304.44384554560133,303.7926622221451,303.2256761592615,302.734169371,302.30994387843,301.9453437550836,301.63329807305155,301.3673286018158,301.1415430318925,300.9506338084056,300.789843093839,300.6549384640738,300.5421828014694
0.0006087636992374943,390.0647005960635,389.86038831016106,389.25027278007076,388.242820257015,386.85192363457185,385.0965737389239,383.0004134796294,380.5911939826207,377.90014859191797,374.9613058047394,371.8107607676825,368.4859275886281,365.0248020519741,361.4652372898184,357.8442711006538,354.19751564036545,350.5585971091619,346.9587132220498,343.42624365045424,339.9864749530508,336.6614066868241,333.4696495102018,330.4264072907582,327.54353234466294,324.8296548315869,322.29035838862137,319.928407489091,317.74402399593345,315.73515619378264,313.89778445166246,312.2262458755612,310.71352007472603,309.35151192486796,308.13135565676424,307.0436579321373,306.0787014794379,305.22669587112114,304.4779094263149,303.82283404810084,303.25231389880173,302.7576106228966,302.33050527122646,301.96332058477856,301.64896429072485,301.3809370404516,301.15332586393293,300.96080320004455,300.7985920066287,300.6624415744567,300.5485975411309
0.0006137636992374943,390.37537370410075,390.1705535914913,389.5589197233462,388.54895367892846,387.1545735895393,385.3948049671114,383.2933342390294,380.8779641123223,378.1799866877353,375.23349540199274,372.07465546462424,368.7409550667846,365.27046695922445,361.7011230102115,358.07004043509113,354.41291041284813,350.7634368268961,347.15289280071573,343.60973034225077,340.15930455523596,336.82367913937946,333.6215239996966,330.56809693105026,327.67529861078714,324.9518017599977,322.4032267109458,320.032368790085,317.83947491283243,315.82251282418065,313.97747693464845,312.29871334643457,310.77920584862704,309.4108591637958,308.1848033549755,307.09163741388033,306.121633222861,305.26498689564227,304.51195101055987,303.85299992852583,303.2789588878577,302.781069529024,302.35109228196256,301.9813288854715,301.66466603014857,301.3945835339277,301.16514802601927,300.9710121735031,300.807379938859,300.6699825124597,300.5550484482095
0.0006187636992374943,390.6832180768247,390.47789672803947,389.86476420741246,388.8523171664472,387.4544985539735,385.6903679921263,383.5836547073111,381.1622121406184,378.4573901915573,375.5033461867195,372.33631427766625,368.99385556774615,365.5141185742898,361.93511269404826,358.29403336363384,354.62664962076883,350.96674191561954,347.3456577271327,343.7919204230756,340.3309527625321,336.9848817936787,333.77243597495817,330.70892644050593,327.80630174664276,325.0732767993877,322.5155083524264,320.13582240962046,317.93449085592795,315.9095008989437,314.0568610708463,312.3709266182449,310.84468571859617,309.47004319947376,308.23812525557463,307.13952353915903,306.16449944066034,305.30323598326225,304.54597038027225,303.88315982631946,303.30561100561465,302.80454591408335,302.371704704561,301.99936843907335,301.6804030756424,301.40826787963397,301.1770093360767,300.9812605720425,300.8162067617555,300.6775611781785,300.5615354512523
0.0006237636992374943,390.988276782069,390.78246067123257,390.16784883622194,389.1529527501561,387.75173976768576,385.9833030571965,383.8714139397473,381.44397576039955,378.73239527853195,375.77089268173063,372.59576996470145,369.2446599947074,365.75578587901094,362.1672333581596,358.5162749169026,354.8387563088447,351.16853345467973,347.53702715445104,343.972831175862,340.50143505842414,337.14502841716796,333.9223975812225,330.8489064441531,327.93655096502255,325.1940878621189,322.6272100386185,320.2387740000337,318.02907651620245,315.9961242563671,314.1359399500556,312.4428881309758,310.9099615671306,309.52906544229035,308.291322374854,307.18731700061005,306.20730056463674,305.3414433602635,304.5799676042704,303.9133136939826,303.33227012293713,302.82803959601586,302.3923423273376,302.01743902272614,301.6961752073605,301.4219898712264,301.1889096086099,300.9915482357395,300.8250723435504,300.6851774688823,300.56805847613924
0.0006287636992374944,391.2905918839392,391.08428737162654,390.4682152213809,389.45090148235005,388.04633751156086,386.27364947098937,384.1566500860388,381.7232917921515,379.0050372882515,376.03616861427156,372.85305453061954,369.49339854241055,365.9954971927246,362.3975114036382,358.7367895567991,355.04925299981875,351.3688320474271,347.7270198045865,344.15247949546296,340.67076657952947,337.30413246941634,334.0714206924017,330.98804732965243,328.0660552726104,325.3142426829598,322.73833834325706,320.3412290849218,318.12323647637214,316.08238664446355,314.2147165874327,312.5146002634285,310.97503522700583,309.58792726256195,308.3443956970612,307.2350184654217,306.25003700648944,305.3796092371015,304.6139427389117,303.943461474163,303.35893610282255,302.8515503863813,302.4130049333178,302.0355404090693,301.71198220151484,301.435749298816,301.200848654863,301.00187500162184,300.8339765495953,300.69283127910825,300.5746174461617
0.0006337636992374944,391.59020447496016,391.38341781096125,390.76590401392997,389.74620346836184,388.338331138261,386.5614456375306,384.4394004193002,382.00019621187494,379.2753507514886,376.2992069414764,373.1081992514002,369.74010071981473,366.2332801934669,362.62597263555267,358.9556011947284,355.2581617111998,351.56765783649996,347.91565398209275,344.3308819011671,340.83896212681765,337.4622071121137,334.21951691993706,331.12635925508835,328.19482347679815,325.43374882501206,322.8488996933812,320.4431930635444,318.2169752146477,316.16829172415834,314.2931939261922,312.58606533549477,311.03990848318034,309.6466299921217,308.39734617572185,307.28262857643057,306.2927091587266,305.4177338091592,304.6478958287182,303.97360310017467,303.3856088008335,302.87507809071894,302.4336923005391,302.0536723664941,301.72782383059007,301.4495459491503,301.212826282973,301.0122407037979,300.8429192424713,300.70052250075435,300.5812122821001
0.0006387636992374944,391.8871547069045,391.6798920329014,391.0609549348203,390.0388978966025,388.62775910166806,386.84672908489335,384.7197013638549,382.2747241778577,379.54336941583404,376.5600398747759,373.36123469721355,369.98479537183033,366.46916193830253,362.852642281848,359.17273320906565,355.465503971309,351.7650305184757,348.10294758745744,344.5080545486893,341.0060361763603,337.61926521864746,334.3666976212787,331.2638521564314,328.3228641922109,325.55261368538305,322.95890037423374,320.54467121503365,318.3102971083293,316.2538430723436,314.37137484018797,312.6572856103271,311.104583074613,309.70517492583593,308.45017473490026,307.33014795316905,306.33531739553274,305.455817257466,304.68182690697216,304.00373849649264,303.41228806551,302.8986225088919,302.45440420234024,302.07183465938624,301.74369986354884,301.4633796057874,301.22484229811744,301.022645173582,300.8519002820951,300.70825102316843,300.5878429022985
0.0006437636992374944,392.1814818203682,391.97374917252625,391.3534068041512,390.32902306738225,388.9146589851288,387.1295364927222,384.9975885218992,382.5469100563582,379.8091262702902,376.81869890331063,373.61219075457865,370.2275107001675,366.70316888282247,363.0775450114735,359.3882084619085,355.67130083466566,351.9609693579189,348.28891812984887,344.68401324166757,341.1720028896336,337.7753193832798,334.51297390800914,331.4005357546854,328.4501858469556,325.67084450061617,323.06834653395265,320.64566870242214,318.403206437246,316.3390441847984,314.44926213637893,312.728263296412,311.1690606959977,309.76356332305085,308.50288227040215,307.3775771928624,306.3778620735947,305.49385974938207,304.715735996284,304.03386757922505,303.4389737387626,302.9221834354163,302.4751404076368,302.0900270483595,301.75961006602887,301.47725004926303,301.2368965026566,301.0330882396154,300.8609195258214,300.7160167332353,300.5945092227376
0.0006487636992374944,392.4732241731553,392.2650274846334,391.6432975692296,390.61661642056976,389.1990675285636,387.409903718647,385.2730966990924,382.8167874462516,380.0726535688729,377.07521481639816,373.8610966476265,370.46827428333944,366.93532689985307,363.3007049517743,359.60204931514784,355.87557289674976,352.15549320085574,348.47358273934225,344.8587734426866,341.3368761233989,337.93038192994663,334.65835665363096,331.53641956273657,328.57679668860953,325.7884483518923,323.1772441880624,320.74619057649755,318.4957073870455,316.42389847898056,314.52685855718687,312.79900054955056,311.23334299942053,309.8217964089732,308.5554696509226,307.4249168713809,306.42034353289085,305.5318614392518,304.7496231091342,304.063990256563,303.4656656562477,302.94576065977446,302.4959006811854,302.1082492904777,301.77555420053176,301.49115705725137,301.24898869627,301.0435697279828,300.86997682854224,300.7238195154601,300.6012111571048
0.0006537636992374944,392.7624192675303,392.5537643709127,391.93066433151205,390.9017145621476,389.4810206544918,387.68786582364226,385.5462599291244,383.08438920269316,380.33398285326814,377.32961772510305,374.1079809585121,370.70711309586596,367.1656612974134,363.52214570518515,359.8142776458927,356.0783403081666,352.34862048770543,348.65695817865037,345.0323502838546,341.5006694391785,338.08446492069567,334.80285650103417,331.67151289192,328.70270478995775,325.9054321700141,323.2855992237762,320.8462417794954,318.58780405234376,316.5084092966987,314.6041667827509,312.8694994747516,311.2974315959432,309.8798753759897,308.6079377191409,307.4721675441474,306.4627620974422,305.5698224690261,304.78348824838884,304.09410642920955,303.49236364772497,302.96935396671546,302.5166847838359,302.1265011394685,301.791532026604,301.50510040471886,301.2611186760888,301.05408946232455,300.87907204278287,300.73165925205035,300.6079486168638
0.0006587636992374944,393.0491037763935,392.8399964060465,392.215543372479,391.1843532897192,389.76055349302885,387.96345709638433,385.81711149731103,383.3497474598431,380.5931449745938,377.5819370829506,374.3528716470176,370.9440535267146,367.39419683596043,363.74189036526,360.0249148612805,356.2796227882483,352.54036926569313,348.83906085438383,345.2047585769543,341.66339611235037,338.2375801637836,334.94648386965895,331.80582485831764,328.8279180544956,326.021802740183,323.39341740411885,320.9458271486344,318.6795004397404,316.5925799066691,314.6811894330843,312.9397621280424,311.36132805711526,309.93780138492616,308.66028729276724,307.5193297470041,306.50511807603016,305.6077429688563,304.81733140779244,304.12421599078897,303.5190675373992,302.99296313654077,302.53749247277256,302.1447823459274,301.80754330101087,301.5190798640734,301.27328623682223,301.0646472639461,300.88820501879457,300.739535822995,300.6147215113209
0.0006637636992374945,393.333313568431,393.12375936278727,392.49797017849795,391.46456761701444,390.0377004059036,388.2367110766535,386.08568396326496,383.6128936527023,380.8501701143057,377.8322017058281,374.595796069384,371.17912139701554,367.62095774495424,363.95996153206926,360.233981912702,356.4794396381157,352.7307572007718,349.019906827864,345.37601282318974,341.825069140879,338.3897392214468,335.0892489623703,331.9393643888003,328.95244422170657,326.1375667065806,323.5007043718783,321.0449514195056,318.77080047070746,316.6764135069643,314.75792907013874,313.0097905182007,311.4250339164216,309.99557556625194,308.7125191655405,307.56640399703974,306.5474117628809,305.645623057661,304.85115257243785,304.1543188282378,303.5457771442465,303.01658794537815,302.5583235017445,302.16309265751306,301.82358777790284,301.5330952053058,301.2854911708797,301.0752429519222,300.89737560464476,300.7474491061408,300.6215297476901
0.0006687636992374945,393.615083732288,393.40508823606183,392.7779794647199,391.7423917974457,390.31249500954317,388.5076605778265,386.3520091826853,383.87385853809707,381.1050878042913,378.0804397911114,374.8367809964102,371.4123419770866,367.84596773877774,364.1763813269956,360.4414993094707,356.67780975322955,352.91980158907484,349.1995118255099,345.54612722254757,341.98570125369895,338.5409534173639,335.2311617720569,332.07214022682746,329.0762908721266,326.2527305767636,323.60746565339633,321.1436192293208,318.8617079843569,316.7599132273581,314.83438819978034,313.0795866084111,311.4885506706654,310.05319902122983,308.7646341081835,307.6133907933793,306.58964343831855,305.6834628436664,304.884951719214,304.18441482217696,303.5724922823252,303.0402281654428,302.5791776212866,302.1814318191355,301.8396652089757,301.54714619612787,301.2977332684893,301.08587634319855,300.906583646304,300.7553989772671,300.6283732311568
0.0006737636992374945,393.89444859981296,393.684017266148,393.0556051980568,392.0178593467561,390.5849701972689,388.7763377085044,386.6161183283082,384.1326722148567,381.35792694618897,378.32667893605424,375.0758526308536,371.64374000280054,368.06925003203975,364.3911714069575,360.64748713196065,356.8747516354523,353.10751936792326,349.3778912488193,345.7151156827914,342.1453049187707,338.6912338438236,335.37223208796934,332.2041609380153,329.1994654322058,326.3673007258809,323.713706662204,321.24183512002793,318.95222674009466,316.84308213157254,314.91056927368277,313.14915231785176,311.55187978129106,310.1106728230168,308.8166328693142,307.66029061793887,306.63181336938914,305.7212624249226,304.9187288172343,304.21450384726836,303.5992127610738,303.06388356528754,302.6000545789307,302.19979957313467,301.8557753436242,301.5612326021038,301.31001231781073,301.0965472526899,300.9158289877302,300.76338531015824,300.635251864939
0.0006787636992374945,394.17144176841464,393.9605799609676,393.3308806192824,392.2910030648045,390.8551581606456,389.0427738933132,386.8780419100579,384.38936414322086,381.60871582996924,378.570946155474,375.3130366241648,371.87333969132635,368.2908273542921,364.6043529780858,360.85196504424107,357.0702834046479,353.29392712640845,349.55506018396517,345.88299182810937,342.3038923508218,338.8405913686125,335.5124695018094,332.335434915486,329.3219751789762,326.4812834007223,323.81943270251094,321.33960354129965,319.04236042016487,316.925923219432,314.98647469113973,313.21848952321307,311.6150226756516,310.16799801771595,308.868516176318,307.7071039361461,306.67392181045636,305.7590218897963,304.95248382824457,304.2445857725541,303.6259383855945,303.08755391004115,302.62095411940754,302.2181956594533,301.87191792908925,301.5753541867772,301.32232810504576,301.10725549337457,300.9251114709508,300.7714079766738,300.64216555034767
0.0006837636992374945,394.44609612257375,394.2348091175366,393.60383826429836,392.5618550565266,391.1230904100243,389.30699989292043,387.13780979443516,384.6439631635112,381.85748215181206,378.81326789876806,375.54835809258844,372.1011647562721,368.51072196418835,364.81594680888134,361.05495230622756,357.26442280983673,353.4790411155692,349.73103341102205,346.0497690074262,342.46147551878994,338.98903664163527,335.65188341358123,332.4659703850061,329.44382724453686,326.5946847236072,323.92464897255536,321.4369288534015,319.13211263209,317.00843942892755,315.062106800803,313.2876000601522,311.67798074822076,310.22517562538343,308.9202847361806,307.75383119762944,306.7159690037707,305.79674131744173,304.9862167070136,304.2746604617811,303.6526689569247,303.1112389616371,302.6418759848404,302.2366198158014,301.88809271059966,301.58951071179325,301.3346804145427,301.1180008763863,300.93443093614167,300.7794668468171,300.64911418684517
0.0006887636992374945,394.7184438545491,394.50673684261136,393.87450998460173,392.83044675211033,391.3887977943135,389.5690458232987,387.3954512231785,384.89649751410377,382.10425303131365,379.0536700662907,375.7818416326581,372.3272384222593,368.72895566310876,365.0259732428759,361.2564677853781,357.45718723993,353.66287725818495,349.90582541284437,346.2154603024012,342.61806615298127,339.1365801012824,335.7904830372188,332.59577540992757,329.56502862036297,326.70751069611924,324.029360567821,321.53381532994536,319.2214869110143,317.0906336381985,315.13746790234825,313.3564857246873,311.7407553617539,310.2822066409916,308.9719392362858,307.80047283687657,306.75795518001337,305.8344207782493,305.0199274017052,304.3047277737113,303.67940427229655,303.134938479032,302.66281991493,302.25507177781526,301.9042994315083,301.6037019370163,301.34706902889957,301.1287832111024,300.94378722170404,300.7875617888012,300.6560976721025
0.0006937636992374945,394.98851648431446,394.7763945725676,394.14292696699374,393.0968089264217,391.65231052001656,389.8289411742742,387.6509948312319,385.14699484873216,382.34905502805276,379.2921780251206,376.0135113361144,372.55158343895306,368.9455498082766,365.2344522108209,361.456529967947,357.6485937340618,353.8454511581991,350.07945038360793,346.38007853512215,342.7736757519566,339.28323198055364,335.9282774059961,332.72485789593725,329.68558616144907,326.8197672026965,324.13357248412797,321.6302671605335,319.31048672195107,317.17250866743234,315.2125602480723,313.42514827453266,311.8033478484001,310.33909203535165,309.0234803451781,307.84702927386394,306.7998805588155,305.8720603342758,305.0536158542341,304.33478756241755,303.70614412538464,303.15865221841386,302.6837856471324,302.27355127920794,301.92053783342277,301.6179276206432,301.35949372906197,301.1396023052302,300.9531801643391,300.795692669114,300.66311590205413
0.0006987636992374945,395.25634487875965,395.04381309254734,394.4091197525614,393.3609717177147,391.9136581695673,390.08671482739203,387.9044686640499,385.3954822531524,382.5919141575455,379.52881662424613,376.24339080427274,372.77422209457416,369.1605253253897,365.4414032424226,361.655156969825,357.83865899153636,354.02677810979253,350.2519222370348,346.54363627551277,342.9283155891606,339.42900231295175,336.0652753777336,332.85322559562576,329.80550659029194,326.9314600140823,324.2372896206026,321.72628845329876,319.39911546194196,317.25406728068924,315.28738604442566,313.49358943038044,311.86575951076804,310.3958327559965,309.0749087132925,307.89350091465946,306.8417453492557,305.9096600396543,305.08728200060614,304.36483967756635,303.73288830654263,303.18237993340256,302.70477291682823,302.292058051916,301.93680765633053,301.6321875193118,301.37195429441806,301.15045796488886,300.9626095991204,300.8038593525806,300.6701687709534
0.0007037636992374946,395.521959270192,395.3090225549061,394.6731182549654,393.62296464565725,392.17286971899534,390.3423950731275,388.15590019426946,385.6419862611996,382.83285590661717,379.7636102091941,376.47150316186327,372.99517622891597,369.3739027207877,365.6468454776486,361.85236654697826,358.02739938140877,354.20687310612215,350.42325461431176,346.7061458484639,343.08199671930197,339.57390093815525,336.20148563980825,332.9808861128841,329.92479650072386,327.04259479064416,324.34051678253354,321.82188323734596,319.48737646213135,317.3353121876529,315.3619474534831,313.5618108771283,311.9279916229466,310.45242972802674,309.1262249736529,307.93988815199805,306.88354975033405,305.9472199409867,305.12092577124247,304.39488396468835,303.75963660303006,303.20612137524074,302.72578145748577,302.3105918262386,301.9531086387203,301.6464813882068,301.38445050289033,301.1613499946908,300.97207535956386,300.8120617024248,300.67725617142435
0.0007087636992374946,395.7853892741663,395.57205249699183,394.93495177806636,393.88281662870514,392.42997355495197,390.59600962747396,388.40531633777897,385.88653287026057,383.07190524821544,379.9965826361299,376.69787107036984,373.2144672458874,369.5857020931784,365.8507976776216,362.04817610550833,358.2148309517174,354.3857508477388,350.5934608917197,346.86761934070256,343.23472998449995,339.71793750748054,336.3369167139774,333.1078469071349,330.0434623615996,327.15317708556614,324.443258684117,321.9170554650982,319.57527298975845,317.4162460453127,315.4362465943551,313.6298142650582,311.99004543148465,310.508883854921,309.1774297425415,307.9861913658331,306.92529395142714,305.9847400777179,305.1545470912906,304.42492026543704,303.78638879922886,303.2298762929767,302.74681100081676,302.32915233097134,301.96944051769776,301.66080898116013,301.3969821310246,301.1722781978186,300.98157727769586,300.8202995803283,300.6843779945136
0.0007137636992374946,396.0466639066745,395.8329318582853,395.19464903291725,394.1405560008503,392.68499749112345,390.84758564793606,388.6527434692081,386.1291475561917,383.30908665569234,380.2277572854474,376.9225167408879,373.4321161256056,369.79594314493914,366.053278235119,362.2426027113467,358.40096943837915,354.5634257507004,350.76255418798416,347.02806860741094,343.38652602020363,339.8611214891441,336.47157696102386,333.2341152974067,330.16151052034667,327.2632123479213,324.5455199510987,322.01180901455365,319.6628082500729,317.4968714595798,315.51028554454325,313.69760121096635,312.0519221563296,310.5651960193127,309.22852362013884,308.0324109238641,306.96697813272215,306.0222204824949,305.18814588092096,304.4549484178351,303.8131446768501,303.2536444336396,302.7678612769257,302.34773929353514,301.9858030290972,301.6751700507491,301.40954895407464,301.18324237610074,300.9911151841195,300.8285728464886,300.6915341297409
0.0007187636992374946,396.3058116007232,396.0916889969294,395.45223815415017,394.3962105277736,392.93796878405976,391.09714974894973,388.8982074368658,386.36985528770396,383.54442411657453,380.4571570748757,377.14546194652314,373.6481434360539,370.00464519301534,366.2543051846981,362.4356630996035,358.5858302737681,354.7399119543926,350.9305473713622,347.1875052786049,343.53739526089845,340.0034621733315,336.6054745852314,333.3596984662584,330.27894720638255,327.37270592562936,324.6473051233161,322.10614769145576,319.7499853881763,317.5771909868394,315.5840663412419,313.7651732992495,312.11362299172816,310.62136708373436,309.27950719113795,308.0785471820416,307.0086024656325,306.05966118150906,305.22172205561,304.48496825651097,303.8399040151324,303.2774255424066,302.788932014453,302.36635244009926,302.00219590758877,301.68956434838964,301.422150746086,301.19424233008385,301.00068890807853,300.83688135967543,300.6987244651477
0.0007237636992374946,396.5628602223251,396.3483517056749,395.7077467157846,394.64980742242517,393.1889141484435,391.3447280167601,389.14173357715094,386.60868054023973,383.77794114584873,380.68480447212096,377.3667280343512,373.8625693443294,370.21182717943185,366.4538962124607,362.6273736835827,358.76942859498615,354.91522332907056,351.0974530664739,347.34594076528475,343.6873479456053,340.1449686770843,336.7386176386968,333.4846034635595,330.3957785344081,327.48166306830416,324.7486186571448,322.2000752313824,319.83680749079366,317.6572071354444,315.65759098258854,313.8325320829465,312.1751491070903,310.67739789133157,309.330381025332,308.12460048505045,307.0501671131956,306.097062194824,305.25527552641216,304.51497961292455,303.86666659103093,303.3012193627638,302.8100229407119,302.3849914957002,302.0186188867816,301.70399162442766,301.43478727997484,301.20527785910417,301.01029827752,300.8452249772854,300.7059488873457
0.0007287636992374946,396.8178370859294,396.60294722726604,395.96120174648036,394.90137336006023,393.43785977182387,391.5903460237762,389.38334672845644,386.84564730936177,384.009660798779,380.9107215070653,377.58633593695754,374.0754136274935,370.4175076814346,366.6520686654734,362.81775056347885,358.95177925184316,355.08937348313367,351.2632836608929,347.50338626536546,343.8363941231853,340.2856499490109,336.87101402548734,333.60883721013414,330.51201050757913,327.5900889299969,324.849464927855,322.2935953017557,319.9232775879774,317.73692236714993,315.7308614288663,313.89967908473903,312.2365016478192,310.73328926654756,309.3811456781772,308.17057116677324,307.0916722304533,306.1344235366891,305.2888062002187,304.5449823155827,303.89343217939904,303.32502563665923,302.8311337818203,302.40365618435493,302.0350716993233,301.7184516282256,301.44745832760583,301.21634876135494,301.01994311915445,300.8536035553957,300.71320728156303
0.0007337636992374946,397.0707689693162,396.8555022692924,396.2126297442616,395.15093449275037,393.68483132883824,391.834028842426,389.6230712445898,387.0807791236772,384.2396056832788,381.1349297835402,377.8043061835748,374.28669568304423,370.62170492127876,366.8488395608606,363.0068095347711,359.13289681455666,355.2623757701449,351.42805131150453,347.6598527694,343.9845436574543,340.4255147738305,337.00267150564946,333.7324065012736,330.62764902056375,327.6979885718393,324.9498482318809,322.38671150377775,320.00939865474703,317.81633909849444,315.80387960365897,313.9666157979138,312.2976817361066,310.7890420157796,309.43180169133416,308.2164595507335,307.13311796481617,306.17174521583934,305.3223139800059,304.57497619024616,303.92020055316095,303.34884410465,302.85226426282617,302.4223462291702,302.0515540769951,301.73294410824707,301.4601636598662,301.22745483395346,301.0296232585151,300.86201694881555,300.72049953169017
0.0007387636992374946,397.32168212797666,397.1060430185272,396.46205669073106,395.39851646339537,393.9298539949416,392.0758010585344,389.8609310077313,387.31409905731516,384.4677979718556,381.3574504906929,378.0206589108355,374.49643453902723,370.82443677567716,367.04422559458015,363.19456609632516,359.31279558118433,355.4342432956061,351.59176795064155,347.81535106609994,344.13180623211986,340.56457177675617,337.1335976990749,333.85531801012405,330.74269986249027,327.8053669645909,325.04977278900714,322.47942737429474,320.0951736126683,317.89545970212805,315.87664739496176,314.03334368728554,312.35869047169837,310.8446569280097,309.4823495931844,308.26226595052066,307.1745044564127,306.2090272357823,305.3557987650719,304.6049610601265,303.9469714834781,303.3726745060432,302.87341410782886,302.44106135244743,302.06806575080407,301.7474688121379,301.4729030467383,301.23859587300495,301.0393385200147,300.8704650111376,300.72782552032476
0.0007437636992374947,397.57060230900123,397.3545951547757,396.7095080647989,395.6441444192541,394.17295245966807,392.31568678424213,390.09694944094707,387.5456297419766,384.69425941314637,381.57830441396436,378.23541387315584,374.70464886379875,371.02572078492506,367.2382431498995,363.38103545821633,359.49148958480043,355.6049889234984,351.7544452920084,347.96989174766543,344.27819135554523,340.70282942772536,337.26380008923144,333.9775782909541,330.8571687197898,327.91222899109505,325.14924274447606,322.5717463875928,320.18060533137293,317.9742865080909,315.9491666562504,314.0998641900859,312.41952893262794,310.9001347754088,309.5327898993277,308.3079906701972,307.2158318384227,306.2462695950727,305.38926045126425,304.6349367460755,303.97374473990726,303.39651657903005,302.89458304009446,302.4598012757832,302.08460645107107,301.76202548680436,301.4856762573689,301.2497716736648,301.04908872700105,300.87894759478667,300.7351851288145
0.0007487636992374947,397.81755476449524,397.6011838642522,396.95500885594527,395.8878430250168,394.41415093943993,392.55370967048634,390.3311495202779,387.77539337857513,384.9190113430608,381.797511945693,378.4485904527661,374.9113569754573,371.2255741617142,367.4309083055812,363.56623254928525,359.6689926004259,355.7746252825998,351.9160948364015,348.12348521493243,344.42370836534855,340.84029604548255,337.39328602676323,334.0991937823079,330.9710611789384,328.01857944864753,325.24826217101923,322.6636719571283,320.26569663002317,318.05282180504446,316.02143920750876,314.1661787168168,312.4801981759227,310.9554763139174,309.5831231130578,308.3536340046889,307.2571002373969,306.28347228757525,305.4226989311961,304.6649030667649,304.0005200905528,303.4203700608154,302.91577078216693,302.4785657201658,302.1011759075162,301.77661387848866,301.49848306013706,301.2609820301989,301.0588737018113,300.887464551068,300.74257823730045
0.0007537636992374947,398.062564264544,397.84583385250744,397.1985835770349,396.1296364754371,394.6534731899468,392.7898929190606,390.56355378642104,388.0034117484852,385.1420746955484,382.01509309536044,378.66020766940335,375.1165768509558,371.4240137996485,367.6222368437924,363.7501720244393,359.8453181517251,355.9431647725871,352.0767278772347,348.27614168234254,344.56836643284475,340.9769798015221,337.5220627329672,334.2201708100482,331.0843827291034,328.1244230512809,325.34683507081684,322.75520743719676,320.3504502787224,318.1310678414559,316.09346683621897,314.2322886520719,312.54069923828126,311.0106822838037,309.63334972582,308.3991962401586,307.29830977356414,306.320635302716,305.4561140944545,304.69485983886,304.0272973022114,303.4442346877411,302.93697705597447,302.4973544060683,302.11777384934044,301.79123373284176,301.5113232227188,301.2722267360421,301.068693265824,300.89601573021434,300.750004724758
0.0007587636992374947,398.30565510974253,398.08856935692245,397.4402562767041,396.3695485075397,394.89094251810894,393.02425929427085,390.7941843560194,388.22970622441323,385.36347001300646,382.23106749949613,378.87028418967856,375.3203261349099,371.62105628147395,367.8122442577484,363.93286827170607,360.0204795174757,356.11061956993206,352.2363555058779,348.42787118274543,344.7121745673366,341.11288872389673,337.65013730314865,334.34051559029524,331.19713876469757,328.22976443197024,325.4449653773872,322.84635612454036,320.4348689998749,318.20902682674034,316.165251298313,314.29819535532636,312.6010331367258,311.06575341019766,309.68347021764896,308.4446776543649,307.33946056112376,306.35775862572325,305.48950582779855,304.72480687718434,304.05407614051126,303.4681101954039,302.95820158293134,302.5161670535373,302.1344000053043,301.8058847949937,301.5241965121504,301.28350558385523,301.0785472395103,300.90460098143143,300.75746446903787
0.0007637636992374947,398.5468511433107,398.3294141587888,397.68005055133597,396.6076024124249,395.1265817936449,393.25683113420513,391.023062932578,388.4542977809099,385.5832174563407,382.44545443125037,379.078838336133,375.52262214811145,371.81671788703585,368.00094575910236,364.114335419054,360.19448973782283,356.27700163360134,352.3949886168167,348.5786835720392,344.8551416202604,341.24803070089615,337.77751670986447,334.4602342322634,331.3093345878448,328.3346081447597,325.5426569574099,322.93712125989964,320.5189554694962,318.28670093236065,316.2367943190903,314.363900161697,312.6612008692281,311.12069040360655,309.7334850575896,308.4900785170058,307.3805527085271,306.39484223785763,305.5228740153498,304.75474399487797,304.08085637004484,303.4919963187692,302.97944408403583,302.53500338227866,302.15105410380374,301.820566809621,301.5371026948895,301.2948183655797,301.0884354424837,300.91322015294236,300.76495734690536
0.0007687636992374947,398.7861757628087,398.56839159499003,397.91798955664234,396.8438210466836,395.3604134602573,393.4876303616321,391.2502108170197,388.67720700453333,385.80133681469636,382.65827280965374,379.2858880959959,375.72348189576303,372.0110146009724,368.18835628509015,364.29458734098625,360.3673616203266,356.44232271056615,352.55263791264133,348.72858853365705,344.99727628919356,341.3824134846023,337.9042078060554,334.57933274100344,331.42097541076237,328.43895866681856,325.63991361248605,323.02750602951085,320.60271231847776,318.3640922928873,316.30809759410107,314.42940438267374,312.7212034153123,311.1754939604082,309.7833947041015,308.5353990900489,307.4215863187468,306.4318861166334,305.5562185387741,304.7846710035488,304.1076377544963,303.5158927922791,303.000704279964,302.5538631117398,302.1677358729431,301.8352795210128,301.55004153687366,301.306164872491,301.09835769354794,300.92187309203126,300.77248323407963
0.0007737636992374947,399.0236519314697,398.80552456930195,398.1540960188649,397.07822684343853,395.5924595464536,393.7166784945422,391.4756489178958,388.8984541036816,386.01784751486866,382.869541208573,379.4914511296556,375.92292207544176,372.20396212015595,368.37449050544114,364.47363766491833,360.5391077458104,356.60659434113086,352.70931390886915,348.87759558290344,345.13858712172805,341.5160446943263,338.0302173280741,334.6978170200505,331.53206635806134,328.5428204004246,325.7367390808371,323.11751356654895,320.6861421338052,318.44120300702053,316.37916278999666,314.49470930682355,312.7810417366344,311.2301647633262,309.83319960544605,308.58063962804664,307.4625614895347,306.468890236029,305.58953927745523,304.814587713417,304.1344200567628,303.5397993499562,303.0219818911594,302.5727459611885,302.1844450406054,301.8500226731331,301.5630128035779,301.3175448952506,301.1083138107441,300.9305596450856,300.78004200527124
0.0007787636992374948,399.2593021891646,399.0408355633257,398.388392245615,397.3108418230279,395.8227416760148,393.94399665634836,391.6993977612657,389.1180589181066,386.23276863041065,383.0792778653762,379.6955447788556,376.1209590848046,372.3955758608937,368.5593628290642,364.6514997773478,360.70974047401853,356.76982786408763,352.8650269386106,349.0257140711502,345.2790825192174,341.6489318199317,338.1555518986117,334.8156928739843,331.64261246896956,328.6461976748812,325.83313703894544,323.2071469525228,320.76924745973497,318.5180351385754,316.4499915453502,314.55981620046896,312.84071677754,311.2847034818861,309.88290020005894,308.62580037844066,307.5034783136694,306.50585456668995,305.6228361086618,304.84449393345346,304.1612030390715,303.56371572550324,303.04327663791906,302.59165164978856,302.2011813345196,301.8647960096821,301.5760162600695,301.3289582239558,301.1183036113962,300.9392796576373,300.7876335342193
0.0007837636992374948,399.4931486630141,399.2743466470687,398.6209001363635,397.5416876033449,396.051281078128,394.16960558575676,391.9214775002583,389.3360409281197,386.44611889044427,383.287500689318,379.8981860746258,376.31760902904483,372.5858709658946,368.7429874105173,364.8281868298252,360.8792719490903,356.93203442170375,353.0197871570829,349.172953189894,345.41877074040065,341.78108222504795,338.2802180295288,334.9329660109047,331.752618699481,328.749094748369,325.9291111031388,323.2964092186207,320.85203079892915,318.5945907174323,316.52058547144657,314.62472630834077,312.90022946560083,311.3391107728546,309.9324969169084,308.6708815818524,307.54433687919266,306.54277907612203,305.6561089077064,304.8743894715125,304.1879864630903,303.58764165239796,303.0645882404767,302.6105798966728,302.2179444823261,301.87959927415477,301.5890516710614,301.3404046481889,301.12832691215533,300.9480329744029,300.7952576937277
0.0007887636992374948,399.7252130776605,399.50607948918775,398.85164119259446,397.77078540984587,396.27809859719395,394.3935256463225,392.1419079243269,389.55241926350436,386.65791668819315,383.49422726965804,380.09939174496094,376.51288772811114,372.77486231101386,368.9253781562709,365.0037117447323,361.04771410485927,357.0932249645483,353.1736045459788,349.3193219746833,345.55765990490795,341.9125031501801,338.40422212459293,335.0496420448247,331.862089924433,328.85151580973667,326.02466483112204,323.3853033470102,320.9344946135513,318.67087174045395,316.5909461530443,314.6894408542072,312.9595807121308,311.39338728066093,309.9819901758379,308.7158834723621,307.5851372696373,306.57966372887705,305.68935754809866,304.9042741344578,304.2147700900349,303.61157686398457,303.08591641908123,302.62953042101304,302.2347342116388,301.8944322098977,301.6021188009644,301.3518839570639,301.1383835290432,300.95681943932306,300.8029143557003
0.0007937636992374948,399.9555167652145,399.7360553669065,399.08063652763815,397.99815608524204,396.50321470232416,394.6157768357024,392.3607084682116,389.7672127121456,386.8681800892417,383.6994748835207,380.29917822225457,376.7068107236951,372.9625645117829,369.10654873077084,365.17808722087716,361.21507866998195,357.253410256165,353.32648891769406,349.46482930892,345.6957579966551,342.0432017157169,338.52757048212754,335.16572649798576,331.97103093951534,328.9534649802311,326.1198017234564,323.47383227209446,321.0166413263242,318.74688017236974,316.6610751491102,314.7539610414804,313.0187714126837,311.4475336378032,310.0313803878968,308.7608062777774,307.6258795642448,306.61650848673065,305.72258190169003,304.9341477282844,304.24155368077083,303.63552109356044,303.107260894073,302.6485029420869,302.251550250106,301.90929456016335,301.6152174139364,301.3633959392726,301.148473277494,300.96563889560065,300.81060339117596
0.0007987636992374948,400.18408067488764,399.96429517562024,399.30790687619225,398.2238200988844,396.72664949653847,394.836378794615,392.5778982206182,389.9804397283869,387.07692683953564,383.90326050350706,380.4975616504992,376.89939328600127,373.14899192973314,369.2865125623104,365.3513257389126,361.38137717290584,357.41260087759656,353.4784499194227,349.6094839275382,345.8330728671276,342.17318492484327,338.65026929757494,335.28122480309855,332.0794464632141,329.0549463151714,326.21452522498987,323.5619988817253,321.0984733215517,318.8226179466302,316.7309739935285,314.8182880538002,313.0778024475319,311.5015504652384,310.080667955657,308.8056502198902,307.666563838174,306.653313308852,305.75578183881464,304.9640100582342,304.2683369959104,303.65947407446015,303.1286213859564,302.6674971793426,302.26839232546763,301.9241860681635,301.6283472739311,301.37494038312934,301.1585959723949,300.97449118573826,300.818324670362
0.0008037636992374948,400.410925382324,400.1908194382008,399.5334726035469,398.4477975558562,396.94842272567405,395.05535081552205,392.793495932626,390.1921184411268,387.28417437313124,384.105600805069,380.69455789225987,377.0906504203021,373.33415867852244,369.4652828487182,365.5234395665831,361.54662094668004,357.5708072317666,353.62949703712104,349.75329442056835,345.9696122385616,342.3024596663596,338.77232466597786,335.3961423055103,332.1873411386914,329.1559638055668,326.3088387262406,323.649806018376,321.1799929461056,318.89808696623095,316.80064419578423,314.8824230555974,313.13667468212725,311.555438372758,310.1298532735186,308.85041551472364,307.70719016270095,306.6900781519672,305.7889572284222,304.9938609289065,304.29511979590677,303.68343554013506,303.14999761546966,302.6865128524608,302.2852601656118,301.93910647711965,301.6415081447454,301.3865170766137,301.1687514281261,300.98337615157413,300.8260780626675
0.0008087636992374948,400.63607109864154,400.4156483140116,399.75735371452197,398.6701082057821,397.1685537870194,395.27271185103854,393.0075200258349,390.4022666616629,387.48993981970415,384.3065121736539,380.8901825354326,377.2805968732916,373.5180786298692,369.6428725628689,365.69444076381046,361.7108211336167,357.7280395477256,353.7796395993489,349.8962692365888,346.10538370702443,342.43103271741177,338.89374258438187,335.5104842653039,332.29471953560585,329.25652137968405,326.40274556473446,323.7372564802753,321.26120251037935,318.97328910450926,316.8700872416232,314.9463671926376,313.1953889675453,311.6091979593498,310.17893672800204,308.8951023727692,307.747758605412,306.72680297051505,305.822107938206,305.0237001443645,304.32190184114256,303.7074052242299,303.17138930365155,302.7055496814137,302.30215349862823,301.9540555303121,301.6546997900633,301.3981258074125,301.17893945859953,300.9922936343185,300.8338634367355
0.0008137636992374948,400.85953767919455,400.63880160764563,399.979569862129,398.8907714513661,397.3870617376798,395.4884805220841,393.21998860025985,390.6109018912945,387.69424001182733,384.50601071162964,381.08445089979335,377.46924713924153,373.7007654193059,369.81929445802416,365.86434118762054,361.87398868980796,357.88430788476353,353.92888678099126,350.0384166860699,346.24039474539927,342.55891074613584,339.0145289541622,335.6242558593295,332.40158615187363,329.3566229045621,326.496249026299,323.8243530225036,321.34210428921006,319.0482262059129,316.93930459368875,315.01012159254384,313.2539461409134,311.6628298135452,310.2279186980299,308.9397109992145,307.7882692303864,306.76348771679704,305.8552338347257,305.0535275082364,304.34868289201563,303.7313828606558,303.19279617190557,302.72460738652273,302.31907205285955,301.96903297112783,301.66792197350105,301.40976636296045,301.18915987729656,301.00124347458734,300.8416806604749
0.0008187636992374949,401.081344632068,400.86029877739395,400.2001403559681,399.1098063566674,397.6039653026889,395.7026751257853,393.4309194419852,390.81804132869206,387.89709149202474,384.70411224499645,381.27737804334674,377.65661546597005,373.8822324517536,369.9945610730091,366.0331524969193,362.03613438950373,358.0396221363978,354.0772476068651,350.1797449446145,346.3746527062763,342.68610031421997,339.13468958327695,335.73746218317314,332.5079454153746,329.45627218747956,326.5893523463159,323.91109835805383,321.42270052276916,319.12290008674313,317.0082976921368,315.0736873653024,313.31234702582316,311.7163345137547,310.276799555198,308.98424159416163,307.8287220983743,306.80013234111965,305.8883347835239,305.0833428238127,304.3754627090204,303.7553681836606,303.21421794206105,302.7436856885125,302.33601555695174,301.9840385431059,301.68117445864897,301.42143853048,301.19941249730385,301.01022551243693,300.849529601091
0.0008237636992374949,401.30151112631324,401.08015894345897,400.4190841703688,399.32723165512544,397.819282882871,395.91531364313613,393.64033003058523,391.02370187704327,388.0985105196117,384.9008323298956,381.4689787684815,377.8427158606272,374.06249290692887,370.1686847372319,366.2008861571234,362.1972688293564,358.1939920342378,354.22473095521536,350.32026205609935,346.5081648247561,342.81260787938754,339.25423018845163,335.85010825306307,332.6138016856043,329.55547297737553,326.68205871093255,323.99749515885657,321.5029934174243,319.19731253587275,317.0770679552294,315.13706560375056,313.370592432728,311.76971262858984,310.3255796640361,309.02869435283714,307.86911726696513,306.8367367919325,305.9214106492386,305.1131458941384,304.4022410528261,303.7793609278957,303.23565433643205,302.7627843085644,302.3529837399016,301.99907198998164,301.6944570091125,301.4331420970185,301.20969713135014,301.0192395873963,300.8574101251162
0.0008287636992374949,401.5200559999345,401.2984008959172,400.6364199522854,399.54306575734137,398.03303256246875,396.1264137464291,393.84823754632066,391.22790015098246,388.29851307732804,385.0961862589212,381.65926762794,378.0275620953077,374.24155974458614,370.3416775755511,366.36755344465104,362.3574024325364,358.347427151733,354.3713455611053,350.4599759357209,346.6409382211656,342.9384397978041,339.37315639729525,335.96219900771695,332.7191592552741,329.6542289662248,326.77437125823593,324.0835460567739,321.58298514657275,319.27146531544025,317.1456167799084,315.2002573840464,313.42868315932657,311.82296471717393,310.37425938225755,309.07306946579365,307.90945479075,306.8733010159591,305.95446129571,305.14293652210205,304.42901768435104,303.80336082848,303.2571050778735,302.781902968366,302.36997633110275,302.0141330557294,301.70776938855226,301.44487684948683,301.22001359184003,301.0282855384997,300.8653220984395
0.0008337636992374949,401.7369977676367,401.51504310244496,400.8521660289555,399.75732675862696,398.24523211653906,396.33599280646126,394.05465887711966,391.4306524833123,388.49711487777233,385.2901890672422,381.8482589306092,378.2111677124936,374.4194457096031,370.51355151299634,366.53316545127655,362.5165454527247,358.4999369078078,354.51710001970406,350.5988943729479,346.77297990369334,343.0636023264097,339.49147375035164,336.07373931013274,332.8240223518621,329.75254379037085,326.8662930793883,324.16925364455926,321.66267785144726,319.3453601615203,317.2139455423495,315.26326376612326,313.4866199909319,311.87609132944124,310.42283906100073,309.1173671191036,307.949734721478,306.9098249583229,305.9874865860834,305.17271451052017,304.4557923648341,303.82736762106117,303.2785698898354,302.8010413901602,302.3869930603903,302.0292214846036,301.7211113607218,301.4566425746943,301.2303616908881,301.03736320431796,300.873265386335
0.0008387636992374949,401.952354628341,401.73010371581245,401.0663404153295,399.970032446328,398.45589901813094,396.54406789952725,394.25961062535055,391.63197493152643,388.6943313696454,385.4828555385433,382.03596674713816,378.3935460303358,374.59616333691486,370.68431827934995,366.69773308835676,362.6747079779852,358.65153057038833,354.6620027894761,350.73702503438676,346.9042967709447,343.1881016251832,339.6091877030892,336.1847339493238,332.92839513911554,329.8504210318166,326.9578272197277,324.25462047678866,321.74207364189664,319.4189987847733,317.28205559849755,315.3260857941281,313.5444037008285,311.9290930064249,310.47131904506097,309.1615874945451,307.9899571082054,306.94630856266764,306.02048638290705,305.2024796622184,304.4825648559031,303.85138104187473,303.300048496414,302.8201992967913,302.4040336580828,302.04433702117814,301.7344826895055,301.4684390593839,301.2407412403518,301.04647242298915,300.8812398534908
0.0008437636992374949,402.1661444724795,401.94360058115706,401.2789608212813,400.18120030693126,398.66505044524956,396.7506558142048,394.46310911439446,391.8318832841369,388.8901777438073,385.6742002107884,382.2224049153909,378.5747101477786,374.77172495630134,370.8539894135911,366.8612670909305,362.8318999345232,358.80221725982324,354.8060621952751,350.8743754665603,347.0348956144199,343.3119437593356,339.7263036278297,336.29518764200225,333.03228171850844,329.9478642194758,327.0489766798341,324.3396490707608,321.8211745971405,319.4923828710723,317.34994828458406,315.38872449684493,313.6020350506157,311.98197028053454,310.5196996731131,309.2057307697809,308.03012199743864,306.982751771273,306.0534605482262,305.23223178010915,304.5093349196394,303.8754008277993,303.3215406224012,302.8393764117498,302.4210978550241,302.0594794103848,301.7478831389542,301.4802660902665,301.25115205186285,301.0556130322481,300.8892453640368
0.0008487636992374949,402.3783848890736,402.15555124304154,401.49004465860634,400.3908475329619,398.87270328761605,396.95577305793984,394.6651703950241,392.0303930668183,389.08466893915886,385.8642373818168,382.4075870457369,378.75467294953455,374.9461426970348,371.0225762682104,367.0237780216991,362.98813109033244,358.9520059522051,354.94928643134745,351.0109530986051,347.16478312091976,343.43513470144035,339.8428268156198,336.40510503421115,333.1356861306536,330.0448768303863,327.13974441656217,324.4243419073701,321.8999827665,319.5655140821109,317.4176249176275,315.4511808881034,313.6595147905399,312.0347236758237,310.5679812779268,309.2497971185299,308.0702294332722,307.0191545251651,306.0864089436726,305.26197066726485,304.53610231864025,303.8994267164107,303.3430459933323,302.858572459215,302.43818538262207,302.07464839755045,301.76131247331995,301.4921234540536,301.2615939368592,301.0647848694564,300.89728178157105
0.000853763699237495,402.58909317260714,402.36597295230774,401.6996090478149,400.5989910296806,399.0788741532303,397.1594358634417,394.8658102515976,392.22751954837054,389.2778196483486,386.0529811147739,382.5915265261897,378.93344711091345,375.1194284923912,371.1900900133978,367.18527627488953,363.1434110587355,359.10090548259313,355.0916835642464,351.14676524488857,347.29396587487923,343.5576803334993,339.9587624780466,336.5144907029078,333.23861235667266,330.1414622908852,327.230133344043,324.50870143195203,321.97850017010603,319.63839405598975,317.4850867959167,315.5134559671741,313.71684365981423,312.0873537082478,310.61616418657195,309.29378671073226,308.1102794575201,307.05551676422215,306.1193314305504,305.2916961269894,304.5628668160782,303.9234584460328,303.3645643355306,302.8777871640958,302.4552959728869,302.0898437284319,301.77477045708986,301.5040109374893,301.2720667066146,301.07398777162985,300.9053489691867
0.000858763699237495,402.79828632969935,402.5748826727298,401.90767082472905,400.8056474215853,399.28357937474226,397.36166019488957,395.0650442080714,392.42327774650937,389.46964432331697,386.24044524338643,382.77423652739463,379.1110451025115,375.2915940840309,371.35654164110986,367.34577208000564,363.2977493018227,359.24892454814335,355.2332615356627,351.2818191075503,347.42245036063326,343.67958644894816,340.07411574899993,336.6233491574999,333.3410643195254,330.23762397775033,327.320146334654,324.59273005510175,322.056728799584,319.7110244077862,317.55233519947905,315.57555071915004,313.7740223869278,312.1398608859124,310.6642487206186,309.3376997127079,308.15027210984294,307.091838427276,306.1522278699184,305.3214079628849,304.5896281757578,303.94749575578646,303.3860953761511,302.89702025207055,302.4724293584672,302.1050651492511,301.7882568550187,301.5159283273813,301.2825701722684,301.08322157546706,300.9134467894983
0.000863763699237495,403.0059810855854,402.7822970874761,402.11424654688915,401.0108330587259,399.4868350156409,397.5624617539637,395.2628875338405,392.6176824334906,389.6601571806792,386.42664337708413,382.95573000747356,379.28747919476575,375.4626510262532,371.52194196901917,367.5052755054708,363.45115513378886,359.39607171114784,355.3740281651717,351.41612177896945,347.5502429646171,343.8008587546034,340.18889168638214,336.73168484133646,333.4430458852989,330.3333652193054,327.4097862199604,324.6764301534687,322.13467061871864,319.78340673010433,317.61937139053276,315.63746611531553,313.83105168994416,312.19224570931317,310.7122351963278,309.3815362873088,308.1902074278685,307.12811945220926,306.18509812266825,305.3511059789166,304.61638616216965,303.97153838563617,303.40763884322143,302.9162714496239,302.4895852726853,302.12031240672735,301.8017714321601,301.52787541063105,301.29310414485394,301.09248611737604,300.92157510466643
0.000868763699237495,403.21219389041164,402.98823260538666,402.3193524997765,401.2145640228381,399.6886568762651,397.76185598570083,395.45935524941194,392.8107481415725,389.8493722069547,386.6115889059765,383.13601971673154,379.4627614623777,375.63261069012924,371.6863016443508,367.66379646216785,363.6036377241781,359.54235540198613,355.513991152903,351.54968024416155,347.67734997750176,343.9215028725532,340.30309527376915,336.8395021331552,333.5445608644587,330.42868929649364,327.4990557916277,324.7598040705254,322.2123275640964,319.855542593608,317.6861966139246,315.6992031135028,313.8879322767886,312.24450867156617,310.7601239248357,309.4252965940657,308.23008544730874,307.1643597760481,306.2179420495994,305.38078997947406,304.64314054054194,303.9955860764344,303.42919446568186,302.9355404840835,302.5067634495708,302.1355852481098,301.81531395389754,301.5398519742629,301.30366843532664,301.10178123350084,300.9297337764229
0.000873763699237495,403.41694092535135,403.1927053670715,402.52300470285945,401.41685613330293,399.88906049964373,397.9598580841848,395.6544621319161,393.00248916832425,390.0373031636479,386.79529500568674,383.31511820222914,379.6369037886121,375.80148426751754,371.8496311476102,367.82134470687663,363.75520610103354,359.68778392199414,355.6531580821333,351.6825013831058,347.80377759626987,344.0415243419931,340.41673142202245,336.94680534848743,333.64561301306406,330.5235994439196,327.5879578023077,324.84285411731446,322.2897015457295,319.9274335475369,317.7528120975537,315.76076265843636,313.94466484552737,312.2966502586313,310.80791521233107,309.4689807893284,308.2699062020712,307.20055933505125,306.2507595114909,305.4104597694301,304.6698910768896,304.0196385699644,303.4507619734227,302.95482708365444,302.52396362389294,302.1508834212078,301.8288841859733,301.5518578054524,301.3142628545913,301.1111067597474,300.93792266609506
0.000878763699237495,403.6202381085478,403.39573125083604,402.72521891546796,401.6177249529374,400.0880611771712,398.15648299807634,395.8482227204629,393.19291958178235,390.22396359218556,386.9777746420501,383.4930378122257,379.809917869473,375.96928277496556,372.01194079620524,367.9779298456153,363.90586915395915,359.8323654462505,355.79153642180574,351.81459197300666,347.9295319262306,344.16092862100965,340.5298049708557,337.05359874102265,333.74620603394675,330.6180988508589,327.67649496649653,324.9255825731718,322.36679444766,319.9990811202073,317.81921905278165,315.8221456820668,314.0012500846352,312.34867094952693,310.8556093602265,309.5125890264016,308.30966972436613,307.23671806479524,306.2835503691698,305.4401151541966,304.6966375380616,304.0436956089804,303.47234109732057,302.97413097745186,302.54118553119156,302.166206674421,301.8424818945174,301.563892691554,301.3248872135278,301.1204625318085,300.9461416346295
0.000883763699237495,403.82210110089045,403.59732587844104,402.92601064250425,401.817185793623,400.28567395412256,398.35174543598663,396.0406513213476,393.38205322546486,390.4093668187153,387.15904057568014,383.6697907004984,379.9818152177648,376.13601705750324,372.1732407479675,368.1335613368873,364.05563563709535,359.97610802628486,355.9291335289779,351.94595869049255,348.05461898297943,344.2797210883133,340.64232069035546,337.1598865039339,333.8463435778561,330.7121906622407,327.7646699613691,325.0079916864288,322.443608128546,320.07048681949556,317.8854186748291,315.88335310389255,314.05768867325565,312.40057121653695,310.9032066653221,309.55612145567454,308.3493760448092,307.2728359002559,306.31631448357643,305.4697559397779,304.7233796917852,304.06775693724626,303.4939315692727,302.9934518955334,302.558428907807,302.18155475676735,301.85610684607474,301.57595642012734,301.33554132301794,301.12984838518884,300.95439054261493
0.000888763699237495,404.0225453116294,403.7975046207008,403.1253951399924,402.01525372177673,400.48191363501576,398.5456598717016,396.2317620131111,393.5699037232434,390.5935259587709,387.3391053664078,383.8453888305409,380.15260716703784,376.30169779232915,372.33354100457416,368.28824849483914,364.2045141720117,360.1190195927109,356.0659566512021,352.0766081137515,348.1790446943015,344.39790704492265,340.75428328246005,337.26567277116476,333.94602924457126,330.8058779795994,327.85248542758785,325.0900836750938,322.52014442222895,320.14165213330864,317.95141214316084,315.9443858312722,314.113981281451,312.4523515254109,310.95070741996454,309.599578224746,308.38902519252025,307.3089127758866,306.34905171582716,305.4993819328219,304.75011730670906,304.09182229957264,303.51553312223007,303.01278956892884,302.57569349090875,302.19692741791084,301.86975880763225,301.58804877896347,301.3462249939692,301.1392641552281,300.9626692503054
0.0008937636992374951,404.22158590383447,403.99628260292707,403.3233874204755,402.21194356367033,400.6767947888248,398.73824054926206,396.4215686514606,393.756484484082,390.77645392180773,387.51798137759715,384.0198439796454,380.32230487542637,376.4663354923958,372.49285141487616,368.4420004923287,364.3525132505192,360.26110795778595,356.2020129288396,352.20654672460785,348.3028149020221,344.51549171580103,340.86569738239587,337.37096161868095,334.04526658398225,330.89916386200105,327.9399439700889,325.1718607275126,322.59640513828606,320.2125785300382,318.01720062185717,316.00524475972566,314.17012857044523,312.50401233555715,310.9981119121995,309.6429594785446,308.42861719521756,307.3449486256922,306.3817619272737,305.52899294066845,304.77685015244333,304.1158914418516,303.53714549022845,303.03214372966943,302.59297901852284,302.2123244081882,301.8834375466442,301.6001695561098,301.3569380373399,301.1487096771251,300.9709776176423
0.0008987636992374951,404.4192377997038,404.1936747102213,403.52000225826316,402.40726991060336,400.8703317540486,398.929501487902,396.61008487405354,393.94180870664485,390.95816341561397,387.6956807803433,384.1931677428723,380.49091932938063,376.6299405098959,372.6511816781351,368.5948263639112,364.4996412374057,360.4023808179005,356.33730939730975,352.3357809105423,348.425935363806,344.63248025144776,340.97656756007416,337.47575706568597,334.14405909713923,330.9920513269414,328.0270481588442,325.25332500300993,322.6723920625635,320.2832674590025,318.0827852599755,316.0659307732267,314.22613119285774,312.5555541002284,311.04542042591856,309.68626535944435,308.46815207930854,307.38094338330154,306.41444497956013,305.5585887713957,304.8035779995986,304.1399641110903,303.5587684084186,303.05151411081533,302.6102852295582,302.227745478634,301.8971428310573,301.6123185398941,301.3676802641626,301.1581847859605,300.9793155042757
0.0009037636992374951,404.6155156857267,404.3896955926238,403.71525419453525,402.60124712393383,401.0625386436424,399.11945648685344,396.79732410515214,394.12588938377723,391.13866695060074,387.87221555755445,384.3653715369123,380.6584613472964,376.7925230396535,372.8085413471703,368.74673500874155,364.6459063730956,360.5428457559994,356.47185298927894,352.4643169666552,348.54841175490776,344.74887772944567,341.0868983214483,337.5800630758028,334.2424102372728,331.0845433512196,328.11380052960294,325.3344786325133,322.748106957696,320.35372035087397,318.1481671918987,316.12644474448484,314.2819897929297,312.6069772667022,311.092633241001,309.7294960073755,308.50762986997677,307.41689698203487,306.4471007346773,305.58816923386394,304.8303006198226,304.1640400554427,303.5804016130947,303.07090044648265,302.62761186383204,302.24319038100555,301.9108744293348,301.6244955189489,301.3784514855671,301.1676893167187,300.98768276958634
0.0009087636992374951,404.810434017706,404.5843596701212,403.9091575423076,402.79388933997274,401.25342934981376,399.3081191300199,396.9832995601503,394.30873930686573,391.31797684397577,388.0475975079241,384.5364666038424,380.8249415830461,376.954093122423,372.96493983142176,368.89773519339985,364.79131677623866,360.68251024393624,356.60565053678897,352.592161097577,348.67024966987304,344.86468915596595,341.19669410983465,337.68388355822316,334.3403234107865,331.1766428717869,328.2002035846114,325.4153237191566,322.8235515636098,320.423938618094,318.2133475376745,316.18678753521937,314.33770500674314,312.6582822764539,311.1397506334502,309.77265155993143,308.54705059126536,307.4528093549697,306.4797290550146,305.6177341377579,304.85701778583507,304.18811902423954,303.60204484172147,303.0903024718681,302.64495866209404,302.2586588678062,301.92463211047965,301.6367002822334,301.38925151280284,301.1772231043098,300.9960792727057
0.0009137636992374951,405.0040070256447,404.77768113751904,404.10172639126165,402.9852104747455,401.44301754868906,399.4955027905233,397.16802424997803,394.4903710700801,391.496105223804,388.2218382497946,384.7064640147813,380.9903705294158,377.1146606480989,373.12038639992954,369.04783555463877,364.9358804462267,360.8213816447659,356.7387087733282,352.7193194193272,348.7914546241943,344.9799194672313,341.3059593071963,337.7872223688249,334.4378019782199,331.26835278657126,328.28625979331184,325.49586233886856,322.89872759801136,320.4939236552755,318.27832740334316,316.2469599964238,314.393277462432,312.7094695653242,311.186772875525,309.81573215247147,308.58641426615696,307.48868043500323,306.51232980340944,305.647283293626,304.883729271461,304.21220076801745,303.6236978329599,303.1097199232734,302.6623253660496,302.2741506923087,301.93841564405705,301.6489326190565,301.40008015726073,301.1867859835907,301.0045048725368
0.0009187636992374951,405.19624871850067,404.96967396918296,404.2929746124461,403.1752242286255,401.63131670485484,399.681620635129,397.3515109853885,394.6707970745013,391.67306403296016,388.3949492249186,384.8753746734464,381.15475852144823,377.2742353588398,373.2748901842342,369.19704460205895,365.0796052656452,360.9594672149741,356.87103433584707,352.8457979611221,348.91203205592166,345.09457353094103,341.41469823539205,337.8900833112587,334.53484925518734,331.3596759552797,328.3719715930226,325.5760965409421,322.9736367568619,320.5636768395933,318.3431078812555,316.3069629686223,314.44870778038756,312.76053956368105,311.2337002358667,309.85873791821916,308.62572091665015,307.524510154912,306.544902843194,305.67681651291923,304.9104348516622,304.236285038546,303.6453603266923,303.1291525381287,302.6797117183819,302.28966560857623,301.95222480021596,301.6611923190976,301.4109372304941,301.1963777893859,301.01295942777386
0.0009237636992374951,405.3871728888149,405.16035192365354,404.48291586285114,403.36394409084403,401.81834007577817,399.8664856285521,397.5337723811295,394.85002953213893,391.84886503297446,388.56694170211904,385.0432093196162,381.31811573969765,377.43282685210903,373.42846018119883,369.3453707207116,365.22249900265837,361.09677410664824,357.0026337667194,352.9716026671354,349.0319873272308,345.20865614765563,341.5229151573918,337.99247013800516,334.6314685132892,331.4506152001778,328.45734138959824,325.65602834859016,323.04828071483803,320.6331995311628,318.4076900503815,316.3667972821185,314.50399657345525,312.81149269657556,311.28053297962083,309.90166898835747,308.6649705638335,307.56029844740897,306.5774480382408,305.7063336080262,304.9371343025673,304.2603715888535,303.66703206404526,303.14860005501396,302.6971174627738,302.30520337148414,301.9660593497102,301.67347917242785,301.42182254423966,301.2059983565073,301.0214427969217
0.0009287636992374951,405.5767931172159,405.34972854813805,404.6715635898624,403.55138334388005,402.0041007161078,400.0501105376501,397.71482086000475,395.02808046984273,392.02351980777723,388.7378267808525,385.2099785325002,381.48045221339856,377.59044458363496,373.5811052557572,369.49282217363316,365.36456931333043,361.23330936959013,357.13351351565206,353.0967393982114,349.15132572594877,345.3221720521466,341.6306142784598,338.09438655140406,334.7276629809992,331.5411733068479,328.5423715580723,325.73565975948327,323.1226611257788,320.7024930734084,318.47207497660924,316.4264637572354,314.5591444471272,312.86232938389287,311.32727136855516,309.94452549211996,308.70416322795523,307.5960452451986,306.6099652530048,305.7358343923082,304.96382740149977,304.28446017325183,303.68871278741193,303.1680622136803,302.7145423439273,302.3207637367399,301.97991906391866,301.6857929695304,301.4327359104373,301.2156475197742,301.0299548383148
0.0009337636992374952,405.76512277680575,405.5378171828837,404.85893103559624,403.7375550677342,402.18861148186414,400.23250793550426,397.8946686568281,395.2049617331104,392.197039767345,388.90761539467894,385.3756927340217,381.64177782355085,377.74709787029275,373.73283414358934,369.6394071043128,365.50582374388716,361.3690799533731,357.263679941544,353.2212139335328,349.2700524670395,345.4351259147083,341.7377997473045,338.19583620465437,334.8234358445277,331.63135302492645,328.62706444328126,325.81499274627373,323.19677962312085,320.7715587934197,318.536263713035,316.4859632045489,314.6141519997268,312.9130500404981,311.37391566117304,309.98730755687836,308.7432989284918,307.63175048102806,306.64245435256464,305.7653186801313,304.99051392700534,304.30855054735935,303.7104022404732,303.18753875506985,302.7319861075839,302.3363464609024,301.99380371486467,301.69813350131966,301.4436771412498,301.22532511403233,301.03849541013585
0.0009387636992374952,405.95217503743055,405.724630965436,405.04503124112193,403.9224721440904,402.37188503451773,400.41369020539435,398.07332782227377,395.3806849897961,392.36943615125017,389.0763183146395,385.54036219201225,381.80210230592417,377.9027958929116,373.8836554537271,369.7851335390958,365.64626973291723,361.5040927093462,357.3931393142968,353.3450319722448,349.38817269404973,345.54752234243693,341.84447565720075,338.2968227027894,334.91879024866097,331.7211570688224,328.7114223604723,325.89402925710436,323.2706378203203,320.84039800229834,318.6002573002446,316.5452964251135,314.6690198225882,312.96365507637654,311.4204661128225,310.0300153082271,308.7823776842117,307.66741408773817,306.67491520266105,305.7947862868973,305.0171936588771,304.33264246812314,303.7321001682178,303.2070294213348,302.7494485005429,302.3519513014011,302.0077130752351,301.7105005591604,301.45464604908113,301.2350309741724,301.04706437043404
0.0009437636992374952,406.13796286983955,405.9101828347859,405.2298770505735,404.1061472603692,402.55393384496136,400.5936695446692,398.2508102266262,395.5552617337213,392.54072003211866,389.2439461525479,385.70399702332554,381.96143525398384,378.05754769900835,374.0335776710915,369.9300093895238,365.78591461351647,361.6383543925849,357.52189781657773,353.4681991350373,349.5056914805183,345.6593658804747,341.9506460470796,338.39734960362534,335.0137292975797,331.8105881184145,328.7954475958935,325.97277121610364,323.34423731126327,320.9090119954951,318.6640567665865,316.6044642106815,314.7237485002297,313.01414489676995,311.46692297580233,310.0726488700642,308.82139951323796,307.70303599831,306.70734766973385,305.82423702907306,305.0438663781799,304.35673569384005,303.7538063169611,303.22653395585564,302.7669292706792,302.3675780165531,302.02164691839823,301.722893934886,301.4656424465956,301.2447649351485,301.0556615771426
0.0009487636992374952,406.32249904973617,406.0944855354094,405.4134811151541,404.28859291367553,402.7347701973798,400.7724579685173,398.42712756343275,395.7287032881936,392.71090231899825,389.4105093641955,385.8666071968685,382.1197861217417,378.2113622054504,374.1826091589661,370.0740424546153,365.92476561537757,361.7718716637921,357.64996154553734,353.5907209656854,349.6226138313477,345.7706610132221,342.0563149025911,338.4974204186842,335.1082560556537,331.8996488197314,328.8791424073693,326.05122052386685,323.4175796706647,320.9774020531362,318.7276631284364,316.66346734391465,314.7783386105219,313.0645199023081,311.51328649946305,310.1152083646693,308.8603644331077,307.73861614591107,306.73975162095707,305.85367072421803,305.0705318672727,304.38082998417576,303.7755204343633,303.24605210325797,302.7844281669604,302.3832263655818,302.03560501842145,301.7353134208167,301.4766661467355,301.2545268319958,301.0642868880963
0.0009537636992374952,406.5057961617246,406.27755162120263,405.595855897038,404.4698214146445,402.91440619301886,400.9500673136399,398.6022913530623,395.90102080943336,392.8799937606402,389.5760182524742,386.02820253655625,382.2771642265333,378.36424820105117,374.33075816140456,370.21724042308665,366.06282986682436,361.9046510911503,357.77733651448307,353.71260293255096,349.7389446841403,345.88141216551884,342.16148615713973,338.5970386140939,335.20237354821785,331.988341785613,328.9625090248591,326.1293790579241,323.49066645445583,321.04556944034084,318.7910773904551,316.72230659859014,314.8327907248501,313.1147804891352,311.5595569303052,310.15769391277854,308.8992724608289,307.774154463938,306.7721269242721,305.8830871910108,305.0971899098303,304.4049251001839,303.7972422694459,303.26558360942886,302.8019449394632,302.39889610863145,302.04958715008826,301.7477588097761,301.4877169627382,301.2643164998477,301.0729401610485
0.0009587636992374952,406.687866603155,406.4593934593162,405.77701367317184,404.6498448911895,403.0928537538589,401.12650924183043,398.7763129461731,396.0722252899135,393.0480049486963,389.7404829704198,386.1887927241901,382.4335787517243,378.5162143490977,374.4780328055783,370.359610875518,366.2001143967965,362.0366991521264,357.9040286545096,353.8338504300446,349.8546889105016,345.9916237037941,342.2661636928917,338.69620761146354,335.29608476232545,332.07666959635424,329.04554965100215,326.2072486731962,323.5634992001617,321.1135154075305,318.8543005458371,316.7809827398004,314.8871054082716,313.16492704903294,311.60573451207387,310.20010563365673,308.93812361293493,307.8096508860583,306.8044734484194,305.9124862492736,305.123840290864,304.4290208043233,303.8189715726084,303.28512822153283,302.8194793393886,302.4145870067849,302.06359308891405,301.7602298951084,301.49879470815347,301.2741337739531,301.0816212536875
0.0009637636992374952,406.8687225878705,406.6400232338914,405.95696653897915,404.8286752921531,403.2701246261936,401.3017952434617,398.94920352709096,396.2423275616143,393.21494632083517,389.90391352417726,386.34838730226346,382.58903874934833,378.66726918981556,374.6244411040648,370.50116128646187,366.3366261367812,362.16802223523007,358.03004381608844,353.95446878005157,349.96985131730787,346.1012999371878,342.3703513417579,338.79493078873736,335.38939264748427,332.1646348003321,329.1282664616469,326.2848312024371,323.63607942726725,321.18124119072786,318.9173335765539,316.83949652414583,314.9412832196685,313.2149599695391,311.6518194858496,310.2424436451666,308.9769179055372,307.8451053462498,306.83679106296876,305.941867719996,305.1504827967399,304.45311686047455,303.84070809564287,303.304685688026,302.83703111907676,302.4302988220776,302.0776226111625,301.7727264706943,301.50989919685946,301.28397848969223,301.0903300236527
0.0009687636992374953,407.0483761498593,406.81945294970217,406.13572641197106,405.0063243908667,403.44623038411834,401.4759366408861,399.12097411710363,396.4113382991953,393.38082816377937,390.0663197758917,386.506995676696,382.74355314267723,378.8174211427706,374.7699909570765,370.6418990265012,366.47237192269876,362.29862664172913,358.1553877706167,354.0744632333215,350.08443664794436,346.2104451186427,342.47405288635036,338.8932114810259,335.4823001163717,332.25223991461706,329.2106616063672,326.3621284566655,323.7084086375744,321.24874801184916,318.98017745358896,316.8978486999235,314.995324711895,313.26487963406186,311.6978120901368,310.2847080638351,309.0156553543748,307.88051777883794,306.86907963834744,305.9712314253566,305.17711721519754,304.47721303395554,303.8624515917485,303.32425575867,302.85460003202127,302.4460313175125,302.09167549386,301.78524833096645,301.5210302430789,301.2938504825935,301.0990663285511
0.0009737636992374953,407.2268391468147,406.9976944357046,406.31330503526533,405.1828037886205,403.6211824329314,401.64894459174894,399.2916355776709,396.57926802308754,393.54566061626645,390.22771144652654,386.6646271195002,382.89713072872803,378.96667850921085,374.91469015463576,370.7818313642536,366.60735849673847,362.42851858732024,358.28006621192725,354.1938389708223,350.19844958351007,346.31906344596973,342.57727206091556,338.99105298141683,335.57481004553256,332.3394874255668,329.29273720896407,326.43914222558493,323.7804883155483,321.31603707898694,319.04283313716627,316.95604000730793,315.0492304319207,313.31468642199115,311.74371256094764,310.326899004918,309.05433597486257,307.9158881185317,306.9013390458672,306.0005771887446,305.20374333536637,304.50130909153575,303.8842018155451,303.3438381845457,302.8721858328825,302.461784257074,302.1057515148108,301.79779527092495,301.5321876613947,301.3037495883482,301.1078300259719
0.0009787636992374953,407.4041232636057,407.1747593484978,406.489713981018,405.35812491804484,403.79499201244846,401.8208300922193,399.4611986135546,396.7461271025088,393.7094536719357,390.38809811861074,386.8212907713799,383.04978018070733,379.11504947435,375.0585463786942,370.92096546832676,366.7415925091508,362.5577042037595,358.40408475776155,354.31260110506116,350.31189474399355,346.4271590628857,342.68001255224385,339.0884585417637,335.66692527605886,332.42637978940644,329.37449536795583,326.51587427799177,323.8523199286555,321.3831095866858,319.1053015769726,317.01407117852875,315.10300092096907,313.3643807088053,311.78952113188456,310.3690165824607,309.092959782137,307.951216300458,306.9335691577502,306.0299048347788,305.23036094778183,304.5254048014503,303.90595852308536,303.36343271806464,302.8897882775,302.47755740574115,302.1198504526104,301.8103670861515,301.54337126676455,301.3136756428265,301.1166209735021
0.0009837636992374953,407.58024001566065,407.35065917569784,406.6649646537683,405.5322990464089,403.96767020023594,401.9916039801404,399.6296737758713,396.9119257584032,393.87221718214295,390.54748923891856,386.9769956442654,383.20151005039315,379.2625421095941,375.20156720520026,371.0593084092255,366.87508051999384,362.6861895404511,358.5274489512052,354.4307546813723,350.42477668942,346.5347360600259,342.7822780005558,339.1854313734566,335.75864861425214,332.5129194327931,329.4559381570537,326.5923263621732,323.9239049276919,321.44996671621004,319.16758371237285,317.07194293804173,315.15663671465154,313.4139628661751,311.83523803421843,310.41106090935796,309.13152679110027,307.9865022601937,306.9657698471524,306.05921418932627,305.25696984440003,304.5494999334123,303.9277214718669,303.3830391129816,302.90740712290494,302.49335052950056,302.1339720866597,301.82296357282405,301.5545808745361,301.3236284820918,301.1254390287415
0.0009887636992374953,407.7552007522677,407.52540523922903,406.8390682937021,405.70533727883736,404.1392279147629,402.1612769381021,399.79707146506865,397.07667406630856,394.03396085870634,390.70589412108234,387.1317506237857,383.352328770461,379.4091643747133,375.34376010611516,371.1968671612111,367.00782900083715,362.81398056599824,358.6501642620891,354.54830467917327,350.53709992096753,346.6417984759312,342.8840720003666,339.28197464817265,335.8499828322696,332.59910875336624,329.53706762562643,326.6685002062951,323.9952447471028,321.51660963580485,319.2296804726203,317.12965600269496,315.2101383430979,313.46343326206346,311.8808634969653,310.4530320974104,309.1700370164622,308.0217459337965,306.99794098818757,306.0885050795199,305.2835698186117,304.57359425862467,303.94949042084335,303.4026571244051,302.92504212733144,302.5091633953585,302.1481161971773,301.83558452772974,301.5658163004604,301.3336079424154,301.13428404931636
0.0009937636992374953,407.9290166597932,407.6990086985328,407.01203597983323,405.87725056144654,404.3096759184765,402.32985949643665,399.9634019338288,397.24038195915284,394.19469427658385,390.8633219481418,387.2855644716801,383.5022446567497,379.55492411996084,375.48513245138054,371.3336486041156,367.13984433642423,362.9410831697154,358.77223608835504,354.66525601318983,350.64886888205945,346.7483502980109,342.98539810132957,339.3780914986073,335.94093066875297,332.68495012028404,329.6178857991529,326.7443975187789,324.0663408052937,321.583039500949,319.29159277706,317.1872110818909,315.26350633108217,313.5127922608231,311.92639774695897,310.4949302573795,309.20849047278006,308.0569472578352,307.0300824559479,306.1177773337744,305.3101606652549,304.59768754979166,303.9712651304344,303.422286508808,302.9426930502275,302.5249957713525,302.1622825652123,301.84822974827887,301.5770773607064,301.3436138602905,301.1431558928946
0.0009987636992374953,408.10169876482155,407.8714805536988,407.183878633108,406.0480496844053,404.47902482080093,402.4973620361427,400.1286752899001,397.40305922998255,394.3544268764859,391.01978177502997,387.43844582815007,383.65126591047505,379.6998290881394,375.62569151083653,371.4696595251121,367.2711328262935,363.0675031631033,358.89366975738915,354.78161353465197,350.7600879594267,346.85439546348175,343.0862598090585,339.4737850191894,336.0314948294433,332.7704458747462,329.6983946796624,326.8200199886696,324.137194504934,321.6492574546023,319.35332153532676,317.2446088777424,315.316741198145,313.5620402232897,311.9718410089223,310.5367554990395,309.2468871744977,308.09210616941635,307.06219412652473,306.1470307818017,305.3367421806272,304.6217795811288,303.99304536253595,303.4419270240371,302.96035965226514,302.5408474265623,302.17647097265626,301.8608990325169,301.5883638718737,301.3536460724457,301.1520544171983
0.0010037636992374953,408.2732579372179,408.04283164851915,407.3546070194333,406.2177452849199,404.6472850810642,402.66379479173656,400.2929014988617,397.5647155346241,394.51316796742424,391.17528253100016,387.59040321415563,383.7994006203867,379.8438869166184,375.76544445609494,371.6049066204414,367.40170068636144,363.1932462812895,359.01447052732243,354.8973820324592,350.87076148414684,346.95993786028487,343.18666058592953,339.569058266776,336.1216779877792,332.85559833050405,329.7785962461649,326.89536928599387,324.2078072332512,321.71526462744464,319.41486764753813,317.3018500852258,315.369843458712,313.6111775068729,312.0171935055352,310.57850793122856,309.2852271359818,308.1272226062115,307.09427587702777,306.1762652546249,305.36331416249686,304.6458701283722,304.01483088052834,303.46157842932223,302.9780416953503,302.556718131121,302.19068120225444,301.87359217913746,301.5996756510059,301.3637044158588,301.1609794800186
0.0010087636992374954,408.4437048931173,408.21307267346816,407.52423175263135,406.3863478501471,404.81446701135286,402.8291678540353,400.45609038681835,397.72536039428155,394.6709267291992,391.3298330219932,387.7414450336548,383.9466567648757,379.9871051393021,375.9043983623666,371.73939649709826,367.5315540504663,363.31831818443266,359.1346435883003,355.0125662343203,350.98089373265617,347.06498132797907,343.28660385186436,339.6639142613326,336.21148278548094,332.9404097743577,329.85849245506984,326.9704470621088,324.27818036231895,321.78106213811054,319.4762320044812,317.35893539232814,315.4228136222089,313.6602044656437,312.06245545750045,310.62018766189664,309.3235103715574,308.1622965064824,307.1263275856032,306.20548058459207,305.389876410113,304.669958968788,304.0366214492851,303.4812404852849,302.995738942632,302.57260765622414,302.20491303761713,301.8863089874935,301.61101251560285,301.37378872776947,301.16993093922764
0.0010137636992374954,408.4897169481959,408.25920116387164,407.57070671505403,406.43338863915494,404.8622759058816,402.8779239347205,400.5059442296276,397.7764295357144,394.7232922879942,391.3835371970201,387.79648986484335,384.0030042306977,380.04467773469065,375.96308147815563,371.7990414753139,367.59198153120167,363.37932313550874,359.1959997931186,355.0740318785937,351.0422167920851,347.1259048766487,343.3468718486624,339.7232757920756,336.2696976219147,332.99725144537274,329.9137520749652,327.02393690597125,324.3297349313202,321.83054049238723,319.52351845094404,317.4039398142463,315.4654708068051,313.70047446344927,312.10032100012137,310.65565343656345,309.35660137697005,308.1930555140167,307.1548133047405,306.23176537400127,305.41404419461605,304.69210284262584,304.0568416920919,303.4996426718228,303.01243202308365,302.5877023120483,302.21852037492715,301.8985390605487,301.62197334549313,301.3835854008098,301.1786648708212
0.0010187636992374954,408.3628336496992,408.1328817068943,407.4460695955141,406.3115208332312,404.74421335491724,402.7646330555808,400.39830549551993,397.675223206401,394.62918701735725,391.2970812390947,387.71810547527696,383.932985458598,379.98319028666293,375.91016654510713,371.7546218407114,367.55586910267397,363.35123009365424,359.17554964319567,355.06077277540766,351.0356350740819,347.12543880652794,343.3519261168232,339.73323385142066,336.28393569533506,333.0151487248835,329.93470162147105,327.04735572804617,324.35506995548894,321.8572758610324,319.5511798500536,317.43209776819083,315.4937419587213,313.72852397222346,312.1278601007107,310.682439297379,309.38243532934325,308.2177795730064,307.1783075169409,306.253944289445,305.43485337155295,304.7115149100693,304.0748527700389,303.51626895329093,303.02770623468894,302.6016705555352,302.23123949130445,301.91007369792777,301.63239383248737,301.39296573822514,301.1870809900355
0.0010237636992374954,408.1460529193022,407.91689567008757,407.23245477219785,406.10181176159983,404.5398761265115,402.567040523915,400.2087151291963,397.49475787787935,394.4588194093052,391.13762190499074,387.5701949666934,383.7970907378715,379.8596045513015,375.7990134709611,371.6558631842133,367.4693146740325,363.2765515829991,359.11229537388084,355.0083847235449,350.99346661333226,347.092772894293,343.3279938138118,339.71723146606934,336.27504228040993,333.012540808558,329.9375674586437,327.0549081311413,324.36655576995685,321.87198520065687,319.56845249255235,317.4513280026853,315.5143812240907,313.75008346596826,312.14990961006544,310.7046067179099,309.4044047310822,308.23928771742317,307.19914054856093,306.2739336815863,305.4538715849779,304.7294708919915,304.0916874690532,303.531951057279,303.04222789955725,302.61504346120046,302.24349140324335,301.92124493767756,301.64253448406964,301.4021330570155,301.1953371559402
0.0010287636992374954,407.86265839867013,407.63446577540736,406.95290315847643,405.8270024311123,404.2715918991233,402.3069536186813,399.95836081725963,397.2555116386968,394.2318782837581,390.9239902086838,387.37067476423954,383.6122772746054,379.6898859369018,375.64457530078397,371.5166972023524,367.34523047481025,363.1671924478391,359.01715561473225,354.9268294801101,350.9247526386449,347.03606992209416,343.28240616263616,339.6818184735888,336.24883862465043,332.9945742877386,329.9268757880724,327.05055399579487,324.36763858273713,321.877651960444,319.5779056825672,317.4638315868913,315.529264235563,313.76674302395986,312.16781037633405,310.72328039515975,309.4234480657529,308.2583589062878,307.21795554930776,306.2922617455097,305.47153037397493,304.74632148727545,304.107629274975,303.54691693802783,303.05617934585575,302.62796607790136,302.25539090534943,301.9321431483082,301.65246606020594,301.4111424707221,301.2034760672811
0.0010337636992374954,407.52574346685526,407.29865104479313,406.62037126095765,405.49988024445827,403.9519150245312,401.9966332824488,399.65915418787773,396.9689960951822,393.9594303452101,390.6667693749716,387.12961267288216,383.38807235368165,379.4830029459892,375.4552502558605,371.34494686166676,367.1908653873466,363.02983438242296,358.89625692654124,354.82169510960745,350.8345632919651,346.9599059388212,343.2192715867465,339.6306640537564,336.20858442223005,332.96412982832385,329.9051589009157,327.0365076713359,324.3602445040069,321.87594269611975,319.5809737905554,317.47083654022583,315.5394367718977,313.77938854918057,312.1823088787119,310.7390859826942,309.4400869458959,308.2754256966736,307.2351093157379,306.30922121272437,305.48806863393327,304.76226061160105,304.12283474656704,303.56129231816067,303.0696609903638,302.64051817506447,302.26700102670975,301.94281786267163,301.662227276695,301.4200240773633,301.2115209963536
0.0010387636992374954,407.14415560838853,406.9182756968596,406.2436138826249,405.1290855058902,403.58932801329803,401.644363372087,399.3191426055141,396.64298780656657,393.6489509853236,390.3731075407287,386.85380798791203,383.13090947398075,379.2450109649647,375.2367078735309,371.1458925330563,367.0111114610121,362.86898583202475,358.75373236323463,354.69675058409445,350.726317433227,346.86736586698237,343.1413590172757,339.56624039313465,336.15647527399307,332.9231470826103,329.87412126780976,327.01425904409786,324.3456689451083,321.8679777544238,319.57862061234766,317.47316757686275,315.5456007706493,313.78861430768956,312.1939055339117,310.7524426104565,309.45467054125305,308.2907774114079,307.2508402902294,306.3250075303691,305.5036457058752,304.77741746427375,304.1374080720315,303.57516075898434,303.08273948413995,302.65275262242005,302.2783634758963,301.9533018028824,301.6718436635453,301.428797685895,301.21948722850647
0.0010437636992374954,406.72444873148476,406.4998763787183,405.8291161723678,404.721018424106,403.19011401805193,401.25627967706134,398.9442864337669,396.28324626706035,393.3059763192431,390.0482981074557,386.5482954041929,382.84555206779845,378.9803930524256,374.9931451248458,370.92344266467796,366.8095892742104,362.687983029088,358.5926399281724,354.5547840892558,350.6025438128071,346.760731038901,343.0507156942756,339.4903749305178,336.09413377799797,332.8730591239703,329.8350218477841,326.98490823641765,324.32486810845916,321.85458381246985,319.57155702652324,317.47143272662737,315.54827349939274,313.79485799482256,312.20296870674247,310.76365861817806,309.46745555197356,308.3046265976877,307.26532350199165,306.33976404279554,305.518378342363,304.7918866145097,304.15142542762993,303.5885832804872,303.09546343344124,302.66470792003923,302.2895085771448,301.9636187186054,301.6813337159262,301.4374776180838,301.22738579122745
0.0010487636992374955,406.27175544066534,406.0485721631548,405.38195683158796,404.2806911155835,402.75919339625653,400.83718704069685,398.5392530075754,395.89428136416586,392.9348411496326,389.69648564619825,386.21701673521716,382.5357293598529,378.6926587149867,374.7278473318892,370.6806564973045,366.58913251094475,362.4894368742799,358.41537254444114,354.39797717365286,350.4652207515844,346.64178597566877,342.9489427903126,339.40449669798784,336.0228285558125,332.81498617258546,329.78884454201756,326.9493148061537,324.29858890210755,321.8364064113186,319.5603379654514,317.46610646159615,315.5478584417621,313.7984608720969,312.2097854610002,310.772974161395,309.4786417921292,308.31713859058056,307.278695001285,306.3536020809367,305.53235713958406,304.80574137198766,304.16494580024005,303.6016070762024,303.1078703808325,302.67641376119076,302.3004596803994,301.97378686499235,301.6907116226839,301.44607483798274,301.2352251074228
0.0010537636992374955,405.79024759167396,405.5685239005203,404.9062638764192,403.8121774444326,402.3005653876097,400.39099076027134,398.1078357965217,395.4797585269893,392.53906852508226,389.3210385111788,385.8631754589337,382.2044719614233,378.3846599047408,374.44348416027617,370.42001987201513,366.35204361887713,362.27546868092685,358.2238743025167,354.2281020773758,350.3159552667221,346.51198014068854,342.8373407155553,339.3097661689363,335.94358968395755,332.7498376757855,329.73638799607994,326.90817633695127,324.2674373590188,321.8139692102714,319.5454134650912,317.45757344860607,315.54468259977943,313.7996994059804,312.2145882542727,310.78058361722333,309.4883908981602,308.3284470528089,307.29106470004393,306.36661151720165,305.54565516857895,304.81904080821903,304.1780166693109,303.61427008743783,303.1199904684764,302.68789395071144,302.3112354742876,301.9838208263028,301.6999886966411,301.45459806791655,301.24301186161705
0.0010587636992374955,405.28340719534475,405.0632044140008,404.40548271881073,403.3188776155228,401.81756789986565,399.9209503201028,397.65320093138956,395.04273699933185,392.1215988326035,388.92476795435437,385.48944519371196,381.8543091879094,378.05877679949987,374.1422836225937,370.14360735198323,366.1002440712833,362.0478487171968,358.019767529355,354.046637669372,350.15608829994517,346.37252294906824,342.7169944530063,339.20715150371984,335.8572764630698,332.6783722285815,329.6783183040358,326.86207455362256,324.2319187767188,321.7877087429161,319.5271586026321,317.44615420217445,315.53901836039176,313.7988038103807,312.21757057948406,310.7866487099076,309.496837285983,308.33866307395886,307.3025238888634,306.3788669429524,305.55833302562985,304.83183386396377,304.1906773299416,303.6266036778451,303.13184857954315,302.6991681105603,302.32185133752876,301.99373258112735,301.70917420986245,301.46305444002945,301.2507515055411
0.0010637636992374955,404.754198416545,404.53557004803974,403.8825463708414,402.80368616139987,401.31304243960824,399.42984047449033,397.1780437059243,394.5858210949139,391.6849352172153,388.51006720287023,385.0981020141454,381.4873942830378,377.71703569514375,373.82614248729647,369.85318508195655,365.83536969172576,361.8080840857109,357.80443338051657,353.8548429697707,349.9867614394222,346.2244440012774,342.58882765068677,339.0974768724378,335.76462036125196,332.60123553694444,329.615202393681,326.81150452830747,324.1924631339671,321.75799642052596,319.5058924456048,317.4321213181946,315.5310973301561,313.79596977566536,312.2188968567416,310.79130680969024,309.5040950772426,308.3478809209929,307.3131499864779,306.3904315707349,305.5704420217643,304.84416194259524,304.20296099052996,303.63863432129983,303.1434656892992,302.71025275565853,302.33232019117673,302.0035321739913,301.71827592014836,301.47144990687735,301.2584485766681
0.0010687636992374955,404.2051832059032,403.98817599676056,403.33998986827305,402.2691048731374,400.7894449857862,398.92005953104575,396.68469377638576,394.1112618654083,391.2312413221015,388.07900493065716,384.6911133720074,381.10558856742796,377.3611882204915,373.4967004582881,369.55027988862713,365.5588346855555,361.5574777470915,357.57906596234153,353.6538065177018,349.80896171498256,346.0686335163546,342.4536389265709,338.9814548823481,335.6662538266569,332.51898588452605,329.54753041810244,326.75689426539105,324.14944213121413,321.72515328115026,319.4818907510388,317.41571035100515,315.5211196029229,313.7913663240508,312.2187090568255,310.79467648841796,309.5102627349737,308.35618188611824,307.3230097170713,306.4013598441928,305.58202631547755,304.85606064379607,304.21489617475066,303.650384729744,303.1548597676941,302.72116201243546,302.34265306769504,302.01322816370504,301.727300422433,301.47978951540745,301.26610691071835
0.0010737636992374955,403.6386025796823,403.42325737033525,402.7800306999678,401.7173221790643,400.24892392035974,398.39370545820793,396.1751890985897,393.6210285519713,390.76240997580356,387.63339094167975,384.27020057724485,380.7105205615152,376.99276698892584,373.15539228407084,369.2362278167348,365.2718766106216,361.2971699685104,357.3447103337137,353.4444810300971,349.6235530422034,345.90587070979126,342.3121273450213,338.859709329546,335.56273049943275,332.4321119942783,329.475731457553,326.6986184326005,324.1031811353969,321.68946032613934,319.45539486349014,317.3971274330953,315.5092602507191,313.78514131012406,312.2171313380688,310.79686140795764,309.5154263073977,308.36363697871104,307.33216133257156,306.41169926309317,305.59312440372753,304.86756097531213,304.22650770123215,303.6618746411217,303.16604640978585,302.731908120596,302.35285950825886,302.0228279363147,301.73625339400854,301.488077598115,301.2737297898927
0.0010787636992374955,403.0564358334734,402.84278825291125,402.2046274011177,401.15027097148504,399.6933767986188,397.852631325582,395.65132978493057,393.11686062920546,390.2801132198373,387.17482400655774,383.8368842991054,380.30362903771,376.6131261192204,372.803485695561,368.9122094618287,364.97558911083115,361.0281684898554,357.10229016008975,353.22770861956786,349.43129909792424,345.73684443523734,342.1649109450416,338.7327917428111,335.4545399062322,332.34104601186453,329.4001849308215,326.6370083381631,324.05396785741567,321.65116602772395,319.4266181764589,317.37655480706064,315.4956740351442,313.7774254124944,312.2142734105206,310.7979531406937,309.5196617803006,308.3703088770314,307.3406562235043,306.4214917059107,305.6037702022011,304.87869023070056,304.23781739303854,303.67312138987506,303.17703929209335,302.74250179626364,302.36294785023154,302.03233793149604,301.74513977188843,301.49631791127365,301.2813200500439
0.0010837636992374956,402.4604449660081,402.2485260093915,401.6155235108863,400.5696719884475,399.1244929373041,397.29848689290907,395.1147185039105,392.60030684272306,389.78583983164754,386.7047277398177,383.3925186892626,379.886195304306,376.2234716185246,372.44210984951627,368.5792764577741,364.67094645234283,360.7513711327084,356.8526284369707,353.00423968964816,349.2328804578942,345.5621686462622,342.0125406166989,338.60119377174516,335.3421184616079,332.2461732242165,329.3212291354384,326.5723593961878,324.00205884371695,321.61049194423924,319.39575096411784,317.3541549614009,315.480498928928,313.76833511670327,312.2102330493722,310.7980332762941,309.52303683373407,308.3762533853839,307.34854012138675,306.4307744168253,305.61399385129505,304.88947264406664,304.2488446067758,303.68414033230704,303.1878505127809,302.75295250262604,302.3729254413748,302.0417638112169,301.7539638849182,301.5045137378785,301.28888016047523
0.0010887636992374956,401.8522088357866,401.64204535194733,401.0142813700829,399.97706716800553,398.5437861577956,396.7327505839616,394.56679153826605,392.0727552187099,389.28092416816344,386.2243781765844,382.9383176082706,379.45936801629756,375.82488473017736,372.07227718374577,368.23837182691113,364.3588223723806,360.4675831665295,356.5964634057242,352.77474744449756,349.0289077548764,345.3823942658894,341.85551075190597,338.4653566936104,335.2258579091451,332.14783951499373,329.23916779792546,326.50493685140026,323.94768445327213,321.5676370243134,319.3629640841432,317.330073799326,315.46385881351364,313.7579749996769,312.20509801941967,310.7971750344338,309.52561218645616,308.38152054905817,307.3558540185253,306.4395807605752,305.62382233239003,304.899929890582,304.2596066369819,303.69494517161365,303.1984908515503,302.7632686566615,302.38279880343583,302.05111058851753,301.7627295546279,301.51266796621974,301.29641228483825
0.0010937636992374956,401.2331499765961,401.0247650846859,400.40230865445926,399.37384583290464,397.95262049037706,396.1567545860239,394.00884316452664,391.53545661921044,388.7665688045248,385.7349254155357,382.4753752072817,379.0241826445455,375.4183402531859,371.69490056375,367.89034594419263,364.04000486391135,360.17753092870856,356.3344610344998,352.5398392655784,348.8199319940487,345.19801849037,341.6942675915278,338.3256788626458,335.1061119345356,332.0463572043656,329.15427520355155,326.4349802615156,323.8910527536682,321.52278097557587,319.32841187514146,317.3044431177684,315.4458655889542,313.74643951608977,312.1989475795836,310.7954445253133,309.52744264651534,308.3861555253735,307.36263488644096,306.4479408119181,305.6332799489878,304.9100814771634,304.2701190317084,303.7055482114825,303.20896997237503,302.77345779036955,302.39257375971044,302.06038272791335,301.77144017385086,301.5207831511236,301.3039183285911
0.0010987636992374956,400.6045560301214,400.397969479548,399.7808795814204,398.76126561825845,397.3522307173915,395.5717049089926,393.44204513593274,390.98954356537257,388.24386262383996,385.23741091182626,382.0046823718112,378.58157702938524,375.0047211760483,371.31080697831817,367.5359692869209,363.7152079820537,359.88187269962054,356.0672249824256,352.30006579301414,348.60645278599577,345.0094922136158,341.52921588530836,338.1825216526564,334.98320144012655,331.9420097059211,329.0668002862476,326.36270707028586,323.83235262617524,321.47608694884923,319.2922344648237,317.27738258180193,315.4266208539709,313.7338144204771,312.1918536803726,310.79290175268807,309.52857794703544,308.3901992764751,307.3689162471481,306.4558818242532,305.6423887091323,304.91994505292934,304.2803958432465,303.7159605575346,303.21929658450824,302.78352667879415,302.40225553631547,302.0695842250939,301.7800987691188,301.5288615625512,301.31139997665497
0.0011037636992374956,399.9675971446215,399.7628256288793,399.1511521250487,398.14046945973155,396.74373904883333,394.97869766747954,392.8674624961726,390.4360455149754,387.71379549853674,384.7327815108142,381.5271400653575,378.13240400087983,374.58483054962085,370.9207486500993,367.1759427768915,363.3850814199394,359.5812075220145,355.79530467926634,352.0559282883647,348.3889250206888,344.8172260448006,341.3607242889505,338.03621427195856,334.85741881783025,331.835055298531,328.97696994059424,326.2883155003561,323.7717562791921,321.42770371045157,319.254559637595,317.24900132182796,315.40621726471477,313.7201779171181,312.1838819318992,310.78960142451785,309.5290634215429,308.3936891289935,307.37472863454377,306.4634286080175,305.6511686341343,304.92953665977404,304.2904498304515,303.72619227984666,303.22947857235977,302.79348144327696,302.41184884385376,302.0787186711807,301.7887080509649,301.53690522477234,301.31885872376455
0.0011087636992374956,399.32334029255765,399.12039772506273,398.5141821823829,397.5124995728816,396.1281688440953,394.3787324783053,392.2860665909358,389.87590143215834,387.17727036888215,384.2219009930156,381.043570305832,377.677441759367,374.1594012520504,370.52541217269334,366.8109062846584,363.05021838198036,359.27608245143796,355.5192019668559,351.80788468595847,348.16776435191326,344.62159525264565,341.1891297978451,337.8870577182129,334.7290314581244,331.725730223307,328.8849917406726,326.21198692757184,323.7094213107309,321.3777674243689,319.2155043664055,317.2193992433448,315.3847396487649,313.7056016025666,312.17509239715395,310.7855936171293,309.5289405571317,308.3966592323617,307.3800999721632,306.4706038404231,305.6596380112228,304.9388709373891,304.3002926242532,303.73625254587637,303.23952310170193,302.80332763587717,302.4213579441747,302.08778930525136,301.7972704550341,301.5449159483799,301.32629589927035
0.0011137636992374956,398.67276119522273,398.47165895345665,397.8709353718129,396.87830909563917,395.50645603960766,393.77272361771395,391.6987459032687,389.3099702543305,386.6351133002837,383.7055596865025,380.55472530393564,377.217402517044,373.7291041171603,370.12542611569415,366.4414457071254,362.71116213559446,358.96699858894374,355.2393766243961,351.5563546265786,347.9433517587327,344.4229438770182,341.01474143350936,337.73532806613383,334.5982846666253,331.6142512572264,328.7910561990428,326.13388785330187,323.645492421359,321.32640313208003,319.17517608444615,317.18866811403643,315.3622659295214,313.6901512475811,312.16554024996117,310.7809243259554,309.5282474530541,308.3991409386856,307.3850558862083,306.47742832206444,305.66781360281504,304.9479612930451,304.3099348646909,303.74614973049904,303.2494367075727,302.8130703092333,302.43078670561323,302.0967990577943,301.8057881760938,301.55289535677076,301.3337126876526
0.0011187636992374956,398.01675436090693,397.8175015038456,397.2222969648292,396.23877188862565,394.8794587680573,393.16150941264345,391.10631517355,388.73903970159733,386.0880819474911,383.1844825561622,380.06129515296385,376.7529397691573,373.29455477323364,369.72136742255753,366.06809892108646,362.3684115217918,358.65441615454415,354.956251014601,351.3017236896575,347.7160373801122,344.2215881848566,340.83784334166535,337.58127923001894,334.46540411434,331.5008178748786,328.69533866384234,326.0541715604751,323.580102852159,321.27372599455975,319.13367375224055,317.15689247575756,315.33886790152746,313.6738874528082,312.1552763265745,310.7756359271406,309.5270192050024,308.401163120989,307.38961996773304,306.48392119180073,305.6757108217205,304.95682004370775,304.3193863155966,303.75589150807843,303.25922536781616,302.8227140750011,302.4401386491917,302.1057505870499,301.8142631964727,301.5608449082902,301.3411101456754
0.0011237636992374957,397.3561416160077,397.15874507881364,396.5690803265675,395.59469086384433,394.2479655329592,392.5458602213181,390.5095231492253,388.1638337622453,385.53687274634524,382.65933607643655,379.5639143617033,376.28465447078725,372.8563194519845,369.313766844555,365.6913608392881,362.02242563456053,358.3387587949059,354.6702140280978,351.04434698577916,347.4861437694899,344.01781960290043,340.6586974208904,337.4251453073129,334.33059791595764,331.3856140817173,328.5980009273041,325.97297951743536,323.51337560346775,321.21984234471745,319.0910887616741,317.12415041698745,315.3146118870204,313.65686620389425,312.14434759256073,310.76976756816237,309.52528823022163,308.40275244239456,307.3938139943593,306.49010010842863,305.6833438792364,304.9654585361401,304.328655961496,303.7654849302496,303.2688945651987,302.8322631532076,302.4494169876341,302.11464630969584,301.8226973100747,301.5687659149274,301.34848921686927
0.0011287636992374957,396.6916794176912,396.49614418689026,395.91203415073335,394.9468051235974,393.6127022152937,391.9264852733941,389.9090592268211,387.58501910797645,384.9821270769361,382.1307341207369,379.06316745224956,375.81310032912575,372.4149199652808,368.9031135957883,365.3116877413062,361.67362782867093,358.02041727239487,354.38162446094685,350.7845522324855,347.25396868088,343.8119072279168,340.4775455722308,337.2671425839213,334.19405840787925,331.26880998217746,328.4991926013894,325.89044257831006,323.4454244767541,321.1648505869199,319.04750570850587,317.0905142327631,315.28955929671986,313.6391393455222,312.13279754139984,310.76335550124645,309.52308454494596,308.403933585778,307.39765811939156,306.4959814056095,305.69072591141367,304.97388724928146,304.33775209019365,303.77493649219787,303.27844934033277,302.8417214142946,302.45862465859994,302.12348842698395,301.8310921428298,301.57665955823927,301.3558507438669
0.0011337636992374957,396.02406517072495,395.83039444250267,395.2518487091941,394.2957961270366,392.9743381256422,391.3040385780992,389.30555918872363,387.0032106345607,384.42443658626553,381.5992430473917,378.55959379381426,375.3387883731095,371.970838001967,368.48985937190525,364.92950101207265,361.3224091789697,357.69975264889035,354.0908139292569,350.5226424081978,347.0197874725097,343.604099992029,340.29461163943705,337.10747126347326,334.0559636812305,331.15056313146744,328.3990523034316,325.8066820173996,323.37635497225534,321.10884197182276,319.0030030576542,317.0560509928875,315.2637671125635,313.6207549893768,312.1206665374504,310.7564333701785,309.5204360029991,308.4047294512299,307.40117103438604,306.501580225019,305.697869087552,304.9821158821995,304.3466823637088,303.7842521895797,303.28789433712024,302.85109241521707,302.4677643532135,302.13227894717636,301.83944917025053,301.58452690301885,301.3631954789923
0.0011387636992374957,395.35394272238824,395.16213804618326,394.58916128832175,393.64229305417643,392.333491268549,390.6791240631809,388.6996101928881,386.41897628074264,383.86434781732254,381.06538612259556,378.05369180613263,374.86219092682217,371.5245188637588,368.07442184389555,364.54519039178876,360.96913148725713,357.3770990529178,353.7980894020635,350.25889805826876,346.7838551951236,343.3946285437212,340.11010309418725,336.94631696907004,333.91647891296566,331.0310197091202,328.29770868526595,325.7218104268518,323.30626506781954,321.0519012685236,318.9576537201992,317.0208230346309,315.2372883062002,313.6017578677372,312.10799211313565,310.7490324587741,309.51736850245135,308.4051613270415,307.40437010988995,306.506910631593,305.70478470408625,304.9901534301847,304.3554538796358,303.79343756775216,303.2972338420502,302.86037943065463,302.4768385407315,302.14101970494266,301.8477697326101,301.5923689091137,301.37052409341726
0.0011437636992374957,394.6819071728791,394.4919685820886,393.92456094806437,392.9868775015669,391.69073295084985,390.05230007331335,388.09175514044836,385.83284124616364,383.3023662606461,380.52964739134677,377.54592263802806,374.3837450865343,371.07637473420004,367.65718771495926,364.1591168191537,360.6141299126423,357.05276610003347,353.50373541657166,349.9935793116061,346.5464084179647,343.183706892339,339.92421250921603,336.783852055837,333.77575752909,330.91031554436375,328.19528133225367,325.63593250070494,323.23524589903036,320.9941073514018,318.9115255570436,316.9848883927132,315.21017220413034,313.58218964192065,312.0948092281244,310.74118190752245,309.51390616576316,308.40524903871966,307.4072715180688,306.51198571392007,305.71148326635466,304.99800825101096,304.36407322456466,303.80249776462534,303.30647181840175,302.86958548017503,302.48584949000787,302.1497123782396,301.85605504815004,301.6001864417101,301.3778371851304
0.0011487636992374957,394.0085091109578,393.82043524228027,393.2585927123301,392.3300876167889,391.0465918391701,389.4240833306974,387.482496521021,385.2452917047222,382.7389599210569,379.99247508498104,377.0367134054105,373.9038557811072,370.62678755570823,367.2385154106785,363.77161493331414,360.2577152859599,356.7270410222796,353.2080160269221,349.7269276545144,346.30766683472825,342.9715338542479,339.7371188535932,336.6202367648414,333.63394222713873,330.7885770172807,328.0918815532676,325.54914572371405,323.16338235662005,320.93553371549024,318.8646818211456,316.9483011767627,315.18246480817265,313.56208917292827,312.08115049669726,310.7329089035942,309.51007149774375,308.4050110796196,307.409890340182,306.51681767220987,305.71797456023376,305.00568812297155,304.3725465208641,303.81143754818424,303.31561193618813,302.878713352012,302.49479928828384,302.1583585030854,301.86430622464155,301.60798028033565,301.38513528591346
0.0011537636992374957,393.3342583633096,393.1480465660207,392.59176127824423,391.67242175817864,390.40155755141296,388.794952440683,386.87229981615883,384.65677809111395,382.1745624742771,379.45428463674284,376.5264600566455,373.4228984800367,370.176111575194,366.8187374591094,363.3829952872476,359.9001761570672,356.4001905516917,352.91117652770225,349.4591674993289,346.0678346835667,342.75829433138483,339.5489886377311,336.4556202429983,333.4911658797737,330.6659218550651,327.9876130785983,325.46154097978103,323.0907536140592,320.87624893152355,318.81718154790786,316.9111119044554,315.1542090782408,313.5414927602067,312.0670463882819,310.7242388483865,309.5058855248038,308.404464726081,307.4122406612874,306.52141789579133,305.72426771523277,305.01320029598764,304.3808794678714,303.8202613495196,303.3246575985138,302.8877656239938,302.5036898577236,302.1669594865627,301.87252426956053,301.61575112678435,301.3924188674841
0.0011587636992374957,392.6596273296163,392.47527376587595,391.92453431550075,391.01434175007586,389.7560838512464,388.16535100979615,386.26159652640695,384.06771802379035,381.6095760742165,378.91546136350064,376.01552992055605,372.94122160140336,369.7246756074349,366.398162606831,362.9935463154428,359.5417806147256,356.0724625944281,352.6134449857171,349.1905075783945,345.8271020088482,342.5441604471937,339.3599769305415,336.29014144896996,333.34755233725895,330.54245983906173,327.88257267956203,325.3732030920315,323.01743359578853,320.8163170497114,318.76907990150994,316.8733677969961,315.12544518310125,313.52043435332666,312.0525254052009,310.71519550599555,309.5013679183262,308.4036261394095,307.4143356541058,306.5257970317253,305.73037126034285,305.02055153683784,304.38907737833847,303.8289732920509,303.3336119648899,302.8967446820537,302.5125229700405,302.1755166183193,301.8807100990883,301.6234996121262,301.3996883469302
0.0011637636992374958,391.98505396237914,391.8025536995195,391.2573454142399,390.3562757912487,389.1105915021847,387.53569043143557,385.65078687564085,383.47849891620365,381.04437386077535,378.37636286125826,375.504263982371,372.4591486626023,369.27278505654476,365.97707770870204,362.603536091024,359.18277791160625,355.74408772550714,352.3150336074965,348.9211421884331,345.5856457873725,342.3292925604157,339.17022826710934,336.12392996145184,333.2032171433665,330.41829343543714,327.77685072109585,325.28421130439875,322.9434913946651,320.75579795965194,318.7204284835575,316.83511304239454,315.09621072375234,313.49894574050796,312.03761424094137,310.70580113538756,309.4965371044669,308.40251045661853,307.416187653626,306.5299650458277,305.7362931736973,305.02774816936835,304.3971452108269,303.83757721749606,303.3424779719515,302.90565273667784,302.521300259492,302.1840310807869,301.88886454610855,301.63122630293776,301.40694409154054
0.0011687636992374958,391.31094444030055,391.1302915359104,390.59059672973876,389.698621064158,388.4654708280463,386.9063523849225,385.04024223705494,382.88948031920006,380.4793022093574,377.83732115384663,374.9929789250718,371.9769802092688,368.8207237288614,365.55574942251803,362.2132139013574,358.82339992131836,355.41528052891806,352.0161399652265,348.65125230597914,345.3436309377941,342.11384017364793,338.9798774620537,335.95710670338167,333.05826817672767,330.29351836009033,327.67053165665703,325.1946397128566,322.8689916456979,320.69474771249713,318.67127560930703,316.79638903103637,315.06654093325346,313.47705671723213,312.02233792167397,310.69607660855525,309.49141036228883,308.4011318715111,307.41780822375165,306.53393127717095,305.7420409269156,305.0347961103904,304.4050875986251,303.8460767090501,303.3512583519465,302.91449183758175,302.53002323447504,302.19250395829863,301.8969883673446,301.63893170686214,301.4141864231175
0.0011737636992374958,390.6376755758544,390.4588631563721,389.924661364119,389.0417460847263,387.82108401873234,386.2776910859243,384.43030731773405,382.30099603024615,379.9146827563827,377.29864462757337,374.48196896729996,371.49499555188146,368.3687554649864,365.13442573451925,361.8228116662956,358.46386244982307,355.0862408037112,351.7169480999892,348.3810065910881,345.10121122884954,341.8979427507327,338.78905034118884,335.78978459332416,332.912806227617,330.1682240866215,327.5636944731714,325.10455765306295,322.79399486194853,320.6332188104528,318.6216665558358,316.7572345672846,315.0364688561845,313.4547952376337,312.00671993329104,310.6860415165575,309.486003911812,308.39950370741286,307.4192082170715,306.5377044869509,305.7476215248539,305.04170090185386,304.4129088756579,303.8544751121507,303.3599556492971,302.9232638868563,302.53869328791166,302.2009362452568,301.9050822497521,301.6466162775912,301.4214156218421
0.0011787636992374958,389.9655969910887,389.78861732452043,389.25988551875446,388.38599282585994,387.1777672139545,385.6500353201146,383.82130213275184,381.71335599938175,379.3508142295302,376.76061977928964,373.97150752394293,371.01345433473784,367.9171256142139,364.7133373374965,361.43254521930425,358.1043664199766,354.7571546533246,351.41762951811444,348.1105622937265,344.8585300994479,341.68173045475,338.5978644020449,335.6220691334532,332.7669255185305,330.0424943047377,327.45641309250857,325.01403005007705,322.7185577375177,320.57126046786414,318.571643785812,316.7176860602393,315.0060255103947,313.4321875509205,311.99078233585516,310.6757142650294,309.48033299330217,308.3976384826507,307.4203978286559,306.54129290245953,305.75304154136643,305.0484677397854,304.4206130997896,303.8627755531499,303.3685722354903,302.9319706507864,302.5473117065867,302.2093288534755,301.9131468162684,301.6542804193465,301.4286319297509
0.0011837636992374958,389.29503309036966,389.11987765367905,388.59659044578535,387.7316786427481,386.5358323924271,385.02369028693533,383.21352379488627,381.1268480571044,378.78797410693085,376.2235128010293,373.4618487114041,370.5325979581195,367.4660623709261,364.292698879814,361.0426154685215,357.7450989449903,354.42819547269085,351.11834409397125,347.84006607497946,344.61572140162383,341.4653248165334,338.40642941214463,335.45405894206635,332.62071417559616,329.916407335311,327.34875673494344,324.92311773491383,322.6427334217557,320.50891884746443,318.5212471499395,316.6777776962836,314.97524003327777,313.40925832471834,311.9745458670539,310.66511216049713,309.47441193890717,308.39554796970015,307.4213866446398,306.54470425678664,305.75830715158656,305.05510150040465,304.42820407384886,303.8709809561595,303.3771103225101,302.94061377051105,302.5558796795686,302.217682618804,301.9211826309979,301.6619244909213,301.43583555387465
0.0011887636992374958,388.62628485441456,388.4529443960612,387.9350742228298,387.0790980237164,385.89556908985713,384.39893927623876,382.60724814207964,380.541739485562,378.2264201258497,375.68757102085067,372.9532287162259,370.05265087129766,367.01577798956635,363.87271010088955,360.6532094522107,357.38623430419375,354.0995248454469,350.81924089048243,347.5696547533623,344.3729100756775,341.248839342111,338.2148479525694,335.2858462373513,332.4742546567835,329.79003650735103,327.2407902492203,324.8318777319711,322.5665717682028,320.4462372748151,318.47051407068153,316.63754159564394,314.94413981446843,313.386030756939,311.95803003600884,310.654251488627,309.4682542375859,308.3932432487792,307.4221836862331,306.54794582477723,305.76342416115614,305.0616067637676,304.43568536465904,303.8790940582955,303.3855719749908,302.94919477166866,302.56439830583,302.2259983071197,301.92919020390514,301.66954880934134,301.4430266690796
0.0011937636992374958,387.95963147637394,387.78809607442474,387.2756133714323,386.4285241869025,385.2572459656294,383.77604519724196,382.002731221509,379.9582784512753,377.6663916583701,375.1530242166157,372.4458670429757,369.57382175142783,366.5664698923365,363.4535568663679,360.2645013009321,357.0279348325097,353.77129336175335,350.5204589069858,347.2994559850023,344.130212765442,341.03238006623326,338.02321591323505,335.1175172781309,332.32762414198805,329.66345050137465,327.13257441315807,324.7403635207646,322.49011956124286,320.38325643351567,318.41947970948,316.5970079548572,314.91275061656864,313.3625266775372,311.94125320858564,310.64314758536847,309.4618725941248,308.39073475655164,307.42279744970585,306.5510244556908,305.76839803276874,305.0679878352312,304.44306032031284,303.8871174235136,303.3939591212471,302.95771507314936,302.5728686011614,302.23427661976666,301.93716999507467,301.67715365318566,301.45020542064873
0.0011987636992374959,387.2953318577602,387.12559097395103,386.6184643368581,385.78021054012845,384.6211122352411,383.15525197643996,381.40021064643463,379.3766953150131,377.10811096908503,374.6200858170527,371.9399676550302,369.0963045812246,366.11832168174885,363.0354121143421,359.876653116989,356.6703517334141,353.4436413657219,350.2221277626876,347.0295888851953,343.8877383804819,340.8160460581156,337.8316229453735,334.94915276648726,332.18089488934044,329.53671366300875,327.02416620816086,324.64862527491067,322.4134207230237,320.3200145433891,318.36817711936254,316.5562051767668,314.88109668528443,313.33876664132106,311.92423268518644,310.6318149018133,309.4552789829296,308.3880323305071,307.4232359428146,306.5539466029481,305.77323391033883,305.07424876499476,304.4503320858951,303.89505345519956,303.4022735633097,302.9661759950581,302.5812915044623,302.2425181985039,301.9451224185867,301.6847392656119,301.45737192663154
0.0012037636992374959,386.6336259795489,386.465668509631,385.9638648443976,385.134392018936,383.9873989831708,382.5367858388148,380.79990683975353,378.7972038322673,376.55178436772104,374.0889540024533,371.43572001999894,368.62027963651764,365.6715040684722,362.61843672238143,359.48981578023654,356.31362582379086,353.11669964019313,349.9243683227885,346.7601645977997,343.64558861107514,340.59992988467246,337.6401528759477,334.78082821648155,332.0341345614784,329.4098862901253,326.9156190705294,324.5567100808841,322.336516502838,320.2565475235384,318.3166373845711,316.51515998943864,314.849200850155,313.31477001281746,311.906984771867,310.6202670634744,309.4484846971763,308.38514524950267,307.42350671807003,306.5567183512906,305.77793664106457,305.0803933659341,304.457503617829,303.9029044076559,303.4105169860795,302.97457876597787,302.58966788347885,302.2507236300189,301.9530478460542,301.69230585711574,301.4645262799899
0.0012087636992374959,385.9747361617146,385.8085504823862,385.3120351453015,384.49128631572825,383.35632036889115,381.9208564847518,380.2020241763039,378.22000225596616,375.99760326787424,373.5598127156853,370.9333000699444,368.1459143932957,365.22617572350623,362.2027803038176,359.1041296881182,355.9578882179596,352.7905900355642,349.6272932734265,346.49128681804956,343.40385840103767,340.38411803580163,337.4488840880889,334.6126142926128,331.8874065250145,329.2830248963591,326.8069831220774,324.4646621387348,322.25944565086235,320.192889141912,318.26488974861434,316.4738975552003,314.81708461689806,313.29055504405716,311.8895248455061,310.608516924595,309.44150039383175,308.3820822708872,307.4236169031925,306.5593454416388,305.7825107956154,305.0864252299158,304.46457769699725,303.91067239660595,303.41869096569803,302.9829245296102,302.59799854004984,302.2588934500553,301.9609466098564,301.6998536080552,301.4716685505614
0.001213763699237496,385.31886822272236,385.1544422354162,384.6631791637461,383.8510950112686,382.72807473706706,381.307658173438,379.6067520343893,377.6452743515366,375.44574516157195,373.0328325928057,370.4328710852178,367.6733643625735,364.7824840625222,361.7885819406272,358.71972543674946,355.60326095719074,352.4654260484789,349.33100765075415,346.2230522736392,343.1626363827836,340.16869131567637,337.2578898711009,334.44457712117867,331.7407701260028,329.15618245348355,326.6983053822197,324.37252294665774,322.18224457789825,320.1290711527979,318.2129617319674,316.43244157084564,314.784768252256,313.26613894602883,311.871867413657,310.59657661801447,309.43433613497905,308.3788516645714,307.4235732290555,306.561833293893,305.7869606866449,305.09234774275467,304.47155694076946,303.918359408819,303.4267969772169,302.99121435085954,302.6062842149131,302.2670281471941,301.968819006103,301.7073826709654,301.47879878685995
0.001218763699237496,384.66621254903214,384.5035337208011,384.017485554779,383.21400461835435,382.10284564157087,380.69737072214843,379.01426576565086,377.0731903331338,374.8963745181321,372.50817182137024,369.93458450961026,367.20277386036304,364.34056596921886,361.3759708593079,358.3367244490102,355.2498575902198,352.1413133554537,349.0356093287929,345.9555511683047,342.92200527845034,339.953725203496,337.06723874312456,334.2767785772937,331.5942809438484,329.0294086147971,326.5896299634261,324.28033147106527,322.10494750254594,320.06512342348424,318.1608792404792,316.39081435991267,314.7522708621159,313.2415379544545,311.8540261696308,310.58445760104996,309.4270014258333,308.3754612443598,307.4233820553751,306.56418702789114,305.79129038580214,305.0981640979549,304.47844381404894,303.925967310951,303.43483640164015,302.999449221419,302.61452559211807,302.27512816632554,301.9766652973555,301.71489317268447,301.48591701773165
0.001223763699237496,384.0169450834201,383.85600048513913,383.3751286819529,382.5801875462577,381.4808027917521,380.09016042965686,378.4247275912901,376.5039077287619,374.3496436147419,371.9859769335291,369.4385807035573,366.7342767191153,363.9005484636747,360.9650670553523,357.95523955484794,354.89778370958027,351.8183503058751,348.74118947013153,345.6888675916021,342.68204227043896,339.7392901867123,336.876994749167,334.1092765499759,331.4479910257978,328.90274992140684,326.4809982516916,324.1881243036055,322.0275865870654,320.00107405116586,318.1086666654165,316.3490369578277,314.7196104635764,313.21676739045614,311.83601404328925,310.57217069779546,309.41950524977887,308.3719183968218,307.4230493943772,306.56641148270967,305.79550373939463,305.10387730935855,304.4852406394383,303.9334978576774,303.4428105324026,303.0076300649089,302.62272330308474,302.2831939118438,301.98448571513217,301.7223852163104,301.49302325387816
0.001228763699237496,383.3712282398584,383.2120045819436,382.7362695223126,381.9498029934942,380.8621029283812,379.4861809310115,377.8382874316692,375.9375721810799,373.8056933052776,371.46638354014215,368.944989641316,366.26799694623406,363.4625493209714,360.55598187123906,357.5753755283821,354.54713744799585,351.49662837827105,348.44783294303215,345.4230798981329,342.4428193443132,339.5254520693847,336.6872177368705,333.9421251874183,331.30194910388525,328.77624999306374,326.37244907347656,324.09593580639296,321.95019206302237,319.9369494710468,318.05634697595985,316.30712919061205,314.6868040515534,313.19184171661385,311.81784324797,310.55972613818903,309.4118561007227,308.3682301079428,307.42258093263786,306.56851123447126,305.799604382835,305.109490222809,304.4919496066117,303.9409526991898,303.45072058133974,303.0157577416116,302.6308779303441,302.29122575059034,301.9922804622162,301.7298588830053,301.50011748926323
0.001233763699237496,382.72921175178396,382.57169541760743,382.10105650548576,381.32299777558495,380.24689063580547,378.8855739900624,377.2550836754905,375.3743181898743,373.2646537331185,370.94951701140894,368.4539315573443,365.8040493345991,363.02667764472216,360.1488185322888,357.1972295858374,354.198009938564,351.17623260329026,348.15561870809535,345.1582610590805,342.2044036066504,339.3122722579977,336.49796361211514,333.77537512431195,331.15620079598995,328.6499497050071,326.2640188503933,324.00379824656505,321.87279234768704,319.8727745564734,318.0039418048672,316.2651097477633,314.65386766044526,313.16677458885454,311.79952532391104,310.5471335941587,309.4040620130197,308.3644029877699,307.4219820512749,306.5704906128031,305.8035957539896,305.1150055269246,304.49857278097,303.94833338811753,303.4585676841997,303.02383305284155,302.63899001099026,302.2992240145704,302.0000497147864,301.7373142336622,301.5071997024115
0.001238763699237496,382.09103345980003,381.93521053696486,381.4696262928618,380.69990709371217,379.6352990961127,378.2884702353925,376.67524389404366,374.81426980150843,372.7266449930457,370.4354931088776,367.9655175464988,365.3425400294647,362.5930343996159,359.74367264421835,356.82089184788504,353.8504857420365,350.8572419564333,347.86462017726416,344.89447898859027,341.966857580139,339.0998080268091,336.3092845763038,333.6090736928668,331.0107887924643,328.52388735210536,326.15574174277083,323.91174192115216,321.79541415204,319.8085727118365,317.95147152794084,316.2229962498526,314.62081642131574,313.1415789045604,311.7810711785031,310.5344022131191,309.39613058919866,308.36044329323886,307.4212578446444,306.572353716072,305.8074811055313,305.1204257630669,304.505112111646,303.9556413859283,303.4663529057382,303.0318567449861,302.6470600398718,302.30718900346557,302.0077936243887,301.7447513104456,301.51426985761134
0.001243763699237496,381.45682004417785,381.3026763538028,380.84210450216744,380.0806552495073,379.0274507904408,377.6949898446718,376.0988855053954,374.2575412500406,372.1917777467452,369.92441857315055,367.47985012215713,364.8835670556151,362.1617129066209,359.34063265580613,356.44644576955824,353.50464324413235,350.53972972323055,347.5749055476373,344.6317968472434,341.73023947795565,338.88811276455954,336.1212293469724,333.4432651189943,330.86575302962876,328.39809880143775,326.04764978309635,323.81979527313297,321.7180825811445,319.74436595889506,317.898955337856,316.1808053113174,314.5876646150042,313.1162668472408,311.7624911236588,310.5215406490611,309.38806902568837,308.35635694935024,307.42041313767976,306.5741044255088,305.8112635163891,305.1257533345756,304.5115694389199,303.9628780688554,303.4740772444371,303.0398295132454,302.65508847254597,302.31512098695896,302.0155123197603,301.75217013822066,301.52132790602917
0.001248763699237496,380.8266877069374,380.67420883108923,380.2186063821652,379.4653563106369,378.4234581520115,377.10524318190187,375.52611639285385,373.70423755421393,371.6601537959404,369.41639167113203,366.99702373591776,364.42722080822546,361.7327993040955,358.9397802897019,356.0739685405656,353.16055502548704,350.22376383927065,347.28653811228736,344.37027332461923,341.4946034592346,338.6772362041741,335.93384336318445,333.2779907049529,330.72113085128746,328.2726176343301,325.93977300022686,323.72798499945134,321.64082122755656,319.6801750171042,317.8464113128534,316.1385525988748,314.5544257215219,313.09084992807357,311.7437949105545,310.50855709144923,309.3798841367244,308.35214956884096,307.41945250199467,306.5757464183235,305.8149459023745,305.1309905153389,304.5179465010982,303.9700447333952,303.48174163687906,303.0477520051007,302.6630757280181,302.32302020689156,302.0232059085224,301.7595707258766,301.5283737867437
0.001253763699237496,380.20074280777703,380.0499141151753,379.5992374417024,378.85411473135446,377.8234241749802,376.5193313915456,374.9570354815901,373.1544550740507,371.13186661674416,368.91150270624826,366.517125262136,363.97358451051394,361.3063729777003,358.5411909440896,355.7035314585188,352.818288206573,349.90940720722097,346.9995765500479,344.1099629027372,341.25999986724173,338.4672246369091,335.7471689770128,333.1132889996145,330.5769571592902,328.147475278752,325.832139535163,323.6363361516896,321.5636522583757,319.6160193784652,317.79385648073696,316.09625288593605,314.52111246605966,313.0653390245876,311.7249917619751,310.49545929211865,309.37158237659384,308.3478264704844,307.41838027085817,306.577283179896,305.81853102605834,305.13613945775535,304.52424494090303,303.97714260141186,303.48934696180845,303.0556248235325,302.67102219128344,302.3308868792634,302.0308744787509,301.7669530675579,301.5354074277079
0.001258763699237496,379.57908245767544,379.4298891277831,378.9840940368881,378.24702593174675,377.22744298276103,375.9373469531115,374.3917332768822,372.6082820304065,370.60700185845394,368.40983449471577,366.0402344502206,363.5227346409431,360.88250696170724,358.1449340676265,355.3352002773332,352.47790476967435,349.5967179927581,346.7140751960184,343.85091610196815,341.026475451702,338.2581211122482,335.5612456322731,332.9491959573912,330.4332645540609,328.0227011328848,325.72477574909607,323.54487223001325,321.486596496471,319.5519173773594,317.7413068785771,316.0539201033605,314.48773686189236,313.03974441673,311.70609040246507,310.4822545903414,309.36316986036195,308.3433926961357,307.41720055313976,306.5787180151261,305.8220215059613,305.1412022001409,304.530466311414,303.984172824883,303.4968940439071,303.06344853001315,302.6789282156895,302.33872119609356,302.03851810043705,301.7743171438078,301.54242874664277
0.001263763699237496,378.9617950735966,378.81422211920574,378.37326391979775,377.64417683902866,376.63560035911456,375.3593741994047,373.8302923670975,372.0657989904872,370.08563780967205,367.9114628106171,365.5664243473081,363.0747413324464,360.46126831403456,357.75107350983717,354.9690355328191,352.1394618597861,349.2857499011305,346.43008429436975,343.5931797108532,340.7940735765741,338.0499656247118,335.37611003155513,332.785745086752,330.2900834659189,327.89832268058757,325.6177063243643,323.45361527094633,321.409673496365,319.48788625578305,317.6887776084733,316.01156738685364,314.45431025044024,313.01407582053633,311.687099086469,310.4689499362162,309.35465238320626,308.33885302662816,307.41591724630933,306.58005405901037,305.8254198251168,305.146180673628,304.5366120816009,303.99113649031716,303.50438365730724,303.07122364728946,302.68679412513467,302.3465233271507,302.04613682684624,301.7816629226332,301.5494376518708
0.001268763699237496,378.3489608973893,378.20299318579737,377.76682675175937,377.04564639389923,376.0479742449609,374.78548980133263,373.2727878942179,371.52707932204186,369.5678458343566,367.4164568022645,365.095761693679,362.62966874591024,360.0427184670997,357.35966784892025,354.6050928472905,351.8030120661234,348.97655243590066,346.1476502348588,343.3367970011174,340.5628344144394,337.84279528863067,335.1917962924902,332.62296758916784,330.14744227792994,327.7743655994131,325.5109543588908,323.3625859294724,321.33290161520773,319.4239422243539,317.63628288969676,315.9692071212816,314.4208433387173,312.9883424195989,311.66802562462715,310.45555191251873,309.34603543847356,308.33421199661467,307.41453404857134,306.58129428651125,305.828728339058,305.15107670859743,304.54268364148027,303.99803462287065,303.51181652886373,303.0789506619754,302.69462021611423,302.35429342156453,302.0537306957843,301.7889903604976,301.5564340430926
0.001273763699237496,377.74065248167085,377.59627475453647,377.1648545839824,376.45150602468254,375.4646352035848,374.2157632218703,372.71928799443765,370.9921896186688,369.0536907801439,366.9248793820957,364.62830729303727,362.18757541992375,359.62691355638185,356.97077069873257,354.2434232148277,351.4686036857569,348.6691711412627,345.8668157743334,343.0818079290377,340.3327951285575,337.6366445018308,335.00833609410233,332.46089248923647,330.0053674409596,327.6508538617622,325.40454145461797,323.2718035559126,321.25629807922894,319.36010051942657,317.58383610750224,315.9268509821485,314.3873462343769,312.96255289451,311.6488774083723,310.4420667551357,309.3373242345621,308.3294739084393,307.4130544702023,306.5824415217755,305.8319492832748,305.15589204068243,304.54868230692705,304.0048681901866,303.51919334120646,303.08663002696903,302.7024067596292,302.3620316093284,302.0612997307769,301.7962994032461,301.56341781211233
0.001278763699237496,377.1369351452128,376.9941320371774,376.5674123080206,375.8618200917131,374.88564685664915,373.65025714154365,372.1698542111204,370.4611900984469,368.54323136106683,366.4367875921238,364.1641163595833,361.74851459861026,359.213904728402,356.58443099654716,353.8840732686814,351.1362809707479,348.3636478291977,345.58762024438147,342.82824932421687,340.10399004353644,337.4315450990825,334.82575881400896,332.299546756671,329.86388358152817,327.52780982970773,325.2984878004051,323.1812862679855,321.1798790460224,319.29637545662,317.5314498588663,315.88450997445767,314.35382847854044,312.9367154504381,311.62966143296273,310.4285003721949,309.328523710722,308.3246428451166,307.41148184415493,306.58349844675286,305.8350847801842,305.1606283163781,304.55460932416844,304.01163810597984,303.5265147355883,303.094262163708,302.7101540029663,302.369738002701,302.06884394217184,301.80358998697,301.5703888435145
0.001283763699237496,376.5378674001171,376.3966234562666,375.9745580783324,375.27664630419554,374.3110662932066,373.0890278575649,371.62454188219056,369.9341349778913,368.0365205165883,365.9522329467792,363.70323884362034,361.31253453919044,358.8037384296674,356.20069327303275,353.52708553215996,350.80608436002467,348.0600207926101,345.3100997461672,342.5761550667149,339.8764508054773,337.22752649608856,334.64409165716256,332.1389554207668,329.7230136030152,327.4052543439703,325.19281224980875,323.0910510184162,321.1036596629774,319.23278048102986,317.47913599539066,315.84219446915813,314.32029907658284,312.9108378429816,311.6103843190714,310.4148583619914,309.3196385518568,308.31972268248626,307.409819335986,306.5844676092621,305.8381368456506,305.16528709828714,304.5604658739844,304.01834523338687,303.5337813145462,303.1018474642754,302.71786217136065,302.3774126975151,302.07636332816736,301.8108620388136,301.5773470152972
0.001288763699237496,375.94350135285794,375.803801045097,375.3863437089899,374.6960361115664,373.74094445369377,372.5321256585613,371.08340050383936,369.41107282305336,367.5336057486971,365.471261754808,363.2457197372793,360.87967880077247,358.39645667798624,355.8195979057688,353.1724986542238,350.47805069712933,347.75832500548006,345.0342873334051,342.3255562533981,339.65020653237843,337.0246158247142,334.46335977676176,331.97914167790617,329.5827787807085,327.283206807479,325.0875323941292,323.00111365842645,321.0276541221488,319.1693282143758,317.4269056635804,315.79991423735726,314.28676652702495,312.8849274024296,311.5910523330403,310.4011460298017,309.31067320240373,308.31471710060737,307.4080699531594,306.58535143054706,305.84110739509174,305.16986987002963,304.56625307563866,304.0249903880985,303.540993644389,303.10938629336954,302.7255314695494,302.3850557744011,302.0838578757737,301.8181154777297,301.58429219946487
0.001293763699237496,375.35388308107713,375.2157108234828,374.8028150464079,374.1200350712,373.17532649071995,371.97959517666163,370.5464740722615,368.8920468794163,367.0345294386525,364.9939154217451,362.7915993617993,360.44998651572786,357.99209731742997,355.44118135748545,352.8203476308923,350.1522134348613,347.45859231097955,344.7602131843339,342.07648135429343,339.4252839555008,336.8228380600966,334.2835863879051,331.82012699261185,329.4431988511478,327.1616852639166,324.9826646310687,322.91148899740966,320.9518757118256,319.10603049930876,317.37476934269245,315.75767848246636,314.2532388486768,312.8589910565486,311.57167140590053,310.38736840366875,309.30163187935943,308.3096295944483,307.40623655377124,306.5861522123604,305.84399824920024,305.1743780408424,304.57197199055815,304.03157434129287,303.54815225752515,303.1168789901447,302.7331620832246,302.3926672999309,302.09132756171203,301.82535021518555,301.5912242625824
0.0012987636992374961,374.7690529878566,374.6323931510719,374.224012319793,373.5486831941388,372.6142521082979,371.43147571854934,370.01380140498225,368.37709538209685,366.53932914482664,364.520230734344,362.34091363768033,360.0234926448948,357.59069425810935,355.0654764001249,352.4706640134799,349.8286028277516,347.16085159840577,344.48790476347614,341.82895635965997,339.20170755234926,336.62221614021587,334.1047928745054,331.6619311926086,329.3042920961723,327.04070647160785,324.87822422931936,322.8221908590642,320.8763368650369,319.04289844108416,317.3227368803315,315.71549587042625,314.2197236061563,312.83303535200196,311.55224715124666,310.3735302492325,309.29251858451596,308.30446348392513,307.4043218547398,306.5868721436101,305.8468111393104,305.1788129498914,304.5776236257828,304.0380978223817,303.55525765464216,303.1243258699354,302.7407541803933,302.40024732768825,302.09877235325655,301.832566155824,301.598143066295
0.0013037636992374961,374.1890461350415,374.05388305976726,373.6499704708743,372.9820152703861,372.0577558810248,370.8878015769549,369.4854164432036,367.86625184772953,366.04803788296545,364.0502401282257,361.893694338906,359.60022821774186,357.19227770182783,354.69251232571105,352.1234761045821,349.50724611322283,346.8651289697242,344.2173869739009,341.58300491843255,338.97949967185417,336.4227710784572,333.9269988899406,331.50457255831793,329.1660754220468,326.92028597308126,324.7742253893671,322.7332321342385,320.8010492052132,318.97994244678733,317.27081752595024,315.6733745581541,314.1862279339009,312.8070664745005,311.5327848820491,310.35963608367604,309.28333711596235,308.299221923334,307.40232843949894,306.58751330660067,305.8495477124351,305.1831758703161,304.5832089371984,304.0445615215855,303.56231030674917,303.131727225871,302.7483079126508,302.40779589927126,302.1061922090223,301.83976319808306,301.6050484678149
0.0013087636992374961,373.6138925570542,373.48021056669126,373.0807194643341,372.420061175163,371.50586755458954,370.3486023239292,368.96134853647374,367.35954534929203,365.56068439008095,363.58397193990174,361.44996933233165,359.1802205585261,356.7968743545859,354.3223151449407,351.77880914265677,349.18816768221575,346.57144789643223,343.94868230064714,341.3386484686328,338.7586806522961,336.2245220696534,333.7502224518766,331.34806790717306,329.02856443400856,326.80043816060515,324.6706813007762,322.6446248307141,320.7260235892016,318.9171722622841,317.2190199624056,315.6313222203322,314.1527585587783,312.7810902677744,311.5132896264787,310.34569018884827,309.27409107890475,308.2939079102221,307.4002587652304,306.5880776828976,305.85220953599674,305.1874680130284,304.5887288325723,304.0509660923477,303.56931065709097,303.1390833303888,302.75582341637335,302.41531304523136,302.1135870797035,301.8469412347764,301.61194032037866
0.0013137636992374962,373.04361755651786,372.91140096901154,372.5162845802514,371.8628461574217,370.95861232887336,369.8139030871355,368.4416227108785,366.8570007750303,365.0772933730803,363.12145064423055,361.0097628032466,358.76349349939915,356.4045076268279,353.9549077743296,351.4366854759755,348.87138923999737,346.27982936740574,343.6818109459066,341.09590636029424,338.5392689324659,336.02748659004567,333.5744800316568,331.1924326731039,328.89177350654614,326.68117633797254,324.56760419619536,322.55638012013986,320.65127014781643,318.8545970070521,317.1673523357005,315.589346074657,314.11932182139265,312.75511225144584,311.49376614281243,310.33169662362246,309.2647838958531,308.2885242937358,307.3981151696672,306.58856715884247,305.85479810227406,305.19169053027946,304.5941841744025,304.0573121536021,303.5762591229444,303.1463944366532,302.7633008138373,302.4227987859532,302.1209569087656,301.8541001536378,301.6188184736749
0.0013187636992374962,372.4782419829031,372.3474751218343,371.9566866897508,371.31039111179376,370.41601112480106,369.2837248102875,367.9262599218499,366.35863907254145,364.5978857431528,362.6626970782793,360.5730954680298,358.3500675813276,356.01519782224955,353.59031021267646,351.0971247266573,348.55692995780765,345.9902920283289,343.41679095652074,340.85479597140363,338.32128115651517,335.83168049157746,333.3997866386258,331.0376809815214,328.75571584970083,326.56251277878863,324.46500540230625,322.46850838230773,320.57679832409195,318.7922252070358,317.11582228303814,315.5474529056498,314.0859236961754,312.7291376378811,311.4742189334838,310.31765923554116,309.2554188162167,308.2830737824826,307.3958998774986,306.5889835307413,305.85731483258405,305.19584451901403,304.59957578259485,304.0636002919001,303.583156097304,303.15366077988665,302.77074021426716,302.4302531324804,302.12830163309474,301.8612398378313,301.6256827742473
0.0013237636992374962,371.91778249531257,371.78844970028086,371.40194251496257,370.76271283506446,369.878080836013,368.7580844987777,367.41527729261026,365.86447747898904,364.12247883684785,362.2077286524851,360.13998477475104,357.93996024363355,355.62896231592146,353.22853970754886,350.7601439454338,348.2448066159474,345.7028523132654,343.1536383442948,340.6153328173188,338.10473227291243,335.63711809089057,333.22615589972116,330.88382572009573,328.62040357164886,326.4444587814924,324.3628953879169,322.38101924694735,320.50261690939084,318.7300648256587,317.06443695929846,315.5056490871281,314.0525698103424,312.7031713480874,311.4546522583339,310.30358167179725,309.24599892534985,308.2775589519388,307.3936150064021,306.5893285097501,305.8597610812173,305.19993102402464,304.6049044369796,304.06983106341073,303.59000195046485,303.1608825786192,302.77814171482066,302.43767608728945,302.13562118360613,301.86836016643133,301.6325330658717
0.0013287636992374962,371.3622518104287,371.2343374467664,370.8520648743101,370.2198242681726,369.34483456633734,368.2369954514557,366.9086883391688,365.37452973835195,363.65108662471033,361.75655954993823,359.71044509249606,357.5331860028914,355.24581572241686,352.8696109124395,350.42575775775083,347.93503373886557,345.4175245688764,342.89236719960087,340.37753065408685,337.8896356278892,335.4438122533721,333.05360013464065,330.73087860560395,328.4858477378131,326.32702472132524,324.2612838093894,322.2939216332026,320.42873407750795,318.66812329311216,317.0132030620423,315.4639406034243,314.0192654617922,312.67721802671963,311.4350701471189,310.2894673895948,309.23652715308395,308.27198225143474,307.39126257272943,306.58960372647755,305.86213813914355,305.2039510409199,304.6101708796786,304.0760049958,303.5967970315097,303.1680600358619,302.78550540151167,302.4450676450165,302.14291548581593,301.8754610148715,301.63936918991135
0.0013337636992374962,370.8116589365731,370.6851474044299,370.30706291405824,369.6817347246605,368.81628185397153,367.72046747943716,366.4065031827446,364.88880630653296,363.18371990826233,361.309200914544,359.2844878901393,357.12975662186085,354.8657700545883,352.51353603518646,350.09397850175947,347.6276237227546,345.1343211717632,342.6329897986939,340.1414015760547,337.6760030537292,335.2517744725658,332.8821304268702,330.57885024709964,328.35205842672246,326.2102200994443,324.1601795535686,322.2072237869384,320.35515741690057,318.6064075340339,316.9621268551394,315.4223330694339,313.98601563601494,312.65128205625473,311.4154764113195,310.27531966592977,309.2270062817796,308.2663460107446,307.3888444968682,306.58981073532243,305.8644472375026,305.20790551891974,304.6153758173324,304.0821225899987,303.6035416697067,303.1751933402089,302.79283135007836,302.4524277931392,302.15018446037703,301.88254225536724,301.64619098564987
0.0013387636992374962,370.2660093947507,370.140885137584,369.76694232699117,369.14845010642836,368.2924288832104,367.208507112764,365.90872875039696,364.4073145450907,362.7203865060728,360.8656610287702,358.86212190522497,356.72968126908563,354.488834873578,352.1603249782131,349.76481635870863,347.32258695612927,344.85325263936,342.3755167051437,339.9069561081321,337.4638449522266,335.061014945247,332.7117566908358,330.427750205637,328.2190447828285,326.094053589361,324.0595907783774,322.1209333160181,320.2818939611631,318.5449239936777,316.9112141911064,315.3808317495682,313.95282502207414,312.62536757038714,311.39587465530036,310.26114160682965,309.2174389539303,308.2606524463062,307.3863626083005,306.58995101856453,305.8666895508943,305.2117953634878,304.620519923197,304.0881843218647,303.6102361758237,303.1822826668732,302.8001196267976,302.45975651261716,302.1574280235831,301.8896037573127,301.6529982906047
0.0013437636992374962,369.7253054274899,369.60155293999355,369.23170555901754,368.6199731075804,367.7732786844905,366.7011177956699,365.41536896460076,363.9300589043057,362.2610914295864,360.4259454816215,358.4433533035772,356.33296666973735,354.1150174306114,351.8099854710922,349.438279476212,347.01993193382486,344.57432773478814,342.1199568657447,339.67420329303957,337.2531703736154,334.8715426424251,332.5424877354179,330.2775870507667,328.0868150664687,325.9785330808718,323.9595249512191,322.03505722367606,320.20895021785753,318.4836786626707,316.8604705322378,315.33944157568044,313.9196980277219,312.599478466695,311.37626828685893,310.2469361560852,309.2078276793457,308.25490366709573,307.3838186503785,306.59002599022483,305.86886620048153,305.2156214388126,304.62560383911864,304.0941906437483,303.6168808433638,303.1893281786598,302.8073702892501,302.46705377849355,302.16464608784133,301.89664538765294,301.6597909408212
0.0013487636992374962,369.18954619622417,369.06715003172945,368.70135200444525,368.09630340709623,367.25883132347616,366.1983000711489,364.92642492244556,363.45704109623273,361.8058370493459,359.990057327444,358.02818583020525,355.93961724824396,353.74432280107567,351.46252319590917,349.11437408482664,346.71966536482023,344.2975535660346,341.8663177012471,339.44315077385187,337.04398709124666,334.68336537653033,332.3743313240565,330.1283684139989,327.9553767011518,325.86366572163774,323.8599888853254,321.94960194010605,320.13633219580146,318.42267710044484,316.8099009706043,315.2981671640302,313.8866387937005,312.5736184186228,311.35666052720273,310.23270610350664,309.1981748419427,308.24910168017834,307.3812142848343,306.59003699970873,305.8709782569168,305.2193845701469,304.63062817739393,304.10014198596593,303.6234759497286,303.19633002688147,302.8145833870405,302.47431956046,302.1718385621165,301.9036670112339,301.6665687711495
0.0013537636992374963,368.6587279679146,368.5376727452899,368.1758781906109,367.57743785100206,366.749084079843,365.7000517554796,364.44189506508746,362.98826025834853,361.35462325218896,359.5579972361181,357.61662095203314,355.54963526319966,353.37675401135516,351.11794190586085,348.79310460835256,346.42179227426004,344.0229356798058,341.614605192221,339.2138048721224,336.83630167227636,334.49648986501205,332.20729423165193,329.980101039423,327.8247363183291,325.7494579565555,323.7609887741754,321.8645733523729,320.0640454309077,318.3619244574247,316.7595102469886,315.25701283134424,313.8536512072811,312.54779088682255,311.3370544203912,310.2184540927347,309.18848270616627,308.24324839595505,307.3785510960419,306.5899853352467,305.87302674310513,305.22308554601375,304.63559352252355,304.1060387581875,303.6300217573125,303.2032883522192,302.82175896247236,302.48155382338706,302.1790053523482,301.9106684911312,301.6733316155048
0.0013587636992374963,368.1328442915537,368.01311470163296,367.65527795250546,367.0633706246737,366.24403161638185,365.2063681033022,363.96177533803643,362.523713108357,360.90744758995953,359.1297636351503,357.20865799294165,355.16302093502014,353.01231215885207,350.7762435374945,348.4744737682253,346.12631610002416,343.7504781503727,341.3648239603487,338.9861706618523,336.63011954459864,334.3109217905688,332.0413822984548,329.8327908316508,327.6948997998041,325.63591556505236,323.6625302241015,321.77997683274987,319.99209501066406,318.30142549604625,316.7093027688228,315.2159826100297,313.8207389150853,312.5219991298934,311.3174528422731,310.20418262863285,309.1787534230653,308.237345633125,307.37583059504504,306.5898722271449,305.87501263681196,305.2267251202881,304.6405004328656,304.11188135074354,303.63651851453267,303.210203285532,302.8288970511844,302.4887565278236,302.1861463618428,301.9176496889592,301.68007930711127
0.0013637636992374963,367.6118861651527,367.4934669767183,367.1395425979845,366.5540934158543,365.7436661389957,364.7172419638129,363.48605934282523,362.06339409067743,360.4643054202379,358.70535284415155,356.8042942615847,354.7797725667735,352.65099652560446,350.43742831696545,348.158482682355,345.8332387841683,343.4801836637056,341.11697734541315,338.76025203955294,336.42544506025064,334.1266658582068,331.87660048112446,329.68644290124547,327.56587231791866,325.52304369642934,323.56461828519014,321.69581726557436,319.9204855973338,318.2411846106777,316.6592826271875,315.1750802625901,313.7879053352349,312.49624621455473,311.29785850895286,310.18989408428655,309.16898903604306,308.2313951233804,307.37305422336647,306.58969885085787,305.8769368731268,305.2303040141615,304.6453494421943,304.1176701358578,303.6429664567994,303.2170749486185,302.8359976827478,302.49592763046456,302.19326149164164,301.92461046516075,301.6868116787325
0.0013687636992374963,367.09584219376865,366.9787182591126,366.62866106411775,366.04959556893124,365.24797754812147,364.23266392859244,363.0147384805607,361.607295515102,360.0251900395564,358.28475920214066,356.403525172393,354.399886658584,352.2928046858687,350.10149486066206,347.8451309587363,345.5425608595351,343.21205359717464,340.8710674782369,338.5360517906294,336.22228155549436,333.94372584931403,331.71295290112096,329.5410616077818,327.4376583736485,325.41084690336754,323.4672574805776,321.6120990727104,319.849221449952,318.18120584650603,316.6094536129277,315.13430929529125,313.7551536688665,312.47053502528826,311.27827398481094,310.1755907076333,309.15919148630235,308.22539851585015,307.37022335661175,306.5894663298924,305.87880034679074,305.2338229179968,304.65014106117087,304.1234054688075,303.64936580742886,303.2239034549341,302.8430608812277,302.5030670845921,302.2003506408666,301.93155067927995,301.6935285628872
0.0013737636992374963,366.58469873909144,366.4688549991783,366.12262006519035,365.5498642309795,364.7569535820746,363.7526224715551,362.5478020878328,361.1554076880758,359.59009280953603,357.86797518809396,356.00634436017145,354.02335801598656,351.9377326080218,349.76844027052636,347.5344167841322,345.25428153181633,342.9460880950719,340.6270953498064,338.31357165229866,336.0206314077684,333.7621046729223,331.55044289058617,329.3966506006752,327.3102618327284,325.29932917370354,323.37045183423527,321.5288262376987,319.7783064451894,318.12149291745044,316.5598192319383,315.09367297112203,313.72248691105165,312.44486827347873,311.25870169010693,310.16127462774523,309.14936261800347,308.21935738130696,307.36733930787966,306.58917573855524,305.88060391439615,305.2372824930803,304.6548757787314,304.1290876890186,303.65571677850403,303.230688910265,302.85008666571133,302.51017484048856,302.207413707045,301.9384701902185,301.70022979205197
0.0013787636992374963,366.0784400610736,365.96386155032843,365.621404232835,365.0548844900429,364.27057995278113,363.2771040814707,362.0852375654141,360.707719037026,359.1590032763513,357.4549915351263,355.61274378864704,353.6501798525716,351.5857747511065,349.43826022437406,347.22633700811355,344.9683987573283,342.6822861401969,340.38506087679855,338.09281237324143,335.82049608969,333.5818044143213,331.389073035858,329.25321285791085,327.1836859599202,325.18849396057544,323.2742048973305,321.44600232867,319.70774409714767,318.06204922315914,316.51038271966615,315.05317432209,313.68990786115455,312.41924850608376,311.23914390818874,310.1469478607846,309.13950418315164,308.21327321615286,307.36440333099034,306.5888281045519,305.8823483964666,305.2406833732757,304.65955406339685,304.1347171210976,303.6620195716847,303.23743141336263,302.8570750508048,302.51725084582563,302.21445058641496,301.94536885647534,301.70691519885264
0.0013837636992374963,365.5770484520576,365.4637203027975,365.12499624874204,364.56463950609543,363.7888404743279,362.8060933874805,361.6270305001655,360.26421622812904,358.73190928390085,357.04579733866626,355.22271385332033,353.28034388725143,351.23692415632405,349.1109490614958,346.92088722272024,344.68490931674125,342.4206456217264,340.14496296371584,337.8737737701733,335.62187622027426,333.4028263811708,331.2288452187524,329.11075072278743,327.05793345153023,325.0783442110288,323.1785197732444,321.3636305200917,319.6375375761476,318.0028778651408,316.46114705487395,315.01281616089045,313.6574191326618,312.3936781138595,311.21960279233065,310.13261231565104,309.1296178462304,308.20714744619494,307.3614166235426,306.5884244114463,305.8840345794233,305.2440261665884,304.664176364509,304.14029407580495,303.6682743789709,303.2441310565418,302.8640260470996,302.52429504602947,302.2214611742111,301.95224653637337,301.7135846162429
0.0013887636992374964,365.08050436381995,364.96841181034944,364.63337697036525,364.0791106350921,363.31171718473564,362.33957327800135,361.17316478052595,359.8248842778919,358.30879708103805,356.6403801589612,354.83624347893266,352.9138404364461,350.89117253375997,348.78649986380907,346.6180618379868,344.40380888499243,342.1611633995799,339.90679956182055,337.65645478150714,335.42477161352565,333.2251711472563,331.0697606557374,328.969265938791,326.93300646627347,324.9688823931732,323.0833991413219,321.2817136134154,319.56768972656806,317.9439816620812,316.41211497270825,314.9726010919843,313.6250231625122,312.3681593391668,311.2000803722221,310.11826979933886,309.11970518859454,308.2009814302241,307.3583803298102,306.5879656009891,305.88566321744577,305.24731145664276,304.66874311339814,304.1458188509729,303.6744813834222,303.25078792624197,302.87093966161194,302.5313073846234,302.22844536493386,301.9591030882704,301.7202378776725
0.0013937636992374964,364.58878652792833,364.4779149103176,364.14652555001265,363.5982775464975,362.83919046133184,361.8775250133885,360.7236227059431,359.3897066588854,357.8896514231942,356.23872611823026,354.45332021185504,352.5506585014729,350.54851034460495,348.4649045328029,346.31785415356586,344.1250920975936,341.9038353654729,339.6705677250427,337.4408535182702,335.22918132455067,333.0488385940138,330.91181993511896,328.82875968270105,326.80890665457764,324.86011052196716,322.9888452794255,321.2002540566829,319.49820308378685,317.8853631643892,316.3632889771095,314.93253152211844,313.59272221995644,312.3426942833836,311.1805785601266,310.10392202202013,309.10976771263734,308.1947764634079,307.3552955434856,306.5874525753224,305.8872350342315,305.2505398040789,304.67325472448556,304.15129173237165,303.68064075983517,303.2574021035566,302.8778158981949,302.53828780355053,302.2354030526022,301.9659383707586,301.7268748172457
0.0013987636992374964,364.10187206978134,363.9922068373436,363.66441954769033,363.1221183346515,362.3712391300802,361.41992833269626,360.2783850905853,358.95866539995734,357.47445566869993,355.8408199927601,354.0739303076741,352.1907858514048,350.2089268791231,348.14615386251353,346.0202564266615,343.84875261353255,341.64865650084397,339.4362636630341,337.2269673124257,335.03510369332616,332.8738279499531,330.7550230523451,328.6892325960273,326.68563518641196,324.7520301837085,322.89486008535874,321.1192539631537,319.429079890275,317.8270246680163,316.3146713526029,314.892609670319,313.56051841497236,312.317284913943,311.16109915672905,310.0895706018696,309.09980684574435,308.18853378050824,307.35216331028084,306.58688619906803,305.88875072466215,305.25371174787335,304.67771159632423,304.15671299452606,303.6867526753821,303.2639736647306,302.88465475792606,302.5452362434756,302.2423341309894,301.97275224285056,301.73349526986885
0.0014037636992374964,363.6197366166759,363.5112633311613,363.1870350380383,362.65060962430647,361.90784056919165,360.96676155486807,359.8374313616398,358.53174118122604,357.0631918701006,355.4466453002184,353.69805881424276,351.8342091016453,349.8724103305975,347.8302376087419,345.7252599364773,343.574783174955,341.3956209318223,339.2038827915191,337.01479276274165,334.8425363862523,332.70013782808826,330.59936944353404,328.5506848148672,326.5631927777223,324.64464255930045,322.8014450972198,321.0387151290023,319.36032211088985,317.7689682275876,316.2662641755007,314.8528375773875,313.5284137062595,312.29193307101957,311.1416438566894,310.0752170696455,309.08982394404546,308.1822545589337,307.348984630393,306.5862673013051,305.8902109563795,305.25682780658764,304.6821141125828,304.16208290148614,303.6928172902122,303.2705026816289,302.89145623947223,302.552152644069,302.2492384938456,301.9795445641545,301.7400990713898
0.0014087636992374964,363.14235440022895,363.0350587387493,362.71434671168197,362.1837266706584,361.44897080733426,360.51800167465103,359.4007396524994,358.1089134241364,356.6558408607317,355.0561843824482,353.32568965043686,351.48091378845027,349.53894786547266,347.5171445547219,345.4328550453648,343.30317566379944,341.1447219814,338.9734197800924,336.804325778339,334.6514764356084,332.52776626148665,330.44485801731986,328.41311599827156,326.4415797155482,324.53794844636053,322.70860151274564,320.958639050139,319.2919314474112,317.71119566888433,316.2180693245516,314.8132171149259,313.4964099088378,312.26664047388283,311.12221425391823,310.0608628730397,309.07982029597713,308.17593992163523,307.34576046084203,306.58559667744504,305.8916163712786,305.25988847954915,304.68646264297377,304.1674017075542,303.6988347580183,303.2769892221768,302.8982203394314,302.55903694427326,302.25611603510623,301.98631519503755,301.7466860587278
0.0014137636992374964,362.66969835345435,362.5635661111547,362.24632797129857,361.72144345416365,360.9946046167278,360.07362445352214,358.96828689110487,357.6901603768465,356.25238233681443,354.66941848398204,352.9568056808524,351.1308844396182,349.20852568989574,347.2068625734262,345.1430312568527,343.03392115555187,340.89595221895644,338.7448685975977,336.59556162004424,334.46192027702756,332.35671073703725,330.291487185108,328.2765253551957,326.320795881891,324.4319482802331,322.6163302076984,320.8790269382007,319.22390935236007,317.65370860070976,316.17008849106446,314.7737499939167,313.46450870126995,312.24140872693533,311.10281184658993,310.0465093808108,309.06979712566454,308.1695909398548,307.3424917176886,306.58487509100723,305.89296758692046,305.2628942479684,304.6907575441318,304.17266965797035,303.70480522657044,303.28343335077415,302.9049470526541,302.56588908255264,302.26296664908625,301.9930639967798,301.75325606999564
0.0014187636992374964,362.201740202784,362.09675729527396,361.7829510226819,361.26373277042245,360.54471560139984,359.63360450589465,358.54004888370935,357.27545919519224,355.85279493530555,354.2863278265075,352.5913887866577,350.78410464154973,348.8811291128538,346.8993786866913,344.85577727071956,342.76700997027007,340.64930350727593,338.51822255521836,336.3884949396625,334.27386378509175,332.18696822753026,330.13925488982386,328.14091167011355,326.2008407764015,324.3266421539645,322.5246317533469,320.7998797357545,319.15625704213994,317.59650842617486,316.122323188536,314.7344377728822,313.4327116325294,312.21623932545367,311.08343804190747,310.03215788671,309.0597555961339,308.1632086357343,307.3391792781368,306.58410327530305,305.8942651978705,305.26584557599523,304.6949991604419,304.17788698955985,303.71072883821904,303.2898351286853,302.91163637254544,302.5727089971273,302.26979023066315,301.9997908317172,301.75980894461395
0.0014237636992374964,361.7384505552999,361.63460302085844,361.3241869610704,360.81056631539064,360.0992762808571,359.1979153808505,358.11600039430243,356.8647860194659,355.4570563077317,353.906891679497,352.2294199328059,350.44055710287057,348.556742606081,346.59467912132925,344.57108103526997,342.5024317210238,340.4047670471931,338.29347434739935,336.18311981728175,334.0873023071482,332.0185352221416,329.98815863323426,328.0062733273644,326.0817135379485,324.2220298372969,322.43350643309043,320.72119813075807,319.0889755095348,317.539596353431,316.0747747618083,314.6952818656445,313.4010201285314,312.19113366104693,311.0640941606319,310.0178096132131,309.04969681236463,308.1567939847925,307.3358239825307,306.583281935032,305.8955097769659,305.2687429117184,304.69918782482335,304.1830539313432,303.7166057303679,303.2961946144052,302.91828829134766,302.57949662619234,302.2765866754477,302.006495563376,301.76634452341807
0.0014287636992374965,361.2797989814309,361.17707298299536,360.8700058529894,360.3619147661658,359.6582581694173,358.76652963963875,357.6961152199248,356.4581160472289,355.06514319021625,353.5310884272059,351.8708792317977,350.1002237147993,348.2353498609094,346.29274936238335,344.2889297969578,342.24017535988713,340.1623334199879,338.07061609071513,335.97942979671,333.90223069544095,331.85140775540077,329.83819550191726,327.8726083342984,325.9634129651256,324.11811079472926,322.3429542582692,320.642982570314,319.02206553559904,317.4829734058821,316.0274443957804,314.6562835487084,313.36943549834564,312.16609302684805,311.04478144138966,310.00346571506725,309.03962182418775,308.15034791827753,307.3324266362479,306.5824117477954,305.8967018765164,305.27158668811137,304.70332385946887,304.1881707051115,303.7224360359202,303.30251186400335,302.92490280040647,302.5862519081237,302.28335587994354,302.0131780565986,301.7728626487573
0.0014337636992374965,360.82575409334885,360.7241359203037,360.4203768138407,359.91774785757957,359.2216318514255,358.33941892916044,357.2803662620877,356.05542360236484,354.6770314698987,353.1588956322245,351.51574600417473,349.7630856084269,347.9169338422217,345.99357420367835,344.00931014749716,341.9802292216084,339.92199262764905,337.8496393607894,335.77741791914457,333.7186433376433,331.68558143472535,329.6893621919487,327.7399143432831,325.8459375357541,324.0148842026963,322.25297498320424,320.5652332737548,318.9555277009698,317.4266404318997,315.9803331236983,314.6174439682858,313.3379589401077,312.1411186224528,311.02550104476876,309.98912728266356,309.02953162904237,308.1438713254009,307.3289880114969,306.58149336553106,305.8978420294412,305.2743773239266,304.70740757654437,304.1932375259697,303.72821988369816,303.3087869314477,302.9314798904196,302.59297478167014,302.29009774169674,302.0198381776598,301.7793631645888
0.0014387636992374965,360.3762836192923,360.2757596890642,359.975268081462,359.478034454814,358.7893670525707,357.91655405164545,356.8687255944999,355.6566822005697,354.29269624793363,352.79029009576743,351.1639988359149,349.4291232090712,347.6014768396564,345.6971377958049,343.7322080685896,341.7225810650788,339.68373413111397,337.63053522736845,335.577076755162,333.53653418587504,331.5210514665922,329.54165503237385,327.60818867263106,325.7292854254311,323.9123489659104,322.1635681195072,320.48795024509457,318.8893623966325,317.3705981140712,315.93344183504416,314.5787641469806,313.30659154664414,312.1162115586188,311.0062540572153,309.97479534524416,309.0194271745941,308.1373650554599,307.325508849024,306.58052741587494,305.8989307503467,305.27711522454223,304.71143927884873,304.1982546028487,303.7339573988379,303.3150198689079,302.93801955167044,302.5996651861328,302.2968121594347,302.0264757943766,301.7858459165639
0.0014437636992374965,359.9313544740242,359.831911333497,359.53464708586415,359.04274262224743,358.3614327075027,357.4979050307236,356.4611645272929,355.2618646114625,353.91211189924593,352.4252479148657,350.8156156328869,349.09831628785525,347.28896051620603,345.4034236916689,343.4576089743894,341.4672181127131,339.44754688659305,337.41329428764027,335.37839843511716,333.35589678428204,331.35781268141847,329.39507000752457,327.4774283265017,325.6134545251733,323.81050373290884,322.0747329496953,320.4111332848782,318.8235698341664,317.3148469779999,315.88677128304613,314.5402449901525,313.27533431082577,312.0913728617372,310.9870414947407,309.96047087395164,309.0093093612253,308.1308299198541,307.321989859733,306.5795145034521,305.899968536547,305.2798007827628,304.7154192604378,304.20322213898737,303.7396487031609,303.3212107270406,302.94452177424597,302.60632306153343,302.30349903319654,302.0330907762098,301.7923107521092
0.0014487636992374965,359.490932825624,359.39255715238255,359.0984805153421,358.6118396887246,357.93779702394147,357.08344117406955,356.0576536679238,354.87094291748895,353.5352521292091,352.0637445366208,350.470573672515,348.7706440106517,346.97936595434146,345.1124148897299,343.18549775182515,341.21412708784806,339.2134193800702,337.19790669789387,335.18137467803103,333.17672429525,331.19585955721516,329.2496027782413,327.34763001383044,325.4984424582014,323.70934691084636,321.98646854014925,320.3347820014592,318.7581500554983,317.2593874006848,315.84032209182766,314.5018872919745,313.2441881306644,312.0666034780889,310.9678643064495,309.9461547847311,308.999179044402,308.12426669400134,307.31843172622337,306.5784552111014,305.9009558690311,305.28243437957696,304.71934780721324,304.2081403323884,303.74529391552403,303.3273595552569,302.950986548242,302.61294834877083,302.31015826445343,302.039682994358,301.7987575205016
0.0014537636992374965,359.05498415880237,358.9576627622156,358.6667343791463,358.1852923094312,357.5184275434559,356.67313113280136,355.6581629789256,354.4838885697834,353.1620900274023,351.7057548096701,350.1288496527984,348.4460849845284,346.6726736997902,344.8240938750503,342.9158587988837,340.96329425026,338.98133966007765,336.98436220359577,334.98599681904363,332.9990095243227,331.03518624207726,329.1052487020552,327.21879016633545,325.3842465959093,323.60887667957275,321.8987737534452,320.2588958217362,318.6931029421874,317.20421961849775,315.79409476321456,314.4636917412014,313.21315381416525,312.0419042778958,310.94872337789644,309.9318479410898,308.98903703692554,308.11767611915894,307.3148351042511,306.5773501010371,305.90189321337937,305.2850163848743,304.7232251974795,304.21300937624636,303.7508931521473,303.33346640197306,302.95741386395406,302.6195409897673,302.31678975622197,302.0462523218462,301.8051860729387
0.0014587636992374965,358.6234733349135,358.52719315706395,358.2393740668871,357.7630665245495,357.10329119908266,356.26694295779254,355.2626618326651,354.10067244114197,352.7925981185941,351.3512530330077,349.7904197388156,348.12461730181894,346.36886380308556,344.5384426582599,342.64867606096027,340.7147054298956,338.75129536882815,336.77265016797,334.7922558355055,332.82274494389,330.8757865755682,328.96200285238365,327.09090495564504,325.2708640730585,323.5090910050287,321.811647260094,320.1834740013728,318.628428224267,317.14934373478013,315.748089683218,314.42565892666164,313.1822320839468,312.01727605917864,310.92961953428244,309.9175511567238,308.9788841110732,308.111058904154,307.3112006241157,306.5761997159514,305.9027810206316,305.2875471581235,304.72705170246854,304.2178294593523,303.7564465269234,303.33953131484566,302.963803712056,302.6261009276045,302.32339341316816,302.05279863360687,301.8115962626026
0.0014637636992374965,358.1963646488329,358.1011127653031,357.8163644048392,357.3451278148525,356.69235436994364,355.8648441530587,354.87111906325816,353.72126487625167,352.42674841109596,351.00021300228866,349.45525960684336,347.80621858194195,346.06791585899657,344.255442812543,342.38393306537256,340.46834605890587,338.52327377178847,336.5627595991521,334.60014237177404,332.647922715705,330.71765410905346,328.81986003678446,326.96397030959423,325.15829180223614,323.40998765199777,321.72508754971545,320.1085156345292,318.56412548866257,317.09475972707736,315.7023071282076,314.3877893424897,313.15142358164115,311.9927195514297,310.9105535434962,309.9032651980174,308.9687210006349,308.10441572702905,307.307528891978,306.57500458006,305.90361972811013,305.2900270490138,304.73082758683637,304.222600766474,303.76195415170764,303.3455543409918,302.97015608376694,302.6326281066507,302.3299691417045,302.05932180655526,301.81798794472087
0.0014687636992374966,357.77362188285866,357.6793855033812,357.397669709302,356.9314411543954,356.2855829330142,355.46680172636104,354.48350301578745,353.34563573931825,352.0645124426119,350.6526080537474,349.12334448620703,347.49086601107615,345.7698090439508,343.97507550874883,342.1216129541278,340.22420120206704,338.29726178577107,336.3546791759896,334.40964676278037,332.47453471229176,330.5607821250355,328.6788148143215,326.8379819277258,325.04652648761356,323.31156419624085,321.6390929416768,320.0340196631279,318.5001941872092,317.04046745402866,315.65674727079266,314.3500833931079,313.1207288720848,311.9682354191108,310.89152611901125,309.888990786422,308.9585484028504,308.09774723660587,307.30382049111097,306.57376520009444,305.9044097601988,305.2924563980621,304.734553109131,304.22732347871454,303.7674161365901,303.35153552719487,302.9764709710066,302.63912247267785,302.3365168500805,302.06582171965937,301.8243609766209
0.0014737636992374966,357.35520835778465,357.26197482676434,356.9832538371618,356.52197106044673,355.88294231218293,355.0727822371693,354.0997815929552,352.9737544592143,351.70586132371466,350.3084111058468,348.7946491989777,347.1785363798035,345.4745221515421,343.69732154871554,341.861698515033,339.9822555856703,338.07324600561793,336.14839727255577,334.22075905642635,332.30257253729474,330.40516365553987,328.53886151208,326.71293529604156,324.93556463803975,323.2138180360497,321.55366159522106,319.9599848856769,318.4366336442877,316.98646666193105,315.61141018542344,314.31254139797363,313.09014844731064,311.94382426498464,310.8725379226434,309.87472860072035,308.9483669802523,308.0910540539721,307.3000759830891,306.5724820662433,305.90515152908165,305.2948355371864,304.7382285222345,304.2319977738498,303.77283259015155,303.3574749200974,302.9827483665405,302.64558397297117,302.34303644846466,302.0722982540039,301.8307152177811
0.0014787636992374966,356.9410869812867,356.84884377820197,356.57308023379613,356.116681640798,355.4843975247406,354.68275184211416,353.71992229930083,352.6055900722797,351.3507657790621,349.96759469877253,348.46914819762287,346.8692061188178,345.1820336262254,343.42216139689737,341.6041722112285,339.7424936249531,337.8512127295457,335.9439019814409,334.03346903487056,332.13202754482455,330.2507914995984,328.39999424087586,326.58882570103384,324.82540257950177,323.11674640324264,321.4687915191113,319.88640996567284,318.3734430640978,316.93275699099104,315.56629585372815,314.2751635961012,313.05968273035097,311.9194866332882,310.8535895671775,309.86047927918173,308.9381773624197,308.0843367738956,307.29629590891705,306.5711556530459,305.9058454354431,305.297164790249,304.74185407377996,304.2366238266453,303.77820361970316,303.3633725663813,302.98898826411454,302.6520125564303,302.34952784902214,302.0787512928495,301.8370505298784
0.0014837636992374966,356.531220293756,356.43995503344615,356.16711197845405,355.7155366385809,355.0899132254226,354.29667633805354,353.343892283101,352.24111126288426,350.9991961864698,349.63013103187643,348.14681560070807,346.562851332793,344.8923215952819,343.14957521037735,341.34901620922,339.504899450146,337.6311479832171,335.7411811358783,333.8477662347566,331.9628908578481,330.09765823987374,328.2622069101981,326.4656482430377,324.71603646698355,323.02034637363306,321.38448058081246,319.8132934396035,318.310621537585,316.87933798128097,315.5214041695975,314.2379501503706,313.02933207886093,311.89522301275554,310.8346816188682,309.8462434216143,308.9279801476467,308.07759596616813,307.2924807901027,306.56978642023904,305.9064918691302,305.2994444735695,304.7454300065447,304.24120180915554,303.7835293315109,303.3692285129354,302.9951906585802,302.6584081736628,302.35599096598463,302.08518072168704,301.8433667768297
0.0014887636992374966,356.1255705117049,356.03527094455035,355.76531182723295,355.31849947471716,354.6994537481285,353.91452120287124,352.9716583760706,351.88028640186576,350.6511226139401,349.295991999173,347.82762522675097,346.259447832507,344.6053638991426,342.87954286734794,341.0962124054878,339.2694569312019,337.4130375426017,335.54022233076444,333.66363996643514,331.79515338566927,329.94575625846693,328.1254932424212,326.34339784893416,324.60746229575136,322.9246148769945,321.30072651523494,319.7406337245693,318.24816804904134,316.8262090784137,315.4767349440289,314.2009011516329,312.99909678857045,311.8710338394975,310.81581459982294,309.8320215913189,308.9177759045303,308.07083217688415,307.2886311296759,306.5683748135622,305.9070912097809,305.3016748964101,304.7489565588214,304.24573189100397,303.7888098310066,303.37504280701245,303.0013555460111,302.66477077707054,302.36242571571523,302.09158642828663,301.8496638248322
0.0014937636992374966,355.72409956886526,355.63475358086606,355.367642253775,354.92553328811533,354.31298314543164,353.5362516341186,352.6031871309683,351.5230835829483,350.30651485475454,348.96514922298195,347.511550626313,345.95897116530017,344.32113812015143,342.61204399412935,340.845742451737,339.0361497012701,337.19686695568487,335.3410129426268,333.48107933222894,331.62880584054477,329.7950777519471,327.9898467863229,326.22206928423583,324.49967591209526,322.82954870654714,321.2175269330605,319.66842912554245,318.1860814823906,316.773369638949,315.4322879097437,314.1640166226223,312.968977096574,311.8469194997458,310.79698899027073,309.8178143169491,308.9075651734814,308.0640459296559,307.28474741315665,306.56692126551934,305.90764382741867,305.3038563614338,304.7524339647673,304.25021423964733,303.79404522298415,303.38081549637513,303.0074829238101,302.67110032092904,302.36883201676807,302.09796830274337,301.85594154239806
0.0014987636992374966,355.32676915509285,355.2383647678529,354.9740654877916,354.5366009737263,353.9304652259869,353.1618325856058,352.23844485721315,351.169470657238,349.96534246071695,348.63757408580784,347.1985651124187,345.66139664395223,344.0396216098395,342.34705799080075,340.59758777885895,338.80496117898036,336.98262156307914,335.14354014858776,333.3000732437871,331.46383875347624,329.6456147456421,327.85526092993996,326.10165716458465,324.3926730235501,322.7351445279884,321.1348793286696,319.5966778422809,318.1243606271783,316.72081893554554,315.38806272558537,314.1272965216842,312.9389731844656,311.82288033246715,310.77820523072404,309.80362209428296,308.89734846816276,308.0572377267699,307.28083010947495,306.5654261961036,305.9081500830163,305.30598916513844,304.7558624547344,304.25464902062276,303.7992356117844,303.3865466294314,303.0135727908093,302.6773967614608,302.37520978994183,302.104326237518,301.8621998003871
0.0015037636992374967,354.93354075318484,354.84606612380543,354.584543551524,354.1516652185629,353.55186358994047,352.79122880204284,351.8773976546074,350.81941526588906,349.62757477364516,348.3132377605452,346.8886417893815,345.36669937405685,343.760791514788,342.08456405550965,340.35172961966316,338.57587458958824,336.7702865175926,334.9477909443749,333.1206104385717,331.30024248921876,329.49735910722336,327.7217289127949,325.9821559666915,324.28644920862376,322.6413988880899,321.05278108769096,319.5253779759136,318.0630041842771,316.6685561618689,315.34405898071174,314.0907407463285,312.90908518132585,311.7989166318546,310.7594637240383,309.78944538790955,308.887126276858,308.0504080502858,307.2768796718439,306.5638900134835,305.90861032902865,305.3080735982656,304.75924225557935,304.25903639778085,303.8043811014669,303.3922362553611,303.0196251473617,302.68366005690143,302.38155895832915,302.1106601274737,301.8684384720354
0.0015092636992374967,354.50587465927777,354.41940867952025,354.16089845880157,353.73299562596094,353.14006605645733,352.3881087607818,351.48464689421667,350.4385919028607,349.2600860907902,347.9603262217798,346.5513744212734,345.04596061505765,343.45727955847707,341.79879058036914,340.0840227374864,338.3263848002084,336.53899532376323,334.7345217861368,332.9250415736849,331.1219213805623,329.335717937117,327.5761007644217,325.85179136503854,324.1705325308965,322.5390644576404,320.9631285632929,319.4474867926662,317.9959469212938,316.61141061986245,315.2959189593461,314.0507252559921,312.8763463749335,311.77264620535607,310.7388979848641,309.7738689372965,308.8758746518551,308.04286904507967,307.2724938588143,306.56215031640033,305.9090608315742,305.31030787415716,304.7629010542114,304.26380507517905,303.809986714166,303.39844449854206,303.026237205266,302.69050940585873,302.3885082403104,302.1175981036381,301.8752770901561
0.0015153136992374968,354.0412699709855,353.95589674029577,353.7006500770141,353.27813779795173,352.6926538355029,351.9500987421821,351.05787287465694,350.0247432242734,348.8606890736819,347.57672902298276,346.18473552221786,344.69724105037557,343.1272389146329,341.48798664954217,339.7928146470202,338.0549393905668,336.2872964018874,334.50238188942456,332.71211584166394,330.9277230621452,329.1596351238086,327.4174138537817,325.7096909228502,324.04413702254976,322.4274376482962,320.86529616677916,319.36245210488306,317.9227053032033,316.5489625934285,315.2432819056541,314.00694342562946,312.8404995202701,311.74385655852416,310.71633579847366,309.7567565256616,308.86348930732555,308.0345445229272,307.26762099464315,306.5601766138483,305.90948921854005,305.3126949369442,304.7668545683521,304.26898125602304,303.81608709657513,303.4052126429106,303.0334553032015,302.6979948296769,302.3961101641886,302.12519420737704,301.88277038217046
0.0015219686992374967,353.53715386977154,353.45296272255456,353.20124646795387,352.7845656745853,352.20713668602104,351.47475386322446,350.594685106719,349.57554157446043,348.4271266619232,347.16026671282475,345.7866294588465,344.31853422519913,342.76875678995253,341.1503367210631,339.47638975247963,337.7599245223411,336.01367862220866,334.2499629587283,332.48052712609416,330.7164422137926,328.96800409305445,327.2446577004336,325.5549370694811,323.9064343788394,322.3057753909397,320.7586217210224,319.2696880417136,317.84276500672036,316.48076444032455,315.1857619455114,313.95906624549275,312.80126762871225,311.71231798575195,310.691590148783,309.7379594104332,308.8498555638452,308.02534988407587,307.26220281967073,306.5579335020021,305.9098797196823,305.3152356929873,304.7711176878378,304.27459138048255,303.8227180589229,303.41258393209887,303.04132841403776,302.7061695461053,302.4044209144304,302.1335065035936,301.8909773841479
0.0015292891992374968,352.99090333769516,352.9079887965604,352.66008530971243,352.24970259198597,351.6809734733047,350.9595780057716,350.09264149453173,349.08860731425176,347.95708945645777,346.70870719605614,345.3549077269491,343.9077806929787,342.37986741051424,340.7839724389214,339.13297998619964,337.43967441932756,335.7165796547762,333.97580644692323,332.22892022080777,330.48682579832814,328.7596721302304,327.05677745271123,325.38656980950657,323.7565559753445,322.1732965390802,320.64240732738733,319.16857545505167,317.75558093788777,316.40634029024534,315.1229475294178,313.9067415681675,312.758353073055,311.6777825814406,310.664458178087,309.71731526823544,308.8348473096983,308.01519112059407,307.25617355638894,306.5553798090085,305.9102124018814,305.3179283445277,304.77570391124385,304.28066166696703,303.8299162201372,303.4206033157153,303.0499079878557,302.7150899034631,302.41350035049845,302.14259717717994,301.8999616075231
0.0015373417492374967,352.39987376670183,352.318335403222,352.07454213755284,351.6709490684045,351.1115993287972,350.40205018886354,349.54927377173976,348.56153318720476,347.44823889858947,346.21978762601384,344.88738947709095,343.4628871132512,341.95856965049586,340.3869887706669,338.76077945176235,337.0924845303572,335.39439768274855,333.6784138643374,331.9558997931207,330.23758074853004,328.53344686973526,326.8526792654861,325.2035910799583,323.5935962990796,322.02918446973143,320.5159212320752,319.0584631453469,317.6605779083408,316.3251862583646,315.05440126505346,313.8495936360673,312.7114368795169,311.6399833593749,310.63472018978655,309.6946471300446,308.8183259107444,308.0039637366749,307.24945886967873,306.5524676188349,305.9104622749269,305.32076759088716,304.78062465166715,304.28721752788124,303.83771853572676,303.42931708878547,303.05924770014974,302.72481523304106,302.42341195754807,302.15253257514024,301.90979116515297
0.0015461995542374967,351.76143488909133,351.6813770727432,351.4420058289097,351.04571773909186,350.4964598271539,349.79965779227757,348.9621195907781,347.9919151112603,346.8982366202771,345.69124219106277,344.3818876371529,342.98175063335646,341.502849619477,339.9574647697519,338.35796335316104,336.71662863825753,335.0455067238402,333.35626036330325,331.6600422980284,329.9673842912446,328.28810512073545,326.6312377283548,325.00497088853894,323.4166179088335,321.8725909803324,320.3784007744425,318.93866997468217,317.5571520234336,316.2367712143494,314.9796601673967,313.78722290633107,312.6601782138488,311.5986334787474,310.60213868503143,309.6697622910607,308.80013904809954,307.9915515609075,307.2419746929824,306.5491411436188,305.91059823580287,305.32374366448914,304.78588837892795,304.29428282771596,303.84616167734606,303.4387723948609,303.0694030776182,302.73540759432416,302.4342227059506,302.1633831738678,301.92053883879225
0.0015559431397374967,351.07301469501374,350.9945462098435,350.7599219938536,350.3714760957179,349.83305282846067,349.1499372692416,348.3287618909932,347.377390007376,346.3047805610555,345.12083637222565,343.8362411891514,342.4622890898521,341.0107087210539,339.4934894509014,337.9227116726616,336.31038035089114,334.66827596851675,333.00781197879576,331.339911195599,329.6748972323925,328.0224043245638,326.3913056114525,324.7896554724284,323.2246581374788,321.70264166849853,320.2290565792127,318.8084880054028,317.4446728982637,316.1405382021045,314.8982364024475,313.71920623158167,312.6042141040838,311.55342560512497,310.56645744899214,309.6424512000651,308.78011947905026,307.97782543810524,307.23362590161116,306.54533542068174,305.9105818238452,305.3268411714192,304.791499566284,304.3018789508461,303.8552812314934,303.44901656100984,303.0804309710851,302.74693138437294,302.446002793149,302.1752234475212,301.93228206657017
0.0015666610837874967,350.332151947089,350.25538545488973,350.02584487811066,349.64579763364407,349.1189785836029,348.4505229394145,347.646876128269,346.7156812377194,345.66564841246816,344.50640821955756,343.2483541329492,341.902477545674,340.4801976806935,338.99319325682467,337.4532380546642,335.8720394092695,334.2610935464883,332.631546912265,330.99407583341696,329.35878053884795,327.7350969534781,326.1317262121346,324.55657773448695,323.0167377668827,321.51844299953177,320.067078172491,318.66718682006405,317.3224868342668,316.0359066210434,314.8096186148253,313.6450974677458,312.5431594536102,311.5040314441229,310.527400710257,309.6124863391416,308.75808372109583,307.9626417912035,307.2243048158674,306.540974810527,305.9103657581213,305.33003770419225,304.7974574068215,304.31002364277015,303.8651106805894,303.4600962282763,303.0923888401964,302.75945277765896,302.4588252362741,302.188131608448,301.94510282421226
0.0015784508222424967,349.5365577055149,349.46160903433736,349.2374981921031,348.8664218205769,348.35199851625157,347.6992042753144,346.91428577865236,346.00465206468357,344.97874879931055,343.845917053678,342.6162415392858,341.30039156025254,339.90945693342974,338.45478549876077,336.94782426837253,335.3999631742564,333.8223950701048,332.2259811927811,330.6211343122243,329.01771551799743,327.4249481330235,325.85134856517016,324.30467019908,322.7918718966116,321.31909126149037,319.8916411998607,318.51401917958026,317.18992109222404,315.9222752842648,314.71327393494335,313.56442858593306,312.47660740398703,311.45010149090047,310.48467240153167,309.57962110845455,308.73383066182794,307.9458410454781,307.2138895172888,306.53597127167365,305.90989222686335,305.333302191908,304.80375426133867,304.31872958442045,303.87568012496365,303.472056235999,303.1053338089846,302.77303895688107,302.47276527809214,302.20218918475587,301.9590873680268
0.0015914195345429966,348.6841859514181,348.61117318941945,348.39284495846584,348.031322984779,347.53010278739384,346.8939917976053,346.1290262423091,345.2423672690204,344.2421803485861,343.1374997562049,341.93808286850856,340.65425738096053,339.29676357075095,337.87659797979603,336.4048604660903,334.8926035145947,333.3506971811331,331.78969894342157,330.2197405617519,328.65042781865395,327.0907567060338,325.549045726634,324.0328806878121,322.54908319499725,321.1036835830749,319.70191640721123,318.3482281645936,317.0462893903617,315.7990264655658,314.6086507608306,313.4767113667517,312.40413010962146,311.39126504199646,310.4379555534295,309.54358873418334,308.7071401002395,307.92724590944937,307.20224196251183,306.53022238834865,305.9090908979074,305.33659295105946,304.81037379663434,304.32800265538185,303.8870146996926,303.4849382131273,303.11932144562235,302.7877570891258,302.4878995624341,302.2174803936011,301.9743258011446
0.0016056851180735467,347.7733129274758,347.7023553048583,347.4901660079836,347.13878776617327,346.6515863040109,346.0331912635723,345.2894168587525,344.4271626679191,343.4542984194569,342.37953445664016,341.21228239788815,339.9625089344316,338.6405847604294,337.2571347487894,335.82289121730594,334.34854910640945,332.8446361382571,331.3213873142306,329.7886357086036,328.2557153520586,326.73137985014034,325.22373625277123,323.7401908422251,322.287417661942,320.8713311428287,319.49708050899943,318.1690559184181,316.89089873736077,315.6655310347852,314.49518240237626,313.3814397521295,312.325279986055,311.32713051768985,310.3869118560629,309.50410122122895,308.6777712286255,307.9066595100446,307.18920588176616,306.5236091286593,305.9078766196249,305.33985539965295,304.81728877136345,304.33783983899224,303.8991326363473,303.4987788248813,303.13440421410706,302.80367299552523,302.504305028569,302.2340912617356,301.9909114172855
0.0016213772599571517,346.8026241870011,346.7338407335215,346.5281461339564,346.1875001634955,345.71513223678033,345.1154852532794,344.3941401845459,343.5577217370639,342.6137887561317,341.57071093950924,340.4375361459632,339.223851072408,337.9396371606146,336.59512757220364,335.20066697010924,333.76657285732267,332.3030112165327,330.8198759068956,329.3266836104772,327.8324800512295,326.34576120555613,324.87440886352096,323.4256375104609,322.00596294228853,320.6211746250357,319.27632901093773,317.9757540655926,316.7230576772494,315.5211547577678,314.37229166052225,313.2780929208372,312.2395914897065,311.2572861428684,310.33118142552394,309.4608483763197,308.64546106907835,307.8838633845926,307.17460445365975,306.5159933147503,305.9061467846717,305.34301939891293,304.82445842690487,304.348226721229,303.9120429173174,303.51360761946535,303.15062954086716,302.8208494568374,302.52205746743925,302.2521084376705,302.0089397686664
0.0016386386160291172,345.7713075474343,345.7048155200969,345.5059661293376,345.17663243681693,344.7199013541499,344.14002052090245,343.44232697210043,342.6331578560771,341.71974667206825,340.7101064757162,339.6129040983926,338.4373279804175,337.1929513418995,335.8895962429696,334.53720016296995,333.14568377916925,331.7248323395666,330.2841802034038,328.83291015430177,327.37976314462526,325.9329622600598,324.5001501007944,323.08833686321594,321.7038691023929,320.3524018745073,319.03889097140666,317.7675958154328,316.5420859741526,315.36526580162234,314.2393963895181,313.1661391387103,312.14658347907823,311.1813010322437,310.27038281442736,309.41349693214954,308.60992288539643,307.85861533991726,307.1582377557066,306.5072147937456,305.90377833520085,305.3459961918503,304.8318254441635,304.3591345371159,303.92574247052295,303.52944441804806,303.16803743622773,302.83934409290435,302.54122967695344,302.27161763301746,302.02850739699085
0.0016576261077082793,344.67914918906195,344.61506227451105,344.4233979868726,344.105939194264,343.665624568388,343.1064985906223,342.43364442824407,341.65309986911086,340.77175958219505,339.79726502951286,338.7378858290221,337.60239499061566,336.39993960947885,335.1399122702193,333.8318246813116,332.48518215130827,331.10937092915765,329.7135481198054,328.306545568115,326.8967833138861,325.49219647126534,324.1001745617085,322.72751090874664,321.3803716185223,320.06426756714274,318.784045576405,317.54388967342504,316.34732569846824,315.1972434369243,314.0959160561329,313.04504041269547,312.0457621956441,311.0987267219752,310.20411330803483,309.36168980999304,308.5708446010413,307.8306472003713,307.13988000233377,306.4970883103982,305.9006243994758,305.34867491791175,304.8393124354373,304.3705167246151,303.94021285645806,303.54629619321327,303.1866576105697,302.85920675185025,302.56188914960177,302.29270162499427,302.04971015944534
0.0016785123485553576,343.5266290570937,343.46505536609004,343.280899471644,342.9758509355855,342.55269505330676,342.01526606612924,341.36838435143557,340.6177777076014,339.7699897942325,338.8322769295744,337.81249679263647,336.71899127106144,335.56046489841,334.3458638258747,333.0842567373825,331.7847162525913,330.45621244478224,329.1075083444811,327.74706858400856,326.3829767403022,325.0228652863473,323.6738570097677,322.3425158394281,321.0348161254701,319.7561145468618,318.51114026735866,317.30399457543933,316.13815359262355,315.01648786650776,313.9412792661328,312.9142579498552,311.9366248875851,311.0090991851801,310.1319495511193,309.3050455680698,308.5278872679923,307.7996624836644,307.11927660056705,306.4854001011481,305.89651056797214,305.35091869971586,304.84681795534743,304.3823049585165,303.95541640946726,303.5641533883242,303.20650602950735,302.8804763466757,302.5840952248912,302.315437748923,302.0726410762986
0.0017014872134871438,342.31501058132403,342.25605046851126,342.07970314326764,341.7875622076402,341.3822551958881,340.8674000507232,340.24754670484936,339.52810381560465,338.7152535028517,337.8158551682852,336.83734168770377,335.78761003438194,334.67490763670213,333.50771909833713,332.2946545797419,331.04433832185646,329.7653085209813,328.46591860922865,327.1542508304807,325.83803763622967,324.52459485955865,323.2207653534259,321.93287137247404,320.6666842446835,319.4273962881773,318.2196100043792,317.0473361343545,315.91399449727675,314.8224310380164,313.7749321775034,312.7732583902108,311.81866408293104,310.91194136508807,310.053448557332,309.24315809750595,308.48068365176937,307.76533406772444,307.09614108027677,306.4719042568504,305.8912308442988,305.35256032382125,304.8542120386806,304.39440465800976,303.9712918132339,303.5829856449534,303.2275808636081,302.9031770845808,302.6078956433069,302.3398948104433,302.09738762448586
0.0017267595649121084,341.04641863152216,340.99016239205844,340.8218938190657,340.5431084535321,340.15627258815465,339.6647830413002,339.07291317547185,338.38574514186547,337.60909098884633,336.74940359002994,335.81368042547666,334.8093620909832,333.74422669955464,332.62628448035275,331.4636737650748,330.2645567836453,329.03702603835734,327.78901151985104,326.5281993611268,325.26195743546367,323.99727189348204,322.7406931531143,321.498289963038,320.2756195683954,319.07769973981976,317.9089970798168,316.7734235540862,315.6743355142905,314.6145482198098,313.59634766617074,312.621520749348,311.6913725034833,310.8067662593239,309.9681491647422,309.17559664928905,308.42883702672816,307.7273019458059,307.0701519930719,306.45631894017265,305.8845433450814,305.35339757512253,304.861331308468,304.40668999410525,303.9877491193281,303.6027369303419,303.2498578086542,302.9273140503335,302.6333224499905,302.36612935422806,302.12402840436084
0.0017545591514795697,339.7238987350043,339.670424249643,339.5104675844428,339.2454247602618,338.877598400255,338.4101608087735,337.8471044364487,337.1931796507342,336.45382223726943,335.6350714676922,334.74348150952346,333.7860278714076,332.7700099115155,331.7029533875889,330.59251413222745,329.4463812221568,328.2721899504092,327.07743510040234,325.8693947953295,324.6550604266189,323.4410766809093,322.23369000898106,321.03870449818766,319.86145264421646,318.7067676087829,317.57897073493905,316.4818666358218,315.4187404820521,314.3923700459577,313.4050350603437,312.45854397860364,311.5542486015928,310.69308059559165,309.8755740214637,309.1019063067538,308.371920315368,307.685171212927,307.04094992394334,306.43832259594024,305.8761658758076,305.3531883364287,304.86797374742184,304.41899846965794,304.00466426018977,303.62332009466905,303.273284785076,302.9528681321449,302.6603872178191,302.39418124179616,302.1526291170145
0.001785138696703777,338.35145009745185,338.30082051783484,338.1493649719368,337.89837922586577,337.5500009931884,337.10717629700173,336.5736143522655,335.9537308302867,335.2525817198597,334.4757885044852,333.6294571758793,332.72009259855054,331.7545091213256,330.73974108632365,329.68295421615267,328.5913562021726,327.472116324043,326.3322848625594,325.17872222731654,324.0180333190483,322.85651115570226,321.70008793983976,320.55429286584695,319.4242236178168,318.3145189847443,317.22934570008397,316.1723921948846,315.1468642573123,314.155494678227,313.200550223704,312.283855034835,311.40680270411076,310.57038915720415,309.7752322171657,309.02160906151124,308.3094757580128,307.6385104864197,307.0081348244543,306.41755036042207,305.8657715785384,305.35164563321916,304.8738932923493,304.431125208015,304.02187316686485,303.6446109416297,303.29777607297126,302.9797903198329,302.6890755940725,302.4240685185143,302.1832378099914
0.001818776196450405,336.93402512226066,336.886286706334,336.74347107665074,336.50677380352676,336.17816775293824,335.76037267934123,335.2568144546352,334.67157374348835,334.0093261323925,333.27527432070633,332.4750746435132,331.6147592675937,330.70065483023666,329.7393008453007,328.737368758966,327.70157994073054,326.6386319451235,325.55512409676373,324.45749194005907,323.3519461091744,322.24441964074333,321.14052174808216,320.0454976843382,318.96420109259674,317.90106711795806,316.8600987053304,315.84485914820476,314.85846625497203,313.9035997063346,312.9825057571436,312.09701735694773,311.2485637679506,310.43819985090926,309.6666227228353,308.9342057083064,308.24101536612477,307.58685103777856,306.9712639563264,306.3935909593889,305.8529849331984,305.3484328895951,304.8787944957555,304.44281716797053,304.03916567920044,303.66644196776485,303.32320600464334,303.0079954633531,302.71934122534105,302.45578159208094,302.2158793829101
0.0018557774461716958,335.47748915196985,335.43266937283175,335.29857638509964,335.0763064661828,334.76766908194213,334.3751596264548,333.90192288471576,333.35170698334827,332.72880963522084,332.038017181456,331.2845384577605,330.47393465977194,329.6120458581698,328.70491716691896,327.7587253542062,326.7797041541925,325.7740771072721,324.74798929927226,323.7074471337658,322.65826174970664,321.60600008270603,320.55594143965175,319.51303953083465,318.4818958016665,317.4667331888692,316.4713820272452,315.4992715482985,314.5534227140934,313.6364534284237,312.75058111557354,311.89763968103,311.07908679533926,310.29602966263843,309.54923886393243,308.8391788463053,308.1660224929876,307.52968700087536,306.9298508282192,306.3659844832786,305.83737849557156,305.3431597640751,304.8823276010105,304.4537676027436,304.05627953254685,303.68859601719544,303.3494024213708,303.0373556570066,302.75109918407196,302.4892768043015,302.25054939424376
0.0018964788208651157,333.98853624439386,333.94664230136254,333.8212941520566,333.6134905538908,333.32488044932575,332.9577387377658,332.5149338173392,331.9998866236441,331.4165227775131,330.76921824809796,330.0627403252071,329.30218491765896,328.49291071783574,327.6404729230891,326.75055721694764,325.8289122517775,324.88128894331464,323.91337829130964,322.9307564287513,321.93883259000023,320.94280395329133,319.94761509089255,318.95792227134893,317.9780679020189,317.01205508096143,316.0635332771593,315.1357889536228,314.2317372531851,313.35392523531516,312.504532509953,311.6853851959803,310.89796102685466,310.1434117195528,309.4225741295556,308.7359973577695,308.08395494557095,307.4664771183269,306.8833656114118,306.3342215360355,305.8184708674883,305.33537904893547,304.88408449357087,304.46361119618837,304.07289481815303,303.7108002075019,303.37614020456226,303.0676935109465,302.7842191080261,302.524469556281,302.2872072783591
0.0019412503330278777,332.4745600186013,332.4355778737022,332.31893333847984,332.12553029043494,331.85686145091705,331.51498704495907,331.1025062278763,330.6225209753208,330.07859386453225,329.474700064388,328.8151751075161,328.10465931345215,327.34803930202196,326.55038898642226,325.7169106692262,324.8528744784072,323.9635639309589,323.05421970623445,322.12998987836164,321.19588239782854,320.25672371550763,319.3171211614553,318.38142960250417,317.4537271206535,316.53779051227355,315.6370809159176,314.75473375114814,313.89354946052487,313.05599497090657,312.244202588065,311.4599811468886,310.7048191241115,309.97990376428606,309.2861297058198,308.6241228220604,307.994250152144,307.3966485838661,306.83123762223505,306.2977443624875,305.79572650866186,305.3245852354685,304.8835961128081,304.4719204332803,304.08862943827086,303.73272060445004,303.40313530964426,303.09877568421183,302.8185183692153,302.5612272435925,302.32576916812013
0.001990498996406916,330.9434828454671,330.9073768893966,330.7993303091375,330.62015557446347,330.3711948570185,330.0543014074064,329.67181463667515,329.2265285762779,328.7216549711184,328.16078124392277,327.547824697781,326.88698368966516,326.18268612341365,325.43953736509917,324.6622681316226,323.85568059758543,323.02459998392095,322.17382409964705,321.30807861553177,320.43197398074284,319.5499677940143,318.6663301388882,317.78511266205857,316.91012560399145,316.0449143921901,315.19274539528743,314.35659538038664,313.53914153020713,312.74276135013076,311.969530052284,311.22122912431,310.499347660275,309.80509843706886,309.1394242017291,308.5030183988626,307.8963329764414,307.31960361838185,306.7728605447331,306.2559506518988,305.7685581000177,305.31021545531127,304.88033202332707,304.4782038815045,304.1030362001473,303.75395824807083,303.43003985541566,303.1303071753373,302.8537557060457,302.59936236847517,302.36610062037994
0.002044672526123858,329.4035515429823,329.3702649607609,329.2706473154726,329.1054239050617,328.8757932808207,328.58341114873747,328.2303688458172,327.81916605068056,327.35267882238486,326.8341231362299,326.26701509290154,325.6551284101965,325.0024494659985,324.31313172622066,323.5914500436719,322.84175309379157,322.0684206897216,321.27581885532265,320.4682599515393,319.6499639082867,318.8250242724504,317.9973764994091,317.170769494044,316.34874409666594,315.53461090684834,314.7314363411765,313.94203181730796,313.1689432735863,312.41444975946956,311.6805595547003,310.9690164110651,310.28129933313545,309.61863583145,308.98200608840085,308.3721607573748,307.7896268087115,307.23472945857804,306.7076011139559,306.208200770589,305.7363322336211,305.29165358397915,304.8737029312633,304.4819071562091,304.11560229799284,303.7740472442057,303.45643893778725,303.16192698507194,302.8896258707921,302.6386263120608,302.4080096528915
0.002104263408812494,327.86311261314756,327.8325684722198,327.7411506115927,327.5895020568203,327.3786857627285,327.1101708289562,326.78581408803774,326.40783671807617,325.9787968268356,325.50155811657635,324.9792556326681,324.41525909493475,323.81313401165124,323.1766021603302,322.50950186386416,321.81574636168716,321.0992865050427,320.3640710760862,319.6140115352461,318.85294740855824,318.08461590627707,317.31262314069625,316.5404181452059,315.77127290074156,315.0082615110359,314.25424673371816,313.51186909778323,312.7835361540338,312.0714199956653,311.37745236774214,310.70332885703874,310.0505073682989,309.42021880794385,308.813469367493,308.2310556088968,307.67356853832774,307.14141241189134,306.634811960658,306.1538291666865,305.6983792071968,305.2682383101694,304.86306696387146,304.48241739117486,304.1257519948035,303.792455711628,303.4818499241788,303.1932058622139,302.92575594767186,302.678704356873,302.4512406099577
0.002169813379769994,326.33038402746905,326.3024870537742,326.21898498248424,326.0804440022539,325.8878003814993,325.6423487770171,325.3457266358473,324.99989434218213,324.6071119231477,324.169912373325,323.6910724455906,323.17358131047473,322.62060722613194,322.03546357484186,321.42157464440436,320.78243950023585,320.121599675742,319.44260441126,318.74897975281027,318.04419789821964,317.3316502455978,316.6146214768836,315.89626604161714,315.1795897871498,314.4674305854089,313.7624454928904,313.0670999994508,312.3836572311847,311.7141746489673,311.06049840482956,310.4242657674654,309.8069025460703,309.2096314786197,308.6334728868517,308.07925728570194,307.54762789015666,307.03905650847327,306.55384920144337,306.09216058470435,305.65400761132275,305.23927590295295,304.84774047967244,304.47907200599604,304.1328533077612,303.80859038756284,303.50572501713634,303.22364689365577,302.9617040624909,302.71921262871183,302.49546946355713
0.002241918347823244,324.8132426287367,324.7878815760047,324.7119635119814,324.5859836125304,324.4107610145066,324.1874289917714,323.9174218666466,323.6024583146459,323.2445217576309,322.84583786535546,322.4088498755602,321.93619205145893,321.43066137133417,320.89518860033274,320.33280907937353,319.7466316346803,319.1398108498584,318.51551686596315,317.8769085310243,317.2271064760148,316.56916942077874,315.9060710325746,315.24067883146944,314.5757374622873,313.91385084781035,313.2574701130693,312.60888314742493,311.97020396700054,311.3433688315648,310.7301300971957,310.13205716849257,309.5505331201788,308.9867610760101,308.4417634968121,307.9163925684303,307.4113313584503,306.9271070324792,306.46409511652394,306.02253149840055,305.6025241858319,305.2040582191786,304.82701401151706,304.471172424033,304.13622939148473,303.821805613855,303.5274578237966,303.25268967553274,302.99696120691317,302.7596976535227,302.54030120537186
0.0023212338126818188,323.31904549797224,323.2960959611834,323.22739072288414,323.11336000104325,322.9547157418949,322.7524434395128,322.507791255106,322.2222561053143,321.8975673100306,321.5356677887404,321.1386933957547,320.70895064271906,320.2488928653918,319.76109580178286,319.24823287912807,318.71304868138,318.1583353727146,317.5869066774432,317.00157475670227,316.4051267589902,315.80030418363043,315.18978239518174,314.57615187785,313.961903159753,313.3494105390534,312.7409208826875,312.13854366135917,311.54424065700755,310.95982172286807,310.3869383662726,309.82708351280723,309.2815875656645,308.75162306432867,308.2382028665197,307.7421885777749,307.26429057966817,306.80507882313987,306.3649858724228,305.94431679849265,305.5432590685422,305.16188616343345,304.800173642659,304.4580031237067,304.1351750764823,303.83141722518553,303.54639450430113,303.27971867669856,303.0309568124725,302.79963917389017,302.58526996988576
0.002408480824026251,321.85449970553276,321.83382719079384,321.77193335390143,321.66918958319405,321.5262107029577,321.3438482204808,321.1231813618641,320.86550558168733,320.572319045933,320.24530705416464,319.88632488840295,319.49737927862293,319.08060851282977,318.6382619982887,318.17267953924875,317.6862688799694,317.1814858441745,316.6608121013692,316.1267354328685,315.5817294821592,315.0282359538084,314.46864663918757,313.90528691947816,313.34040232464804,312.77614384877353,312.2145577043681,311.65757596238967,311.10700676265714,310.56452991920276,310.031690444041,309.50989739394925,309.0004195895817,308.5043888371955,308.0227972566757,307.55650401640906,307.10623445238804,306.67258870374684,306.2560437204829,305.85696125656375,305.47559606100344,305.1120983368073,304.7665276675034,304.43885599010014,304.1289786414335,303.83672152297254,303.56184977864643,303.3040761587632,303.06306851079034,302.8384567204931,302.62984242904474
0.0025044525365051267,320.4255880150189,320.4070510632512,320.3515462825302,320.2593922868208,320.1311167342823,319.9674507984839,319.76932184656505,319.537844028614,319.2743071990736,318.9801641201988,318.65701634763616,318.30659894048557,317.9307640023278,317.53146372083296,317.1107331436645,316.670671323834,316.21342474549243,315.7411684813395,315.25608950478477,314.7603693533606,314.25616892490734,313.7456128487672,313.230775112111,312.71366720862136,312.19622502884033,311.6802996202839,311.16764853354806,310.65992666181756,310.15868186518986,309.665348617306,309.181246183174,308.7075741954943,308.2454147084697,307.7957289080037,307.3593624081502,306.937043671351,306.52939075489326,306.13691246254746,305.76001465351453,305.3990069146055,305.0541040067936,304.7254378083619,304.4130593833732,304.11694838353134,303.8370190461256,303.5731276463231,303.325079643897,303.09263619960257,302.87552017637194,302.67342480322156
0.0026100214202318898,319.03754948879265,319.0210026636088,318.9714525940942,318.88917097574756,318.7746079355474,318.62838754053826,318.4513018664496,318.2443033520909,318.0084957931746,317.74512391547813,317.4555618541371,317.14130064347256,316.80393470868927,316.4451479082633,316.0666993408006,315.6704076392791,315.25813726916107,314.831782689185,314.3932543694645,313.9444640765744,313.48731201932003,313.02367338318777,312.5553859340392,312.08423968631814,311.611965325365,311.1402259924083,310.67060940533264,310.2046194194065,309.7436718121513,309.28908820171876,308.84209377597074,308.40381289396953,307.9752702195853,307.5573870276707,307.15098530388184,306.7567856609642,306.375412460967,306.00739428309123,305.65316876687643,305.31308794883745,304.9874188472997,304.6763535910935,304.3800106943056,304.0984429348903,303.83164227133636,303.5795461399139,303.34204344086055,303.11898011235894,302.91016421461353,302.7153735452897
0.002726147192331329,317.69490543147776,317.68020202061064,317.6361683882838,317.5630348678905,317.46118320391645,317.3311429300403,317.1735866018365,316.989323632643,316.7792930292519,316.54455496197954,316.2862814350588,316.00574613203264,315.70431341748343,315.3834269434882,315.04459805362944,314.6893928007586,314.31942072689037,313.9363216553635,313.5417540851278,313.1373828085394,312.7248681559731,312.3058545004414,311.88195967697885,311.45476607857177,311.02581054153154,310.5965771450852,310.1684901433415,309.74290630526707,309.3211109680141,308.9043123410782,308.4936389747304,308.09013552218966,307.69476317406804,307.30839574738434,306.93182281029476,306.56574726895985,306.210789119692,305.8674853924716,305.5362937428286,305.2175966347634,304.911701214177,304.6188478009411,304.33921048564844,304.0729036200315,303.8199857503748,303.580464845628,303.3543031975911,303.14142210168615,302.9417060650805,302.7550093990329
0.0028538855416407123,316.40151484628734,316.38850918263734,316.34955672362366,316.28485162583837,316.1947157952086,316.07959598672494,315.9400600017983,315.77679175512765,315.59058545961966,315.38233886225316,315.15304574672643,314.90378775471737,314.63572550111286,314.35008934756337,314.0481700085458,313.73130790118427,313.4008840456175,313.05830913858483,312.70501401069697,312.3424392965744,311.9720265306321,311.5952084234484,311.21339992493273,310.8279906390538,310.44033608179365,310.0517514590478,309.66350541663473,309.2768131853546,308.8928329776271,308.5126607569574,308.1373275999754,307.76779572157795,307.4049584012056,307.0496360118397,306.7025783668066,306.36446212781203,306.0358934248652,305.71740741810413,305.40947084334914,305.1124852166477,304.82678614155685,304.5526503461557,304.29029571840886,304.03988655286344,303.8015366077268,303.5753133619755,303.3612419192288,303.15930885957766,302.96946562958755,302.7916341564814
0.002994397725881034,315.1606412781821,315.1491906480452,315.11489281868074,315.05791054027554,314.97851374615936,314.87707724610976,314.75407771569843,314.6100897766903,314.4457813765465,314.26190840101424,314.0593086946128,313.8388955236523,313.60165045414294,313.34861593927513,313.08088777382034,312.7996064217758,312.50594970875716,312.2011238536068,311.88635569662404,311.5628841553808,311.2319529324352,310.8948023650589,310.5526619555652,310.2067439838914,309.858236031184,309.5082956782383,309.1580450545619,308.80856478568535,308.4608907774201,308.11600949791506,307.7748553541205,307.4383070501308,307.10718716495234,306.78225824799665,306.4642245584573,306.1537294192512,305.8513569218952,305.5576312298276,305.2730182685211,304.9979281163017,304.7327138815665,304.47767746506327,304.23306914748434,303.99909174164907,303.7759028851991,303.56361843328983,303.3623154674822,303.1720353950452,302.9927865927095,302.82454910498296
0.003148961128545388,313.9750151588725,313.96498131724945,313.934924833419,313.8849813865978,313.8153760913418,313.7264216751506,313.6185161124922,313.4921395326742,313.3478505755734,313.1862821322346,313.0081366117308,312.81418075619564,312.6052399755735,312.38219243941467,312.1459630676301,311.89751652019805,311.63785138760335,311.3679928863537,311.0889865904225,310.8018914237028,310.50777375322576,310.2077006187208,309.90273355399944,309.5939232696354,309.2823033242213,308.9688856693648,308.6546559578204,308.34056826628466,308.0275422849882,307.71645913119636,307.4081588296288,307.1034370450634,306.8030444405029,306.50768293586043,306.21800698321863,305.93462096530334,305.6580801790137,305.3888899826844,305.1275068041514,304.8743398685657,304.62974976917616,304.3940531294557,304.16752185011205,303.9503863160698,303.7428370378583,303.5450272909233,303.357075338481,303.17906686337784,303.01105694812856,302.85307393387495
0.0033189808714761773,312.8468816462058,312.8381319916706,312.81192035300523,312.76835923723394,312.7076353778538,312.6300083045787,312.53580849789563,312.42543496711187,312.29935239734914,312.15808780676207,312.0022268282376,311.83240962827745,311.64932643526885,311.45371286759325,311.24634518916366,311.02803468334764,310.79962308204404,310.56197666141867,310.31598123487856,310.06253645342724,309.80255107422033,309.5369373853216,309.2666061472202,308.99246221602584,308.71539923877174,308.43629596025585,308.15601223458657,307.875384478109,307.5952232603139,307.3163096440323,307.0393928315344,306.76518728738654,306.494371977288,306.22758685907814,305.96543381100037,305.7084741484274,305.45722905487884,305.2121786550324,304.97376249444693,304.74238073901324,304.5183925482027,304.30211980207844,304.09384610570214,303.8938191960673,303.7022520426949,303.51932484508484,303.34518658185095,303.1799568651188,303.0237273461736,302.87656482195257
0.0035060025887000456,311.7780313068194,311.7704397774404,311.7476959589334,311.70989265924044,311.65718396936694,311.58978414829886,311.5079661944874,311.41205996243303,311.3024499458327,311.1795726735736,311.04391381083326,310.89600497149746,310.73642021567457,310.5657723846914,310.38470938775635,310.1939097184638,309.9940788965321,309.7859447304741,309.5702533570846,309.34776464291764,309.11924843658164,308.88548001619506,308.64723598913116,308.4052907287419,308.1604119693376,307.9133577846562,307.6648732368279,307.4156865009597,307.16650683684816,306.9180214328216,306.6708932556793,306.4257585595729,306.1832260803538,305.9438738037173,305.70824963959427,305.47686910829725,305.2502153629061,305.02873825042,304.81285439618057,304.60294799242956,304.39936906694993,304.2024364275048,304.0124365104346,303.82962512482567,303.6542281170607,303.48644283472106,303.32643911357025,303.1743606455763,303.0303259022432,302.8944305816936
0.0037117264776463004,310.7698172331747,310.76326497438436,310.7436334364842,310.71099879462946,310.66548756678657,310.6072757500725,310.5365877234463,310.4536947935811,310.3589134852238,310.25260352765883,310.13516561174083,310.00703891926815,309.86869840056664,309.72065192195345,309.5634373846332,309.39761917591136,309.2237854291744,309.0425442496549,308.85452061182735,308.6603526778638,308.46068886205586,308.25618414293376,308.0474967713386,307.83528539991806,307.620205456885,307.40290670505044,307.18403045676996,306.96420630377713,306.74405043781223,306.52416296203256,306.30512596398364,306.08750139109907,305.871830253786,305.6586296950626,305.44839348316316,305.2415898988384,305.03866146899196,304.84002406103167,304.6460666844223,304.4571519685149,304.27361440323097,304.09576263892353,303.923878253589,303.7582169607398,303.5990089342684,303.44645984074134,303.30075137126835,303.1620422118211,303.03046857515244,302.9061460834447
0.003938022755487181,309.82316534896023,309.81754118359237,309.80068929029215,309.7726718942432,309.7335923783138,309.6835946183952,309.6228621469278,309.55161703811456,309.47011859916984,309.3786618246097,309.2775756736712,309.1672211697066,309.04798929975664,308.92029881133726,308.7845939960713,308.64134189863967,308.49103022981603,308.33416437937495,308.17126500828397,308.0028651225499,307.8295077987286,307.65174321858746,307.47012604968705,307.28521315592366,307.0975606359889,306.9077218749085,306.71624525232886,306.5236714077852,306.3305318716431,306.1373467998451,305.944623274591,305.7528535167329,305.5625141332144,305.37406349615543,305.18794210802184,305.0045707059194,304.82434980403093,304.6476588515022,304.47485584383116,304.3062775734397,304.1422379032812,303.9830295443636,303.8289228031996,303.6801663668953,303.5369873743824,303.39959211014275,303.2681661803008,303.1428751684326,303.0238648623048,302.9112626650215
0.00418694866111215,308.9385841839943,308.9337848949514,308.91940377060826,308.8954914114554,308.86213191374924,308.8194423610731,308.7675721913982,308.7067023481685,308.63704428551586,308.55883878981507,308.4723546660884,308.3778872863024,308.2757569800997,308.16630734540234,308.04990355725977,307.9269301855096,307.7977896223225,307.6628997322657,307.52269200024176,307.3776092210426,307.2281037553144,307.0746351612855,306.9176681273264,306.7576706627624,306.59511169622635,306.4304595376011,306.26418000919233,306.0967341769684,305.92857725041137,305.7601566924368,305.5919107419892,305.4242669276418,305.25764138122804,305.0924365218444,304.9290413335495,304.7678296901265,304.60915978372134,304.4533733646667,304.3007952371572,304.1517333505176,304.00647715193895,303.86529894771473,303.72845267995217,303.59617438811665,303.46868210117316,303.3461762750737,303.22883970227355,303.1168379283288,303.0103192521272,302.9094157530406
0.004460767157299615,308.1161772404788,308.11210766589056,308.0999124901003,308.0796326843846,308.0513363626321,308.0151183945095,307.97109992982325,307.9194277560091,307.86027354689475,307.7938329698502,307.72032469052584,307.6399892712178,307.5530879456152,307.45990133191856,307.36072815206967,307.25588353405413,307.1456978393836,307.03051482409904,306.91069022572117,306.7865899495597,306.6585887442143,306.527068321509,306.39241573625304,306.2550219685731,306.1152799881918,305.9735835526654,305.8303256956692,305.68589685797224,305.54068401507726,305.3950691136044,305.24942780302047,305.10412821238026,304.9595303416639,304.8159840372198,304.6738292106852,304.5333943786288,304.3949960370436,304.2589379922992,304.1255107991358,303.99499174658666,303.8676433228581,303.7437142503725,303.62343832884414,303.5070346577189,303.3947074117136,303.28664609263024,303.1830252497447,303.0840047228958,302.98972948522373,302.9003303657701
0.004761967503105828,307.3556570810023,307.35223002338205,307.3419597683353,307.3248793529212,307.30104371662975,307.2705294084173,307.23343423144115,307.1898767593162,307.1399957719857,307.0839495828462,307.02191528886374,306.95408793927743,306.88067960765096,306.80191841718243,306.71804757705115,306.62932406732085,306.536017773062,306.4384100515126,306.3367926616037,306.2314663472889,306.1227398401428,306.0109283747236,305.8963524262671,305.7793366081483,305.66020811973925,305.53929581597953,305.4169289933318,305.2934358594553,305.1691428500407,305.0443733449147,304.91944659192654,304.79467670918206,304.67037215818215,304.54683399130704,304.42435603207826,304.30322361790064,304.1837129647863,304.06609059184905,303.95061274526387,303.83752532050596,303.72706246089405,303.6194473413441,303.514891104031,303.4135929115263,303.31573965625125,303.22150608505086,303.1310543953706,303.04453436000205,302.9620830704191,302.88382542446095
0.005093287883492661,306.6563572948592,306.65349325764697,306.6449099081045,306.63063377431854,306.61070898353483,306.5851970410775,306.55417656632153,306.5177429299861,306.47600783242564,306.4290987986419,306.3771586157884,306.32034470870707,306.2588284400116,306.19279437526836,306.122439561795,306.04797251332417,305.96961257605597,305.88758881619174,305.80213921371984,305.71350956042755,305.6219527140698,305.52772743141287,305.431097389312,305.33233033299234,305.23169683680294,305.1294695897157,305.0259224267147,304.92132908250625,304.81596266288363,304.7100945974738,304.6039937367422,304.4979255444031,304.3921516513956,304.28692835251223,304.18250676178945,304.07913174271084,303.9770412946767,303.87646606871937,303.7776288087728,303.6807442413372,303.5860178194906,303.4936463162381,303.40381686936746,303.31670692121554,303.2324839011611,303.15130526954437,303.0733180419992,302.99865884026184,302.9274535828416,302.85981779673705
0.005457740301918178,306.0172376784649,306.01486446028747,306.007751807026,305.99592092506356,305.9794070980331,305.95825952040195,305.932541101996,305.9023281968402,305.86771028894236,305.8287896143944,305.7856807407992,305.7385100997493,305.6874154603627,305.6325453772664,305.5740586529723,305.5121235559454,305.4469173598368,305.378625482135,305.30744087971743,305.2335631946133,305.1571981992592,305.07855688311923,304.99785469608264,304.91531089453684,304.83114755549184,304.7455890319371,304.65886118483144,304.5711903730627,304.4828030493047,304.3939249109406,304.30478015058543,304.2155908068881,304.1265763950853,304.0379526282439,303.94993155699274,303.86272066947976,303.77652232051764,303.69153333308486,303.60794447798315,303.5259403531918,303.4456982771879,303.36738874023115,303.29117456680416,303.21721078529447,303.1456443122696,303.0766139512823,303.01024988583214,302.9466736903007,302.8859980036461,302.8283267133654
0.005858637962186246,305.4368794883395,305.43493168120347,305.42909382634946,305.41938278983685,305.40582663969246,305.3884645208466,305.3673465107914,305.3425334172251,305.3140965444205,305.2821174108983,305.2466874356293,305.2079075888208,305.16588799651964,305.1207475270114,305.0726133911042,305.021620541123,304.96791133798445,304.91163488580526,304.85294658022667,304.7920074482936,304.7289837373379,304.66404620307037,304.5973695261955,304.52913181336584,304.45951381537844,304.3886985149469,304.3168705215727,304.24421525676667,304.17091864913607,304.0971664499723,304.02314361813245,303.94903380149196,303.87501903784016,303.80127867591204,303.72798950541267,303.65532500825503,303.5834548428305,303.5125445239489,303.44275495363223,303.37424230519395,303.3071570634042,303.2416443711621,303.1778433111494,303.1158867376233,303.055900982132,302.99800583290676,302.9423140262037,302.88893124200285,302.83795578628434,302.789478685324
0.006299625388481122,304.9134709161817,304.91188936353024,304.9071491052422,304.89926347392475,304.88825466117834,304.87415362371263,304.8569999769578,304.836841844204,304.81373568311216,304.7877460749446,304.75894549075116,304.7274140309545,304.69323912857607,304.65651523999946,304.6173435482895,304.57583150208677,304.53209257621256,304.4862457587983,304.43841521462787,304.38872977667796,304.33732264211636,304.2843308200193,304.22989468234874,304.1741575856288,304.1172652529318,304.0593654642277,304.00060758289044,303.9411419015355,303.88111941558657,303.8206912748528,303.76000828464777,303.6992204942545,303.63847696084235,303.5779248460936,303.51770954017405,303.45797404589945,303.3988585239843,303.3405000430393,303.28303216770803,303.2265848567544,303.17128364285196,303.11724990293976,303.0646002553899,303.01344637676334,302.96389474100795,302.91604659677404,302.86999747766447,302.8258371991916,302.78364956639444,302.7435124075244
0.006784711557405485,304.44478698815675,304.4435182591233,304.43971552423153,304.4333892445219,304.4245568342832,304.4132425906628,304.3994776153822,304.383299702364,304.36475320903776,304.3438888990654,304.3207637683378,304.29544085109836,304.2679889972585,304.238482641734,304.20700158452956,304.17363063777276,304.1384594543248,304.10158213355766,304.06309697103427,304.0231060684264,303.9817151090293,303.93903293177095,303.89517118621353,303.8502440480916,303.8043677324864,303.7576602633432,303.71024110599643,303.6622306446272,303.6137500175447,303.56492068052984,303.5158640074096,303.4667009657108,303.4175519358244,303.36853596024764,303.31977086354306,303.2713727517721,303.223455619666,303.1761311618597,303.1295084196502,303.08369369796026,303.0387898741661,302.9948966129766,302.95210987147146,302.9105217161112,302.87022010138594,302.83128885560336,302.79380722303165,302.7578498719295,302.72348663704577,302.6907825140954
0.007284711557405486,304.0498231857743,304.04880598781733,304.04575711546886,304.0406848135032,304.0336028080097,304.02453025292647,304.0134916716544,304.0005168721841,303.98564085030046,303.96890367053595,303.9503503349207,303.9300306367634,303.9079989911614,303.8843142608617,303.8590395909973,303.83224213591427,303.8039929349584,303.77436660631554,303.74344115857156,303.711297688744,303.67802021412496,303.6436953414373,303.60841199864916,303.5722612200296,303.53533575927247,303.49772991720454,303.45953925537134,303.4208601757947,303.3817898022988,303.34242563088407,303.3028652102684,303.2632058848736,303.22354465904914,303.1839775709292,303.1445998094707,303.1055053076034,303.0667864055877,303.02853371204844,302.9908358040718,302.9537791635042,302.91744759604023,302.88192240740847,302.8472820008949,302.8136017032164,302.78095358171237,302.74940644304587,302.7190254119348,302.6898719539332,302.6620036545076,302.6354741903613
0.007784711557405486,303.7239483643233,303.72312921040367,303.72067391348287,303.716589028817,303.7108854702164,303.70357846873674,303.6946875283527,303.6842363606876,303.6722528108855,303.65876876581854,303.6438200533189,303.6274463300048,303.60969094987627,303.5906008307137,303.5702263276194,303.54862101841,303.52584161204805,303.5019477074402,303.47700164920286,303.4510682908298,303.4242148663242,303.3965107304076,303.36802714673206,303.33883712403514,303.3090151046774,303.27863683480695,303.24777913920724,303.21651957952884,303.18493636958345,303.15310809253987,303.12111344437983,303.0890310282055,303.05693925411623,303.0249158126244,302.99303778918835,302.9613813317819,302.9300213625131,302.8990314779339,302.8684836949609,302.8384484046952,302.8089938825346,302.7801864371923,302.75209008441186,302.7247663853132,302.69827429793986,302.67267018938765,302.64800745074024,302.62433653446635,302.60170476747516,302.58015630954094
0.008284711557405487,303.4527849115535,303.4521228601616,303.45013844033804,303.446836900243,303.4422269775634,303.43632086715405,303.42913418690614,303.4206859268096,303.41099839134745,303.40009712763305,303.38801084693176,303.3747713374137,303.36041336071463,303.3449745481158,303.32849530234853,303.31101862691753,303.29259005772315,303.2732574707899,303.25307097039286,303.2320827013591,303.2103467495312,303.1879189360205,303.16485664773154,303.14121871182033,303.11706514214984,303.0924570410602,303.0674564212363,303.0421259250374,303.01652876523656,302.99072849424897,302.9647887974384,302.938773327125,302.91274563066764,302.88676870404953,302.86090510393944,302.8352166747141,302.80976430096183,302.78460783874834,302.75980590029405,302.7354158228912,302.71149325404184,302.68809228066624,302.66526516520776,302.64306219743366,302.62153157554644,302.6007194305371,302.58066947501317,302.5614230535049,302.543018985609,302.52549351762156
0.008784711557405487,303.2253278162083,303.22479114681255,303.2231825360288,303.2205062086252,303.2167691982523,303.2119813218141,303.20615515289967,303.1993059815603,303.1914517690204,303.18261309071835,303.1728130744886,303.1620773319698,303.1504338761491,303.1379130398907,303.1245473987925,303.11037163407616,303.09542248108136,303.0797385745158,303.06336036077914,303.0463299479691,303.02869102771854,303.01048871118,302.99176939190204,302.97258064946163,302.9529710410765,302.93299002729657,302.9126878304271,302.8921152020235,302.8713233829215,302.8503639134613,302.8292884665276,302.8081487126516,302.78699627039464,302.7658823249557,302.74485773763314,302.7239728205964,302.70327712376474,302.6828193904397,302.662647374465,302.6428078217481,302.6233461172462,302.6043063991811,302.5857313460417,302.56766204150034,302.55013788041373,302.53319660351724,302.51687397707593,302.50120385382047,302.48621804200604,302.4719462538947
0.009284711557405487,303.03305539049546,303.0326192814308,303.03131208532517,303.0291372179581,303.0261003658064,303.0222094655683,303.01747468331536,303.0119083824328,303.00552508769067,302.9983414396419,302.99037614549536,302.98164992474227,302.9721854427464,302.9620072463413,302.95114170267163,302.93961688812885,302.9274625493835,302.91470997782824,302.901391940334,302.887542558594,302.8731972471258,302.85839258188014,302.84316618824323,302.8275566671846,302.8116034225151,302.7953466049353,302.77882699916705,302.7620858298206,302.74516473617473,302.7281056150211,302.7109504855277,302.69374137894795,302.6765203066068,302.65932893160556,302.642208675498,302.62520053159375,302.6083448806362,302.59168146556505,302.5752492357695,302.55908633889936,302.5432298189008,302.5277157184854,302.5125789075582,302.4978529603028,302.4835700818345,302.4697611512115,302.4564554286801,302.4436806249118,302.43146279199993,302.41982627096394
0.009784711557405488,302.8693031068177,302.8689479765151,302.86788350456106,302.86611246231433,302.86363946305033,302.86047094548843,302.8566151573432,302.85208212958105,302.8468836477181,302.8410332150143,302.834546013163,302.8274388589212,302.81973015016155,302.8114398146978,302.80258926145825,302.79320128989025,302.7833000604705,302.7729109921416,302.76206070731865,302.75077693432246,302.73908845781534,302.72702501316337,302.7146171942157,302.7018963969986,302.6888946754129,302.67564469951014,302.6621796653592,302.64853313175195,302.6347390063245,302.62083141456844,302.60684459028766,302.5928127849421,302.5787702494971,302.5647509497579,302.55078867007836,302.53691685789187,302.5231684634852,302.50957592973134,302.4961710588832,302.4829850126423,302.4700480524161,302.45738963230144,302.44503826118114,302.4330213908058,302.4213653594103,302.41009544113575,302.3992355777803,302.38880845419783,302.3788354076643,302.36933637569285
0.010284711557405488,302.7288141561683,302.72852445403225,302.7276560965447,302.72621133858763,302.72419393327215,302.7216091186136,302.7184636045097,302.7147655519474,302.71052454995436,302.7057515856932,302.7004590128409,302.69466051684094,302.6883710707584,302.6816068944778,302.67438541551553,302.66672519467454,302.6586459038245,302.65016824162603,302.6413138896888,302.6321054333421,302.6225663217682,302.6127207828546,302.6025937467044,302.59221080311215,302.5815980801466,302.5707822135427,302.55979027468203,302.5486496322758,302.53738794722136,302.52603306275273,302.5146129155454,302.50315546083834,302.4916886651606,302.4802402577289,302.46883783104005,302.45750871080446,302.44627981589434,302.4351776597305,302.4242282358201,302.41345702435103,302.40288876746075,302.3925475543581,302.38245671076197,302.37263869677815,302.363115064348,302.3539065114003,302.34503263529143,302.3365120125076,302.3283621233114,302.3205993006196
0.010784711557405489,302.60741125743243,302.60717456662275,302.60646510614305,302.60528471491256,302.6036364532635,302.6015245921156,302.59895460265074,302.5959331394412,302.5924680218674,302.5885682096841,302.5842437774852,302.5795058867756,302.57436674962076,302.56883959605165,302.56293864249045,302.556679030415,302.5500768097755,302.5431488693796,302.53591290186273,302.5283873391281,302.5205913201267,302.51254462211193,302.50426759677794,302.4957811386143,302.48710658204277,302.47826567953865,302.4692805441174,302.4601735313747,302.45096724107117,302.4416844244585,302.4323479120901,302.4229805516926,302.4136052093846,302.4042445510544,302.3949211397259,302.38565732622936,302.3764751260698,302.3673962298243,302.3584419042776,302.34963300409623,302.34098977621886,302.33253193831985,302.3242785904431,302.3162481215396,302.3084581781299,302.3009257217646,302.29366680164804,302.2866966370935,302.2800295548235,302.27367893933985
0.01128471155740549,302.50175332523924,302.50155968653746,302.500979271597,302.5000135830066,302.49866512094565,302.4969373743564,302.4948348127587,302.4923628725085,302.48952794177546,302.48633734048303,302.48279929962797,302.47892293878857,302.47471823602416,302.47019600181966,302.465367853575,302.4602461647555,302.4548440527144,302.449175320909,302.443254430885,302.4370964495203,302.43071702288955,302.42413232071084,302.4173589826952,302.4104140955198,302.40331510510214,302.3960798015996,302.38872627355374,302.38127280662076,302.37373789031733,302.3661401393764,302.3584982351012,302.3508308735907,302.34315677354226,302.3354944826895,302.32786247187596,302.32027904270893,302.312762218656,302.3053297623454,302.2979990897,302.2907872855033,302.2837109320913,302.27678618208125,302.2700286880156,302.26345351653424,302.25707512608426,302.25090742651895,302.24496356870833,302.2392560284849,302.2337965543973,302.22859611980044
0.01178471155740549,302.40915262084144,302.40899401636534,302.4085186142007,302.40772764412577,302.4066231519636,302.40520799236316,302.40348582232207,302.40146108996015,302.39913902235173,302.39652560898725,302.39362758498896,302.39045241297947,302.38700825802573,302.3833039668249,302.3793490470539,302.37515362501773,302.37072843693653,302.36608478075937,302.36123449376487,302.3561899093457,302.3509638357491,302.34556951117355,302.3400205584262,302.33433096873574,302.32851502644746,302.32258729944743,302.3165626027035,302.3104559107503,302.30428236836696,302.2980572234436,302.2917957793383,302.2855133515427,302.2792252805432,302.2729467593213,302.26669292410617,302.26047877598194,302.2543190839864,302.2482284076349,302.24222102191004,302.23631093575284,302.2305117411059,302.2248366806344,302.2192985919811,302.2139098286651,302.20868224506074,302.2036272571894,302.1987556474074,302.1940776488351,302.18960290173413,302.18534040742435
0.01228471155740549,302.32743573365514,302.3273056882193,302.32691589002195,302.3262673469751,302.32536173540154,302.32420139411795,302.3227893193256,302.32112915541666,302.31922518510623,302.31708231574487,302.314706065677,302.31210254962144,302.3092784577124,302.30624103890113,302.3029980842214,302.2995578913568,302.2959292586618,302.29212144479595,302.2881441508414,302.28400748482767,302.2797219444014,302.2752983805449,302.2707479590297,302.26608214966,302.2613126612089,302.25645143612144,302.2515106216445,302.2465024937006,302.2414394705288,302.2363340550371,302.231198796108,302.22604625217144,302.2208890079054,302.21573951953013,302.2106102022503,302.2055133633585,302.2004611154961,302.1954654030632,302.19053793629973,302.1856902119197,302.1809333792638,302.17627830359737,302.17173552221703,302.16731517128426,302.16302697661763,302.1588803149298,302.1548840319359,302.1510465264775,302.14737571401184,302.1438789823856
0.01278471155740549,302.25483680334975,302.25473007378116,302.2544101635233,302.2538778996617,302.25313465738,302.2521823550996,302.2510234504713,302.2496609328296,302.248098315186,302.24633962285884,302.2443893823764,302.24225260969735,302.23993479259246,302.23744187745,302.23478025570716,302.231956734074,302.22897853071413,302.2258532412775,302.2225888246604,302.21919357383086,302.21567610167676,302.21204531172157,302.20831036516097,302.2044806744159,302.2005658465522,302.19657568135136,302.1925201485773,302.1884093213239,302.18425339185455,302.18006262179915,302.1758473107502,302.1716177655041,302.16738431962824,302.16315719386824,302.1589465803168,302.15476258501883,302.15061514987036,302.1465140818515,302.14246899474415,302.1384893312829,302.1345842437492,302.1307626533273,302.12703321582103,302.12340425373657,302.11988375170324,302.1164794175699,302.11319851250096,302.1100479341885,302.107034186207,302.10416333562824
0.013284711557405491,302.1899147744839,302.18982710559266,302.1895643286128,302.1891271229833,302.1885166180187,302.18773438890844,302.1867824535966,302.1856632665773,302.1843797123972,302.18293509617797,302.1813331345851,302.1795779463496,302.1776740373877,302.1756262903575,302.1734399536595,302.17112061629956,302.16867420577717,302.1661069593688,302.16342541283507,302.16063637638456,302.15774692310345,302.1547643653589,302.1516962264428,302.1485502375356,302.1453342881849,302.14205642701677,302.13872484397046,302.13534781156045,302.1319337023092,302.12849094545686,302.1250280015022,302.1215533361089,302.11807544176406,302.11460271108865,302.11114351779486,302.10770616716576,302.1042988253303,302.10092955047446,302.0976062409964,302.0943366586746,302.0911283215014,302.08798855950215,302.0849244882395,302.08194294555386,302.0790504906495,302.0762534646017,302.07355783119704,302.0709692587776,302.06849309443584,302.0661343234259
0.013784711557405491,302.1314887771946,302.1314167088493,302.1312006935997,302.13084129014294,302.13033942674184,302.1296963979257,302.1289138620873,302.12799383637184,302.1269386914077,302.1257511433778,302.12443424666924,302.1229913862658,302.1214262651161,302.1197428959198,302.11794559221653,302.11603894706593,302.11402783228283,302.11191737404306,302.10971294397825,302.1074201393393,302.1050447735295,302.1025928571357,302.1000705733875,302.09748427781386,302.09484045461795,302.09214571944807,302.08940680565627,302.08663051219946,302.08382372218756,302.0809933650197,302.0781463957761,302.0752897729749,302.07243048170517,302.069575418011,302.0667314667189,302.0639054584623,302.0611041052824,302.0583340331515,302.05560173557336,302.0529135973738,302.0502757979522,302.0476943639073,302.04517514884776,302.04272377428106,302.04034563158365,302.03804594157975,302.0358296050474,302.03370128285843,302.0316653741717,302.0297259775797
0.014284711557405492,302.07858732131143,302.0785280350849,302.07835033347607,302.0780546763104,302.07764182722934,302.077112850965,302.07646911151664,302.0757122679337,302.07484427004727,302.0738673518126,302.0727840253304,302.071597074759,302.0703095455384,302.06892473798297,302.0674462000715,302.06587770927655,302.0642232728585,302.0624871070406,302.06067363003876,302.0587874456649,302.0568333355762,302.0548162440759,302.05274125674504,302.05061360221225,302.04843861347507,302.04622173226676,302.04396849857017,302.04168450411606,302.0393754116667,302.0370469216907,302.034704755716,302.0323546372729,302.03000231601214,302.0276534616436,302.0253137387268,302.0229887691534,302.02068407319814,302.01840510282835,302.0161571999308,302.01394562041145,302.01177544635703,302.0096516357602,302.0075790074344,302.00556218560956,302.0036056041552,302.0017135649805,301.9998900972668,301.9981390356654,301.9964640017965,301.9948683670599
0.014784711557405492,302.03040811342026,302.0303593101304,302.03021303047615,302.0299696532254,302.02962980707156,302.0291943683794,302.02866445982863,302.02804144693005,302.02732693457335,302.0265227614152,302.02563099502055,302.024653927013,302.0235940638322,302.0224541217925,302.02123702126033,302.019945871088,302.0185839697372,302.017154787408,302.01566196063783,302.0141092787278,302.0125006773925,302.0108402266354,302.0091321120261,302.00738063811764,302.0055901939363,302.0037652585688,302.0019103933127,302.0000301999096,301.99812934026806,301.9962125069476,301.9942844097474,301.99234975929255,301.99041329175213,301.9884796710622,301.9865535607858,301.9846395911589,301.9827423048609,301.9808661906984,301.9790156457771,301.9771949996707,301.97540843423195,301.97366003067765,301.9719537586261,301.9702934240192,301.968682675089,301.96712505939905,301.96562389098426,301.9641823264432,301.96280334917634,301.96148973378405
0.015284711557405493,301.9862861086864,301.9862459102297,301.98612542300305,301.98592495925215,301.98564503693433,301.98528637785137,301.9848499066698,301.98433674803846,301.9837482238031,301.9830858482565,301.98235132419603,301.9815465390816,301.98067355706576,301.97973461524003,301.97873211894535,301.97766862836625,301.9765468602981,301.9753696727274,301.9741400607055,301.9728611450903,301.9715361673459,301.97016847992245,301.9687615297489,301.96731886292383,301.96584409373077,301.9643409111475,301.9628130731267,301.9612643688561,301.95969863868555,301.95811974782094,301.9565315755575,301.9549380010633,301.9533429283947,301.951750195942,301.95016364546814,301.9485870929847,301.947024278628,301.9454789003976,301.9439545797065,301.9424548854322,301.94098326032935,301.9395430656981,301.9381375737479,301.93676991851623,301.93544310316605,301.9341600555469,301.9329235025229,301.931736043859,301.93060013873077,301.92951807163297
0.015784711557405493,301.94566799100846,301.94563486140737,301.9455355625859,301.9453703521458,301.945139657094,301.9448440722925,301.9444843597833,301.94406144639976,301.94357642152585,301.9430305330593,301.9424251842177,301.9417619305185,301.9410424728669,301.9402686547649,301.93944245854715,301.93856599377136,301.93764149948095,301.93667133082556,301.9356579559664,301.93460394672474,301.9335119743215,301.9323848018004,301.9312252693821,301.9300363001262,301.9288208719429,301.9275820247834,301.9263228566425,301.925046489254,301.9237560880436,301.9224548385358,301.92114593774903,301.91983258181165,301.91851799103785,301.9172053257015,301.9158977523702,301.9145984180038,301.9133104034213,301.91203675684665,301.91078046236623,301.90954446371813,301.90833159642915,301.9071446302648,301.90598626427067,301.904859080401,301.9037655518158,301.9027080968832,301.901688960064,301.90071028353844,301.89977409560305,301.8988822780128
0.016284711557405494,301.90809170240965,301.90806438413273,301.9079825043235,301.90784627565927,301.9076560503855,301.9074123190267,301.9071157099562,301.90676698741385,301.9063670497107,301.9059169257822,301.9054177726077,301.9048708728594,301.9042776288727,301.9036395606348,301.9029583027767,301.90223559446105,301.90147328202033,301.9006733072798,301.89983770529915,301.8989685965896,301.8980681836256,301.89713874493293,301.8961826220127,301.8952022257326,301.8942000108948,301.8931784839166,301.89214020021905,301.89108773287165,301.8900236924279,301.88895070563774,301.8878714086081,301.8867884359523,301.8857044457424,301.88462204085675,301.8835438327258,301.8824724181536,301.8814103359389,301.8803601000406,301.8793241705484,301.8783049771021,301.8773048560165,301.8763260906893,301.8753709087913,301.8744414383548,301.873539716804,301.87266774335626,301.8718273659043,301.8710203503675,301.8702483706585,301.86951297738443
0.016784711557405494,301.87316996015164,301.8731474226266,301.8730798727367,301.87296748619735,301.872810553754,301.87260948010805,301.8723647836837,301.87207709498017,301.87174715514004,301.8713758129924,301.87096402297476,301.8705128433267,301.8700234307982,301.86949703926825,301.8689350173547,301.8683387995545,301.8677099091609,301.86704994801073,301.86636059490263,301.86564359910716,301.86490077751193,301.8641340100668,301.86334522803605,301.8625364209251,301.86170961323853,301.86086687249895,301.8600103077492,301.8591420407385,301.85826422553464,301.8573790292007,301.85648862639977,301.85559518982836,301.85470091490635,301.8538079460581,301.8529184379862,301.85203453480165,301.8511583294307,301.85029189625874,301.84943726428236,301.84859644008105,301.84777134930846,301.846963875215,301.84617585755734,301.84540905092723,301.84466513430255,301.8439457618301,301.84325245521256,301.8425866707943,301.84194979083816,301.8413430935124
0.017284711557405495,301.84057693856295,301.8405583364583,301.84050258264693,301.8404098224115,301.8402802958718,301.84011433708815,301.8399123739854,301.8396749269808,301.8394026078502,301.8390961171785,301.8387562426924,301.83838385789824,301.83797991740875,301.83754545606985,301.83708158707583,301.8365894941586,301.83607043470806,301.8355257307136,301.83495676772907,301.83436498944945,301.833751895376,301.8331190373673,301.83246800901907,301.8318004529707,301.83111803954995,301.83042247500674,301.82971550090906,301.82899886752864,301.8282743531498,301.827543746428,301.82680884217393,301.82607143286754,301.8253333329782,301.8245963096361,301.8238621415482,301.82313260009374,301.82240941120324,301.8216942873764,301.82098890273824,301.8202949155061,301.8196139133232,301.81894745003586,301.8182970459728,301.81766414832146,301.81705014103005,301.81645639397544,301.81588416041626,301.81533464184514,301.81480898036114,301.8143082298709
0.017784711557405495,301.81003747337644,301.81002211273494,301.8099760748987,301.80989948007755,301.8097925266906,301.8096554906173,301.80948872524607,301.80929266033,301.80906780109626,301.80881472603573,301.8085340855731,301.80822660106463,301.80789306064605,301.8075343187677,301.8071512947232,301.80674496571976,301.8063163701405,301.8058665994909,301.8053967978043,301.8049081570987,301.8044019154705,301.8038793545435,301.80334178981195,301.802790578202,301.8022270983484,301.8016527589476,301.8010689988657,301.8004772624394,301.79987901842094,301.7992757437837,301.79866892046914,301.7980600278112,301.79745056641076,301.7968419927294,301.79623577576126,301.7956333798077,301.79503622856146,301.7944457364232,301.7938632852285,301.79329024617084,301.79272792853226,301.79217761484233,301.7916405622419,301.79111796473757,301.79061096331856,301.79012069353007,301.7896481876012,301.78919443711067,301.7887603862773,301.78834690430983
0.018284711557405495,301.781318284589,301.78130559528813,301.7812675645143,301.7812042918065,301.78111594121515,301.78100274067356,301.780864982146,301.780703020671,301.78051727367034,301.7803082190214,301.7800763940029,301.7798223945862,301.7795468717219,301.779250531203,301.7789341325306,301.77859848272794,301.7782444396946,301.7778729050023,301.7774848236528,301.7770811802636,301.77666299751314,301.7762313343195,301.77578727700904,301.77533194703244,301.7748664826619,301.7743920473863,301.773909830585,301.7734210245033,301.77292684279126,301.7724285055592,301.77192723691024,301.7714242581357,301.77092081108594,301.7704180962883,301.76991732748337,301.7694197158414,301.7689264360209,301.7684386567349,301.76795751894906,301.7674841572369,301.76701965152876,301.7665650607655,301.7661214251167,301.7656897299615,301.7652709161147,301.76486592583507,301.7644756092791,301.7641007850384,301.7637422342016,301.76340067378936
0.018784711557405496,301.75422082030843,301.7542103336332,301.7541789049735,301.7541266168174,301.7540536048734,301.75396005754163,301.753846216141,301.75371237410695,301.753558876463,301.7533861181302,301.753194543099,301.7529846439576,301.7527569585501,301.75251207010217,301.7522506063611,301.75197323403944,301.7516806622221,301.75137363588055,301.7510529359143,301.75071937593833,301.7503738010173,301.75001708643737,301.749650129583,301.74927385773145,301.7488892109899,301.7484971506732,301.7480986604242,301.74769472466124,301.74728634668105,301.74687453480004,301.7464603005262,301.7460446524095,301.7456286188707,301.7452131894981,301.7447993675544,301.74438815543584,301.7439805225077,301.7435774348884,301.74317983495035,301.7427886620935,301.74240480718976,301.7420291448344,301.7416625362298,301.74130579476025,301.74095969624165,301.7406250234055,301.74030247636364,301.73999273108365,301.73969643410084,301.73941417697876
0.019284711557405496,301.72857540658566,301.7285667369392,301.72854075458906,301.72849752794997,301.72843716934625,301.72835983456605,301.728265723149,301.7281550777125,301.7280281835558,301.72788536716894,301.72772699558806,301.72755347611684,301.7273652533003,301.727162809258,301.7269466630486,301.72671736564735,301.72647550337547,301.7262216920255,301.72595657712736,301.72568083123514,301.72539515289924,301.72510026591635,301.7247969118207,301.7244858576935,301.724167880189,301.7238437738495,301.7235143525746,301.72318042936826,301.7228428339883,301.7225024000338,301.72215996363843,301.72181635787797,301.72147243503247,301.72112901076423,301.7207869146954,301.7204469769436,301.720109997565,301.71977677553696,301.71944808942,301.7191247175433,301.71880739486807,301.71849684392953,301.7181937782343,301.71789886930935,301.7176127569098,301.7173360920238,301.71706945106524,301.7168133923589,301.71656845140166,301.71633511629176
0.019784711557405497,301.70423645260576,301.7042292825764,301.70420779511363,301.70417204701005,301.704122131287,301.70405817681717,301.7039803486589,301.703888847489,301.7037839093151,301.703665804151,301.7035348355243,301.70339134035123,301.70323568618124,301.70306827169276,301.7028895262414,301.702699905292,301.7024998938456,301.70229000108645,301.7020707608261,301.70184272920363,301.70160648385354,301.7013626235421,301.70111176119144,301.7008545316561,301.70059157670994,301.70032355326356,301.7000511351021,301.6997749937876,301.6994958158439,301.69921429067375,301.69893110967485,301.69864696112563,301.69836255186533,301.6980785540935,301.6977956541169,301.6975145398204,301.69723587157023,301.69696031038967,301.696688499658,301.6964210847117,301.69615867188554,301.69590185823256,301.69565123531004,301.69540735759597,301.6951707526047,301.6949419624615,301.6947214615674,301.6945097111698,301.6943071550873,301.69411419605643
0.020284711557405497,301.68107851108226,301.68107257923737,301.68105480303404,301.68102522966257,301.6809839362026,301.6809310293028,301.6808666455511,301.6807909509951,301.68070414094296,301.6806064387787,301.68049809559443,301.68037939018905,301.68025062654306,301.6801121344435,301.6799642691792,301.679807407363,301.6796419503372,301.67946831926713,301.67928695572505,301.67909831973355,301.67890288909456,301.67870115933636,301.6784936372021,301.6782808483568,301.6780633232264,301.6778416050902,301.6776162520239,301.67738781883224,301.677156873766,301.67692398716974,301.6766897309407,301.67645467382533,301.6762194025111,301.6759844708229,301.6757504467291,301.6755179006324,301.675287377603,301.6750594247504,301.67483457385487,301.67461336038923,301.6743962845337,301.67418383974933,301.6739765168537,301.67377477370883,301.67357904520566,301.67338978345947,301.67320737871734,301.6730322120868,301.6728646516581,301.67270502971576
0.020784711557405498,301.65899303346896,301.65898812436706,301.65897341365246,301.65894894057726,301.65891476904955,301.6588709873604,301.65881770858016,301.65875507015267,301.6586832337664,301.65860238428996,301.65851272950493,301.65841450020355,301.65830794786217,301.65819334536525,301.65807098682063,301.65794118371616,301.6578042682894,301.65766058900556,301.65751051124926,301.6573544156539,301.65719269756266,301.657025767224,301.6568540436887,301.6566779624168,301.6564979618777,301.6563144914973,301.6561280137545,301.655938987038,301.6557478818951,301.65555517032806,301.65536132553007,301.6551668175349,301.6549721337227,301.6547777302137,301.65458407722235,301.65439164806764,301.6542008926251,301.6540122639026,301.6538262015141,301.6536431501332,301.65346352230165,301.65328772592784,301.6531161685714,301.65294922831606,301.6527872635934,301.65263065205295,301.65247971450066,301.6523347658632,301.652196111648,301.6520640259742
0.021284711557405498,301.63788569107066,301.63788162708147,301.6378694494222,301.63784919077915,301.6378209041732,301.63778466272527,301.63774056007196,301.6376887100205,301.6376292464776,301.63756232248636,301.63748811004075,301.6374068002623,301.6373186012461,301.6372237388582,301.63712245664954,301.6370150123004,301.6369016809433,301.63678275097266,301.63665852482023,301.6365293175211,301.63639545628376,301.636257280884,301.63611513792074,301.6359693883028,301.6358203945301,301.63566852848174,301.6355141736232,301.63535770869646,301.63519952350634,301.6350400087931,301.6348795561913,301.6347185541871,301.6345574080426,301.6343964932122,301.6342361991283,301.63407691884777,301.63391902362247,301.6337628886945,301.6336088775337,301.63345735973525,301.6333086754673,301.6331631619586,301.633021157927,301.6328829755594,301.63274891015374,301.63261927771566,301.63249434173804,301.63237436247516,301.6322595936922,301.6321502614721
0.0217847115574055,301.6176741581284,301.61767079272755,301.61766070892827,301.61764393398386,301.6176205119119,301.6175905032927,301.6175539856979,301.61751105339533,301.61746181732553,301.6174064042239,301.61734495650256,301.6172776324891,301.61720460442115,301.61712605930035,301.61704219888406,301.61695323638,301.6168593997139,301.61676092762735,301.6166580705155,301.61655108919103,301.61644025454365,301.61632584809,301.61620815654885,301.6160874791906,301.61596411573237,301.61583837395665,301.61571057199654,301.61558102277905,301.6154500493571,301.6153179752983,301.615185124822,301.61505181902476,301.61491839523245,301.6147851622856,301.6146524428353,301.61452056355364,301.6143898307365,301.614260555336,301.6141330378935,301.614007585897,301.6138844797302,301.6137639982103,301.61364642310764,301.6135320121621,301.6134210085277,301.6133136771488,301.6132102342064,301.613110894775,301.6130158698216,301.612925345747
0.0222847115574055,301.59828627288516,301.5982834851528,301.59827513276684,301.59826123848273,301.5982418388697,301.59821698413714,301.5981867385717,301.5981511802837,301.5981104012209,301.5980645063652,301.59801361366755,301.5979578543365,301.59789737096185,301.597832318409,301.5977628638739,301.5976891837954,301.5976114670608,301.597529911356,301.5974447240484,301.59735612111575,301.5972643268797,301.5971695746778,301.59707210172235,301.59697215630246,301.59686998623397,301.59676584630284,301.5966600006003,301.59655270765194,301.5964442353055,301.59633485158275,301.5962248249598,301.59611442082667,301.5960039202794,301.595893577138,301.5957836588263,301.59567443708613,301.59556616453534,301.5954590989571,301.5953534888705,301.5952495903623,301.5951476344199,301.5950478515727,301.59495047646135,301.59485572182666,301.5947637877458,301.59467489684107,301.5945892262317,301.5945069536457,301.59442825463464,301.5943532828105
0.0227847115574055,301.57965850857266,301.5796561986771,301.5796492784689,301.579637766977,301.57962169460666,301.5796011029883,301.5795760454183,301.5795465866411,301.57951280289285,301.5794747811611,301.57943261916404,301.579386425676,301.5793363187651,301.5792824267158,301.5792248881335,301.5791638490474,301.57909946605093,301.57903190287163,301.57896133128656,301.5788879301893,301.5788118853831,301.5787333903486,301.5786526413559,301.57856984451206,301.5784852047145,301.57839893291646,301.5783112484897,301.5782223649808,301.578132504565,301.57804188931806,301.5779507416088,301.5778592807652,301.5777677413212,301.5776763316446,301.57758527347147,301.577494793072,301.5774050986954,301.57731640413823,301.5772289149,301.57714284450844,301.5770583831287,301.57697572136,301.576895054821,301.5768165590524,301.5767403985392,301.5766667608007,301.5765957907033,301.5765276350953,301.5764624402092,301.57640033255797
0.0232847115574055,301.5617346990487,301.5617327845358,301.5617270493574,301.5617175094542,301.5617041901281,301.5616871259099,301.5616663610017,301.56164194908763,301.5616139534021,301.56158244604364,301.5615475079893,301.56150922944886,301.56146770820277,301.56142305054226,301.5613753714138,301.5613247916896,301.5612714412388,301.5612154556932,301.5611569773821,301.56109615451595,301.56103314102836,301.56096809741643,301.56090118608165,301.56083257821643,301.56076244321883,301.56069095577766,301.560618298246,301.5605446469721,301.56047018633313,301.5603951003869,301.5603195733539,301.56024378646515,301.5601679356794,301.5600921918124,301.56001673879143,301.5599417652293,301.5598674426936,301.55979394857866,301.5597214527999,301.55965013363084,301.5595801474942,301.5595116519611,301.5594448103269,301.55937976737255,301.55931665817025,301.55925564110413,301.55919683440834,301.5591403593922,301.5590863380054,301.5590348743606
0.0237847115574055,301.5444649740969,301.54446338683914,301.54445863248634,301.54445072441825,301.54443968371,301.54442553901504,301.54440832700766,301.544388092217,301.5443648871146,301.54433877147545,301.54430981242075,301.54427808479295,301.5442436695829,301.5442066548793,301.54416713604445,301.5441252131327,301.5440809938923,301.5440345907017,301.54398612151823,301.5439357091577,301.54388348117783,301.5438295707713,301.54377411231485,301.54371724809175,301.54365911812994,301.5435998671069,301.54353964672026,301.5434786025481,301.5434168876757,301.5433546546941,301.54329205625066,301.54322924206,301.5431663761073,301.5431035981808,301.54304106090973,301.54297892170695,301.5429173218088,301.542856408474,301.54279632217714,301.5427372119743,301.5426792063943,301.5426224356829,301.54256703634786,301.542513127731,301.54246082059603,301.5424102491265,301.54236150956604,301.54231470209703,301.542269928549,301.54222727451526
0.0242847115574055,301.52780486769615,301.5278035513833,301.52779960907304,301.52779305202046,301.52778389779803,301.52777217019326,301.5277578996465,301.5277411231069,301.52772188413394,301.5277002322995,301.52767622325337,301.5276499191138,301.527621386973,301.5275906998501,301.5275579368915,301.52752318092047,301.52748652136796,301.5274480513626,301.52740786868463,301.5273660751267,301.52732277641036,301.5272780831192,301.5272321064343,301.52718496469464,301.52713677362306,301.5270876530541,301.52703772929027,301.52698712245177,301.52693595970993,301.5268843676034,301.5268324726419,301.52678039846137,301.5267282825321,301.5266762390053,301.5266243945938,301.52657288084913,301.52652181392403,301.5264713161215,301.52642150355234,301.52637250104704,301.5263244140727,301.5262773502625,301.526231423914,301.52618673332677,301.52614336917304,301.52610144551863,301.5260610404509,301.5260222366715,301.52598511933104,301.5259497587107
0.0247847115574055,301.5117145692737,301.5117134773467,301.5117102075253,301.5117047693003,301.51169717734103,301.5116874514042,301.5116756167672,301.5116617041009,301.51164574958295,301.51162779433554,301.51160788450886,301.51158607168185,301.51156241143843,301.51153696431913,301.51150979603887,301.511480975155,301.511450575927,301.5114186755433,301.51138535507556,301.5113506989073,301.5113147946783,301.5112777342443,301.51123960958415,301.5112005191972,301.5111605586892,301.5111198273247,301.5110784303611,301.5110364668523,301.51099404250255,301.51095126227506,301.51090823103556,301.51086505083725,301.5108218371506,301.5107786829448,301.5107356934652,301.51069297881867,301.51065063441104,301.5106087618732,301.5105674571495,301.5105268249735,301.51048695174495,301.5104479263805,301.5104098447537,301.5103727877562,301.5103368294543,301.51030206717536,301.51026856401853,301.5102363882191,301.51020561109516,301.5101762902664
0.0252847115574055,301.4961582933867,301.496157387337,301.49615467458045,301.4961501631424,301.49614386528475,301.4961357974246,301.4961259805616,301.49611444016546,301.49610120629757,301.4960863130807,301.496069798796,301.49605170629053,301.4960320816174,301.49601097498027,301.49598844096647,301.4959645363198,301.4959393227298,301.4959128641823,301.4958852279088,301.4958564838731,301.4958267047382,301.4957959668425,301.4957643462648,301.4957319250607,301.4956987821821,301.4956649998574,301.49563066589764,301.4955958619215,301.4955606758448,301.4955251947581,301.4954895055997,301.49545369255793,301.49541785283975,301.49538206191454,301.49534640724096,301.49531098113414,301.49527586184007,301.49524113385996,301.49520687644264,301.49517317764185,301.49514010809156,301.49510774121427,301.4950761575922,301.49504542371454,301.4950155999228,301.49498676960457,301.49495898348886,301.49493229783695,301.4949067724901,301.49488245459787
0.025784711557405502,301.48110374769107,301.48110299565826,301.48110074447055,301.48109700093494,301.48109177531626,301.48108508126376,301.48107693623194,301.48106736138044,301.4810563817016,301.4810440255185,301.48103032459244,301.4810153145341,301.48099903350106,301.480981523133,301.48096282879544,301.4809429974472,301.4809220803608,301.48090013058413,301.4808772038817,301.480853358271,301.48082865400653,301.48080315456616,301.48077692286057,301.4807500273115,301.4807225330815,301.48069450828694,301.4806660262698,301.4806371542178,301.4806079653017,301.480578531803,301.4805489258074,301.4805192167138,301.48048948655867,301.4804597963559,301.4804302188228,301.480400831507,301.48037169846003,301.48034288998537,301.48031447150765,301.48028651722865,301.4802590847476,301.48023223465793,301.4802060348442,301.4801805398784,301.48015579876,301.4801318832553,301.4801088338871,301.4800866970051,301.4800655229228,301.48004535013195
0.026284711557405502,301.46652168264245,301.4665210582587,301.46651918960777,301.466516082483,301.4665117454915,301.4665061899881,301.4664994304885,301.46649148457965,301.4664823730516,301.4664721194206,301.46646075004475,301.46644829453606,301.4664347845099,301.46642025450916,301.4664047422546,301.4663882865993,301.4663709301799,301.46635271698074,301.4663336932638,301.46631390714646,301.4662934086008,301.46627225044284,301.46625048467564,301.46622816841284,301.4662053553983,301.46618210205565,301.4661584697231,301.4661345136426,301.4661102947587,301.4660858730795,301.4660613083828,301.46603665782243,301.4660119908258,301.46598735646927,301.465962815249,301.46593843244875,301.4659142603796,301.46589035757313,301.465866778006,301.46584358436985,301.46582082348783,301.46579854532996,301.46577680723016,301.46575565390003,301.46573512496707,301.4657152824986,301.4656961586003,301.4656777914162,301.4656602233461,301.46564348572315
0.026784711557405503,301.4523855093024,301.45238499073974,301.45238343920045,301.4523808596338,301.452377259271,301.4523726475637,301.4523670365911,301.45236044097766,301.45235287802893,301.4523443672763,301.45233493059885,301.4523245926345,301.45231337957716,301.4523013200869,301.45228844554583,301.45227478809056,301.45226038319737,301.4522452673381,301.4522294788981,301.45221305778927,301.4521960454607,301.4521784858869,301.45216042203464,301.45214190163506,301.4521229689751,301.4521036707889,301.4520840584516,301.45206417731634,301.4520440781872,301.4520238108976,301.4520034250238,301.451982967581,301.45196249750927,301.45194205402964,301.4519216875041,301.451901453026,301.4518813931962,301.4518615567831,301.4518419882821,301.4518227408145,301.4518038522961,301.4517853638988,301.451767324185,301.4517497697073,301.4517327323515,301.4517162660796,301.4517003960595,301.4516851536418,301.4516705746492,301.4516566844968
0.027284711557405503,301.4386709740105,301.43867054319384,301.43866925459054,301.4386671124466,301.4386641228498,301.4386602936737,301.43865563497627,301.43865015892516,301.43864387993557,301.4386368142346,301.43862897998804,301.4386203977079,301.4386110890942,301.4386010779302,301.4385903903402,301.4385790528954,301.4385670951327,301.43855454729646,301.4385414412415,301.43852781007706,301.43851368818673,301.43849911221065,301.4384841176283,301.4384687443837,301.43845302893106,301.438437009973,301.43842073061256,301.4384042280164,301.4383875445756,301.43837072168674,301.43835380046903,301.438336819542,301.43831982911706,301.4383028602828,301.4382859549948,301.43826915987415,301.43825250949175,301.43823604451666,301.43821980159055,301.43820382587216,301.4381881479163,301.438172801608,301.4381578282119,301.4381432575303,301.43812911505586,301.4381154479676,301.4381022757195,301.4380896240369,301.43807752327353,301.438065993953
0.027784711557405504,301.4253558806362,301.4253555225944,301.425354452055,301.42535267267743,301.42535018959916,301.4253470093844,301.42534314041404,301.4253385928178,301.4253333786128,301.4253275112856,301.42532100592234,301.42531387961236,301.4253061503299,301.42529783781424,301.4252889638278,301.425279550329,301.4252696219271,301.4252592037029,301.4252483220961,301.42523700457514,301.4252252796646,301.4252131779191,301.4252007286142,301.42518796522745,301.42517491772577,301.42516161815354,301.42514810274236,301.4251344018824,301.4251205509821,301.42510658444115,301.42509253636615,301.42507843842463,301.42506433355715,301.4250502461451,301.42503621116896,301.4250222682017,301.425008445175,301.4249947760365,301.4249812909223,301.4249680283615,301.42495501282747,301.42494227216963,301.42492984157695,301.4249177452672,301.42490600345604,301.4248946576375,301.424883722563,301.4248732193008,301.4248631736538,301.4248536021032
0.028284711557405504,301.4124198527281,301.4124195550577,301.41241866540685,301.4124171869448,301.4124151240193,301.41241248210724,301.4124092681981,301.4124054907305,301.4124011597313,301.41239628641375,301.41239088330934,301.4123849646671,301.4123785453722,301.4123716418095,301.41236427212186,301.4123564544441,301.4123482092965,301.41233955747754,301.41233052093537,301.41232112246024,301.412311385718,301.4123013362122,301.4122909980766,301.4122803994181,301.41226956482944,301.4122585208353,301.41224729795636,301.4122359209736,301.4122244194988,301.4122128221269,301.41220115714896,301.41218945047615,301.41217773898694,301.412166041535,301.4121543873118,301.4121428100227,301.4121313321117,301.41211998194666,301.412108784275,301.4120977721008,301.41208696487564,301.41207638544984,301.4120660639496,301.41205601997405,301.4120462693849,301.41203684890354,301.4120277694155,301.4120190481334,301.41201070707046,301.4120027593689
0.028784711557405505,301.3998441291905,301.39984388161304,301.39984314204435,301.3998419132442,301.3998401989024,301.399838003594,301.3998353331533,301.3998321946152,301.39982859635427,301.3998245476974,301.39982005905694,301.3998151423239,301.3998098098218,301.39980407515316,301.3997979534561,301.39979145969573,301.39978461099815,301.3997774246098,301.39976991875295,301.3997621123374,301.39975402499823,301.3997456780457,301.3997370913525,301.39972828856196,301.39971928981623,301.3997101170621,301.3997007960724,301.3996913469857,301.3996817945995,301.3996721626925,301.3996624747323,301.3996527518633,301.39964302590545,301.3996333111605,301.39962363201374,301.3996140172823,301.39960448487545,301.39959505852806,301.3995857585237,301.39957661325843,301.39956763803866,301.3995588515742,301.3995502797693,301.39954193840356,301.3995338397495,301.3995260165136,301.39951847640754,301.39951123345236,301.39950430650276,301.3994977059444
0.029284711557405505,301.38761138819825,301.3876111821941,301.3876105671733,301.38760954555255,301.38760812047434,301.3876062957645,301.38760407629786,301.3876014679443,301.3875984777062,301.38759511334507,301.3875913835146,301.38758729814805,301.38758286744434,301.38757810269715,301.3875730165499,301.38756762134034,301.38756193137567,301.3875559609561,301.3875497252123,301.3875432398346,301.3875365211143,301.387529586879,301.3875224534697,301.3875151408193,301.3875076653833,301.3875000453123,301.3874923024293,301.38748445303133,301.38747651791647,301.3874685168666,301.387460469347,301.38745239255655,301.38744431408884,301.3874362445015,301.38742820418815,301.38742021789005,301.3874122997718,301.3874044697194,301.38739674431906,301.3873891481195,301.3873816930082,301.38737439426586,301.387367274272,301.3873603456491,301.3873536177131,301.3873471197861,301.38734085697814,301.38733484066853,301.38732908707755,301.3873236043161
0.029784711557405506,301.3757055949504,301.3757054234563,301.3757049118142,301.3757040621532,301.3757028771597,301.37570136003694,301.3756995148634,301.37569734654113,301.3756948609327,301.37569206450013,301.37568896443753,301.37568556905234,301.3756818867808,301.37567792700094,301.3756737002843,301.37566921678996,301.3756644884842,301.3756595272224,301.37565434557,301.37564895654583,301.37564337366666,301.3756376118665,301.3756316845599,301.37562560859294,301.37561939736855,301.3756130658886,301.3756066326883,301.37560011088675,301.37559351795824,301.3755868703668,301.37558018425716,301.3755734735622,301.37556676234055,301.37556005807375,301.37555337783976,301.3755467429782,301.3755401645624,301.37553365928045,301.37552724065614,301.37552093002273,301.37551473644976,301.3755086723781,301.375502757242,301.375497001055,301.3754914107004,301.3754860126406,301.3754808098569,301.3754758115427,301.3754710317189,301.37546647662055
0.030284711557405506,301.3641118695969,301.3641117267557,301.3641113009382,301.3641105940321,301.3641096083433,301.36410834655817,301.36410681209276,301.3641050090457,301.36410294233247,301.36410061733596,301.364098040039,301.36409521739756,301.3640921563865,301.3640888647935,301.36408535146865,301.364081624765,301.36407769470384,301.364073571112,301.36406926442555,301.3640647854464,301.36406014538846,301.36405535678176,301.3640504306147,301.36404538116517,301.36404021930827,301.36403495743417,301.3640296113395,301.3640241915157,301.3640187126732,301.36401318852165,301.36400763244995,301.36400205568856,301.3639964793355,301.363990908349,301.3639853570517,301.3639798439413,301.36397437754164,301.3639689718824,301.36396363795154,301.36395839439103,301.3639532479505,301.3639482087197,301.3639432936681,301.3639385106552,301.36393386456473,301.3639293794363,301.3639250565141,301.36392090318316,301.3639169316256,301.36391314653184
0.030784711557405506,301.352816372278,301.3528162532317,301.3528158986796,301.35281531030614,301.3528144900999,301.35281344031716,301.35281216382407,301.3528106640513,301.352808945127,301.3528070115382,301.3528048682616,301.3528025211307,301.3527999759073,301.3527972390592,301.352794318006,301.3527912196033,301.352787952256,301.35278452410734,301.35278094382585,301.3527772203731,301.3527733630521,301.3527693823939,301.35276528737677,301.3527610901399,301.35275679946585,301.35275242557844,301.3527479819917,301.35274347702494,301.3527389230899,301.3527343316086,301.352729713683,301.3527250783079,301.35272044409805,301.3527158139458,301.35271119988323,301.3527066180313,301.3527020748127,301.3526975820465,301.35269314862103,301.35268879092314,301.3526845137946,301.3526803253786,301.35267624057997,301.3526722654803,301.3526684033227,301.3526646760881,301.35266108360713,301.3526576317688,301.35265433121737,301.3526511853715
0.0312847115574055,301.3418062027176,301.34180610343594,301.3418058080714,301.3418053181371,301.34180463535614,301.3418037616275,301.34180269935996,301.3418014514291,301.3418000213084,301.3417984127407,301.3417966298674,301.3417946775885,301.34179256065966,301.3417902844527,301.3417878551981,301.3417852785101,301.34178256144963,301.3417797107627,301.34177673365036,301.3417736375465,301.34177043016774,301.3417671203827,301.34176371550427,301.3417602258894,301.34175665858925,301.3417530220304,301.34174932782287,301.34174558249134,301.3417417965349,301.3417379794756,301.3417341405169,301.3417302868049,301.34172643486784,301.3417225859109,301.3417187500614,301.3417149414494,301.34171116476847,301.34170742999817,301.34170374428925,301.3417001221357,301.3416965668124,301.3416930848522,301.3416896894271,301.3416863851526,301.34168317392846,301.3416800759804,301.34167708999274,301.34167422061836,301.34167147721223,301.3416688621482
0.031784711557405504,301.3310693122254,301.3310692293646,301.33106898316635,301.33106857499916,301.3310680063644,301.33106727886343,301.3310663945248,301.3310653557626,301.33106416550567,301.33106282687856,301.33106134332894,301.3310597189805,301.33105795775407,301.33105606411164,301.3310540432944,301.3310518998878,301.33104963983516,301.3310472687226,301.33104479253245,301.33104221743054,301.33103954981635,301.3310367971754,301.33103396544084,301.33103106348375,301.3310280969229,301.33102507269416,301.3310220008177,301.3310188863369,301.3310157381582,301.3310125642252,301.3310093721654,301.3310061675971,301.33100296529216,301.33099976508134,301.33099657550736,301.33099340903084,301.33099026892353,301.3309871636342,301.3309840988756,301.3309810875506,301.33097813164943,301.3309752363729,301.33097241343654,301.3309696662483,301.33096699560974,301.3309644202458,301.3309619379147,301.33095955224843,301.3309572715197,301.33095509724546
0.032284711557405504,301.3205944263103,301.3205943570951,301.32059415174695,301.3205938115114,301.3205933377042,301.3205927316795,301.3205919951489,301.32059113014293,301.32059013913727,301.3205890247426,301.3205877898302,301.3205864378781,301.32058497211426,301.3205833962451,301.32058171468907,301.32057993117894,301.3205780507279,301.32057607795923,301.3205740178433,301.32057187549304,301.32056965621416,301.32056736634115,301.3205650106644,301.32056259681497,301.3205601292275,301.32055761360107,301.32055505862746,301.32055246812797,301.3205498496823,301.32054720992255,301.3205445551677,301.3205418897743,301.32053922703267,301.3205365656579,301.32053391287377,301.3205312797386,301.3205286683571,301.3205260859031,301.3205235369007,301.3205210329114,301.32051857487545,301.32051616689216,301.3205138194503,301.32051153496445,301.3205093133413,301.3205071720168,301.32050510800576,301.3205031240971,301.32050122765395,301.32049941949145
0.032784711557405505,301.3103709763891,301.3103709185159,301.310370747115,301.31037046332756,301.3103700683136,301.31036956322106,301.3103689494983,301.31036822885653,301.31036740339414,301.31036647529453,301.3103654469503,301.31036432130185,301.31036310100257,301.3103617891312,301.3103603894215,301.3103589048994,301.3103573398042,301.3103556979599,301.31035398349616,301.3103522006517,301.31035035382405,301.31034844838894,301.31034648819065,301.31034447982483,301.3103424267474,301.3103403336317,301.3103382080582,301.3103360528411,301.31033387445433,301.31033167843964,301.31032947002984,301.31032725254016,301.31032503800805,301.31032282424695,301.31032061738233,301.3103184272925,301.3103162551261,301.3103141069947,301.31031198643956,301.31030990389047,301.3103078594304,301.31030585624865,301.3103039037989,301.31030200367957,301.3103001550706,301.31029837429634,301.3102966577785,301.3102950076109,301.3102934303904,301.31029192635884
0.033284711557405505,301.30038903931614,301.30038899087265,301.3003888476884,301.3003886108159,301.3003882812841,301.30038786006946,301.30038734840093,301.30038674772385,301.30038605982236,301.3003852865249,301.300384429826,301.3003834922186,301.3003824758793,301.3003813833654,301.30038021784054,301.3003789817453,301.3003776786744,301.3003763117882,301.30037488451825,301.3003734003768,301.3003718630075,301.30037027698734,301.3003686453773,301.3003669739077,301.3003652652262,301.30036352315534,301.3003617543448,301.3003599607799,301.30035814801215,301.3003563206771,301.3003544831054,301.30035263775386,301.30035079559786,301.3003489537258,301.3003471173482,301.30034529534817,301.30034348809306,301.3003417008089,301.30033993622493,301.3003382038132,301.3003365029596,301.30033483610225,301.30033321181884,301.30033163103855,301.3003300923537,301.30032861112585,301.3003271833074,301.30032581041945,301.3003244984123,301.30032324706076
0.033784711557405506,301.2906392836572,301.2906392430554,301.29063912332975,301.29063892545656,301.29063865035505,301.29063829885837,301.29063787201267,301.29063737104207,301.2906367974688,301.2906361528258,301.2906354387772,301.29063465744275,301.2906338106037,301.2906329003843,301.2906319294731,301.290630899826,301.2906298145006,301.2906286761064,301.2906274874947,301.2906262515748,301.29062497136397,301.2906236507732,301.29062229221597,301.2906209006978,301.29061947820003,301.2906180278396,301.2906165554852,301.29061506244125,301.29061355348915,301.2906120325109,301.29061050308815,301.2906089669706,301.2906074342307,301.2906059013778,301.29060437285966,301.290602856718,301.29060135268395,301.2905998652443,301.2905983964585,301.29059695498563,301.290595539647,301.2905941522609,301.2905928006621,301.2905914852324,301.29059020409113,301.2905889717617,301.2905877838296,301.2905866413448,301.2905855497102,301.29058450832196
0.034284711557405506,301.2811129217947,301.2811128877158,301.2811127874973,301.2811126220503,301.2811123922011,301.2811120986637,301.28111174233175,301.28111132424505,301.2811108457073,301.28111030800596,301.2811097125301,301.2811090610886,301.2811083551349,301.28110759643323,301.28110678727626,301.2811059292186,301.28110502487027,301.28110407638326,301.28110308612685,301.28110205650944,301.28110099002816,301.28109989003843,301.2810987584183,301.28109759956607,301.2810964149139,301.2810952069937,301.2810939810183,301.28109273773316,301.2810914812767,301.28109021490394,301.28108894157447,301.2810876624567,301.28108638685296,301.28108511081365,301.2810838381505,301.2810825761923,301.28108132415326,301.28108008590317,301.2810788629493,301.28107766325854,301.2810764851972,301.28107533007307,301.28107420508866,301.2810731101789,301.28107204308515,301.28107101759775,301.2810700290192,301.2810690780124,301.28106816951606,301.28106730262004
0.03478471155740551,301.27180166709263,301.27180163844116,301.27180155444785,301.27180141596745,301.27180122374784,301.2718009784035,301.27180068070095,301.2718003315264,301.27179993200104,301.27179948320816,301.27179898630794,301.2717984428505,301.2717978540167,301.27179722127215,301.2717965465791,301.27179583116043,301.2717950772526,301.2717942866276,301.2717934612545,301.2717926031255,301.2717917143058,301.2717907976868,301.2717898547043,301.2717888892472,301.2717879022956,301.27178689589664,301.2717858747109,301.27178483902674,301.27178379244435,301.2717827376977,301.2717816772292,301.2717806117307,301.27177954984495,301.27177848726274,301.2717774272647,301.27177637657405,301.271775333987,301.27177430285764,301.2717732842386,301.2717722855056,301.27177130466043,301.2717703425907,301.2717694059594,301.27176849433795,301.2717676051681,301.2717667515952,301.2717659287079,301.2717651368521,301.27176438057086,301.27176365870855
0.03528471155740551,301.2626976954631,301.26269767132885,301.2626976008343,301.2626974847852,301.26269732386316,301.2626971185994,301.2626968696543,301.26269657778596,301.2626962439633,301.2626958690994,301.26269545416466,301.26269500049216,301.2626945090379,301.26269398101874,301.2626934181214,301.2626928212943,301.26269219246205,301.2626915330816,301.26269084478884,301.2626901292306,301.2626893881132,301.2626886239404,301.26268783778295,301.2626870331017,301.2626862105053,301.26268537163907,301.26268452069803,301.26268365759745,301.26268278548696,301.2626819066665,301.2626810231498,301.26268013523753,301.2626792510059,301.26267836586806,301.26267748266076,301.26267660759106,301.2626757391189,301.2626748801671,301.26267403141435,301.2626731997299,301.2626723828254,301.2626715812436,301.26267080118487,301.2626700419266,301.26266930067516,301.26266859000543,301.26266790484925,301.2626672452926,301.2626666155416,301.26266601424413
0.03578471155740551,301.253793610775,301.25379359040187,301.25379353114073,301.25379343375494,301.25379329886965,301.25379312694656,301.2537929185573,301.2537926743531,301.25379239517576,301.25379208179635,301.2537917350274,301.2537913560213,301.25379094554677,301.2537905046145,301.25379003468106,301.25378953646793,301.2537890116394,301.25378846139074,301.25378788708105,301.2537872900703,301.2537866717666,301.25378603434956,301.25378537858904,301.2537847075853,301.2537840216427,301.25378332207345,301.25378261267934,301.25378189307185,301.25378116602315,301.25378043347183,301.25377969707546,301.25377895681544,301.2537782202789,301.25377748266834,301.2537767464495,301.2537760173878,301.25377529367483,301.253774577872,301.2537738703512,301.25377317754584,301.25377249693895,301.2537718287906,301.25377117890355,301.2537705463178,301.25376992805775,301.2537693361909,301.2537687655382,301.25376821597445,301.2537676914162,301.25376719035654
0.03628471155740551,301.2450824136271,301.2450823963866,301.2450823464764,301.2450822646228,301.2450821514029,301.24508200722005,301.2450818325719,301.24508162802033,301.2450813943005,301.24508113206554,301.24508084199647,301.2450805250946,301.24508018197383,301.2450798134731,301.24507942085654,301.24507900465863,301.2450785663259,301.2450781068362,301.24507762731895,301.24507712889545,301.2450766127264,301.24507608071997,301.24507553339816,301.2450749735572,301.24507440125234,301.24507381752034,301.2450732258294,301.24507262554516,301.24507201912274,301.2450714082,301.24507079413854,301.24507017665985,301.24506956292703,301.24506894798725,301.2450683339956,301.24506772633833,301.2450671229943,301.24506652622205,301.2450659361424,301.2450653588116,301.24506479153536,301.2450642343423,301.2450636926917,301.24506316543346,301.24506264945387,301.24506215636626,301.24506168091887,301.24506122281457,301.2450607857212,301.24506036801034
0.03678471155740551,301.2365574730752,301.23655745844496,301.23655741632126,301.2365573473976,301.2365572522101,301.2365571311134,301.236556984543,301.2365568129861,301.2365566170886,301.2365563974055,301.23655615450815,301.2365558892714,301.236555602181,301.23655529393335,301.23655496563134,301.2365546176554,301.2365542512696,301.23655386727154,301.23655346659956,301.236553050177,301.23655261895885,301.2365521746257,301.236551717496,301.2365512501088,301.23655077231615,301.23655028492686,301.2365497911259,301.2365492900806,301.2365487839794,301.23654827420967,301.23654776188755,301.2365472465234,301.2365467349109,301.2365462219871,301.236545709647,301.2365452029495,301.23654469970734,301.23654420192435,301.2365437095163,301.2365432282122,301.2365427551819,301.2365422902657,301.23654183862425,301.2365413989569,301.2365409680475,301.23654055710057,301.23654016082264,301.2365397787774,301.2365394144178,301.2365390660219
0.03728471155740551,301.2282125009632,301.22821248850886,301.22821245287116,301.22821239471455,301.2282123145399,301.2282122126609,301.22821208946107,301.2282119453652,301.22821178094426,301.22821159667126,301.22821139302664,301.2282111707791,301.2282109303083,301.228210672192,301.22821039739836,301.2282101061807,301.2282097996505,301.2282094784556,301.2282091433755,301.22820879516905,301.2282084346206,301.22820806321965,301.22820768111757,301.22820729063545,301.2282068914604,301.2282064842124,301.22820607183525,301.2282056533371,301.2282052306824,301.22820480504924,301.22820437735004,301.2282039469246,301.2282035202434,301.2282030921703,301.2282026643818,301.2282022416536,301.22820182166987,301.2282014062205,301.2282009950543,301.2282005936145,301.2282001989698,301.22819981080704,301.2281994340272,301.2281990672104,301.22819870706803,301.2281983644341,301.22819803399886,301.22819771521404,301.22819741134583,301.2281971206019
0.03778471155740551,301.22004152855504,301.22004151791555,301.2200414876826,301.22004143849483,301.2200413708228,301.2200412849458,301.2200411812036,301.22004105996893,301.2200409217497,301.2200407669505,301.2200405959759,301.22004040950577,301.22004020783214,301.220039991434,301.2200397611666,301.2200395171787,301.2200392604536,301.22003899151525,301.22003871101083,301.22003841956285,301.22003811781366,301.22003780709224,301.2200374874134,301.22003716091274,301.22003682714364,301.22003648657073,301.2200361419311,301.2200357921066,301.2200354388722,301.22003508323195,301.22003472592894,301.2200343661665,301.2200340101298,301.22003365264,301.22003329519004,301.2200329423093,301.22003259158424,301.2200322446248,301.2200319010445,301.22003156603546,301.2200312365937,301.2200309122821,301.2200305977734,301.22003029155564,301.22002999029155,301.2200297044779,301.22002942880886,301.2200291626465,301.22002890909437,301.22002866630845
0.03828471155740551,301.21203888520694,301.212038876082,301.2120388503547,301.2120388086407,301.2120387513842,301.2120386788357,301.2120385912981,301.2120384891003,301.2120383726973,301.2120382424366,301.2120380986598,301.2120379419719,301.2120377725924,301.21203759091844,301.2120373977102,301.2120371930308,301.21203697775593,301.21203675230663,301.2120365172203,301.2120362730059,301.2120360201883,301.21203575996094,301.2120354922272,301.21203521896473,301.21203493961934,301.21203465452703,301.2120343662478,301.2120340735641,301.21203377809053,301.212033480686,301.212033181953,301.21203288098604,301.21203258371787,301.2120322849515,301.21203198602535,301.2120316912528,301.2120313981493,301.2120311081719,301.21203082082536,301.2120305410806,301.2120302658836,301.21202999469756,301.2120297319942,301.21202947619116,301.2120292239224,301.2120289853757,301.2120287552653,301.2120285328825,301.2120283211882,301.2120281183019
0.03878471155740551,301.2041991788542,301.204199170994,301.20419914902465,301.20419911354116,301.2041990649647,301.20419900352147,301.2041989294835,301.2041988431429,301.20419874490983,301.20419863508425,301.2041985139552,301.20419838206476,301.2041982395726,301.20419808680776,301.2041979244505,301.2041977524939,301.20419757172294,301.20419738247347,301.20419718519145,301.2041969802918,301.20419676820154,301.20419655000023,301.20419632550033,301.2041960965443,301.20419586249204,301.2041956235736,301.2041953821962,301.204195137065,301.20419488965894,301.20419464071534,301.20419439072055,301.20419413868285,301.2041938903101,301.20419364040714,301.20419339018224,301.2041931437587,301.20419289860155,301.20419265603914,301.2041924154888,301.2041921817247,301.20419195166215,301.20419172468485,301.20419150508593,301.20419129123087,301.2041910797407,301.20419088051864,301.2041906883125,301.2041905023578,301.20419032548926,301.2041901558033
0.03928471155740551,301.196517278117,301.1965172713137,301.1965172524805,301.1965172221934,301.1965171808537,301.196517128667,301.19651706587905,301.1965169927512,301.1965169096559,301.19651681685326,301.19651671458837,301.19651660335046,301.1965164832497,301.19651635455864,301.1965162178901,301.19651607318013,301.1965159211371,301.1965157620263,301.19651559621786,301.1965154240484,301.196515245864,301.1965150626475,301.19651487413813,301.196514682062,301.19651448571096,301.1965142852279,301.19651408288775,301.1965138773368,301.1965136699383,301.1965134613285,301.19651325189693,301.19651304058493,301.1965128328987,301.19651262366125,301.19651241397014,301.1965122077812,301.1965120025262,301.19651179942406,301.1965115978225,301.19651140232054,301.19651120981774,301.19651101963495,301.1965108359062,301.19651065695933,301.19651047941574,301.1965103129148,301.1965101522485,301.1965099966092,301.19650984872,301.19650970666396
0.03978471155740551,301.1889882958549,301.1889882899356,301.18898827372107,301.18898824777017,301.18898821246665,301.18898816799856,301.1889881145898,301.18898805247534,301.188987981996,301.18898790337835,301.188987816831,301.1889877227984,301.18898762135007,301.1889875127116,301.1889873974388,301.1889872754213,301.188987147303,301.18898701329044,301.1889868736908,301.1889867287759,301.18898657882454,301.18898642473755,301.1889862661952,301.1889861048232,301.1889859398602,301.1889857713773,301.18898560153457,301.18898542893436,301.1889852548412,301.18898507980674,301.1889849041405,301.18898472673243,301.1889845529068,301.1889843775175,301.1889842015689,301.18898402886714,301.1889838568249,301.18898368656824,301.1889835173901,301.1889833537317,301.18898319249007,301.18898303293656,301.1889828790622,301.18898272916965,301.1889825798911,301.1889824406204,301.18898230620164,301.188982175795,301.1889820520234,301.1889819329654
0.04028471155740551,301.1816075740209,301.1816075688416,301.1816075548153,301.18160753248486,301.18160750221887,301.1816074641901,301.18160741860413,301.1816073656737,301.1816073057124,301.1816072389193,301.1816071654722,301.1816070857777,301.18160699987203,301.1816069079415,301.18160681049386,301.1816067073811,301.1816065991925,301.1816064860862,301.18160636831675,301.18160624610226,301.18160611966584,301.18160598983866,301.18160585625367,301.1816057204496,301.1816055816242,301.1816054397897,301.1816052970054,301.1816051518422,301.1816050054805,301.1816048584008,301.1816047108464,301.1816045616688,301.1816044160272,301.1816042688167,301.18160412096233,301.18160397613616,301.18160383174376,301.1816036888314,301.1816035466497,301.1816034094973,301.1816032742785,301.1816031402268,301.1816030112042,301.18160288549757,301.1816027597588,301.1816026431519,301.1816025305798,301.1816024211786,301.1816023174816,301.1816022175695
0.04078471155740551,301.17437066968597,301.17437066512684,301.1743706529304,301.1743706336251,301.1743706075654,301.17437057491173,301.17437053585354,301.1743704905852,301.1743704393971,301.17437038246464,301.1743703199406,301.174370252199,301.174370179249,301.17437010124434,301.17437001865176,301.1743699312932,301.1743698397112,301.17436974402403,301.1743696444427,301.1743695411407,301.1743694342948,301.1743693246769,301.1743692118823,301.1743690973743,301.17436898031906,301.17436886068134,301.17436874043165,301.17436861811973,301.1743684948532,301.17436837105345,301.1743682469087,301.17436812124265,301.1743679990638,301.17436787531676,301.17436775085866,301.1743676292411,301.1743675078715,301.174367387728,301.1743672680289,301.1743671529431,301.1743670393904,301.17436692657583,301.1743668182438,301.17436671267427,301.17436660654494,301.1743665088041,301.17436641441816,301.1743663225065,301.17436623552135,301.1743661515512
0.04128471155740551,301.16727334211953,301.1672733380809,301.16727332741607,301.1672733106402,301.16727328809526,301.167273259931,301.16727322632323,301.1672731874505,301.16727314358343,301.16727309487794,301.16727304146536,301.16727298369256,301.167272921546,301.16727285515253,301.16727278494415,301.16727271071863,301.1672726329789,301.16727255181013,301.1672724673871,301.1672723798463,301.16727228932643,301.16727219654814,301.16727210107763,301.1672720043118,301.16727190539416,301.16727180425005,301.167271702772,301.1672715994965,301.16727149546864,301.16727139106007,301.1672712864136,301.1672711803337,301.16727107769054,301.16727097348445,301.1672708685149,301.16727076622385,301.16727066402825,301.16727056284765,301.16727046187617,301.1672703651643,301.1672702696539,301.1672701745289,301.1672700834265,301.16726999462594,301.16726990483636,301.1672698228025,301.1672697435582,301.16726966621167,301.1672695931414,301.1672695224481
0.04178471155740551,301.16031154082555,301.1603115372242,301.16031152784274,301.16031151318373,301.160311493578,301.160311469166,301.1603114401119,301.16031140658095,301.1603113688267,301.16031132698856,301.16031128118027,301.160311231725,301.16031117859114,301.16031112188307,301.1603110620031,301.1603109987298,301.16031093253224,301.16031086346845,301.1603107916829,301.1603107172816,301.16031064037156,301.1603105616297,301.16031048059943,301.16031039861946,301.1603103148169,301.1603102290858,301.1603101432485,301.1603100558359,301.1603099678383,301.1603098795859,301.16030979118375,301.16030970142435,301.16030961505004,301.16030952712197,301.16030943838985,301.16030935219584,301.1603092659725,301.16030918058857,301.16030909522107,301.16030901381134,301.16030893332845,301.1603088529417,301.16030877618977,301.16030870135626,301.1603086251863,301.16030855623166,301.1603084895962,301.16030842438187,301.16030836289974,301.16030830326616
0.04228471155740551,301.1534813944454,301.15348139121215,301.15348138290733,301.1534813700216,301.15348135287593,301.15348133160256,301.1534813063559,301.1534812772895,301.1534812446424,301.15348120854026,301.1534811690817,301.15348112657,301.15348108095867,301.1534810323335,301.1534809810712,301.15348092693546,301.15348087036625,301.15348081139916,301.1534807501537,301.1534806867104,301.15348062115015,301.1534805541121,301.15348048512254,301.1534804154685,301.1534803442665,301.1534802713849,301.1534801985839,301.15348012439347,301.1534800497569,301.15347997496895,301.1534799001039,301.1534798239478,301.1534797511246,301.1534796767598,301.1534796015602,301.15347952877636,301.1534794558615,301.15347938364,301.1534793112775,301.15347924261425,301.1534791746508,301.1534791065468,301.15347904174985,301.1534789785525,301.1534789137387,301.15347885567706,301.15347879954345,301.1534787444372,301.15347869260745,301.153478642189
0.042784711557405514,301.14677920044994,301.14677919752705,301.14677919012667,301.14677917872825,301.14677916364354,301.146779144998,301.14677912293735,301.1467790976053,301.1467790692284,301.1467790379203,301.1467790037675,301.1467789670558,301.1467789277267,301.14677888585067,301.14677884178235,301.1467787952739,301.1467787467403,301.1467786961988,301.1467786437478,301.1467785894472,301.14677853335616,301.14677847608084,301.14677841713535,301.1467783577601,301.1467782970662,301.1467782349012,301.1467781729691,301.14677810980373,301.14677804630685,301.14677798274363,301.14677791916296,301.1467778543494,301.146777792816,301.14677772975557,301.14677766583776,301.14677760422865,301.14677754240563,301.14677748115474,301.1467774196347,301.14677736159155,301.14677730406055,301.14677724619617,301.14677719136114,301.14677713786034,301.14677708251924,301.14677703353175,301.1467769861468,301.14677693946436,301.14677689567645,301.1467768529382
0.043284711557405514,301.14020141555,301.1402014128894,301.14020140624984,301.1402013961004,301.1402013827445,301.1402013663014,301.1402013469094,301.1402013247038,301.1402012999001,301.14020127260216,301.1402012428859,301.14020121102226,301.1402011769431,301.14020114070604,301.1402011026466,301.1402010625086,301.140201020685,301.140200977178,301.14020093206875,301.1402008854,301.14020083721283,301.14020078808494,301.1402007375216,301.1402006867219,301.1402006347945,301.140200581571,301.14020052870404,301.1402004747352,301.1402004205296,301.14020036632746,301.14020031215654,301.14020025680384,301.1402002046787,301.14020015104296,301.14020009653393,301.1402000442393,301.1401999916636,301.14019993955947,301.1401998870821,301.14019983788967,301.1401997890546,301.14019973972955,301.1401996931979,301.1401996477798,301.14019960034375,301.1401995589168,301.1401995188218,301.1401994791619,301.14019944207547,301.1401994057403
0.043784711557405515,301.1337446467645,301.133744644326,301.13374463832776,301.1337446292289,301.13374461732485,301.13374460272996,301.13374458557576,301.13374456599036,301.13374454417954,301.13374452023885,301.1337444942356,301.13374446642746,301.1337444367387,301.13374440521636,301.1337443721795,301.13374433736544,301.1337443011484,301.13374426351817,301.1337442245415,301.13374418424695,301.13374414266076,301.1337441003359,301.1337440567713,301.13374401312933,301.1337439685192,301.13374392275955,301.1337438774567,301.1337438311626,301.1337437847098,301.1337437383175,301.1337436919962,301.1337436445385,301.1337436002557,301.13374355448036,301.13374350782124,301.1337434632929,301.13374341842973,301.1337433739542,301.1337433290217,301.13374328720755,301.13374324562324,301.1337432034224,301.13374316381396,301.1337431251353,301.1337430842997,301.1337430491738,301.1337430151548,301.13374298135096,301.13374294985096,301.1337429188559
0.044284711557405515,301.12740564308996,301.12740564084015,301.12740563538347,301.12740562716976,301.1274056164871,301.1274056034451,301.12740558816984,301.1274055707829,301.1274055514818,301.12740553035474,301.1274055074618,301.1274054830492,301.12740545703537,301.1274054294583,301.12740540062265,301.12740537026144,301.1274053387323,301.1274053060149,301.1274052721642,301.1274052371968,301.12740520112715,301.1274051644858,301.12740512676885,301.1274050891043,301.1274050506049,301.1274050110793,301.127404972091,301.12740493220485,301.1274048922243,301.12740485235076,301.1274048125805,301.12740477171434,301.1274047339708,301.12740469475375,301.1274046546471,301.1274046165966,301.12740457816824,301.12740454005797,301.12740450142354,301.1274044657623,301.1274044302259,301.1274043939714,301.12740436013746,301.12740432708046,301.127404291759,301.1274042618861,301.12740423293275,301.1274042040142,301.1274041771723,301.1274041506327
0.044784711557405515,301.1211812877227,301.1211812856336,301.1211812806355,301.1211812731688,301.1211812635154,301.1211812517804,301.121181238085,301.1211812225454,301.12118120535126,301.12118118658503,301.1211811663006,301.121181144734,301.12118112179917,301.1211810975266,301.12118107220823,301.1211810455745,301.12118101796824,301.1211809893612,301.1211809597982,301.1211809292864,301.12118089783024,301.12118086594063,301.12118083311253,301.121180800443,301.12118076704996,301.1211807327345,301.12118069902067,301.12118066448784,301.12118062991357,301.121180595484,301.12118056118396,301.1211805258241,301.1211804935353,301.1211804597927,301.12118042515834,301.12118039251334,301.1211803594563,301.12118032665967,301.1211802932854,301.1211802627571,301.12118023226753,301.1211802009788,301.12118017196315,301.12118014359726,301.1211801128858,301.1211800873933,301.1211800626649,301.12118003782376,301.1211800148673,301.1211799920467
0.045284711557405516,301.1150685907885,301.1150685888368,301.11506858422763,301.11506857739323,301.1150685686087,301.11506855797575,301.11506854561105,301.11506853162587,301.11506851620345,301.1150684994209,301.11506848132683,301.11506846214854,301.11506844179615,301.1150684202944,301.1150683979239,301.11506837441345,301.11506835009317,301.1150683249282,301.115068298955,301.11506827217295,301.1150682445783,301.11506821666455,301.11506818792714,301.11506815943454,301.11506813031156,301.1150681003538,301.1150680710485,301.115068040991,301.11506801093554,301.1150679810552,301.1150679513254,301.11506792056844,301.11506789283146,301.1150678636611,301.1150678335999,301.11506780546756,301.1150677768965,301.11506774853797,301.1150677195598,301.11506769331544,301.1150676670392,301.1150676399,301.1150676149067,301.11506759045744,301.11506756360285,301.11506754176486,301.1150675205613,301.1150674991248,301.1150674794109,301.11506745969615
0.045784711557405516,301.10906468254,301.1090646807061,301.10906467642826,301.10906467013007,301.10906466208087,301.10906465237906,301.1090646411373,301.1090646284627,301.10906461453243,301.1090645994191,301.1090645831671,301.10906456599565,301.10906454781235,301.1090645286368,301.1090645087397,301.1090644878494,301.10906446628456,301.1090644440049,301.10906442104033,301.1090643973836,301.10906437302424,301.1090643484402,301.10906432312873,301.10906429813195,301.1090642725827,301.1090642462726,301.1090642206548,301.10906419434167,301.10906416806597,301.1090641419898,301.10906411608096,301.1090640891747,301.10906406523804,301.10906403988884,301.1090640136519,301.10906398928904,301.109063964467,301.1090639398176,301.1090639145161,301.1090638918488,301.1090638690921,301.1090638454227,301.10906382378926,301.1090638026117,301.109063778987,301.10906376019886,301.1090637419376,301.1090637233458,301.10906370633904,301.1090636892198
0.04628471155740552,301.1031668069866,301.1031668052543,301.1031668012593,301.1031667954172,301.1031667879919,301.1031667790787,301.1031667687867,301.10316675721924,301.1031667445481,301.1031667308421,301.10316671614174,301.10316670065936,301.1031666843006,301.1031666670808,301.10316664926194,301.1031666305726,301.10316661132117,301.1031665914633,301.10316657102305,301.10316654998803,301.1031665283425,301.10316650655,301.10316648411083,301.1031664620425,301.10316643948715,301.1031664162336,301.10316639370274,301.10316637052506,301.10316634741383,301.10316632452145,301.10316630180967,301.1031662781277,301.10316625736556,301.1031662352121,301.10316621217595,301.10316619096375,301.10316616927696,301.1031661477298,301.10316612550577,301.1031661058271,301.10316608601227,301.10316606524674,301.10316604642134,301.10316602797855,301.10316600706136,301.10316599082006,301.10316597501594,301.1031659588025,301.1031659440572,301.1031659291085
0.04678471155740552,301.0973723159225,301.09737231427806,301.09737231052554,301.0973723050728,301.0973722981783,301.0973722899347,301.097372280448,301.09737226981804,301.09737225821175,301.09737224569454,301.097372232304,301.09737221824577,301.09737220342447,301.09737218785176,301.0973721717817,301.097372154944,301.0973721376379,301.09737211981536,301.09737210149615,301.0973720826634,301.09737206329703,301.0973720438478,301.0973720238197,301.09737200420744,301.09737198416286,301.0973719634733,301.09737194352937,301.09737192298013,301.09737190252076,301.0973718822955,301.0973718622613,301.0973718412817,301.0973718231732,301.09737180369444,301.09737178334,301.0973717647632,301.09737174570046,301.0973717267501,301.0973717071047,301.09737168992467,301.09737167257066,301.0973716542376,301.09737163776083,301.09737162160576,301.09737160296106,301.0973715888475,301.0973715750968,301.09737156087346,301.09737154801843,301.09737153488635
0.04728471155740552,301.0916786633246,301.09167866175665,301.0916786582128,301.09167865309354,301.09167864665216,301.09167863897903,301.09167863017706,301.0916786203431,301.09167860963964,301.0916785981291,301.0916785858464,301.0916785729916,301.0916785594683,301.0916785452854,301.0916785306897,301.0916785154126,301.0916784997447,301.0916784836358,301.09167846710136,301.09167845012144,301.09167843267227,301.09167841519275,301.0916783971914,301.09167837964156,301.09167836170536,301.0916783431695,301.09167832539606,301.09167830705275,301.09167828881834,301.0916782708299,301.0916782530404,301.0916782343286,301.09167821843994,301.0916782012022,301.09167818309675,301.0916781667263,301.09167814986216,301.0916781330876,301.09167811560496,301.09167810051565,301.09167808522193,301.0916780689286,301.091678054418,301.09167804017835,301.09167802344365,301.09167801110897,301.0916779990754,301.0916779865187,301.091677975245,301.09167796363477
0.04778471155740552,301.08608340009346,301.08608339859234,301.0860833952289,301.0860833903964,301.08608338434334,301.08608337715776,301.08608336893985,301.0860833597838,301.0860833498479,301.0860833391921,301.08608332784905,301.0860833160134,301.08608330358845,301.08608329058086,301.0860832772307,301.08608326327146,301.0860832489861,301.0860832343225,301.08608321929273,301.0860832038743,301.08608318804045,301.08608317221945,301.0860831559247,301.0860831401093,301.08608312394625,301.0860831072223,301.0860830912721,301.08608307478295,301.0860830584178,301.0860830423076,301.0860830264024,301.08608300959634,301.08608299556624,301.0860829802083,301.0860829639915,301.08608294947,301.0860829344497,301.0860829195003,301.0860829038344,301.0860828904959,301.0860828769288,301.0860828623482,301.08608284948514,301.0860828368507,301.0860828217239,301.0860828108776,301.0860828002811,301.08608278912175,301.08608277917205,301.0860827688382
0.04828471155740552,301.0805841691114,301.08058416766903,301.0805841644624,301.0805841598777,301.08058415415866,301.08058414739133,301.0805841396734,301.08058413109666,301.0805841218155,301.08058411188756,301.0805841013437,301.08058409037363,301.0805840788806,301.0805840668694,301.0805840545739,301.0805840417301,301.08058402861406,301.0805840151719,301.0805840014134,301.08058398731356,301.08058397284367,301.0805839584217,301.08058394356664,301.0805839292123,301.080583914543,301.08058389934604,301.08058388493004,301.08058387000165,301.08058385520945,301.0805838406789,301.0805838263575,301.0805838111554,301.08058379868305,301.08058378490375,301.0805837702755,301.0805837573052,301.0805837438336,301.0805837304173,301.08058371627936,301.0805837044088,301.08058369229036,301.08058367915004,301.08058366766903,301.08058365638163,301.08058364261086,301.0805836330111,301.0805836236184,301.08058361363203,301.0805836047921,301.08058359552996
0.04878471155740552,301.07517870059695,301.0751786992066,301.0751786961369,301.0751786917673,301.075178686337,301.07517867993,301.07517867264187,301.075178664562,301.0751786558412,301.0751786465354,301.07517863667346,301.07517862644073,301.07517861574075,301.07517860457654,301.07517859317653,301.07517858127954,301.07517856915484,301.07517855674774,301.07517854406564,301.075178531082,301.07517851776623,301.075178504527,301.0751784908892,301.07517847776813,301.0751784643597,301.07517845045214,301.0751784373294,301.0751784237175,301.0751784102512,301.0751783970513,301.0751783840635,301.0751783702139,301.0751783590486,301.07517834659734,301.07517833330735,301.07517832164035,301.0751783094712,301.0751782973446,301.0751782844943,301.0751782738559,301.07517826295464,301.0751782510273,301.0751782407074,301.0751782305518,301.07517821792715,301.0751782093724,301.07517820098934,301.07517819198904,301.0751781840802,301.07517817571943
0.04928471155740552,301.06986480773446,301.06986480639046,301.0698648034411,301.06986479925916,301.06986479407954,301.06986478798456,301.0698647810674,301.06986477341553,301.0698647651765,301.06986475640423,301.06986474712636,301.0698647375239,301.06986472750094,301.06986471705926,301.069864706422,301.06986469533086,301.06986468404915,301.0698646725214,301.06986466075335,301.06986464871693,301.0698646363805,301.0698646241437,301.06986461153747,301.0698645994599,301.06986458711805,301.0698645743019,301.0698645622715,301.0698645497722,301.06986453742604,301.0698645253494,301.0698645134866,301.0698645007798,301.0698644907129,301.0698644793806,301.0698644672203,301.06986445665,301.0698644455783,301.0698644345386,301.06986442277554,301.0698644131728,301.0698644032958,301.06986439239233,301.0698643830492,301.06986437384603,301.0698643621925,301.06986435451495,301.06986434697967,301.0698643388097,301.06986433168316,301.06986432408183
0.04978471155740552,301.0646403825598,301.06464038125733,301.06464037841425,301.0646403743971,301.06464036943635,301.06464036361274,301.06464035701754,301.06464034973607,301.0646403419129,301.06464033360027,301.0646403248246,301.0646403157631,301.0646403063203,301.06464029649703,301.06464028651163,301.0646402761088,301.06464026554625,301.0646402547681,301.0646402437785,301.0646402325485,301.06464022104535,301.0646402096605,301.0646401979312,301.06464018673853,301.06464017530146,301.0646401634117,301.0646401523061,301.0646401407497,301.06464012935186,301.0646401182254,301.0646401073138,301.0646400955751,301.06464008643263,301.064640076045,301.06464006484066,301.06464005519484,301.06464004504966,301.0646400349277,301.0646400240847,301.0646400153542,301.06464000634077,301.0646399963032,301.0646399877834,301.06463997938334,301.0646399685548,301.06463996161466,301.06463995479237,301.06463994732286,301.0646399408548,301.0646399338945
0.05028471155740552,301.0595033920855,301.0595033908205,301.059503388072,301.05950338420024,301.0595033794317,301.05950337384553,301.0595033675312,301.05950336057185,301.0595033531094,301.0595033451947,301.05950333685286,301.05950332825745,301.05950331931405,301.0595033100223,301.059503300596,301.0595032907834,301.0595032808366,301.0595032706997,301.0595032603755,301.0595032498342,301.05950323904267,301.0595032283842,301.0595032174026,301.0595032069628,301.0595031962954,301.0595031851941,301.0595031748738,301.05950316411844,301.05950315352584,301.0595031432054,301.05950313309995,301.0595031221835,301.0595031138206,301.0595031042326,301.0595030938391,301.0595030849742,301.05950307561307,301.05950306626806,301.0595030562058,301.05950304821107,301.0595030399271,301.0595030306239,301.0595030227995,301.059503015078,301.05950300495266,301.0595029986334,301.0595029924118,301.0595029855345,301.05950297962175,301.0595029732037
0.05078471155740552,301.0544518746494,301.05445187341843,301.05445187075463,301.05445186701206,301.0544518624133,301.0544518570361,301.0544518509679,301.05445184429044,301.0544518371426,301.05445182957396,301.0544518216088,301.0544518134171,301.0544518049053,301.05445179607244,301.0544517871281,301.0544517778236,301.0544517684062,301.0544517588199,301.0544517490665,301.0544517391159,301.05445172893417,301.05445171889744,301.0544517085557,301.0544516987585,301.05445168874803,301.0544516783203,301.0544516686687,301.0544516585961,301.05445164868945,301.05445163905466,301.0544516296345,301.0544516194187,301.05445161171457,301.054451602805,301.0544515931015,301.054451584898,301.0544515762021,301.0544515675164,301.05445155811867,301.054451550746,301.05445154307995,301.0544515344014,301.0544515271656,301.0544515200189,301.05445151049497,301.05445150469956,301.0544514989851,301.0544514926098,301.05445148716626,301.0544514812083
0.05128471155740552,301.04948393647163,301.04948393527184,301.0494839326843,301.04948392905726,301.0494839246096,301.0494839194173,301.0494839135664,301.04948390713685,301.04948390026493,301.0494838929991,301.0494838853626,301.04948387752233,301.04948386938554,301.0494838609509,301.0494838524237,301.0494838435588,301.04948383459856,301.0494838254872,301.0494838162258,301.0494838067838,301.04948379712704,301.04948378762435,301.0494837778325,301.0494837685859,301.0494837591383,301.0494837492882,301.049483740208,301.04948373071966,301.04948372139916,301.0494837123496,301.04948370351394,301.04948369389723,301.04948368675116,301.0494836784191,301.04948366930466,301.0494836616628,301.049483653533,301.04948364540866,301.04948363657843,301.0494836297331,301.04948362259177,301.0494836144462,301.0494836077103,301.0494836010517,301.04948359204417,301.0494835866918,301.04948358140643,301.04948357545794,301.04948357041184,301.0494835648452
0.05178471155740552,301.0445977484073,301.0445977472361,301.0445977447178,301.0445977411948,301.0445977368823,301.0445977318548,301.0445977261968,301.04459771998677,301.0445977133584,301.04459770635896,301.04459769901104,301.0445976914784,301.0445976836693,301.04459767558194,301.04459766741775,301.044597658935,301.04459765037166,301.0445976416721,301.0445976328367,301.0445976238347,301.0445976146318,301.0445976055901,301.04459759627287,301.04459758750005,301.04459757853675,301.04459756918396,301.0445975605942,301.04459755160764,301.04459754279003,301.0445975342421,301.04459752590657,301.0445975168043,301.04459751013235,301.0445975022935,301.0445974936839,301.0445974865205,301.04459747887415,301.04459747122934,301.0445974628857,301.04459745648876,301.0445974497945,301.04459744210544,301.04459743579514,301.0445974295525,301.0445974209905,301.04459741601363,301.04459741109235,301.04459740550783,301.0445974007994,301.044597395567
0.05228471155740552,301.0397915428814,301.0397915417368,301.03979153928174,301.039791535853,301.03979153166233,301.0397915267827,301.0397915212972,301.03979151528273,301.0397915088706,301.03979150210705,301.03979149501413,301.03979148775227,301.03979148023114,301.0397914724485,301.039791464602,301.0397914564535,301.03979144823643,301.0397914398957,301.039791431431,301.03979142281173,301.0397914140034,301.0397914053616,301.0397913964561,301.03979138809274,301.0397913795481,301.0397913706256,301.03979136245835,301.0397913539048,301.0397913455207,301.0397913374044,301.03979132949877,301.0397913208401,301.0397913145723,301.0397913071564,301.0397912989813,301.03979129222694,301.0397912849951,301.03979127776154,301.0397912698367,301.03979126382234,301.0397912575103,301.0397912502139,301.03979124426746,301.0397912383804,301.03979123020457,301.0397912255471,301.0397912209357,301.0397912156628,301.0397912112422,301.0397912062961
0.05278471155740552,301.0350636109959,301.0350636098759,301.035063607479,301.0350636041364,301.0350636000561,301.03506359531013,301.0350635899798,301.0350635841408,301.0350635779221,301.03506357136877,301.0350635645024,301.0350635574806,301.03506355021415,301.0350635427005,301.03506353513365,301.0350635272792,301.03506351936613,301.03506351133984,301.0350635031998,301.0350634949152,301.03506348645175,301.0350634781587,301.0350634696122,301.03506346160464,301.03506345342373,301.0350634448757,301.0350634370742,301.0350634288962,301.03506342088747,301.0350634131443,301.03506340560995,301.03506339733565,301.03506339141364,301.035063384362,301.03506337656256,301.03506337015926,301.03506336328434,301.0350633564051,301.0350633488426,301.0350633431558,301.03506333717183,301.03506333021494,301.03506332458056,301.035063318999,301.0350633111596,301.0350633067746,301.0350633024278,301.0350632974229,301.03506329324836,301.0350632885488
0.05328471155740552,301.03041229979607,301.0304122986993,301.03041229635613,301.0304122930925,301.0304122891132,301.03041228448865,301.03041227929907,301.0304122736185,301.03041226757375,301.03041226120916,301.03041225454564,301.03041224773796,301.0304122406982,301.0304122334235,301.03041222610454,301.03041221851026,301.03041221086573,301.03041220311684,301.03041219526267,301.0304121872725,301.0304121791122,301.0304121711251,301.0304121628937,301.030412155197,301.0304121473339,301.03041213911325,301.0304121316304,301.0304121237797,301.0304121160978,301.0304121086789,301.0304121014667,301.0304120935274,301.0304120879025,301.03041208116593,301.0304120736931,301.0304120675927,301.0304120610264,301.03041205445385,301.0304120472065,301.03041204180136,301.0304120361003,301.03041202943825,301.0304120240729,301.03041201875476,301.0304120112103,301.03041200705866,301.0304120029388,301.0304119981653,301.03041199420215,301.03041198971584
0.05378471155740552,301.0258360096886,301.0258360086136,301.02583600632056,301.0258360031301,301.0258359992435,301.02583599473024,301.02583598966896,301.02583598413247,301.0258359782455,301.0258359720514,301.02583596557065,301.0258359589553,301.0258359521187,301.02583594505774,301.02583593795987,301.0258359305974,301.02583592319166,301.02583591568896,301.0258359080882,301.02583590035874,301.02583589246683,301.02583588474965,301.0258358767964,301.025835869373,301.02583586178923,301.02583585385673,301.0258358466528,301.0258358390892,301.02583583169354,301.02583582455804,301.025835817627,301.0258358099811,301.0258358046127,301.0258357981504,301.025835790963,301.02583578512497,301.0258357788273,301.0258357725215,301.02583576554974,301.02583576038796,301.02583575493225,301.0258357485277,301.02583574339536,301.02583573830555,301.02583573102106,301.0258357270703,301.02583572314586,301.02583571857326,301.0258357147926,301.0258357104915
0.054284711557405524,301.02133319200055,301.02133319094617,301.02133318870005,301.0213331855776,301.02133318177687,301.0213331773661,301.02133317242266,301.02133316701816,301.02133316127515,301.02133315523616,301.02133314892126,301.0213331424799,301.0213331358265,301.0213331289582,301.0213331220589,301.02133311490445,301.0213331077124,301.02133310042973,301.02133309305503,301.02133308555807,301.0213330779052,301.02133307042794,301.0213330627218,301.02133305554014,301.02133304820353,301.02133304052626,301.02133303356806,301.02133302625776,301.02133301911425,301.02133301222807,301.0213330055438,301.0213329981568,301.0213329930108,301.02133298678837,301.0213329798521,301.0213329742426,301.02133296817976,301.02133296210764,301.0213329553784,301.021332950428,301.02133294518603,301.0213329390077,301.0213329340784,301.02133292918757,301.0213329221339,301.0213329183567,301.0213329146013,301.02133291020414,301.0213329065818,301.02133290244274
0.054784711557405524,301.01690234667103,301.0169023456363,301.01690234343425,301.0169023403755,301.01690233665465,301.01690233233904,301.01690232750457,301.01690232222165,301.0169023166109,301.0169023107141,301.0169023045506,301.0169022982678,301.01690229178104,301.0169022850873,301.0169022783676,301.0169022714011,301.01690226440166,301.01690225731704,301.01690225014556,301.0169022428572,301.0169022354187,301.0169022281561,301.01690222067106,301.0169022137046,301.01690220658816,301.0169021991385,301.0169021923981,301.0169021853129,301.01690217839314,301.01690217172745,301.0169021652613,301.016902158104,301.0169021531521,301.01690214714085,301.01690214042685,301.0169021350178,301.0169021291617,301.01690212329527,301.0169021167808,301.016902112015,301.01690210696034,301.0169021009823,301.01690209623064,301.0169020915144,301.016902084667,301.01690208104054,301.01690207743246,301.0169020731892,301.01690206970494,301.01690206570834
0.055284711557405525,301.0125420200679,301.01254201905186,301.01254201689164,301.0125420138927,301.01254201024676,301.0125420060199,301.01254200128676,301.01254199611674,301.0125419906283,301.01254198486254,301.0125419788385,301.012541972701,301.0125419663667,301.01254195983245,301.0125419532763,301.0125419464808,301.0125419396562,301.01254193275105,301.01254192576346,301.01254191866366,301.0125419114188,301.0125419043496,301.0125418970638,301.0125418902905,301.0125418833713,301.012541876126,301.0125418695802,301.0125418626963,301.0125418559762,301.0125418495071,301.0125418432349,301.01254183628294,301.0125418315014,301.0125418256773,301.0125418191614,301.0125418139291,301.0125418082561,301.012541802572,301.0125417962491,301.01254179164556,301.01254178675623,301.0125417809563,301.01254177636145,301.0125417717992,301.01254176513737,301.0125417616427,301.0125417581635,301.01254175405643,301.01254175069323,301.0125417468229
0.055784711557405525,301.0082508029216,301.0082508019235,301.008250799803,301.0082507968607,301.00825079328524,301.0082507891417,301.0082507845035,301.00825077943887,301.00825077406427,301.0082507684201,301.0082507625252,301.00825075652176,301.00825075032793,301.0082507439404,301.00825073753424,301.00825073089544,301.0082507242307,301.0082507174893,301.0082507106692,301.00825070374117,301.0082506966725,301.0082506897787,301.0082506826737,301.00825067607474,301.00825066933385,301.0082506622733,301.00825065590243,301.0082506491999,301.0082506426595,301.0082506363667,301.0082506302682,301.008250623501,301.00825061887,301.008250613213,301.0082506068748,301.0082506017995,301.0082505962899,301.0082505907685,301.0082505846175,301.00825058015755,301.008250575415,301.0082505697749,301.00825056531914,301.00825056089366,301.00825055440004,301.0082505510213,301.0082505476556,301.00825054366976,301.00825054041354,301.0082505366556
0.056284711557405526,301.0040273283697,301.0040273273888,301.0040273253062,301.0040273224178,301.0040273189091,301.00402731484417,301.0040273102952,301.0040273053295,301.0040273000615,301.00402729453106,301.00402728875645,301.00402728287764,301.00402727681404,301.00402727056223,301.0040272642946,301.0040272578003,301.0040272512829,301.0040272446919,301.00402723802557,301.00402723125484,301.0040272243476,301.0040272176142,301.0040272106743,301.004027204234,301.0040271976552,301.00402719076305,301.0040271845507,301.0040271780127,301.0040271716349,301.0040271655015,301.00402715955966,301.00402715296,301.0040271484629,301.004027142956,301.00402713677846,301.0040271318435,301.00402712648065,301.00402712110565,301.0040271151101,301.00402711077805,301.0040271061668,301.004027100671,301.0040270963395,301.00402709203644,301.00402708569624,301.00402708242024,301.0040270791552,301.0040270752779,301.00402707211674,301.0040270684599
0.056784711557405526,300.9998702701048,300.9998702691405,300.99987026709425,300.99987026425714,300.99987026081186,300.9998702568215,300.99987025235725,300.99987024748475,300.99987024231723,300.99987023689346,300.9998702312316,300.99987022546935,300.9998702195273,300.9998702134021,300.99987020726314,300.99987020090305,300.9998701945219,300.99987018807025,300.999870181546,300.9998701749206,300.99987016816226,300.9998701615763,300.9998701547885,300.99987014849347,300.99987014206323,300.9998701353254,300.99987012925754,300.99987012286994,300.99987011664064,300.99987011065224,300.9998701048528,300.99987009840606,300.999870094029,300.999870088658,300.9998700826266,300.9998700778181,300.9998700725881,300.99987006734557,300.9998700614916,300.99987005727434,300.9998700527814,300.99987004741683,300.9998700431971,300.99987003900435,300.99987003280523,300.99987002962075,300.9998700264457,300.99987002266636,300.9998700195905,300.9998700160249
0.05728471155740553,300.99577834062075,300.9957783396725,300.99577833766114,300.9957783348732,300.99577833148857,300.99577832756927,300.9957783231853,300.9957783184014,300.99577831332886,300.9957783080059,300.9957783024504,300.99577829679777,300.9957782909698,300.99577828496314,300.99577827894467,300.99577827270997,300.995778266456,300.995778260134,300.9957782537419,300.9957782472515,300.99577824063135,300.99577823418207,300.9957782275351,300.9957782213741,300.9957782150809,300.9957782084858,300.99577820255064,300.9957781963014,300.9957781902084,300.995778184353,300.99577817868385,300.9957781723778,300.99577816810904,300.99577816286177,300.9957781569646,300.9957781522709,300.99577814716184,300.99577814204014,300.9957781363162,300.99577813220253,300.9957781278169,300.9957781225726,300.9957781184544,300.99577811436166,300.99577810829305,300.9957781051907,300.99577810209655,300.99577809840645,300.99577809540733,300.99577809192493
0.05778471155740553,300.99175028955045,300.9917502886178,300.9917502866401,300.9917502838995,300.991750280573,300.9917502767216,300.99175027241427,300.9917502677148,300.99175026273264,300.99175025750543,300.99175025205056,300.99175024650157,300.9917502407813,300.9917502348865,300.9917502289813,300.9917502228644,300.99175021672977,300.99175021052935,300.9917502042609,300.9917501978967,300.9917501914058,300.9917501850839,300.9917501785683,300.9917501725318,300.9917501663658,300.99175015990323,300.991750154091,300.9917501479699,300.99175014200307,300.9917501362704,300.9917501307214,300.99175012454555,300.99175012037523,300.99175011524176,300.9917501094684,300.99175010487943,300.9917500998816,300.9917500948709,300.99175008926693,300.9917500852477,300.9917500809602,300.99175007582676,300.9917500718012,300.99175006779996,300.99175006185294,300.99175005882495,300.9917500558041,300.99175005219564,300.9917500492664,300.9917500458603
0.05828471155740553,300.9877849020913,300.98778490117377,300.9877848992286,300.9877848965336,300.9877848932629,300.98778488947687,300.987784885243,300.9877848806243,300.9877848757284,300.9877848705924,300.98778486523355,300.987784859783,300.98778485416494,300.9877848483761,300.987784842578,300.98778483657253,300.9877848305505,300.9877848244645,300.9877848183125,300.987784812067,300.9877848056975,300.9877847994952,300.9877847931028,300.98778478718265,300.98778478113564,300.9877847747971,300.9877847690992,300.98778476309775,300.9877847572484,300.9877847516298,300.98778474619223,300.9877847401377,300.9877847360576,300.9877847310293,300.987784725371,300.98778472087866,300.98778471598354,300.98778471107545,300.9877847055831,300.98778470165047,300.98778469745326,300.9877846924228,300.9877846884825,300.98778468456555,300.9877846787324,300.9877846757723,300.98778467281835,300.9877846692852,300.9877846664199,300.9877846630842
0.05878471155740553,300.9838809975112,300.9838809966084,300.9838809946947,300.98388099204385,300.98388098882714,300.98388098510384,300.98388098094074,300.98388097639963,300.9838809715865,300.98388096653787,300.9838809612707,300.9838809559142,300.98388095039354,300.9838809447055,300.9838809390092,300.9838809331095,300.98388092719426,300.9838809212168,300.98388091517495,300.9838809090418,300.9838809027871,300.9838808966976,300.9838808904214,300.9838808846107,300.98388087867556,300.98388087245377,300.98388086686305,300.9838808609737,300.98388085523453,300.98388084972265,300.98388084438915,300.98388083844844,300.9838808344515,300.9838808295212,300.9838808239706,300.9838808195677,300.98388081476816,300.98388080995574,300.98388080456783,300.9838808007151,300.9838807966017,300.9838807916675,300.98388078780613,300.9838807839674,300.98388077824154,300.9838807753436,300.9838807724513,300.98388076898806,300.98388076618164,300.9838807629116
0.05928471155740553,300.9800374277331,300.98003742684455,300.98003742496155,300.9800374223533,300.9800374191888,300.9800374155263,300.98003741143134,300.980037406965,300.98003740223146,300.98003739726687,300.9800373920877,300.9800373868212,300.9800373813938,300.9800373758023,300.9800373702032,300.98003736440444,300.98003735859095,300.98003735271675,300.9800373467798,300.98003734075337,300.98003733460774,300.98003732862514,300.9800373224593,300.98003731675203,300.9800373109226,300.9800373048114,300.9800372993216,300.98003729353815,300.9800372879028,300.9800372824914,300.9800372772557,300.98003727142225,300.98003726750267,300.9800372626641,300.9800372572148,300.98003725289544,300.9800372481855,300.98003724346273,300.9800372381731,300.9800372343948,300.98003723035947,300.9800372255159,300.98003722172814,300.98003721796226,300.9800372123381,300.9800372094978,300.98003720666253,300.9800372032647,300.9800372005131,300.98003719730434
0.05978471155740553,300.97625307599094,300.97625307511635,300.97625307326314,300.97625307069643,300.97625306758255,300.9762530639788,300.97625305994984,300.97625305555573,300.9762530508991,300.9762530460154,300.97625304092105,300.97625303574114,300.9762530304034,300.9762530249045,300.97625301939854,300.9762530136966,300.97625300798046,300.97625300220506,300.9762529963682,300.97625299044364,300.9762529844022,300.9762529785216,300.97625297246077,300.9762529668519,300.97625296112295,300.97625295511676,300.97625294972283,300.9762529440399,300.9762529385028,300.9762529331865,300.97625292804327,300.9762529223116,300.97625291846435,300.97625291371224,300.9762529083589,300.97625290411804,300.9762528994924,300.9762528948541,300.97625288965753,300.9762528859489,300.97625288198697,300.976252877229,300.97625287351036,300.976252869813,300.9762528642857,300.976252861499,300.9762528587169,300.9762528553806,300.97625285268015,300.9762528495292
0.06028471155740553,300.9725268555555,300.9725268546945,300.9725268528703,300.972526850344,300.97252684727925,300.97252684373257,300.9725268397677,300.97252683544355,300.9725268308613,300.9725268260559,300.9725268210434,300.9725268159471,300.9725268106957,300.972526805286,300.9725267998698,300.97252679426083,300.97252678863833,300.97252678295774,300.97252677721696,300.9725267713901,300.9725267654485,300.97252675966547,300.97252675370527,300.9725267481903,300.97252674255736,300.9725267366516,300.97252673134886,300.9725267257617,300.97252672031834,300.97252671509244,300.9725267100371,300.9725267044024,300.9725267006232,300.9725266959531,300.9725266906909,300.97252668652413,300.9725266819785,300.9725266774202,300.9725266723123,300.9725266686692,300.97252666477664,300.9725266601,300.9725266564467,300.97252665281405,300.9725266473794,300.9725266446429,300.9725266419108,300.97252663863276,300.9725266359804,300.9725266328842
0.06078471155740553,300.96885770852396,300.96885770767625,300.96885770588045,300.9688577033935,300.96885770037665,300.9688576968855,300.96885769298274,300.9688576887266,300.9688576842165,300.96885767948703,300.9688576745538,300.9688576695384,300.96885766437055,300.96885765904705,300.96885765371735,300.9688576481982,300.96885764266597,300.96885763707667,300.9688576314284,300.96885762569565,300.96885761985004,300.9688576141608,300.9688576082973,300.9688576028724,300.96885759733146,300.9688575915221,300.9688575863066,300.96885758081123,300.9688575754575,300.96885757031805,300.9688575653465,300.96885755980463,300.96885755608986,300.9688575514978,300.96885754632285,300.9688575422265,300.968857537757,300.9688575332751,300.96885752825176,300.96885752467085,300.9688575208441,300.96885751624524,300.9688575126538,300.9688575090827,300.96885750373696,300.9688575010479,300.9688574983629,300.9688574951401,300.96885749253335,300.96885748948927
0.06128471155740553,300.9652446046714,300.96524460383677,300.9652446020686,300.96524459962006,300.9652445966499,300.9652445932128,300.9652445893706,300.9652445851806,300.9652445807408,300.96524457608496,300.9652445712288,300.9652445662918,300.96524456120494,300.965244555965,300.96524455071915,300.9652445452868,300.9652445398418,300.96524453434085,300.96524452878197,300.96524452314,300.965244517387,300.9652445117883,300.96524450601805,300.96524450067983,300.96524449522747,300.9652444895109,300.96524448437924,300.965244478972,300.96524447370444,300.96524446864794,300.96524446375685,300.96524445830414,300.9652444546507,300.96524445013347,300.9652444450421,300.9652444410128,300.9652444366163,300.9652444322074,300.96524442726536,300.96524442374357,300.9652444199797,300.96524441545546,300.96524441192315,300.9652444084106,300.9652444031506,300.9652444005066,300.9652443978664,300.96524439469647,300.9652443921329,300.9652443891387
0.06178471155740553,300.9616865403596,300.9616865395377,300.96168653779665,300.9616865353856,300.961686532461,300.9616865290767,300.96168652529354,300.96168652116796,300.9616865167966,300.9616865122125,300.9616865074313,300.96168650257067,300.96168649756237,300.9616864924036,300.96168648723904,300.9616864818911,300.96168647653064,300.9616864711153,300.9616864656429,300.9616864600889,300.9616864544257,300.9616864489144,300.96168644323444,300.9616864379799,300.9616864326131,300.9616864269862,300.9616864219354,300.96168641661325,300.9616864114287,300.96168640645203,300.96168640163836,300.96168639627166,300.9616863926768,300.96168638823144,300.9616863832207,300.9616863792559,300.9616863749293,300.9616863705906,300.9616863657268,300.9616863622617,300.9616863585581,300.9616863541056,300.96168635063,300.9616863471737,300.96168634199654,300.9616863393953,300.9616863367979,300.96168633367876,300.9616863311566,300.96168632821025
0.06228471155740553,300.95818253750053,300.95818253669114,300.9581825349766,300.9581825326022,300.95818252972214,300.95818252638946,300.95818252266395,300.95818251860135,300.9581825142966,300.95818250978255,300.9581825050744,300.958182500288,300.9581824953563,300.9581824902765,300.95818248519106,300.9581824799251,300.95818247464683,300.95818246931464,300.95818246392633,300.9581824584577,300.9581824528816,300.9581824474552,300.9581824418627,300.95818243668924,300.95818243140536,300.9581824258653,300.9581824208926,300.95818241565286,300.95818241054866,300.95818240564915,300.9581824009103,300.9581823956268,300.9581823920883,300.9581823877122,300.9581823827793,300.95818237887653,300.9581823746174,300.95818237034644,300.9581823655583,300.95818236214757,300.958182358502,300.9581823541189,300.9581823506977,300.9581823472957,300.9581823421987,300.95818233963865,300.9581823370822,300.9581823340119,300.95818233152954,300.95818232862933
0.06278471155740553,300.9547316425713,300.9547316417742,300.9547316400855,300.95473163774716,300.9547316349107,300.95473163162836,300.9547316279593,300.95473162395814,300.9547316197186,300.95473161527286,300.954731610636,300.9547316059221,300.9547316010652,300.95473159606235,300.95473159105404,300.9547315858679,300.9547315806698,300.95473157541846,300.954731570112,300.95473156472644,300.95473155923503,300.9547315538911,300.9547315483836,300.954731543289,300.9547315380855,300.95473153262986,300.9547315277331,300.9547315225733,300.9547315175469,300.9547315127223,300.95473150805583,300.95473150285306,300.9547314993689,300.9547314950598,300.95473149020233,300.95473148635944,300.9547314821657,300.9547314779602,300.95473147324543,300.9547314698871,300.9547314662976,300.9547314619817,300.95473145861314,300.9547314552634,300.9547314502445,300.95473144772393,300.9547314452069,300.9547314421839,300.95473143973976,300.9547314368842
0.06328471155740553,300.9513329256779,300.95133292489277,300.95133292322964,300.95133292092646,300.9513329181327,300.95133291489975,300.9513329112858,300.95133290734486,300.95133290316903,300.9513328987902,300.951332894223,300.95133288958,300.95133288479605,300.95133287986835,300.95133287493525,300.95133286982707,300.95133286470707,300.95133285953466,300.95133285430796,300.9513328490034,300.9513328435946,300.9513328383311,300.9513328329065,300.9513328278885,300.95133282276333,300.9513328173898,300.9513328125667,300.9513328074846,300.951332802534,300.95133279778213,300.95133279318605,300.9513327880618,300.95133278463015,300.95133278038605,300.951332775602,300.9513327718172,300.9513327676868,300.95133276354477,300.9513327589013,300.95133275559385,300.95133275205853,300.9513327478079,300.95133274449034,300.9513327411913,300.95133273624833,300.951332733766,300.9513327312871,300.9513327283098,300.9513327259027,300.95133272309045
0.06378471155740553,300.9479854796649,300.9479854788916,300.9479854772534,300.94798547498476,300.9479854722328,300.9479854690483,300.9479854654885,300.9479854616065,300.947985457493,300.94798545317957,300.9479854486805,300.94798544410685,300.9479854393943,300.9479854345401,300.94798542968067,300.94798542464855,300.9479854196049,300.9479854145096,300.94798540936085,300.94798540413535,300.9479853988072,300.9479853936221,300.94798538827837,300.94798538333504,300.9479853782863,300.94798537299295,300.9479853682417,300.9479853632354,300.9479853583586,300.9479853536775,300.9479853491499,300.9479853441021,300.94798534072146,300.94798533654057,300.947985331828,300.94798532809955,300.94798532403075,300.9479853199506,300.9479853153765,300.9479853121183,300.9479853086358,300.94798530444876,300.94798530118067,300.9479852979309,300.947985293062,300.9479852906166,300.9479852881747,300.94798528524194,300.94798528287083,300.94798528010057
0.06428471155740553,300.9446884192687,300.944688418507,300.94468841689326,300.9446884146585,300.9446884119476,300.9446884088106,300.94468840530374,300.9446884014794,300.9446883974272,300.94468839317784,300.94468838874565,300.94468838423984,300.9446883795972,300.944688374815,300.94468837002745,300.94468836506996,300.944688360101,300.9446883550811,300.94468835000845,300.94468834486025,300.944688339611,300.94468833450253,300.94468832923786,300.94468832436763,300.94468831939344,300.9446883141784,300.9446883094972,300.94468830456486,300.9446882997601,300.9446882951481,300.9446882906874,300.9446882857143,300.9446882823832,300.94468827826404,300.9446882736211,300.94468826994756,300.9446882659388,300.94468826191894,300.94468825741257,300.94468825420233,300.94468825077115,300.94468824664614,300.94468824342624,300.9446882402244,300.9446882354279,300.94468823301855,300.9446882306125,300.944688227723,300.94468822538687,300.94468822265753
0.06478471155740553,300.9414408803117,300.94144087956136,300.9414408779717,300.9414408757702,300.94144087309957,300.9414408700091,300.94144086655433,300.94144086278664,300.9414408587944,300.9414408546079,300.94144085024124,300.9414408458019,300.94144084122775,300.94144083651605,300.94144083179907,300.9414408269146,300.94144082201876,300.9414408170727,300.94144081207475,300.9414408070022,300.9414408018301,300.9414407967967,300.94144079160935,300.9414407868106,300.94144078190936,300.94144077677083,300.9414407721583,300.9414407672983,300.94144076256396,300.94144075801955,300.941440753624,300.94144074872395,300.9414407454412,300.9414407413823,300.94144073680746,300.94144073318745,300.94144072923734,300.9414407252763,300.9414407208362,300.9414407176727,300.9414407142917,300.9414407102272,300.9414407070543,300.94144070389933,300.94144069917365,300.9414406967992,300.9414406944282,300.9414406915811,300.9414406892789,300.94144068658966
0.06528471155740553,300.9382420189357,300.9382420181965,300.93824201663045,300.9382420144616,300.93824201183054,300.9382420087858,300.938242005382,300.93824200167006,300.93824199773655,300.93824199361177,300.9382419893094,300.93824198493525,300.9382419804284,300.93824197578584,300.93824197113804,300.9382419663251,300.938241961501,300.9382419566274,300.9382419517025,300.9382419467042,300.93824194160766,300.9382419366478,300.9382419315363,300.93824192680745,300.9382419219777,300.9382419169142,300.93824191236877,300.9382419075796,300.9382419029142,300.9382418984359,300.9382418941043,300.9382418892756,300.93824188604015,300.93824188204013,300.93824187753194,300.9382418739644,300.93824187007164,300.9382418661682,300.9382418617928,300.938241858675,300.93824185534294,300.93824185133775,300.93824184821085,300.9382418451016,300.9382418404452,300.93824183810494,300.9382418357681,300.9382418329623,300.9382418306934,300.9382418280433
0.06578471155740553,300.93509101087176,300.9350910101436,300.93509100860075,300.935091006464,300.9350910038718,300.93509100087186,300.9350909975183,300.9350909938609,300.93509098998527,300.935090985921,300.9350909816817,300.9350909773717,300.9350909729307,300.935090968356,300.93509096377613,300.93509095903346,300.9350909542797,300.9350909494771,300.935090944624,300.9350909396984,300.93509093467617,300.9350909297884,300.9350909247512,300.9350909200909,300.9350909153312,300.9350909103413,300.9350909058616,300.93509090114185,300.9350908965441,300.9350908921305,300.9350908878615,300.93509088310293,300.9350908799137,300.93509087597135,300.93509087152853,300.93509086801225,300.93509086417566,300.9350908603285,300.9350908560167,300.9350908529435,300.93509084965945,300.9350908457123,300.9350908426304,300.935090839566,300.9350908349776,300.93509083267065,300.93509083036724,300.935090827602,300.93509082536565,300.93509082275375
0.06628471155740553,300.9319870507453,300.93198705002794,300.9319870485079,300.93198704640264,300.9319870438486,300.93198704089286,300.9319870375885,300.9319870339848,300.93198703016594,300.93198702616115,300.93198702198384,300.9319870177368,300.9319870133605,300.93198700885256,300.9319870043393,300.93198699966564,300.931986994981,300.9319869902481,300.93198698546536,300.9319869806113,300.9319869756618,300.93198697084483,300.9319869658807,300.9319869612877,300.93198695659675,300.931986951679,300.9319869472639,300.93198694261224,300.93198693808074,300.93198693373074,300.93198692952313,300.9319869248332,300.93198692168926,300.93198691780356,300.93198691342474,300.9319869099587,300.93198690617726,300.9319869023854,300.9319868981358,300.93198689510643,300.93198689186937,300.93198688797924,300.9319868849414,300.9319868819208,300.93198687739914,300.931986875125,300.9319868728543,300.9319868701287,300.9319868679242,300.9319868653499
0.06678471155740553,300.92892935141373,300.9289293507069,300.9289293492093,300.92892934713507,300.9289293446185,300.9289293417062,300.92892933845025,300.92892933489924,300.92892933113626,300.9289293271899,300.92892932307353,300.92892931888827,300.9289293145757,300.92892931013324,300.9289293056855,300.9289293010796,300.9289292964628,300.92892929179845,300.92892928708494,300.928929282301,300.9289292774231,300.92892927267565,300.92892926778313,300.9289292632562,300.9289292586328,300.9289292537859,300.9289292494342,300.9289292448494,300.928929240383,300.9289292360954,300.9289292319481,300.9289292273257,300.9289292242262,300.9289292203959,300.92892921608006,300.9289292126633,300.9289292089359,300.9289292051983,300.9289292010098,300.92892919802347,300.9289291948325,300.92892919099825,300.92892918800374,300.92892918502616,300.92892918057,300.92892917832785,300.92892917608935,300.92892917340265,300.9289291712295,300.92892916869204
0.06728471155740554,300.9259171433353,300.9259171426389,300.9259171411634,300.9259171391196,300.92591713663995,300.92591713377027,300.92591713056197,300.9259171270628,300.9259171233547,300.92591711946585,300.92591711540933,300.9259171112849,300.9259171070349,300.9259171026568,300.9259170982734,300.9259170937342,300.92591708918405,300.92591708458707,300.9259170799415,300.9259170752266,300.925917070419,300.9259170657399,300.9259170609178,300.9259170564559,300.92591705189886,300.92591704712163,300.92591704283217,300.9259170383131,300.92591703391065,300.92591702968434,300.92591702559616,300.92591702104005,300.92591701798426,300.92591701420855,300.92591700995445,300.92591700658613,300.92591700291183,300.9259169992276,300.9259169950991,300.92591699215495,300.92591698900924,300.92591698522995,300.92591698227784,300.9259169793426,300.92591697495084,300.9259169727402,300.92591697053314,300.92591696788475,300.92591696574226,300.92591696324104
0.06778471155740554,300.9229496739679,300.9229496732818,300.92294967182795,300.9229496698141,300.9229496673708,300.92294966454295,300.9229496613815,300.9229496579334,300.92294965427925,300.92294965044687,300.92294964644924,300.9229496423846,300.92294963819614,300.9229496338814,300.92294962956134,300.92294962508765,300.92294962060316,300.9229496160724,300.9229496114937,300.92294960684654,300.92294960210813,300.9229495974962,300.92294959274335,300.9229495883453,300.92294958385355,300.9229495791448,300.9229495749166,300.92294957046215,300.9229495661226,300.9229495619565,300.9229495579266,300.9229495534356,300.92294955042274,300.92294954670064,300.92294954250735,300.9229495391866,300.9229495355645,300.9229495319326,300.9229495278631,300.9229495249605,300.9229495218593,300.9229495181339,300.92294951522365,300.92294951233004,300.92294950800147,300.92294950582175,300.92294950364567,300.9229495010349,300.9229494989226,300.9229494964569
0.06828471155740554,300.9200262071953,300.9200262065193,300.92002620508674,300.9200262031024,300.9200262006948,300.9200261979082,300.92002619479274,300.9200261913948,300.92002618779384,300.9200261840171,300.9200261800774,300.92002617607153,300.9200261719436,300.92002616769116,300.92002616343336,300.92002615902413,300.9200261546042,300.9200261501386,300.92002614562574,300.9200261410453,300.92002613637493,300.92002613182905,300.92002612714435,300.9200261228091,300.9200261183815,300.92002611374016,300.9200261095721,300.9200261051813,300.9200261009036,300.9200260967968,300.9200260928241,300.9200260883973,300.92002608542657,300.9200260817572,300.9200260776236,300.9200260743498,300.920026070779,300.9200260671986,300.92002606318715,300.9200260603253,300.92002605726793,300.9200260535957,300.92002605072645,300.92002604787365,300.9200260436073,300.9200260414582,300.92002603931246,300.92002603673865,300.920026034656,300.92002603222534
0.06878471155740554,300.91714602278,300.9171460221139,300.9171460207024,300.9171460187471,300.91714601637455,300.9171460136286,300.91714601055844,300.91714600720985,300.91714600366106,300.91714599993907,300.91714599605643,300.91714599210843,300.91714598804003,300.9171459838489,300.91714597965245,300.9171459753067,300.91714597095023,300.9171459665487,300.9171459621005,300.91714595758583,300.91714595298237,300.9171459485015,300.9171459438839,300.91714593961046,300.917145935246,300.91714593067104,300.9171459265623,300.91714592223394,300.9171459180171,300.9171459139687,300.91714591005234,300.9171459056886,300.9171459027594,300.91714589914193,300.9171458950671,300.91714589183937,300.9171458883191,300.91714588478936,300.9171458808351,300.91714587801334,300.91714587499905,300.9171458713791,300.9171458685503,300.9171458657377,300.9171458615326,300.9171458594133,300.9171458572976,300.91714585476024,300.91714585270677,300.9171458503105
0.06928471155740554,300.91430841584145,300.91430841518513,300.91430841379423,300.91430841186747,300.9143084095295,300.91430840682347,300.914308403798,300.914308400498,300.9143083970006,300.9143083933324,300.9143083895059,300.91430838561485,300.9143083816051,300.91430837747436,300.91430837333826,300.9143083690549,300.9143083647609,300.9143083604225,300.91430835603813,300.91430835158803,300.91430834705045,300.9143083426336,300.914308338082,300.9143083338694,300.9143083295672,300.9143083250574,300.914308321007,300.91430831674035,300.91430831258333,300.91430830859235,300.9143083047315,300.91430830042987,300.91430829754154,300.9143082939751,300.9143082899582,300.91430828677585,300.9143082833053,300.9143082798255,300.9143082759274,300.9143082731452,300.9143082701733,300.91430826660473,300.9143082638157,300.9143082610428,300.9143082568979,300.91430825480813,300.9143082527219,300.91430825022036,300.91430824819554,300.91430824583324
0.06978471155740554,300.91151269635753,300.9115126957109,300.9115126943403,300.9115126924416,300.91151269013767,300.911512687471,300.91151268448937,300.9115126812372,300.91151267779037,300.91151267417524,300.9115126704039,300.9115126665689,300.911512662617,300.9115126585456,300.9115126544688,300.911512650247,300.91151264601467,300.91151264173834,300.91151263741665,300.91151263303027,300.9115126285575,300.91151262420374,300.9115126197171,300.91151261556445,300.9115126113235,300.9115126068779,300.911512602885,300.9115125986789,300.911512594581,300.9115125906465,300.9115125868403,300.91151258259976,300.91151257975173,300.9115125762357,300.9115125722757,300.911512569138,300.91151256571646,300.9115125622858,300.91151255844306,300.9115125556998,300.9115125527697,300.91151254925177,300.91151254650185,300.91151254376797,300.91151253968246,300.91151253762166,300.91151253556455,300.9115125330982,300.9115125311018,300.9115125287728
0.07028471155740554,300.908758188689,300.9087581880518,300.9087581867012,300.9087581848301,300.9087581825597,300.90875817993174,300.9087581769933,300.90875817378816,300.90875817039125,300.9087581668283,300.9087581631113,300.9087581593316,300.9087581554365,300.9087581514236,300.9087581474053,300.908758143244,300.90875813907223,300.9087581348571,300.9087581305973,300.9087581262735,300.90875812186465,300.90875811757303,300.9087581131503,300.90875810905675,300.90875810487603,300.9087581004938,300.90875809655745,300.90875809241106,300.90875808837126,300.9087580844925,300.9087580807401,300.90875807655976,300.9087580737514,300.90875807028493,300.9087580663811,300.90875806328745,300.9087580599141,300.90875805653184,300.9087580527437,300.9087580500387,300.9087580471498,300.9087580436817,300.9087580409705,300.9087580382749,300.9087580342478,300.9087580322157,300.9087580301872,300.9087580277556,300.90875802578705,300.9087580234909
0.07078471155740554,300.9060442311248,300.90604423049695,300.906044229166,300.9060442273222,300.90604422508466,300.9060442224948,300.9060442195989,300.9060442164402,300.9060442130923,300.9060442095807,300.90604420591734,300.906044202192,300.9060441983528,300.9060441943975,300.9060441904369,300.9060441863352,300.9060441822231,300.90604417806827,300.9060441738692,300.9060441696072,300.9060441652613,300.90604416103076,300.90604415667116,300.90604415263573,300.9060441485144,300.9060441441945,300.90604414031384,300.9060441362264,300.9060441322438,300.90604412841986,300.9060441247205,300.9060441205995,300.90604411783033,300.9060441144126,300.90604411056415,300.9060441075138,300.906044104188,300.9060441008535,300.90604409711904,300.9060440944519,300.90604409160346,300.90604408818456,300.9060440855113,300.90604408285367,300.90604407888407,300.9060440768801,300.9060440748799,300.90604407248253,300.9060440705415,300.9060440682777
0.07128471155740554,300.9033701754481,300.90337017482943,300.9033701735178,300.9033701717008,300.9033701694958,300.90337016694343,300.90337016408944,300.9033701609763,300.9033701576767,300.9033701542158,300.90337015060516,300.9033701469333,300.90337014314923,300.90337013925074,300.9033701353468,300.90337013130386,300.9033701272506,300.90337012315507,300.90337011901596,300.9033701148148,300.9033701105309,300.9033701063606,300.90337010206304,300.90337009808496,300.9033700940222,300.90337008976365,300.90337008593804,300.90337008190846,300.9033700779823,300.9033700742125,300.90337007056536,300.90337006650276,300.9033700637722,300.9033700604026,300.9033700566086,300.90337005360107,300.9033700503221,300.90337004703457,300.903370043353,300.9033700407231,300.90337003791467,300.90337003454414,300.9033700319084,300.90337002928806,300.9033700253751,300.9033700233991,300.9033700214266,300.903370019063,300.903370017149,300.90337001491713
0.07178471155740554,300.90073538652103,300.90073538591133,300.9007353846189,300.90073538282815,300.90073538065514,300.90073537813964,300.9007353753269,300.9007353722588,300.9007353690068,300.90073536559566,300.9007353620369,300.9007353584179,300.90073535468815,300.9007353508455,300.90073534699746,300.90073534301234,300.900735339017,300.90073533498,300.9007353309,300.90073532675865,300.90073532253587,300.90073531842495,300.90073531418864,300.90073531026695,300.90073530626177,300.9007353020638,300.9007352982923,300.9007352943199,300.9007352904493,300.90073528673275,300.9007352831371,300.90073527913216,300.90073527643955,300.9007352731175,300.90073526937715,300.90073526641174,300.900735263179,300.9007352599378,300.90073525630834,300.9007352537152,300.90073525094624,300.90073524762335,300.9007352450245,300.900735242441,300.90073523858393,300.9007352366352,300.9007352346902,300.90073523235986,300.9007352304726,300.9007352282722
0.07228471155740554,300.89813924188786,300.898139241287,300.89813924001334,300.89813923824863,300.898139236107,300.89813923362794,300.89813923085586,300.89813922783196,300.8981392246268,300.89813922126484,300.89813921775726,300.8981392141901,300.8981392105138,300.8981392067263,300.89813920293324,300.8981391990052,300.8981391950669,300.8981391910875,300.8981391870657,300.8981391829834,300.8981391788208,300.89813917476835,300.89813917059234,300.8981391667263,300.89813916277797,300.89813915863965,300.8981391549215,300.8981391510054,300.89813914718957,300.8981391435256,300.8981391399807,300.89813913603246,300.8981391333774,300.89813913010204,300.89813912641466,300.89813912349086,300.8981391203036,300.89813911710803,300.89813911353,300.8981391109731,300.89813910824296,300.8981391049671,300.8981391024048,300.89813909985753,300.89813909605533,300.89813909413374,300.89813909221584,300.8981390899182,300.89813908805723,300.8981390858879
0.07278471155740554,300.8955811313953,300.8955811308033,300.8955811295481,300.89558112780895,300.8955811256983,300.89558112325506,300.89558112052293,300.89558111754263,300.8955811143836,300.89558111107,300.8955811076128,300.8955811040969,300.8955811004733,300.89558109674,300.8955810930013,300.8955810891292,300.8955810852473,300.8955810813246,300.89558107736013,300.895581073336,300.8955810692328,300.89558106523793,300.89558106112133,300.8955810573101,300.8955810534178,300.8955810493383,300.8955810456727,300.895581041812,300.8955810380503,300.8955810344381,300.89558103094316,300.895581027051,300.8955810244329,300.89558102120367,300.89558101756836,300.8955810146856,300.8955810115432,300.8955810083927,300.8955810048653,300.8955810023441,300.8955809996522,300.8955809964227,300.89558099389626,300.8955809913848,300.89558098763683,300.89558098574196,300.8955809838508,300.8955809815855,300.8955809797505,300.8955809776117
0.07328471155740554,300.8930604568293,300.89306045624585,300.8930604550089,300.8930604532949,300.8930604512148,300.89306044880686,300.8930604461142,300.8930604431768,300.89306044006327,300.89306043679727,300.89306043338973,300.89306042992416,300.8930604263526,300.89306042267265,300.8930604189873,300.8930604151707,300.8930604113441,300.8930604074775,300.89306040356945,300.8930603996027,300.8930603955578,300.8930603916199,300.8930603875618,300.89306038380465,300.8930603799676,300.89306037594594,300.89306037233223,300.89306036852633,300.89306036481776,300.8930603612566,300.893060357811,300.89306035397385,300.89306035139236,300.8930603482085,300.8930603446247,300.89306034178236,300.8930603386842,300.89306033557807,300.8930603321006,300.8930603296147,300.89306032696055,300.89306032377675,300.8930603212858,300.89306031880955,300.89306031511495,300.8930603132464,300.89306031138153,300.8930603091481,300.8930603073387,300.8930603052301
0.07378471155740554,300.8905766315671,300.8905766309921,300.8905766297731,300.8905766280839,300.8905766260339,300.89057662366065,300.8905766210068,300.8905766181117,300.89057661504296,300.8905766118239,300.8905766084652,300.8905766050494,300.8905766015289,300.89057659790166,300.8905765942691,300.8905765905069,300.89057658673494,300.8905765829234,300.89057657907114,300.8905765751608,300.89057657117354,300.8905765672916,300.8905765632912,300.8905765595874,300.8905765558047,300.89057655184024,300.89057654827764,300.8905765445256,300.8905765408695,300.89057653735864,300.89057653396173,300.89057653017903,300.89057652763347,300.8905765244945,300.89057652096136,300.8905765181588,300.89057651510427,300.8905765120419,300.8905765086137,300.8905765061625,300.8905765035457,300.8905765004069,300.89057649795086,300.8905764955094,300.8905764918675,300.89057649002484,300.89057648818596,300.89057648598396,300.8905764841999,300.8905764821209
0.07428471155740554,300.8881290802442,300.8881290796776,300.88812907847614,300.8881290768114,300.888129074791,300.88812907245193,300.88812906983634,300.88812906698297,300.88812906395833,300.88812906078545,300.888129057475,300.8881290541081,300.88812905063804,300.88812904706265,300.8881290434819,300.8881290397736,300.8881290360554,300.88812903229825,300.8881290285008,300.8881290246463,300.8881290207157,300.88812901688897,300.88812901294546,300.8881290092941,300.88812900556513,300.88812900165686,300.8881289981447,300.88812899444576,300.8881289908415,300.88812898738024,300.88812898403125,300.8881289803021,300.8881289777921,300.88812897469734,300.88812897121414,300.8881289684509,300.8881289654395,300.88812896242024,300.88812895904056,300.88812895662363,300.88812895404357,300.8881289509492,300.88812894852754,300.8881289461204,300.88812894253033,300.8881289407134,300.8881289389001,300.88812893672906,300.8881289349699,300.8881289329203
0.07478471155740554,300.8857172384352,300.88571723787675,300.88571723669276,300.8857172350521,300.8857172330608,300.8857172307555,300.88571722817755,300.8857172253652,300.8857172223841,300.8857172192567,300.8857172159938,300.8857172126751,300.88571720925466,300.8857172057305,300.8857172022009,300.8857171985455,300.8857171948803,300.8857171911767,300.8857171874334,300.8857171836337,300.88571717975907,300.8857171759867,300.8857171720993,300.8857171684998,300.88571716482363,300.88571716097096,300.88571715750845,300.885717153862,300.88571715030866,300.88571714689635,300.8857171435946,300.88571713991826,300.88571713744335,300.88571713439217,300.88571713095826,300.8857171282338,300.88571712526476,300.8857171222881,300.8857171189562,300.8857171165732,300.8857171140293,300.88571711097865,300.88571710859105,300.8857171062177,300.8857171026788,300.8857171008872,300.8857170990991,300.8857170969586,300.8857170952242,300.88571709320337
0.07528471155740554,300.88334055234805,300.8833405517977,300.88334055063086,300.88334054901384,300.8833405470513,300.88334054477923,300.88334054223833,300.8833405394664,300.8833405365281,300.8833405334457,300.8833405302295,300.88334052695836,300.8833405235868,300.88334052011305,300.88334051663384,300.8833405130306,300.88334050941774,300.8833405057669,300.8833405020769,300.88334049833134,300.8833404945119,300.88334049079316,300.883340486961,300.8833404834125,300.88334047978856,300.8833404759905,300.883340472577,300.8833404689822,300.88334046547914,300.8833404621151,300.88334045886,300.8833404552358,300.8833404527954,300.8833404497872,300.88334044640186,300.88334044371567,300.88334044078846,300.8833404378538,300.88334043456905,300.88334043221937,300.8833404297112,300.88334042670374,300.88334042434974,300.88334042200967,300.88334041852113,300.88334041675444,300.8833404149914,300.883340412881,300.8833404111709,300.8833404091785
0.07578471155740554,300.8809984785306,300.8809984779883,300.8809984768383,300.88099847524467,300.8809984733103,300.88099847107105,300.88099846856664,300.88099846583464,300.88099846293846,300.8809984599003,300.8809984567302,300.88099845350587,300.8809984501826,300.88099844675844,300.88099844332896,300.88099843977716,300.8809984362158,300.880998432617,300.8809984289796,300.88099842528726,300.8809984215222,300.88099841785635,300.88099841407865,300.88099841058045,300.88099840700795,300.8809984032638,300.8809983998986,300.8809983963547,300.88099839290135,300.88099838958476,300.88099838637567,300.8809983828028,300.8809983803965,300.8809983774307,300.8809983740933,300.8809983714449,300.88099836855883,300.8809983656655,300.88099836242736,300.88099836011054,300.8809983576377,300.8809983546728,300.88099835235175,300.88099835004465,300.8809983466058,300.8809983448637,300.8809983431253,300.8809983410447,300.88099833935837,300.88099833739415
0.07628471155740554,300.8786904835896,300.8786904830551,300.8786904819217,300.878690480351,300.87869047844464,300.8786904762375,300.8786904737692,300.8786904710764,300.87869046822186,300.8786904652272,300.8786904621025,300.8786904589243,300.8786904556486,300.8786904522734,300.8786904488928,300.8786904453918,300.8786904418812,300.87869043833365,300.878690434748,300.87869043110834,300.8786904273968,300.87869042378304,300.8786904200591,300.8786904166105,300.8786904130887,300.8786904093977,300.8786904060801,300.87869040258647,300.87869039918195,300.87869039591226,300.8786903927485,300.8786903892263,300.87869038685363,300.87869038392967,300.87869038063945,300.87869037802824,300.87869037518294,300.8786903723304,300.8786903691381,300.8786903668538,300.87869036441566,300.8786903614927,300.87869035920437,300.87869035692967,300.87869035353975,300.878690351822,300.87869035010783,300.8786903480565,300.87869034639385,300.87869034445737
0.07678471155740554,300.87641604392024,300.8764160433935,300.87641604227645,300.87641604072843,300.8764160388494,300.87641603667413,300.8764160342413,300.87641603158715,300.8764160287735,300.8764160258218,300.8764160227419,300.8764160196092,300.8764160163803,300.87641601305336,300.8764160097211,300.8764160062699,300.8764160028094,300.8764159993124,300.8764159957778,300.87641599218995,300.8764159885313,300.87641598496884,300.87641598129784,300.87641597789826,300.8764159744263,300.8764159707877,300.8764159675171,300.876415964073,300.87641596071666,300.8764159574933,300.8764159543742,300.8764159509019,300.87641594856245,300.87641594567975,300.8764159424361,300.8764159398616,300.87641593705644,300.87641593424416,300.87641593109703,300.8764159288448,300.8764159264409,300.87641592355936,300.87641592130313,300.8764159190605,300.87641591571884,300.8764159140251,300.87641591233483,300.87641591031246,300.87641590867304,300.8764159067639
0.07728471155740554,300.87417464544745,300.8741746449283,300.87417464382736,300.8741746423016,300.8741746404497,300.8741746383057,300.8741746359078,300.8741746332918,300.87417463051855,300.87417462760914,300.8741746245733,300.8741746214855,300.8741746183027,300.87417461502326,300.8741746117385,300.8741746083366,300.8741746049255,300.87417460147833,300.87417459799406,300.87417459445726,300.87417459085066,300.87417458733887,300.8741745837201,300.8741745803687,300.874174576946,300.8741745733591,300.8741745701348,300.87417456673944,300.87417456343064,300.8741745602529,300.8741745571779,300.87417455375487,300.87417455144816,300.87417454860605,300.8741745454083,300.87417454287004,300.87417454010443,300.8741745373319,300.8741745342294,300.8741745320086,300.87417452963865,300.8741745267979,300.8741745245734,300.8741745223623,300.8741745190682,300.8741745173981,300.87417451573157,300.87417451373767,300.8741745121213,300.874174510239
0.07778471155740554,300.87196578337677,300.8719657828651,300.8719657817801,300.87196578027635,300.8719657784511,300.8719657763379,300.8719657739744,300.87196577139594,300.87196576866245,300.8719657657947,300.87196576280235,300.8719657597586,300.87196575662136,300.87196575338885,300.871965750151,300.8719657467976,300.8719657434351,300.87196574003707,300.8719657366024,300.8719657331159,300.8719657295607,300.8719657260988,300.87196572253146,300.8719657192276,300.87196571585355,300.87196571231755,300.8719657091389,300.8719657057917,300.8719657025298,300.871965699397,300.87196569636546,300.8719656929909,300.8719656907166,300.8719656879146,300.87196568476213,300.8719656822596,300.871965679533,300.87196567679956,300.871965673741,300.8719656715515,300.87196566921483,300.8719656664143,300.8719656642211,300.87196566204113,300.87196565879395,300.8719656571472,300.87196565550397,300.87196565353815,300.8719656519445,300.8719656500888
0.07828471155740555,300.8697889619553,300.86978896145104,300.86978896038164,300.86978895889956,300.8697889571006,300.86978895501767,300.86978895268817,300.86978895014664,300.8697889474524,300.8697889446257,300.8697889416763,300.8697889386761,300.86978893558364,300.8697889323972,300.86978892920564,300.8697889259,300.8697889225855,300.8697889192358,300.86978891585005,300.86978891241324,300.86978890890856,300.8697889054959,300.8697889019793,300.86978889872233,300.86978889539614,300.8697888919104,300.8697888887767,300.869788885477,300.86978888226133,300.8697888791728,300.8697888761842,300.8697888728575,300.869788870615,300.8697888678526,300.8697888647448,300.8697888622774,300.86978885958933,300.86978885689456,300.8697888538793,300.86978885172056,300.8697888494168,300.86978884665587,300.8697888444936,300.86978884234435,300.86978883914344,300.86978883751965,300.86978883589944,300.8697888339615,300.8697888323901,300.8697888305606
0.07878471155740555,300.8676436942416,300.86764369374464,300.86764369269065,300.86764369122994,300.8676436894567,300.8676436874038,300.86764368510774,300.86764368260276,300.86764367994704,300.86764367716086,300.8676436742536,300.86764367129626,300.86764366824804,300.86764366510715,300.8676436619611,300.8676436587027,300.86764365543536,300.8676436521334,300.8676436487959,300.86764364540795,300.8676436419532,300.867643638589,300.8676436351224,300.8676436319117,300.86764362863266,300.8676436251965,300.8676436221072,300.8676436188543,300.8676436156842,300.8676436126394,300.86764360969306,300.8676436064135,300.8676436042025,300.8676436014791,300.86764359841527,300.86764359598266,300.86764359333256,300.8676435906758,300.8676435877033,300.8676435855749,300.8676435833036,300.86764358058184,300.86764357845,300.86764357633103,300.86764357317566,300.8676435715746,300.86764356997713,300.86764356806646,300.86764356651713,300.86764356471355
0.07928471155740555,300.8655295018849,300.86552950139514,300.8655295003563,300.86552949891666,300.86552949716895,300.86552949514544,300.86552949288233,300.8655294904132,300.8655294877956,300.8655294850493,300.86552948218366,300.8655294792686,300.86552947626393,300.86552947316795,300.8655294700667,300.8655294668548,300.86552946363406,300.86552946037915,300.86552945708917,300.86552945374945,300.86552945034384,300.86552944702754,300.8655294436102,300.8655294404451,300.8655294372127,300.8655294338252,300.86552943077976,300.86552942757294,300.86552942444774,300.86552942144607,300.86552941854137,300.86552941530834,300.8655294131284,300.86552941044346,300.8655294074231,300.86552940502474,300.86552940241205,300.8655293997929,300.8655293968625,300.86552939476405,300.86552939252476,300.8655293898415,300.8655293877397,300.86552938565063,300.86552938254016,300.86552938096156,300.8655293793865,300.86552937750275,300.86552937597526,300.8655293741971
0.07978471155740555,300.86344591491223,300.86344591442946,300.86344591340566,300.8634459119867,300.8634459102641,300.8634459082697,300.86344590603903,300.86344590360534,300.86344590102516,300.8634458983182,300.8634458954935,300.8634458926202,300.8634458896584,300.8634458866066,300.8634458835497,300.86344588038355,300.8634458772087,300.86344587400015,300.863445870757,300.86344586746486,300.86344586410775,300.8634458608386,300.86344585746986,300.8634458543496,300.8634458511631,300.86344584782375,300.86344584482146,300.86344584166017,300.86344583857925,300.86344583562015,300.86344583275655,300.8634458295694,300.86344582742004,300.863445824773,300.8634458217955,300.8634458194309,300.8634458168552,300.86344581427306,300.86344581138417,300.8634458093152,300.8634458071075,300.8634458044623,300.8634458023901,300.8634458003305,300.8634457972643,300.86344579570783,300.8634457941549,300.86344579229774,300.86344579079173,300.86344578903874
0.08028471155740555,300.8613924715237,300.8613924710479,300.8613924700388,300.8613924686402,300.8613924669424,300.8613924649766,300.8613924627779,300.8613924603791,300.8613924578359,300.8613924551677,300.8613924523834,300.86139244955115,300.86139244663167,300.8613924436234,300.86139244061013,300.86139243748914,300.8613924343596,300.86139243119675,300.86139242799976,300.86139242475446,300.8613924214451,300.86139241822247,300.8613924149017,300.8613924118257,300.86139240868437,300.86139240539256,300.8613924024328,300.86139239931634,300.86139239627914,300.86139239336194,300.8613923905389,300.8613923873969,300.86139238527784,300.86139238266827,300.8613923797329,300.8613923774016,300.8613923748623,300.8613923723167,300.8613923694688,300.86139236742895,300.8613923652524,300.86139236264466,300.8613923606017,300.86139235857115,300.8613923555486,300.86139235401396,300.86139235248277,300.8613923506519,300.86139234916703,300.8613923474388
0.08078471155740555,300.8593687178954,300.8593687174265,300.85936871643185,300.85936871505334,300.8593687133799,300.85936871144236,300.8593687092752,300.85936870691074,300.859368704404,300.8593687017739,300.8593686990295,300.85936869623765,300.85936869335995,300.8593686903946,300.8593686874243,300.8593686843478,300.8593686812628,300.8593686781451,300.8593686749936,300.8593686717946,300.8593686685323,300.8593686653555,300.8593686620819,300.85936865904966,300.85936865595295,300.85936865270793,300.85936864979016,300.8593686467179,300.85936864372377,300.85936864084783,300.8593686380648,300.8593686349674,300.8593686328781,300.85936863030537,300.85936862741164,300.8593686251133,300.85936862260985,300.85936862010027,300.8593686172927,300.8593686152816,300.85936861313576,300.85936861056507,300.8593686085509,300.85936860654897,300.85936860356946,300.85936860205635,300.85936860054676,300.85936859874175,300.85936859727775,300.8593685955739
0.08128471155740555,300.85737420798955,300.85737420752736,300.8573742065471,300.85737420518836,300.85737420353894,300.8573742016291,300.85737419949305,300.85737419716247,300.8573741946916,300.8573741920992,300.857374189394,300.85737418664206,300.85737418380546,300.85737418088246,300.8573741779545,300.8573741749219,300.85737417188085,300.8573741688075,300.85737416570095,300.85737416254744,300.8573741593316,300.8573741562,300.857374152973,300.85737414998374,300.857374146931,300.8573741437321,300.8573741408557,300.85737413782704,300.85737413487544,300.85737413204026,300.85737412929666,300.8573741262432,300.85737412418325,300.85737412164696,300.85737411879427,300.8573741165284,300.85737411406035,300.8573741115862,300.85737410881853,300.8573741068357,300.85737410472024,300.85737410218593,300.8573741002002,300.85737409822656,300.85737409528946,300.8573740937976,300.85737409230916,300.8573740905297,300.85737408908636,300.85737408740664
0.08178471155740555,300.85540850337134,300.85540850291585,300.8554085019496,300.85540850061045,300.8554084989847,300.85540849710225,300.8554084949968,300.8554084926996,300.8554084902641,300.8554084877088,300.8554084850423,300.8554084823297,300.85540847953354,300.8554084766523,300.85540847376603,300.85540847077675,300.85540846777906,300.85540846474953,300.85540846168715,300.8554084585785,300.8554084554085,300.85540845232146,300.8554084491403,300.85540844619356,300.8554084431842,300.8554084400307,300.85540843719514,300.8554084342095,300.85540843129974,300.8554084285048,300.85540842579996,300.8554084227899,300.855408420759,300.8554084182585,300.8554084154463,300.8554084132124,300.8554084107792,300.85540840834017,300.85540840561174,300.8554084036569,300.85540840157125,300.85540839907287,300.8554083971152,300.85540839516943,300.8554083922741,300.85540839080323,300.85540838933576,300.8554083875814,300.85540838615844,300.85540838450254
0.08228471155740555,300.8534711730328,300.8534711725838,300.8534711716315,300.85347117031154,300.8534711687091,300.85347116685364,300.8534711647784,300.8534711625141,300.85347116011343,300.85347115759464,300.8534711549662,300.85347115229246,300.8534711495362,300.85347114669605,300.85347114385104,300.85347114090433,300.8534711379493,300.85347113496294,300.8534711319442,300.85347112887985,300.853471125755,300.85347112271177,300.85347111957594,300.853471116671,300.8534711137045,300.85347111059576,300.85347110780043,300.85347110485714,300.8534711019887,300.85347109923333,300.85347109656686,300.8534710935996,300.85347109159727,300.8534710891322,300.8534710863598,300.8534710841575,300.85347108175876,300.8534710793542,300.8534710766645,300.8534710747372,300.85347107268103,300.8534710702181,300.85347106828806,300.8534710663698,300.85347106351577,300.8534710620655,300.8534710606187,300.85347105888917,300.8534710574862,300.85347105585373
0.08278471155740555,300.85156179322206,300.85156179277953,300.8515617918409,300.85156179053985,300.8515617889604,300.8515617871316,300.851561785086,300.85156178285416,300.8515617804878,300.8515617780051,300.85156177541427,300.8515617727786,300.8515617700617,300.8515617672621,300.8515617644577,300.851561761553,300.8515617586402,300.8515617556963,300.8515617527206,300.85156174969984,300.85156174661944,300.8515617436195,300.85156174052827,300.8515617376647,300.85156173474024,300.85156173167576,300.85156172892005,300.8515617260186,300.8515617231908,300.8515617204746,300.8515617178459,300.8515617149207,300.8515617129466,300.8515617105164,300.8515617077834,300.8515617056122,300.8515617032474,300.85156170087686,300.8515616982254,300.85156169632523,300.8515616942982,300.85156169187013,300.8515616899674,300.8515616880763,300.8515616852628,300.85156168383304,300.85156168240655,300.8515616807015,300.85156167931837,300.85156167770896
0.08328471155740555,300.8496799472795,300.84967994684337,300.8496799459182,300.84967994463585,300.849679943079,300.8496799412764,300.84967993926017,300.8496799370603,300.8496799347278,300.84967993228054,300.8496799297267,300.84967992712876,300.8496799244507,300.849679921691,300.84967991892654,300.8496799160633,300.84967991319195,300.8496799102901,300.84967990735674,300.84967990437895,300.8496799013424,300.8496798983852,300.84967989533794,300.84967989251504,300.8496798896321,300.8496798866112,300.8496798838946,300.8496798810343,300.8496798782467,300.849679875569,300.8496798729776,300.84967987009395,300.84967986814763,300.8496798657519,300.84967986305764,300.8496798609171,300.8496798585859,300.8496798562489,300.849679853635,300.8496798517617,300.8496798497633,300.84967984736977,300.84967984549394,300.8496798436295,300.8496798408561,300.8496798394464,300.84967983804006,300.84967983635914,300.84967983499547,300.8496798334089
0.08378471155740555,300.84782522547914,300.84782522504923,300.84782522413735,300.8478252228734,300.8478252213389,300.84782521956214,300.8478252175747,300.84782521540626,300.84782521310717,300.84782521069496,300.8478252081777,300.84782520561674,300.84782520297694,300.84782520025664,300.84782519753156,300.8478251947092,300.8478251918787,300.8478251890182,300.8478251861266,300.84782518319133,300.84782518019796,300.84782517728286,300.84782517427897,300.84782517149614,300.8478251686542,300.8478251656762,300.8478251629982,300.84782516017856,300.8478251574305,300.84782515479077,300.8478251522361,300.84782514939343,300.8478251474746,300.8478251451128,300.8478251424567,300.84782514034646,300.8478251380482,300.8478251357444,300.8478251331676,300.84782513132075,300.84782512935055,300.847825126991,300.84782512514164,300.84782512330366,300.8478251205698,300.8478251191799,300.8478251177934,300.8478251161363,300.8478251147918,300.8478251132277
0.08428471155740555,300.8459972248751,300.84599722445137,300.8459972235526,300.8459972223067,300.84599722079423,300.84599721904294,300.845997217084,300.8459972149466,300.84599721268035,300.8459972103026,300.8459972078212,300.84599720529695,300.84599720269483,300.8459972000133,300.84599719732716,300.8459971945449,300.84599719175486,300.8459971889351,300.84599718608473,300.8459971831912,300.8459971802405,300.8459971773668,300.84599717440574,300.84599717166236,300.8459971688609,300.84599716592527,300.8459971632853,300.84599716050565,300.84599715779666,300.8459971551943,300.8459971526759,300.8459971498736,300.84599714798185,300.8459971456534,300.8459971430351,300.8459971409547,300.84599713868903,300.8459971364178,300.84599713387763,300.8459971320569,300.84599713011454,300.8459971277885,300.8459971259653,300.84599712415326,300.8459971214583,300.84599712008804,300.8459971187211,300.8459971170874,300.8459971157619,300.8459971142201
0.08478471155740555,300.84419554915394,300.84419554873637,300.8441955478504,300.8441955466225,300.84419554513164,300.84419554340536,300.8441955414745,300.8441955393676,300.8441955371338,300.84419553479006,300.8441955323442,300.84419552985594,300.8441955272909,300.8441955246477,300.8441955219998,300.8441955192573,300.844195516507,300.8441955137274,300.8441955109176,300.8441955080653,300.84419550515656,300.8441955023238,300.8441954994048,300.8441954967006,300.84419549393886,300.844195491045,300.8441954884425,300.84419548570236,300.84419548303174,300.8441954804664,300.8441954779837,300.8441954752212,300.8441954733562,300.84419547106074,300.8441954684796,300.84419546642863,300.8441954641951,300.844195461956,300.84419545945195,300.8441954576569,300.84419545574207,300.844195453449,300.8441954516516,300.84419544986525,300.8441954472087,300.8441954458577,300.84419544451,300.8441954428995,300.8441954415928,300.8441954400727
0.08528471155740555,300.8424198084914,300.8424198080798,300.84241980720657,300.84241980599626,300.8424198045268,300.8424198028252,300.8424198009219,300.8424197988453,300.8424197966434,300.8424197943331,300.8424197919222,300.84241978946943,300.84241978694104,300.84241978433556,300.8424197817254,300.84241977902207,300.842419776311,300.8424197735709,300.8424197708012,300.84241976798944,300.8424197651222,300.84241976232977,300.8424197594523,300.84241975678646,300.842419754064,300.8424197512113,300.8424197486457,300.84241974594454,300.8424197433119,300.84241974078293,300.8424197383355,300.8424197356122,300.8424197337735,300.84241973151063,300.84241972896615,300.8424197269442,300.8424197247423,300.842419722535,300.84241972006646,300.8424197182968,300.8424197164091,300.8424197141486,300.8424197123766,300.84241971061556,300.8424197079968,300.8424197066649,300.8424197053362,300.8424197037485,300.84241970246023,300.8424197009617
0.08578471155740555,300.84066961941403,300.8406696190084,300.8406696181477,300.84066961695464,300.8406696155063,300.84066961382905,300.840669611953,300.840669609906,300.84066960773566,300.8406696054584,300.84066960308184,300.8406696006641,300.84066959817187,300.8406695956035,300.84066959303067,300.8406695903658,300.84066958769336,300.8406695849923,300.840669582262,300.8406695794904,300.8406695766639,300.8406695739112,300.8406695710747,300.8406695684468,300.84066956576305,300.8406695629509,300.84066956042176,300.84066955775904,300.84066955516374,300.84066955267076,300.840669550258,300.8406695475734,300.84066954576065,300.8406695435299,300.8406695410215,300.84066953902817,300.8406695368575,300.84066953468147,300.840669532248,300.8406695305034,300.84066952864237,300.840669526414,300.8406695246671,300.84066952293097,300.8406695203495,300.8406695190364,300.84066951772644,300.84066951616126,300.8406695148912,300.8406695134139
0.08628471155740555,300.8389446046652,300.8389446042653,300.838944603417,300.8389446022411,300.83894460081336,300.8389445991602,300.838944597311,300.83894459529324,300.83894459315394,300.8389445909092,300.8389445885667,300.8389445861834,300.8389445837267,300.83894458119505,300.8389445786588,300.838944576032,300.8389445733976,300.8389445707351,300.8389445680437,300.8389445653115,300.83894456252534,300.8389445598118,300.8389445570156,300.83894455442504,300.8389445517795,300.8389445490074,300.8389445465142,300.8389445438892,300.8389445413308,300.8389445388732,300.83894453649475,300.83894453384835,300.8389445320612,300.8389445298621,300.8389445273893,300.83894452542415,300.8389445232843,300.8389445211391,300.8389445187402,300.83894451702025,300.83894451518563,300.83894451298886,300.83894451126673,300.8389445095552,300.83894450701047,300.8389445057159,300.8389445044245,300.8389445028815,300.8389445016293,300.83894450017306
0.08678471155740555,300.8372443930755,300.8372443926813,300.83724439184516,300.83724439068607,300.83724438927885,300.8372443876493,300.8372443858266,300.8372443838377,300.83724438172896,300.8372443795163,300.83724437720724,300.837244374858,300.8372443724363,300.8372443699408,300.8372443674408,300.83724436485136,300.8372443622545,300.83724435962995,300.83724435697684,300.8372443542836,300.83724435153704,300.8372443488622,300.8372443461059,300.83724434355213,300.8372443409442,300.83724433821146,300.83724433575367,300.83724433316604,300.837244330644,300.8372443282213,300.83724432587655,300.8372443232678,300.8372443215059,300.83724431933797,300.83724431690035,300.837244314963,300.8372443128535,300.8372443107388,300.837244308374,300.8372443066784,300.8372443048697,300.8372443027042,300.8372443010064,300.8372442993191,300.8372442968107,300.83724429553433,300.8372442942612,300.8372442927401,300.83724429150567,300.83724429007
0.08728471155740555,300.83556861943725,300.8355686190488,300.83556861822456,300.83556861708206,300.83556861569497,300.83556861408874,300.8355686122921,300.8355686103317,300.835568608253,300.835568606072,300.8355686037959,300.8355686014802,300.8355685990931,300.83556859663315,300.8355685941688,300.8355685916163,300.83556858905644,300.8355685864693,300.835568583854,300.83556858119914,300.8355685784917,300.83556857585484,300.8355685731378,300.83556857062035,300.83556856804955,300.8355685653557,300.8355685629328,300.83556856038194,300.8355685578958,300.8355685555075,300.835568553196,300.8355685506243,300.83556854888735,300.83556854675015,300.8355685443472,300.83556854243733,300.83556854035766,300.83556853827304,300.8355685359418,300.8355685342702,300.8355685324871,300.83556853035236,300.83556852867866,300.8355685270153,300.83556852454257,300.83556852328434,300.8355685220291,300.83556852052953,300.8355685193126,300.83556851789734
0.08778471155740555,300.8339169243827,300.8339169239998,300.8339169231874,300.8339169220613,300.83391692069404,300.83391691911083,300.8339169173398,300.8339169154074,300.8339169133585,300.83391691120863,300.833916908965,300.8339169066824,300.8339169043294,300.8339169019045,300.8339168994753,300.8339168969592,300.83391689443584,300.83391689188556,300.8339168893075,300.8339168866904,300.83391688402156,300.8339168814223,300.8339168787439,300.83391687626226,300.83391687372796,300.83391687107246,300.833916868684,300.83391686616943,300.8339168637186,300.83391686136423,300.8339168590856,300.83391685655045,300.83391685483804,300.83391685273114,300.83391685036236,300.83391684847953,300.8339168464295,300.83391684437436,300.83391684207623,300.83391684042823,300.8339168386705,300.83391683656606,300.83391683491607,300.8339168332763,300.8339168308388,300.8339168295983,300.8339168283608,300.83391682688256,300.8339168256828,300.83391682428766
0.08828471155740555,300.83228895426646,300.832288953889,300.8322889530883,300.8322889519783,300.8322889506306,300.83228894907006,300.83228894732434,300.8322889454196,300.83228894339993,300.83228894128075,300.8322889390692,300.83228893681917,300.8322889344996,300.83228893210946,300.8322889297148,300.83228892723463,300.8322889247472,300.83228892223326,300.83228891969196,300.8322889171121,300.8322889144813,300.832288911919,300.8322889092787,300.83228890683245,300.8322889043342,300.8322889017165,300.83228889936197,300.83228889688314,300.8322888944672,300.8322888921462,300.8322888898999,300.83228888740086,300.8322888857127,300.83228888363567,300.83228888130054,300.8322888794444,300.83228887742337,300.83228887539747,300.8322888731321,300.83228887150744,300.8322888697746,300.8322888677,300.83228886607344,300.8322888644569,300.83228886205404,300.8322888608311,300.83228885961114,300.8322888581539,300.8322888569711,300.8322888555958
0.08878471155740555,300.83068436105077,300.8306843606787,300.83068435988946,300.83068435879534,300.8306843574669,300.83068435592867,300.83068435420796,300.8306843523304,300.83068435033965,300.8306843482507,300.8306843460707,300.8306843438528,300.8306843415664,300.8306843392103,300.83068433684974,300.83068433440496,300.830684331953,300.8306843294749,300.8306843269698,300.8306843244267,300.83068432183336,300.8306843193075,300.83068431670483,300.8306843142933,300.8306843118306,300.83068430925016,300.83068430692913,300.83068430448554,300.8306843021039,300.8306842998159,300.8306842976016,300.830684295138,300.8306842934737,300.8306842914263,300.83068428912424,300.8306842872944,300.83068428530214,300.83068428330495,300.83068428107174,300.8306842794701,300.83068427776186,300.8306842757168,300.8306842741133,300.83068427251965,300.8306842701511,300.83068426894545,300.83068426774275,300.83068426630604,300.8306842651401,300.8306842637842
0.08928471155740555,300.8291028021948,300.82910280182807,300.8291028010501,300.8291027999717,300.8291027986623,300.829102797146,300.8291027954499,300.8291027935992,300.82910279163684,300.82910278957775,300.8291027874289,300.8291027852426,300.8291027829889,300.8291027806663,300.8291027783395,300.8291027759295,300.82910277351255,300.82910277106976,300.8291027686003,300.82910276609346,300.82910276353704,300.8291027610471,300.82910275848155,300.82910275610436,300.8291027536767,300.82910275113295,300.82910274884495,300.8291027464361,300.8291027440883,300.82910274183286,300.8291027396499,300.82910273722143,300.8291027355807,300.82910273356225,300.829102731293,300.82910272948914,300.8291027275251,300.8291027255563,300.8291027233549,300.8291027217759,300.82910272009184,300.82910271807583,300.8291027164951,300.82910271492403,300.82910271258925,300.8291027114006,300.82910271021495,300.8291027087987,300.8291027076492,300.8291027063126
0.08978471155740556,300.8275439405472,300.82754394018576,300.8275439394189,300.8275439383559,300.82754393706523,300.82754393557065,300.8275439338988,300.8275439320745,300.82754393014017,300.82754392811046,300.82754392599236,300.8275439238373,300.82754392161564,300.8275439193262,300.82754391703264,300.8275439146569,300.82754391227445,300.82754390986645,300.8275439074322,300.82754390496103,300.827543902441,300.8275438999866,300.82754389745753,300.82754389511416,300.827543892721,300.82754389021346,300.827543887958,300.8275438855834,300.827543883269,300.82754388104564,300.8275438788937,300.8275438764997,300.8275438748823,300.82754387289253,300.82754387065546,300.82754386887717,300.827543866941,300.82754386500017,300.82754386283005,300.8275438612735,300.8275438596133,300.827543857626,300.8275438560677,300.8275438545189,300.82754385221733,300.82754385104556,300.82754384987663,300.8275438484805,300.82754384734733,300.8275438460297
0.09028471155740556,300.82600744424127,300.82600744388503,300.82600744312913,300.82600744208133,300.8260074408091,300.8260074393359,300.82600743768796,300.8260074358897,300.826007433983,300.8260074319823,300.8260074298944,300.82600742777004,300.82600742558014,300.8260074233234,300.82600742106246,300.82600741872074,300.82600741637214,300.82600741399847,300.8260074115989,300.8260074091629,300.8260074066788,300.82600740425937,300.8260074017663,300.8260073994562,300.82600739709716,300.8260073946253,300.8260073924019,300.8260073900611,300.82600738777955,300.8260073855878,300.8260073834665,300.82600738110654,300.826007379512,300.8260073775504,300.8260073753453,300.82600737359223,300.82600737168354,300.8260073697703,300.82600736763106,300.82600736609646,300.8260073644599,300.82600736250083,300.8260073609646,300.82600735943777,300.826007357169,300.82600735601375,300.8260073548615,300.8260073534851,300.826007352368,300.82600735106905
0.09078471155740556,300.82449298659367,300.8244929862425,300.8244929854975,300.82449298446465,300.82449298321063,300.82449298175845,300.824492980134,300.82449297836155,300.82449297648213,300.8244929745099,300.82449297245176,300.82449297035777,300.8244929681991,300.8244929659745,300.8244929637459,300.8244929614375,300.8244929591224,300.82449295678254,300.8244929544171,300.82449295201593,300.82449294956723,300.8244929471822,300.8244929447246,300.8244929424474,300.8244929401219,300.82449293768525,300.8244929354935,300.824492933186,300.8244929309369,300.82449292877624,300.82449292668514,300.8244929243587,300.82449292278676,300.8244929208531,300.82449291867925,300.8244929169511,300.8244929150695,300.82449291318346,300.82449291107457,300.8244929095618,300.82449290794847,300.8244929060172,300.82449290450273,300.8244929029977,300.82449290076124,300.8244928996223,300.8244928984863,300.8244928971296,300.8244928960282,300.8244928947478
0.09128471155740556,300.8230002460059,300.8230002456597,300.82300024492537,300.8230002439073,300.82300024267124,300.8230002412398,300.82300023963865,300.8230002378914,300.8230002360388,300.8230002340948,300.8230002320661,300.8230002300019,300.8230002278741,300.8230002256812,300.8230002234843,300.8230002212089,300.8230002189267,300.8230002166202,300.8230002142885,300.8230002119215,300.82300020950765,300.8230002071566,300.82300020473406,300.82300020248925,300.8230002001969,300.82300019779484,300.8230001956342,300.8230001933596,300.8230001911425,300.8230001890126,300.82300018695116,300.8230001846579,300.8230001831082,300.823000181202,300.823000179059,300.8230001773554,300.82300017550057,300.8230001736413,300.82300017156246,300.8230001700711,300.82300016848063,300.8230001665769,300.82300016508395,300.82300016360017,300.82300016139556,300.82300016027284,300.8230001591529,300.82300015781544,300.8230001567297,300.8230001554674
0.09178471155740556,300.82152890586815,300.821528905527,300.82152890480313,300.82152890379956,300.8215289025811,300.8215289011702,300.8215288995919,300.82152889786965,300.8215288960435,300.82152889412725,300.82152889212745,300.8215288900928,300.82152888799527,300.8215288858337,300.8215288836681,300.821528881425,300.8215288791755,300.8215288769019,300.8215288746034,300.8215288722701,300.8215288698906,300.8215288675731,300.821528865185,300.8215288629722,300.82152886071236,300.8215288583446,300.8215288562147,300.8215288539724,300.8215288517868,300.82152884968724,300.8215288476551,300.8215288453944,300.8215288438667,300.82152884198763,300.8215288398751,300.82152883819566,300.8215288363672,300.8215288345343,300.821528832485,300.8215288310148,300.82152882944695,300.82152882757026,300.82152882609853,300.82152882463583,300.8215288224626,300.82152882135586,300.8215288202518,300.8215288189332,300.82152881786294,300.8215288166186
0.09228471155740556,300.8200786544664,300.82007865413004,300.82007865341654,300.82007865242736,300.82007865122637,300.82007864983564,300.82007864827983,300.8200786465822,300.8200786447821,300.82007864289324,300.820078640922,300.82007863891636,300.82007863684873,300.820078634718,300.8200786325833,300.8200786303722,300.82007862815476,300.8200786259134,300.82007862364776,300.8200786213477,300.8200786190021,300.8200786167176,300.8200786143635,300.82007861218216,300.8200786099545,300.8200786076204,300.8200786055208,300.8200786033105,300.82007860115596,300.82007859908623,300.820078597083,300.8200785948545,300.8200785933484,300.820078591496,300.8200785894136,300.82007858775796,300.82007858595546,300.82007858414863,300.8200785821285,300.8200785806792,300.82007857913356,300.8200785772836,300.8200785758328,300.8200785743908,300.8200785722486,300.8200785711574,300.82007857006903,300.8200785687692,300.8200785677141,300.82007856648744
0.09278471155740556,300.8186491848915,300.81864918456006,300.81864918385673,300.8186491828817,300.81864918169794,300.818649180327,300.8186491787934,300.81864917712005,300.8186491753456,300.8186491734838,300.8186491715406,300.81864916956357,300.81864916752545,300.81864916542514,300.8186491633209,300.81864916114137,300.81864915895545,300.81864915674606,300.8186491545127,300.81864915224537,300.8186491499332,300.8186491476812,300.8186491453606,300.81864914321034,300.8186491410145,300.81864913871357,300.81864913664384,300.8186491344649,300.81864913234114,300.81864913030074,300.818649128326,300.81864912612923,300.8186491246445,300.81864912281844,300.81864912076566,300.81864911913357,300.81864911735664,300.81864911557545,300.8186491135841,300.81864911215536,300.81864911063167,300.818649108808,300.8186491073777,300.8186491059563,300.8186491038446,300.81864910276886,300.8186491016959,300.8186491004146,300.81864909937445,300.81864909816517
0.09328471155740556,300.8172401949513,300.81724019462456,300.8172401939313,300.81724019297025,300.8172401918033,300.817240190452,300.81724018894033,300.81724018729085,300.8172401855418,300.8172401837065,300.8172401817911,300.8172401798422,300.8172401778332,300.8172401757628,300.81724017368856,300.81724017154005,300.8172401693853,300.8172401672075,300.81724016500596,300.8172401627709,300.8172401604917,300.8172401582717,300.8172401559842,300.81724015386453,300.81724015169993,300.8172401494318,300.8172401473915,300.8172401452436,300.81724014315,300.8172401411387,300.817240139192,300.8172401370265,300.8172401355628,300.8172401337627,300.81724013173914,300.8172401301302,300.8172401283785,300.8172401266227,300.8172401246597,300.81724012325117,300.81724012174914,300.8172401199514,300.8172401185414,300.81724011714016,300.81724011505855,300.81724011399814,300.81724011294034,300.8172401116772,300.8172401106519,300.8172401094598
0.09378471155740556,300.81585138708425,300.8158513867622,300.8158513860788,300.8158513851315,300.8158513839812,300.8158513826492,300.8158513811592,300.8158513795332,300.81585137780917,300.815851376,300.8158513741119,300.81585137219093,300.81585137021057,300.8158513681696,300.815851366125,300.81585136400713,300.8158513618831,300.8158513597363,300.8158513575661,300.81585135536295,300.81585135311616,300.8158513509278,300.81585134867294,300.81585134658343,300.8158513444496,300.81585134221376,300.8158513402025,300.81585133808517,300.81585133602135,300.81585133403865,300.8158513321196,300.815851329985,300.81585132854207,300.8158513267676,300.8158513247727,300.8158513231866,300.8158513214599,300.815851319729,300.8158513177939,300.8158513164054,300.8158513149247,300.81585131315256,300.81585131176263,300.8158513103813,300.8158513083293,300.81585130728394,300.8158513062412,300.815851304996,300.81585130398514,300.8158513028101
0.09428471155740556,300.8144824682761,300.8144824679586,300.8144824672851,300.8144824663513,300.81448246521745,300.8144824639044,300.81448246243565,300.81448246083295,300.8144824591335,300.81448245735015,300.814482455489,300.81448245359536,300.8144824516433,300.81448244963156,300.814482447616,300.8144824455283,300.8144824434346,300.8144824413184,300.8144824391791,300.8144824370073,300.8144824347926,300.8144824326354,300.8144824304126,300.8144824283529,300.81448242624936,300.8144824240454,300.8144824220627,300.81448241997555,300.81448241794106,300.8144824159866,300.81448241409487,300.81448241199064,300.8144824105682,300.8144824088189,300.81448240685245,300.81448240528886,300.8144824035867,300.81448240188047,300.8144823999728,300.81448239860407,300.8144823971444,300.8144823953974,300.8144823940272,300.8144823926655,300.8144823906428,300.81448238961224,300.8144823885843,300.8144823873568,300.8144823863603,300.8144823852019
0.09478471155740556,300.81313314997834,300.8131331496654,300.8131331490015,300.81313314808096,300.81313314696337,300.81313314566916,300.8131331442213,300.8131331426415,300.8131331409663,300.8131331392084,300.8131331373738,300.81313313550726,300.81313313358294,300.81313313159984,300.81313312961305,300.8131331275552,300.8131331254913,300.81313312340524,300.8131331212964,300.81313311915557,300.8131331169724,300.813133114846,300.81313311265484,300.8131331106244,300.8131331085509,300.8131331063783,300.81313310442386,300.81313310236635,300.81313310036086,300.81313309843415,300.81313309656935,300.813133094495,300.81313309309274,300.81313309136834,300.81313308942987,300.8131330878885,300.81313308621054,300.81313308452854,300.81313308264816,300.81313308129876,300.8131330798598,300.81313307813775,300.81313307678704,300.8131330754446,300.8131330734508,300.81313307243477,300.8131330714214,300.8131330702114,300.8131330692291,300.8131330680871
0.09528471155740556,300.8118031480287,300.81180314772024,300.8118031470658,300.8118031461585,300.81180314505684,300.81180314378105,300.81180314235394,300.81180314079666,300.81180313914535,300.8118031374126,300.8118031356042,300.8118031337642,300.81180313186735,300.81180312991256,300.8118031279541,300.81180312592556,300.811803123891,300.8118031218347,300.8118031197559,300.81180311764564,300.81180311549355,300.81180311339745,300.8118031112375,300.81180310923594,300.81180310719196,300.81180310505033,300.8118031031237,300.8118031010954,300.8118030991185,300.81180309721924,300.8118030953809,300.81180309333615,300.8118030919538,300.81180309025393,300.811803088343,300.81180308682355,300.81180308516946,300.81180308351134,300.81180308165773,300.8118030803275,300.81180307890907,300.81180307721144,300.8118030758799,300.8118030745566,300.8118030725911,300.81180307158957,300.81180307059054,300.81180306939774,300.81180306842936,300.8118030673037
0.09578471155740556,300.8104921825738,300.81049218226985,300.8104921816247,300.8104921807303,300.8104921796444,300.8104921783869,300.8104921769801,300.81049217544506,300.81049217381735,300.81049217210926,300.8104921703267,300.810492168513,300.8104921666432,300.81049216471627,300.81049216278575,300.81049216078605,300.81049215878056,300.8104921567535,300.8104921547044,300.81049215262414,300.81049215050274,300.8104921484364,300.8104921463073,300.81049214433426,300.81049214231933,300.8104921402082,300.810492138309,300.8104921363096,300.81049213436086,300.81049213248855,300.81049213067644,300.8104921286607,300.81049212729806,300.8104921256223,300.81049212373864,300.8104921222407,300.81049212061015,300.8104921189756,300.8104921171484,300.81049211583706,300.8104921144387,300.81049211276536,300.81049211145273,300.8104921101482,300.8104921082107,300.8104921072234,300.81049210623854,300.8104921050627,300.81049210410805,300.81049210299835
0.09628471155740556,300.8091999779936,300.80919997769394,300.80919997705803,300.8091999761765,300.8091999751061,300.8091999738665,300.80919997247986,300.80919997096674,300.8091999693622,300.8091999676785,300.8091999659213,300.8091999641335,300.8091999622904,300.8091999603909,300.8091999584879,300.80919995651675,300.80919995453985,300.8091999525417,300.8091999505217,300.8091999484712,300.80919994638,300.8091999443431,300.8091999422443,300.8091999402993,300.80919993831316,300.80919993623206,300.80919993435987,300.809199932389,300.80919993046797,300.8091999286223,300.80919992683596,300.80919992484894,300.8091999235056,300.80919992185363,300.8091999199968,300.8091999185202,300.8091999169128,300.8091999153016,300.80919991350027,300.80919991220765,300.8091999108292,300.80919990917954,300.8091999078856,300.80919990659964,300.80919990468976,300.80919990371643,300.8091999027456,300.80919990158645,300.8091999006454,300.8091998995515
0.09678471155740556,300.80792626282783,300.8079262625324,300.8079262619056,300.8079262610367,300.8079262599815,300.80792625875966,300.80792625739275,300.80792625590124,300.8079262543196,300.80792625265997,300.8079262509279,300.8079262491655,300.8079262473487,300.8079262454763,300.80792624360043,300.80792624165736,300.80792623970865,300.80792623773897,300.8079262357478,300.8079262337264,300.8079262316651,300.8079262296572,300.80792622758827,300.80792622567105,300.80792622371314,300.80792622166166,300.8079262198161,300.80792621787333,300.8079262159796,300.80792621416015,300.80792621239925,300.80792621044054,300.80792620911626,300.80792620748787,300.8079262056574,300.80792620420186,300.8079262026173,300.807926201029,300.8079261992533,300.807926197979,300.80792619662014,300.807926194994,300.80792619371846,300.8079261924508,300.8079261905681,300.8079261896086,300.80792618865155,300.8079261875089,300.8079261865812,300.8079261855029
0.09728471155740556,300.80667076970377,300.80667076941256,300.8066707687948,300.8066707679382,300.80667076689815,300.80667076569375,300.80667076434634,300.80667076287614,300.80667076131704,300.8066707596811,300.8066707579737,300.8066707562365,300.8066707544455,300.80667075259987,300.80667075075075,300.8066707488354,300.8066707469144,300.80667074497285,300.80667074301005,300.80667074101746,300.8066707389855,300.80667073700624,300.80667073496676,300.80667073307677,300.80667073114677,300.80667072912456,300.8066707273053,300.80667072539006,300.8066707235233,300.80667072172986,300.806670719994,300.8066707180632,300.8066707167577,300.80667071515245,300.80667071334807,300.80667071191317,300.80667071035117,300.8066707087854,300.80667070703504,300.80667070577886,300.8066707044393,300.8066707028363,300.80667070157887,300.8066707003293,300.80667069847334,300.8066706975275,300.8066706965841,300.8066706954576,300.80667069454313,300.8066706934801
0.09778471155740556,300.8054332352666,300.80543323497955,300.8054332343706,300.80543323352623,300.80543323250106,300.8054332313138,300.80543322998574,300.8054332285364,300.80543322699964,300.805433225387,300.805433223704,300.8054332219915,300.8054332202261,300.80543321840673,300.80543321658405,300.805433214696,300.8054332128024,300.80543321088845,300.8054332089536,300.80543320698945,300.8054332049864,300.8054332030353,300.805433201025,300.8054331991619,300.80543319725933,300.80543319526595,300.80543319347254,300.80543319158465,300.80543318974446,300.8054331879765,300.8054331862653,300.80543318436196,300.8054331830751,300.8054331814926,300.80543317971393,300.8054331782995,300.8054331767596,300.80543317521614,300.80543317349066,300.8054331722524,300.8054331709319,300.8054331693518,300.80543316811213,300.80543316688033,300.8054331650509,300.8054331641184,300.8054331631884,300.805433162078,300.80543316117644,300.8054331601286
0.09828471155740556,300.8042134001105,300.8042133998275,300.80421339922725,300.80421339839495,300.80421339738444,300.80421339621415,300.804213394905,300.80421339347635,300.8042133919615,300.80421339037184,300.80421338871287,300.80421338702484,300.80421338528464,300.8042133834912,300.8042133816944,300.8042133798333,300.80421337796673,300.80421337608004,300.80421337417283,300.80421337223663,300.80421337026206,300.8042133683388,300.80421336635703,300.8042133645206,300.8042133626451,300.8042133606801,300.8042133589122,300.8042133570512,300.8042133552372,300.80421335349445,300.80421335180756,300.8042133499314,300.80421334866276,300.8042133471028,300.8042133453494,300.80421334395504,300.80421334243715,300.8042133409156,300.80421333921475,300.80421333799404,300.8042133366923,300.80421333513465,300.8042133339127,300.80421333269834,300.804213330895,300.80421332997577,300.8042133290589,300.80421332796436,300.8042133270756,300.80421332604266
0.09878471155740556,300.80301100871174,300.8030110084328,300.8030110078411,300.8030110070207,300.8030110060246,300.803011004871,300.80301100358054,300.8030110021723,300.803011000679,300.80301099911213,300.8030109974768,300.8030109958128,300.8030109940974,300.8030109923296,300.8030109905584,300.8030109887238,300.8030109868838,300.8030109850241,300.80301098314396,300.8030109812354,300.803010979289,300.8030109773931,300.80301097543963,300.8030109736292,300.8030109717805,300.80301096984346,300.8030109681008,300.80301096626624,300.8030109644781,300.80301096276014,300.8030109610973,300.8030109592478,300.8030109579972,300.80301095645945,300.803010954731,300.8030109533565,300.8030109518602,300.8030109503603,300.8030109486836,300.80301094748023,300.80301094619705,300.80301094466154,300.80301094345697,300.8030109422599,300.8030109404823,300.8030109395761,300.8030109386723,300.8030109375933,300.8030109367172,300.8030109356989
0.09928471155740556,300.8018258093635,300.80182580908854,300.8018258085053,300.8018258076967,300.80182580671476,300.8018258055776,300.8018258043055,300.80182580291745,300.8018258014455,300.8018257999009,300.8018257982889,300.80182579664864,300.8018257949577,300.8018257932151,300.8018257914692,300.8018257896607,300.80182578784695,300.8018257860137,300.8018257841604,300.801825782279,300.80182578036033,300.8018257784915,300.8018257765658,300.80182577478126,300.80182577295886,300.8018257710494,300.80182576933146,300.80182576752304,300.8018257657604,300.8018257640669,300.8018257624277,300.8018257606045,300.8018257593717,300.80182575785585,300.801825756152,300.801825754797,300.801825753322,300.80182575184347,300.8018257501907,300.8018257490044,300.80182574773943,300.80182574622586,300.8018257450384,300.80182574385833,300.801825742106,300.8018257412127,300.80182574032176,300.8018257392581,300.8018257383944,300.8018257373907
0.09978471155740556,300.80065755411175,300.8006575538408,300.80065755326586,300.8006575524687,300.80065755150076,300.8006575503799,300.800657549126,300.8006575477577,300.80065754630675,300.8006575447842,300.8006575431952,300.80065754157835,300.80065753991147,300.8006575381937,300.80065753647267,300.80065753469006,300.8006575329021,300.800657531095,300.80065752926816,300.80065752741353,300.80065752552224,300.80065752368,300.8006575217817,300.8006575200226,300.8006575182261,300.80065751634385,300.8006575146505,300.80065751286776,300.80065751113017,300.8006575094608,300.80065750784496,300.8006575060477,300.80065750483243,300.80065750333813,300.8006575016586,300.80065750032287,300.8006574988688,300.8006574974113,300.80065749578205,300.80065749461266,300.8006574933657,300.8006574918736,300.8006574907031,300.80065748953984,300.80065748781243,300.80065748693187,300.8006574860535,300.800657485005,300.80065748415365,300.8006574831642
0.1,300.8001576520662,300.8001576517969,300.8001576512255,300.8001576504334,300.8001576494715,300.8001576483575,300.8001576471114,300.80015764575154,300.8001576443096,300.8001576427965,300.8001576412173,300.80015763961046,300.800157637954,300.80015763624675,300.8001576345364,300.80015763276475,300.80015763098794,300.800157629192,300.8001576273764,300.80015762553325,300.80015762365366,300.80015762182285,300.8001576199363,300.80015761818805,300.80015761640266,300.80015761453205,300.8001576128491,300.80015761107745,300.8001576093506,300.8001576076915,300.8001576060857,300.80015760429956,300.80015760309175,300.8001576016067,300.8001575999375,300.80015759861004,300.800157597165,300.80015759571654,300.80015759409736,300.80015759293514,300.8001575916959,300.80015759021296,300.8001575890497,300.80015758789364,300.80015758617697,300.80015758530175,300.80015758442886,300.80015758338675,300.8001575825407,300.8001575815573
