t(s),T value at [0.0, 0.006001, 0] (K),T value at [3.061224489795918e-05, 0.006001, 0] (K),T value at [6.122448979591836e-05, 0.006001, 0] (K),T value at [9.183673469387755e-05, 0.006001, 0] (K),T value at [0.00012244897959183673, 0.006001, 0] (K),T value at [0.0001530612244897959, 0.006001, 0] (K),T value at [0.0001836734693877551, 0.006001, 0] (K),T value at [0.00021428571428571427, 0.006001, 0] (K),T value at [0.00024489795918367346, 0.006001, 0] (K),T value at [0.00027551020408163264, 0.006001, 0] (K),T value at [0.0003061224489795918, 0.006001, 0] (K),T value at [0.000336734693877551, 0.006001, 0] (K),T value at [0.0003673469387755102, 0.006001, 0] (K),T value at [0.00039795918367346937, 0.006001, 0] (K),T value at [0.00042857142857142855, 0.006001, 0] (K),T value at [0.00045918367346938773, 0.006001, 0] (K),T value at [0.0004897959183673469, 0.006001, 0] (K),T value at [0.0005204081632653061, 0.006001, 0] (K),T value at [0.0005510204081632653, 0.006001, 0] (K),T value at [0.0005816326530612245, 0.006001, 0] (K),T value at [0.0006122448979591836, 0.006001, 0] (K),T value at [0.0006428571428571428, 0.006001, 0] (K),T value at [0.000673469387755102, 0.006001, 0] (K),T value at [0.0007040816326530612, 0.006001, 0] (K),T value at [0.0007346938775510204, 0.006001, 0] (K),T value at [0.0007653061224489796, 0.006001, 0] (K),T value at [0.0007959183673469387, 0.006001, 0] (K),T value at [0.0008265306122448979, 0.006001, 0] (K),T value at [0.0008571428571428571, 0.006001, 0] (K),T value at [0.0008877551020408163, 0.006001, 0] (K),T value at [0.0009183673469387755, 0.006001, 0] (K),T value at [0.0009489795918367346, 0.006001, 0] (K),T value at [0.0009795918367346938, 0.006001, 0] (K),T value at [0.0010102040816326531, 0.006001, 0] (K),T value at [0.0010408163265306122, 0.006001, 0] (K),T value at [0.0010714285714285713, 0.006001, 0] (K),T value at [0.0011020408163265306, 0.006001, 0] (K),T value at [0.0011326530612244898, 0.006001, 0] (K),T value at [0.001163265306122449, 0.006001, 0] (K),T value at [0.001193877551020408, 0.006001, 0] (K),T value at [0.0012244897959183673, 0.006001, 0] (K),T value at [0.0012551020408163266, 0.006001, 0] (K),T value at [0.0012857142857142856, 0.006001, 0] (K),T value at [0.0013163265306122447, 0.006001, 0] (K),T value at [0.001346938775510204, 0.006001, 0] (K),T value at [0.0013775510204081633, 0.006001, 0] (K),T value at [0.0014081632653061224, 0.006001, 0] (K),T value at [0.0014387755102040815, 0.006001, 0] (K),T value at [0.0014693877551020407, 0.006001, 0] (K),T value at [0.0015, 0.006001, 0] (K)
1e-07,300.0337194969263,300.03371935388964,300.0337190949564,300.0337188409309,300.03371858213364,300.03371806097664,300.03371750441454,300.0337166714274,300.03371593896605,300.0337161480892,300.0337160486888,300.033712723293,300.03371323857647,300.0337130681327,300.03371367561124,300.03371333678086,300.0337052358585,300.03370605371526,300.03370437643514,300.0337057845486,300.03370765809854,300.03370329397535,300.0337095119838,300.0337049107674,300.0337032463345,300.0337118574555,300.0337039387019,300.03370288945695,300.0337046573412,300.0336936058461,300.0336808069648,300.03369204868363,300.0336532629694,300.0336520806471,300.0336543951569,300.0336526888542,300.03365347734604,300.0336547622851,300.03367060049277,300.03365602290125,300.03365813514586,300.0336534415245,300.03365901594134,300.0336639579328,300.0336970023389,300.03367128358394,300.03365820584406,300.03366400654863,300.03368420160143,300.033686803409
2.1e-07,300.03364700922253,300.03364695982674,300.03364689545003,300.03364682929913,300.0336467490204,300.0336465997028,300.0336464685653,300.03364622485714,300.0336461361921,300.033646185905,300.03364601795954,300.0336454104487,300.0336454932289,300.03364548417545,300.0336455673103,300.033645367341,300.03364385909873,300.03364355068607,300.0336433347243,300.0336436052464,300.03364329211183,300.03364333094123,300.0336432407121,300.03364372111474,300.03364395756194,300.03364373763674,300.033643907954,300.0336435740621,300.03364311732855,300.0336382045555,300.0336374704482,300.03363432694675,300.0336350335175,300.03363413225577,300.0336331033594,300.0336335911265,300.03363346623576,300.03363383854605,300.0336330183234,300.03363398475227,300.03363494167144,300.0336337684375,300.0336352793971,300.03363664657286,300.0336345432637,300.03363573982875,300.0336346930006,300.0336362708757,300.0336376358733,300.0336368669
3.31e-07,300.0322951023359,300.0322950652251,300.03229501393537,300.03229495833875,300.03229488527387,300.0322947663274,300.0322946635082,300.0322944829776,300.0322944113623,300.0322944264884,300.0322942719843,300.03229386005466,300.03229388606,300.03229388677283,300.03229390570635,300.032293688506,300.03229263722835,300.0322923316513,300.03229221852183,300.0322923178578,300.03229212664127,300.0322922330942,300.03229200956093,300.0322923773377,300.0322925748918,300.03229217304613,300.0322925248022,300.03229240331405,300.03229176825334,300.03228822797587,300.0322872590895,300.032284865689,300.0322859492466,300.03228529025125,300.03228406225446,300.03228478058134,300.032284620122,300.0322848224959,300.0322836124175,300.03228498214327,300.0322853980009,300.0322848578393,300.0322857078855,300.0322861152323,300.0322841822861,300.03228534168323,300.0322857136641,300.0322860260661,300.0322870144418,300.0322862536083
4.6410000000000003e-07,300.0312598423034,300.03125981455423,300.0312597724042,300.03125972536805,300.0312596640544,300.0312595643621,300.03125948044135,300.0312593350956,300.03125927160784,300.03125927785067,300.0312591426772,300.03125882168325,300.0312588328865,300.03125883380494,300.03125884249135,300.0312586455917,300.0312578150823,300.03125755070846,300.0312574638087,300.0312575261994,300.03125740986417,300.03125748472826,300.03125732720304,300.03125755637393,300.0312576815968,300.0312573989387,300.0312576389372,300.031257568262,300.03125697838533,300.03125420249916,300.0312533158479,300.03125155197216,300.0312521821075,300.03125163935346,300.0312507170049,300.03125121754897,300.03125110393444,300.03125125030294,300.03125047230765,300.0312514355644,300.03125172272166,300.031251342513,300.0312519535121,300.0312521928671,300.03125091161513,300.03125171368583,300.031252202315,300.031252247991,300.03125295988315,300.0312524881559
6.105100000000001e-07,300.03048488647556,300.0304848650743,300.0304848296136,300.030484789106,300.03048473698607,300.0304846515082,300.03048457977616,300.0304844590813,300.03048440211853,300.0304844041526,300.0304842841385,300.0304840242026,300.0304840267791,300.0304840285332,300.0304840317842,300.0304838528501,300.03048317603555,300.0304829394243,300.0304828673531,300.0304829119737,300.0304828360384,300.03048288909594,300.0304827775144,300.03048292760735,300.0304830104893,300.03048281053367,300.0304829746483,300.03048292326986,300.03048237657873,300.03048012481247,300.0304793158971,300.0304779610865,300.03047829637285,300.03047783264094,300.0304771411457,300.03047746766623,300.0304773989941,300.0304775070475,300.0304770143132,300.0304776942105,300.0304779285032,300.03047764025166,300.0304780969825,300.0304782827161,300.03047740378656,300.0304779765445,300.03047841911757,300.030478407779,300.0304789099914,300.03047863025307
7.715610000000001e-07,300.02988046050723,300.0298804434591,300.0298804130778,300.0298803775059,300.0298803321892,300.02988025744645,300.02988019395207,300.02988009118866,300.0298800394339,300.02988003866153,300.029879930496,300.029879714357,300.02987971024135,300.02987971313416,300.02987971226537,300.02987954657647,300.02987898233766,300.02987876512043,300.02987870363467,300.0298787365803,300.029878684607,300.0298787232216,300.02987864063493,300.0298787442233,300.02987880118803,300.02987865409364,300.02987877149303,300.02987872931607,300.0298782159773,300.0298763433515,300.02987559083476,300.029874508939,300.02987466692144,300.02987426522276,300.02987372277005,300.029873937777,300.0298739013632,300.02987398079404,300.02987365735305,300.02987415933825,300.02987435862406,300.02987413744637,300.02987449054,300.0298746449108,300.0298740146711,300.02987444286117,300.0298748156376,300.0298748023317,300.0298751612046,300.029874995203
9.487171000000002e-07,300.029391429007,300.02939141501986,300.0293913886928,300.02939135696147,300.02939131683434,300.029391250538,300.02939119304574,300.02939110389883,300.0293910564916,300.02939105346184,300.0293909549262,300.0293907718777,300.02939076245497,300.0293907661594,300.02939076197026,300.02939060659617,300.0293901280375,300.02938992616123,300.02938987235945,300.02938989691575,300.02938986009224,300.0293898885916,300.0293898251529,300.02938989979424,300.02938993996946,300.029389828081,300.02938991511724,300.02938987727845,300.02938939159725,300.0293878048184,300.02938709700373,300.029386206014,300.0293862537007,300.0293859019213,300.02938545959955,300.02938560284485,300.0293855873094,300.0293856463014,300.0293854273637,300.0293858120481,300.02938598377654,300.02938581462945,300.02938609600824,300.0293862282186,300.02938575883104,300.0293860915878,300.02938639889265,300.0293863965809,300.0293866602264,300.0293865606607
1.1435888100000002e-06,300.0289843665883,300.0289843548118,300.02898433183026,300.0289843031803,300.02898426711783,300.0289842077287,300.02898415489733,300.02898407648814,300.02898403286736,300.0289840278018,300.0289839373951,300.0289837803817,300.0289837668424,300.0289837708189,300.02898376383575,300.0289836171169,300.028983205813,300.028983017245,300.02898296892687,300.0289829872139,300.0289829604178,300.0289829815092,300.0289829314405,300.0289829870188,300.02898301578034,300.0289829284864,300.02898299453506,300.0289829580627,300.02898249691987,300.0289811331263,300.0289804640201,300.02897971218584,300.0289796887432,300.02897937748037,300.0289790066285,300.0289791021227,300.02897909923917,300.02897914431924,300.02897899304565,300.0289792959762,300.02897944478946,300.02897931693286,300.0289795464736,300.02897966200663,300.0289793019565,300.0289795683912,300.0289798212216,300.02897983020364,300.02898003052724,300.0289799699228
1.3579476910000003e-06,300.02863801644236,300.0286380063129,300.02863798614294,300.02863796003714,300.0286379272138,300.02863787364464,300.02863782461714,300.02863775493597,300.02863771470845,300.02863770769954,300.0286376243825,300.02863748845726,300.02863747180703,300.02863747553715,300.0286374661255,300.0286373270935,300.02863696987686,300.0286367934465,300.02863674897804,300.0286367624728,300.02863674253047,300.02863675806265,300.02863671778624,300.02863676015073,300.0286367808393,300.02863671143547,300.0286367622435,300.0286367250482,300.0286362866744,300.02863510156504,300.0286344678357,300.0286338207731,300.0286337503665,300.028633472288,300.02863315514605,300.0286332178299,300.02863322209026,300.0286332580777,300.0286331522825,300.02863339579164,300.02863352520416,300.0286334303104,300.02863362081325,300.028633723051,300.02863344109267,300.028633659315,300.0286338687058,300.028633886377,300.0286340437289,300.02863400637665
1.5937424601000005e-06,300.02833819204494,300.0283381831857,300.0283381654007,300.0283381414492,300.0283381112442,300.0283380626795,300.02833801687905,300.0283379544668,300.0283379173251,300.02833790842703,300.02833783145815,300.0283377129637,300.0283376940256,300.02833769709787,300.028337685523,300.0283375535792,300.0283372407226,300.028337075615,300.02833703381384,300.02833704357994,300.0283370284291,300.02833703975654,300.02833700690627,300.02833703969793,300.0283370545099,300.02833699853966,300.02833703784506,300.02833699837385,300.028336581696,300.0283355428096,300.02833494238286,300.0283343762265,300.02833427453936,300.02833402390013,300.0283337487426,300.0283337882765,300.0283337961398,300.0283338263686,300.0283337520097,300.02833395104165,300.02833406394257,300.0283339953027,300.0283341554486,300.02833424649526,300.028334022841,300.0283342047368,300.02833437980775,300.02833440362633,300.0283345308655,300.02833450786454
1.8531167061100007e-06,300.02807502688677,300.028075019041,300.02807500329004,300.0280749812006,300.02807495314727,300.02807490893736,300.0280748659609,300.02807480972456,300.0280747753985,300.0280747646719,300.0280746934969,300.0280745896178,300.02807456905373,300.0280745711741,300.02807455762945,300.02807443238214,300.0280741565088,300.0280740020626,300.0280739620894,300.02807396889824,300.0280739571534,300.02807396531074,300.0280739382185,300.0280739638212,300.0280739742797,300.02807392864077,300.02807395897986,300.0280739160822,300.0280735203694,300.02807260314694,300.0280720345829,300.02807153218544,300.02807140981577,300.0280711820804,300.02807094072193,300.02807096357094,300.02807097283556,300.0280709994763,300.0280709473371,300.02807111237115,300.0280712112054,300.0280711633537,300.02807129933285,300.02807138060626,300.02807120204136,300.0280713557883,300.02807150358063,300.02807153164093,300.02807163702096,300.02807162331794
2.138428376721001e-06,300.0278414185454,300.02784141153234,300.02784139752345,300.02784137706897,300.02784135082163,300.02784131042404,300.02784126998233,300.0278412190806,300.0278411873124,300.0278411748447,300.0278411090214,300.0278410175274,300.0278409958679,300.0278409968415,300.0278409814662,300.0278408626433,300.02784061803294,300.02784047366697,300.02784043493756,300.02784043934406,300.02784043005215,300.027840435841,300.0278404132724,300.0278404333266,300.0278404405342,300.0278404029762,300.0278404261132,300.0278403789763,300.0278400036453,300.0278391890209,300.0278386512157,300.0278381999292,300.027838064245,300.02783785581005,300.0278376422727,300.0278376528909,300.0278376622391,300.0278376866164,300.02783765048355,300.027837789101,300.02783787595604,300.02783784444813,300.02783796085293,300.0278380334571,300.027837890637,300.02783802207654,300.02783814794725,300.027838178869,300.0278382678705,300.02783826053945
2.4522712143931014e-06,300.02763210455316,300.02763209824036,300.02763208573015,300.02763206672853,300.0276320420355,300.0276320049844,300.0276319668663,300.0276319206338,300.02763189116797,300.0276318770816,300.0276318162308,300.0276317353195,300.02763171299256,300.02763171269646,300.0276316955939,300.027631582992,300.0276313651181,300.02763123030553,300.02763119242667,300.0276311948237,300.0276311873155,300.02763119135386,300.027631172369,300.0276311880584,300.0276311928352,300.02763116166716,300.0276311788403,300.0276311269477,300.0276307714579,300.027630044319,300.0276295363427,300.02762912665685,300.0276289828673,300.0276287908609,300.02762860061756,300.0276286021489,300.02762861083204,300.02762863369173,300.0276286092849,300.0276287270803,300.0276288037443,300.02762878498794,300.0276288853257,300.0276289502393,300.027628836201,300.02762894963155,300.0276290577043,300.0276290904382,300.027629166852,300.02762916412706
2.7974983358324118e-06,300.0274430891709,300.0274430834571,300.02744307224185,300.02744305454314,300.02744303122483,300.0274429971159,300.02744296116464,300.02744291906,300.0274428916426,300.0274428760947,300.02744281987054,300.027442748065,300.0274427254191,300.02744272377765,300.02744270503365,300.02744259848544,300.02744240370066,300.0274422779555,300.0274422406784,300.0274422413397,300.0274422351347,300.02744223789125,300.0274422217668,300.0274422339814,300.0274422369452,300.0274422108582,300.0274422229311,300.0274421660305,300.0274418298292,300.0274411779931,300.02744069898927,300.02744032365877,300.02744017547116,300.02743999760224,300.02743982712,300.0274398218318,300.0274398294559,300.02743985117024,300.02743983548186,300.0274399366385,300.027440004644,300.02743999575296,300.0274400827636,300.0274401409068,300.0274400502452,300.0274401489119,300.02744024242713,300.0274402761297,300.02744034267624,300.0274403434229
3.177248169415653e-06,300.027271274186,300.02727126899146,300.0272712588992,300.02727124237805,300.02727122030694,300.02727118879034,300.0272711548864,300.0272711164562,300.02727109083924,300.02727107401654,300.02727102209155,300.0272709581686,300.02727093548907,300.0272709324551,300.0272709121542,300.0272708115068,300.0272706368244,300.02727051969134,300.0272704828773,300.0272704819924,300.02727047673665,300.02727047855893,300.0272704647371,300.0272704741687,300.0272704757848,300.0272704537411,300.0272704613025,300.0272703993767,300.02727008187435,300.02726949538146,300.02726904450293,300.0272686979635,300.0272685480116,300.0272683824508,300.02726822890077,300.0272682184613,300.0272682248453,300.02726824556015,300.0272682364353,300.02726832411435,300.02726838477145,300.0272683834363,300.0272684593024,300.0272685115412,300.027268439944,300.02726852635544,300.02726860790636,300.02726864188367,300.02726870056705,300.0272687040022
3.5949729863572187e-06,300.0271142132557,300.02711420851574,300.0271141993996,300.0271141839502,300.0271141630348,300.027114133811,300.02711410185964,300.02711406671307,300.0271140426609,300.02711402477144,300.0271139768318,300.0271139197695,300.0271138972881,300.0271138928314,300.02711387106865,300.0271137761698,300.0271136191109,300.02711351015495,300.0271134737484,300.0271134714505,300.02711346687533,300.02711346801533,300.0271134560665,300.02711346326544,300.02711346388065,300.02711344504,300.02711344847694,300.0271133817137,300.0271130822765,300.02711255288654,300.02711212925533,300.0271118072171,300.0271116573576,300.0271115026388,300.02711136370516,300.02711134936555,300.02711135445026,300.02711137418567,300.02711137004826,300.02711144666443,300.0271115010861,300.0271115054638,300.02711157195574,300.02711161908417,300.0271115630554,300.0271116391953,300.0271117108766,300.0271117445676,300.0271117968871,300.02711180243335
4.054470284992941e-06,300.0269699437717,300.02696993943243,300.02696993116547,300.02696991669757,300.02696989686956,300.02696986968596,300.0269698396073,300.02696980739984,300.02696978469555,300.0269697659596,300.0269697217052,300.0269696706425,300.02696964854204,300.0269696426447,300.026969619533,300.0269695302227,300.026969388706,300.0269692875048,300.026969251511,300.02696924789916,300.02696924379427,300.02696924443063,300.0269692340233,300.026969239433,300.02696923930125,300.02696922296934,300.0269692225245,300.0269691512842,300.02696886923604,300.0269683900604,300.02696799274594,300.0269676918994,300.026967543425,300.02696739836307,300.02696727211577,300.0269672548315,300.02696725862353,300.0269672773385,300.02696727701107,300.0269673444317,300.0269673935537,300.02696740217675,300.02696746075367,300.02696750347644,300.0269674601601,300.0269675276286,300.02696759113417,300.02696762410415,300.0269676711901,300.0269676784011
4.559917313492236e-06,300.0268368689086,300.02683686492423,300.02683685739487,300.02683684383123,300.0268368250364,300.0268367996826,300.0268367714048,300.0268367418273,300.0268367202778,300.02683670091886,300.0268366600664,300.026836614271,300.02683659268797,300.0268365853445,300.02683656101703,300.02683647712297,300.02683634938387,300.0268362555226,300.0268362199895,300.0268362151441,300.0268362113402,300.02683621159747,300.0268362024737,300.0268362064535,300.0268362057559,300.02683619134626,300.0268361871658,300.02683611194516,300.0268358465771,300.0268354118033,300.0268350398145,300.0268347576093,300.026834611408,300.026834475031,300.0268343598395,300.0268343403514,300.0268343428901,300.02683436052325,300.02683436310565,300.02683442279533,300.02683446739536,300.02683447909874,300.02683453097796,300.02683456990343,300.0268345369591,300.02683459706816,300.0268346537606,300.02683468569234,300.02683472840124,300.02683473692235
5.11590904484146e-06,300.02671367306294,300.0267136693934,300.0267136625033,300.02671364977664,300.02671363196896,300.0267136082715,300.0267135817255,300.0267135544985,300.0267135339376,300.02671351417456,300.0267134764597,300.0267134353028,300.02671341432887,300.0267134055492,300.0267133801588,300.02671330149496,300.0267131860243,300.0267130990936,300.0267130640971,300.0267130580911,300.0267130544485,300.0267130544114,300.0267130463682,300.02671304920824,300.02671304806904,300.02671303507486,300.02671302724957,300.02671294864416,300.02671269922473,300.0267123039071,300.0267119561951,300.0267116906699,300.02671154734406,300.0267114188392,300.0267113133126,300.02671129220175,300.02671129354167,300.0267113100332,300.02671131482225,300.02671136794726,300.02671140866306,300.02671142252683,300.02671146873126,300.02671150437465,300.0267114798835,300.0267115337203,300.0267115846878,300.0267116153673,300.0267116543514,300.02671166389734
5.727499949325607e-06,300.0265992600548,300.02659925666484,300.0265992503262,300.0265992383776,300.02659922151577,300.02659919933257,300.02659917444885,300.0265991493186,300.0265991296088,300.0265991096495,300.02659907482763,300.02659903776294,300.0265990174484,300.02659900726167,300.0265989809777,300.02659890734515,300.0265988028418,300.02659872243777,300.02659868806984,300.0265986809756,300.02659867737714,300.0265986771014,300.0265986699764,300.0265986719101,300.0265986704086,300.02659865838166,300.0265986469798,300.0265985656479,300.0265983314347,300.0265979713323,300.02659764680055,300.0265973964481,300.0265972564047,300.0265971350763,300.02659703802135,300.0265970157463,300.0265970159484,300.02659703125096,300.0265970376856,300.0265970851883,300.0265971225374,300.026597137841,300.02659717923257,300.0265972120261,300.026597194415,300.0265972428854,300.0265972889913,300.02659731828845,300.0265973540505,300.02659736438994
6.400249944258168e-06,300.0264927071859,300.0264927040442,300.02649269817937,300.02649268695615,300.0264926710017,300.02649265021597,300.0264926269226,300.0264926036595,300.02649258469216,300.0264925647286,300.0264925325741,300.0264924991215,300.0264924794795,300.0264924679376,300.02649244094175,300.0264923721297,300.026492277463,300.0264922031887,300.0264921695484,300.02649216144266,300.0264921577891,300.026492157309,300.0264921509697,300.02649215218247,300.02649215036166,300.0264921388987,300.0264921239938,300.0264920406215,300.02649182087146,300.02649149232167,300.0264911898407,300.0264909534993,300.0264908170165,300.02649070225675,300.02649061264526,300.026490589568,300.02649058869605,300.0264906027787,300.0264906104028,300.0264906530545,300.0264906874541,300.0264907036392,300.02649074094313,300.0264907712492,300.026490759229,300.026490803088,300.0264908450156,300.02649087286494,300.02649090579837,300.0264909167432
7.1402749386839854e-06,300.02639323055865,300.0263932276372,300.02639322217817,300.02639321163235,300.02639319654907,300.0263931770644,300.02639315528586,300.0263931336834,300.0263931153776,300.0263930955822,300.0263930658864,300.0263930356192,300.02639301663254,300.02639300381117,300.02639297629287,300.02639291208106,300.0263928262611,300.0263927577289,300.0263927249156,300.0263927158818,300.026392712089,300.0263927114223,300.0263927057581,300.02639270639514,300.0263927042676,300.02639269300266,300.02639267469243,300.0263925899644,300.0263923839423,300.0263920837613,300.0263918021846,300.02639157895175,300.02639144622697,300.02639133749506,300.026391254439,300.02639123084384,300.0263912289623,300.0263912418102,300.0263912502479,300.0263912886866,300.02639132047256,300.0263913371129,300.0263913709368,300.0263913990608,300.0263913915744,300.02639143144955,300.02639146974195,300.0263914961244,300.02639152654376,300.02639153794087
7.954302432552384e-06,300.0263001585325,300.0263001558068,300.0263001506947,300.02630014078215,300.0263001265359,300.02630010827096,300.0263000879283,300.02630006780265,300.0263000501021,300.026300030626,300.0263000031946,300.02629997572996,300.0262999573582,300.0262999433567,300.02629991550765,300.02629985566927,300.0262997778232,300.026299714657,300.02629968276557,300.0262996728951,300.02629966889276,300.02629966804443,300.02629966296024,300.0262996631321,300.02629966068406,300.0262996492857,300.02629962770465,300.02629954228036,300.0262993492654,300.0262990746685,300.0262988128485,300.02629860201137,300.0262984731948,300.0262983700053,300.02629829273496,300.0262982688423,300.0262982660164,300.0262982776283,300.02629828656745,300.02629832132425,300.0262983507685,300.0262983675443,300.0262983983945,300.0262984245956,300.02629842077533,300.0262984571868,300.0262984922796,300.0262985172085,300.0262985453716,300.0262985570949
8.849732675807622e-06,300.0263001585325,300.0263001558068,300.0263001506947,300.02630014078215,300.0263001265359,300.02630010827096,300.0263000879283,300.02630006780265,300.0263000501021,300.026300030626,300.0263000031946,300.02629997572996,300.0262999573582,300.0262999433567,300.02629991550765,300.02629985566927,300.0262997778232,300.026299714657,300.02629968276557,300.0262996728951,300.02629966889276,300.02629966804443,300.02629966296024,300.0262996631321,300.02629966068406,300.0262996492857,300.02629962770465,300.02629954228036,300.0262993492654,300.0262990746685,300.0262988128485,300.02629860201137,300.0262984731948,300.0262983700053,300.02629829273496,300.0262982688423,300.0262982660164,300.0262982776283,300.02629828656745,300.02629832132425,300.0262983507685,300.0262983675443,300.0262983983945,300.0262984245956,300.02629842077533,300.0262984571868,300.0262984922796,300.0262985172085,300.0262985453716,300.0262985570949
9.834705943388386e-06,300.0263001585325,300.0263001558068,300.0263001506947,300.02630014078215,300.0263001265359,300.02630010827096,300.0263000879283,300.02630006780265,300.0263000501021,300.026300030626,300.0263000031946,300.02629997572996,300.0262999573582,300.0262999433567,300.02629991550765,300.02629985566927,300.0262997778232,300.026299714657,300.02629968276557,300.0262996728951,300.02629966889276,300.02629966804443,300.02629966296024,300.0262996631321,300.02629966068406,300.0262996492857,300.02629962770465,300.02629954228036,300.0262993492654,300.0262990746685,300.0262988128485,300.02629860201137,300.0262984731948,300.0262983700053,300.02629829273496,300.0262982688423,300.0262982660164,300.0262982776283,300.02629828656745,300.02629832132425,300.0262983507685,300.0262983675443,300.0262983983945,300.0262984245956,300.02629842077533,300.0262984571868,300.0262984922796,300.0262985172085,300.0262985453716,300.0262985570949
1.0918176537727226e-05,300.0263001585325,300.0263001558068,300.0263001506947,300.02630014078215,300.0263001265359,300.02630010827096,300.0263000879283,300.02630006780265,300.0263000501021,300.026300030626,300.0263000031946,300.02629997572996,300.0262999573582,300.0262999433567,300.02629991550765,300.02629985566927,300.0262997778232,300.026299714657,300.02629968276557,300.0262996728951,300.02629966889276,300.02629966804443,300.02629966296024,300.0262996631321,300.02629966068406,300.0262996492857,300.02629962770465,300.02629954228036,300.0262993492654,300.0262990746685,300.0262988128485,300.02629860201137,300.0262984731948,300.0262983700053,300.02629829273496,300.0262982688423,300.0262982660164,300.0262982776283,300.02629828656745,300.02629832132425,300.0262983507685,300.0262983675443,300.0262983983945,300.0262984245956,300.02629842077533,300.0262984571868,300.0262984922796,300.0262985172085,300.0262985453716,300.0262985570949
1.210999419149995e-05,300.0263001585325,300.0263001558068,300.0263001506947,300.02630014078215,300.0263001265359,300.02630010827096,300.0263000879283,300.02630006780265,300.0263000501021,300.026300030626,300.0263000031946,300.02629997572996,300.0262999573582,300.0262999433567,300.02629991550765,300.02629985566927,300.0262997778232,300.026299714657,300.02629968276557,300.0262996728951,300.02629966889276,300.02629966804443,300.02629966296024,300.0262996631321,300.02629966068406,300.0262996492857,300.02629962770465,300.02629954228036,300.0262993492654,300.0262990746685,300.0262988128485,300.02629860201137,300.0262984731948,300.0262983700053,300.02629829273496,300.0262982688423,300.0262982660164,300.0262982776283,300.02629828656745,300.02629832132425,300.0262983507685,300.0262983675443,300.0262983983945,300.0262984245956,300.02629842077533,300.0262984571868,300.0262984922796,300.0262985172085,300.0262985453716,300.0262985570949
1.3420993610649945e-05,300.0263001585325,300.0263001558068,300.0263001506947,300.02630014078215,300.0263001265359,300.02630010827096,300.0263000879283,300.02630006780265,300.0263000501021,300.026300030626,300.0263000031946,300.02629997572996,300.0262999573582,300.0262999433567,300.02629991550765,300.02629985566927,300.0262997778232,300.026299714657,300.02629968276557,300.0262996728951,300.02629966889276,300.02629966804443,300.02629966296024,300.0262996631321,300.02629966068406,300.0262996492857,300.02629962770465,300.02629954228036,300.0262993492654,300.0262990746685,300.0262988128485,300.02629860201137,300.0262984731948,300.0262983700053,300.02629829273496,300.0262982688423,300.0262982660164,300.0262982776283,300.02629828656745,300.02629832132425,300.0262983507685,300.0262983675443,300.0262983983945,300.0262984245956,300.02629842077533,300.0262984571868,300.0262984922796,300.0262985172085,300.0262985453716,300.0262985570949
1.486309297171494e-05,300.0263001585325,300.0263001558068,300.0263001506947,300.02630014078215,300.0263001265359,300.02630010827096,300.0263000879283,300.02630006780265,300.0263000501021,300.026300030626,300.0263000031946,300.02629997572996,300.0262999573582,300.0262999433567,300.02629991550765,300.02629985566927,300.0262997778232,300.026299714657,300.02629968276557,300.0262996728951,300.02629966889276,300.02629966804443,300.02629966296024,300.0262996631321,300.02629966068406,300.0262996492857,300.02629962770465,300.02629954228036,300.0262993492654,300.0262990746685,300.0262988128485,300.02629860201137,300.0262984731948,300.0262983700053,300.02629829273496,300.0262982688423,300.0262982660164,300.0262982776283,300.02629828656745,300.02629832132425,300.0262983507685,300.0262983675443,300.0262983983945,300.0262984245956,300.02629842077533,300.0262984571868,300.0262984922796,300.0262985172085,300.0262985453716,300.0262985570949
1.6449402268886436e-05,300.0263001585325,300.0263001558068,300.0263001506947,300.02630014078215,300.0263001265359,300.02630010827096,300.0263000879283,300.02630006780265,300.0263000501021,300.026300030626,300.0263000031946,300.02629997572996,300.0262999573582,300.0262999433567,300.02629991550765,300.02629985566927,300.0262997778232,300.026299714657,300.02629968276557,300.0262996728951,300.02629966889276,300.02629966804443,300.02629966296024,300.0262996631321,300.02629966068406,300.0262996492857,300.02629962770465,300.02629954228036,300.0262993492654,300.0262990746685,300.0262988128485,300.02629860201137,300.0262984731948,300.0262983700053,300.02629829273496,300.0262982688423,300.0262982660164,300.0262982776283,300.02629828656745,300.02629832132425,300.0262983507685,300.0262983675443,300.0262983983945,300.0262984245956,300.02629842077533,300.0262984571868,300.0262984922796,300.0262985172085,300.0262985453716,300.0262985570949
1.819434249577508e-05,300.0263001585325,300.0263001558068,300.0263001506947,300.02630014078215,300.0263001265359,300.02630010827096,300.0263000879283,300.02630006780265,300.0263000501021,300.026300030626,300.0263000031946,300.02629997572996,300.0262999573582,300.0262999433567,300.02629991550765,300.02629985566927,300.0262997778232,300.026299714657,300.02629968276557,300.0262996728951,300.02629966889276,300.02629966804443,300.02629966296024,300.0262996631321,300.02629966068406,300.0262996492857,300.02629962770465,300.02629954228036,300.0262993492654,300.0262990746685,300.0262988128485,300.02629860201137,300.0262984731948,300.0262983700053,300.02629829273496,300.0262982688423,300.0262982660164,300.0262982776283,300.02629828656745,300.02629832132425,300.0262983507685,300.0262983675443,300.0262983983945,300.0262984245956,300.02629842077533,300.0262984571868,300.0262984922796,300.0262985172085,300.0262985453716,300.0262985570949
2.011377674535259e-05,300.0263001585325,300.0263001558068,300.0263001506947,300.02630014078215,300.0263001265359,300.02630010827096,300.0263000879283,300.02630006780265,300.0263000501021,300.026300030626,300.0263000031946,300.02629997572996,300.0262999573582,300.0262999433567,300.02629991550765,300.02629985566927,300.0262997778232,300.026299714657,300.02629968276557,300.0262996728951,300.02629966889276,300.02629966804443,300.02629966296024,300.0262996631321,300.02629966068406,300.0262996492857,300.02629962770465,300.02629954228036,300.0262993492654,300.0262990746685,300.0262988128485,300.02629860201137,300.0262984731948,300.0262983700053,300.02629829273496,300.0262982688423,300.0262982660164,300.0262982776283,300.02629828656745,300.02629832132425,300.0262983507685,300.0262983675443,300.0262983983945,300.0262984245956,300.02629842077533,300.0262984571868,300.0262984922796,300.0262985172085,300.0262985453716,300.0262985570949
2.222515441988785e-05,300.0263001585325,300.0263001558068,300.0263001506947,300.02630014078215,300.0263001265359,300.02630010827096,300.0263000879283,300.02630006780265,300.0263000501021,300.026300030626,300.0263000031946,300.02629997572996,300.0262999573582,300.0262999433567,300.02629991550765,300.02629985566927,300.0262997778232,300.026299714657,300.02629968276557,300.0262996728951,300.02629966889276,300.02629966804443,300.02629966296024,300.0262996631321,300.02629966068406,300.0262996492857,300.02629962770465,300.02629954228036,300.0262993492654,300.0262990746685,300.0262988128485,300.02629860201137,300.0262984731948,300.0262983700053,300.02629829273496,300.0262982688423,300.0262982660164,300.0262982776283,300.02629828656745,300.02629832132425,300.0262983507685,300.0262983675443,300.0262983983945,300.0262984245956,300.02629842077533,300.0262984571868,300.0262984922796,300.0262985172085,300.0262985453716,300.0262985570949
2.4547669861876638e-05,300.0263001585325,300.0263001558068,300.0263001506947,300.02630014078215,300.0263001265359,300.02630010827096,300.0263000879283,300.02630006780265,300.0263000501021,300.026300030626,300.0263000031946,300.02629997572996,300.0262999573582,300.0262999433567,300.02629991550765,300.02629985566927,300.0262997778232,300.026299714657,300.02629968276557,300.0262996728951,300.02629966889276,300.02629966804443,300.02629966296024,300.0262996631321,300.02629966068406,300.0262996492857,300.02629962770465,300.02629954228036,300.0262993492654,300.0262990746685,300.0262988128485,300.02629860201137,300.0262984731948,300.0262983700053,300.02629829273496,300.0262982688423,300.0262982660164,300.0262982776283,300.02629828656745,300.02629832132425,300.0262983507685,300.0262983675443,300.0262983983945,300.0262984245956,300.02629842077533,300.0262984571868,300.0262984922796,300.0262985172085,300.0262985453716,300.0262985570949
2.7102436848064303e-05,300.0263001585325,300.0263001558068,300.0263001506947,300.02630014078215,300.0263001265359,300.02630010827096,300.0263000879283,300.02630006780265,300.0263000501021,300.026300030626,300.0263000031946,300.02629997572996,300.0262999573582,300.0262999433567,300.02629991550765,300.02629985566927,300.0262997778232,300.026299714657,300.02629968276557,300.0262996728951,300.02629966889276,300.02629966804443,300.02629966296024,300.0262996631321,300.02629966068406,300.0262996492857,300.02629962770465,300.02629954228036,300.0262993492654,300.0262990746685,300.0262988128485,300.02629860201137,300.0262984731948,300.0262983700053,300.02629829273496,300.0262982688423,300.0262982660164,300.0262982776283,300.02629828656745,300.02629832132425,300.0262983507685,300.0262983675443,300.0262983983945,300.0262984245956,300.02629842077533,300.0262984571868,300.0262984922796,300.0262985172085,300.0262985453716,300.0262985570949
2.9912680532870735e-05,300.0263001585325,300.0263001558068,300.0263001506947,300.02630014078215,300.0263001265359,300.02630010827096,300.0263000879283,300.02630006780265,300.0263000501021,300.026300030626,300.0263000031946,300.02629997572996,300.0262999573582,300.0262999433567,300.02629991550765,300.02629985566927,300.0262997778232,300.026299714657,300.02629968276557,300.0262996728951,300.02629966889276,300.02629966804443,300.02629966296024,300.0262996631321,300.02629966068406,300.0262996492857,300.02629962770465,300.02629954228036,300.0262993492654,300.0262990746685,300.0262988128485,300.02629860201137,300.0262984731948,300.0262983700053,300.02629829273496,300.0262982688423,300.0262982660164,300.0262982776283,300.02629828656745,300.02629832132425,300.0262983507685,300.0262983675443,300.0262983983945,300.0262984245956,300.02629842077533,300.0262984571868,300.0262984922796,300.0262985172085,300.0262985453716,300.0262985570949
3.300394858615781e-05,300.0263001585325,300.0263001558068,300.0263001506947,300.02630014078215,300.0263001265359,300.02630010827096,300.0263000879283,300.02630006780265,300.0263000501021,300.026300030626,300.0263000031946,300.02629997572996,300.0262999573582,300.0262999433567,300.02629991550765,300.02629985566927,300.0262997778232,300.026299714657,300.02629968276557,300.0262996728951,300.02629966889276,300.02629966804443,300.02629966296024,300.0262996631321,300.02629966068406,300.0262996492857,300.02629962770465,300.02629954228036,300.0262993492654,300.0262990746685,300.0262988128485,300.02629860201137,300.0262984731948,300.0262983700053,300.02629829273496,300.0262982688423,300.0262982660164,300.0262982776283,300.02629828656745,300.02629832132425,300.0262983507685,300.0262983675443,300.0262983983945,300.0262984245956,300.02629842077533,300.0262984571868,300.0262984922796,300.0262985172085,300.0262985453716,300.0262985570949
3.6404343444773596e-05,300.0263001585325,300.0263001558068,300.0263001506947,300.02630014078215,300.0263001265359,300.02630010827096,300.0263000879283,300.02630006780265,300.0263000501021,300.026300030626,300.0263000031946,300.02629997572996,300.0262999573582,300.0262999433567,300.02629991550765,300.02629985566927,300.0262997778232,300.026299714657,300.02629968276557,300.0262996728951,300.02629966889276,300.02629966804443,300.02629966296024,300.0262996631321,300.02629966068406,300.0262996492857,300.02629962770465,300.02629954228036,300.0262993492654,300.0262990746685,300.0262988128485,300.02629860201137,300.0262984731948,300.0262983700053,300.02629829273496,300.0262982688423,300.0262982660164,300.0262982776283,300.02629828656745,300.02629832132425,300.0262983507685,300.0262983675443,300.0262983983945,300.0262984245956,300.02629842077533,300.0262984571868,300.0262984922796,300.0262985172085,300.0262985453716,300.0262985570949
4.014477778925096e-05,300.0263001585325,300.0263001558068,300.0263001506947,300.02630014078215,300.0263001265359,300.02630010827096,300.0263000879283,300.02630006780265,300.0263000501021,300.026300030626,300.0263000031946,300.02629997572996,300.0262999573582,300.0262999433567,300.02629991550765,300.02629985566927,300.0262997778232,300.026299714657,300.02629968276557,300.0262996728951,300.02629966889276,300.02629966804443,300.02629966296024,300.0262996631321,300.02629966068406,300.0262996492857,300.02629962770465,300.02629954228036,300.0262993492654,300.0262990746685,300.0262988128485,300.02629860201137,300.0262984731948,300.0262983700053,300.02629829273496,300.0262982688423,300.0262982660164,300.0262982776283,300.02629828656745,300.02629832132425,300.0262983507685,300.0262983675443,300.0262983983945,300.0262984245956,300.02629842077533,300.0262984571868,300.0262984922796,300.0262985172085,300.0262985453716,300.0262985570949
4.425925556817606e-05,300.0263001585325,300.0263001558068,300.0263001506947,300.02630014078215,300.0263001265359,300.02630010827096,300.0263000879283,300.02630006780265,300.0263000501021,300.026300030626,300.0263000031946,300.02629997572996,300.0262999573582,300.0262999433567,300.02629991550765,300.02629985566927,300.0262997778232,300.026299714657,300.02629968276557,300.0262996728951,300.02629966889276,300.02629966804443,300.02629966296024,300.0262996631321,300.02629966068406,300.0262996492857,300.02629962770465,300.02629954228036,300.0262993492654,300.0262990746685,300.0262988128485,300.02629860201137,300.0262984731948,300.0262983700053,300.02629829273496,300.0262982688423,300.0262982660164,300.0262982776283,300.02629828656745,300.02629832132425,300.0262983507685,300.0262983675443,300.0262983983945,300.0262984245956,300.02629842077533,300.0262984571868,300.0262984922796,300.0262985172085,300.0262985453716,300.0262985570949
4.8785181124993674e-05,300.0263001585325,300.0263001558068,300.0263001506947,300.02630014078215,300.0263001265359,300.02630010827096,300.0263000879283,300.02630006780265,300.0263000501021,300.026300030626,300.0263000031946,300.02629997572996,300.0262999573582,300.0262999433567,300.02629991550765,300.02629985566927,300.0262997778232,300.026299714657,300.02629968276557,300.0262996728951,300.02629966889276,300.02629966804443,300.02629966296024,300.0262996631321,300.02629966068406,300.0262996492857,300.02629962770465,300.02629954228036,300.0262993492654,300.0262990746685,300.0262988128485,300.02629860201137,300.0262984731948,300.0262983700053,300.02629829273496,300.0262982688423,300.0262982660164,300.0262982776283,300.02629828656745,300.02629832132425,300.0262983507685,300.0262983675443,300.0262983983945,300.0262984245956,300.02629842077533,300.0262984571868,300.0262984922796,300.0262985172085,300.0262985453716,300.0262985570949
5.376369923749304e-05,300.0263001585325,300.0263001558068,300.0263001506947,300.02630014078215,300.0263001265359,300.02630010827096,300.0263000879283,300.02630006780265,300.0263000501021,300.026300030626,300.0263000031946,300.02629997572996,300.0262999573582,300.0262999433567,300.02629991550765,300.02629985566927,300.0262997778232,300.026299714657,300.02629968276557,300.0262996728951,300.02629966889276,300.02629966804443,300.02629966296024,300.0262996631321,300.02629966068406,300.0262996492857,300.02629962770465,300.02629954228036,300.0262993492654,300.0262990746685,300.0262988128485,300.02629860201137,300.0262984731948,300.0262983700053,300.02629829273496,300.0262982688423,300.0262982660164,300.0262982776283,300.02629828656745,300.02629832132425,300.0262983507685,300.0262983675443,300.0262983983945,300.0262984245956,300.02629842077533,300.0262984571868,300.0262984922796,300.0262985172085,300.0262985453716,300.0262985570949
5.876369923749304e-05,300.0263001585325,300.0263001558068,300.0263001506947,300.02630014078215,300.0263001265359,300.02630010827096,300.0263000879283,300.02630006780265,300.0263000501021,300.026300030626,300.0263000031946,300.02629997572996,300.0262999573582,300.0262999433567,300.02629991550765,300.02629985566927,300.0262997778232,300.026299714657,300.02629968276557,300.0262996728951,300.02629966889276,300.02629966804443,300.02629966296024,300.0262996631321,300.02629966068406,300.0262996492857,300.02629962770465,300.02629954228036,300.0262993492654,300.0262990746685,300.0262988128485,300.02629860201137,300.0262984731948,300.0262983700053,300.02629829273496,300.0262982688423,300.0262982660164,300.0262982776283,300.02629828656745,300.02629832132425,300.0262983507685,300.0262983675443,300.0262983983945,300.0262984245956,300.02629842077533,300.0262984571868,300.0262984922796,300.0262985172085,300.0262985453716,300.0262985570949
6.376369923749304e-05,300.0263001585325,300.0263001558068,300.0263001506947,300.02630014078215,300.0263001265359,300.02630010827096,300.0263000879283,300.02630006780265,300.0263000501021,300.026300030626,300.0263000031946,300.02629997572996,300.0262999573582,300.0262999433567,300.02629991550765,300.02629985566927,300.0262997778232,300.026299714657,300.02629968276557,300.0262996728951,300.02629966889276,300.02629966804443,300.02629966296024,300.0262996631321,300.02629966068406,300.0262996492857,300.02629962770465,300.02629954228036,300.0262993492654,300.0262990746685,300.0262988128485,300.02629860201137,300.0262984731948,300.0262983700053,300.02629829273496,300.0262982688423,300.0262982660164,300.0262982776283,300.02629828656745,300.02629832132425,300.0262983507685,300.0262983675443,300.0262983983945,300.0262984245956,300.02629842077533,300.0262984571868,300.0262984922796,300.0262985172085,300.0262985453716,300.0262985570949
6.876369923749304e-05,300.0263001585325,300.0263001558068,300.0263001506947,300.02630014078215,300.0263001265359,300.02630010827096,300.0263000879283,300.02630006780265,300.0263000501021,300.026300030626,300.0263000031946,300.02629997572996,300.0262999573582,300.0262999433567,300.02629991550765,300.02629985566927,300.0262997778232,300.026299714657,300.02629968276557,300.0262996728951,300.02629966889276,300.02629966804443,300.02629966296024,300.0262996631321,300.02629966068406,300.0262996492857,300.02629962770465,300.02629954228036,300.0262993492654,300.0262990746685,300.0262988128485,300.02629860201137,300.0262984731948,300.0262983700053,300.02629829273496,300.0262982688423,300.0262982660164,300.0262982776283,300.02629828656745,300.02629832132425,300.0262983507685,300.0262983675443,300.0262983983945,300.0262984245956,300.02629842077533,300.0262984571868,300.0262984922796,300.0262985172085,300.0262985453716,300.0262985570949
7.376369923749304e-05,300.0263001585325,300.0263001558068,300.0263001506947,300.02630014078215,300.0263001265359,300.02630010827096,300.0263000879283,300.02630006780265,300.0263000501021,300.026300030626,300.0263000031946,300.02629997572996,300.0262999573582,300.0262999433567,300.02629991550765,300.02629985566927,300.0262997778232,300.026299714657,300.02629968276557,300.0262996728951,300.02629966889276,300.02629966804443,300.02629966296024,300.0262996631321,300.02629966068406,300.0262996492857,300.02629962770465,300.02629954228036,300.0262993492654,300.0262990746685,300.0262988128485,300.02629860201137,300.0262984731948,300.0262983700053,300.02629829273496,300.0262982688423,300.0262982660164,300.0262982776283,300.02629828656745,300.02629832132425,300.0262983507685,300.0262983675443,300.0262983983945,300.0262984245956,300.02629842077533,300.0262984571868,300.0262984922796,300.0262985172085,300.0262985453716,300.0262985570949
7.876369923749304e-05,300.0263001585325,300.0263001558068,300.0263001506947,300.02630014078215,300.0263001265359,300.02630010827096,300.0263000879283,300.02630006780265,300.0263000501021,300.026300030626,300.0263000031946,300.02629997572996,300.0262999573582,300.0262999433567,300.02629991550765,300.02629985566927,300.0262997778232,300.026299714657,300.02629968276557,300.0262996728951,300.02629966889276,300.02629966804443,300.02629966296024,300.0262996631321,300.02629966068406,300.0262996492857,300.02629962770465,300.02629954228036,300.0262993492654,300.0262990746685,300.0262988128485,300.02629860201137,300.0262984731948,300.0262983700053,300.02629829273496,300.0262982688423,300.0262982660164,300.0262982776283,300.02629828656745,300.02629832132425,300.0262983507685,300.0262983675443,300.0262983983945,300.0262984245956,300.02629842077533,300.0262984571868,300.0262984922796,300.0262985172085,300.0262985453716,300.0262985570949
8.376369923749304e-05,300.0263001585325,300.0263001558068,300.0263001506947,300.02630014078215,300.0263001265359,300.02630010827096,300.0263000879283,300.02630006780265,300.0263000501021,300.026300030626,300.0263000031946,300.02629997572996,300.0262999573582,300.0262999433567,300.02629991550765,300.02629985566927,300.0262997778232,300.026299714657,300.02629968276557,300.0262996728951,300.02629966889276,300.02629966804443,300.02629966296024,300.0262996631321,300.02629966068406,300.0262996492857,300.02629962770465,300.02629954228036,300.0262993492654,300.0262990746685,300.0262988128485,300.02629860201137,300.0262984731948,300.0262983700053,300.02629829273496,300.0262982688423,300.0262982660164,300.0262982776283,300.02629828656745,300.02629832132425,300.0262983507685,300.0262983675443,300.0262983983945,300.0262984245956,300.02629842077533,300.0262984571868,300.0262984922796,300.0262985172085,300.0262985453716,300.0262985570949
8.876369923749304e-05,300.0263001585325,300.0263001558068,300.0263001506947,300.02630014078215,300.0263001265359,300.02630010827096,300.0263000879283,300.02630006780265,300.0263000501021,300.026300030626,300.0263000031946,300.02629997572996,300.0262999573582,300.0262999433567,300.02629991550765,300.02629985566927,300.0262997778232,300.026299714657,300.02629968276557,300.0262996728951,300.02629966889276,300.02629966804443,300.02629966296024,300.0262996631321,300.02629966068406,300.0262996492857,300.02629962770465,300.02629954228036,300.0262993492654,300.0262990746685,300.0262988128485,300.02629860201137,300.0262984731948,300.0262983700053,300.02629829273496,300.0262982688423,300.0262982660164,300.0262982776283,300.02629828656745,300.02629832132425,300.0262983507685,300.0262983675443,300.0262983983945,300.0262984245956,300.02629842077533,300.0262984571868,300.0262984922796,300.0262985172085,300.0262985453716,300.0262985570949
9.376369923749304e-05,300.0263001585325,300.0263001558068,300.0263001506947,300.02630014078215,300.0263001265359,300.02630010827096,300.0263000879283,300.02630006780265,300.0263000501021,300.026300030626,300.0263000031946,300.02629997572996,300.0262999573582,300.0262999433567,300.02629991550765,300.02629985566927,300.0262997778232,300.026299714657,300.02629968276557,300.0262996728951,300.02629966889276,300.02629966804443,300.02629966296024,300.0262996631321,300.02629966068406,300.0262996492857,300.02629962770465,300.02629954228036,300.0262993492654,300.0262990746685,300.0262988128485,300.02629860201137,300.0262984731948,300.0262983700053,300.02629829273496,300.0262982688423,300.0262982660164,300.0262982776283,300.02629828656745,300.02629832132425,300.0262983507685,300.0262983675443,300.0262983983945,300.0262984245956,300.02629842077533,300.0262984571868,300.0262984922796,300.0262985172085,300.0262985453716,300.0262985570949
9.876369923749304e-05,300.10281024129495,300.1026115290223,300.10201805442176,300.1010391115743,300.09968971553997,300.0979903753233,300.0959665186438,300.09364792216684,300.0910678906064,300.0882625850726,300.08527011336923,300.0821295654753,300.0788805383767,300.07556187606724,300.0722110761972,300.068863943085,300.0655534154619,300.062309704928,300.059159466495,300.05612574597046,300.0532279034274,300.0504811986507,300.0478975987923,300.0454848958892,300.04324809868734,300.041188910946,300.03930582648286,300.037595580261,300.03605238980464,300.03466895135045,300.0334366655657,300.0323461816696,300.0313868237445,300.0305483603443,300.0298200011539,300.02919096914894,300.0286510993013,300.0281904831219,300.027799815343,300.0274703770957,300.0271942250566,300.02696409470553,300.0267733980594,300.0266162979431,300.02648762686556,300.0263828122002,300.02629794216165,300.02622960255735,300.02617488182176,300.0261313072516
0.00010376369923749304,306.76266444950903,306.7452375485042,306.6931903742245,306.60733836365756,306.4889987884649,306.33997081853784,306.16248502749386,305.9591533989295,305.73289740386326,305.4868891345517,305.224471274828,304.94907204776325,304.6641639350762,304.37315382982035,304.0793309337747,303.7858354558241,303.4955548413232,303.21113640604324,302.93491611950816,302.6689145689088,302.41482945512445,302.17399866513944,301.94747124295503,301.73592972950166,301.5398130986107,301.3592708207527,301.1941712953721,301.04423049581067,300.9089427896675,300.7876659837403,300.67964163472493,300.58404725574024,300.49994486718583,300.426439516281,300.3625853284594,300.30743647410003,300.2601032690053,300.21971747272295,300.18546420606293,300.15657790169666,300.13236362022246,300.1121848722646,300.0954628719349,300.0816866761752,300.0704044527552,300.0612119752915,300.053768266567,300.0477744341997,300.0429745530715,300.03915277016324
0.00010876369923749304,309.82547358709434,309.80016065892164,309.72457902415834,309.5999015317027,309.42803974646944,309.2116023011672,308.9538249218902,308.658493803233,308.3298492199448,307.9724895970924,307.59126294488107,307.19115124224834,306.7771815386415,306.3543030185483,305.9272962187365,305.5007093097861,305.078746773935,304.6652446347829,304.26360227512265,303.87675859204785,303.50717546429837,303.1568193438028,302.82719830600587,302.51933818663287,302.2338606142396,301.9709835063879,301.7305523594315,301.51213453257657,301.31501230456365,301.1382600879561,300.9807826547215,300.84137356860697,300.718707822095,300.61145475515315,300.5182487233216,300.4377309597813,300.36859751547587,300.3095905896153,300.2595235280531,300.2172900598706,300.1818726344008,300.15234466613833,300.12786675891164,300.1076923013269,300.0911611362149,300.0776887095664,300.0667738598512,300.0579805339927,300.05093569312317,300.0453235517806
0.00011376369923749304,312.10772118106667,312.07656365404716,311.98354052860924,311.83008839463355,311.61855650426514,311.35215023665046,311.03484661971515,310.6712985563601,310.2667185850437,309.8267588856627,309.3573789559373,308.86470668863353,308.3549208768023,307.83410990095274,307.30815719866,306.78265511175414,306.26278238457553,305.75326010946935,305.2582764516852,304.78145359980016,304.32582608841074,303.8938257259466,303.4873116367866,303.1075620670487,302.7553452755212,302.4309371101011,302.13416356231244,301.864493654386,301.62105477380373,301.40271475345776,301.20813220452374,301.0358223625823,300.88416775139774,300.75152480251074,300.6362160854429,300.53657394901575,300.4509902777503,300.3779169550318,300.3158919072803,300.26355293037847,300.2196439647836,300.18302160452515,300.15265078835654,300.1276090020133,300.1070801100072,300.09034317665305,300.0767772326613,300.0658429573731,300.0570788120614,300.05009358438605
0.00011876369923749304,313.9991613070459,313.9631865859476,313.85578765655777,313.6786178998069,313.4343850502944,313.1267837664317,312.760399032263,312.3405948244585,311.8733814036169,311.36527604449583,310.82315099977643,310.25407518789626,309.6651745764839,309.0634742337581,308.45576519546114,307.8485002123439,307.24766094683724,306.6586994493298,306.0864556450494,305.5351174086719,305.00819493159355,304.508506464909,304.03820554472475,303.59878159199485,303.19112925673926,302.81557689666755,302.4719375220482,302.1596043577467,301.8775805274635,301.6245668789619,301.399021995537,301.19923475489816,301.0233471198853,300.8694604029743,300.735640833994,300.61996594273006,300.520577429099,300.43568732946005,300.36360597440586,300.3027588819146,300.25169254223295,300.2090835106091,300.1737338352607,300.144574632983,300.12065975200653,300.10115416145817,300.08533682727597,300.0725819435991,300.0623537049119,300.0541975570647
0.00012376369923749304,315.64518822136546,315.6050442515577,315.48520271236714,315.287504066553,315.01496453825825,314.67170005625417,314.2628191829542,313.7942985121223,313.27283570624496,312.70569376967035,312.10053205887,311.4652311710368,310.80773481875826,310.13587694322985,309.4572328947002,308.7789998059945,308.1078543093277,307.44988211898533,306.81048874888086,306.1943538348529,305.60540211281176,305.04678918052866,304.5209272190107,304.0294917203131,303.5734909519407,303.1533026547127,302.7687319174535,302.41911031596436,302.1033365609898,301.81996986147954,301.56729819926795,301.34341687170047,301.1462607909758,300.97371220559603,300.8236161846076,300.6938298638334,300.5822786241262,300.48696655302,300.4060064494464,300.3376391620151,300.2802393990286,300.23232675967955,300.1925610180102,300.15974536455275,300.13281984148045,300.110849309592,300.0930249314969,300.0786448591563,300.06710787980717,300.05790358885577
0.00012876369923749305,317.11858122497796,317.0747255677054,316.94380651948427,316.727830519967,316.43008696106585,316.05506488470087,315.6083366845153,315.096421861535,314.5266273925827,313.9068775061589,313.24552973538965,312.55118488838025,311.8325128074752,311.09806595525134,310.35611684949475,309.61452498904885,308.8805857742914,308.16094985282666,307.4615275815791,306.78743828124027,306.1429781702654,305.53160580789717,304.95596686884824,304.41790557039786,303.9185349036204,303.45828000964644,303.03694203492904,302.6538010174506,302.3076655562038,301.9969713544164,301.71985677766907,301.4742467848181,301.25789321503004,301.0684846645852,300.9036699978272,300.76111040271417,300.6385388260508,300.5337739592325,300.44475227068733,300.36954944351453,300.306386441222,300.25364214148874,300.20984854949154,300.1736938581534,300.1440156575427,300.1197885120968,300.10012433540476,300.08425252437956,300.07151263549,300.0613436225469
0.00013376369923749306,318.46187879534347,318.41465747800976,318.273693248664,318.0411424672377,317.7205409589273,317.31671438457727,316.83565368630343,316.28436843201507,315.67071573293185,315.00321700250197,314.29086057165625,313.5428981883786,312.7686564072843,311.97733781111685,311.17784611999747,310.37864111191766,309.587579334197,308.8118243832168,308.05774557127995,307.33086259330634,306.6358106554505,305.9763254305327,305.3552671603945,304.774635880017,304.2356426911952,303.7387587936465,303.2837846300597,302.86995646356786,302.4960037767561,302.1602526385893,301.86070780896705,301.5951415761783,301.3611410137766,301.156220300623,300.97785104873464,300.8235170655893,300.69077693139116,300.5772810174896,300.4808054868845,300.3992756075552,300.3307721946288,300.27354564270945,300.2260111194441,300.18675154022225,300.1545105703554,300.1281798494204,300.10679844494297,300.08953245074133,300.07566680764126,300.06459371135963
0.00013876369923749307,319.7024876287618,319.6521746522492,319.50198268440886,319.2542052243906,318.9126033375253,318.4823103592335,317.96969985868463,317.3822295445691,316.7282597135958,316.0168581669269,315.2575905913605,314.46030474817684,313.63492884567603,312.7912613664462,311.93878495376924,311.08651045211195,310.2428099241631,309.41531874584115,308.6108288736737,307.8352292891042,307.09346850283464,306.3895389269295,305.72650045101005,305.1064988363276,304.53083814434063,304.00003468147463,303.5138908977534,303.0716055204493,302.67183774629285,302.3128151065121,301.9924215351924,301.7082907162429,301.45785956814825,301.2384831156949,301.0474707867675,300.882143767599,300.73990059361506,300.618236857113,300.5147811068316,300.42731987809486,300.3538045810809,300.29236679528776,300.24131348143203,300.1991299377141,300.1644726179152,300.1361560386803,300.1131514468888,300.09456590891233,300.0796333642787,300.0677022857889
0.0001437636992374931,320.8592932810199,320.8061128972802,320.64736221674417,320.38546137228536,320.02437930349754,319.56953330105455,319.0276501189046,318.40660123431803,317.7152116442842,316.96305390269606,316.16022725124606,315.3171304554795,314.4442482516846,313.55193060235547,312.65019625220873,311.7485667957786,310.85589245538216,309.9802466852443,309.1288143785526,308.3078283817699,307.52252952055073,306.7771503287421,306.0749381792248,305.418176383944,304.80825780960186,304.2457431682558,303.7304392355626,303.2615123788292,302.83755882488805,302.45671673141646,302.11675974251216,301.81519451132203,301.54931984027235,301.3163441260334,301.11342699336996,300.93773913090905,300.7865307693899,300.6571538232087,300.54709962068927,300.45402553085,300.37576234060975,300.31033071390164,300.25593645201604,300.21097348171224,300.1740165130847,300.14380766314633,300.1192544397787,300.09940835126156,300.08345526438563,300.0707023835464
0.0001487636992374931,321.9459673686716,321.890107730624,321.7233596702644,321.4482611095427,321.0689742754538,320.59118049248804,320.02193496772975,319.3694940677716,318.6431151577747,317.8528405687775,317.00926630280463,316.1233043253814,315.2059579931002,314.2680914446263,313.32022357002717,312.3723528561263,311.4337763309708,310.512977242141,309.6175084964787,308.7539254864132,307.9277437594641,307.14342206413653,306.4043850802233,305.7130468658027,305.0708856501964,304.4785060178867,303.93572108474007,303.4416692530706,302.99488998310864,302.5934398096639,302.2349909850767,301.91693289177863,301.63643637835344,301.39057375458754,301.17636527023564,300.9908413246531,300.8311137135627,300.6944000058045,300.5780630397798,300.4796390517769,300.3968455695091,300.3275989627514,300.2700097768609,300.2223857921626,300.18322454474344,300.1511996970018,300.1251584200845,300.10409955303123,300.0871633249177,300.07361770877327
0.00015376369923749311,322.9727879363612,322.9144099944906,322.74014473584685,322.45264028517744,322.0562396666114,321.5568711834595,320.9618973207177,320.27993460308767,319.52064507720047,318.69451090203063,317.8125933331363,316.88628516764373,315.92707592150106,314.9463119722416,313.954981575186,312.9635311211121,311.98167761054737,311.0182898785274,310.08126752290445,309.1774702479299,308.3126732820223,307.4915497124976,306.71769283927466,305.99364168164306,305.3209569159365,304.700286581434,304.13145190665773,303.61356712742753,303.14512029213006,302.7240929896965,302.3480637378393,302.01431303733807,301.71989252368365,301.46174746541544,301.2367676915288,301.04185207538154,300.873982439631,300.73025000829324,300.6078966094876,300.50434422761333,300.41720343110495,300.34429195766165,300.28363014181235,300.2334440775349,300.192158023928,300.1583805508233,300.1309013869752,300.10866915708056,300.09078051876514,300.0764659390992
0.00015876369923749313,323.94771606404987,323.8869596491472,323.7055943689092,323.4063719464308,322.99380534293925,322.47405501450953,321.8547723150653,321.14491242343064,320.3545179943679,319.4944849743382,318.57631247726823,317.61184598930123,316.61303295929395,315.59167423611274,314.55920068077853,313.5264813822352,312.50362998874766,311.49987988192,310.52345881955966,309.5815149738547,308.6800701888563,307.82400158376856,307.01706354146313,306.2619150392265,305.56019668639266,304.91259964059725,304.3189548175982,303.7783556154953,303.28924335905185,302.84953052807276,302.45670859361576,302.10795649569457,301.8002142886863,301.5303080837033,301.2950050971792,301.0910803165715,300.9153929615417,300.7649148791388,300.636773397567,300.52828223705797,300.43695048356085,300.36050216290255,300.29687178034646,300.24420761300826,300.20086402098616,300.1653873937945,300.136512520889,300.1131399333362,300.0943244997621,300.07926066705545
0.00016376369923749314,324.8770693655462,324.8140575094967,324.6259592694338,324.3156241467782,323.8877254787498,323.34864282382966,322.7063002001197,321.9699725087467,321.15006181863885,320.2578549374147,319.30526471761334,318.30456455738954,317.26813498464605,316.20820687151286,315.13663012482095,314.06467433611067,313.0028292665621,311.96067431947955,310.9467490992633,309.96847629970813,309.03211288221814,308.1427309327655,307.3042392889278,306.51941249701224,305.78996889864953,305.1166424911867,304.4992752872191,303.93694279679346,303.428043772999,302.97042674965405,302.56150206377185,302.1983535626415,301.87781646567265,301.5966046853529,301.35136972071757,301.1387694190776,300.95554689931623,300.798560778539,300.664829625826,300.55156417604485,300.4561768570268,300.3763023151239,300.3097930824189,300.25472302145,300.20937956100124,300.1722494670251,300.14201478400884,300.11752980647475,300.0978091727505,300.08201260657654
0.00016876369923749315,325.7659627703904,325.7008048727115,325.5063000661361,325.1853904494926,324.74290123088235,324.1854194640959,323.521127418509,322.75960287710234,321.91158846979073,320.9887414702058,320.0033670117249,318.96814436217005,317.8958650149506,316.79916811346015,315.69030164841934,314.58091596242843,313.4818586582976,312.40303867680245,311.3532929531277,310.3403062933453,309.3705605459816,308.44931470165227,307.58062615756364,306.7673811326613,306.0113737494438,305.313380607777,304.67325608683643,304.0900604460864,303.5621535788034,303.0873246850454,302.66290824751553,302.28589879400147,301.9530327331744,301.66091798607755,301.4060964873637,301.1851149634076,300.9946062306482,300.8313211577001,300.6921746718508,300.5742792273038,300.4749548904754,300.3917507854567,300.3224409026731,300.26502771529204,300.2177343575561,300.1789902419981,300.1474266138691,300.121853176083,300.1012457154363,300.08473037790895
0.00017376369923749317,326.6186079144006,326.55140212401994,326.3507835811204,326.0197823303499,325.5633678186962,324.98832418115705,324.30307900675234,323.51749784904064,322.6426469809076,321.69053583911585,320.673842580225,319.6056325590929,318.49908838540654,317.36723794879924,316.22270850725835,315.0775134209432,313.9428417307919,312.82891711410076,311.74486080289034,310.69860857239587,309.6968579716994,308.74504765797855,307.8473782944839,307.0068442783127,306.2253137630499,305.5036057436811,304.8415881154903,304.23830826338246,303.6920905654815,303.2006690421298,302.7613070761081,302.37091507316757,302.02613605720467,301.72347754373686,301.45937744251455,301.23027677791373,301.03270328156196,300.86330500613457,300.7188978407278,300.5965001907262,300.4933436237605,300.40689520817426,300.3348534753944,300.2751522248939,300.2259526617188,300.1856288801357,300.15276306833516,300.1261218089469,300.1046432688679,300.0874210378163
0.00017876369923749318,327.4385229175097,327.3693579641311,327.16289041531473,326.8222340545362,326.3524956680241,325.7606470582642,325.0553494444704,324.24674248976044,323.34620081483683,322.36606947111807,321.3193822253191,320.2195726309022,319.0801964625871,317.914652697322,316.73593084090425,315.55639122793855,314.38754949759675,313.23993067140316,312.1229284836524,311.0447195939447,310.0122089368586,309.03100828501704,308.10545677478507,307.2386538196874,306.43254002008825,305.68797658001586,305.00484595585226,304.38218481189165,303.8182850450252,303.31082926339076,302.8570140618484,302.4536704375271,302.0973529525854,301.7844737818806,301.5113718351531,301.27438735056637,301.06994770647526,300.8946026128838,300.7450730948011,300.6182873455093,300.51139193417623,300.4217750139951,300.34706244922097,300.28512182353114,300.23405455225134,300.19218125109217,300.15803662426936,300.13034546133474,300.1080094188746,300.0900904491832
0.0001837636992374932,328.22868330982527,328.1576399389065,327.94556429563056,327.5956500732833,327.1131351196039,326.5051703401576,325.78063994950185,324.94994529068083,324.02475541489656,323.01773592911684,321.9422603629777,320.81211418767424,319.64121000239686,318.4433017956832,317.2317258259918,316.0191747928533,314.81747741913307,313.63744787190234,312.48874164276197,311.3797670865513,310.3176289451963,309.3081061355973,308.3556718962934,307.4635277745726,306.63368537076474,305.8670479269457,305.16351341377407,304.5221097379529,303.9410990828928,303.41811608191745,302.9502944768068,302.53439015743345,302.16687371922,301.8440666186929,301.5622133534595,301.3175578642239,301.10643149556296,300.9252896989367,300.770762445767,300.63969121961776,300.5291407852931,300.4364232461332,300.3590943455526,300.29495769195427,300.2420568601064,300.19866066229525,300.1632577496346,300.13453232468135,300.1113505408198,300.09274354563934
0.0001887636992374932,328.9916331164456,328.9187852321295,328.70132199651,328.3425135083981,327.84772293315393,327.22427244386984,326.48125952060843,325.629335813505,324.6804520693566,323.6475806696036,322.5444204030316,321.3850937567558,320.18385519552976,318.95479900150247,317.71159399757124,316.46725186768174,315.2339020395103,314.02263664942734,312.84336309996166,311.7047130183992,310.61398400581373,309.57711664724235,308.5987142720675,307.68207791533723,306.8292888460386,306.04129218373737,305.3180022852257,304.65844009676044,304.06084062562167,303.5227936827449,303.04137376664244,302.6132656067126,302.2348599584074,301.90239180225916,301.612015436422,301.3598826264972,301.1422326496534,300.9554304495992,300.79601844345825,300.6607546214638,300.5466248764792,300.45086789218846,300.3709716279981,300.3046777722378,300.2499738461719,300.20507839369674,300.1684353227847,300.13868935218306,300.1146720522016,300.0953845254253
0.00019376369923749322,329.72956825390605,329.65498384247826,329.432335862164,329.0649675946049,328.5583622414683,327.92000603924083,327.15920078764333,326.28683798660455,325.31513836791197,324.2573684134674,323.12753883107047,321.94009541620716,320.7096207367435,319.4505358259479,318.17682901416265,316.90181865290987,315.63792347823096,314.3965033037539,313.1877083732745,312.02038582572766,310.9020197168626,309.8387072503748,308.8351781446046,307.8948304790538,307.01981395804904,306.21111542503536,305.46866642223546,304.7914825871797,304.1777740870869,303.6250888146302,303.13044535210963,302.69046090718007,302.30145020228287,301.95956565484624,301.6608752510268,301.4014423862843,301.1774179311802,300.98507978416797,300.8208860384115,300.68151416018475,300.5638738770515,300.4651328805212,300.3827135023143,300.31429740637157,300.25781770808914,300.21144409760836,300.1735769459331,300.1428225029379,300.1179786014601,300.09801699628537
0.00019876369923749323,330.44440023841685,330.36814212393045,330.14049684630066,329.76487789349216,329.2468836263466,328.59415769220425,327.81619794944044,326.92412609025894,325.9304220155871,324.8486346007737,323.69307414882724,322.47849709898367,321.21980140454485,319.93172233367636,318.62855565459193,317.3239149979002,316.0304978686604,314.7599222368875,313.52257279508177,312.3275050097871,311.1823834602951,310.0934572904084,309.0655791741265,308.1022419672524,307.2056626599981,306.376869670392,305.6158124602241,304.9215028815051,304.2921284201857,303.7251977366593,303.2176765760243,302.76611799303487,302.3667642039961,302.0156886880521,301.708876722506,301.4423068603406,301.21204495962036,301.01428508455353,300.84540400025327,300.70200140322123,300.5809133658726,300.479238838726,300.3943365252719,300.3238298222586,300.2655989659209,300.21776610292613,300.17868918363695,300.1469369276667,300.1212742115921,300.10064408567104
0.00020376369923749325,331.13694270548945,331.0590714104495,330.8266094241721,330.4430375763382,329.91406469617976,329.2474854434205,328.4529857899655,327.5419083308525,326.5269817322556,325.42202599936417,324.2416391715812,323.0008761447494,321.71493801343564,320.39886223019244,319.0672403781895,317.7339703925244,316.41201839151626,315.11325131944477,313.84828022084884,312.62636195381936,311.4553358883561,310.34159858405417,309.29012233841115,308.30449258117136,307.38699245562685,306.538691788773,305.75955865462805,305.0486025652346,304.40399039190714,303.8231941381795,303.30312966907184,302.84028912248357,302.4308456085739,302.07079715379757,301.7560498004519,301.48250066371173,301.24613386256897,301.04306272806303,300.86958559152663,300.72222704295336,300.59775192634237,300.49319262933176,300.40584616331876,300.3332793592584,300.2733210530283,300.224047118684,300.18377416751076,300.1510342991912,300.1245601919385,300.10326681546616
0.00020876369923749326,331.80866546223143,331.7292375174623,331.4921275007078,331.10088091141733,330.5613126702223,329.88136247914144,329.07089701008033,328.1414710926673,327.10605244862654,325.97872170029655,324.774353553468,323.5082899813924,322.1960237875041,320.85288335310815,319.4937452176072,318.13278136631294,316.7832170366909,315.4571595625236,314.165438765838,312.91750640462885,311.7213712718527,310.5835731005059,309.50920068705125,308.50192996125327,307.5641091510573,306.69684932729933,305.90013781086725,305.17298311994745,304.5135334359277,303.9192265088013,303.3869310857508,302.9130814147527,302.49378467662046,302.1249667107152,301.8024575762264,301.5220761380936,301.27972784463475,301.07144819983785,300.893459814867,300.74221466976115,300.61440865663195,300.50700964310636,300.41725476408476,300.34265588065233,300.2809918152048,300.2302933601009,300.1888368014964,300.15511847175856,300.1278395600165,300.1058875389533
0.00021376369923749327,332.4612438557516,332.38031128049795,332.1387084482934,331.7400430724168,331.1902321404484,330.49735490762305,329.6714519291412,328.72428229835947,327.66904386285375,326.52006819302056,325.2924964779472,324.00194729858816,322.6641946479268,321.29484747642596,319.90905728303903,318.5212606620424,317.14493322469525,315.7924147853787,314.4747469622444,313.20157042759314,311.9810584459935,310.81989000685286,309.72326751991744,308.69495549461755,307.73736625269044,306.851651950222,306.03781973258407,305.294878361834,304.62095909982685,304.01346765686753,303.4692282084567,302.98461990568734,302.55568692944564,302.1782859483937,301.84817404123805,301.5610947662404,301.31287773664087,301.09948331466876,300.9170608991794,300.76199216740446,300.6309061637869,300.5207081238736,300.42857698338037,300.35197110773896,300.2886205864536,300.2365122287422,300.1938829308169,300.1591940430679,300.131115918038,300.10850906742456
0.00021876369923749328,333.09595937626756,333.0135707121964,332.7676199047207,332.36177459145244,331.8020500758126,331.0966600498425,330.25581259788487,329.2914636463151,328.21703284331875,327.0470936913184,325.7970443660608,324.48277029101604,323.12031683454427,321.7255638496766,320.31392846469305,318.9001030678816,317.4978054771978,316.1196005981633,314.7767353199031,313.47903363150476,312.2348286354361,311.0509349096827,309.93266577021564,308.88387250260143,307.9070305851139,307.0033331007337,306.1728075513018,305.4144640904781,304.7264187091381,304.10604714228265,303.55013137036764,303.05499805620036,302.6166311203688,302.2308208805585,301.8932542448712,301.599602220947,301.3456212418243,301.12719904356,300.94041416240714,300.78158013538814,300.6472611313118,300.53430152344816,300.43982362084785,300.36123367507196,300.29621424285244,300.2427091797057,300.1989168675918,300.1632644099398,300.134391932919,300.11113348796675
0.0002237636992374933,333.7139267467013,333.6301275011672,333.37996450633494,332.9671631802673,332.3978336300839,331.680319194037,330.82498953584775,329.84399045646035,328.7509556077508,327.560691979073,326.28884583617474,324.951560295353,323.5651429025833,322.14573535215493,320.70901165345236,319.2699117208159,317.8423879163075,316.43922330056705,315.0718639061597,313.7503117794929,312.48305550385726,311.27704179396926,310.1376923202742,309.06894344092314,308.0733328994499,307.15209454632384,306.3052767298248,305.53189206363794,304.8300428082882,304.1970766560733,303.6297356199263,303.12429632129783,302.67668499284355,302.2826282494616,301.93774546962,301.63763770208055,301.37799069692784,301.1546219313903,300.9635412910039,300.80099620904963,300.66348783591195,300.5478013497077,300.45100391430367,300.37045096910225,300.30377866854917,300.24888888407094,300.20394230778925,300.16733248784203,300.1376698978592,300.11376259943603
0.0002287636992374933,334.3161375437261,334.2309705186985,333.9767230534839,333.55717633281347,332.97853196871733,332.249258445976,331.37988141896966,330.3827300264088,329.27164459860575,328.0616576764711,326.76865525470396,325.4090295421191,323.99934161477313,322.5559864870576,321.09488682055,319.631222275723,318.1791725461044,316.75173231577605,315.3605409875818,314.0157737069153,312.726070427086,311.4985067396338,310.3386102556223,309.25040079047307,308.23647750194203,307.2981148467471,306.43538247103305,305.64729644536885,304.93194674334507,304.2866548287415,303.7081248406892,303.19258566136546,302.7359082579191,302.3337580372919,301.98168933821825,301.6752356954262,301.4100145325889,301.1817753031556,300.9864613309572,300.82025586959946,300.6795988060808,300.5612176991798,300.4621259681734,300.3796294709759,300.3113190285237,300.25505544478887,300.20896250115345,300.1714008438745,300.1409518358156,300.1163979924835
0.00023376369923749332,334.90348308952565,334.81698865020417,334.55877716199814,334.13268367990526,333.5449982144754,332.80431015966417,331.92129589734736,330.9084617474013,329.7798478186137,328.55070472768216,327.23715032014144,325.8558177923148,324.4235135988844,322.9568780401117,321.4720746689326,319.9845155519036,318.5086009068043,317.0575308737591,315.6431327718681,314.2757501582518,312.9641704670037,311.715595079054,310.53565525599623,309.4284527340721,308.3966472698738,307.44155376279343,306.56326357277044,305.76079715895804,305.0322335631059,304.37486972727515,303.78537388931477,303.25992936314344,302.7943541371578,302.38425476662275,302.0251229039601,301.71242688206274,301.4417180278083,301.2086798866239,301.0091911989383,300.8393728615291,300.69560516113864,300.57455953094757,300.4731969735874,300.38877493242705,300.31883990837207,300.2612125071505,300.2139803380026,300.17547176456395,300.14423955212686,300.1190410901371
0.00023876369923749334,335.47677006343434,335.38898636557815,335.1269247103731,334.6944722332578,334.098004411542,333.3462275490904,332.4499637875732,331.42189081649167,330.2762420091241,329.0284789992994,327.69494404355305,326.2925036701874,324.8382020112408,323.3489170604491,321.841045925965,320.3302261394741,318.83107200354766,317.3569832773451,315.9199700315634,314.53053979348965,313.19762378948786,311.928546258547,310.72903993458874,309.6032870092731,308.5540070545008,307.5825552461007,306.6890450409374,305.87250215878544,305.1309959839367,304.46180054555737,303.86155004225884,303.32638427134725,302.8520704056843,302.4341583791187,302.06807938706766,301.7492387522145,301.47312381897245,301.23535423220324,301.03174602679394,300.85835947376063,300.71151683945976,300.5878348509145,300.48422335634496,300.3978924939362,300.3263454081315,300.2673633328661,300.2189984073733,300.17954730122005,300.14753466966766,300.12169317486246
0.00024376369923749335,336.03673233896944,335.947695524841,335.6818915517782,335.2432579430753,334.6382528703292,333.87569576520673,332.9665498309502,331.9236586298607,330.7614426377549,329.49556782737375,328.1425938261579,326.7196132487976,325.24390061400567,323.73256441953885,322.2022283799093,320.66874891490306,319.1469483077237,317.6504204007474,316.1913531153426,314.7804137312704,313.4266737614572,312.1375775136697,310.9189571176689,309.7750738195227,308.70870625156545,307.7212496969578,306.8128400622222,305.9825091449283,305.2283178722119,304.54751887935714,303.93671408660055,303.3920017170315,302.9091001781518,302.4835048974501,302.1105887292023,301.78569606734726,301.5042522829071,301.2618150287948,301.0541394206049,300.87722675099474,300.7273427699702,300.60105085021286,300.4952108880069,300.40698677340345,300.33383921265784,300.2735108555989,300.2240190405788,300.1836293038891,300.1508386551409,300.12435540877897
0.00024876369923749336,336.58404043045186,336.4937847996607,336.22434086069893,335.77969492120627,335.16638522048584,334.39334073478165,333.471661277472,332.4143510750553,331.23601186632914,329.95250763313726,328.5806086998245,327.1376268973026,325.64106021630323,324.1082408381572,322.55601248952456,321.00044423452425,319.45656053983004,317.9381440709664,316.45755594045437,315.02561916770185,313.65154221371404,312.3428867956045,311.10558245537584,309.9439681511425,308.8608808467157,307.85775576049195,306.9347515731469,306.09090692659123,305.32427542285575,304.63208973971274,304.0109211868442,303.45682825512097,302.96548253299824,302.5323269508947,302.1526780336779,301.8218212269283,301.53512184082865,301.2880773543604,301.0763836661491,300.895984661291,300.74309100809575,300.6142140148921,300.5061647739117,300.41606193638154,300.3413246473484,300.27965772491905,300.2290443456709,300.18771944820276,300.15415283985635,300.1270288496257
0.0002537636992374934,337.1193092503909,337.0278674100901,336.7548808080744,336.30438301470565,335.68298984450473,334.8997364178558,333.96585493365046,332.89450533887674,331.7004650920562,330.39979017455266,329.00945527009173,327.546984900689,326.0300939600533,324.4763318317944,322.90275598644763,321.3256421949874,319.76021159251735,318.22043066103004,316.71882926647976,315.2663823432773,313.8724321155812,312.5446551695881,311.2890765611214,310.1101116716328,309.01065509101164,307.9921817977471,307.05487354487474,306.19777653833415,305.4189381240219,304.7155723822636,304.0842215941571,303.52090626776237,303.0212530230343,302.5806542051555,302.19437192538373,301.8576345682375,301.56574920676724,301.3141548806776,301.09848989676806,300.91464223295907,300.75876884679326,300.6273302154863,300.5170897250325,300.4251217534018,300.34880472361505,300.2858063421635,300.2340762355474,300.1918192572693,300.1574784366658,300.1297144637679
0.0002587636992374934,337.64310459547585,337.55050759326656,337.2740709784166,336.81787413789334,336.1886080925854,335.395410875109,334.44964305435826,333.364615598329,332.1552764151985,330.83786777151306,329.42956268310115,327.9480921561108,326.4113817368628,324.8371918426633,323.2427877201777,321.6446461921721,320.05817980725215,318.4975340908068,316.975403428966,315.50291101994515,314.0895298076222,312.74304881675914,311.4695867969667,310.27363431359396,309.1581428987222,308.12462711273446,307.1732920547133,306.3031921708297,305.51236956134846,304.7980209985537,304.15666123746894,303.5842744670938,303.0764441008447,302.6285137204106,302.2356928505646,301.89315461604315,301.5961495944169,301.34006004380484,301.1204682331015,300.9332076684933,300.7743829089491,300.640404781541,300.5279900177584,300.4341696476597,300.3562821767035,300.2919588902545,300.2391164513198,300.19593011986933,300.16081655403605,300.1324131370016
0.0002637636992374934,338.1559486381006,338.06222608027724,337.78242780293584,337.3206776333589,336.6837395442749,335.8808514044467,334.9234983306063,333.82513783808895,332.60088326725463,331.26715772849866,329.8413268293493,328.3413221473041,326.78527392562074,325.1911477358958,323.57641091108314,321.95773593184424,320.35072174588663,318.76968836494166,317.22749065110526,315.7353965755509,314.3030068892206,312.9382207263159,311.6472487825785,310.43465561322233,309.30344902836094,308.25518298904507,307.29008619118196,306.407221956926,305.6046280970837,304.87948529968924,304.2282822224554,303.6469683196018,303.13108547779285,302.67593025343643,302.27666132974207,301.9283982932232,301.62633689160873,301.36580418784763,301.14232790092325,300.95168844064045,300.78993922528014,300.653442564439,300.53886954428424,300.4432087352046,300.36375949756393,300.29811735882566,300.24416658200005,300.2000533057823,300.1641682078996,300.1351256836497
0.0002687636992374934,338.65832462020745,338.5635047774529,338.2804292033994,337.8132648540911,337.1688465055498,336.35650893105475,335.3878581522418,334.2764939674555,333.037690365931,331.68804611367716,330.24511393548556,328.72702034017306,327.15209458548975,325.53850178603653,323.9039059288903,322.265170000878,320.6380745574313,319.0371097398672,317.47528701731983,315.96401579173306,314.5130218296802,313.1303121396263,311.8221876828172,310.5932858522848,309.44667009017445,308.38393357400923,307.40532882586245,306.50992864191505,305.69576744908494,304.9600110138769,304.2991232568364,303.70902040776446,303.1852044299293,302.722926515017,302.3172961731776,301.963381100173,301.6563238089113,301.39139768739267,301.16407733148236,300.97009137419815,300.80544330065686,300.6664479908852,300.549731855506,300.4522418591492,300.37123895997706,300.30428356560395,300.24922808125285,300.2041899788271,300.1675343317363,300.1378528542991
0.00027376369923749343,339.15068089594337,339.0547907982019,338.7685185916797,338.29607310978855,337.64435788178645,336.82280178806957,335.84312827879586,334.7190753655172,333.466073120644,332.1008910127714,330.6412636567012,329.1055071060283,327.5121442045037,325.8795342476591,324.22553268403334,322.56718807999573,320.9204580146334,319.2999985882817,317.7189741711174,316.18893239184285,314.7197213538931,313.31945379210873,311.99451931486647,310.74962703990906,309.5878954121927,308.5109566386271,307.51908727670695,306.6113701594623,305.78583718825905,305.0396403138192,304.369220015669,303.7704607406318,303.2388260606756,302.76952339095317,302.35761466584756,301.9981172688101,301.6861220071783,301.41685005258836,301.18572424761516,300.98842271620737,300.82090017101393,300.67942510879766,300.5605801978219,300.46127161901666,300.37872264382315,300.31045917475126,300.254302281764,300.20834120804534,300.1709157852187,300.1405953424344
0.00027876369923749344,339.6334344357285,339.5364999576864,339.2471083364071,338.76950908731027,338.11067253455565,337.28011899327305,336.28968602087133,335.1532459534779,333.88638058365154,332.5060253486207,331.0300917561803,329.47708025428847,327.86570208077364,326.2145055821843,324.5415326989884,322.86401286020396,321.1980762776551,319.55854101360876,317.9587207850999,316.410298372322,314.92324164176335,313.5057669880578,312.16435110630846,310.9037737620804,309.7272077894793,308.6363242349219,307.6314238817346,306.7116001296623,305.8748831686835,305.118412186223,304.4386054571247,303.83131702227297,303.2919735278458,302.81574013304936,302.39763272727333,302.03261989563276,301.7157422077387,301.44217001991643,301.2072757381265,301.0066881965805,300.83631445250154,300.69237762693984,300.57141754491477,300.4703003960849,300.38621245517635,300.3166457127017,300.2593904076463,300.2125079773565,300.1743133616748,300.1433537901627
0.00028376369923749345,340.10697388029075,340.0090198186583,339.71658278435257,339.23395183173534,338.568162207137,337.7288231047064,336.7278830125889,335.579344871938,334.29893802158745,332.90375933792075,331.41189243961145,329.8420172389729,328.21302839682835,326.54365839756343,324.8521309123549,323.15585171179833,321.4711194298826,319.8129102557129,318.19468384076083,316.6282551616664,315.12370937217526,313.6893645360431,312.3317829288085,311.0558139207478,309.8646841359315,308.760103267718,307.74239649797516,306.8106682921412,305.96294790158527,305.19636275303594,304.5073100969796,303.89161488509865,303.3446682409414,302.8615945250724,302.43736505039453,302.06690105732105,301.74519428812226,301.4673656310442,301.2287383224002,301.0248930807609,300.85169038417723,300.70530894934336,300.58224662535434,300.4793303753969,300.3937101437545,300.3228445819155,300.2644935852128,300.2166911939426,300.17772779456794,300.1461287931852
0.00028876369923749347,340.57166221550546,340.47271235911103,340.1773009066326,339.68975535720773,339.01717408665036,338.1692527215058,337.15804763949666,335.9976888253596,334.7040491672102,333.2943826423258,331.7869403991279,330.2005770904188,328.5543660354944,326.86721914613355,325.15753725787,323.4428981450084,321.7397648218647,320.0632679208633,318.4270097481434,316.84293463425047,315.3212426361113,313.8703515669638,312.4969078271204,311.2058293800402,310.0003960540868,308.8823559944249,307.852058937533,306.9086208845259,306.0500708821026,305.2735255520893,304.5753622483902,303.95137809365144,303.39693003345644,302.90710302767707,302.4768252228298,302.1009719116687,301.7744873656327,301.49244430166124,301.25011800679994,301.0430422156912,300.8670318652696,300.7182222053532,300.59306994669055,300.48836356497213,300.4012173181512,300.3290570728832,300.26961285237996,300.22089169556483,300.1811597631517,300.14892090513445
0.0002937636992374935,341.0278391254652,340.92791631901673,340.6295986265559,340.13725094363724,339.45803305785194,338.6017246837106,337.58048717414925,336.40857414415484,335.1019981998371,333.6781662602551,332.15549261075387,330.55300211391227,328.88994217654175,327.1853996173586,325.45794805253763,323.72533309394294,322.00417825254647,320.3097650626721,318.65583532972676,317.05446000110743,315.515951738849,314.0488262526371,312.65981265937035,311.35389653376274,310.13441033544996,309.0031404638225,307.9604613503762,307.0055009746327,306.1362888760521,305.3499317833622,304.6427882322706,304.01062872338946,303.44877731402283,302.9522809055208,302.5160258332264,302.134842786098,301.80362987063387,301.5174128818412,301.2714203341239,301.06114007011814,300.8823424878526,300.73112027597244,300.6038898165782,300.4974018126518,300.40873545919055,300.3352843746514,300.27474916691153,300.2251102569798,300.18460989742795,300.1517306413771
0.0002987636992374935,341.47582307083,341.37494927307716,341.0737908756678,340.5767491651992,339.89104369369056,339.0265360150775,337.9954896621235,336.8122786057172,335.49305149417836,334.0553641973621,332.51778992144955,330.8995193893797,329.2199697062198,327.49839825552823,325.75354722186967,324.0033260497585,322.26451501168077,320.5525431358932,318.88128868848816,317.26294659575024,315.7079399075489,314.2248804395577,312.8205786616826,311.50008680576866,310.2667894015826,309.1225109028421,308.06765056171565,307.1013487532093,306.2216361726111,305.4256105259454,304.70961256261916,304.0693873181651,303.50022719953097,302.99714233921026,302.5549785649116,302.16852325559887,301.832629611077,301.5422777091854,301.29265042714536,301.0791907700776,300.8976255656103,300.7440058170553,300.61470836137534,300.5064468209291,300.41626593168536,300.3415275840899,300.27990341367797,300.22934759558774,300.18807878251187,300.15455848236167
0.0003037636992374935,341.9159131313503,341.8141094682742,341.51017341647196,341.00854168860633,340.3164920199006,339.4439656452972,338.40332559382273,337.20906304855174,335.8774591703905,334.4262149470452,332.8740584555914,331.24034210035404,329.54464846623625,327.80640132725597,326.04450738536576,324.27703606447403,322.5209208031476,320.7917348411592,319.10348997661686,317.46850256997595,315.89730391770877,314.39860020991773,312.9792819479329,311.64446709278263,310.39759169441004,309.24051805877247,308.17367037046074,307.19620179286954,306.3061448077899,305.50058892990364,304.77585811038284,304.1276730294501,303.55129563280866,303.0417005242523,302.59369427866625,302.2020222116123,301.8614938295267,301.5670446557884,301.3138130270897,301.09719813025185,300.91288415925777,300.7568812798035,300.62552754257945,300.51550016005643,300.4238099948293,300.34778771408253,300.28507641107177,300.23360437642543,300.19156696248973,300.1574048765769
0.0003087636992374935,342.34839064495225,342.245677458529,341.93902446387995,341.4329028727813,340.73464708467634,339.85427594192527,338.80424939151044,337.5991728079408,336.2554564726802,334.7909428071245,333.2245108657286,331.57567071571594,329.8641663642815,328.109583959469,326.3309908214936,324.5466126432591,322.7735325656055,321.0274648757073,319.3225520785994,317.6712295120841,316.0841346496958,314.5700663799435,313.135993953608,311.78710015764506,310.5268720227805,309.3572095030678,308.27856181415154,307.2900952779136,306.38984476275203,305.5748923865209,304.84154624884366,304.1855037398483,303.6019974870088,303.0859677588219,302.63218308613784,302.23534792311955,301.8902292537326,301.5917191698857,301.3349125277546,301.1151656817772,300.92812109908283,300.76974892894293,300.63634917140405,300.5245632796698,300.4313688114145,300.35406570079283,300.29026891669906,300.23788121659464,300.1950749438416,300.1602702431766
0.00031376369923749353,342.77352067054693,342.6699175635535,342.3606061322597,341.8500911964449,341.14576235945594,340.2577140774427,339.1985007362532,337.98283899699607,336.62726499937406,335.1497590545862,333.5693474484397,331.9056940439008,330.1787003646268,328.4081110652239,326.6131503283043,324.8121965401445,323.0224792042416,321.25985060270017,319.53858122016334,317.87122299793134,316.2685175847538,314.7393549439778,313.2907818312872,311.9280449796466,310.6546818711687,309.4726299019331,308.3823634048876,307.3830622089613,306.47276414037685,305.6485446798499,304.9066969830228,304.2428961730195,303.65234665850306,303.1299555218599,302.6704544151605,302.2685080909936,301.91884214162206,301.616306312906,301.35595300586556,301.13309669698265,300.9433390050025,300.7826108588958,300.64717492174884,300.53363751913287,300.43894345603337,300.36036241012914,300.29548163244425,300.24217868920437,300.19860319848686,300.1631549743157
0.00031876369923749355,343.19155329746286,343.08707917473765,342.7751657307439,342.26035053598355,341.55007699276524,340.65451325287415,339.58630575558703,338.3602796531956,336.9930938037726,335.5028629968601,333.90875714284704,332.230590176178,330.48841737441694,328.70213817196674,326.89112999329194,325.07392046974627,323.26788224521664,321.4890026497744,319.7516775127675,318.0685730835958,316.4505332483958,314.9065374714046,313.4437088040805,312.0673570675778,310.78106967548587,309.58682125804444,308.4851113400592,307.4751335857063,306.55492932292384,305.72156812202417,304.97132906520835,304.29986599180444,303.70235614979697,303.173674542775,302.7085170680491,302.3015098965026,301.94733832144885,301.6408107925348,301.37693824816336,301.1509942114667,300.95854030446037,300.7954690082139,300.6580063417755,300.54272411677016,300.4465349224016,300.36667864351733,300.30071520899264,300.24649732689016,300.2021521665048,300.16605943723505
0.00032376369923749356,343.6027248209213,343.4973979274368,343.18293692600776,342.66391131255097,341.94781693572776,341.044893796134,339.96787808955037,338.7317007674561,337.3531403821646,335.8504429152865,334.2429184266699,332.55052733307565,330.7934750388971,328.9918121646244,327.1650658840233,325.3319097456826,323.5098564226389,321.71502544581665,319.96193544184257,318.26336474709353,316.63025760789435,315.0716814624338,313.59483448239143,312.2050887402538,310.90608107019955,309.6998231270953,308.5868396911074,307.5663385705929,306.63636511322034,305.79398367441405,305.0354600983833,304.35642788606356,303.75203814374686,303.21713486382885,302.7463792737701,302.3343600447161,301.9757232277237,301.6652369923032,301.3978717756448,301.16886104385446,300.97372724844536,300.808325172497,300.66884486427,300.5518242181324,300.45414412991335,300.3730151430696,300.3059702498801,300.25083762496627,300.20572225857,300.1689839761305
0.0003287636992374936,344.0072588000942,343.9010967561568,343.58414078888586,343.0609915245564,342.3391959550927,341.4290641505728,340.34341985011383,339.0972972102545,337.70759156295503,336.1926769141028,334.57200012249416,332.86566462593777,331.09402245684487,329.2772719540767,327.43508666935975,325.58628285476857,323.7485102064359,321.9380177036395,320.16944430576945,318.4556782854754,316.8077624295724,315.2348506678626,313.7442151485675,312.34128937856696,311.02975911034116,309.8116728123096,308.6875805730531,307.65670463579903,306.71709486143243,305.86581105639766,305.09910662907066,304.4125956515205,303.8014040701687,303.26034589612203,302.7840487347589,302.36706480345566,302.00400193345394,301.6895889981372,301.4187568653147,301.18669981352656,300.9889019258669,300.8211810159866,300.67969181594304,300.56093888341707,300.46177192952695,300.3793725962255,300.31124731512983,300.25520004425664,300.20931385814043,300.1719289138302
0.0003337636992374936,344.4053670128999,344.29838684675485,343.9789867388289,343.45179767935656,342.7244165473461,341.80722176697043,340.7131224868656,339.4572535672228,338.05662430883973,336.5297336863575,334.89616212510015,333.1761527438675,331.39020082585927,329.5586490800335,327.70131417966616,325.8371519747676,323.9839462782837,322.1580728551109,320.37428861156815,318.64558967272103,316.9831156007791,315.39610537719125,313.8919040133453,312.4760056525311,311.1521444714577,309.9224055396056,308.78736429714144,307.74625769556013,306.79714057917766,305.937068843259,305.16228423088785,304.46838226070736,303.8504646657704,303.3033164699638,302.8215326690374,302.3996300383339,302.03217917914606,301.71387062224153,301.43959656975414,301.2045129565695,301.0040662764883,300.8340380819993,300.6905484258009,300.570069094146,300.46941910906355,300.38575163993,300.31654692452713,300.2595850136443,300.2129273234281,300.1748945533059
0.0003387636992374936,344.79725031969696,344.68946849778206,344.3676733982333,343.8365256360245,343.1036707655561,342.1795539103499,341.0771675699996,339.81174489488785,338.40040644228,336.8617732065509,335.2155560591651,333.4821345748651,331.6821440257858,329.8360682560687,327.96386391322204,326.0846234423723,324.216261961739,322.3752794443669,320.57654843242733,318.8331708830761,317.15638142073914,315.55550267885155,314.0379514474405,312.6092817262912,311.2732756301315,310.03205461571474,308.8862195086126,307.83502222558394,306.87652304249104,306.00777455451197,305.22500757992066,304.5237999269576,303.8992300282052,303.3460548802981,302.8588378481961,302.4320612443514,302.0602593989591,301.7380854246376,301.460393734767,301.22230274016056,301.0192221025927,300.84689780233685,300.7014158326959,300.57921575919215,300.47708639798833,300.3921528644057,300.321869560576,300.2639929323734,300.2165629891789,300.177881179038
0.0003437636992374936,345.183099446368,345.07453190143286,344.75038936702504,344.21536136943706,343.4771409690053,342.5462383914265,341.4357275001398,340.160937405759,338.73909730312255,337.18894735845436,335.53032587537353,333.7837457687567,331.9699791474234,330.1096478634908,328.2228454950535,326.328798177174,324.4455496118776,322.58972148396754,320.77629973149783,319.0184901838433,317.32762086388846,315.7130966957843,314.1824051911712,312.74115944366076,311.39318902733095,310.14065157123986,308.98417331133265,307.92302137106054,306.955261884945,306.0779447337679,305.28729052287224,304.57886016225956,303.9477096649345,303.3885689277637,302.89597063172374,302.46436357445555,302.0882467443418,301.7622367326298,301.48115101533017,301.24007127557104,301.03437107952936,300.85976150579535,300.7122950921556,300.58837972022957,300.48477447173593,300.3985768165651,300.327215671174,300.26842417213294,300.2202211682827,300.18088905825107
0.0003487636992374936,345.5630956958705,345.45375785315514,345.1273139264767,344.58848166454453,343.8450005043107,342.90744423118497,341.7889661532439,340.50498909073315,339.07284834601603,337.5114005054202,335.8406083918886,334.0811152484871,332.25382697269595,330.3795003998385,328.4783630935661,326.5697720666,324.67189696902165,322.8014787781858,320.97361465577194,319.20161240108837,317.49689181881945,315.8689387991687,314.3253105446112,312.87167849640275,311.5119192165454,310.24822629037027,309.0812513807824,308.0102770445689,307.03337568204637,306.14759502111224,305.3491461388142,304.6335738296715,303.9959125374942,303.43086595588954,302.9329369981042,302.49654186540823,302.11614510544365,301.7863276584383,301.5018708900429,301.25782052994606,301.0495147652683,300.87263042587585,300.7231871825717,300.59756175667394,300.4924839556329,300.40502400310504,300.33258567203995,300.2728790789465,300.22390215323605,300.183918442035
0.00035376369923749364,345.93741159614467,345.82731839778717,345.4986176800647,344.95605474852283,344.2074143255867,343.26333226596233,342.1370394677512,340.8440502857309,339.40180368427184,337.8292700095369,336.1465337872204,334.3743656754841,332.53380241165524,330.64573288701735,328.7305157996521,326.807636316144,324.89538748053906,323.0106272170847,321.16856180337265,319.3825991612738,317.6642493055474,316.0230778027328,314.4667105404434,313.00087657717575,311.6294989984024,310.3548071287404,309.17747806670434,308.09681001500905,307.1108820278881,306.2167402188308,305.41058679525526,304.68795119090925,304.04384710167955,303.47295288485856,302.9697425730426,302.52860066126516,302.14395813054887,301.8103611152045,301.52255567424214,301.2755523369994,301.0646546090768,300.88550570778614,300.7340930108214,300.6067625901718,300.50021542846105,300.4114948933206,300.3379799489202,300.27735797489237,300.2276062174715,300.18696956636546
0.00035876369923749365,346.3062114912491,346.19537741907675,345.86446313816435,345.3182408675165,344.5645395602375,343.6140556994651,342.48009598021815,341.17826418859863,339.7261005859626,338.14268670516043,336.44822604975263,334.66361387406863,332.810014900993,330.90844724345595,328.97939797234204,327.04247776865475,325.1161005941789,323.21723904454944,321.3612064671426,319.56150911143783,317.82974567345923,316.17556013976207,314.60664610139725,313.1287895188211,311.7459595432425,310.4604210207307,309.2728764865403,308.182639988544,307.18779760490264,306.2853943512121,305.47162419915105,304.74200194963583,304.0915213440979,303.5148362422163,303.00639265513666,302.56054423472966,302.17168924375073,301.8343398315482,301.54320753193326,301.2932684067418,301.07979195941203,300.8983884148124,300.74501341738386,300.6159828886863,300.5079694257032,300.4179899216669,300.3433988595983,300.28186115966963,300.23133361656926,300.190042653034
0.00036376369923749366,346.669652081732,346.55809117857245,346.22500525252633,345.6751928138374,344.9165260261321,343.95976060733716,342.8182773148944,341.5077673315394,340.04586992731663,338.45177533166157,336.745803388523,334.948971219255,333.08256876814784,331.1677406241014,329.22509955455524,327.2743791959749,325.33411202597586,323.42138310305336,321.55161085705777,319.7383981202074,317.9934307820059,316.32643002465414,314.7451561839206,313.2554514214504,311.8613305029426,310.56509357734075,309.3674686106463,308.26778568240644,307.2641382474577,306.35357071906486,305.5322694434001,304.79573529091465,304.1389428154785,303.5565221908544,303.0428922392686,302.5923766066104,302.1993416610567,301.8582663648325,301.563828486662,301.3109703343478,301.09492807111735,300.91127953412877,300.7559491810062,300.625223270225,300.5157464425043,300.42450949009776,300.3488427357318,300.28638891202905,300.2350845893652,300.19313791049774
0.0003687636992374937,347.02788291950355,346.9156088091387,346.58039190574345,346.02705640875814,345.26351670520904,344.3005863992049,343.1517186320225,341.8326900136949,340.36123660784676,338.7566549296241,337.0393786092874,335.2305439917491,333.35156356458606,331.42370573160304,329.4677063620651,327.50341956581156,325.54949400537464,323.62312505758393,321.7398343036802,319.91331946164905,318.1553521659447,316.4757296006384,314.88227790952755,313.3808947686151,311.9756401131155,310.66884917562527,309.461275340149,308.3522648923233,307.3399189999453,306.42128194950544,305.5925330493009,304.84915991723324,304.1861186610844,303.598016554557,303.0792460379586,302.62410156358226,302.2269184050903,301.8821431132736,301.58442043144015,301.3286596082525,301.11006411199276,300.92417998210385,300.76690102296686,300.634484306247,300.5235469363788,300.4310539702049,300.3543118845303,300.2909414910829,300.23885935896385,300.1962555346574
0.0003737636992374937,347.3810468618366,347.2680727677104,346.9307643602873,346.37397094542047,345.60564817794267,344.63666624252767,343.480549039063,342.15315669793387,340.6723199311099,339.0574392042226,337.32905945940615,335.5084337034933,333.61709437140615,331.6764311016275,329.7073003484175,327.7296742863732,325.76231549990547,323.8225276008644,321.92593344459226,320.0863239837189,318.3155551867182,316.6234990750812,315.01804668509067,313.50515053368,312.0889152866778,310.7717110405639,309.5543165782047,308.4360945542169,307.41515416993076,306.4885400415074,305.6524250053891,304.9022840814504,304.2330556485242,303.63932484136154,303.11545850089124,302.65572267442855,302.2544223185349,301.90597232701515,301.6049851378244,301.34633761755697,301.1252011688075,300.9370906091568,300.777869610978,300.64376652478194,300.53137132969056,300.43762370517743,300.35980659029553,300.2955191375054,300.2426581336685,300.1993957095717
0.0003787636992374937,347.7292804885775,347.61561925135675,347.27625767115046,346.7160695958363,345.9430510225791,344.9681274520653,343.8048919685485,342.46928637542453,340.9792339545362,339.3542368590585,337.61494894467216,335.78273739670277,333.87925208003617,331.92600136489887,329.9439598482134,327.95321543100283,325.9726424214655,324.01965064175056,322.1099623955244,320.25746026286095,318.4740831713651,316.7697768436311,315.1524963131926,313.62824827739246,312.2011816996586,310.8737013201295,309.6466112953284,308.5192908007612,307.4898573768633,306.55535640764003,305.71195480302146,304.9551156169815,304.27976019323023,303.68045226495815,303.15153383280045,302.6872433049167,302.2818560764477,301.9297561182724,301.62552426423304,301.3640056588147,301.14034025280955,300.9500122042089,300.7888555627635,300.6530704132916,300.53922001192814,300.4442190116013,300.36532711583436,300.3001220746361,300.24648110783545,300.2025586081136
0.0003837636992374937,348.0727144861675,347.9583785802461,347.6170010656591,347.0534797855049,346.2758501825964,345.2950918483365,344.1248655258381,342.7811929011533,341.2820878113594,339.6471519033573,337.89714562083776,336.05354791900146,334.13812365047465,332.1724974882514,330.1777598008855,328.17411194477825,326.1805378160201,324.21455147846365,322.29197290768786,320.4267747461241,318.63097754019884,316.91459960430547,315.285659093523,313.75021623751877,312.31246387001954,310.97484115423094,309.7381775893817,308.6018690133083,307.56404159679175,306.62174191237835,305.77113146903235,305.00766196549614,304.3262383818345,303.72140376432156,303.1874760098782,302.71866663144687,302.30922219755763,301.95349647064046,301.64603936357764,301.3816649422589,301.15548230478333,300.9629454987709,300.7998594493463,300.66239642129887,300.54709334179637,300.4508401811131,300.3708737037592,300.3047505094949,300.2503284626613,300.2057443925746
0.00038876369923749373,348.4114740016708,348.2964755506977,347.95311829361475,347.38632353875727,346.6041653054436,345.6176760880516,344.4405828096728,343.0889853031839,341.5809860073383,339.93628393509323,338.17574386227835,336.32095417696235,334.3937923492419,332.41599699672423,330.4087719568542,328.3924298348255,326.3860620383274,324.4072849581279,322.4720145126504,320.5943118820089,318.78627792434185,317.05800246249896,315.41756591619117,313.8710814113215,312.4227852301674,311.07515073812914,309.8290327407422,308.683843869635,307.63771920347494,306.68770690731975,305.8299635957491,305.0599302023732,304.3724959936505,303.7621840217509,303.2232887948509,302.74999565359064,302.33652305464557,301.9771952476463,301.666531890277,301.39931659752784,301.1706281997001,300.97589117070237,300.81088179807136,300.6717449628075,300.55499164914227,300.45748748192455,300.3764465776871,300.3094046337186,300.25420036690804,300.2089532152233
0.00039376369923749374,348.74567896963924,348.6300297611455,348.2847279505677,347.7147177975957,346.92811105527454,345.935991969167,344.752152208099,343.3927680681435,341.8760286946538,340.2217284023194,338.4508341099597,336.5850413700974,334.64633796896635,332.6565741784969,330.6370650677374,328.608232345891,326.5892729131118,324.5979036239153,322.65013465594194,320.76011424111744,318.94002227408686,317.20001902778165,315.54824634772905,313.9908696315627,312.53216819376377,311.1746493808549,309.9191932631178,308.765229387912,307.71090200623394,306.75326126360324,305.88845936862003,305.11192706012855,304.4185385204412,303.8027974794702,303.2589757508519,302.78123320563117,302.36376088409725,302.0008542006206,301.6870032067128,301.4169616789341,301.1857787509998,300.98884984767386,300.82192309539244,300.6811164185324,300.5629152367309,300.4641611602283,300.38204594334553,300.3140846244251,300.25809697757444,300.21218521882065
0.00039876369923749376,349.07544441433726,348.95915591352855,348.6119437767178,348.0387747164902,347.24779740209266,346.25014671292087,345.0596776720545,343.69264140514395,342.1673119251054,340.5035768447339,338.7225031006353,336.8458912071211,334.895837031318,332.8943002742632,330.8627050621011,328.82158012255087,326.7902258839528,324.7864578509596,322.8263788204443,320.92422262756406,319.09224695894426,317.3406815032547,315.6777287104699,314.10960563664196,312.6406342173681,311.27335555910076,310.0086749504144,308.84603896725383,307.78360128485315,306.8184144017993,305.94662659168205,305.16365895000797,304.46437118463774,303.84324835492544,303.29454025420546,302.8123819671949,302.39093779470585,302.0244749759519,301.7074545891798,301.4346011703238,301.2009347145398,301.0018221103611,300.8329837894426,300.6905111379589,300.5708643818858,300.4708614414974,300.3876719895954,300.318790645014,300.2620184405164,300.21544053709823
0.00040376369923749377,349.40088072957457,349.2839640923488,348.9348749336642,348.35860193532346,347.5633298894566,346.56024322495125,345.36325896865117,343.98870149011117,342.4549278844961,340.7819171172856,338.99083407899025,337.10358210610696,335.14236297481267,333.1292436524749,331.08575520807733,329.03253135928276,326.98897415101777,324.9729959720701,323.00079064050715,321.0866761819967,319.2429868601414,317.48002076815396,315.80604015591655,314.2273131354124,312.7482038573943,311.3712869670063,310.09749292002545,308.92628542516405,307.855827821807,306.8831753195017,306.00447271106844,305.215131981916,304.5099989561528,303.8835406549006,303.3299855062229,302.8434444730636,302.41805577579504,302.0480591217803,301.7278872333786,301.4522359895617,301.21609679224133,301.01480849539564,300.84406429241074,300.69992944124647,300.5788393380069,300.47758853168807,300.393324889379,300.32352284590723,300.2659648910228,300.2187192952009
0.0004087636992374938,349.722093938154,349.604560023402,349.25362626099326,348.6743028324472,347.87480988267373,346.866380337373,345.6629919159816,344.28104069227703,342.7389651099003,341.05683359743625,339.2559069942648,337.3581893799882,335.3859863288505,333.36146997172307,331.30627626403395,329.2411419394977,327.185568798646,325.15756439416816,323.17341200762735,321.24751247698924,319.3922754562602,317.61806645431324,315.9332067326437,314.3440148671582,312.854896822806,311.4684605622109,310.18566165286927,309.00598103216277,307.92759193205364,306.94755261683457,306.0620048367365,305.2663519828334,304.55542656791613,303.92367818856115,303.36531454410084,302.87442312223925,302.4451167047246,302.07160809418525,301.74830225949137,301.469866992678,301.2312656354612,301.027809498094,300.85516498274006,300.70937162099176,300.58684033597547,300.4843426183547,300.39900480059856,300.32828136523784,300.2699364543506,300.2220216100993
0.0004137636992374938,350.03918593273363,349.9210453139716,349.5682985144811,348.98597675960235,348.1823347992008,347.168653033495,345.95896860107905,344.5697477844148,343.0195086913219,341.32840737752383,339.51779868273314,337.60978540870065,335.62677487520887,333.5910423314009,331.5243266183568,329.4474655645091,327.3800589136875,325.3402077062712,323.3442831684445,321.406767605485,319.54014490262415,317.75484701703397,316.0592534492241,314.45973265716657,312.9607320239323,311.5648926085081,310.2731950304651,309.08513754384666,307.998903490617,307.0115545200618,306.11922976257506,305.31732451385915,304.60065853024867,303.9636645795206,303.4005302510049,302.9053201863304,302.4721223538346,302.0951232629085,301.7687007168796,301.4874949777066,301.24644184811433,301.0408255749861,300.866286207166,300.7188379438627,300.59486758545916,300.4911238716845,300.4047118669323,300.3330663294891,300.2739332462216,300.2253475909728
0.0004187636992374938,350.3522546997155,350.2335176760962,349.87898858750856,349.29371926027943,348.485998322798,347.4671526566845,346.25127758249357,344.85490813822753,343.29664045910556,341.59671644352125,339.77658303726656,337.8584397991286,335.864793798081,333.8180214116689,331.739962419293,329.6515538733214,327.5724916954019,325.52096877976555,323.5134428157257,321.56447626290037,319.68662610498296,317.8903898008554,316.1842043326154,314.57448746828294,313.06572761774737,311.66059871540364,310.36010636931024,309.1637662306106,308.06977195815125,307.07518890346466,306.1761539850362,305.368054885999,304.64569914417916,304.0035032770184,303.43563536540825,302.9361378173205,302.49907439687775,302.1186059166577,301.7890835884373,301.5051206882423,301.261625989568,301.0538571461601,300.87742828260707,300.7283286521162,300.60292127612325,300.49793244546026,300.4104462185945,300.3378778540901,300.2779553732858,300.22869733956696
0.0004237636992374938,350.66139452760973,350.5420711343552,350.1857897171193,349.5976222729314,348.78589060282366,347.76196710473505,346.54000407880153,345.1366039061589,343.57043915831423,341.86183584135824,340.03233116508534,338.1042195339015,336.1001058236443,334.0424656036397,331.9532376957104,329.8534565540242,327.7629125576472,325.6998888616297,323.680928172942,321.72067182343585,319.83174878798866,318.02472110066583,316.30808248240294,314.68829944879684,313.16990104992,311.75559387484344,310.44640845279423,309.24187790523393,308.14020640466464,307.13846330964276,306.232783720419,305.4185481748109,304.69055251379353,304.04319756628524,303.47063248975263,302.9668780547714,302.5259744149845,302.1420572680247,301.80945179462856,301.5227448167419,301.2768185773291,301.0669045974397,300.88859149792137,300.73784396500866,300.6110015787576,300.5047684779553,300.41620797304245,300.3427160439713,300.2820029335546,300.2320709505277
0.00042876369923749384,350.9666962011785,350.8467962194726,350.48879167601433,349.89777432031246,349.0820984399182,348.05318101095315,346.8252301442282,345.4149141907718,343.840980611175,342.1238378318494,340.2851115346999,338.3471891099804,336.33277135004073,334.2644311306101,332.16420446954095,330.0532214475055,327.9513652240083,325.8770076612077,323.8467750729835,321.8753864110872,319.9755415589059,318.1578662185491,316.4309101212483,314.8011879769724,313.2732690939085,311.8498924953563,310.53211356085865,309.3194829485135,308.2102155315604,307.20138496836915,306.2891249209225,305.4688092340043,304.73522255770195,304.0827505781675,303.5055240984891,302.9975428325114,302.55282390220214,302.1654784580529,301.829806197238,301.5403680075909,301.2920200895407,301.0799682824087,300.89977611554104,300.7473840801089,300.6191086463268,300.5116320927686,300.4219972356368,300.347580994082,300.2860760168038,300.2354685117131
0.00043376369923749385,351.26824718253795,351.1477801489151,350.7880809516446,350.19426068609306,349.3747054592052,348.34087591306763,347.10703483245493,345.6899152027213,344.10833786857836,342.38279203517834,340.53499011293275,338.5874106678815,336.56284856856786,334.48397216108316,332.372912860599,330.2508946441204,328.13789181645643,326.0523634310704,324.01101803150016,322.0286509657992,320.1180319669542,318.289849516728,316.5527086418656,314.91317170250414,313.3758478873506,311.9435084338268,310.61723349759416,309.3965913331105,308.2798076921365,307.26396081412673,306.34518328957085,305.5188427080833,304.77971301969797,304.12216529807216,303.5403125455507,303.0281339848506,302.5796242706425,302.1888705604829,301.85014760285793,301.5579908599555,301.3072309673056,301.0930485242954,300.91098237299417,300.7569491745219,300.6272426149486,300.5185233996041,300.42781410025805,300.35247278987634,300.2901747049522,300.23889010448573
0.00043876369923749386,351.5661317802772,351.4451069955398,351.083740913454,350.48716357978424,349.6637922720254,348.6251304109512,347.38549434957076,345.9616804082543,344.3725813515281,342.6387655657862,340.78203049283604,338.82494411230454,336.7903935767967,334.701140914255,332.5794111844007,330.446520573897,328.32253293806855,326.2259930424502,324.1736903153119,322.1804953051619,320.25924655864515,318.4206944669236,316.67349865080956,315.0242685851548,313.4776529659726,312.0364550250966,310.7017796169468,309.47321264575703,308.34899091067325,307.32619750243134,306.40096429410573,305.5686530441125,304.8240274786772,304.16144457428976,303.575000071306,303.0586532523653,302.60637685527234,302.2122345857035,301.87047676613366,301.5756139304382,301.3224516168501,301.1061456177289,300.9222104843234,300.76653940603035,300.6354036048085,300.52544249499834,300.43365864988283,300.3573915077654,300.2942990724159,300.242335803987
0.0004437636992374939,351.8604313075597,351.7388578452534,351.37585196922254,350.7765622909129,349.949436627126,348.9060203140548,347.6606821970429,346.23028066707855,344.63377898334693,342.89182315844096,341.026294013235,339.05984722485624,337.01546048427184,334.91598775857165,332.7837460435508,330.6401420907984,328.5053277502903,326.39793205569015,324.3348240062888,322.33094818201437,320.39921092943734,318.55042369642456,316.79330000933936,315.1344959308029,313.5786992952196,312.1287451095718,310.78576284668645,309.5493561079597,308.4177729002244,307.38810142504445,306.45647317993,305.6182445026783,304.868169357876,304.20059112574677,303.6095888090344,303.0891022872836,302.6330829183747,302.2355714844326,301.8907943927885,301.5932377355526,301.33768241154144,301.1192598303768,300.93346064141105,300.776154914161,300.64359172101405,300.5323894630026,300.4395309571246,300.3623372155437,300.29844918644056,300.24580567939466
0.0004487636992374939,352.15122423007415,352.0291109445517,351.6644917113724,351.062533333296,350.231713552137,349.1836187793663,347.93266930549464,346.4957843613606,344.89199631337146,343.1420272861832,341.26783987056297,339.2921757694976,337.2381015113779,335.1285613039097,332.98596241320524,330.8318005515173,328.68631404517396,326.5682147861038,324.4944500610611,322.48003733827835,320.53794977200687,318.6790590311282,316.9121318715876,315.2438704251102,313.67900129979125,312.2203910589961,310.8691937107796,309.6250305953192,308.4861610792165,307.4496787241641,306.5117149821808,305.6676211681106,304.91214193348645,304.23960754923297,303.6440807909638,303.1194826585076,302.6597436537093,302.25888215114924,301.9111011424434,301.61086275403306,301.3529236937712,301.1323914044752,300.94473301521634,300.78579582118186,300.6518070543943,300.5393643758198,300.44543108473914,300.3673099727879,300.3026251074136,300.249299794165
0.0004537636992374939,352.4385863046289,352.315941838725,351.94973505401845,351.34515058018565,350.5106954860942,349.4579964406355,348.2015241600091,346.75825751654827,345.14729663280036,343.38943827078333,341.50672522359,339.5219835912827,337.4583670819112,335.3389084878777,333.18610372107776,331.0215358892295,328.8655283129898,326.73687436560715,324.6525983668892,322.627789555324,320.6754869213973,318.8066215357951,317.03001272025256,315.35240816499595,313.77857289124813,312.3114048005362,310.9520823502926,309.7002446555782,308.55416258695146,307.5109353056755,306.56669453700016,305.71678695802416,304.95594834269656,304.2784963261463,303.67847795390463,303.14979585629953,302.68636019039457,302.28216742729705,301.9313976312513,301.628489428991,301.3681757767146,301.1455405582588,300.9560277569335,300.79546223303544,300.6600496822494,300.5463672944039,300.45135908610047,300.3723098312317,300.30682688915846,300.2528182062611
0.0004587636992374939,352.722590709106,352.59942350144917,352.23165436147355,351.6244853909867,350.7864524036935,349.7292215295323,348.46731291760784,347.0177639146433,345.3997410833007,343.63411438628896,341.7430052915918,339.74932270890855,337.67630590984066,335.5470746566932,333.3842119224101,331.209386682699,329.0430058055664,326.90394280045246,324.809297793991,322.7742307011338,320.81184539729486,318.9331315517319,317.1469604000049,315.4601246880917,313.8774274938419,312.40179783931205,311.03443854294045,309.775006525496,308.6217842980996,307.571876851536,306.6214164920672,305.7657456322338,304.999591591201,304.31725982879345,303.7127821445119,303.1800432966593,302.71293359653384,302.30542810427755,301.9516844343574,301.6461181699308,301.3834389459764,301.15870748729907,300.9673449990758,300.8051542402138,300.6683196690533,300.55339826902133,300.4573150056473,300.3773368351194,300.31105457921126,300.25636096836797
0.0004637636992374939,353.00330816442863,352.8796264564116,352.5103195688557,351.9006067301834,351.05905193190523,349.9973599893527,348.7300995174995,347.2743652004981,345.6493887589197,343.8761119561843,341.97673344645835,339.97424340154345,337.89196508069875,335.7531036410501,333.58032757028985,331.39539022108727,329.21878059568746,327.06945102535866,324.9645762445986,322.9193857745113,320.9470474436482,319.0586087321017,317.26299214878446,315.5670350003294,313.97557806870327,312.49158127949164,311.11627172138645,309.8493241466413,308.6890328362599,307.63250883136106,306.67588531645004,305.8145008010907,305.04307456022514,304.3559003262806,303.7469951242052,303.2102263254161,302.7394648826067,302.32866492624856,301.9719620882012,301.66374935463625,301.3987134611305,301.1718923657574,300.9786848564912,300.8148719185788,300.67661706711294,300.56045733977885,300.4632988793036,300.382391021538,300.3153082190816,300.2599281280956
0.00046876369923749394,353.2808070491407,353.1566188915683,352.7857982953867,352.1735812790581,351.3285594595179,350.2624755818273,348.9899457846373,347.5281209816582,345.896296801803,344.11548544464017,342.20796129919484,340.1967942903643,338.1053901280081,335.95703782734887,333.7744898816667,331.5795825647905,329.39288563284265,327.2334289543128,325.11846069899013,323.06327894655976,321.0811145658342,319.18307207504193,317.3781246271477,315.6731536018067,314.07303713651515,312.58076584405916,311.1975909903883,309.9232051801863,308.7559145866603,307.6928365132732,306.73010530982725,305.8630559332861,305.08640001309686,304.3944199900257,303.78111857377246,303.24034622205863,302.76595500464134,302.3518785927438,301.99223109267143,301.6813833309368,301.4139995571638,301.1850953475599,300.990047427316,300.82461533013225,300.68494191718924,300.5675445371206,300.469310734874,300.38747242073066,300.31958784449967,300.2635197281713
0.00047376369923749395,353.5551535071375,353.4304667665739,353.0581559509193,352.4434735407323,351.5950382401314,350.52462998754083,349.2469115270791,347.7790889222251,346.1405204921788,344.352287542292,342.43673878122974,340.4170224151944,338.31662510510864,336.158918224636,333.9667367993837,331.7619986026002,329.56535279560046,327.39590552828844,325.2709772587223,323.20593359963027,321.21406756555194,319.30653995475234,317.492373945813,315.77849451105885,314.16981679878455,312.6693618933581,311.2784051428764,309.99665702077726,308.8224357080618,307.75286497406796,306.78408061112964,305.9114143631613,305.1295706014038,304.4328208989205,303.8151540976803,303.2704042033201,302.79240486718624,302.3750697611266,302.0124919131243,301.6990204183638,301.429297445829,301.19831656750057,301.00143279386964,300.8343845237405,300.6932942490794,300.57465988229586,300.47535059241767,300.3925810563931,300.3238934856486,300.26713580662147
0.00047876369923749397,353.82641154904974,353.7012339138788,353.32745583618555,352.7103459390136,351.8585494890761,350.7838829004264,349.5010546275999,348.0273248311754,346.38211333302104,344.5865692469429,342.66311422090865,340.63497330659754,338.5257126527217,336.3587845275658,334.1571050505173,331.94267210545524,329.7362129408551,327.55690876010897,325.4221511872706,323.34737236393,321.3459265736136,319.429030150704,317.6057556915346,315.8830712878539,314.26592875781546,312.7573794424983,311.35872267504544,310.0696868095491,308.88860214392685,307.8125991087506,306.8378152066435,305.9595792975616,305.17258887076446,304.47110504417026,303.8491032281161,303.30040142653985,302.8188153260961,302.39823904889,302.0327449822777,301.7166609097027,301.4446073169151,301.21155614227575,301.01284102349615,300.84417953581504,300.7016740821668,300.5818033878,300.48141846460027,300.397716945953,300.3282251673858,300.27077639694386
0.000483763699237494,354.09464314773095,353.96898213395,353.5937592372153,352.97425891149413,352.11915247469335,351.04029211676055,349.7524311299693,348.2728827455324,346.6211271297765,344.81837993955605,342.8871344155186,340.85069105375544,338.7326940625574,336.5566751756681,334.3456302012913,332.12163577703143,329.90549595016944,327.7164657766598,325.5720069482625,323.48761715195684,321.4767110807851,319.5505598751057,317.7182849514294,315.9868970546191,314.36138433547995,312.844828177712,311.43855180052975,310.14230144634905,308.9544196329057,307.8720436394872,306.89131293761477,306.00755382226737,305.21545726624265,304.5092743338327,303.88296742877696,303.33033899281605,302.84518719114396,302.421387035815,302.05299070198737,301.73430507245223,301.45992933944024,301.22481417145804,301.0242721693551,300.85400039095384,300.71008142593877,300.5889750577908,300.48751435702707,300.4028801008353,300.33258290945133,300.27444152827144
0.000488763699237494,354.3599083282682,354.23377128502693,353.85712551433744,353.23527099730575,352.3769046043753,351.29391361904544,350.00109532027113,348.51581500875704,346.8576120655044,345.0477674558723,343.1088446991617,341.0642183684291,338.9376093372484,336.752627409189,334.5323467088075,332.2989213013961,330.0732307734226,327.8746028586419,325.7205682414794,323.62668919091897,321.60643996681506,319.67114579875283,317.82997633586587,316.08998451659863,314.4561944908729,312.9317174717327,311.51790046373077,310.2145076012249,309.01989371868933,307.93120312401464,306.9445775073934,306.0553409080338,305.25817813743174,304.54733059707985,303.91674809842857,303.3602179499655,302.87152122847516,302.4445142659972,302.0732294449156,301.7519531501938,301.4752636627732,301.2380907384114,301.0357262711669,300.86384710254583,300.7185162804745,300.59617488848147,300.4936382685576,300.4080705267123,300.3369667266665,300.2781312255275
0.000493763699237494,354.6222652528962,354.49565936779703,354.1176121861405,353.4934389199044,352.6318615057292,351.54480165513814,350.24709980361206,348.7561723446895,347.09161677174933,345.27477815395616,343.3282890067667,341.2755966452769,339.1404972468643,336.9466773217425,334.7172879698196,332.47455938793064,330.23944546995386,328.0313454780383,325.8678580367805,323.76460905327946,321.73513152778247,319.7908040753749,317.94084400002,316.1923459808319,314.55036983692946,313.01805639826915,311.59677635235545,310.2863117252316,309.08502975927615,307.99008196354674,306.9976124881468,306.10294341626684,305.3007537432311,304.58527558820117,303.9504465742475,303.39003929530304,302.89781816291116,302.4676212497504,302.09346155610007,301.76960536388026,301.4906104176891,301.251385911153,301.04720335591446,300.8737196733405,300.7269786369066,300.60340286851243,300.49979019160423,300.41328822374186,300.34137662912224,300.2818455095735
0.000498763699237494,354.8817703011662,354.754702605338,354.37527500874114,353.748817665227,352.8840771032048,351.7930088129521,350.4904955765354,348.99400392734924,347.3231883954409,345.4994569779532,343.54550993450636,341.48486601878284,339.3413953822469,337.138859909994,334.9004863667525,332.64857981371426,330.4041672473731,328.1867183334527,326.01389860609817,323.9013966855588,321.86280350187826,319.9095503645841,318.05090166418785,316.29399337403476,314.6439206560805,313.10385374563623,311.675186909223,310.357720060604,309.14983293569264,308.0486844102143,307.05042132717637,306.15036410436085,305.34318625633887,304.6231109903692,303.9840641349639,303.4198039782563,302.9240786801166,302.4907084653977,302.1136873544289,301.78726191304764,301.50596971736206,301.26469974316535,301.0587034385053,300.88361809598587,300.7354684778566,300.6106589793026,300.50597011241393,300.4185331867928,300.3458126223578,300.28558439734985
0.000503763699237494,355.13847814569203,355.01095551865063,354.63016805067883,354.0014605555342,353.13360369048854,352.0385860910333,350.7313320954348,349.22935744687777,347.5523726620935,345.72184751831725,343.7605487968667,341.69206541702437,339.54034020538074,337.3292091205789,335.08197331115656,332.82101146353983,330.56742249820184,328.34074538346715,326.15871155363374,324.037071435514,321.98947309373125,320.0273998535245,318.16016263294597,316.39493825946136,314.7368569150108,313.18911802960304,311.75313934338953,310.42873865034005,309.2143082602073,308.1070145740693,307.10300735286336,306.1976056307231,305.3854777674782,304.66083841917975,304.0176020038173,303.44951290282427,302.95030342863794,302.51377636095594,302.133907134029,301.8049229769569,301.52134165830176,301.27803227416155,301.070226522396,300.89354235353704,300.74398577784734,300.61794319538296,300.51217801133674,300.42380540565927,300.350274707531,300.28934790201004
0.000508763699237494,355.39244182376984,355.2644709980759,354.8823437637293,354.25141931922985,353.3804919989543,352.28158296528727,350.9696573412343,349.4622791718779,347.77921393555073,345.9419920687433,343.97344568059117,341.89723261249515,339.7373670970004,337.5177578944458,335.2617792847725,332.99188236772545,330.7292368344899,328.49344987815397,326.3023178443787,324.1716520778067,322.1151569973764,320.14436727730924,318.26863981323316,316.4951918528151,314.82918827858185,313.27385750551,311.8306406406389,310.4993733472354,309.278460584071,308.1650764296856,307.1553737802699,306.2446705595054,305.42763028937793,304.69845942598806,304.0510613513404,303.47916692989173,302.9764930218222,302.53682535572227,302.1541211655747,301.82258871566955,301.5367263212355,301.29138353080805,301.081772600182,300.9034924199361,300.75253050369264,300.6252554847117,300.51841386307984,300.42910486526455,300.3547628815806,300.2931360330484
0.0005137636992374941,355.6437128051461,355.51530037087116,355.13185304990895,354.49874415692256,353.6247912624272,352.52204745211264,351.20551788058367,349.69281400839543,348.00375527450933,346.15993168002706,344.18423949571024,342.100404270177,339.93251040161937,337.70453820879044,335.43993387836224,333.1612197378662,330.88963512054306,328.64485438886317,326.44473783107225,324.30515683825877,322.23987141795715,320.26046693832745,318.3763457314311,316.5947650372741,314.92092412297745,313.35808017970743,311.9076975733817,310.5696298224064,309.3422946048187,308.2228738223828,307.2075237164196,306.2915613650639,305.4696457605225,304.7359755010491,304.08444329798084,303.50876687941076,303.0026480396254,302.55985584176904,302.1743296975198,301.84025927106177,301.55212377194124,301.3047535274063,301.0933416541551,300.9134682604669,300.76110261486747,300.632595808974,300.5246776369492,300.4344315458548,300.3592771373808,300.29694879642256
0.0005187636992374941,355.8923410561837,355.76349346519464,355.3787453249181,354.7434838039762,353.86654927850503,352.7600261681773,351.43895892379703,349.9210055557577,348.2260384860287,346.37570621105135,344.39296802384683,342.30161599304313,340.1258034701478,337.8895811167445,335.6164658284569,333.329050000664,331.0486415038881,328.79498083640294,326.58599127969933,324.4376034167931,322.36363209224595,320.3757127244968,318.48329254950727,316.6936683776898,315.012073548123,313.441793820359,311.98431671000367,310.6395135733365,309.4058148731599,308.2804104740983,307.259460165278,306.33828043616467,305.5115260486897,304.7733880764805,304.11774891657217,303.53831353245545,303.0287690303167,302.5828681853532,302.1945329572605,301.8579347677814,301.56753406203296,301.3181422665375,301.10493365683044,300.92346983218533,300.76970206385755,300.63996412386575,300.53096929707914,300.439785423184,300.3638174638885,300.30078619466997
0.0005237636992374941,356.1383751006612,356.0090986707329,355.6230685782541,354.98568558977627,354.10581246665924,352.9955643870532,351.67002437974656,350.1468961594766,348.4461041762252,346.5893543770873,344.59966796397305,342.5009023651591,340.3172787002584,338.07291678496324,335.7914030521562,333.4953988299601,331.2062794445889,328.9438505177154,326.72609739362514,324.56900900914314,322.48645430806187,320.49011812653157,318.58949208028514,316.79191213401384,315.10264538942613,313.5250059676527,312.0605044236988,310.7090299314778,309.46902579948716,308.337689988932,307.3111860324545,306.38483007995325,305.5532729542858,304.81069852905574,304.15097923466584,303.5678076331612,303.05485651208636,302.605862728246,302.21473115223256,301.87561531415133,301.58295722970405,301.33154973967123,301.11654857144606,300.933497084327,300.77832879649236,300.64736037936456,300.5372888026512,300.4451664686898,300.36838384628476,300.3046482270197
0.0005287636992374941,356.3818620774195,356.25216299618353,355.86486943020657,355.2253954939221,354.3426259233201,353.2287060929111,351.89875690790393,350.37052696140165,348.66399179832933,346.80091379558013,344.8043749757845,342.6982969925351,340.50696757464385,338.25457452924616,335.96477268010403,333.6602911770861,331.36257174302125,329.0914841311469,326.8650748364545,324.69939032741195,322.60835292265443,320.6036962542887,318.6949558018953,316.8895062740031,315.19264822888493,313.6077239434592,312.1362669008214,310.7781840694364,309.53193166002586,308.3947158583848,307.36270412964325,306.43121252570234,305.5948882134968,304.8479081828423,304.1841352367311,303.5972498905543,303.0809109745627,302.6288397889878,302.2349244709474,301.89330100302317,301.5983933004286,301.34497592774255,301.1281863524342,300.94354995869344,300.78698275226,300.6547845199857,300.5436361081022,300.4505746496617,300.3729762661089,300.30853488949987
0.0005337636992374941,356.6228477950541,356.49273212379273,356.10419318593244,355.4626581995384,354.5770334741386,353.459494031462,352.1251979677119,350.5919379472975,348.8797396982741,347.0104210295817,345.0071237208416,342.8938325418739,340.69490069730057,338.43458284831826,336.1366010877579,333.8237512996419,331.5175405662041,329.2379018004019,327.00294175369686,324.8287636195547,322.72934238012346,320.71645985225285,318.7996948714639,316.9864604852505,315.28209040560307,313.6899548604721,312.21161014878976,310.8469810077693,309.5945366026504,308.45149146631104,307.41401717882036,306.4774299283534,305.636373501264,304.8850183116919,304.2172178662331,303.6266409802799,303.1069328802456,302.65179966407425,302.2551130839708,301.91099191258394,301.6138422876258,301.35842080169687,301.1398469458701,300.9536283900194,300.7956638646074,300.66223648502665,300.55001116332267,300.45600992940115,300.3775947013874,300.3124461750397
0.0005387636992374941,356.8613767838385,356.73085046113084,356.34108388679164,355.697517143886,354.80907772359956,353.68796975831526,352.3493878654519,350.8111679920079,349.09338515796753,347.2179116289748,345.2079479016163,343.0875407773437,340.8811078279614,338.6129694558849,336.3069139250584,333.98580278879797,331.67120747277846,329.3831230972638,327.13971579331354,324.9571446878534,322.8494367279333,320.8284213142149,318.90372013808314,317.0827841865835,315.37098002575055,313.7717056308643,312.28654000356755,310.9154256214176,309.6568446523878,308.508020093603,307.4651278162131,306.52348437186504,305.6777304340965,304.9220301415953,304.2502280275962,303.6559815462349,303.13292266585995,302.67474262907626,302.27529714484814,301.9286881071191,301.6293041932878,301.3718843230072,301.1515302898956,300.9637323063206,300.804372061225,300.6697162088001,300.5564139138462,300.46147226737503,300.3822391267577,300.31638207356826
0.0005437636992374941,357.0974923450491,356.96656119027716,356.57558435911335,355.9300145664397,355.03880010215016,353.9141736849145,352.57136579876214,351.0282549023533,349.3049644363939,347.4234201696264,345.40688029857756,343.27945259550177,341.06561791479254,338.789761311069,336.47573614459816,334.14646859521423,331.823593436718,329.52716706315937,327.27541412521686,325.0845489064448,322.9686496325797,320.9395926971936,319.00704215511325,317.17848653887125,315.45932497200494,313.8529829744908,312.36106213675214,310.9835226457998,309.718859716628,308.56430492262535,307.5160385960562,306.5693778723804,305.71896057273193,304.958944852908,304.28316658806034,303.6852722021112,303.1588807436364,302.6976689396995,302.29547679098016,301.9463896377346,301.64477900857514,301.38536644416376,301.1632363151225,300.9738616292242,300.81310726431803,300.6772236208549,300.5628443010301,300.46696161936256,300.38690951358586,300.32034257210927
0.0005487636992374941,357.3312365978489,357.19990631457074,356.8077362605495,356.1601915545859,355.26624091099507,354.13814512219835,352.79116989894976,351.2432354579028,349.51451280867536,347.6269802905973,345.60395280543156,343.46959805847877,341.2484591254628,338.9649846473294,336.64309202838376,334.30577105366257,331.9747188698501,329.6700522296386,327.41005345978533,325.2109912379634,323.08699439446144,321.0499857346489,319.1096711918539,317.2735764552766,315.5471329125056,313.93379342666674,312.43518206229396,311.0512766825851,309.7805855900602,308.62034904141484,307.5667519941476,306.61511238122563,305.76006542465365,304.995763582456,304.3160343794373,303.7145135328557,303.18480750252183,302.72057883278694,302.3156521444507,301.9640965430408,301.66026671438016,301.39886710913834,301.17496494501415,300.9840162742834,300.8218693908643,300.6847586461881,300.5693022622278,300.47247793759465,300.39160583008,300.32432765487107
0.0005537636992374942,357.56265052387874,357.4309267030743,357.03758012416006,356.38808808708376,355.49143936469954,354.3599223221237,353.0088372712306,351.45614544974626,349.72206460321775,347.8286247295242,345.79919646263164,343.65800642553086,341.4296588766804,339.1386649999532,336.8090052132742,334.463731906428,332.1246036432598,329.81179663783644,327.54365006545567,325.3364862493512,323.20448396200646,321.1596118490301,319.2116172446263,317.36806261098803,315.63441130935195,314.0141433455454,312.50890514286925,311.11869220516866,309.8420259593522,308.6761554476595,307.6172704112174,306.6606897877484,305.8010464464748,305.03248742553006,304.34883219977246,303.7437060960523,303.21070330932565,302.7434725272674,302.3358233128116,301.9818088497997,301.6757672818617,301.4123862538248,301.1867160962489,300.99419615127647,300.8306583528599,300.6923212054464,300.5757877309541,300.4780211708893,300.39632804139944,300.3283373033351
0.0005587636992374942,357.7917740096918,357.6596621328878,357.265155400366,356.6137430754244,355.7144336317298,354.57954251717695,353.2244040330186,351.66701971738837,349.9276532370542,348.02838535628547,345.9926414892592,343.84470618305767,341.60924386229283,339.3108272322058,336.9734987151774,334.62037232556696,332.27326710764305,329.9524178569767,327.67621978544815,325.46104812688543,323.3211309450961,321.26848216369757,319.3128900473013,317.4619534524619,315.72116742667157,314.09403891912393,312.58223659592784,311.18577356386527,309.90318440758847,308.73172705247225,307.66759617612155,306.7061119220099,305.84190504619556,305.0691174377733,304.38156081491866,303.77285042323007,303.2365685098049,302.76635022505417,302.355990389825,301.99952657353913,301.6912806729515,301.4259238064579,301.19848967906546,301.0044011644906,300.83947405755373,300.69991121511816,300.5823006370426,300.4835912647797,300.40107610975883,300.3323714963391
0.0005637636992374942,358.0186458871577,357.88615132943784,357.4905004968955,356.8371944032108,355.9352608730539,354.7970419579963,353.43790535038295,351.87589218387376,350.1313112494944,348.2262932050495,346.1843173133733,344.02972507317577,341.7872400800325,339.4814955602209,337.1365949520768,334.7757129340856,332.42072811267343,330.09193300197694,327.8077780536754,325.58469069047175,323.43694762783105,321.37660751425926,319.413499081306,317.55525720620676,315.8074083382869,314.1734861718966,312.655181499436,311.25252499084047,309.9640644184809,308.7870666839704,307.71773154886955,306.7513805573343,305.88264258534394,305.1056546369704,304.41422096002776,303.80194702110265,303.2624034296923,302.7892121118964,302.37615345616814,302.0172497191347,301.7068068408356,301.4394796880096,301.2102855975901,301.0146312129933,300.84831640767055,300.70752858771806,300.58884090679686,300.4891881616379,300.40584999452864,300.33643021015854
0.0005687636992374942,358.24330397195644,358.1104320048615,357.7136528168396,357.05847896367396,356.1539572789153,355.01245594920965,353.6493754727766,352.08279588924734,350.3330703341774,348.4223785048031,346.3742526009175,344.21309012093286,341.96367285698886,339.65069357670274,337.2983157659586,334.9297738261064,332.5670050254387,330.23035875020594,327.9383399098841,325.707427407246,323.5519459806778,321.4839984593533,319.5134535851416,317.64798188713513,315.8931409350026,314.25249097117785,312.72774479733295,311.31895060479275,310.02466938036844,308.84217709067315,307.7676787234983,306.7964974127294,305.92326038100487,305.14210000474435,304.44681334096333,303.830996372743,303.28820837567054,302.81205835818594,302.3963125801009,302.03497828136193,301.7223457304105,301.45305381256753,301.2221037501495,301.0248861908901,300.857185301624,300.7151732319621,300.595408463135,300.49481180079334,300.4106496523318,300.3405134185846
0.0005737636992374942,358.4657851002701,358.3325408945933,357.93464879492797,357.2776326954336,356.37055810388387,355.2258188835962,353.85884776613807,352.28776302244535,350.5329613696201,348.61667070844476,346.5624752832688,344.39482766024173,342.13856687387977,339.8184442735101,337.4586824437019,335.082574586078,332.71211574800327,330.3677113574448,328.06792001407564,325.8292714045242,323.66613767203125,321.59066529091206,319.61276256344036,317.74013530650933,315.97837193153657,314.331059033114,312.7999313047169,311.38505441540445,310.0850025900152,308.8970609447282,307.81743983079974,306.8414641551827,305.963759707746,305.17845448816456,304.4793386356415,303.8599989386974,303.3139836362963,302.83488911972273,302.41646781809914,302.0527122454205,301.7378972787168,301.4666460876933,301.2339440295675,301.0351659875703,300.86608063372034,300.7228450529363,300.60200322572814,300.50046211864645,300.4154750371364,300.3446210929996
0.0005787636992374942,358.68612516377686,358.5525137922597,358.15352393212424,357.4946906166024,356.58509770028485,355.4371642746635,354.06635474445807,352.4908249517088,350.7310144483487,348.8091985205283,346.749012583505,344.574963358607,342.31194618819245,339.98477006318564,337.6177157369923,335.23413430708655,332.8560777341462,330.5040066730959,328.1965326602441,325.9502354821412,323.77953407922877,321.69661804393525,319.7114347955883,317.8317250795051,316.0631078731166,314.4091959284041,312.8717457127783,311.4508403275727,310.145067256221,308.9517208449775,307.867016940912,306.8862824018412,306.0041417994452,305.2147190012744,304.5117974953026,303.88895515804177,303.33972948287686,302.857704538441,302.4366192154558,302.0704515874316,301.75346141535164,301.48025641476363,301.245806323448,301.04547048794177,300.87500229435244,300.7305439522568,300.60862511113345,300.5061390487784,300.4203261003455,300.3487532024494
0.0005837636992374942,358.90435914304163,358.77038558297363,358.3703128286367,357.70968685732794,356.79760955009425,355.6465247877321,354.27192809989964,352.6920122535986,350.92725890469126,348.9999899237295,346.9338910414642,344.7535222407134,342.48383425625735,340.14969279949173,337.77543588131493,335.3844716083176,332.9989080053208,330.63926015468434,328.3241917894741,326.0703321242092,323.8921462990458,321.80186650580333,319.80947884393964,317.92275863241457,316.1473551417602,314.486907087744,312.9431925934932,311.5163121454341,310.20486650325495,309.0061593198713,307.9164120657815,306.9309537220837,306.04440785102645,305.2508944265405,304.5441905457179,303.91786544938515,303.36544617030154,302.88050474309847,302.45676680685193,302.0881962749111,301.76903806286,301.4938846892957,301.2576905144442,301.0557995726542,300.8839501701855,300.7382698282249,300.61527403292126,300.51184252205553,300.42520279088325,300.3529097137139
0.0005887636992374943,359.1205211393942,358.98619027512234,358.58504921543357,357.9226546908591,357.0081262953891,355.8539322696099,354.4755987315499,352.89135474069514,351.1217233413091,349.18907220411165,347.11713653766355,344.93052871093835,342.6542539543141,340.313233797008,337.93186261407755,335.53360465171755,333.14062316588195,330.77348688169104,328.45091100243417,326.18957351033316,324.0039851577035,321.90642022515505,319.906903061646,318.01324320951056,316.23111996225794,314.56419780701185,313.0142764040928,311.5814735761956,310.2644033741217,309.06037883024027,307.96562716150413,306.97547963948887,306.08455902010854,305.2869816162291,304.57651838833635,303.9467302118212,303.39113393783185,302.9032898499307,302.4769106168988,302.10594626721854,301.78462713710735,301.50753080125605,301.2695964805158,301.06615311831314,300.89292414433476,300.7460225759733,300.6219499017977,300.51757246673117,300.43010505527775,300.3570905913748
0.0005937636992374943,359.33464440537716,359.1999610307275,358.7977659843441,358.13362656321954,357.2166797674307,356.0594177769336,354.6773967728816,353.08888148805363,351.31443565453367,349.3764719752512,347.2987743161408,345.1060065748507,342.82322759862745,340.4754138498424,338.08701519191334,335.6815511578992,333.2812394176202,330.9067015687556,328.57670357129643,326.3079715263109,324.1150612204162,322.0102885203548,320.00371560012206,318.1031858795901,316.31440840787496,314.6410732522084,313.0850014913198,311.64632823378236,310.32368083367123,309.1143817719325,308.0146641305514,307.0198616337066,306.1245964285731,305.3229813937151,304.60878160137327,303.97554982583335,303.4167930098516,302.926059963273,302.497050660653,302.1237015159841,301.80022854763394,301.52119463535456,301.2815240951737,301.0765309976832,300.9019240965349,300.75380208760845,300.62865262572194,300.52332880854254,300.4350328377417,300.361295797881
0.0005987636992374943,359.5467613738426,359.411730194459,359.00849521682323,358.3426341215633,357.4233010144566,356.2630116032528,354.87735161799395,353.28462085848105,351.50542305857664,349.56221520129225,347.47882900627746,345.2799790597494,342.99077696470437,340.63625324950567,338.2409124072081,335.82832842133325,333.4207725736422,331.0389185782825,328.70158245112015,326.4255377743474,324.2253848005031,322.11348048757316,320.09992441616754,318.1925935422154,316.39722640578884,314.7175384641668,313.15537209548495,311.71087964231236,310.38270177155965,309.1681704783245,308.06352482388957,307.06410114223956,306.1645211640547,305.3588945547252,304.6409807408451,304.0043246541539,303.4424235965795,302.9488151761509,302.51718694410613,302.1414619655151,301.8158421979925,301.5348760713258,301.2934732277135,301.08693307988347,300.91094990330294,300.76160825234564,300.63538211001935,300.52911147080454,300.43998608024947,300.3655252936124
0.0006037636992374943,359.75690368577045,359.62152932137377,359.2172682114532,358.5497082412834,357.62802032825044,356.46474330492134,355.07549194669843,353.47860052670205,351.694712108674,349.74632721898206,347.6573246436593,345.45246883429536,343.1569233056603,340.7957718019935,338.39357260389426,335.9739533248635,333.55923807163265,331.1701519324861,328.8255602907225,326.54228358281034,324.3349659680897,322.21600500850064,320.19553727876627,318.28147293366993,316.47957974227677,314.79359836304445,313.2253923543348,311.77513123940855,310.4414690050707,309.2217472227121,308.11221104299716,307.10819956213663,306.204334281359,305.3947218685208,304.6731163415538,304.033055042581,303.4680258947468,302.97155557084227,302.53731946465064,302.15922755318223,301.83146798606873,301.54857498419557,301.3054437434385,301.0973592305731,300.92000143809366,300.76944095663896,300.64213825748953,300.5349203745,300.444964722612,300.3697790369411
0.0006087636992374943,359.96510221687726,359.8293892034476,359.4241155102476,358.75487905194234,357.83086726955617,356.6646417258627,355.2718457485131,353.67084750247125,351.8823287232209,349.92883275874703,347.8342846900266,345.62349802728505,343.32168736978326,340.95398884412083,338.5450136925513,336.11844235358524,333.6966509865315,331.30041532490054,328.9486494430698,326.6582200155521,324.4438145584201,322.3178707577165,320.29056177557834,318.3698306326455,316.5614740676667,314.8692577526092,313.2950663067411,311.8390863793571,310.4999852818047,309.2751142205893,308.1607245417857,307.15215825160715,306.2440368038126,305.4304640790234,304.7051889180225,304.0617413207559,303.49360008824186,302.99428121941105,302.5574482115227,302.1769982097876,301.8471058043878,301.5622912445363,301.31743550387256,301.1078093121297,300.92907857144854,300.77730008430615,300.6489209685113,300.540755438367,300.44996870254926,300.37405698429126
0.0006137636992374943,360.1713871030783,360.03533989496526,359.62906692382387,358.95817596208525,358.03187069239647,356.8627350212673,355.4664403456216,353.8613881526893,352.06829820495005,350.1097559648572,348.0097320523603,345.7930882456115,343.4850894173348,341.11092325914655,338.69525316485056,336.26181160811774,333.8330260426578,331.4297221313891,329.0708619752111,326.7733578808208,324.551940179803,322.41908620973004,320.3850053191428,318.45767306567274,316.64291490106547,314.9445213243308,313.36439789622165,311.9027483361201,310.55825328224336,309.32827363181946,308.20906702843115,307.1959785315572,306.2836297245476,305.4661219058857,304.7371989653859,304.09038380290167,303.51914634872276,303.0169921842156,302.5775731662237,302.1947738599147,301.8627555404056,301.57602471870996,301.32944836696333,301.1182831838195,300.9381811711385,300.7851855166487,300.65573014114244,300.5466165789824,300.45499795575955,300.37835909019634
0.0006187636992374943,360.37578776486515,360.23941073682727,359.8321515555019,359.15962768299437,358.23105876735497,357.0590506802794,355.6593024148525,354.0502482225729,352.2526452612069,350.28912041472904,348.1836891011526,345.9612605914556,343.6471492366321,341.26659349172724,338.8443081073767,336.40407681730545,333.96837762531,331.55808542067405,329.1922096777806,326.88770773978274,324.65935222120817,322.5196596457121,320.4788751528064,318.54500651231194,316.72390763487516,315.01939366128886,313.43339097430123,311.9661203062112,310.6162756221962,309.3812275627077,308.2572401671187,307.2396616870537,306.3231140077257,305.5016960455115,304.7691469602387,304.11898278852726,303.5446648362007,303.03968851839227,302.59769430292175,302.212554422262,301.8784170767865,301.5897752691001,301.34148218727626,301.12878070196,300.9473091023011,300.7930971325665,300.6625656712171,300.5525037108432,300.46005241598755,300.38268530735525
0.0006237636992374943,360.57833293065386,360.4416303798315,360.03339782438496,359.35926225144095,358.42845900387385,357.25361554772496,355.85045800872956,354.2374528559312,352.435394023366,350.4669491374105,348.3561776879027,346.12803567874835,343.8078861594459,341.4210175622348,338.99219521486305,336.545253350376,334.1027197918694,331.6855179644161,329.31270407409187,327.0012799146775,324.76605985953626,322.61959915993475,320.57217835639364,318.6318371101154,316.8044575391108,315.0938792419063,313.50204930372325,312.02920541144107,310.6740548551359,309.43397806797594,308.3052455797075,307.28320896872066,306.3624905897046,305.53718717202673,304.80103336144185,304.1475385630965,303.570155699595,303.0623702663157,302.6178115888339,302.23033980996087,301.89409029166814,301.60354275433286,301.3535368161804,301.1393017200762,300.9564622275714,300.8010348086687,300.66942745243824,300.5584167464445,300.46513201508964,300.3870355866868
0.0006287636992374944,360.7790506591561,360.6420268069802,360.23283348747583,359.5571070514857,358.62409827161986,357.4464558449305,356.0399325756407,354.42302661459235,352.6165680654327,350.643264631291,348.527219161878,346.29343364894146,343.96731907575065,341.5742130804711,339.138930802865,336.6853562285853,334.23606628243334,331.8120322468653,329.4323564288437,327.11408449662395,324.8720720665738,322.71891266593195,320.66492185163037,318.7181708593725,316.88456976552794,315.16798244351844,313.5703765615165,312.09200670153973,310.7315934744279,309.4865271526494,308.3530848473181,307.32662159406976,306.4017603801494,305.5725959382055,304.832858610892,304.1760513986664,303.5956190772619,303.08503746403727,302.6379249845894,302.24812993087824,301.9097750589143,301.61732702948916,301.36561210202564,301.14984608904973,300.96564040720824,300.80899841937986,300.67631537646764,300.56435559635497,300.4702366830969,300.39140987738216
0.0006337636992374944,360.97796836082557,360.8406273548644,360.4304856608769,359.75318883537574,358.81800282096435,357.6375971896788,356.2277509791713,354.606993497024,352.79619042187517,350.8180888810757,348.69683438617915,346.4574741861215,344.1254664478613,341.7261972588107,339.2845308199072,336.82440013637444,334.36843053000246,331.93764047410633,329.55117775645914,327.2261313530962,324.97739761565526,322.81760790239866,320.7571124073354,318.80401362765235,316.96424935157074,315.24170754578665,313.63837634192976,312.1545271566635,310.78889391546033,309.53887677385757,308.40075951184843,307.3699007487709,306.44092426309317,305.6079229763522,304.864623134254,304.2045215544941,303.62105509749836,303.1076901397026,302.65803444457754,302.2659246879051,301.9254712483556,301.6311279463057,301.3777078903124,301.1604136572618,300.9748434992148,300.81698783704223,300.6832293330125,300.5703201692903,300.4753663482765,300.3958081269559
0.0006387636992374944,361.17511281842314,361.0374587341706,360.626380840121,359.94753374358487,359.01019830262317,357.8270646153466,356.4139375166427,354.78937695618924,352.9742836047211,350.99144337406256,348.86504375314354,346.6201765315014,344.2823463239849,341.87698692479944,339.429010859126,336.962399432064,334.4998256702444,332.062354582918,329.6691788290762,327.33743013508547,325.0820450880426,322.9156924388393,320.84875664439124,318.88937115415007,317.0435012241524,315.3150587339627,313.70605215923524,312.2167696897901,310.84595855767975,309.5910288425545,308.4482710774205,307.4130475878633,306.4799830979474,305.6431688991426,304.8963273416591,304.23294927761657,303.64646387902127,303.1303283139496,302.67813991727724,302.28372397923226,301.94117872601953,301.64494535336814,301.389824023854,301.1710042707307,300.98407135945484,300.82500293201423,300.69016920990845,300.576310372183,300.4805209371915,300.400230281296
0.0006437636992374944,361.3705102067476,361.2325470493539,360.8205449196753,360.140167324039,359.20070978649846,358.01488258926275,356.5985159368978,354.97019991667594,353.15086961995996,351.1633491157545,349.03186719912026,346.7815594973205,344.43797635122064,342.0265985332389,339.5723861694348,337.09936815810994,334.6302645508557,332.1861862492676,329.7863701842072,327.4479902839655,325.1860228790402,323.0131736809806,320.9398610405056,318.97424905385043,317.12233020327176,315.3880401020151,313.7734074504135,312.27873714901074,310.90278972653664,309.64298522516253,308.49562101176235,307.45606323691317,306.5189377204679,305.67833430042685,304.9279716283712,304.26133480340167,303.67184553142516,303.1529520002874,302.6982413455728,302.3015276986123,301.9568973543503,301.6587790962956,301.4019603429318,301.18161777324246,300.9933238417641,300.83304357276506,300.6971348932005,300.58232611025136,300.4857003747577,300.4046762847116
0.0006487636992374944,361.5641861115716,361.4259178175203,361.0130032116608,360.3311145505672,359.3895617797611,358.2010750303275,356.781509457369,355.14948479113536,353.3259699832828,351.33382664484293,349.19732421864865,346.94164148018257,344.59237378803226,342.17504817778075,339.7146716662381,337.2353200509411,334.75975974054234,332.30914689645823,329.90276213208523,327.5578210380743,325.2893392038569,323.1100588759593,321.03043193477447,319.05865282151626,317.20074100547896,315.4606556556206,313.84044557772154,312.3404323197221,310.95938969534666,309.69474774514373,308.54281074752896,307.4989487931182,306.55778894367546,305.7134197559946,304.9595563754216,304.28967835607494,303.6972001556181,303.1755612054583,302.718338667054,302.31933573561037,301.9726269924179,301.67262901791634,301.4141166854439,301.19225400647764,301.0026007980572,300.8411096259657,300.7041262672199,300.5883672870645,300.4909045843001,300.4091460799805
0.0006537636992374944,361.7561655478224,361.61759598655476,361.2037804638247,360.5203998406178,359.57677824421245,358.3856653259293,356.9629407804653,355.32725349606426,353.4996057351933,351.50289604759166,349.36143387806993,347.1004404738594,344.7455555162205,342.3223516020545,339.8558819417109,337.3702685504013,334.8883235376369,332.4312477029456,330.01836476271063,327.6669314390289,325.3920021032273,323.2063551172968,321.1204755320564,319.1425878355115,317.2787382471961,315.53290931503074,313.9071698311528,312.40185792672554,311.01576068707095,309.7463181845025,308.58984168356443,307.5417053263638,306.59653755873563,305.7484258243061,304.9910819502152,304.3179801492213,303.7225278442373,303.19815592978216,302.73843181430277,302.3371479758433,301.98836749611854,301.68649495843647,301.4262928870478,301.2029128101311,301.0119020784305,300.8492009565771,300.71114321465984,300.5944338046071,300.49613348760676,300.4136396083943
0.0006587636992374944,361.9464729770443,361.8076059525336,361.3929008768029,360.70804707227296,359.762382612959,358.56867634819116,357.14283210931103,355.5035274669624,353.67179745552045,351.6705769716505,349.5242148285979,347.25797408158627,344.89753805242015,342.4685242103538,339.9960312746727,337.50422680881394,335.0159679783714,332.5524996098418,330.13318795261586,327.77533033778406,325.49401944880657,323.3020693496714,321.20999790716803,319.22605936146647,317.35632644789905,315.60480491781846,313.9735834307932,312.46301663623575,311.0719048760205,309.79769828522393,308.6367151861085,307.5843338802315,306.6351843357989,305.7833530471899,305.0225487071084,304.34624038626384,303.7478286820457,303.2207361674855,302.75852071516664,302.35496430120736,302.00411871836604,301.7003767556011,301.4384887812961,301.21359402202904,301.02122753126145,300.8573174279339,300.7181856166473,300.6005255633406,300.5013870049813,300.41815680980307
0.0006637636992374945,362.13513232417785,361.99597157645485,361.5803881207061,360.89407960059754,359.9463978064343,358.75013046958145,357.3212051628675,355.678327672896,353.8425652773622,351.83688863932696,349.68568531887706,347.4142595278739,345.04833755914404,342.6135810779004,340.1351336400682,337.6372076996879,335.1427048448221,332.6729133281203,330.24724137135865,327.88302640044935,325.59539894834745,323.39720837349756,321.29900500890926,319.3090725557934,317.43351003317014,315.67634622151087,314.03968952907826,312.5239110578059,311.1278243894874,309.8488897506488,308.6834325899519,307.62683547296353,306.67373002480406,305.8182019505098,305.0539569879619,304.3744592609206,303.7731027463104,303.2433019070151,302.77860529301967,302.37278459009667,302.0198805092743,301.71427424484784,301.45070419976764,301.2242974782392,301.03057700330294,300.8654589018269,300.72525335281296,300.6066424622633,300.5066650552941,300.42269762265863
0.0006687636992374945,362.32216699368627,362.18271620031913,361.766265351062,361.0785202733535,360.12884624779826,358.9300495779187,357.4980811904676,355.85167463049476,354.0119289004863,352.00184986034174,349.8458632070513,347.56931366986066,345.1979698553966,342.75753696070785,340.27320271807895,337.769223826083,335.26854567254225,332.7924993455379,330.36053448776056,327.99002811387516,325.6961481506721,323.49177884932215,321.38750266392617,319.3916324690608,317.51029333762494,315.7475369061141,314.1054912129583,312.5845437461715,311.183521309308,309.8998942467914,308.7299951995405,307.66921109838603,306.71217535624504,305.8529730448006,305.08530712266725,304.40263695764133,303.7983501071636,303.26585313133756,302.7986854670115,302.3906087176106,302.03565271633187,301.72818725945496,301.4629389721923,301.2350230131782,301.0399503397752,300.8736252385809,300.732346301359,300.61278439896813,300.51196755603155,300.42726198405614
0.0006737636992374945,362.5075998850634,362.3678626625922,361.9505552241449,361.2613914461089,360.30974987774476,359.10845509079763,357.6734809857902,356.02358841740966,354.1799076042154,352.16547904409197,350.0047659723677,347.72315300822504,345.346450426877,342.90040630506326,340.41025190288116,337.9002875286494,335.39350175789764,332.911267933286,330.47307657589965,328.0963437910194,325.79627445044684,323.58578730204687,321.47549658042095,319.4737440492309,317.5866806077222,315.8183805765352,314.1709915059732,312.6449172030189,311.2389976733602,309.9507134036002,308.7764042900327,307.71146172679073,306.75052104190524,305.8876668258772,305.11659942965076,304.43077365202345,303.82357082794755,303.28838981822526,302.8187611523052,302.4084365557527,302.0514351845691,301.7421156306817,301.4751929265708,301.2457704597138,301.0493473844537,300.88181629713097,300.73946433912386,300.61895126969875,300.5172944233445,300.4318498297756
0.0006787636992374945,362.6914534077491,362.55143331307767,362.13327991172014,361.44271499677166,360.4891301687436,359.28536796946617,357.84742490030226,356.1940886852581,354.3465202598195,352.3277942114462,350.1624107263351,347.8757936976819,345.4937944357914,343.042203256645,340.54629431106696,338.03041089335807,335.5175841651185,333.02922915238423,330.5848767208719,328.2019815761053,325.89578509277055,323.67924012498406,321.56299235171446,319.5554121447698,317.6626760044604,315.88888076490696,314.23619337024365,312.7050338786799,311.2942554769981,310.0013488161672,308.82266110831216,307.7535883057798,306.7887677755591,305.92228377541636,305.14783421635457,304.4588695112101,303.84876496554335,303.3109119405285,302.83883226030395,302.42626797362067,302.0672277567174,301.7560591879038,301.48746588929015,301.2565396492635,301.05876797975384,300.8900319350947,300.74660734164604,300.62514296940446,300.52264557209486,300.4364610943213
0.0006837636992374945,362.87374949548183,362.7334500272279,362.3144611152314,361.62251233957335,360.6670081387446,359.46080873217716,358.0199328561912,356.3631946720781,354.51178534244013,352.488813006093,350.3188142234617,348.02725155707975,345.64001673029173,343.18294166929394,340.68134278974526,338.1596057589367,335.64080373308343,333.1463928598301,330.6959438243303,328.3069494495805,325.99468717758634,323.7721435837556,321.64999545966987,319.63664150763486,317.73828360596804,315.95904093281854,314.30109970838174,312.76489617375864,311.3492966744289,310.0518020458853,308.86876687395744,307.79559176107443,306.826916233644,305.9568243615124,305.1790117796964,304.48692469427,303.8739325706853,303.33341946643714,302.85889869886824,302.4441028375875,302.08303027336217,301.77001775874254,301.4997576852332,301.2673304118888,301.0682119668122,300.8982720088437,300.7537751832242,300.631359391792,300.5280209159008,300.44109571096106
0.0006887636992374945,363.05450962011236,362.9139342199187,362.49412007945665,361.80080443852916,360.843404364368,359.63479746703905,358.1910243588137,356.5309252143154,354.6757209425658,352.6485527054619,350.47399287158714,348.1775420791182,345.78513185356076,343.3226351134541,340.8154099243363,338.2878837240239,335.76317108184435,333.26276871451387,330.80628660981347,328.4112552328851,326.0929876639219,323.8645038200402,321.7365112779827,319.7174367961445,317.81350740999153,316.02886447345946,314.36571336532535,312.8245064406914,311.4041231800322,310.1020746215587,308.9147227801709,307.83747299728884,306.8649670759022,305.99128903920945,305.2101324065092,304.51493935256065,303.89907368826135,303.3559123597286,302.87896037252307,302.46194101147483,302.0988425730886,301.7839911691885,301.51206813788485,301.27814257638613,301.07767918556544,300.9065363735708,300.760967736977,300.6376004293777,300.5334203671813,300.44575361176373
0.0006937636992374945,363.23375480490563,363.0929068587119,362.6722776056566,361.9776118203976,361.0183389936043,359.8073538443903,358.36071850868063,356.6972987583656,354.8383447770815,352.8070302312398,350.62796274183154,348.32668043970403,345.92915405255667,343.4612968842979,340.94850804607506,338.41525615405516,335.8846966189074,333.37836618291146,330.91591362787227,328.5149065930415,326.19069337397025,323.9563268551783,321.8225450753459,319.79780257773825,317.88835133628606,316.09835471367734,314.43003713009944,312.8838669852447,311.4587368696261,310.15216804046764,308.96052999466974,307.8792328986717,306.90292094599647,306.0256782510099,305.24119637396154,304.5429136300753,303.92418835759963,303.37839058000594,302.8990171826553,302.4797823567186,302.11466449262105,301.7979792437201,301.52439706943306,301.2889759703743,301.08716947482526,300.91482488335583,300.7681848748997,300.64386597353644,300.53884383719884,300.4504347276364
0.0006987636992374945,363.411505637352,363.2703884766301,362.84895406423857,362.1529545871635,361.1918317580467,359.9784971287165,358.52903401300114,356.86233337169017,354.9996741999106,352.96426215949805,350.78073957817594,348.47468150696,346.07209728643505,343.59894000955006,341.0806492392359,338.54173418789287,336.00539054527985,333.493194544564,331.024833261005,328.61791104706884,326.287810997015,324.04761859364,321.90810201849183,319.87774333163014,317.96281922891467,316.1675149159571,314.4940737375079,312.9429800679538,311.5131395816833,310.2020837693894,309.0061896605391,307.920872329817,306.9407784720993,306.05999242736226,305.2722039499593,304.5708476637747,303.9492766127428,303.400854082925,302.9190690277032,302.4976267325274,302.130495866957,301.8119818054171,301.5367443008663,301.29983042037793,301.0966826723517,300.9231373912294,300.7754264679196,300.65015591455017,300.54429123610134,300.4551389883602
0.0007037636992374946,363.58778228151033,363.4463991844642,363.02416940695866,362.3268524280636,361.3639019846765,360.1482461901322,358.6959891968037,357.02604675352603,355.15972621226695,353.1202647304492,350.9323388066925,348.62155984990534,346.2139752346613,343.73557725702517,341.21184534809197,338.66732874421314,336.12526286129327,333.60726289735567,331.1330537284092,328.720275966235,326.3843470932097,324.13838482636226,321.9931871751218,319.95726345136075,318.0369148584585,316.23634828032226,314.5578258697603,313.00184790550395,311.5673331184972,310.2518232455784,309.05170289705137,307.9623921363443,306.97854026745637,306.09423198712636,305.3031553935307,304.59874158390403,303.97433848270975,303.4233028204113,302.939115803337,302.51547399603385,302.1463365294947,301.82599867606945,301.5491096520668,301.3107057519088,301.1062186149228,300.93147374923336,300.7826923859495,300.6564701416541,300.5497624729627,300.4598663226258
0.0007087636992374946,363.76260448990485,363.62095868263555,363.19794317868053,362.4993246311782,361.53456860722173,360.31661951544834,358.86160201365544,357.18845624520657,355.3185174725356,353.27505385784997,351.08277554443924,348.7673297468193,346.3548013048287,343.8712211418897,341.34210798362034,338.79205052765764,336.24432337221424,333.72058016259666,331.2405830905586,328.822008580151,326.480308097217,324.2286312339619,322.0778055167234,320.036367247254,318.110641924143,316.3048579461644,314.62129615803406,313.06047267205815,311.62131924730284,310.30138787770704,309.09707080045115,308.0037931455522,307.01620693092786,306.12839733802025,305.33405095519345,304.6265955142967,303.99937399174644,303.4457367408678,302.9591574026319,302.53332400243954,302.1621863121553,301.84002967628146,301.56149294190004,301.3216017895425,301.1157771384026,300.9398338084807,300.7899824979393,300.662808543083,300.5552574558222,300.46461665806726
0.0007137636992374946,363.9359916149937,363.79408627263206,363.37029452871366,362.67039009460535,361.7038501771069,360.48363521883914,359.0258900559954,357.3495788401135,355.4760643057981,353.4286451380656,351.232064608035,348.912005193304,346.4945886401938,344.0058839336624,341.4714485299652,338.9159100347639,336.3625816936507,333.8331550899219,331.3474292536126,328.9231159807149,326.5757003217132,324.31836338983027,322.1619619212854,320.115058948781,318.1840040558845,316.37304699400215,314.68448718397815,313.11885650053296,311.6750997013537,310.35077904676825,309.1422944447091,308.04507616704404,307.053779047506,306.16248887704745,305.36489087730797,304.654409572664,304.0243831595648,303.4681557893729,302.97919371623243,302.5511766051531,302.17804504550014,301.8540746255715,301.5738939883006,301.3325183569938,301.12535807780574,300.948217419212,300.7972966719266,300.6691710061139,300.56077609172326,300.4693899212953
0.0007187636992374946,364.1079626202302,363.9658008680366,363.54124222174596,362.8400673372372,361.87176487401405,360.64931105213174,359.18887056509936,357.50943119327064,355.6323827130185,353.58105385881123,351.38022052192815,349.0555999100599,346.6333501269429,344.13957766296414,341.59987815066864,339.03891755968186,336.4800472567646,333.944996262013,331.4535999736669,329.0236051259129,326.67052996076546,324.4075867631138,322.2456611759106,320.19334270683646,318.2570048162596,316.44091844717445,314.7474014811586,313.17700148382505,311.7286761809557,310.39999810694337,309.1873748822455,308.0862419933283,307.09125718881154,306.1965069909064,305.39567539441344,304.68218387087285,304.04936600157225,303.49055990787,302.9992246325114,302.56903165592314,302.19391255884284,301.8681333424679,301.5863126083549,301.34345527718756,301.13496126736044,300.9566244308508,300.80463477508476,300.6755574171102,300.566318286751,300.47418603793074
0.0007237636992374946,364.27853609073173,364.13612100516633,363.7108046483912,363.0083745091557,362.03833051606915,360.81366441473034,359.35056044069313,357.66802963060184,355.7874883799032,353.7322950075833,351.52725752637207,349.1981273503841,346.77109840120096,344.2723141280277,341.7274077946811,339.1610831996879,336.5967293132969,334.05611209915094,331.55910286085145,329.1234828434841,326.7648030930874,324.4963067215867,322.32890797933385,320.2712225959319,318.32964770240216,316.5084752734702,314.8100415364495,313.23490967599133,311.78205035446183,310.4490463864352,309.23231314462436,308.127291400395,307.12864191357016,306.2304520563825,305.42640473355124,304.7099185152116,304.0743225290903,303.5129490353494,303.0192500377199,302.58688900496463,302.20978868035616,301.8822056446006,301.59874861838017,301.35441237232834,301.1445865405691,300.965054692057,300.81199667377035,300.681967661562,300.5718839460683,300.47900493263535
0.0007287636992374946,364.4477302435761,364.30506485333797,363.878999835366,363.1753294016634,362.2035645696719,360.97671236319275,359.5109762502283,357.82539015786176,355.94139668545165,353.8823832797954,351.6731895851211,349.33960070740704,346.9078458557929,344.4041049009788,341.85404820215837,339.28241686050245,336.71263694041744,334.1665108636075,331.66394538328154,329.22275583445315,326.85852568517686,324.58452853441963,322.4117069443498,320.34870261630795,318.40193614783,316.5757203866975,314.87240979137204,313.2925830933838,311.8352238592289,310.4979251882692,309.27711024322093,308.16822514826833,307.1659337680686,306.2643244407244,305.45707911457373,304.7376136066438,304.0992527495639,303.5353231080206,303.03926981613216,302.60474850107994,302.2256732371751,301.8962913487889,301.6112018340004,301.36538946396644,301.15423373026636,300.9735080507781,300.81938223356843,300.6884016241273,300.57747297395167,300.48384652914376
0.0007337636992374946,364.6155629377389,364.4726502247778,364.0458454553137,363.34094945696654,362.3674841589842,361.13847162047466,359.6701342378346,357.9815284692568,356.094122710208,354.03133308663126,351.8180303928581,349.480032921075,347.0436046467705,344.53496133389723,341.9798099100568,339.40292826142286,336.82777904540154,334.2762006638823,331.768134870871,329.32143067653874,326.9517035943427,324.67225737485035,322.4940626001514,320.42578669597066,318.47387352420475,316.6426566481947,314.93450864338354,313.35002371574194,311.88819830253624,310.54663579106284,309.3217671698622,308.2090439815377,307.2031332865931,306.29812450200404,305.4876987504403,304.7652692410517,304.12415666676264,303.5576820594791,303.05928385018353,302.6226099917751,302.2415660554952,301.9103902711259,301.6236720702195,301.3763863730617,301.1639026686753,300.9819843542993,300.826791319337,300.6948591886707,300.58308527382565,300.4887107502933
0.0007387636992374946,364.7820516836889,364.6388945841881,364.2113588362888,363.5052517775222,362.5301060750908,361.2989585848536,359.8280503329651,358.13645995576917,356.2456812442284,354.17915856262545,351.9617933823654,349.61943668489334,347.1783866997122,344.6648945646687,342.10470325753505,339.52262694027723,336.9421643701459,334.3851894587913,331.8716785190109,329.419513827442,327.044342571625,324.7594983227583,322.5759793945866,320.50247869265456,318.5454631430291,316.70928686828677,314.99634044711877,313.40723348724396,311.94097526247174,310.595179449766,309.36628489744265,308.24974862986744,307.2402409918491,306.3318525894624,305.51826384750143,304.7928855094695,304.1490342809715,303.5800258208642,303.0792920206023,302.64047332337054,302.2574669606663,301.9245022270594,301.6361591414915,301.3874029200449,301.1735931874621,300.99048344929133,300.83422379524967,300.7013402383018,300.5887207482968,300.4935975180538
0.0007437636992374947,364.94721365265417,364.80381505798726,364.3755569709166,363.6682531350681,362.6914467848461,361.4581893385487,359.9847401587437,358.29019971319445,356.3960867947758,354.3258735729852,352.10449173144997,349.757824452436,347.3122037158075,344.7939155226349,342.22873839116767,339.6415222582076,337.0558014955276,334.4934850614144,331.97458339212085,329.5170116280204,327.1364482646125,324.8462563671501,322.65746169633474,320.5787823957158,318.6167082572817,316.7756138076889,315.0579075155862,313.4642143175198,311.9935562887826,310.643557396373,309.4106643805165,308.29033980848607,307.27725739536527,306.3655090438407,305.54877460576955,304.8204624983057,304.1738855891749,303.6023543210114,303.09929420653646,302.6583383411071,302.2733757772832,301.938627031469,301.64866286178744,301.39843892487704,301.18330511778777,300.9990051818574,300.84167952483733,300.7078446554118,300.59437929918636,300.4985067535567
0.0007487636992374947,365.11106568557426,364.96742844323614,364.5384565252427,363.8299699793432,362.8515224394209,361.61617965604705,360.1402190400299,358.4427625499074,356.54535359375257,354.471491720663,352.2461383696332,349.89520844363574,347.4450671777334,344.92203493405117,342.35192526998355,339.7596234042894,337.16869884561424,334.60109514290747,332.07685642707776,329.6139303053518,327.2280262201626,324.932536408557,322.73851379700614,320.65470152795814,318.6876120629943,316.8416401788586,315.1192121213202,313.52096808262564,312.04594290369556,310.6917708406076,309.4549065558658,308.330818218657,307.3141829978798,306.39909419769776,305.57923121918054,304.84800028955726,304.19871058523245,303.6246674865969,303.11929028567386,302.67620488924786,302.28929232927146,301.95276449874075,301.66118304466045,301.40949420710604,301.19303829035897,301.00754939757763,300.849158371028,300.7143723217099,300.60006082756223,300.50343837712313
0.0007537636992374947,365.2736243017504,365.129751216263,364.70007384728336,363.99041844651623,363.0103488825613,361.77294501214936,360.2945020112119,358.5941629943652,356.6934956048832,354.61602635319093,352.38674598461444,350.03160065086047,347.57698835533307,345.0492633273599,342.4742736703318,339.8769393999945,337.28086469173064,334.7080272361843,332.17850443652804,329.71027597569383,327.3190818870276,325.01834326135037,322.819139913169,320.7302397473957,318.7581777007739,316.9073686473009,315.180256497492,313.5774966259839,312.0981366027063,310.73982097058183,309.4990123430488,308.3711845481303,307.35101828971284,306.4326083757155,305.6096338758425,304.87549896101393,304.2235092600464,303.64696524227674,303.13928013435856,302.69407281117515,302.30521643997076,301.96691444283806,301.6737195033077,301.4205685859215,301.2027925354766,301.01611594155304,300.85666019618657,300.72092311825793,300.6057652337704,300.5083923082917
0.0007587636992374947,365.43490570720667,365.2907995410005,364.8604249752906,364.14961436733176,363.1679416585716,361.9285005897471,360.44760382373846,358.74441530236,356.8405265306558,354.7594905692861,352.52632702851906,350.1670128447869,347.70797831110326,345.1756110382867,342.59579319058474,339.9934791035045,337.3923071563885,334.8142887394739,332.2795341120867,329.8060546473421,327.4096206183917,325.1036816559773,322.8993441883063,320.80540064895314,318.8284082572704,316.9728018328267,315.24104283898095,313.6338017592887,312.15013885533966,310.7877089534308,309.54298264492525,308.41143947157707,307.387763751123,306.46605189499127,305.6399827582758,304.90295858645413,304.24828160172325,303.6692475108198,303.1592636277006,302.7119419494837,302.32114793221314,301.98107667737014,301.6862720506299,301.4316618802074,301.2125676830826,301.0247046584475,300.864184862152,300.7274969255047,300.61149241746506,300.5133684658454
0.0007637636992374947,365.5949258027735,365.4505892770461,365.0195256457426,364.3075732749856,363.3243160200307,362.0828612873411,360.5995389534014,358.89353346403095,356.98645981903417,354.9018972252362,352.66489372393795,350.30145658007825,347.83804790550005,345.30108821476665,342.7164932556843,340.10925121387874,337.50303421708503,334.9198869197591,332.3799520274299,329.9012722233923,327.499647674321,325.18855624111995,322.9791306947056,320.8801877661085,318.8983067665936,317.03794231076665,315.3015733034074,313.6898852633782,312.2019511058822,310.8354359359233,309.58681834816366,308.451583651007,307.42441985265066,306.4994250653181,305.67027804364204,304.9303792358331,304.27302759572746,303.6915142132344,303.1792406396825,302.7298121460692,302.3370866283998,301.9952510156575,301.69884049928874,301.4427739085928,301.22236356280564,301.03331539252855,300.87173223027435,300.7340936233186,300.6172422776386,300.51836676783813
0.0007687636992374947,365.7537001919052,365.6091359874565,365.1773913010714,364.46431041274167,363.47948693525734,362.2360417263124,360.7503216073779,359.04153121064473,357.13130866994834,355.0432589410756,352.80245806976825,350.43494320087524,347.96720780206886,345.4257048217086,342.83638312153806,340.2242642750858,337.6130537099747,335.02482891610026,332.47976464128317,329.9959345044101,327.58916822413215,325.27297158578193,323.0585034352843,320.9546045724787,318.9678762116815,317.102792613143,315.361850012129,313.7457488890772,312.2535747740884,310.88300304505066,309.630520323728,308.4916177361703,307.4609870554472,306.53272818945476,305.7005199039644,304.95776097546207,304.29774722502873,303.7137652688907,303.1992110432601,302.7476832422142,302.3530323505728,302.0094372707946,301.71142466176184,301.45390448950087,301.2321800040043,301.04194798770675,300.87930216145014,300.7407130910203,300.62301471265016,300.5233871316204
0.0007737636992374947,365.9112441882415,365.7664549462885,365.33403709713764,364.61984074129913,363.6334690955279,362.38805625795646,360.8999657310426,359.18842202115485,357.2750860415722,355.183588106559,352.9390318468638,350.5674838461076,348.0954684724073,345.54947064560236,342.9554718792703,340.3385266799011,337.7223733334213,335.12912174285,332.5789783003115,330.0900471910113,327.6781873486814,325.3569321813054,323.1374663453539,321.0286544833517,319.03711952562156,317.1673552298008,315.42187505120296,313.80139435800777,312.30501125586113,310.93041138859286,309.67408942734744,308.5315423649435,307.4974658115916,306.5659615633841,305.7307085063388,304.9851038681813,304.3224404702437,303.73600059563626,303.2191747104593,302.76555507866874,302.3689849204854,302.0236352557101,301.7240243503957,301.46505344119544,301.2420168358099,301.05060228757355,300.8868945161575,300.7473552074136,300.6288096202542,300.5284294738645
0.0007787636992374948,366.06757282292466,365.9225611458935,365.4894779104629,364.774178945921,363.786276922063,362.53891897028757,361.04848501455876,359.33421912854806,357.41780465639886,355.32289688694095,353.07462662350054,350.69908945463175,348.22284020096475,345.67239529897637,343.07376845933567,340.45204667367864,337.8310006514324,335.2327722927611,332.6775992419147,330.18361588635827,327.7667100425782,325.44044244331974,323.2160232943248,321.10234085716723,319.1060395929267,317.2316326095005,315.48165047231385,313.85682336337334,312.3562619239076,310.9776620556652,309.71752649996773,308.5713581637014,307.5338565643949,306.59912547656165,305.760844013136,305.01240797352494,304.34710730977076,303.7582201099081,303.23913151246893,302.78342749572903,302.3849441596681,302.0378447832245,301.7366393774565,301.47622058182657,301.25187388716654,301.0592781354388,300.89450915448873,300.754019850816,300.63462689762775,300.5334937105894
0.0007837636992374948,366.2227008516801,366.0774693039785,365.64372834522925,364.9273394433332,363.93792457278715,362.6886436946254,361.19589289925733,359.4789355259861,357.5594770071188,355.4611972285697,353.2092537606674,350.8297707702045,348.3493330896898,345.79448822471187,343.19128163549937,340.56483235799965,337.9389430969841,335.33578733999565,332.7756335969308,330.2766460985739,327.85474121632603,325.52350671362734,323.29417808735445,321.1756669969471,319.1746392507686,317.29562716097286,315.54117829366976,313.91203757071406,312.40732812837246,311.02475611724464,309.7608323681864,308.6110657476746,307.57015974869273,306.6322202121543,305.7909265821965,305.03967334787933,304.37174771991977,303.78042372683905,303.2590813197293,302.80130033331193,302.4009098894926,302.05206566610593,301.74926955517856,301.487405729474,301.26175098687105,301.06797537436563,300.9021459361839,300.7607068990884,300.6404664413971,300.5385797571847
0.0007887636992374948,366.3766427616707,366.23119387044073,365.796802740055,365.0793363884024,364.0884259488732,362.8372440119705,361.34220258381174,359.6225839727517,357.70011536231107,355.5985008643013,353.34292441718685,350.9595383462963,348.47495706252676,345.91575870021813,343.30802002868916,340.6768916942043,338.04620797523694,335.4381735430352,332.87308739225284,330.36914324307793,327.9422856983932,325.6061292620267,323.3719344669411,321.24863615167885,319.2429212901696,317.3593412539382,315.6004605008682,313.9670386186363,312.45821119744824,311.0716946266767,309.80400784467184,308.65066572129365,307.6063757911264,306.665246047269,305.8209563670163,305.066900044635,304.39636167503596,303.8026113603598,303.2790240020171,302.819173431026,302.4168819312328,302.0662977171224,301.7619146958116,301.4986087021893,301.2716479636103,301.07669384720583,300.9098047206613,300.7674162296637,300.6463281476645,300.5436875284339
0.0007937636992374948,366.5294127781345,366.3837490339857,365.94871517455533,365.2301836806029,364.23779470107905,362.9847332591777,361.4874270302174,359.7651770000048,357.83973177195367,355.73481931874306,353.4756495546732,351.08840255075245,348.5997218697702,346.03621584147544,343.42399211072564,340.7882325068114,338.1528024666512,335.5399374474987,332.969966553361,330.4611126448465,328.029348237217,325.68831428807636,323.4492961144662,321.3212515176541,319.3108884571552,317.42277722009214,315.65949904773186,314.02182811951707,312.50891243796457,311.1184786201656,309.8470537285671,308.69015867852033,307.64250511041394,306.6982032531735,305.8509335169264,305.09408811433195,304.42094914761884,303.8247829232964,303.2989594285262,302.83704662824005,302.43286010612337,302.0805407490934,301.7745746116653,301.50982931803577,301.2815646459983,301.08543339663265,300.9174853670492,300.77414771957507,300.65221191203307,300.5488169385382
0.0007987636992374948,366.6810248708118,366.53514872853606,366.09947947569617,365.3798949702792,364.38604423588447,363.13112453493454,361.63157896958126,359.9067269163587,357.9783380727599,355.870163913331,353.6074399423351,351.21637357030676,348.72363709228193,346.15586860695004,343.53920620793406,340.89886248682905,338.25873363000164,335.64108548887054,333.06627690677465,330.5525595406016,328.11593350314314,325.77006592280225,323.52626665168555,321.39351623976125,319.3785434538678,317.485937354057,315.7182958571164,314.07640766018426,312.55943313595674,311.1651091172457,309.88997080587933,308.72954520316677,307.6785481176099,306.7310920955077,305.8808581772639,305.12123760479926,304.4455101084358,303.84693832746416,303.3188874679458,302.85491976414886,302.44884423541566,302.0947945749384,301.7872491151531,301.5210673951277,301.29150086261143,301.0941938651735,300.92518773421455,300.78090124548294,300.6581176296319,300.55396790113826
0.0008037636992374948,366.8314927601725,366.6854066394408,366.2491092239494,365.5284836647124,364.53318772143587,363.27643070555337,361.7746709077328,360.04724581328094,358.11594589334834,356.004545771248,353.73830616162655,351.343461414954,348.8467121455758,346.2747258013866,343.65367050464334,341.0087891949617,338.36400840529825,335.7416239951432,333.1620241824267,330.6434890809293,328.2020460903043,325.85138823035015,323.60284964217317,321.46543341273866,319.4458889396448,317.5488239143035,315.77685282169165,314.13077880257384,312.60977455721445,311.211587121237,309.9327598498545,308.7688258692025,307.71450521635575,306.7639128344867,305.9107304895376,305.14834856128886,304.4700445266313,303.86907748375654,303.3388079885341,302.87279267783504,302.46483414043126,302.10905900772354,301.79993801883313,301.53232275166755,301.3014564420222,301.10297509524116,300.9329116807924,300.7876766837017,300.6640451951406,300.5591403293366
0.0008087636992374948,366.98082992344933,366.8345362094914,366.397617759257,365.6759629339991,364.67923809330705,363.4206644105831,361.9167151306581,360.1867455703268,358.252566659252,356.1379758221907,353.8682586107551,351.4696759221872,348.9689562837759,346.3927960794824,343.767393046575,341.1180200647173,338.4686336166158,335.841559189376,333.2572140159629,330.7339063323326,328.28769051843796,325.9322852095857,323.6790485927189,321.53700608238586,319.5129275320613,317.6114391240408,315.8351718046958,314.1849430843644,312.6599379478122,311.2579136196845,309.97542162133936,308.8080012410509,307.7503768031212,306.7966657250967,305.9405505915855,305.1754210266038,304.4945523698308,303.89120030223114,303.35872085818954,302.8906652083294,302.4808296426132,302.12333386070634,301.8126411354483,301.54359520598223,301.3114312128326,301.11177692916385,300.9406570652138,300.7944739102254,300.66999450281253,300.5643341357195
0.0008137636992374948,367.12904960048496,366.9825506447515,366.5450181868107,365.8223457167478,364.82420806008133,363.56383806824783,362.0577237097683,360.32523786021136,358.38821159777297,356.2704648069879,353.9973075090494,351.59502676110316,349.0903786034522,346.51008794944914,343.8803817441291,341.22656240541835,338.5726159748353,335.94089719217595,333.35185195097057,330.82381627921876,328.3728712346481,326.01276079564377,323.75486695468123,321.6082372467364,319.57966180793903,317.673785172078,315.8932546406658,314.2389020195913,312.70992453462094,311.3040895847821,310.0179568691303,308.8470718738737,307.7861632674357,306.82935101728253,305.97031861772723,305.2024550412208,304.51903360424126,303.91330669219144,303.3786259445191,302.9085371946679,302.49683056357526,302.1376189473791,301.82535827796477,301.55488457655736,301.3214250037056,301.12059920921524,300.94842374573295,300.80129280075306,300.6759654464983,300.5695492323771
0.0008187636992374949,367.27616479940053,367.12946292020933,366.6913233826556,365.96764472560216,364.96811010876394,363.70596388071937,362.1977085070058,360.46273415372593,358.52289174268856,356.4020232820782,354.1254629011941,351.719523436383,349.2109880473387,346.6266097764636,343.9926443755676,341.33442340511965,338.6759620803015,336.03964402410077,333.4459434411373,330.91322382582615,328.45759261511176,326.0928188614296,323.83030812529853,321.6791298571937,319.6460943043231,317.7358642136577,315.95110313614293,314.29265709923936,312.75973552580314,311.35011597378235,310.0603663303098,308.8860383138463,307.82186499211195,306.86196895612846,306.00003469890953,305.22945064340894,304.5434881947465,303.93539656226517,303.3985231149026,302.9264084759463,302.5128367251488,302.1519140815095,301.8380892596082,301.56619068207095,301.33143764339593,301.1294417776419,300.9562115804534,300.80813323071294,300.68195791966815,300.5747855309251
0.0008237636992374949,367.42218830209094,367.27528578525767,366.8365459991223,366.1118724525947,365.1109565100285,363.8470538392294,362.3366811797957,360.59924572450575,358.6566179388144,356.5326616238517,354.2527346613354,351.84317529215093,349.33079340793824,346.7423697860152,344.10418859010156,341.44161013343836,338.77867842539877,336.13780560798847,333.53949385234415,331.0021337980914,328.541858966733,326.172463219073,323.9053754489577,321.749686819631,319.7122275194276,317.79767837126303,316.00871907035577,314.34620979181665,312.8093721112904,311.3959937293916,310.1026507305712,308.92490109842254,307.85748235346057,306.8945197820317,306.02969896284696,305.2564078693423,304.56791610499926,303.95746982047945,303.4184122365553,302.94427889137296,302.52884794942776,302.1662190771806,301.8508338938996,301.5775133414254,301.34146896077965,301.13830447669153,300.9640204273537,300.81499507528645,300.68797181543385,300.58004294252447
0.0008287636992374949,367.5671326695551,367.42003176900766,366.9806984700954,366.25504117434065,365.25275932330584,363.9871197290262,362.47465318584676,360.73478365365327,358.7894008464297,356.6623900328601,354.3791324970633,351.9659915157177,349.44980333101967,346.8573760671509,344.21502191088535,341.5481295442971,338.88077139704944,336.23538777121735,333.63250846469504,331.09055094545903,328.6256745287457,326.25169762133794,323.9800722184247,321.81991099545655,319.7780639135516,317.85922973539834,316.06610419588134,314.39956154390916,312.8588354632455,311.4417237801517,310.1448107845316,308.96366075658983,307.89301572149714,306.92700373086967,306.0593115341556,305.2833267532086,304.5923172975087,303.9795263743324,303.43829317658714,302.9621482803183,302.5448640588117,302.1805337488279,301.8635919946888,301.58885237377837,301.3515187848826,301.14718714863943,300.97185014431267,300.8218782094311,300.69400702657066,300.585321377901
0.0008337636992374949,367.71101024706536,367.5637131854442,367.123793016124,366.39716295707404,365.3935304017207,364.1261731341848,362.61163578781,360.86935883422257,358.92125094556945,356.79121853790116,354.50466595327333,352.0879811412103,349.5680263190079,346.9716365756237,344.3251517379199,341.6539884785855,338.982247279136,336.33239624789604,333.7249924744838,331.17847994263667,328.7090434742679,326.3305257629886,324.05440167603666,321.889805202646,319.84360590996596,317.9205203653456,316.1232602392838,314.45271378071743,312.90812673650925,311.48730704080907,310.1868471960346,309.00231780911554,307.92846546014187,306.95942103416047,306.08887253448324,305.3102073273128,304.6166917337247,304.00156613086176,303.45816580205945,302.9800164823627,302.5608848760467,302.1948579112762,301.8763633761871,301.6002075985725,301.3615869449082,301.1560896358138,300.9797005891328,300.8287825079034,300.7000634455374,300.5906207473647
0.0008387636992374949,367.8538331691835,367.70634213842726,367.26584164938015,366.5382496615356,365.53328139687954,364.2642254422716,362.74764005779696,361.0029819755705,359.05217854018974,356.91915699998106,354.62934441591426,352.2091530530943,349.6854707342751,347.0851591369467,344.4345853508703,341.75919366674117,339.0831122548518,336.42883668098943,333.81695099610397,331.26592539129734,328.7919699118085,326.4089512821146,324.1283670148577,321.95937221674365,319.9088558957731,317.98155228989714,316.18018890173494,314.5056679065757,312.9572470690321,311.5327444126711,310.22876065844224,309.0408727687843,307.9638319274108,306.9917719192177,306.1183820826328,305.3370496221779,304.6410393741186,304.02358899671094,303.4780299800394,302.9978833373428,302.5769102242652,302.20919137977387,301.8891478529986,301.61157883556416,301.37167327026356,301.1650117806212,300.98757161956416,300.8357078452806,300.706140964498,300.59594096082924
0.0008437636992374949,367.995613364628,367.8479305265449,367.4068561784699,366.6783129477143,365.67202376351895,364.40128784887236,362.8826768817655,361.1356636075798,359.18219376220907,357.04621511615954,354.75317711562496,352.3295159895929,349.8021448023332,347.19795144935733,344.54332991179905,341.863751731256,339.18337240898154,336.52471462438035,333.9083890638993,331.35289182173057,328.87445788673,326.486977761415,324.2019713797995,322.02861477183126,319.97381622273974,318.0423275080643,316.2368918596127,314.55842530545436,313.00619758229203,311.5780367839503,310.27055185491656,309.0793261406274,307.9991154756017,307.0240566092988,306.1478402946822,305.3638536666397,304.6653601782601,304.0455948781914,303.4978855776519,303.01574868539427,302.592939927023,302.22353397002627,301.90194524014964,301.6229659048508,301.3817775905857,301.17395342557035,300.9954630933271,300.842654095982,300.71223947534054,300.6012819278294
0.0008487636992374949,368.13636256099846,367.988490047824,367.54684821310343,366.81736427945106,365.80976876401553,364.5373713619871,363.0167569637756,361.2674140847564,359.3113065754311,357.17240242328285,354.8761731312635,352.4490785460031,349.91805661493316,347.31002108669355,344.6513924678197,341.96766918910623,339.28303373011414,336.6200355448708,333.99931163396155,331.4393836944444,328.9565113826659,326.56460872944524,324.27521786870767,322.09753556146916,320.0384892081043,318.10284798976625,316.29337076508244,314.6109873414468,313.05497938169856,311.62318503009783,310.31222145869225,309.11767842214323,308.0343164514714,307.0562753237486,306.17724728409837,305.3906194879391,304.68965410489153,304.06758368134297,303.51773246212883,303.0336123669944,302.60897380833563,302.2378854982271,301.9147553531181,301.63436862689736,301.3918997357661,301.18291441329546,301.00337486813373,300.84962113428986,300.7183588696972,300.6066435575403
0.000853763699237495,368.2760922893614,368.1280322043034,367.6858291686285,366.95541492890686,365.9465274727653,364.6724868062955,363.14989083012233,361.3982435902093,359.4395267793533,357.29772830160675,354.9983413933346,352.5678491779178,350.03321413307367,347.4213755011871,344.7587799536728,342.07095245411364,339.38210211279176,336.7148048241245,334.0897235858743,331.52540540172066,329.03813432289746,326.6418476618255,324.3481095334167,322.1661372396085,320.1028771353595,318.16311567649524,316.34962724665905,314.6633553592397,313.1035935569839,311.668190014125,310.35377013333914,309.15593010351085,308.06943519640856,307.0884282781366,306.2066031618478,305.41734711181,304.7139211119984,304.08955531199115,303.5375705008569,303.0514742230013,302.6250116927126,302.2522457810893,301.9275780078607,301.6457868225621,301.40203953597427,301.19189458657894,301.0113068017103,300.8566088343695,300.72449903896324,300.61202575879395
0.000858763699237495,368.41481388870375,368.266568306474,367.8238102704327,367.0924759809018,366.08231078043536,364.8066448273007,363.2820888333475,361.52816213951337,359.5668640128648,357.42220197831534,355.1196906873169,352.6858362043534,350.14762518992256,347.53202202617507,344.8654991942265,342.17360783923687,339.48058335959524,336.8090277605526,334.17962972440614,331.6109612691241,329.11933057168926,326.71869798241516,324.42064938077215,322.23442242147513,320.1669822550118,318.22313248196326,316.4056629097528,314.7155306845698,313.15204118258123,311.71305258691456,310.39519853301675,309.1940816677958,308.1044720465983,307.1205156843897,306.23590803650205,305.4440365625641,304.73816115687725,304.1115096758025,303.55739956142247,303.0693340946923,302.6410534051902,302.26661463587374,301.9404130208393,301.65722031312066,301.4121968216812,301.2008937883732,301.0192587518171,300.86361707028925,300.7306598743152,300.61742844009734
0.000863763699237495,368.55253851025776,368.4041094775916,367.9608025582186,367.228558337129,366.21712939809396,364.93985589535123,363.41336115613706,361.6571795844617,359.6933277578381,357.54583253093807,355.24022965689426,352.8030478107865,350.261297493654,347.6419678787335,344.97155690690613,342.2756415587972,339.5784831831703,336.90270957114535,334.26903478115435,331.69605555696785,329.20010393558636,326.79516306445055,324.49284037362395,322.3023936844289,320.23080678531767,318.2829002927279,316.46147933719675,314.7675146246654,313.2003233179912,311.7577735875226,310.4365073027195,309.23213359114834,308.1394273331823,307.1525377509199,306.26516201433975,305.47068786317163,304.7623741962007,304.1334466783365,303.57721951165513,303.08719182380025,302.6570987713629,302.2809918804172,301.95326020904645,301.66866892028975,301.4223714236814,301.20991186182164,301.0272305762691,300.8706457160393,300.73684126672975,300.62285150964914
0.000868763699237495,368.6892771217017,368.540666657865,368.0968168901561,367.3636727202479,366.35099386122096,365.07213030954983,363.54371781510616,361.7853056167106,359.81892734261805,357.66862889066954,355.3599668070956,352.91949205210534,350.3742386302053,347.7512201622362,345.07695970405297,342.37705973064027,339.6758072081948,336.99585539325005,334.35794341614235,331.78069246173663,329.28045816467267,326.87124623165164,324.5646854317894,322.37005356879604,320.2943529129971,318.34242096880024,316.5170780897597,314.8193084686744,313.2484410081364,311.8023538434688,310.47769707851415,309.2700863429957,308.17430138241275,307.184494682747,306.294365199444,305.49730103533926,304.78656018607967,304.1553662250965,303.59703021966874,303.10504725254793,302.6731476174131,302.2953773331591,301.96611939002935,301.6801324662499,301.4325631731142,301.21894865027946,301.03522213295514,300.87769464555043,300.7430431070004,300.6282948753562
0.000873763699237495,368.82504051124124,368.6762506085262,368.2318639469179,367.49782967786075,366.48391453360534,365.2034782015506,363.67316866447675,361.91254977132087,359.94367194541087,357.79059984559444,355.47891050734495,353.03517685547666,350.48645606595403,347.85978586884,345.18171409521767,342.47786837823674,339.7725609732907,337.08847028629975,334.4463602193699,331.8648761174693,329.36039695379503,326.9469507592954,324.63618743298906,322.43740457867807,320.35762279392804,318.4016963442337,316.57246070664223,314.87091348807957,313.2963952837051,311.84679417101916,310.5187684877692,309.3079403862271,308.2090945158003,307.21638668161654,306.32351769379653,305.5238760995846,304.8107190821223,304.1772682215772,303.61683155390074,303.1229002236816,302.6891997701401,302.3097708131663,301.97899038191326,301.691610773667,301.4427719014847,301.22800399733296,301.0432332798574,300.8847637327125,300.7492652857556,300.63375844484966
0.000878763699237495,368.9598392915757,368.81087191578496,368.3659542355991,367.6310395863775,366.6159016111325,365.3339095392479,363.8017233996517,362.0389214301989,360.06757059757905,357.911754043822,355.5970689944253,353.1501100231312,350.59795715032146,347.9676718819003,345.2858264893868,342.578073432723,339.8687499328812,337.18055923349186,334.53428971232097,331.94861059710115,329.43992394375005,327.0222798752587,324.7073492137551,322.5044491827366,320.420618553818,318.46072822769577,316.62762870595856,314.9223309371,313.344187161484,311.8910953754587,310.5597221493767,309.34569617737225,308.24380705025766,307.2482139461143,306.3526195973676,305.5504130753079,304.8348508394919,304.1991525733107,303.63662338314987,303.1407505805021,302.70525505698686,302.32417214015834,301.99187300342396,301.7031036657133,301.45299744068336,301.23707774681895,301.05126387506937,300.89185285139166,300.75550769347495,300.639242125501
0.000883763699237495,369.09368390375266,368.94454099467225,368.4990980935282,367.7633126547713,366.7469651254644,365.463434130363,363.9293915606879,362.1644298254417,360.19063218684244,358.0320999965317,355.7144503753596,353.26429923507226,350.708749118301,348.074884978319,345.38930319714905,342.67768073488503,339.96437945899635,337.27212714342005,334.62173634942735,332.0318999137696,329.51904272243905,327.0972367610315,324.7781735703134,322.57118981495574,320.48334228885784,318.51951840302297,316.6825835852034,314.97356205308154,313.39181764468026,311.93525825135555,310.60055867396676,309.38335416677467,308.2784392982374,307.27997667177544,306.38167100820317,305.5769119808606,304.85895541296065,304.22101918591017,303.65640557661203,303.15859816689493,302.72131330606624,302.33858113452993,302.0047670739086,301.71461096608743,301.46323962300534,301.2461697428435,301.059313776814,300.8989618754479,300.761770220506,300.6447458244377
0.000888763699237495,369.22658462091476,369.07726809277654,368.6313056919711,367.8946589282296,366.8771149476181,365.5920616259299,364.05618253567354,362.28908404258766,360.3128654603905,358.15164608093573,355.8310626302117,353.37775205170766,350.8188390929176,348.18143183082685,345.4921504327993,342.77669603708665,340.05945484302777,337.36317885165965,334.7087045194925,332.11474802208204,329.59775682598945,327.1718245527014,324.8486632594415,322.6376288753826,320.5457960663557,318.57806862975923,316.7373268217057,315.02460805687423,313.4392877232341,311.97928358281644,310.64127866411525,309.4209147987582,308.31299156786525,307.3116750511901,306.4106720225081,305.6033728336109,304.8830327569623,304.2428679651121,303.6761780039144,303.17644282735944,302.73737434618596,302.3529976173733,302.0176724133568,301.72613249903384,301.473498281169,301.25527982979906,301.06738284346096,300.90609067875164,300.76805275708006,300.65026944855754
0.0008937636992374951,369.3585515519429,369.2090632938761,368.76258703973235,368.0250882917041,367.00636079144425,365.71980152368496,364.18210556401056,362.41289302377936,360.4342790279093,358.27040054315717,355.9469136148093,353.49047591640965,350.9282340876186,348.2873190102027,345.5943743163855,342.8751250051448,340.1539812974348,337.45371912231093,334.7951985470758,332.19715881934866,329.67606973984476,327.24604634191013,324.91882099930046,322.70376873084615,320.60798192535265,318.6363806436785,316.7918598730678,315.0754701531993,313.4865983741216,312.02317214373505,310.6818827145441,309.4583785117881,308.34746416306837,307.3433092741056,306.43962273472624,305.62979565000734,304.90708282564185,304.2646988168157,303.69594053514805,303.1942844070354,302.7534380068718,302.3674214104994,302.03058884241943,301.73766808936097,301.48377324833365,301.26440785238265,301.0754709335434,300.9132391351999,300.7743551933279,300.6558129045445
0.0008987636992374951,369.48959464499893,369.33993652147194,368.8929519866572,368.1546104733625,367.1347122170098,365.8466631713628,364.30716973960773,362.53586557083634,360.55488136452334,358.3883715010311,356.0620110633922,353.60247815800426,351.0369410085991,348.39255298743154,345.6959808756993,342.9729732201527,340.24796395740424,337.54375264949715,334.88122269383695,332.27913614678135,329.7539848998251,327.3199051767836,324.98864947024515,322.7696117156564,320.6699018772215,318.6944561572926,316.8461841775927,315.12614953100496,313.53375056164833,312.066924698031,310.7223714123159,309.49574573862753,308.38185738369947,307.37487952752366,306.46852323761755,305.65618044563917,304.93110557290356,304.28651164712164,303.7156930408988,303.2121227517295,302.7695041183906,302.3818523364578,302.04351618242754,301.74921756245925,301.4940643581169,301.2735536556122,301.08357790577423,300.92040711873244,300.7806774192952,300.6613760988829
0.0009037636992374951,369.61972369097106,369.46989754222307,369.02241022703777,368.28323504794605,367.2621786338888,365.9726557699021,364.43138401398596,362.6580103482464,360.6746808136588,358.505566946828,356.1763625911884,353.713765993192,351.14496665706343,348.4971401358039,345.7969760482111,343.0702461802532,340.3414078824633,337.63328405882436,334.9667811598457,332.3606837906591,329.83150569315706,327.39340406283605,325.0581513156108,322.83516013228353,320.73155790624725,318.75229686034425,316.9003011546983,315.1766473638108,313.58074523773337,312.1105419998835,310.76274533702195,309.5330169064876,308.4161715256567,307.40638599579535,306.4973736223322,305.68252723529406,304.9551009524563,304.3083063623679,303.7354353922773,303.22995770793983,302.7855725117712,302.3962902185566,302.0564542554108,301.76078074431814,301.50437144461085,301.2827170848424,301.0917036190624,300.9275945033469,300.78701932495716,300.6669589378711
0.0009087636992374951,369.74894832682577,369.598955969289,369.15097130292656,368.4109714400357,367.388769304363,366.09778837656427,364.5547571992987,362.7793358860744,360.7936855898279,358.62199474990325,356.28997569692024,353.824346528904,351.25231773142536,348.6010867329579,345.8973656829544,343.1669493023644,340.4343180580503,337.7223179087986,335.0518780848543,332.4418054834622,329.90863545947616,327.4665459638491,325.127329142478,322.9004162520178,320.79295197019246,318.80990442028576,316.95421220532,315.2269648100432,313.62758334218597,312.15402479395493,310.8030050609639,309.5701924371731,308.4504068809987,307.4378288607119,306.52617397848167,305.7088360330144,304.97906891785766,304.3300828691648,303.75516746094655,303.2477891228795,302.80164301882496,302.4107348808799,302.06940288411363,301.7723574615423,301.51469434239834,301.29189798578085,301.0998479325274,300.9348011631141,300.793380800233,300.6725613276361
0.0009137636992374951,369.8772780388687,369.7271212655809,369.27864460735987,368.5378289272294,367.5144933465357,366.2220699079678,364.67729797127186,362.8998505827924,360.9119037813383,358.73766265927566,356.40285776524195,353.93422676459346,351.35900082944937,348.70439896286666,345.9971555423573,343.2630879238581,340.52669939704174,337.8108586922074,335.1365175495357,332.5225049049745,329.98537749180224,327.539333802727,325.1961855224168,322.9653823156115,320.854086000846,318.86728048274455,317.007918712301,315.2771030133605,313.67426580297257,312.1973738156108,310.84315114933014,309.6072727472233,308.48456373805624,307.46920830159195,306.5549243942074,305.7351068521504,305.0030094225557,304.3518410744282,303.7748891191492,303.26561684449894,302.81771547216516,302.4251861483057,302.0823618920123,301.7839475413674,301.52503288656806,301.3010962045031,301.1080107055151,300.94202697219225,300.7997617350006,300.6781831741468
0.0009187636992374951,370.0047221659182,369.85440274692627,369.4054393874952,368.6638166432346,367.6393597373626,366.345509143041,364.7990148720637,363.0195627080341,361.0293433529299,358.8525783061358,356.5150160691137,354.0434135944667,351.4650224503336,348.80708291777177,346.0963513040267,343.35866730419394,340.6185567412389,337.8989108374622,335.2207035766888,332.6027856833574,330.06173503748755,327.6117704623283,325.2647229922099,323.0300605339035,320.9149619045567,318.92442667197537,317.0614220407726,315.32706310296777,313.7207935364772,312.24058979113005,310.8831841603664,309.64425824804846,308.51864238154036,307.5005244953665,306.58362495624635,305.761339705411,305.0269224199286,304.3735808854108,303.79460023973274,303.2834407215072,302.83378970522557,302.43964384652264,302.0953311033297,301.7955508116751,301.53538691272934,301.31031158746674,301.1161917976115,300.94927180484154,300.80616201910937,300.68382438322715
0.0009237636992374951,370.1312899023934,369.98080958514834,369.53136474766427,368.7889435808779,367.76337731560113,366.4681147258958,364.91991631304836,363.13848040527614,361.14601214834124,358.966749206289,356.6264577721105,354.15191380965365,351.5703889967385,348.9091446000664,346.19495856248335,343.45369262650905,340.70989486281485,337.98647870990607,335.30444013241106,332.6826513961936,330.1377112991396,327.683858786275,325.33294405455683,323.09445308842544,320.9755815627524,318.9813445912996,317.11472353852224,315.37684619392394,313.76716744775285,312.2836734379107,310.92310464554066,309.68114934606103,308.55264309264555,307.53177761665995,306.6122757499944,305.78753460491356,305.05080786332326,304.3953022097326,303.8143006961741,303.301260603392,302.84986555227744,302.45410780204537,302.10831034305136,301.8071671010075,301.54575625702637,301.31954398152607,301.12439106865696,300.95653553543775,300.8125815423949,300.68948486056934
0.0009287636992374951,370.256990301321,370.106350811064,369.65642965234474,368.9132185950343,367.88655478468183,366.58989516862516,365.0400105775266,363.2566116944471,361.2619178928078,359.0801827625318,356.73718993067075,354.25973410032174,351.6751067767606,349.01058992412675,346.2929828308528,343.5481689991663,340.80071846572264,338.07356661308603,335.3877311272404,332.7621055715038,330.21330943552005,327.7556015797406,325.4008511787587,323.15856213199265,321.03594683244404,319.0380358235327,317.16782453635216,315.42645338743927,313.8133884307664,312.3266254646686,310.9629131497036,309.7179464428032,308.58656614915054,307.5629678378684,306.64087685956736,305.81369156223036,305.07466570609176,304.41700495540925,303.83399036260215,303.31907634043904,302.8659428484467,302.4685778422299,302.1212994369381,301.8187962385807,301.5561407561519,301.32879323394553,301.13260837875987,300.96381803848556,300.8190201946915,300.69516451174655
0.0009337636992374952,370.38183227726194,370.23103531740196,369.78064292905447,369.03665040547975,368.00890071550305,366.7108588540272,365.15930582336364,363.373964474469,361.37706819549453,359.192886266967,356.8472194962861,354.3668810577337,351.7791820058554,349.1114247180975,346.3904295425098,343.642101457262,340.8910321870671,338.1601787899923,335.4705804172663,332.8411516887366,330.2885325624183,327.827001610216,325.46844680138463,323.22238978927874,321.0960595467173,319.09450193139975,317.22072634842806,315.47588577116414,313.85945736863596,312.3694465716305,311.00261021124317,309.7546499350702,308.62041182551525,307.5940953292356,306.669428367859,305.83981058843415,305.09849590162605,304.43868903087946,303.85366911382005,303.33688778375,302.88202142972904,302.4830537952879,302.134298211541,301.83043805429816,301.56654024736,301.3380591924125,301.1408435883097,300.971119188632,300.8254778658449,300.70086324222507
0.0009387636992374952,370.50582460916166,370.35487186164505,369.904013271168,369.1592475996681,368.1304235491536,366.83101403825714,365.2778100855587,363.4905465257317,361.4914705518642,359.3048669032579,356.9565533176326,354.47336117625184,351.8826208087089,349.21165472562876,346.4873040526813,343.73549496409316,340.9808405984397,338.2463194242647,335.55299180521257,332.9197931797316,330.36338375350374,327.89806160825606,325.5357333269202,323.2859381573743,321.1559215152094,319.15074445793914,317.273430272617,315.52514441946994,313.9053751338613,312.4121374507208,311.04219636223525,309.7912602150293,308.65418039297435,307.62516025892523,306.69793035659757,305.86589169414094,305.1222984033914,304.46035434503125,303.87333682532574,303.35469478525954,302.8981011330053,302.4975354902998,302.1473064942131,301.8420923787632,301.57695456847927,301.3473417050506,301.1490965579896,300.9784388606787,300.831954445725,300.70658095737696
0.0009437636992374952,370.6289759431255,370.4778690687978,370.0265492406617,369.2810186354366,368.2511315995636,366.9503688534104,365.3955312787475,363.60636551250195,361.6051323459852,359.41613174882366,357.0651981426481,354.5791808552899,351.98542922106196,349.3112856075687,346.5836116400071,343.8283544125876,341.0701482072202,338.33199264136806,335.63496904149065,332.99803342965834,330.437866041154,327.9687842682064,325.60271312839933,323.3492093063314,321.21553452457385,319.2067649268962,317.32593759081726,315.5742303937222,313.95114258854767,312.45469878574363,311.08167212858876,309.82777767033565,308.6878721196276,307.65616279309154,306.72638290639986,305.8919348895518,305.14607316495824,304.4820008072262,303.89299337333165,303.372497197752,302.9141817960551,302.5120227572283,302.1603241131226,301.85375904329135,301.58738355792434,301.3566406204314,301.157367148789,300.9857769295947,300.83844982423807,300.7123175624914
0.0009487636992374952,370.7512947951226,370.6000354340822,370.1482592707857,369.40197184363996,368.3710330560863,367.0689313100388,365.51247719963925,363.72142898527204,361.7180608527783,359.5266877769776,357.1731606205544,354.6843464012144,352.0876131914853,349.41032294361264,346.67935750806055,343.9206846266967,341.158959457843,338.41720250973674,335.716515825227,333.07587577792975,330.51198241726274,328.0391722489102,325.6693885480187,323.41220527969267,321.274900338933,319.2625648431051,317.37824956927767,315.62314474254555,313.9967605846232,312.4971312525584,311.12103803018715,309.86420268424354,308.7214872705277,307.68710309594707,306.75478609682307,305.91794018449247,305.1698201400326,304.5036283273233,303.9126386347835,303.39029487487653,302.9302632575708,302.5265154269298,302.1733508972636,301.8654378799213,301.59782705470786,301.36595578758636,301.1656552220155,300.993133270528,300.8449638913387,300.7180729627865
0.0009537636992374952,370.8727895536194,370.72137932556416,370.26915166866775,369.52211543071735,368.49013598601374,367.18670929960206,365.62865552939184,363.83574438304544,361.83026324020614,359.6365418590113,357.2804473038284,354.78886402919795,352.18917858311124,349.50877223390904,346.7745467868293,344.0124903627523,341.2472787330322,338.5019530418901,335.79763580526316,333.15332351909296,330.5857358340261,328.10922817439786,325.7357618977368,323.4749280950078,321.3340207003177,319.31814569286064,317.4303674589099,315.6718885020817,314.04222996405014,312.53943551925113,311.1602945810249,309.90053563571485,308.75502610776414,307.7179813298273,306.78314000641456,305.9439075884511,305.1935392824847,304.52523681570136,303.93227248737765,303.40808767116135,302.9463453571692,302.5410133311664,302.18638667646786,301.8771287214264,301.6082848984515,301.3752870560186,301.1739606393062,301.00050775881743,300.851496537041,300.72384706342086
0.0009587636992374952,370.9934684821461,370.84190898671204,370.38923461785066,369.6414574811932,368.6084483370282,367.3037105968556,365.74407383592535,363.94931903556636,361.9417465714069,359.7457007662246,357.38706465012245,354.89273986502377,352.29013117532014,349.6066389006255,346.8691845341597,344.10377631078927,341.33511035500453,338.5862481955192,335.8783325811303,333.2303799036968,330.65912920470885,328.17895463455824,325.8018354598571,323.5373797443348,321.39289732909606,319.37350894428124,317.4822924955906,315.7204626962403,314.0875515590298,312.58161224630027,311.19944228934025,309.93677689952335,308.7884888905452,307.74879765525435,306.81144471276036,305.96983711061506,305.21723054637744,304.5468261832797,303.95189480957816,303.42587544202786,302.962427935404,302.5555163026168,302.19943128141483,301.8888314013251,301.61875692939674,301.3846342757131,301.1822832626394,301.00790027000426,300.85804765143064,300.7296397695044
0.0009637636992374952,371.1133397217974,370.9616325388907,370.50851618076416,369.76000596011426,368.7259779395905,367.4199428621786,365.85873957617696,364.0621601654906,362.0525178067736,359.8541711719045,357.4930190241362,354.9959799468456,352.3904766653836,349.703928289474,346.9632757371632,344.1945470958342,341.4224585866418,338.6700918745462,335.95860970399934,333.30704813913724,330.73216540439097,328.2483541857925,325.8676114875958,323.5995621947303,321.4515319243908,319.42865604766047,317.5340259004564,315.76886833694203,314.1327261922023,312.623662086738,311.2384816577439,309.97292684635636,308.8218758752766,307.779552230997,306.8397002925309,305.9957287599057,305.2408938859918,304.56839634153914,303.97150548063223,303.44365804380334,302.978510833777,302.5700241748861,302.21248454364184,301.9005457538907,301.629242988415,301.3939972971481,301.190622954345,301.0153106798428,300.86461712467536,300.73545098610936
0.0009687636992374953,371.23241129366943,371.0805579837915,370.62700430113455,369.87776871542474,368.84273250926805,367.5354136438423,365.9726600982988,364.17427489050294,362.16258380598055,359.9619596532535,357.5983166994405,355.09859022690307,352.4902206700669,349.8006456711984,347.0568253135884,344.2848072791619,341.50932763263415,338.7534879301565,336.0384706776066,333.3833313904812,330.8048472706956,328.3174293516517,325.93309220563594,323.66147738872473,321.5099261644851,319.4835884358107,317.5855688801908,315.8171064243567,314.1777546768398,312.66558568630643,311.27741318334347,310.0089858429129,308.85518731563815,307.81024521412945,306.8679068215253,306.0215825450117,305.2645292558525,304.5899472025404,303.9911043805855,303.46143533373305,302.99459389474816,302.5845367825159,302.2255462955535,301.912271614161,301.63974291701777,301.40337597130485,301.1989795771151,301.0227388643112,300.87120484703564,300.7412806182808
0.0009737636992374953,371.35069110123624,371.19869320580153,370.7447068063334,369.9947534802821,368.95871964900437,367.65013038022175,366.08584264380033,364.28567022538004,362.2719513299585,360.0690726932703,357.7029638602568,355.20057657319313,352.58936872719147,349.8967962430246,347.1498381131579,344.37456135952016,341.595721640594,338.83644016180574,336.11791895915655,333.4592327812702,330.87717760449806,328.38618262345784,325.9982798106664,323.72312724478763,321.56808170721894,319.5383075243973,317.636922627303,315.86517794713296,314.2226378170353,312.7073836836096,311.3162373578648,310.04495425199855,308.888423462657,307.8408767600876,306.8960643747145,306.0473984744209,305.28813661075213,304.6114786789423,304.01069139029573,303.4792071699918,303.0106769617459,302.59905396099316,302.2386163704307,301.9240088179475,301.65025655736565,301.41277014967744,301.2073529940146,301.0301846996221,300.8778107088754,300.74712857104726
0.0009787636992374953,371.46818693266533,371.31604597431306,370.86163140966784,370.1109678753141,369.0739468513313,367.7641004019515,366.1982943496373,364.3963530840027,362.38062704282186,360.1755166825827,357.8069666031903,355.30194477110103,352.6879262971575,349.992385130074,347.242318918872,344.4638137743242,341.6816447021426,338.9189523182007,336.1969579602018,333.5347553943032,330.94915917061746,328.45461646090945,326.0631764719078,323.78451365777937,321.62600019037427,319.5928147122635,317.6880883204,315.91308388262325,314.26737640788576,312.74905671026124,311.35495466776933,310.0808324326178,308.92158456477904,307.8714470227236,306.9241730262818,306.0731765564515,305.3117159057734,304.63299068401943,304.030266391446,303.4969734116946,303.0267598791759,302.6135755467593,302.2516946024386,301.935757201844,301.66078375227755,301.42217968428236,301.21574306849044,301.03764806223256,300.8844346006725,300.75299474943034
0.0009837636992374953,371.5849064630765,371.4326239459756,370.9777857126127,370.22641941081963,369.1884215005267,367.8773309340281,366.3100222502485,364.5063302813175,362.48861751374625,360.2812979212356,357.9103309389219,355.40270052498965,352.7858987644294,350.08741738674246,347.33427244828056,344.5525689008212,341.76710085396996,339.001028098257,336.2755910475015,333.60990227240063,331.02079469849104,328.522733292672,326.1277843316249,323.8456384993923,321.6836832320512,319.6471113817479,317.7390671244509,315.96082519710205,314.3119712356697,312.7906053910281,311.3935655943677,310.11662074006324,308.9546708679378,307.90195615435806,306.9522328496622,306.09891679928035,305.33526709631127,304.65448313167764,304.0498292665576,303.51473391890653,303.0428424924303,302.62810137721726,302.2647808266353,301.94751660323465,301.6713243452395,301.4316044276675,301.2241496643814,301.0451288288539,300.89107641302803,300.7588790584552
0.0009887636992374953,371.7008572567441,371.54843466689215,371.09317720698834,370.3411154889157,369.30215087471805,367.98982909786025,366.42103327954175,364.6156085352498,362.59592921880085,360.38642262043413,358.01306279385716,355.50284945975045,352.88329143898466,350.1818979980452,347.4257033547233,344.6408310572266,341.8520940788683,339.0826711520324,336.35382154385803,333.68467641914896,331.09208688283144,328.5905355169536,326.1921055056264,323.90650361858064,321.74113243103363,319.7011988989932,317.7898601910446,316.0084028459782,314.3564230780211,312.83203034396917,311.43207061393065,310.15231952600175,308.9876826156213,307.93240430583063,306.98024391758076,306.1246192109721,305.3587901380935,304.67595593646996,304.0693798990013,303.5324885526523,303.0589246478954,302.64263129074016,302.27787487897865,301.95928686030203,301.68187818041264,301.4410442329211,301.23257264592735,301.0526268764611,300.8977360366764,300.76478140316
0.0009937636992374953,371.81604676924513,371.6634855747608,371.20781327708414,370.4550634056305,369.41514214793466,368.1016019132687,366.53133427283217,364.72419446857026,362.70256854273475,360.49089690424466,358.1151680117351,355.602397122316,352.9801095577269,350.27583188092876,347.51661622853896,344.72860450383234,341.93662830673975,339.1638850816371,336.4316527289339,333.75908079962744,331.16303838426825,328.6580255020664,326.25614208375237,323.96711084197943,321.79834936714644,319.75507861424654,317.8404686586409,316.05581777400215,314.4007327040973,312.87333218057114,311.4704701977962,310.1879291385587,309.020620048936,307.96279162654906,307.0082063020885,306.15028379950536,305.38228498720036,304.6974090136108,304.08891817300866,303.550237174925,303.0750061929592,302.65716512667734,302.29097659633396,301.97106781203405,301.69244510264116,301.45049895368004,301.241011877778,301.0601420823022,300.904413362495,300.770701688605
0.0009987636992374953,371.93048234955467,371.7777840009645,371.3217012017302,370.56827035294606,369.52740239210914,368.2126563004366,366.64093196873125,364.8320946107151,362.8085417807208,360.59472681125385,358.21665235519816,355.7013489831359,353.07635828586484,350.3692238855505,347.60701559824645,344.81589344408815,342.02070741558066,339.24467344212286,336.50908784004804,333.8331183411166,331.2336518299735,328.725205586974,326.31989613034887,324.02746197431276,321.85533560160343,319.8087518621537,317.8908936528146,316.1030709154669,314.4449008747431,312.91451150588006,311.50876481247377,310.2234499223989,309.05348340666956,307.99311826453584,307.0361200745974,306.17591057279805,305.4057516000831,304.71884227898977,304.1084439736819,303.567979648694,303.0910869760186,302.67170272536157,302.3040858164801,301.98285929823163,301.7030249574599,301.4599684441378,301.24946722500175,301.0676743239074,300.91110828151295,300.7766398198827
0.0010037636992374953,372.04417124208993,371.89133717260927,371.4348481563183,370.6807434207903,369.63893857903054,368.3229990818131,366.74983301099167,364.9393153995625,362.91385514005594,360.6979182961875,358.31752150732336,355.79971043761645,353.1720427182575,350.4620787965283,347.6969059316965,344.90270202565654,342.10433523244114,339.32503974234953,336.58613007295327,333.90679193378975,331.30392981427207,328.7920780818264,326.3833696847322,324.08755879879294,321.9120926773463,319.862219962044,317.9411362864941,316.1501631944048,314.48892834265035,312.9555689186291,311.5469549197454,310.2588822188054,309.08627292535095,308.0233843664739,307.06398530591434,306.2014995387328,305.42918993358177,304.74025564918423,304.1279571870038,303.5857158379131,303.10716684648554,302.686243928115,302.31720237811567,301.99466115951486,301.7136175911016,301.46945255905246,301.2579385530935,301.0752234790975,300.91782068492023,300.7825957021259
0.0010087636992374954,372.15712058870486,372.00415221451306,371.54726121477364,370.792489598981,369.7497575822498,368.4326369839701,366.8580439503062,365.0458631831655,363.0185147418209,360.80047723149016,358.41778107311694,355.8974868075259,353.267167880727,350.55440133415857,347.7862916371954,344.9890343414429,342.187515534362,339.40498744583147,336.6627825825949,333.98010443138855,331.3738748992374,328.8586452684802,326.44656476164045,324.1474030775085,321.9686221193758,319.9154842182093,317.99119766019334,316.19709552477775,314.53281585251324,312.99650501136335,311.58504097676405,310.2942263657559,309.1189888393085,308.05359007774996,307.09180206627286,306.2270507051796,305.4525999449422,304.7616490414721,304.14745769984665,303.60344560752674,303.12324565479355,302.7007885772547,302.3303261208657,302.00647323732926,301.72422285050345,301.47895115375405,301.2664257279832,301.0827894259925,300.92455046407633,300.7885692405169
0.0010137636992374954,372.1872351944916,372.03434682127556,371.5776938791845,370.8233111041147,369.7811070763361,368.46463781070827,366.8908000345856,365.07945594543276,363.05300079769484,360.8358866940176,358.454116711864,355.93472411356845,353.3052554736759,350.5932625750512,347.8258267087464,345.0291225331875,342.228018651394,339.44575286846003,336.7036470527503,334.0208977121707,331.41442337752267,328.89877586943476,326.48610783627953,324.1861961505943,322.00651198350624,319.9523295174212,318.02687129628725,316.2314853907296,314.5658263961333,313.0280576996933,311.6150745150659,310.3226962451219,309.1458675648767,308.078865438055,307.11547663377416,306.24914072489264,305.47313362656337,304.7806653199908,304.16500469422806,303.6195792172408,303.1380279486994,302.7142864585859,302.34261005624484,302.0176159676371,301.7342982868133,301.4880334995979,301.2745884896902,301.09010475419683,300.9310885493773,300.794397820337
0.0010187636992374954,372.1022422324026,371.94973133442204,371.4942046575448,370.74167584665014,369.702019324535,368.3887445726439,366.81869079233746,365.0116531011748,362.98995204214526,360.77795911713065,358.40159304907166,355.88780125828674,353.26404439043426,350.5577908497439,347.7960426363052,345.0049001645486,342.20916524999694,339.43201632061937,336.6947247855769,334.01644576354056,331.41406560195696,328.90211364857805,326.49272835396266,324.19568176328204,322.0184470659822,319.9663077590938,318.0425024431032,316.2483992544578,314.5836777308047,313.04652909824114,311.63387861044333,310.34157656599746,309.16460012607104,308.09725711146723,307.1333650409186,306.2663930451047,305.48964426588645,304.79635412922926,304.1798146038231,303.63347389413417,303.1509891595798,302.7263116721168,302.3537101544492,302.02781287761036,301.7436228675662,301.49652377846184,301.28228770248563,301.0970599233474,300.9373491418657,300.8000145843014
0.0010237636992374954,371.95738835716134,371.8054084310863,371.3514660692566,370.60154689062324,369.56547961755064,368.2567114745159,366.692004610838,364.8910642545168,362.8761106324714,360.6714069433747,358.3027583324952,355.79699622710245,353.1814651515579,350.48352020381424,347.7300551444599,344.9470688060518,342.159270648806,339.3897566069031,336.6597269657299,333.9882775854956,331.3922477159972,328.88613199065594,326.4820456203338,324.18974910820623,322.01671396516394,319.9682315423861,318.0475568746287,316.25608087876714,314.59351204554287,313.0580748323389,311.6467309635641,310.3553689723269,309.17900598986205,308.11198902628655,307.14817445946846,306.28106898037106,305.50401095861014,304.81026882993535,304.19316485775863,303.6461746348691,303.1629796969211,302.73755269126366,302.36418086486503,302.03750815697106,301.7525506250007,301.50470265595186,301.2897447167919,301.1038285994665,300.9434677824121,300.8055247692639
0.0010287636992374954,371.7681871368954,371.6168511015993,371.1648300046355,370.41807636198234,369.38636476575516,368.083068688094,366.52485894566087,364.73133418442956,362.7245955921248,360.5287777756122,358.1695509068686,355.67360836181524,353.06815637834836,350.3804148215362,347.6371479774409,344.8642329980567,342.0862682155803,339.32625001017,336.6052923236409,333.9424185549709,331.35440976659976,328.8557168393725,326.4584248951656,324.1722779284815,322.0047428363959,319.9611175876338,318.0446738984412,316.25682723705336,314.5973179036705,313.06440744826995,311.65509869639925,310.3653236822631,309.1901450489129,308.12395495620467,307.1606545904509,306.2937941116365,305.5167529534887,304.8228381449938,304.2054075531329,303.65796910737015,303.17423334144024,302.74819849281516,302.37417414681664,302.0468233503718,301.761178252927,301.5126466578845,301.2970197754788,301.11045795388543,300.94948121200235,300.8109568401218
0.0010337636992374954,371.543362721107,371.3927606099502,370.9429294415055,370.19978459673644,369.1730398662158,367.8759858636415,366.32519075731875,364.5401333795844,362.54278103613257,360.35712365015627,358.0086794451662,355.5239862426929,352.93009438360923,350.2540710785075,347.5225342508255,344.76122336656704,341.99461067189645,339.24557937014333,336.53514489347475,333.8822476005358,331.3036014470162,328.81360628160246,326.4243115646276,324.1454407332127,321.9844536025973,319.94665365429614,318.03532938709174,316.25192210599505,314.596206099475,313.0664829955075,311.6598003289437,310.37213775347294,309.1986078028661,308.1336524728162,307.1712224722148,306.30491613039663,305.5281585827868,304.83429990847145,304.21673782095075,303.66901655736245,303.18487935665974,302.75835343899683,302.3837738076594,302.0558253965672,301.769558926696,301.5203978005208,301.30414589817644,301.1169737955117,300.9554094948406,300.8163263109569
0.0010387636992374954,371.2888099038614,371.13901625472903,370.69159744641104,369.9524284027189,368.93115663131016,367.640982401877,366.0983619295877,364.3226433484865,362.33564786920476,360.1612074856064,357.8246744940602,355.3524167430228,352.7713141551402,350.1082669150492,347.3897326392124,344.64129987517003,341.88730240521386,339.15049896226697,336.4517963665804,333.8100431306039,331.24187865390525,328.76164565453547,326.3813532264541,324.11070080924685,321.95713898798215,319.92597573948814,318.0205163338566,316.2422288738177,314.5909233497566,313.0649438560221,311.6613855493631,310.37627904588874,309.20479034962375,308.14141512347413,307.18015747381475,306.31466777607625,305.5384206965083,304.8448130569423,304.22728593979855,303.6794231970698,303.195003863795,302.76808697968676,302.39303554814535,302.06455872447395,301.77772788896004,301.5279838867324,301.31114489754407,301.1233931428455,300.96126583583043,300.8216433712652
0.0010437636992374954,371.0088950381637,370.8599728949889,370.41515458620023,369.68027178528394,368.6649011176138,367.38214622651174,365.84834356235456,364.0827014189234,362.1068846510459,359.94455619074097,357.62089065283504,355.16207378219195,352.59480285579116,349.9457989232668,347.2413475334762,344.5068751405469,341.76656659775085,339.04304660212716,336.35710478911363,333.72749033308446,331.17076171830183,328.7011993064523,326.3307677643926,324.06913954096314,321.9237540804944,319.89992290124405,318.0009679456,316.2283848350964,314.5820206282187,313.0602638294343,311.66025961254456,310.3780923240088,309.20898442040874,308.1474884314672,307.187665112121,306.32322014765134,305.54768096529693,304.85449425474314,304.2371474553863,303.6892668480597,303.2046698984967,302.77744989094134,302.4020000420307,302.0730557335101,301.78571080284166,301.5354251299895,301.31803260470537,301.1297283245534,300.96705978178295,300.8269153719862
0.0010487636992374955,370.7070373040923,370.55904070225165,370.1169841555102,369.38665371010586,368.3775512007059,367.10267830523304,365.5782450684329,363.8233121685975,361.8593793749204,359.7099310819865,357.3999542126062,354.9554420709884,352.4028988596915,349.76885615738934,347.0794173961058,344.3598373746139,341.63414305047104,338.9248168738519,336.25252392060554,333.63590756455403,331.09143986992814,328.6333342991067,326.2735075363229,324.02160239509067,321.8850454552917,319.8691508722752,317.97725709122585,316.2108877860975,314.56992817642924,313.0528127713768,311.6567387508036,310.3778465088233,309.2114174668666,308.152063726779,307.19390545344766,306.33070642421256,305.55604958811966,304.86343418248737,304.2463965727577,303.69860789546,303.21392632418895,302.78648148977544,302.4106987458034,302.0813414475415,301.7935274604169,301.5427370943303,301.3248211878313,301.1359887984499,300.97279864104775,300.83214792767643
0.0010537636992374955,370.3860156256039,370.2389912756462,369.799835899851,369.0742878797796,368.07177091256733,366.80518013864906,365.29059350834785,363.5469174208573,361.595479074901,359.45957619939156,357.1639994327135,354.73454075944807,352.19750234176513,349.5792173928746,346.90559857002415,344.2017207664352,341.49144529527086,338.79710525024456,336.1392347469184,333.5363657331084,331.0048790433086,328.5589172525388,326.2103459182671,323.9687758571373,321.8416192134874,319.834191915966,317.9498486852925,316.1901416296657,314.55499500032556,313.04289062167186,311.65107933829347,310.3757595429887,309.2122737512389,308.15529594084546,307.1990080493947,306.3372343362613,305.56361565138207,304.87170609693726,304.2550931924916,303.7074950418266,303.2228125127785,302.79521342198774,302.4191569480679,302.08943595700305,301.80119372824544,301.54993223630936,301.33152036786356,301.14218210501485,300.97848822749194,300.837345493968
0.0010587636992374955,370.0481492071837,369.9021377063201,369.46600467104423,368.74543906476885,367.7497835687943,366.4918228538012,364.98749788126736,363.25555503539454,361.3171424985377,359.1953643299755,356.91480747455216,354.5010549348273,351.98019908739866,349.37836708822914,346.7212733227202,344.0338056232225,341.33965292617586,338.66099277854545,336.01822274799275,333.42975842973266,330.91188519934104,328.47867121977225,326.141928121703,323.91123259979764,321.79398091998905,319.79548995487585,317.91913042542626,316.16648313000076,314.5375120369257,313.0307473596043,311.64349499047916,310.3720129666009,309.2117067065492,308.1573140331306,307.20308068636996,306.3428934698184,305.57045319460224,304.87937084198705,304.2632870287726,303.7159686738898,303.2313610828054,302.80367187745657,302.42739555252734,302.0973558464619,301.8087226843763,301.55702080591595,301.3381381286494,301.1483144242267,300.9841332948591,300.8425117046233
0.0010637636992374955,369.6954121602445,369.55044890356453,369.1174438575031,368.4020350558101,367.4134816841228,366.1644545551855,364.67075342279577,362.950959709418,361.02603701885477,358.9188896930605,356.65389458072445,354.2564190747575,351.7523390595505,349.16756896510884,346.5276183954341,343.8571818983836,341.17977016608705,338.51739979089507,335.8903268970927,333.31684639581226,330.8131444691128,328.3932117379741,326.0688033999732,323.8494601044476,321.7425609061677,319.7534228224552,317.885432258917,316.14019885372625,314.5177268205547,313.0165956345165,311.63416738492015,310.36676113901467,309.2098467549472,308.15822758492885,307.2062149175958,306.34775988349884,305.5766250437708,304.88648001475235,304.2710202107118,303.72406298877183,303.2395996282678,302.81187898851283,302.435432203196,302.1051150953132,301.81612533555455,301.5640114147221,301.3446811646671,301.15439092655276,300.9897378104921,300.8476495838889
0.0010687636992374955,369.32951056560086,369.18562645512014,368.7558416413956,368.0457419261211,367.0645008633583,365.8246724892359,364.3419117140613,362.6346307329619,360.72360377175943,358.6315302327753,356.3825713347048,354.00187312634955,351.5150891898595,348.9479154437864,346.3256510537701,343.67279186422064,341.0126652021954,338.36712197351875,335.7562725617468,333.19828737695866,330.7092501009389,328.30307102445533,325.9914466603268,323.7838798642573,321.6877312432527,319.7083171870921,317.8490394363314,316.11153652776323,314.4958533136228,313.0006192303689,311.6232535114371,310.3601374163585,309.20680654391356,308.1581312144771,307.20848976643487,306.3518991986465,305.5821853763719,304.89307808361315,304.2783290221718,303.7318074157172,303.2475518743599,302.8198537645498,302.44328203626446,302.112725679485,301.8234110962378,301.5709114152558,301.3511551799208,301.16041600720877,300.995305137984,300.8527616881632
0.0010737636992374955,368.9519366429488,368.80915865433144,368.3826746012057,367.67801693358035,366.7042717382857,365.47387376598107,364.00232995662145,362.30787960708415,360.41110343172886,358.33449139158154,356.10198430008376,353.7385019073642,351.2694704663406,348.72036236999384,346.116261433365,343.48146008157084,340.8390978084454,338.21085569227586,335.61669460159214,333.07465707862104,330.6007213727162,328.2087149555505,325.9102736270642,323.71486085488186,321.6298176467725,319.66045901728535,317.8102016633253,316.0807130007003,314.4720787961759,312.9829789965953,311.6108907510039,310.35225847808294,309.20268461273173,308.1571076677977,307.2099743183601,306.35536876163815,305.58718151583275,304.8992038696231,304.28524511836383,303.739227610028,303.2552384852643,302.8276127451113,302.45095820536926,302.12019799170776,301.83058812309827,301.5777271658629,301.35756509656795,301.16639344963926,301.0008381646128,300.8578502048171
0.0010787636992374955,368.56400821460113,368.42235986004073,367.99924676183787,367.3001470598464,366.33405780256226,365.1132923073565,363.6532068653371,361.971864728193,360.08964955211786,358.0288379901924,355.8131463438354,353.4672637972493,351.0163849373474,348.48575429741896,345.9002360862767,343.2839152140316,340.65973944883206,338.04921642188145,335.47215417417993,332.9464644109927,330.48801734827657,328.11055541462537,325.82565186718756,323.6427293277545,321.5691081295996,319.61010118709345,317.76913975033125,316.0479200263547,314.44656886980613,312.9638171548077,311.5972005630072,310.343227467341,309.19756805316814,308.15523006115427,307.2107296010483,306.3582192119595,305.59165523253813,304.9048916203192,304.29179640750465,303.74634617319543,303.26267764928593,302.8351704728578,302.45847226190904,302.12754114573846,301.8376635571107,301.5844642223531,301.36391520584704,301.17232654375755,301.00633939349376,300.86291702364093
0.0010837636992374956,368.16689831252654,368.02640002560406,367.6067188908683,366.9132779226891,365.9549837949556,364.74402656435603,363.29560959260704,361.627617404375,359.7602335718673,357.71551813731253,355.51695937685935,353.1890122518108,350.7566359592924,348.2448434427698,345.6782756325297,343.0808063790964,340.4751883442208,337.88275255623455,335.32315132700427,332.8141629098268,330.37154718144814,328.00895953972685,325.737909046315,323.56777614192475,321.50585947894376,319.55746916790287,317.7260505880777,316.0133285903553,314.41947120021877,312.94326051922246,311.5822912418748,310.3331363382519,309.1915344977412,308.152563556416,307.2108099887008,306.3604956531998,305.59564371517087,304.9101718112457,304.29800770876426,303.75318319018436,303.26988551531804,302.8425398462862,302.4658344386077,302.13476320314277,301.84464370397814,301.5911274808032,301.3702092805158,301.1782181740175,301.0118110122072,300.86796379004176
0.0010887636992374956,367.7616579427412,367.6223274031994,367.20613102361335,366.51843600543197,365.5680575213842,364.3670608262055,362.9304944270348,361.2760618550548,359.42374403788455,357.395381607544,355.21423183187125,352.9045123375354,350.4909437558669,347.99830425020394,345.4510083214944,342.87271570899054,340.28598104514117,337.71195601469987,335.17013466677736,332.6781595050493,330.2516780260212,327.9042568214296,325.6473392642596,323.49026238950313,321.44030222499015,319.50276539386863,317.68111096293205,315.9770922271931,314.39091838594027,312.9214229646175,311.5662600291466,310.32206765392897,309.1846536424145,308.14916664382423,307.21026427703976,306.3622385492335,305.5991803139232,304.91507175909476,304.30390125546086,303.759756640255,303.27687652650224,302.8497323893115,302.4730538661943,302.14187134655106,301.85153417194545,301.5977212866131,301.3764506607035,301.184070886648,301.0172549451797,300.8729919456424
0.0010937636992374956,367.349233957086,367.21108636836505,366.7984201467392,366.1165461081328,365.17418698579473,363.98328194802707,362.5587230411352,360.918030909191,359.08098169223416,357.0691942647897,354.9056923794132,352.6144537060323,350.21995762619946,347.74674481780335,345.2190006702725,342.6601682030206,340.0926015080155,337.53727055922553,335.0135089407095,332.5388213948487,330.1287412357394,327.79674466536153,325.55420801932365,323.410423802737,321.37264453269836,319.44617268059113,317.63448054419086,315.93934961683595,314.36103020349583,312.89840735745184,311.5491947657585,310.31009599277536,309.17698843727567,308.1450921448337,307.20913652352453,306.36348442451595,305.60229512112744,304.9196161006099,304.3094970880016,303.7660827176986,303.2836636806663,302.85675846164395,302.4801387424625,302.1488720148106,301.8583399792841,301.60424951954576,301.38264232084515,301.189886942064,301.0226728945112,300.8780027599191
0.0010987636992374956,366.9304833374275,366.7935316663869,366.38443433184005,365.70844529511527,364.77419408131914,363.59349271926965,362.18107547562624,360.5542785497842,358.732671527669,356.7376495866031,354.5920008861647,352.3194609590069,349.9442656967677,347.4907160241658,344.9827659599032,342.4436395951139,339.8954883420333,337.3590984342313,334.85364108810234,332.3964815319571,330.003037311806,327.68669283029425,325.45875616840937,323.32847426898945,321.3030753052348,319.38785695074375,317.58630426529993,315.9002266541101,314.32991539633747,312.87430709422546,311.5311752079898,310.29728906826665,309.1685960344164,308.140388010275,307.2074667159313,306.3642664211956,305.60501543306344,304.92382717339865,304.31481336627144,303.7721760867674,303.2902587372828,302.86362742593235,302.48709646655965,302.15577101032034,301.865065639639,301.61071566124144,301.38878692281304,301.19566835646344,301.0280663723736,300.88299735530563
0.0011037636992374956,366.5061847913029,366.37043997720116,365.96494420863047,365.2948942169139,364.3688257038024,363.198422714887,361.7982606783454,360.18549009531006,358.3794725716209,356.4013780164562,354.2737573071907,352.02010205833943,349.6644028333246,347.23071893226165,344.7427711270914,342.22356273486594,339.69504068607955,337.1778057505901,334.690865146625,332.2514430709495,329.87483991281806,327.57434702461285,325.3612031356041,323.2446086781614,321.23176669754156,319.32796944122134,317.53671425172723,315.8598381237612,314.2976731225866,312.8492073461728,311.51227409196844,310.2837086345715,309.15952855435347,308.13509796557304,307.20529131269336,306.36461474926574,305.6073661230186,304.9277253234937,304.31986662187467,303.77805008747544,303.29667238450975,302.8703477826413,302.49393374733256,302.16257358561455,301.8717152308627,301.61712284966,301.39488685875517,301.201416935362,301.03343672712674,300.88797672742714
0.0011087636992374956,366.0770482940763,365.94251943221616,365.5406524061863,364.87658642687177,363.9587628966491,362.7987372239946,361.4109251755958,359.8122905765119,358.0219859355244,356.0609546573746,353.95150900060037,351.7168952435502,349.3808571480378,346.96721087811983,344.49944243113515,342.0003328339501,339.49162304007467,336.99372691114877,334.5254862846159,332.1039830227962,329.7443991494103,327.4599318607694,325.261749547546,323.15900526100125,321.15887618010476,319.2666485149756,317.4858314032281,315.8182890749478,314.2643941427485,312.82318608018,311.4925580066008,310.26941122902434,309.14983371423637,308.12926203948757,307.2026436855962,306.3645570552827,305.60936994679145,304.93132915716154,304.32467196460743,303.7837169040213,303.3029143758632,302.87692728038655,302.5006566919406,302.16928451416436,301.8782924512947,301.6234739235876,301.40094428611144,301.207134301,301.03878516466074,300.8929417616345
0.0011137636992374956,365.6437230361632,365.51041754040637,365.11220141599966,364.4541561402399,363.5446284666799,362.3950446854293,361.019660293122,359.4352517117386,357.6607615170882,355.7169056776262,353.62575681725696,351.4103147903685,349.09407541599535,346.7006105385265,344.2531701700982,341.77431183183455,339.28556928481777,336.80716829244494,334.35778415521344,331.95435529433695,329.61194432397616,327.3436533117217,325.1605794241925,323.0718275325914,321.0845482539422,319.2040211663601,317.43376670819447,315.7756759627669,314.2301618059101,312.79631490630044,311.47208811807803,310.2544487882181,309.1395553490055,308.1229170026542,307.1995544868668,306.3641187280438,305.6110477959038,304.93465574956406,304.3292432535142,303.7891877042913,303.3089936433998,302.88337300728807,302.507270879212,302.17590814897994,301.88480066633565,301.6297714594632,301.4069611565827,301.21282191501604,301.04411276605094,300.8978932466808
0.0011187636992374956,365.2068041129214,365.0747278603909,364.680180210918,364.0281847654845,363.1269933946959,361.9879029463363,360.6250082338277,359.05489777762944,357.29630364083926,355.3697137013219,353.29696022510666,351.1007958560298,348.8044676322953,346.43130219424944,344.0043126479064,341.54583206768285,339.07718606258186,336.61841134055584,334.1880157163699,331.80279324338267,329.47768623344325,327.2257007752773,325.0578620195969,322.9832259250627,321.00891589109483,319.14020428529557,317.38062234720917,315.73208760650806,314.1950528774303,312.76865978890146,311.4509207776708,310.2388691647346,309.12873384839963,308.11609673522963,307.1960519568487,306.3633231547302,305.61241890973304,304.93772081952807,304.3335932401285,303.79447275665336,303.31491839245473,302.8896914674231,302.51378142102305,302.1824484716358,301.8912429474059,301.63601780217914,301.4129392403595,301.218481097407,301.04942050231966,300.9028318861566
0.0011237636992374957,364.7668382100757,364.63599567069866,364.24512987018534,363.59920645475506,362.706382283194,361.5778245805608,360.2274672422606,358.6717105974367,356.92907585063085,355.01982238827105,352.96554166250485,350.78873859523736,348.5124108828533,346.15963935090156,343.7531995433664,341.31519939834493,338.86675564741245,336.42771519931034,334.0164176245797,331.649511847276,329.34181912338914,327.10624882560825,324.95375338347736,322.8933391724247,320.93210175619964,319.0753057291124,317.3264926285294,315.6876060018008,314.15913824028627,312.74028164912716,311.4291080365233,310.22271656471014,309.11740652692833,308.1088325380713,307.1921621843599,306.3621919376095,305.6135010549388,304.9405388773378,304.3377336895762,303.7995815286802,303.3206961817065,302.8958886454244,302.5201930141527,302.1889091336826,301.8976221048482,301.64221509109177,301.41888014657843,301.22411304253706,301.0547092469015,300.9077583081463
0.0011287636992374957,364.3243284770284,364.19472283006917,363.8075484009276,363.16771286136213,362.28327802565775,361.1652814469465,359.82749603082607,358.2861338160616,356.55950501664375,354.6676403585092,352.6318902683759,350.47451168667055,348.2182526605928,345.88594784072126,343.50013479592343,341.0826958688166,338.65453840317025,336.2353189607433,333.8432082842916,331.4947095592693,329.2045223606077,326.9854587121769,324.8483976973772,322.8022954952967,320.85421925136717,319.0094252391882,317.271464787956,315.64230701489004,314.12248349450357,312.71123687970555,311.406698085451,310.2060319215723,309.10560793980335,308.10115339840155,307.18790932892085,306.36074507895717,305.61431067854136,304.9431233507945,304.3416754838504,303.8045227713207,303.32633399142605,302.9019700615357,302.52650998446757,302.1952934919292,301.90394071595784,301.64836528217734,301.42478534074775,301.2297188327721,301.05997978625834,300.91267307345106
0.0011337636992374957,363.8797387364369,363.7513719757757,363.36789490290323,362.73415724916896,361.8581258396754,360.75070862646123,359.4255176026826,357.8985765922114,356.18798488223507,354.31354458136354,352.2963651032171,350.15845537791154,347.9223137285463,345.61052850032513,343.2453990966893,340.848582017183,338.44077490489997,336.0414436070838,333.66858961618954,331.3385699100404,329.06596187584233,326.863479652498,324.7419284268648,322.7102136223589,320.7753734168982,318.9426552309717,317.2156196780879,315.5962609807812,314.0851494734839,312.68157778829067,311.3837356336029,310.18885321775247,309.09337015483146,308.09308621838903,307.18331581191524,306.3590011400923,305.61486303954047,304.9454866935819,304.345428710568,303.80930459122425,303.33183828210844,302.90794081890084,302.5327363248696,302.2016046387386,301.91020114904785,301.6544701670524,301.4306561597051,301.2352994501851,301.06523282899263,300.9175766826492
0.0011387636992374957,363.4334971459613,363.30637017557285,362.9265931912107,362.29895806708464,361.43133677500674,360.334507846665,359.02192257673045,357.509416809539,355.81487914854574,353.95788332266943,351.95929794998835,349.84088413303937,347.62489060915743,345.33365949866527,342.98925205386746,340.61309887808557,338.2256877825391,335.84629369836887,333.4927485936659,331.1812628990818,328.9262914170557,326.7404499549672,324.63446932212446,322.61720367725474,320.6956617132207,318.8750814797031,317.1590323664642,315.54953322221473,314.04719269189997,312.65135298196446,311.36026223679795,310.1712157635808,309.0807229880657,308.0846560132151,307.17840248219625,306.3569773791183,305.61517232288617,304.9476404790788,304.34900273979326,303.8139345133272,303.33721504520054,302.9138056444702,302.5388757281155,302.20784542822724,301.9164055842584,301.66053138941976,301.43649382454987,301.2408557866745,301.07046901372667,300.9224695822003
0.0011437636992374957,362.9859994037798,362.8601121246198,362.48403496758465,361.86250207810235,361.00329078440325,359.9170504792644,358.61707209798703,357.1190038872476,355.44052417422574,353.60097872410927,351.62099576523786,349.5220889494446,347.32625776241895,345.0555983738235,342.7319340871786,340.37646973529297,338.009483333571,335.6500588484019,333.3158585864385,331.0229462112917,328.78565364510706,326.61649800036037,324.5261352924724,322.523367953619,320.61517470407904,318.8067837194313,317.1017726579812,315.50218450285115,314.00866573673363,312.6206077028597,311.3363165840602,310.15315244061884,309.0676942093639,308.07588608380826,307.1731887604765,306.3546898709928,305.6152517388034,304.94959548209863,304.3524062909575,303.818419535361,303.3424698472725,302.91956892461394,302.5449316153854,302.21401849906766,301.9225560316659,301.66655045937904,301.442299451897,301.2463886527704,301.0756889159586,300.92735216975836
0.0011487636992374957,362.53761157100905,362.4129629603308,362.0405826126548,361.4251471143095,360.574339427301,359.4986801792255,358.2113003998577,356.727661254425,355.06523135204554,353.2431290737253,351.28174283662713,349.20233939700023,347.0266695028486,344.77658382545377,342.47366809487136,340.1389016637428,337.79235294181836,335.4529150231482,333.13808054239047,330.8637662869534,328.64418109726273,326.49174310482186,324.4170331751661,322.4288015963215,320.53399665695343,318.7378361693686,317.043905553855,315.4542714253351,313.9696176106838,312.5893841228419,311.3119347491477,310.13469391521903,309.05430972275326,308.06679816837277,307.16769276596483,306.35215361280757,305.61511360986344,304.9513617505292,304.355647491499,303.8227661756051,303.34760786870737,302.92523473630996,302.5509071612979,302.2201262944518,301.92865434713633,301.6725287659542,301.44807406372684,301.2518987853429,301.0808930540657,300.9322247988233
0.0011537636992374957,362.0886725700134,361.965260753972,361.59657165752503,360.98722451545893,360.1448082629194,359.07971522064975,357.80491707192436,356.33568853992045,354.689289212192,352.88461081521893,350.94180269213444,348.88188542241994,346.72636169560843,344.4968373005959,342.2146609284466,339.9005868935949,337.5744743323546,335.2550256890362,332.9595640326774,330.70385926781296,328.50199703903013,326.3662962827236,324.30726241491715,322.33359320349166,320.4522060735755,318.6683079988863,316.9854916570088,315.40584678282823,313.93009403537314,312.55772160364114,311.2871504125435,310.1158688269627,309.04059372554445,308.05741257603427,307.16193142803024,306.3493826166005,305.614769447726,304.9529486684585,304.35873392852193,303.8269805149467,303.35263393777143,302.9308068746043,302.5568053159311,302.2261710796635,301.93470224627816,301.67846758811856,301.4538185960556,301.2573868543861,301.0860818945871,300.93708778283633
0.0011587636992374957,361.63949640657705,361.51731872686076,361.15231298214735,360.5490412979543,359.71499897875924,358.66045057432484,357.39820907687954,355.9433635199124,354.3129652927559,352.52568033476166,350.6014197977629,348.56095895364297,346.42555326454834,344.21656440354633,341.9551047036613,339.6617040227479,337.35601268690345,335.056542833502,332.7804481804607,330.54335183771593,328.35921622096134,326.2402609243345,324.1969156674378,322.2378253611638,320.3698761609933,318.59826374033344,316.9265875319105,315.3569598709851,313.8901377203837,312.5256569276205,311.26199505834796,310.09670395575824,309.0265688493939,308.04774830529493,307.15592058515233,306.34638999158153,305.61423002111167,304.95436501207513,304.3616726945327,303.83106823411043,303.35755256076663,302.936288876908,302.56262882430565,302.2321549576229,301.9407013167844,301.6843681045466,301.4595339066027,301.2628534690186,301.09125585689844,300.9419413988026
0.0011637636992374958,361.1903741553016,361.06942723041857,360.7080947794352,360.1108820926798,359.28519129222485,358.24115976378437,356.9914425523775,355.5509438577325,353.93650781063343,352.1665755570758,350.2608210739544,348.2397753328086,346.1244475390503,343.9359561549382,341.6951779712316,339.42241909950985,337.13712163970706,334.85760787608234,332.6008624899527,330.382361972931,328.21594555407404,326.1137334005411,324.0860793379468,322.1415751202378,320.28707525174957,318.5277636572032,316.86724602543285,315.30765676608706,313.84978860306325,312.493224503433,311.2364981497091,310.07722437069134,309.01225628593465,308.03782314950746,307.1496750730066,306.3431880173122,305.6135054162828,304.9556189993961,304.3644704281166,303.835034646763,303.36236794883615,302.9416840445945,302.56838024369813,302.2380798826997,301.9466530293984,301.6902314022781,301.46522078160416,301.2682991828168,301.09641531736554,300.9467858905133
0.0011687636992374958,360.74157574075616,360.621855522524,360.2641843173014,359.673010883437,358.85564465655034,357.822096530325,356.58486442737967,355.158668664518,353.56014716029745,351.8075173770336,349.9202172556665,347.91853460142994,345.8232334618847,343.65519012081995,341.43504676658637,339.1828865933411,336.91794417036726,334.6583524851781,332.42092758955874,330.22099961465926,328.07228471515765,325.9868036047285,323.9748340636553,322.0449144237651,320.2038671802423,318.4568640738528,316.8075165541606,315.25798057404637,313.8090840631769,312.4604565500684,311.21068728578734,310.0574535631803,308.9976758991346,308.0276537911842,307.1432088032084,306.3397882091094,305.6126050910854,304.95671833468987,304.36713335026735,303.83888472907284,303.3670840418956,302.9469954622773,302.5740619590948,302.243947673039,301.95255874769975,301.6960584844495,301.4708799418924,301.27372449857285,301.1015606130517,300.9516214714203
0.0011737636992374958,360.29335154146315,360.1748533671737,359.8208295254184,359.23567257243434,358.4265997969861,357.40349633232177,356.17870387760365,354.76675990447205,353.18409726329105,351.44871094861634,349.57980411688163,347.5974226574091,345.52208667656146,343.3744314290263,341.1748655547702,338.9432502685761,336.69861340739044,334.4588993130717,332.2407559005779,330.0593672741179,327.9283266913349,325.85955544022653,323.86325514773023,321.9479104912115,320.1203116211448,318.38561767194005,316.74744536265285,315.20797165420043,313.7680591157905,312.42738326220547,311.184588342747,310.0374135665553,308.9828463261782,308.0172558866538,307.1365348339802,306.3362013767274,305.6115379234248,304.9576702483149,304.36966729696053,303.84262314620844,303.3717045300807,302.9522260150839,302.57967619703567,302.2497600216046,301.958419736869,301.70185027721936,301.476512048342,301.27912987255786,301.1066920450403,300.9564483272136
0.0011787636992374958,359.84593383941234,359.72865248008543,359.3782604291522,358.7990943949834,357.9982800989947,356.98557770007903,355.7731736407053,354.3754236646553,352.8085567875894,351.09034684953866,349.2397635769538,347.27661230035403,345.2211705096557,343.09383368733046,340.9147780839821,338.70364397361305,336.4792533539365,334.25936265972734,332.0604522410641,329.8975605789018,327.7841582717258,325.7320672603587,323.75141295101594,321.85062616527335,320.0364643948016,318.31407375789456,316.6870757564343,315.157667821172,313.72674658521896,312.3940329593021,311.15822560085763,310.01712506383456,308.9677850683692,308.00664414232705,307.12966543380065,306.33243767719904,305.6103122549068,304.95848153257697,304.372077748464,303.8462542761773,303.3762328730392,302.9573784041913,302.58522503806375,302.2555185061064,301.9642371715686,301.7076076359938,301.4821177067658,301.28451571835524,301.111809881422,300.96126661814
0.0011837636992374958,359.3995381342384,359.28346783932665,358.93669044960563,358.36348720208684,357.5708928667954,356.56854346412365,355.36847120858033,353.9848513061107,352.4337102529744,350.73260213696517,348.9002647034578,346.95626417906874,344.92063686116234,342.8135398155894,340.65491815911696,338.4641923560898,336.25997954546017,334.059849074257,331.8801143729347,329.73566876795394,327.63986049282255,325.6044122670194,323.63937324679847,321.75312022593386,319.95237774374294,318.2422785050578,316.626448312888,315.10710452755586,313.68517726242476,312.3604322204762,311.1316218594575,309.99660748518755,308.9525085733188,307.99583238363545,307.12261213892475,306.32850666257775,305.60893593025787,304.9591585741101,304.374369855802,303.84978223134425,303.38067231734124,302.9624551608425,302.5907104279557,302.2612245979566,301.97001214305004,301.71333135104186,301.48769747233194,301.28988241031857,301.11691435999103,300.9660764810954
0.0011887636992374958,358.9543643382906,358.83949887715573,358.49631758582495,357.9290466267632,357.1446304678108,356.1525818721218,354.9647799115339,353.5952205105647,352.05972903610876,350.3756413074035,348.5614646239822,346.6365276529789,344.6206270139406,342.5336828022329,340.39541034494044,338.2250115129691,336.04089964746066,333.8604579015689,331.69983349917976,329.57377514135544,327.49550904317476,325.4766588728024,323.52719754309345,321.6554476757366,319.8681005838239,318.1702751735743,316.565601072742,315.0563150297662,313.64338004788357,312.3266060069104,311.1047985412643,309.9758790963491,308.9370323094855,307.9848336175412,307.11538580552764,306.324417323207,305.60741633304383,304.9597073832104,304.37654846472185,303.8532108779156,303.3850259122405,302.9674586590348,302.5961341878859,302.2668796703732,301.97574566558626,301.7190221525775,301.4932518535596,301.2952302867017,301.1220056906854,300.9708780315206
0.0011937636992374958,358.51059786643435,358.3969305668768,358.0573254928651,357.49595414761893,356.7196713762757,355.73786760737164,354.5622699068924,353.20669623485264,351.68677228698175,350.0196171719276,348.2235093574701,346.3175415775214,344.32127237168095,342.2543863939217,340.13637060711443,337.9862095831327,335.8221140003362,333.6612817806142,331.51969471701557,329.4119574702282,327.3511746321559,325.34887103095684,323.41494337626995,321.5576599996587,319.7836787329763,318.09810431065216,316.5045697144371,315.0053305390349,313.60138208163636,312.29257777325836,311.0777757872937,309.9549570790564,308.9213708339759,307.9736600893815,307.10799665711266,306.3201781270498,305.60576041812817,304.960133620486,304.378618137464,303.85654385363324,303.38929652398383,302.9723911270354,302.60149802365106,302.27248500573427,301.98143868230693,301.7246807153691,301.4987813159462,301.30055965249863,301.12708405780234,300.9756713651215
0.0011987636992374959,358.0684106324464,357.95593441653944,357.6198844674478,357.06437806124956,356.2961811273765,355.324562719966,354.1610990828325,352.81943158347883,351.31498776672754,349.6646716562916,347.88653457419247,345.9994350220897,344.0226951334771,341.97576572593596,339.8779068981047,337.74788728899614,335.6037161173405,333.4624070997195,331.3397774319795,329.2502883712815,327.20692332689623,325.22110853683324,323.30266457927996,321.45980540248286,319.6991551201274,318.02580393344016,316.4433877133344,314.9541803592607,313.5592088619975,312.2583695693146,311.0505725434674,309.93385760442845,308.90553785438334,307.96232333470374,307.1004543277303,306.31579705553565,305.6039747412487,304.96044262113446,304.38058317258833,303.8597845838852,303.3934868488382,302.9772546578642,302.60680353406474,302.27804180226957,301.98709207050854,301.7303076629354,301.5042862852668,301.30587078202905,301.1321496220154,300.980456559437
0.0012037636992374959,357.6279619622194,357.5166693796718,357.18415235132153,356.63447437344297,355.87431319171105,354.91281748018383,353.7614138867119,352.4335686082733,350.9445126154297,349.31093653416247,347.5506662921804,345.68232792793225,343.7250089119583,341.69792789979977,339.62011969402784,337.5101384327518,335.38579314080135,333.26391441373073,331.1601557372743,329.088835649903,327.0628168608951,325.09342730397,323.1904115272986,321.36192902615693,319.61456997648634,317.95340969644735,316.38208648744916,314.90289201317347,313.51688435418225,312.2240021330361,311.02320663983807,309.9125959000769,308.88954628533094,307.95083422665095,307.0927679014784,306.3112816363137,305.602065486036,304.96063941711554,304.3824476230779,303.86293629641216,303.3975994249796,302.9820512188585,302.61205221861576,302.28355118016464,301.99270664649833,301.7359035713713,301.50976715058493,301.3111639212966,301.1372025222149,300.9852336752697
0.0012087636992374959,357.18939943261614,357.0792826918639,356.7502753610691,356.2063876178164,355.4542097785365,354.50277116237936,353.3633500859287,352.0492390429037,350.5754740573625,348.9585341005952,347.21602151688273,345.36633171240265,343.42831930100135,341.4209725137731,339.3631024876758,337.2730503520844,335.16842626106416,333.06587882705793,330.98089876208155,328.9276626151664,326.9189129173529,324.9658796175437,323.0782313632064,321.26407314929776,319.5299610110966,317.8809550451753,316.3206955311641,314.851491358075,313.47443108994526,312.1894949758508,310.9956948632324,309.8911863116286,308.8734083002968,307.93920301938357,307.0849459486899,306.3066389732531,305.60003848875346,304.9607287574485,304.384215312906,303.8660020347645,303.4016366433687,302.9867826604204,302.6172454844716,302.2890141871419,301.99828317002175,301.7414689728465,301.5152242670048,301.316439290146,301.1422428771917,300.9900027579956
0.001213763699237496,356.7528596436539,356.6439106408601,356.3183888519609,355.78025160938233,355.0360025751681,354.09455276655297,352.9670334682836,351.6665649789788,350.2079900501423,348.60757779193284,346.8827088299295,345.051549825122,343.1327243982489,341.1449921511003,339.10694224226523,337.03670433956944,334.95169110203176,332.8683703461618,330.8020709920744,328.76682836967944,326.7752653898575,324.83851436754645,322.9661682050184,321.16627737070496,319.44536357230197,317.80847135740754,316.2592425381847,314.80000269225434,313.43187025917615,312.1548664610664,310.96805302400713,309.8696423592522,308.8571353792197,307.9274393879567,307.0769965591584,306.3018757739802,305.5978992610014,304.96071512683494,304.3858898522347,303.86898467064213,303.40560075772186,302.99145072403536,302.6223846528967,302.294431803575,302.00382234832017,301.7470043588112,301.520657958193,301.3216970842396,301.1472707871809,300.99476383876527
0.001218763699237496,356.31846893072077,356.2106792768466,355.8886180224848,355.35619013958944,354.6198134289463,353.68828168387165,352.5725804879381,351.28565948962245,349.8421698834369,348.25817275753076,346.55082893212983,344.7380782608986,342.8383152869921,340.8700728302769,338.8517198098803,336.80117602942715,334.7356580766851,332.67145420458155,330.6237325649473,328.60638807682636,326.6319246227257,324.71137726375014,322.8542633370971,321.06857877851473,319.3608107965645,317.7359880734149,316.1977535148368,314.74844885303054,313.3892217942762,312.12013387608937,310.9402960175232,309.8479767897021,308.84073835232033,307.91555246502014,307.0689273727095,306.29699837521,305.59565301059683,304.96060276277984,304.3874746513822,303.87188691523346,303.40949389367125,302.99605704963705,302.62747096514636,302.2998049471846,302.009324839856,301.7525101829382,301.5260685186952,301.32693747687307,301.1522863352801,300.99951693560797
0.001223763699237496,355.88634402269395,355.7797050687857,355.46107856536196,354.93431761856476,354.20575497739793,353.28406831163005,352.18009886229294,350.9066272056654,349.47811473217615,347.91041638802665,346.22047514519284,344.4260060336533,342.54517648141007,340.5962944210705,338.5975103180796,336.56653575484125,334.52039271553474,332.4751911632068,330.44593954342776,328.4463932076359,326.4889376330084,324.58451103425944,322.74255538675686,320.97101210641625,319.2763337458872,317.663532816182,316.13625288466704,314.6968513072577,313.3465044480375,312.08531349907054,310.91243788086695,309.826201624328,308.8242274405185,307.9035508746584,307.0607456073833,306.2920127660924,305.5933046608115,304.96039567136324,304.38897293368666,303.87471132965584,303.4133180571969,303.0006031823846,302.6325055878892,302.3051344773581,302.01479125773926,301.757986863831,301.53145621606564,301.3321606206458,301.1572895887545,301.0042620544479
0.001228763699237496,355.45659265112005,355.35109551194523,355.0358772701494,354.51473966959816,353.7939312315353,352.88201462247633,351.7896881244728,350.5295648489814,349.11591816861346,347.5643988043124,345.89173387612243,344.11541561507886,342.2533863386746,340.32373102957456,338.3443835277195,336.3328488786692,334.3059559706063,332.27963778817406,330.26874416793316,328.2868917692357,326.3463483159288,324.4579556092376,322.6310804876666,320.8736098781829,319.1919615349467,317.5911315026176,316.07476358519045,314.6452302350257,313.30373586565577,312.05042066052147,310.8844918452809,309.8043282034465,308.8076122927781,307.89144276365323,307.0524580854634,306.2869246097686,305.5908588681317,304.96009764179547,304.3903877473752,303.8774603345846,303.4170751424013,303.0050905789112,302.6374896182065,302.310421199131,302.0202221728854,301.7634347875176,301.5368212928312,301.33736664900084,301.1622806002409,301.00899919004286
0.001233763699237496,355.02931411500884,354.9249496911622,354.61311258193746,354.09755368030875,353.3844381166521,352.4822146921602,351.40144013555505,350.1545617269562,348.75566663706957,347.2202033108705,345.56468504776245,343.8063833413248,341.9630174410104,340.0524513551864,338.09240416468435,336.1001761000303,334.09240449724916,332.084846708482,330.0921950907841,328.1279285166207,326.20419763530657,324.33174829119713,322.519872431298,320.77640254161713,319.1077214489053,317.5188084466042,316.0133071575271,314.5936046071989,313.2609326514338,312.01546980037966,310.8564703847144,309.78236722742014,308.79090202067533,307.8792358304138,307.044071257559,306.28173926331084,305.58832003867997,304.95971225987233,304.3917219765318,303.8801362191503,303.42076693869143,303.0095206130938,302.64242408820627,302.3156658668619,302.0256181169296,301.7688543097537,301.5421639683032,301.34255567764615,301.1672594088589,301.0137283268505
0.001238763699237496,354.60459980527196,354.5013588038594,354.1928751201247,353.6828493144303,352.97736397447807,352.08475518957215,351.01543956019407,349.78170019162656,348.3974398947521,346.8779068167121,345.2394024985745,343.49897979061836,341.67413695045104,339.78251902207217,337.84163222790227,335.8685737389749,333.8797909157914,331.89086685518157,329.9163375936587,327.9695451492655,326.0625238003473,324.2059239130894,322.4089628075134,320.6794185928851,319.0236390527613,317.4465864546372,315.9519038295863,314.54199225736494,313.21811043066725,311.9804745209437,310.82838526085277,309.7603287947495,308.7741052304462,307.8669373517923,307.0355912249208,306.2764617961945,305.5856923434256,304.95924292043446,304.39297835125126,303.88274114917226,303.4243951374233,303.01389458139033,302.6473099692915,302.3208691876307,302.0309795849219,301.7742457581505,301.5474844402535,301.3477278058698,301.1722260412398,301.0184494398307
0.001243763699237496,354.1825336923805,354.08040664638156,353.77524816081245,353.2707089877027,352.57279003011735,351.68971583241523,350.6317643088937,349.41105606661836,348.0413114216631,346.5375802268013,344.9159543543836,343.19327013440477,341.38680693871686,339.5139928873841,337.59212327576114,335.63809400118737,333.66816405484195,331.697743683783,329.7412137897884,327.81178049393327,325.92136243001625,324.080514985287,322.2983811352708,320.58268469210253,318.9397382929991,317.37448691472184,315.89057259337835,314.49040994869745,313.1752839071483,311.9454476360535,310.8002475649449,309.73822243745224,308.7572300527453,307.85455420797814,307.0270237601535,306.2710970074385,305.58297973229367,304.9586928389206,304.39415945705196,303.8852771747896,303.42796133805786,303.01821370778345,302.65214817611206,302.3260318243846,302.0363070378213,301.77960943414644,301.55278288646565,301.3528831177572,301.1771805124789,301.02316249518924
0.001248763699237496,353.76319278042973,353.6621700668293,353.36030808596695,352.86120831098384,352.17079082682267,351.2971698114912,350.250485949815,349.0426990446824,347.687348802276,346.1992888065208,344.5944033745221,342.8893144643091,341.1010846943788,339.24692732825844,337.3439286928007,335.4087852244612,333.4575691778375,331.50551938134697,329.56686281222346,327.6546706748893,325.7807467060817,323.95555183243016,322.18815498431013,320.4862257709409,318.8560415922142,317.3025298791211,315.82933127697197,314.4388734361812,313.13246691667524,311.9104012168473,310.77206775671425,309.71605715396663,308.7402841703174,307.84209290564166,307.0183743264669,306.2656494415327,305.58018594727235,304.95806506209857,304.3952677436154,303.8877462375437,303.4314670538739,303.02247914836613,302.65693957023007,302.33115439885535,302.0416009048087,301.7849456148331,301.55805946617306,301.3580216833201,301.1821228270198,301.02786745106835
0.001253763699237496,353.3466475304556,353.2467193872295,352.9481248021676,352.4544165033556,351.77143463133194,350.90718418626045,349.87167009270667,348.67669305831686,347.33561408137734,345.86309252146873,344.27480727454883,342.5871680969706,340.8170230092376,338.98137250939186,337.097095938363,335.18069210850035,333.24804819426265,331.3142330595632,329.39332098936165,327.4982492725955,325.64070751579914,323.8310627210069,322.0783100885952,320.39006513293737,318.77256993731885,317.23073414148337,315.76819661155935,314.3873975246006,313.0896724769114,311.8753466343926,310.7438557006045,309.69384143979846,308.7232748437652,307.82955959948026,307.00964809559343,306.260123403257,305.5773145346053,304.95736247804257,304.3963055329109,303.8901501769604,303.4349137172751,303.0266919956015,302.6616849635236,302.33623749426795,302.0468615854341,301.7902545546517,301.56331432139444,301.36314355954494,301.18705297947486,301.0325642581876
0.001258763699237496,352.9329622555518,352.834118797581,352.53876213146043,352.0503967777132,351.3747838122049,350.51982025405505,349.4953767472647,348.313096625713,346.98616409621604,345.5290463546378,343.95721902748784,342.28688185859266,340.53467044564667,338.7173746328178,336.8516687787014,334.9538559294335,333.0396398568206,331.1239209349868,329.2206220087996,327.3425474718468,325.501273585101,323.7070739784396,321.968870452201,320.2942245471228,318.68934296186586,317.1591173088234,315.70718429404013,314.3359961226482,313.04691283390434,311.8402945994542,310.71562069958685,309.6715833160989,308.7062089355735,307.8169601123024,307.0008499644862,306.25452297148996,305.57436885614777,304.95658782542534,304.3972750267579,303.89249073667565,303.4383026847269,303.0308532822837,302.6663851213508,302.3412816578576,302.0520894516112,301.7955364869687,301.5685475781749,301.36824879136725,301.191970955389,301.0372528604416
0.001263763699237496,352.52219549007333,352.42442672405923,352.13227817657935,351.649206701069,350.9808951933551,350.135133895088,349.12166065800295,347.95196317402383,346.6390507868867,345.1972006028109,343.6416871453329,341.9885023508533,340.25407158633163,338.45497617132855,336.6076875038944,334.7283147402892,332.83237994570135,330.93461649748195,329.0487970704638,327.1875942002149,325.3624716030693,323.5836101043785,321.85985844826894,320.1987243355136,318.6063790229757,317.08769586877975,315.64630904549506,314.2846822934755,313.00419950554,311.8052551996388,310.68737152673197,309.64929035634964,308.6890929325368,307.80429995377256,306.99198457089983,306.24885201208764,305.57135209995704,304.9557437021795,304.3981783138747,303.89476957014165,303.44163524135524,303.0349639852262,302.67104076549526,302.3462874032132,302.05728484947485,301.8007916255421,301.5737593477401,301.37333741257856,301.1968767319503,301.0419331954552
0.001268763699237496,352.1144003349888,352.0176961734336,351.7287256625751,351.2508985315829,350.5898203847449,349.75317589517965,348.7505716175001,347.5933413417656,346.2943214866787,344.8676011538288,343.32825594239125,341.6920721996663,339.9752672680984,338.19421608685064,336.3651891307817,334.50410355855365,332.62630144097864,330.74635066781406,328.8778750298786,327.0334162575753,325.22432633839253,323.460693874825,321.75129491158395,320.10358345496644,318.52369527330154,317.01648525253034,315.58558466588016,314.2334683019714,312.961543322181,311.770237934127,310.6591164547267,309.6269697113059,308.6719329667199,307.79158433792605,306.98305630794476,306.2431141899129,305.56826729017973,304.9548325735819,304.399017376454,303.89698824594984,303.4449126052331,303.03902502869937,302.6756525769108,302.3512552124588,302.0624481011091,301.8060201658871,301.57894972757157,301.378409446671,301.20177027865213,301.04660519510287
0.001273763699237496,351.7096247812383,351.6139750555502,351.3281522566873,350.8555195341311,350.2016060920276,349.37399224794086,348.3821547597083,347.2372752619742,345.95201919395515,344.54028974622685,343.01696578188313,341.3976302881295,339.6982948006923,337.93513003494706,336.124207593012,334.28125454182083,332.42143468406533,330.5591519452441,328.7078825323461,326.8800384374189,325.08686074843484,323.33834643964883,321.6431992252789,320.0088195738346,318.44130772842436,316.94549989371046,315.5250240852424,314.18236565903095,312.91895446471244,311.735251746187,310.6308632835017,309.6046281323389,308.6547348350682,307.7788181995524,306.97406933769867,306.23731298008056,305.5651172962926,304.95385677980715,304.3997940963054,303.8991482527998,303.4481359313828,303.0430372876379,302.6802211982812,302.35618553828965,302.0675795061601,301.81122228654885,301.58411880240965,301.3834649076251,301.20665155791136,301.0512687859921
0.001278763699237496,351.30791201277754,351.21330648555636,350.9306008681242,350.46311227605565,349.81629440674345,348.9976244379826,348.016450834852,346.88380482759385,345.612182826972,344.2153042125844,342.70785330708,341.1052119748746,339.4231881719456,337.6777505565128,335.8847739191924,334.059797152451,332.21780752906886,330.37304654589093,328.5388441387356,326.7274836405786,324.95009608148797,323.2165874140118,321.53558940211815,319.91444914383237,318.35923133003024,316.87475328364104,315.46463941172533,314.13138516304576,312.87644250019844,311.7003050536407,310.6026193661154,309.5822719933026,308.63750401777565,307.76600620953633,306.9650276039476,306.2314516784822,305.5619048417486,304.952818542992,304.4005102605976,303.90125100414457,303.4513063155139,303.04700159063617,302.6847472364101,302.36107880587093,302.07267934333987,301.8163981502903,301.5892666451883,301.3885038006449,301.2115205256449,301.05592388991585
0.001283763699237496,350.9093006908308,350.81572906738614,350.53610992925644,350.07371490457814,349.4339230785282,348.6241097065738,347.6534964672929,346.5329659404257,345.27484746292225,343.8926787078136,342.4009516581424,340.814849298911,339.1499782402427,337.422107257627,335.6469164000373,333.8397583120639,332.01544548480643,330.1880585325607,328.3707824435171,326.5757729819469,324.8140519727206,323.0954349641555,321.42848216077135,319.82048746746955,318.2774800051943,316.80425802315006,315.4044419766115,314.08053693882977,312.8340164153292,311.66540577744075,310.57439163303,309.5599073110367,308.6202456955034,307.75315278923716,306.9559348441265,306.225533411645,305.55863251207325,304.9517199738493,304.4011675672328,303.9032978425348,303.45442479751955,303.0509187227488,302.68923126445463,302.3659354146126,302.0777478718318,301.8215479052011,301.59439331790884,301.39352612284443,301.21637713180877,301.06057042427494
0.001288763699237496,350.51382522073834,350.4212771598859,350.14471365959196,349.68736140722984,349.0545257706596,348.25348130104413,347.2933243976212,346.18479074485305,344.9400445623644,343.57244392349776,342.09629067571325,340.5265711719656,338.8786929152409,337.1682269784327,335.4106607453257,333.62116254661896,331.8143718481717,330.00420993667166,328.2037181856132,326.4249258907015,324.6787465342942,322.97490588797393,321.3218929974509,319.7269487613845,318.1960667220563,316.73402587123934,315.3444423766194,314.02983047417194,312.79168464782833,311.6305613685009,310.5461866148995,309.53753976461144,308.6029647655387,307.74026212397837,306.94679460051736,306.2195611459769,305.5553027624544,304.9505630778647,304.4017676298803,303.9052900436879,303.45749236474853,303.0547894281101,302.69367382401407,302.3707557398282,302.0827853326032,301.8266716857348,301.59949887245625,301.3985318638895,301.22122132090203,301.06520830247393
0.001293763699237496,350.1215160026541,350.02998112683656,349.75644231377964,349.30408185652686,348.6781323001474,347.88576870910305,346.93596371011097,345.83930784744314,344.60780218009563,343.25462728928903,341.793897092225,340.2404035592215,338.60935732769826,336.91613395184646,335.1760302314102,333.4040321227669,331.61460782948257,329.821520872853,328.0376703525923,326.2749602045137,324.5441964400693,322.85501569075217,321.2158362532504,319.6338462158786,318.115003542156,316.664067790831,315.28465051366146,313.9792746541901,312.7494551159665,311.5957788329053,310.5180104639795,309.5151747134049,308.5856658569702,307.7273381757149,306.9376102307624,306.21353769644196,305.5519179248623,304.94934976110926,304.40231198269595,303.9072288202998,303.4605099550702,303.05861441238716,302.69807542708475,302.37554013428723,302.0877919496343,301.83176961367747,301.6045833513627,301.4035210065979,301.2260530324382,301.06983743429157
0.0012987636992374961,349.73239966724486,349.6418675720157,349.3713224147749,348.92390264000915,348.30476886346474,347.52099787915165,346.5814400465828,345.4965425234284,344.278145163433,342.939253162285,341.49379471179617,339.95636964928207,338.341993989184,336.6658499528171,334.9430458399508,333.18838717609367,331.4161726703802,329.640009646738,327.8726562786783,326.12589225816913,324.4104170052908,322.7357786564151,321.11032517749413,319.54119205092275,318.0343016696676,316.59439399179985,315.22507563224195,313.9288777936452,312.7073352463224,311.5610647556193,310.48986897426016,309.4928172140993,308.56835334495423,307.7143846949375,306.9283849177409,306.20746573470944,305.54848021473566,304.9480818356943,304.40280208474985,303.90911532562086,303.4634784597481,303.06239434507864,302.70243655789125,302.3802889296686,302.09276793106784,301.83684179905555,301.6096467885215,301.40849352750155,301.23087220138694,301.0744577262271
0.0013037636992374961,349.3464992974356,349.25695956034724,348.9893769732071,348.54684667666794,347.9344582489263,347.1591914275653,346.2297758076231,345.156516910989,343.9510953387855,342.6263430052315,341.19600457951657,339.6744900141171,338.07662294238077,336.41739443879953,334.7117263884862,332.9742458318276,331.2190837548047,329.4596928564319,327.70869173701305,325.97773696699414,324.2774222616044,322.61720791460556,321.0053719873774,319.44899756888543,317.95397149775175,316.52501397148814,315.16572635466446,313.8786476673607,312.6653319999119,311.52642532280413,310.4617676004125,309.47047203667285,308.551031364134,307.7014052318687,306.91912167885675,306.2013477968137,305.5449917372634,304.94676102489586,304.4032393241838,303.91095065681145,303.46639872613514,303.0661298616701,302.7067576746031,302.38500243792197,302.09771347028595,301.84188834098524,301.61468920985675,301.41344939737183,301.23567875858777,301.0790690818263
0.0013087636992374961,348.9638346371657,348.8752768260939,348.61062569389424,348.1729336206969,347.5672200366314,346.8003688338438,345.8809903420314,344.8192501941731,343.6266716873205,342.3159155543118,340.9005451408509,339.39478275967963,337.8132619026279,336.1707846820482,334.4820886534099,332.7616243185289,331.02335671352427,329.2805854880897,327.5457910265669,325.8305079054472,324.1452250277291,322.499315503878,320.90098792415586,319.35727320421074,317.8740226522258,316.4559365528746,315.10661071420105,313.8285915388797,312.62345189680354,311.49186634283546,310.433711475631,309.44814367945844,308.5337038212742,307.6884031470017,306.90982337477755,306.1951862903602,305.54145449329303,304.94538896797155,304.40362502211735,303.9127358580938,303.46927156020456,303.0698215656565,302.7110392109443,302.38968095254495,302.10262874691944,301.8469093284683,301.61971063394935,301.4183885817136,301.2404726311373,301.08367140198607
0.0013137636992374962,348.5844222880309,348.4968359689715,348.2350851703808,347.8021800534266,347.2030707868136,346.44454662445025,345.5351001252923,344.4847587752263,343.30489051046675,342.00798697723775,340.60743239183296,339.11726366782597,337.5519263912985,335.9260358942849,334.25414748586365,332.5505370752381,330.8290055226553,329.1027010060054,327.3839670540635,325.6842173812055,324.01383697608065,322.3821124312759,320.7971833061206,319.26602857025495,317.79446403273687,316.3871699205607,315.0477361863637,313.77871618748037,312.5817010393207,311.45739326611533,310.4057054284509,309.425836383334,308.51637440716416,307.6753816210262,306.9004927176642,306.18898350130854,305.53787038488986,304.94396722469185,304.40396043632165,303.91447192371436,303.4720977289268,303.07347003044134,302.71528157770393,302.39432474978025,302.10751392779457,301.8519048411389,301.62471107262496,301.4233110412264,301.24525374275345,301.08826458524123
0.0013187636992374962,348.20827589462164,348.1216506389886,347.8627690682906,347.4345996642296,346.8420242173714,346.0917385460945,345.1921189278052,344.1530564370361,342.9857655859299,341.7025710222824,340.31668002066124,338.84194633012135,337.292629861557,335.68316134425237,334.0279159210236,332.34099685252136,330.63604259657785,328.92605143758044,327.22323141125116,325.53887650504583,323.8832686956172,322.26560872853213,320.69396757857186,319.17527250347126,317.7153038516045,316.3187216547202,314.98910971840445,313.7290279336613,312.5400851339293,311.4230112037585,310.3777539986071,309.40355414510225,308.49904660783983,307.6623436641846,306.89113227892534,306.18274160036253,305.5342412205723,304.9424972796051,304.4042467646749,303.9161598007295,303.47487796250414,303.07707580112043,302.71948516415534,302.39893408973984,302.1123691678204,301.85687494996245,301.6296905315046,301.4282167322384,301.25002201411587,301.0928485280326
0.0013237636992374962,347.83540631929895,347.7497317107542,347.4936882982356,347.0702034211209,346.484091371289,345.7419557291538,344.8520579735424,343.82415449634277,342.6693083148444,341.3996791588552,340.02829954126753,338.5688422740629,337.03538381699775,335.4421724686185,333.8034052812112,332.13301480781445,330.44447887561233,328.75064745350767,327.06359444782925,325.39449525680186,323.7535297511588,322.1498135051188,320.59134936099326,319.08501310512,317.63654967048814,316.2505987631473,314.9307377571635,313.67953266319836,312.49860951189726,311.3887249452292,310.3498614520007,309.3813007301163,308.48172371517035,307.64929212509685,306.8817444965298,306.1764626489932,305.5305687202449,304.94098054605496,304.4044851484163,303.9178003916265,303.47761295647194,303.0806393961592,302.72365033938837,302.4035092174605,302.1171946108228,301.86181971789335,301.6346490105217,301.4331056071125,301.2547773631865,301.0974231249599
0.0013287636992374962,347.4658218070935,347.3810874479341,347.1278511789537,346.70899973172106,346.12928077460475,345.3952068418692,344.51492608975997,343.4980619483111,342.3555278606382,341.0993207101641,339.7423004193721,338.2979610822135,336.7801979236281,335.20307897666737,333.5806252732352,331.9266005954352,330.25432390880115,328.57649844348265,326.9050653403102,325.2510825476485,323.6246287394072,322.03473499834945,320.48933649160745,318.9952577806654,317.55820843502175,316.18280771152865,314.87262627537416,313.63023584986684,312.457279148806,311.35453897499644,310.32203179483224,309.35907968419934,308.46440883685136,307.63622969908744,306.87233168190454,306.17014860512023,305.52685451984934,304.93941836996646,304.4046766752107,303.91939455679204,303.48030337367646,303.0841613089698,302.7277774535622,302.408050363895,302.1219903903266,301.8667392004909,301.6395865044066,301.4379776146284,301.25951970550966,301.1019882690184
0.0013337636992374962,347.0995281413574,347.01572365848614,346.7652635913005,346.35099459519864,345.77759858552776,345.05149823590887,344.18072984832884,343.1747856030207,342.04443128013645,340.80150297847365,339.45869019151104,338.02931050469846,336.52708011561765,334.9658889491688,333.3595840803267,331.7217624516062,330.06558593210593,328.40361258772896,326.7476521570796,325.1086462789508,323.4965733418806,321.92038062072373,320.3879360694812,318.9060132770065,317.4802865075461,316.11535445205243,314.81478079652135,313.5811425769154,312.41609868298997,311.3204574882732,310.2942687869539,309.33689434490555,308.4471049058439,307.62315893605046,306.8628960264479,306.1638013284727,305.5231001757519,304.9378120334158,304.40482238203754,303.92094311683707,303.4829498461362,303.0876420093949,302.73186683908364,302.4125577468441,302.1267566302905,301.8716334464977,301.6445030031424,301.4428327003403,301.26424895449435,301.10654385182244
0.0013387636992374962,346.7365287907515,346.6536438412555,346.405929123672,345.99619174575906,345.4290487352642,344.7108340838404,343.8494736992171,342.8543302143788,341.73602364739804,340.50623136342216,339.17747457747623,337.7628965654843,336.27603669521255,334.7306089317999,333.1402884490147,331.51850727480206,329.87827194231187,328.2319969246008,326.59136191989313,324.9671933978967,323.36937037495596,321.80675700468964,320.2871544943363,318.81728571768195,317.4027896980593,316.0482444504617,314.75720641834937,313.5322575573709,312.3750724329714,311.28648440589626,310.2665759544939,309.3147478521637,308.42981468929463,307.6100822478791,306.8534396076809,306.157422585652,305.51930716888495,304.93616275799906,304.40492325791485,303.9224468547878,303.4855529767962,303.09108194510503,302.735918811715,302.4170315718328,302.1314934457983,301.87650249838407,301.6493984923919,301.44767080691355,301.2689650216794,301.1110897638137
0.0013437636992374962,346.3768250481091,346.2948493244659,346.04984920939086,345.6445927882072,345.08363306106577,344.3732165090165,343.52116009661097,342.5366986019311,341.4303081707317,340.2135094738343,338.8986575865787,337.49872366282557,336.02707242717224,334.4972440234509,332.92274377125295,331.3168407017128,329.69238776690486,328.0616574145086,326.4362006620333,324.82672995010955,323.24302583720174,321.693870044984,320.1869975042083,318.72908063617353,317.32572329349773,315.98148271164774,314.69990783510116,313.48358515324907,312.334204413954,311.2526233884027,310.2389566017954,309.2926431583435,308.4125407969701,307.59700191548995,306.8439643950609,306.1510140549142,305.515476908658,304.9344717080112,304.4049802464691,303.92390651815185,303.48811334117977,303.0944815429136,302.7399336716171,302.421472032934,302.1362009437078,301.88134639285795,301.6542729538997,301.45249187444017,301.273667816982,301.1156258944588
0.0013487636992374962,346.02041616167173,345.9393393966079,345.69702325654913,345.29619732606915,344.7413514319807,344.03864570834025,343.19578961812556,342.221891766004,341.12728630331605,339.92333923342403,338.62224161811423,337.2367946642403,335.7801906280702,334.2657979597374,332.70695416209315,331.1167671790936,329.5079381301703,327.8925990003929,326.2821734833309,324.6872611294308,323.1175449541658,321.5817249386998,320.08747021108763,318.64140300742525,317.2490920854508,315.915073803876,314.6428893585688,313.435129393736,312.29349835343334,311.21887784935126,310.2114138227163,309.2705830377797,308.3952856892363,307.5839200954661,306.83447225547866,306.14457733069065,305.5116107366528,304.93273999344893,304.4049942483614,303.9253228208675,303.49063148894703,303.0978412100169,302.74391170433137,302.42587931354404,302.1408792232613,301.88616516134545,301.6591263658687,301.4572958407358,301.2783572489321,301.120152132434
0.0013537636992374963,345.66729945916387,345.58711143018115,345.3474487707673,344.9510030827261,344.40220186774786,343.70712006834106,342.87336107752645,341.90990899658493,340.8269578478073,339.6357209807627,338.3482275563848,336.9771109963436,335.5353932507667,334.0362731920024,332.4929225331715,330.9182900317487,329.3249267157431,327.7248256649573,326.1292846022424,324.54879132504163,322.9929322207757,321.4703262232205,319.9885771346642,318.5542572776898,317.1729003964035,315.8490218817258,314.58615493802773,313.38689399240747,312.2529577059804,311.185250967937,310.1839505113265,309.24857009578875,308.37805168461,307.5708388263431,306.8249649584579,306.138113927863,305.5077099301162,304.9309686728476,304.40496612357754,303.9266964451426,303.49310794536365,303.10116133516124,302.74785318170393,302.43025358711174,302.1455283766595,301.89095883044126,301.66395870331473,301.4620826416183,301.28303322489137,301.1246683657991
0.0013587636992374963,345.31747046513226,345.23816099872374,345.00112147129175,344.60900601597814,344.0661806512475,343.37863627496426,342.55387163135094,341.60074797631603,340.5293210552985,339.35065356385337,338.0766148605999,336.71967272984887,335.2926809643445,333.80867096208397,332.2806506622632,330.72141152688357,329.14335622582,327.55834048485247,325.9775374051599,324.4113241660861,322.8691914414912,321.3596778121479,319.89032223429035,318.4676473927999,317.0971521045977,315.78333070782315,314.5297081791217,313.3388823635403,312.21258566724543,311.1517457009401,310.15656937204074,309.22660677720785,308.36084096691025,307.55776003456054,306.81544418107717,306.1316252858075,305.5037757052635,304.92915875596236,304.40489669359255,303.9280280431918,303.4955432126874,303.10444228974495,302.75175836275736,302.4345950178255,302.1501484896017,301.8957274223333,301.66876993839975,301.4668522111692,301.28769565126044,301.12917448216115
0.0013637636992374963,344.9709230119518,344.8924819875225,344.65803540082794,344.27020042642846,343.7332824348885,343.05318941744434,342.2373168797893,341.294404877948,340.23437271896216,339.0681344296327,337.80740164996223,336.46447866002376,335.05205322977815,333.5829913730976,332.07013925913515,330.52613293503873,328.9632284372348,327.39314568199575,325.8269344931162,324.2748625639414,322.7463257683468,321.24978302934335,319.7927089392679,318.38157682495904,317.0218506675921,315.718003673438,314.47355236176185,313.2910976375733,312.1723851872305,311.118364794051,310.1292729292213,309.20469537448537,308.3436555920327,307.5446855400975,306.805911512629,306.1251127722227,305.49980922040305,304.92731120630395,304.4047867434153,303.9293182388755,303.4979377714759,303.1076844288561,302.75562749451086,302.4389037612592,302.1547396417933,301.9004709552008,301.6735600407441,301.4716044819801,301.292344433672,301.1336703688277
0.0013687636992374963,344.6276493448687,344.55006669837906,344.3181830294755,343.9345790600502,343.403500341289,342.7307730866119,341.9236909621641,340.99087445658193,339.9421082626919,338.7881597086973,337.5405847842218,336.2115263828653,334.8135083715828,333.35923345646626,331.8613880279158,330.33245458780726,328.78454425457824,327.22924267219116,325.6774777260403,324.1394087522748,322.62433773700457,321.14064464119264,319.6957401775583,318.29604859814054,316.9469991445995,315.6530438180121,314.41769045709736,313.243542675766,312.132358982874,311.08511079260586,310.10206353628,309.1828380353504,308.32649749436933,307.531617061813,306.7963684590335,306.11857768675407,305.4958115788944,304.9254269435373,304.4046370235221,303.9305676292502,303.5002920818219,303.1108880922522,302.7594608127539,302.4431799649814,302.15930190742415,301.90518944358905,301.67832897772087,301.4763393853833,301.2969794771739,301.13815591295173
0.0013737636992374963,344.2876402214258,344.21090594877165,343.98155535310735,343.60213320527225,343.0768260585813,342.4113794679542,341.61298664731936,340.6901501369997,339.6525218250275,338.51072429553017,337.2761599399571,335.960812367245,334.57704364568,333.1373952354161,331.6543957261818,330.140375932521,328.6073037605339,327.06663211120633,325.5291682647031,324.004964325015,322.5032293009338,321.0322648871988,319.59941840300604,318.2110653121721,316.87260021767105,315.5884538476816,314.36212514361216,313.19622008410244,312.09250954998697,311.05198605177105,310.07494338431184,309.16103677008425,308.3093684928955,307.5185562225082,306.7868164470203,306.1120212644272,305.49178383194806,304.9235068457508,304.404448251685,303.93177678603234,303.5026065845192,303.1140536052844,302.76325854277536,302.4474237691286,302.16383535561783,301.90988289876236,301.6830767147318,301.48105685166894,301.3016006863995,301.14263100166727
0.0013787636992374963,343.9508850055948,343.87498916573963,343.6481419865123,343.272852784901,342.75324993064874,342.0949994297325,341.30519541921433,340.39222409636443,339.36560633863974,338.2358219244885,337.0141216828329,335.7123320232518,334.34265530369424,332.9174737851417,331.4491602209524,329.9498955840795,328.4315062635918,326.9053139384554,325.38200661048774,323.87153027235837,322.3830018638258,320.9246455089967,319.50374562116156,318.12662916558565,316.7986562117939,315.524236152849,314.30685882239777,313.14913222648397,312.05283917457837,311.0189927462036,310.0479145102846,309.1392934584195,308.2922702969423,307.50550455372473,306.7772568280934,306.1054446789004,305.4877269812782,304.9215517516052,304.4042211147012,303.9329462569822,303.504881702164,303.11718127976945,302.76702090005097,302.4516353069446,302.16834005085514,301.9145513290342,301.687803215467,301.4857568102886,301.30620796572896,301.14709552221683
0.0013837636992374963,343.617371756914,343.54230447478636,343.31793125159913,342.94672644316915,342.43276104258416,341.78162260643705,341.0003075579908,340.0970873425564,339.08135360562386,337.96344524178994,336.7544635360607,335.46607976695293,334.11033865388447,332.69946528982746,331.24567854176485,329.761011374085,328.25715034328505,326.7452874184191,325.2359926431049,323.7391070149198,322.26365631034247,320.8177877778812,319.4087234137841,318.0427419772983,316.72516911396525,315.46039282486277,314.2518936316495,313.1022812372516,312.0133499436048,310.98613287922194,310.02097880481205,309.11760985608555,308.275204511674,307.49246350029824,306.7676908822895,306.09884904554895,305.4836419816147,304.91956246236794,304.4039562700302,303.934076567213,303.5071178401962,303.1202714148126,302.7707480908913,302.45581470528987,302.1728160533717,301.9191947400798,301.6925084421483,301.4904391900469,301.3108012194398,301.1515493620718
0.0013887636992374964,343.28708731491423,343.2128387840839,342.990910260939,342.62374162818753,342.11534730163794,341.47123747784,340.6983122167722,339.8047297883857,338.7997543688381,337.6935858737251,336.49717804527523,335.2220490817692,333.8800881188994,332.48336509670395,331.0439469309958,329.5737203974328,328.0842338930927,326.58655117993294,325.09112565637275,323.6076944361341,322.1451930352934,320.7116925209309,319.31435296209645,317.9594052071943,316.6521405912982,315.39692567185114,314.19723146042963,313.0556690330751,311.97404375517715,310.95340829151263,309.9941380195331,309.09598760102244,308.2581726432859,307.4794344246775,306.7581198217441,306.0922354243881,305.4795297430855,304.9175397438401,304.40365434734287,303.9351682204292,303.5093153878818,303.12332429758527,302.77444031305345,302.4599620851203,302.1772634195334,301.92381313522776,301.6971923557589,301.49510391928095,301.3153803518489,301.1559924090444
0.0013937636992374964,342.9600173790963,342.8865778642402,342.667064996908,342.3038846700562,341.80099551390674,341.16383144389556,340.3991974944297,339.51514032191767,338.5207983795083,337.4262344913051,336.2422568400274,334.98023257665807,333.65189729053344,332.26916776730343,330.84396089158184,329.3880190565005,327.9127541611343,326.42910325346014,324.9474043921647,323.47729191300493,322.0276119713288,320.60636014580587,319.2206350688631,317.8766199756656,316.5795720082159,315.3338362337594,314.14287396173876,313.00929732424504,311.9349223282545,310.92082066939867,309.96739377411996,309.07442821928186,308.24117610393944,307.46641861102466,306.7485447940751,306.08560482284656,305.4753911334733,304.91548432818195,304.40331594998815,303.9362217000968,303.51147471924355,303.12634020405824,302.77809775631715,302.4640775619386,302.18168220218803,301.928406515736,301.70185491625773,301.499750926029,301.319945267445,301.1604245513938
0.0013987636992374964,342.63614658470397,342.5635064238752,342.3463803866715,341.98714085487455,341.48969145700045,340.8593908957132,340.1029505045402,339.228306873119,338.24447446130534,337.1613808715424,335.98969069208175,334.74062204127677,333.42575898164813,332.056867126069,330.6457152322829,329.2039031030679,327.7427077887822,326.2729411064604,324.8048270726301,323.3478983452904,321.9109126152287,320.5017906642935,319.1275701793558,317.79438708217134,316.5074644427827,315.27112579663424,314.0888225649326,312.9631676254005,311.89598721185354,310.88837155269556,309.94074756293514,309.05293313063083,308.2242162164491,307.4534172691079,306.7389668855936,306.0789581983978,305.47122698035724,304.91339691564355,304.40294165638244,303.93723747055196,303.51359619393855,303.129319399695,302.7817206030288,302.4681612462196,302.1860724509978,301.93297488105026,301.7064960827813,301.50438013818837,301.32449587101405,301.1648456779252
0.0014037636992374964,342.3154585745252,342.24360818123364,342.02884037323975,341.67349449487455,341.18141994890516,340.55790128282126,339.8095574407448,338.94421647703234,337.97077057108584,336.89901395554745,335.73946957068983,334.50320849829376,333.2016652754154,331.8464563064614,330.4492041106216,329.0213676780895,327.5740908473017,326.11806167695886,324.66339143077846,323.2195121832142,321.7950940528674,320.3979837146693,319.0351584012666,317.7127070228672,316.43581870221925,315.20879540619546,314.03507848752247,312.9172812657234,311.8572397938002,310.8560623421761,309.9142007613573,309.03150365387705,308.2072942187341,307.4404315379982,306.729387124353,306.07229646105634,305.4670380731432,304.9112781762048,304.4025320213256,303.93821597805004,303.5156801580897,303.1322621401059,302.7853090286147,302.47221324381064,302.1904342127507,301.93751822904636,301.71111581383377,301.5089914836641,301.32903206775546,301.16925567808266
0.0014087636992374964,341.9979360669368,341.9268659320537,341.7144279828072,341.3629289948899,340.8761649132512,340.25934717692235,339.5190036387005,338.6628553336631,337.69967385648135,336.6391219036152,335.4915826950071,334.2679822530002,332.97960757202634,331.6379277947011,330.25442107362574,328.8404073494404,327.4068988726278,325.96446140541326,324.5230947395181,323.0921314537785,321.6801549829219,320.2949385829372,318.943399523627,317.63158000735757,316.36463533764714,315.1468458807352,313.98164274638896,312.8716393986283,311.81868130904877,310.82389430666603,309.88775463179365,309.01014101192914,308.19041126804905,307.427462489582,306.7198064830445,306.06562047574835,305.46282516499053,304.90912875113077,304.40208757724713,303.93915765175774,303.517726945071,303.13516867166584,302.788863202064,302.476233656309,302.1947675316546,301.94203655625915,301.715714067464,301.5135848905078,301.33355376339205,301.17365444203665
0.0014137636992374964,341.68356092039386,341.6132616138891,341.40312538857626,341.0554269153562,340.57390944117907,339.96371233232856,339.2312736348127,338.38420886475853,337.431170710502,336.3816921474638,335.24601858380515,334.03493294036963,332.7595766330029,331.4312734712703,330.0613590964921,328.6610161477386,327.24112689837807,325.81213626496907,324.3839338392313,322.9657537857559,321.5660937393951,320.19265422301055,318.85229303478525,317.5510059746156,316.2939146581028,315.08527782337944,313.928516168445,312.8262430109752,311.7803128475912,310.7918685897905,309.86141032939634,308.9888463366075,308.17356844500455,307.4145111318976,306.710225881747,306.0589310645623,305.4585889746405,304.9069492544462,304.40160883538795,303.94006290469343,303.5197368762505,303.1380392320988,302.7923832863861,302.48022258141725,302.19907244961274,301.94652985809654,301.7202908014323,301.5181602870479,301.33806086427256,301.1780418607657
0.0014187636992374964,341.3723141945574,341.3027763670781,341.0949139712545,340.75097003202995,340.27463584998446,339.670979743256,338.94635122191823,338.10826176764436,337.1652468233168,336.12671143977616,335.00276510262427,333.8040495696996,332.54156262323954,331.22648465029516,329.8700106192794,328.48318760035187,327.0767694871949,325.66108179018966,324.2459051639636,322.8403764334293,321.4529083130123,320.0911292758875,318.76183813949126,317.4709846081157,316.22365674386094,315.0240916337463,313.87569940077367,312.78109293183013,311.74213536197885,310.7599862163898,309.8351689074979,308.96762067321816,308.1567667573897,307.40157841230746,306.70064619054057,306.0522290088855,305.45433018815174,304.90474027433527,304.4010962869202,303.9409321346169,303.5217102616929,303.1408740510285,302.7958694390404,302.48418011327794,302.2033490064837,301.9509981290405,301.72484597336734,301.5227176020117,301.3425532774675,301.1824178261326
0.0014237636992374964,341.06417620823515,340.9953905925355,340.7897743764008,340.4495393925995,339.9783257387153,339.3811316981429,338.6642195020812,337.8349980662741,336.90188723135884,335.8741659011888,334.76180950850096,333.5753205669647,332.32555515089587,331.0235521169218,329.6803675817398,328.3069147636801,326.91382076050667,325.5112931043411,324.10900476630104,322.71599629914624,321.34059637155576,319.9903620878773,318.67203377513835,317.3915153502217,316.1538614591031,314.96328751903314,313.8231929202702,312.736189840798,311.70414967447743,310.72824809862175,309.80903132278183,308.9464649849033,308.14000714380677,307.3886652205134,306.6910682319896,306.04551505143553,305.4500494605479,304.90250237446776,304.4005504040083,303.94176572487225,303.5236474008243,303.14367335049997,302.7993218123426,302.48810634278857,302.20759724032484,301.95544136283604,301.72937954091157,301.52725676463933,301.34703091085925,301.1867822309561
0.0014287636992374965,340.7591265943062,340.6910840065363,340.4876865687879,340.15111537035193,339.6849600408802,339.0941498311507,338.3848609366544,337.56440115964006,336.6410763638968,335.62404106486156,334.52313849240034,333.3487338150012,332.1115433052522,330.8224661627889,329.4924214563813,328.13219025380744,326.7522744267894,325.36276494530824,323.9732283410029,322.5926099547502,321.22915527918786,319.89035072792416,318.5828786272034,317.31259741586626,316.0845284639654,314.90286550456136,313.7709970428148,312.69153427595046,311.66635648387387,310.696655041768,309.7829984402009,308.92538015677906,308.1232904771283,307.3757723914236,306.68149278350336,306.03878989818844,305.44574741738245,304.90023609525986,304.3999716408155,303.9425640451859,303.525548583061,303.14643734547093,302.80274055384746,302.4920013578984,302.21181718762216,301.9598595526679,301.73389146185866,301.53177770479067,301.3514936732258,301.19113496907806
0.0014337636992374965,340.4571443517875,340.38983569264826,340.1886298839364,339.8556777150508,339.39451907442077,338.81001517099446,338.1082573937481,337.296453867682,336.38279808720506,335.3763219187547,334.2867382194707,333.1242766916351,331.89951569263405,330.6232166196978,329.30616327985643,327.9590062756068,326.59212380840717,325.21549169021193,323.8385712474559,322.4702136619463,321.11858211481865,319.7910930040766,318.4943711439291,317.2342298055624,316.01565722599867,314.8428254438091,313.7191119320002,312.64712664136846,311.62875637195316,310.6652077497586,309.75707103765774,308.9043669998733,308.1066175677856,307.3629007078794,306.6719205795804,306.03205422021193,305.4414246562241,304.8979419550682,304.39936043445806,303.94332745242275,303.5274140884035,303.14916624427684,302.80612580670993,302.49586524388747,302.21600888350486,301.96425269132686,301.73838169428205,301.5362803530448,301.35594147431885,301.1954759354251
0.0014387636992374965,340.1582078951896,340.0916241509616,339.8925830769691,339.5632056011695,339.1069825890883,338.528708187241,337.8343901932435,337.0311384748245,336.12703574645786,335.13099294573306,334.0525943672342,332.90193610586255,331.68946047050844,330.42579289157356,329.12158368276283,327.78735465037744,326.4333618671057,325.069467378796,323.70502853100965,322.3488033916569,321.0088736895655,319.6925864791467,318.40650955028553,317.1564113177776,315.9472470310703,314.7831670279556,313.66753760743455,312.6029672143211,311.5913498096634,310.63390683043065,309.7312498104594,308.8834262548721,308.0899891668976,307.3500509032494,306.6623523139421,306.02530865540825,305.4370817480691,304.8956204513253,304.3987172059099,303.9440562913021,303.5292441880002,303.1518602490697,302.80947771002553,302.49969808362937,302.22017236194796,301.96862077136507,301.74285019665444,301.54076464079327,301.3603742249373,301.1998050260677
0.0014437636992374965,339.8622951013027,339.7964273447567,339.5995243689227,339.2736776736169,338.8223298113614,338.25020883420717,337.56324014947427,336.7684367712651,335.87377220546387,334.888038161608,333.8206921618206,332.6816985321814,331.4813653798412,330.230183984803,328.93867291793754,327.61722684209076,326.27598122822656,324.9246857356454,323.5725949432508,322.22837484241836,320.90002656335196,319.5948284856005,318.31929186125006,317.0791405607069,315.8792969937366,314.7238897949645,313.61627395264605,312.5590561520984,311.5541371629839,310.6027528005333,309.70553537555725,308.8625585956863,308.0734059692493,307.3372236638969,306.652788641563,306.01855381016975,305.4327192386812,304.89327206161624,304.39804236086104,303.9447508950765,303.5310391446785,303.1545195562328,302.812796399151,302.5034999578386,302.224307655962,301.97296378524135,301.7472969279597,301.54523050032685,301.36479183699475,301.204122138274
0.0014487636992374965,339.5693833535458,339.50422274474045,339.309431490649,338.9870720910847,338.54053948702864,337.97449659258,337.29478761170003,336.5083300921299,335.6229898843518,334.6474411512245,333.591016412344,332.4635500431675,331.27521777580915,330.0363785370349,328.7574208873208,327.44861398231546,326.11997420370864,324.7811401912967,323.441264961271,322.1089234578687,320.7920370606889,319.4978161397173,318.2327158944373,317.00241596347087,315.81180606711354,314.66499313822834,313.56532072260575,312.51539349851544,311.51711869851135,310.5717460904938,309.6799282755835,308.8417646328463,308.05686861612475,307.32441963152843,306.64323018060077,306.0117902609541,305.42833764986665,304.8908972447011,304.39733629053114,303.9454115861735,303.5327992134491,303.1571443567718,302.81608200600715,302.50727094530254,302.2284147977706,301.9772817254578,301.75172184779757,301.549677864916,301.3691942235833,301.20842717055984
0.0014537636992374965,339.27944958400303,339.21498737097613,339.02228172442784,338.70336656713755,338.2615899215583,337.70155050887604,337.02901250247976,336.25079935460315,335.3746707953147,334.40918510269137,333.36355154351656,332.24747634038874,331.07100465694765,329.84436484451953,328.5778171674646,327.28150689388974,325.96533281393744,324.638823902295,323.31103280597716,321.9904444433701,320.6849012856805,319.4015463550573,318.1467792821148,316.92623578677325,315.74477305226856,314.606476314796,313.51467755088845,312.4719791901057,311.48029458877915,310.5408870489545,309.6544289826958,308.8210449167346,308.0403776980064,307.31163940542854,306.6336775142334,306.00501855578165,305.4239374806847,304.8884964414861,304.39659937244187,303.94603867680576,303.5345246419816,303.1597348366848,302.8193346593632,302.5110111231002,302.232493818978,301.9815745846868,301.7561249164814,301.5541066688866,301.37358129903174,301.21272002273633
0.0014587636992374965,338.99247031326416,338.9286978326245,338.7380519434089,338.422538409161,337.9854590183646,337.43134923285004,336.76589435405674,335.9958250931358,335.1287965765061,334.1732528398503,333.13828162658854,332.0334627837361,330.86871269281255,329.65413088806065,328.3998510337504,327.11589611340145,325.81204880850026,324.49772977025214,323.1818924594952,321.8729327818125,320.5786151362918,319.3060158552694,318.0614794826333,316.850598133039,315.6781966071609,314.5483384532054,313.464343956492,312.42881306201724,311.4436649173235,310.5101759470954,309.62903790223663,308.80039994066334,308.02393375714325,307.2988835445871,306.62413119240654,305.9982392156592,305.41951920859816,304.88607007594555,304.39583197114945,303.94663246954644,303.5362156710552,303.162291177311,302.8225544851059,302.5147205668073,302.2365447507247,301.9858423558902,301.76050609512816,301.5585168476894,301.3779529789606,301.21700059595275
0.0014637636992374965,338.7084216881823,338.64533036560573,338.456718648992,338.1445645552762,337.7121243150799,337.1638710529556,336.5054123428523,335.7433874928292,334.8853485241857,333.9396268530712,332.9151904087009,331.8214944192552,330.6683282502348,329.46566435765044,328.22351148338487,326.95177191253856,325.66011368590284,324.35785045995567,323.05383768170987,321.7563832486363,320.4731743179171,319.21122118627477,317.9768137913017,316.77550095606455,315.61207525515033,314.49057856094,313.4143193503286,312.38589485362905,311.407229683507,310.47961298274873,309.60375537622065,308.7798301438062,308.0075372899966,307.28615256972427,306.6145917334968,305.99145273593507,305.4150832905676,304.8836185559975,304.395034438939,303.9471932578766,303.53787253498473,303.1648135556602,302.82574160649165,302.5183993506888,302.24056762383395,301.99008503242993,301.76486534574366,301.56290833796487,301.38230918033213,301.22126879273685
0.0014687636992374966,338.4272795176516,338.36486086828904,338.1782580062495,337.8694216093224,337.44156301793,336.89909392995537,336.24754532216326,335.49346642108503,334.6443076232006,333.7082893284585,332.69426134072626,331.6115560055522,330.46983741823277,329.27895267585285,328.048787257232,326.7891243183642,325.5095187122978,324.2191784165742,322.9268620259846,321.64079042611485,320.3685743562821,319.1171587278543,317.8927793507336,316.70094207019935,315.5464073930964,314.43319553152776,313.3646030414081,312.34322421389817,311.37098880711466,310.44919828432046,309.57858168665484,308.7593359139904,307.9911887495702,307.2734469652187,306.6050596258946,305.98465958758726,305.4106301640909,304.8811422743352,304.39420711648387,303.9477213267027,303.5394954620235,303.16730214472364,302.8288961443848,302.5220475478806,302.2445624689491,301.99430260817195,301.76920263130063,301.5672810776032,301.3866498214974,301.2255245170318
0.0014737636992374966,338.14901930650524,338.0872649353062,337.90264587748925,337.59708587400485,337.1737520343107,336.63699552877694,335.9922718531553,335.24604145760895,334.405654575885,333.4792221755474,332.47547760367723,331.4036320388435,330.2732260316529,329.093983019998,327.8756668605391,326.6279431325712,325.36025493927457,324.0817058820061,322.80095885410253,321.52614871693214,320.26481060971344,319.0238247046718,317.8093731606917,316.62691915908607,315.48119129906877,314.37618815130037,313.3151942427246,312.3008007064549,311.3349421327307,310.41893191452533,309.5535170587028,308.7389175903563,307.97488854762855,307.26076718094373,306.59553532951077,305.97786021844905,305.4061602481917,304.87864160921714,304.3933503334708,303.9482169528466,303.54108467474435,303.16975711376733,302.83201821748156,302.5256652305582,302.248529316661,301.9984950775823,301.77351791581134,301.5716350057998,301.3909748222387,301.2297676742305
0.0014787636992374966,337.8736162876283,337.8125178895848,337.62985785405033,337.32753338230094,336.90866800365353,336.37755324869624,335.7395702342354,335.00109192285026,334.1693698294585,333.2524070535653,332.2588221337509,331.19770677671875,330.0784796936004,328.91074234324515,327.70413858261384,326.4682179497647,325.21231322075766,323.9454249104118,322.676121350466,321.4124523570911,320.1618782808057,318.93121519675924,317.72659208745483,316.553429783977,315.41642513968696,314.3195551058301,313.26609207686425,312.2586238144541,311.2990894339089,310.3888138739445,309.528561663699,308.7185754658914,307.95863705681063,307.24811363401534,306.5860192772106,305.97105505437565,305.40167394435923,304.8761169252172,304.39246440919356,303.94868040551046,303.5426403903996,303.1721786286089,302.8351079425205,302.5292524700967,302.2524681976281,302.0026624358168,301.77781116439525,301.5759700631063,301.39528410380973,301.2339981712072
0.0014837636992374966,337.60104545237226,337.54059481268814,337.3598692864209,337.06073992720775,336.646287326665,336.1207442519359,335.4894185288836,334.75859690495304,333.93543360199465,333.02782539632904,332.04427764607834,330.99376426067977,329.8855837967199,328.7292173945714,327.534190515501,326.30993817482215,325.0656842290555,323.81032738297165,322.55234253559064,321.2996954281847,320.0597724275168,318.83932614948975,317.6444328727304,316.4804713916508,315.3521069771082,314.2632949860579,313.2172955813455,312.2166929451983,311.2634304171454,310.35884410441724,309.5037156220204,308.69830978984453,307.94243461264267,307.2354867104576,306.57651187617967,305.9642445003535,305.39717163744183,304.8735685739374,304.39154965311536,303.94911194671647,303.5441628212621,303.174566851878,302.83816543448046,302.5328093372194,302.25637914268754,302.00680467880426,301.7820823433411,301.5802861914778,301.3995775889711,301.2382159163455
0.0014887636992374966,337.33128157935744,337.2714705735473,337.0926553127588,336.79668108991694,336.38658619302186,335.86654549075615,335.24179459202105,334.51853528529506,333.7038259070332,332.8054584358455,331.83182665724087,330.79178833751456,329.6945235433813,328.549394737738,327.3658105717092,326.1530930393749,324.92035847010186,323.6764050219041,322.4296152789296,321.1878718690606,319.95848797371843,318.74815338306536,317.5628921421345,316.4080413219467,315.2882347756796,314.20740629413035,313.1688037137062,312.17500743454076,311.2279647256649,310.32902249227067,309.4789790058238,308.6781207700264,307.9262815154568,307.2228867667886,306.56701350922333,305.95742894155666,305.3926536964967,304.8709968946846,304.3906063654028,303.94951183172384,303.54565217494644,303.176921943263,302.84119080676726,302.5363359021375,302.2602621829594,302.0109218033237,301.78633142016434,301.58458333431577,301.4038552020239,301.24242081956527
0.0014937636992374966,337.06429926174087,337.00511985566266,336.8281908858959,336.5353322664913,336.12954060759665,335.6149337331095,334.996676094986,334.28088576268146,333.47452657690144,332.5852872246787,331.62145150661615,330.5917626795655,329.5052839648263,328.3712607692839,327.1989865010345,325.9976716174537,324.7763262979302,323.5436494037834,322.30793231105855,321.07697548690896,319.8580197192275,318.65769260153985,317.48196641326064,316.33613681493546,315.22480640827166,314.1518874489569,313.120615356348,312.13356655108083,311.19269194302683,310.2993488713992,309.45435184165353,308.6580085750019,307.9101780322187,307.2103141315311,306.5575245360051,305.95060874435114,305.38812047559765,304.86840221511386,304.3896348374324,303.9498803094234,303.5471086547136,303.1792440597421,302.84418417138795,302.539832234681,302.26411734994343,302.01501380707583,301.7905583636602,301.5888614365077,301.40811686884,301.2466127923462
0.0014987636992374966,336.8000729330266,336.74151718285185,336.5664507988992,336.27666869311867,335.8751264152869,335.3658855869349,334.75404054918556,334.0456268762607,333.2475152848058,332.3672926571445,331.41313437660864,330.39367080394254,329.3178499393246,328.19480173559504,327.0337059065235,325.84366284034024,324.63357792841623,323.4120519721881,322.18728623525396,320.9669999678013,319.7583623493447,318.5679394014021,317.4016521033565,316.264755017744,315.1618196623077,314.0967367915032,313.07272932115234,312.0923695001608,311.1576115965627,310.26982302619825,309.42983411292744,308.63797333617873,307.8941243982686,307.19776910665195,306.5480452942246,305.9437842572517,305.3835723146033,304.86578485183907,304.3886353522713,303.950217622711,303.548532459758,303.18153335580223,302.84714563911496,302.5432984044201,302.267944675609,302.01908068874906,301.7947631439517,301.59312044446335,301.4123625168888,301.25079174774936
0.0015037636992374967,336.5385768914892,336.4806369436145,336.3074097092606,336.02066547001175,335.62331932451525,335.11937752315214,334.5138653284889,333.8127370272236,333.0227715657582,332.1514554893886,331.2068573118204,330.1974960907365,329.1322062093879,328.0200037490914,326.8699562596174,325.6910555106608,324.4921034523249,323.2816040497139,322.0676695384934,320.8579388867071,319.65951044392256,318.4788892797379,317.3219455366276,316.1938929910507,315.09927224550415,314.04195258983043,313.02514435387604,312.05141542767393,311.12272316065156,310.2404446943604,309.4054257623055,308.618015149799,307.8781208189809,307.18525196893285,306.5385761007409,305.9369558118314,305.37900953988793,304.8631451110132,304.38760818513254,303.95052400884185,303.5499237854792,303.1837899836446,302.8500753196405,302.54673448077966,302.27174419247865,302.02312244808024,301.7989457325348,301.59736030614687,301.4165920752626,301.25495760043674
0.0015092636992374967,336.2541822763567,336.19691037375264,336.0256783401415,335.74222980480727,335.3494360931525,334.85124353375204,334.25260262791505,333.559379679544,332.7782542948473,331.91660439082716,330.9823827622331,329.9839879252696,328.9301311900079,327.82970525926316,326.6916561210665,325.5248577891181,324.33800002973607,323.1394817437331,321.93731852705525,320.73906215096014,319.55173398017337,318.3817727774963,317.234993318701,316.1165648900562,315.0309942914663,313.9821272488661,312.97316015314084,312.00665588032626,311.08457484341704,310.2083044677373,309.3787069537199,308.5961528871455,307.8605763447181,307.1715160654998,306.5281715896248,305.9294393556486,305.3739725595827,304.86021416485596,304.3864447107408,303.95082355048044,303.5514148978032,303.1862327013703,302.85325945371886,302.5504776864583,302.27588993082134,302.0275378867795,301.8035196133762,301.6020008582402,301.4212249807212,301.25952403540003
0.0015153136992374968,335.9452266309388,335.8886784635673,335.71960798276575,335.4397300240936,335.05186862093416,334.55990535935956,333.9687099583755,333.2840536435052,332.51250865588594,331.66133549168853,330.7383618386194,329.75185586602066,328.7103957689492,327.6227407699357,326.49770530274276,325.34403590180244,324.17030083831645,322.9847851766435,321.79539974813144,320.60960173626046,319.4343289310523,318.27594804344926,317.1402136100805,316.0322464288748,314.95651636525497,313.91684328628185,312.9164081426897,311.9577680390261,311.04288637461605,310.17316139745424,309.34947284922157,308.5722146609552,307.84134895746115,307.1564462700235,306.5167406731296,305.92116512826624,305.36841038394255,304.85695740231097,304.38512447566166,303.9511079048962,303.5530076929752,303.18887194567776,302.85671548967844,302.55455111676474,302.2804094256225,302.03235792160217,301.8085181676474,301.6070771601842,301.42629730633536,301.26452758625857
0.0015219686992374967,335.6099998175604,335.5542345399566,335.3875023186587,335.11148693744946,334.72896142688927,334.2437375459883,333.66059787949507,332.9852110870065,332.2240335736619,331.3841991299687,330.4734004184106,329.49976489705534,328.4717270253295,327.3979018542398,326.28696167954763,325.14751524892927,323.987999457788,322.81657621490064,321.64104294407554,320.46875436655677,319.3065576636983,318.160741348423,317.03699449062304,315.9403850939854,314.87534269831383,313.8456588058655,312.8544972623067,311.9044085253418,310.9973588288954,310.13475774897165,309.3175036463896,308.54601538014174,307.82028512453905,307.1399175497286,306.50418387641275,305.91205640639885,305.3622663848708,304.85333579569783,304.38362372730535,303.95136644338527,303.5547026914651,303.1917175872067,302.8604610225998,302.5589786341367,302.28533151216163,302.0376152213725,301.81397690523016,301.61262670819525,301.4318478081701,301.27000766076407
0.0015292891992374968,335.246758454584,335.1918386544814,335.02763166167387,334.75578783881656,334.3790253194868,333.9010806989039,333.32664275897764,332.6612697302243,331.91129328264515,331.08371074264767,330.1860693181038,329.22634485080005,328.21281688249746,327.15394502770584,326.0582482828298,324.9341867281255,323.79005544132576,322.63388331462005,321.47334520517626,320.3156850127932,319.16765182771513,318.03544941031487,316.92469577108955,315.8404014936171,314.7869521275588,313.76810807782925,312.78701423966055,311.846213413341,310.9476744235988,310.0928186288564,309.28256407372373,308.51735614986,307.7972191356168,307.12179426773275,306.4903926298192,305.90202880698126,305.3554776270383,304.8493052737631,304.381914839662,303.9515857375788,303.556498590184,303.1947785517468,302.86451348565413,302.56378462910476,302.29068615475103,302.04334410056504,301.8199334193903,301.6186894466901,301.43791798873366,301.27600665134247
0.0015373417492374967,334.85374495505937,334.79973656074776,334.6382517525776,334.3709049997462,334.00035547490415,333.53025903896,332.96520370837067,332.3106290718878,331.5727327657703,330.75836545080466,329.8749179710263,328.9302031376333,327.9323338615836,326.8896025106918,325.8103630689749,324.7029155181805,323.57540213433595,322.435708405108,321.291376956373,320.1495320287145,319.0168166921442,317.8993429891623,316.8026519067759,315.7316916526756,314.6907998353908,313.6837027876428,312.7135244106218,311.78279868209387,310.89349666143346,310.04705187223163,309.2444030736442,308.4860237966058,307.7719725119777,307.10192951400916,306.47524855441316,305.89098955561514,305.34797414320667,304.8448160236704,304.37996565784795,303.95174895885,303.55839172580625,303.1980623536332,302.8688897571974,302.5689937025375,302.2965042037547,302.0495803492266,301.82642728654463,301.6253077339384,301.44455212390926,301.2825700182796
0.0015461995542374967,334.4292114336941,334.37618354731535,334.2176273709502,333.9551189168705,333.59125418241774,333.1296025161421,332.57464394479126,331.93169089070307,331.20679729996584,330.40665656767004,329.538491831126,328.6099409939025,327.6289381376579,326.60359607185165,325.5420915441528,324.45255249311674,323.3429568990053,322.22103595699747,321.09418991271883,319.9694140465923,318.85323704207366,317.75167185139264,316.6701761007539,315.6136303294154,314.58631995589934,313.5919340081863,312.6335731328869,311.71376114431393,310.8344708447567,309.99714820963845,309.2027536845342,308.4517905232394,307.7443534871919,307.0801644590331,306.4586227305389,305.8788367066192,305.33967813712724,304.8398117031092,304.3777387410776,303.9518351694325,303.56037542732315,303.20157451943555,302.8736056621142,302.5746302483941,302.3028170611453,302.0563609807608,301.83349989409714,301.6325262465095,301.4517972396203,301.2897463335384
0.0015559431397374967,333.9714489231365,333.9194735663817,333.7640612024427,333.5067467479612,333.15005868615225,332.6974739029953,332.1533569933436,331.5228844273463,330.81195650323735,330.02709841254335,329.17535387265843,328.2641736040833,327.30130023903723,326.2946542771033,325.25222255280744,324.18194855661613,323.09163401656747,321.98884448844444,320.8808272382961,319.7744388487181,318.67608483190776,317.5916712816377,316.52656575679146,315.4855754960791,314.4729291722136,313.4922750036227,312.5466878855633,311.6386799289411,310.770225025416,309.94278176440577,309.15733316115814,308.4144137226084,307.7141565782998,307.056327740807,306.44037495276393,305.86545831175454,305.3305031058247,304.8342285500357,304.37519048817734,303.95181848680943,303.5624392375979,303.20531788060555,302.8786753455826,302.5807179151983,302.3096562333106,302.06372387717363,301.841194177138,301.640391804754,301.45970302210503,301.29758727084686
0.0015666610837874967,333.4788223037785,333.42797406196433,333.2759283636316,333.0241763363458,332.6751745194832,332.2323012597353,331.6997981164873,331.0826966266934,330.3867332553051,329.6182537938508,328.784110539243,327.89155443968554,326.94812372045976,325.96153346193313,324.9395675339099,323.8899721861483,322.8203605411841,321.7381207671666,320.6503361496964,319.5637144386759,318.4845288019246,317.4185703312148,316.37110945352924,315.3468741377012,314.3500314421175,313.38418498545957,312.45238115910297,311.55711860666133,310.7003714645341,309.8836109412049,309.1078433813831,308.37363598596903,307.68116227305023,307.0302349012338,306.4203529787046,305.85073153774874,305.32035287508404,304.8279943785907,304.37227012990587,303.95166710228455,303.56456798234336,303.2092917118107,302.8841104950109,302.5872789216446,302.31705274673993,302.07170730810304,301.84955424143084,301.64895309817183,301.4683216423288,301.3061475244586
0.0015784508222424967,332.94981122022625,332.9001667707482,332.7517168577089,332.5059060969894,332.1651146054081,331.7326160442234,331.21252124315913,330.6097077123566,329.92973776267235,329.17876643041575,328.3634424088541,327.49080407815603,326.56817206913576,325.60304268082416,324.60298349249734,323.5755304269876,322.5280953372171,321.4678769306367,320.4017831759138,319.33636251286055,318.2777462463721,317.2316019785985,316.20309560174024,315.19686951698685,314.21702398565435,313.2671139402348,312.3501542407889,311.46862804955356,310.6245086797838,309.8192797701945,309.0539715911,308.3291853463425,307.6451368624029,307.0016878910349,306.39839178187856,305.83452173471176,305.30912054319583,304.8210274502303,304.3689185720898,303.95134213368186,303.5667406633273,303.2134906894763,302.8899193831815,302.5943331986127,302.3250363987534,302.0803492962585,301.8586248462583,301.6582602855909,301.4777074711533,301.3154846351508
0.0015914195345429966,332.3830570407342,332.334694552692,332.1900740204479,331.9505908275077,331.6185441913241,331.1970969415924,330.690221479751,330.10263218365867,329.43970686672,328.70739841818533,327.91213969051194,327.0607436256587,326.1602999750204,325.21807277170535,324.2413998298284,323.2375934835825,322.2138514500527,321.1771706757563,320.1342722255568,319.0915344811244,318.05493707841185,317.0300153421298,316.021822918477,315.03491003138225,314.0733046520772,313.140508636528,312.2395019931175,311.37275011134795,310.5422241554861,309.74941977084336,308.995391540285,308.28077579886263,307.6058324499016,306.97047466493217,306.3743128211131,305.8166814595624,305.29668732952604,304.81323520998615,304.3650670737762,303.9507962916015,303.56892915138206,303.21790364316394,302.89610570313664,302.60189732682744,302.3336348119522,302.0896867980434,301.86845071658183,301.6683644408014,301.4879166575102,301.32565869765733
0.0016056851180735467,331.77741560389825,331.73041399750804,331.589858707987,331.3570932045541,331.03433139081557,330.6246192012411,330.1317830083697,329.56036506037213,328.9155484417895,328.20307261223627,327.4291424460966,326.6003326609904,325.72348890612795,324.80562949908364,323.85384901750706,322.87522291378804,321.8767218342984,320.8651285580304,319.8469655152925,318.82843010193403,317.8153402662539,316.8130900257778,315.8266128029608,314.86035974891195,313.91828075227204,313.0038198950157,312.11991870465727,311.26902220225634,310.45309778264925,309.67365239475396,308.93176506104174,308.22810814005504,307.56298717077095,306.9363688909134,306.34792334152723,305.7970494611066,305.2829213267445,304.80451287956834,304.36063574577423,303.9499723391039,303.5710966544741,303.2225120713125,302.9026671634874,302.60998323685567,302.3428722578943,302.09975466443507,301.87907564984164,301.6793168098227,301.4990065371374,301.33673191890995
0.0016213772599571517,331.13201507914533,331.08645313669524,330.95019856546014,330.72454031996716,330.4116027078839,330.014308882938,329.53633180515226,328.98203284310557,328.3563903896362,327.6649194715947,326.91358512784933,326.1087113353138,325.25688666801994,324.3648704990179,323.43950088165127,322.4876032332251,321.51590828550025,320.53097228250783,319.5391072747549,318.5463186767952,317.55825261114757,316.58015259079184,315.6168236254777,314.67261064880614,313.75137939391146,312.8565111667343,311.9909050633814,311.1569828104379,310.3567060806412,309.5915920967188,308.8627441326631,308.1708711655117,307.51632565359944,306.89912979912845,306.3190157249352,305.77544963679156,305.26767615903395,304.7947419022694,304.35553185768885,303.9488013267176,303.57319593727067,303.22728839315084,302.90959381218585,302.6185966365904,302.3527682131272,302.1105843440613,301.8905413789204,301.6911678416321,301.51103483464397,301.3487679913477
0.0016386386160291172,330.44631773858464,330.402273063417,330.27055119286257,330.0523840962627,329.7498024150508,329.36560092335804,328.9032921371401,328.36704820146775,327.76163330147233,327.092327501594,326.36484463311143,325.5852458983126,324.75985028823754,323.8951454369272,322.9976999773583,322.07407647736255,321.1307531875917,320.1740476598341,319.21004995831987,318.24456258682426,317.28304969764,316.33059502601844,315.3918668391374,314.47109650855754,313.57205928758094,312.6980684094134,311.8519762592564,311.03617798944015,310.2526272284256,309.5028500669983,308.7879734686856,308.1087432603066,307.4655597561765,306.85850219751876,306.28736691102984,305.75168997588213,305.2507895539104,304.7837882399993,304.34964794657276,303.94720058902885,303.57516727212396,303.2321939110335,302.9168660581346,302.6277351315689,302.36333560978153,302.12220228843137,301.9028861498587,301.70396595039097,301.52405861715374,301.36183124043976
0.0016576261077082793,329.7201838027002,329.6777316292599,329.55076739673325,329.3404638022404,329.0487540503595,328.67829934360424,328.2324452241132,327.7151668514062,327.1310053318866,326.4849959274766,325.78259060451444,325.0295764770867,324.2319911522423,323.3960384057332,322.52800518121904,321.63417894738114,320.72077339729253,319.7938556396359,318.8592824618904,317.9226427497525,316.98920866816144,316.0638949359417,315.1512246935265,314.2553082693116,313.3798239015722,312.5280111784659,311.70267116494654,310.90616878650906,310.1404469005097,309.40703863495463,308.70709364634274,308.04139440870256,307.41038960464016,306.81421668298077,306.2527379154119,305.7255615105423,305.2320818432046,304.7715005311762,304.3428597286168,303.94507149684017,303.5769361081984,303.2371764630934,302.92445236430785,302.6373860063496,302.37457874436893,302.13462801930444,301.9161429715814,301.7177559646403,301.53813295409645,301.37598550091104
0.0016785123485553576,328.95393480269206,328.91314666920584,328.7911540044184,328.58906818736295,328.30872160957904,327.9526372464665,327.5239878001428,327.02654445467977,326.46461722639754,325.8429876586696,325.16683615980804,324.44166542197695,323.67322083842197,322.86741114681155,322.03023021906216,321.167678989812,320.2856952448684,319.3900845252707,318.48645956738955,317.58018533171776,316.6763322601641,315.7796369801312,314.89446917057325,314.0248105774663,313.1742357316887,312.3459047584583,311.5425624712109,310.76653953076976,310.0197648611954,309.30377632497124,308.61974478008784,307.96848863965624,307.35050496208703,306.76599007940337,306.21487347723286,305.6968373059554,305.21135442029725,304.7577081307266,304.3350238280397,303.94229697121295,303.5784104568862,303.2421677562266,302.9323065946214,302.64752364199217,302.38649081340816,302.1478718213006,301.93033749620514,301.73257721850894,301.5533092356744,301.39129267265344
0.0017014872134871438,328.1484131422692,328.10935544808876,327.9925329654217,327.7989940109205,327.5304672805697,327.18933353960455,326.7785876171939,326.30179070415943,325.76301480107395,325.16677998828027,324.51798665120157,323.82184398153134,323.0837955815142,322.30944519282866,321.5044833981789,320.6746142478122,319.8254892542546,318.9626421329234,318.09143153120635,317.2169887753739,316.3441733035299,315.47753488807376,314.6212815823116,313.77925904696036,312.954931324211,312.1513730557966,311.3712675694462,310.6169068349437,309.89020222201617,309.1926935114021,308.52557071914555,307.8896869134279,307.2855869502707,306.71352613833676,306.1735018790241,305.665271534382,305.1883881971516,304.74221907146057,304.3259753559603,303.9387387841254,303.5794780092063,303.2470803855833,302.94036501114704,302.6581065569643,302.39905105451686,302.16193203051427,301.94548549376856,301.7484612429219,301.56963310323925,301.40781090591236
0.0017267595649121084,327.3050338139139,327.26776629570986,327.1562927432905,326.97159702925455,326.7153018655534,326.38964263427675,325.9974322640984,325.5420171099958,325.02722554692974,324.4573098718637,323.83688348093546,323.170854524834,322.4643567804764,321.722680550111,320.951204364658,320.1553264066972,319.34040280397267,318.5116863100624,317.67427241817325,316.83304992381335,315.9926586257027,315.15745315372385,314.3314720798521,313.5184176240254,312.7216365534366,311.9441118607427,311.1884598833527,310.45692909391107,309.7514092149588,309.0734385829963,308.4242237266897,307.80465044419986,307.2153101476465,306.65651654590914,306.1283349956465,305.6305986973447,305.16294212746897,304.72481801108125,304.31552539809286,303.9342346966218,303.5800030262686,303.2518045706795,302.9485429402149,302.66907407832497,302.4122214884159,302.17679190378135,301.9615898961072,301.7654290226402,301.587141949682,301.42559236733723
0.0017545591514795697,326.4258236333048,326.3903978075349,326.2844274144774,326.1088309227242,325.86512346299855,325.5553928048523,325.1822671215725,324.74887446278353,324.25879550856007,323.71601012384207,323.1248395134243,322.4898850639503,321.8159645237733,321.1080481188696,320.37119531199863,319.6104910877102,318.8309886081655,318.0376519132215,317.2353054949017,316.4285877594003,315.62191107870007,314.8194273074666,314.02499814219505,313.2421752805803,312.47418152357943,311.7239019779195,310.99388026398907,310.2863161953973,309.6030732840153,308.94568449343757,308.3153695789034,307.71304444690605,307.1393450911623,306.5946422928251,306.07906864989786,305.59253308649807,305.13475189291427,304.7052642625523,304.30345850514834,303.9285955208028,303.57982307880445,303.25620467175156,302.95673115732666,302.6803426787159,302.4259432828229,302.1924160753169,301.9786374029753,301.78348779955405,301.60586195871184,301.4446805454955
0.001785138696703777,325.51344303496796,325.4799006673757,325.37955857040464,325.21326932442616,324.9824396620153,324.68900857680796,324.33541795823203,323.92457563660594,323.45981227653226,322.94483256418744,322.3836623238004,321.78059253517114,321.14012081866946,320.46689277221213,319.76564380013536,319.0411402886469,318.2981266547034,317.5412721168974,316.7751237834431,316.00406308001925,315.23226822266236,314.4636815013758,313.70198096977913,312.95056113694955,312.2125143574914,311.4906216350514,310.78734799045276,310.1048391026917,309.44492725802684,308.8091355497572,308.1986930107687,307.6145422972185,307.0573612206837,306.5275754850438,306.02538338086424,305.5507686085862,305.1035288890348,304.68329004866246,304.28953032504813,303.9216022381176,303.5787457576317,303.26011559460125,302.96479208331374,302.6918020543413,302.4401327953904,302.20874663965265,301.9965946714133,301.802627425983,301.62580467052857,301.4651070683344
0.001818776196450405,324.5711855774809,324.5395572523766,324.4449352189008,324.28810620614286,324.0703685868444,323.7935125847787,323.4597937338792,323.0718994422897,322.632909965652,322.1462541652692,321.6156615246041,321.0451112846172,320.4387791837276,319.8009839743735,319.1361342918465,318.4486747078965,317.74303716729287,317.0235918494774,316.29460379671116,315.5601923542542,314.8242961202861,314.0906420660603,313.3627186347079,312.6437570479377,311.93671307578575,311.24425752971445,310.568770878286,309.9123389396083,309.276757348806,308.663534282163,308.0739034377604,307.5088301060291,306.96903032669815,306.4549817029948,305.96694576883897,305.5049791439826,305.0689596967481,304.65859917478537,304.2734655718747,303.9130033636545,303.5765455344052,303.26333924879447,302.972555938905,302.7033110710498,302.4546774011849,302.22569894388636,302.01540414862865,301.822816305774,301.64696308990403,301.48688802787916
0.0018557774461716958,323.6029509934538,323.5732548643639,323.4844075555154,323.3371305358885,323.1326147667646,322.8725029536022,322.55886575668376,322.19417178652895,321.7812525583406,321.32326271520856,320.82363683646173,320.2860435847366,319.71433760154355,319.1125111140261,318.4846457679927,317.83486350405906,317.1672823378812,316.4859712983208,315.79491059354064,315.0979540873597,314.39879676453114,313.70094574697123,313.0076948744279,312.3221067100069,311.64699478590353,310.9849138852104,310.33815400714934,309.7087352178355,309.0984107309657,308.5086682553482,307.94074090437834,307.39561173755084,306.87403059618276,306.3765230579428,305.90341050768336,305.45481966115597,305.0307062832031,304.6308663759658,304.2549565918059,303.90251281354995,303.572961020379,303.2656412922591,302.979817071738,302.7146937701285,302.46943127134193,302.24315722915566,302.03497966056,301.8439970072483,301.6693073927978,301.5100198410343
0.0018964788208651157,322.61318901205937,322.58542981891924,322.50237184686597,322.3646724673433,322.17341711735867,321.9301035216934,321.6366205550311,321.2952215473827,320.90849308187234,320.4793195334624,320.0108445143097,319.50642987791895,318.969612621324,318.40406144411065,317.8135334228832,317.20182960966775,316.5727550717537,315.9300778559208,315.2774926594739,314.6185863416621,313.9568079228779,313.2954415437792,312.63758259210266,311.98612049028924,311.34372151579606,310.71281897927213,310.09560665436817,309.49403290888745,308.9098025129805,308.34437672900475,307.79898225566626,307.2746143453446,306.77205139854385,306.29186214436027,305.8344234698423,305.3999283682844,304.9884072392897,304.5997376622301,304.2336628577697,303.88980860704703,303.5676929472744,303.2667484725747,302.9863307468232,302.725735700953,302.4842113424802,302.26097033051593,302.0552019328755,301.86608169105443,301.69278034028775,301.5344747210416
0.0019412503330278777,321.6068133279848,321.580981762315,321.50368578512933,321.3755204024483,321.19746835062506,320.9708861956013,320.69748572072115,320.37931038869607,320.0187078075993,319.6182983937672,319.1809412544405,318.7096978474518,318.2077936928161,317.67857969861586,317.1254935078786,316.5520196744406,315.96165383819937,315.3578656278858,314.74406577215296,314.1235746183389,313.4995946624008,312.8751854827293,312.2532414663704,311.63647545871254,311.02740225642975,310.42832879551446,309.84134717113045,309.26832818386885,308.7109220071505,308.1705571562296,307.64844759665147,307.14559456151983,306.66279901025683,306.2006671425809,305.75962606561245,305.33993024222497,304.9416804237145,304.56483205285895,304.20921179567426,303.8745328098211,303.5604032727692,303.26634695610295,302.99181077369326,302.73618093002847,302.49879379775064,302.27894772332695,302.0759142964667,301.88894756650393,301.71729257327837,301.5601958920548
0.001990498996406916,320.5890879124875,320.56516039926896,320.49355645877887,320.3748110102663,320.2098078124048,319.9997673290674,319.74623049380284,319.45103814575424,319.11630695485957,318.74440197939833,318.33790674503615,317.89959131525853,317.43237857032227,316.93931007018296,316.42351186103036,315.888159041168,315.33644390874497,314.77154267892865,314.1965859382499,313.6146301155045,313.0286325160628,312.44142824509123,311.8557095729045,311.274010520463,310.6986911192435,310.1319277250843,309.57570576065837,309.03181282075843,308.50183834497517,307.9871716174484,307.4890071907093,307.0083455437948,306.5460035350766,306.1026183776635,305.67866124710997,305.274442324083,304.89012743503025,304.52574514580937,304.1812014054091,303.85629319077003,303.55071588380997,303.26408211137164,302.9959284224366,302.74573015750707,302.51291146324127,302.2968562869842,302.0969189106849,301.9124326681917,301.74271803534623,301.58709274763055
0.002044672526123858,319.5654911122276,319.54343005474846,319.47740629594887,319.3678974485891,319.2156928429739,319.0218830341734,318.7878457745129,318.51522821617317,318.205926057685,317.8620597338298,317.485948414672,317.08008220428013,316.6470927055589,316.18972315097324,315.710798416678,315.21319375197606,314.6998067008549,314.17352747463667,313.637212622024,313.09365936951576,312.54558310983566,311.99559631053916,311.4461895423615,310.8997170650761,310.35838194135124,309.82422659100564,309.29912539172886,308.78477749233,308.2827056471093,307.7942534087052,307.32058903624636,306.86270514849497,306.4214273220638,305.9974166738641,305.5911815341721,305.2030811950694,304.8333403585676,304.48205499778624,304.1492051747421,303.8346671061747,303.538219419953,303.25956026938314,302.99831314382754,302.75404044114913,302.5262525970139,302.3144182336671,302.11797391613607,301.9363323233974,301.7688898483153,301.61503622815934
0.002104263408812494,318.5415662236712,318.5213207261662,318.460725542982,318.3602041965155,318.2204568569979,318.04245135494176,317.8274111779537,317.57680021363035,317.2923048569316,316.9758135443614,316.6293943683188,316.25527109137033,315.8557976832648,315.4334324175831,314.9907118082844,314.5302232426852,314.05458044692153,313.56639732365534,313.06826468192133,312.5627273380794,312.05226398434604,311.5392680589429,311.0260304435445,310.51472610194213,310.0074001242226,309.5059586305159,309.01216136413206,308.52761436189974,308.0537681122112,307.59191410917595,307.1431874272662,306.70856553253884,306.2888751953721,305.8847938396642,305.49685942508586,305.12547302748453,304.7709112163782,304.4333307752837,304.1127797755251,303.80920812489865,303.52247274846036,303.2523530034174,302.99855563906146,302.7607270679075,302.538461597288,302.3313107068018,302.1387919921953,301.96039674879313,301.79559703613756,301.6438547644801
0.002169813379769994,317.5227698675241,317.50427691251195,317.44892245162737,317.3570794851456,317.22936487362233,317.06663171210533,316.869959157832,316.6406394744154,316.3801628246076,316.0901998430959,315.7725825418672,315.42928380577297,315.06239556454324,314.6741065291163,314.26667974003806,313.84242881711987,313.40369671365977,312.9528328019279,312.4921724821378,312.0240169107632,311.5506151524635,311.074146967695,310.5967071663116,310.12029333677566,309.64679288300033,309.17797437699994,308.7154802723936,308.260819576065,307.81536549207107,307.3803515057543,306.956872814862,306.5458844656846,306.14820676248894,305.7645255527911,305.39540047787835,305.04126652275886,304.70244446477943,304.3791445571528,304.07147595919895,303.7794558460356,303.5030135728542,303.24200443447256,302.9962138025016,302.76536810567325,302.5491421627171,302.34716757363356,302.1590408261903,301.9843302574241,301.8225825441349,301.6733311936924
0.002241918347823244,316.5143308513015,316.4975168686275,316.44718370402774,316.3636576591744,316.24747855887944,316.09939334057947,315.92034751537653,315.7114742688701,315.4740816567649,315.20963790192116,314.919755256169,314.6061726310273,314.2707370536919,313.9153847017322,313.54212173610335,313.15300386186004,312.75011809760593,312.335562870418,311.91143030308615,311.47978841557915,311.042665442939,310.602034476487,310.15979944100275,309.71778393548766,309.27771930823735,308.8412365442579,308.4098592162587,307.9849962918978,307.56793942044493,307.15985871028505,306.76180320832384,306.37469852618267,305.9993509360382,305.6364467658255,305.28655918770676,304.950148882506,304.62757271747074,304.31908650660375,304.0248529139591,303.74494921723874,303.4793705277088,303.2280419559947,302.99082196632367,302.7675120921173,302.5578633814236,302.3615838992364,302.1783459828084,302.00779255629175,301.8495430165416,301.70320108414427
0.0023212338126818188,315.52113172040094,315.5059144490615,315.46035713264286,315.3847433493537,315.27954241579874,315.14540404638683,314.9831512517,314.7937712526575,314.57840479743624,314.3383338686565,314.07496816635677,313.7898305256811,313.4845413019491,313.1608023569751,312.8203808420154,312.4650917536687,312.09678243427413,311.71731542338375,311.32855320762445,310.93234272405476,310.53050170874224,310.1248051091772,309.7169726331351,309.3086587039677,308.9014416006645,308.4968159491173,308.09618601274315,307.70085875500587,307.31204091511387,306.93083463167113,306.55823715792064,306.195138135953,305.8423225702606,305.50046950587307,305.1701575298248,304.8518646978495,304.54597561121983,304.25278337356417,303.97249609699685,303.7052434248191,303.45107889050394,303.2099905677127,302.98190369269184,302.7666891568543,302.56416908871745,302.3741234774396,302.19629657576064,302.0304025536382,301.87613075892574,301.73315289427825
0.002408480824026251,314.5476225724431,314.53391309075016,314.4928662080472,314.4247268024813,314.32990029392425,314.20894823295424,314.06258244725745,313.8916575336152,313.69716202310667,313.4802081929515,313.2420208436025,312.9839251625009,312.70733368904234,312.41373290966743,312.10466965769433,311.78173634686596,311.4465579153329,311.10077717313914,310.74604179007497,310.383990917215,310.01624341664456,309.64438594622976,309.2699620101659,308.89446301335227,308.5193184733368,308.1458891653716,307.775460836544,307.40923762487415,307.04833905505575,306.6937956454913,306.346548036909,306.00744406025433,305.67724077495404,305.35660259680134,305.0461056874303,304.74623728915697,304.45740137787675,304.17991993826087,303.91403821196843,303.65993009396834,303.41769972290183,303.18739070784255,302.9689880798473,302.7624256182597,302.5675906055651,302.38432959555774,302.21245397614246,302.0517449597001,301.90195820973355,301.76283032093704
0.0025044525365051267,313.59777214118503,313.5854769310871,313.548661261946,313.4875352874281,313.4024470681551,313.2938789581572,313.16244282113246,313.0088738780557,312.8340234625495,312.63885064778157,312.4244130066592,312.1918565962394,311.9424051675698,311.6773490390126,311.398033789763,311.1058478598356,310.80221165444186,310.4885651260814,310.1663567726241,309.83703218579086,309.5020240023197,309.162741548578,308.8205613067506,308.4768190350492,308.1328010385495,307.7897379976514,307.44879916914147,307.1110862420972,306.777630365767,306.449387857851,306.1272389090216,305.8119845735879,305.5043480496674,305.204972412586,304.914424062081,304.63319160471974,304.36169026180323,304.10026258307846,303.84918258164436,303.6086601242994,303.37884185156076,303.1598190857187,302.95162918057906,302.7542617518566,302.56766265296267,302.39173892408843,302.22636354069647,302.07137975073533,301.92660507076624,301.7918370595014
0.0026100214202318898,312.6750554125314,312.66407833268795,312.63120674264417,312.57661991646444,312.5006148825287,312.403603486075,312.28610851157794,312.1487586812925,311.99228276253723,311.81750274152387,311.62532627780524,311.41673850591275,311.19279317610597,310.95460349456675,310.7033328042188,310.44018425313993,310.16639178669277,309.8832097081604,309.591903461665,309.29373991375473,308.98997886044276,308.6818641087904,308.37061525943926,308.0574208431467,307.7434306187455,307.42975009430745,307.11743525720686,306.80748692464977,306.50084789451705,306.1983988508301,305.9009567878379,305.60927203278504,305.32402893076625,305.04584332428976,304.77526521797284,304.51277733743575,304.2587984681875,304.01368372245446,303.7777277065096,303.55116802770084,303.3341856451617,303.12691157270393,302.92942770148386,302.7417720164418,302.56394185116835,302.3958980660091,302.23756902114695,302.0888542830151,301.94962800608636,301.8197440039535
0.002726147192331329,311.78247136706375,311.77271543524273,311.74349820068153,311.69497170634065,311.62738795648676,311.54109654621436,311.4365415427773,311.3142574506045,311.1748644553405,311.01906290174225,310.847627179854,310.66139906699004,310.4612805114023,310.2482261522268,310.02323570326433,309.78734541042826,309.5416206746713,309.28714734573066,309.02502407173785,308.7563541220537,308.4822382830532,308.2037672470588,307.92201460198913,307.6380309208475,307.3528370383146,307.0674192548361,306.78272461681956,306.4996557972196,306.21906843799866,305.9417673256643,305.6685046572322,305.3999771828361,305.1368264401465,304.8796361026418,304.62893400783594,304.3851905077085,304.1488209071253,303.9201853895319,303.69959135947295,303.48729618762195,303.2835070926809,303.0883867582991,302.9020537064566,302.7245865909045,302.556026797374,302.39638190896443,302.2456289545455,302.1037175181262,301.97057253469336,301.8460986766844
0.0028538855416407123,310.92258027871435,310.91394920179386,310.88809858427805,310.84515664332605,310.7853359707591,310.70893163341185,310.61631868373627,310.5079489283221,310.3843471181788,310.2461065149779,310.09388397496554,309.92839458347015,309.75040582235795,309.56073150999816,309.3602256291355,309.1497753163752,308.93029487835656,308.7027185879434,308.4679943935849,308.2270770975716,307.9809224758547,307.7304808416288,307.47669112654654,307.22047584890777,306.96273530655765,306.70434343727936,306.44614365094816,306.1889442545527,305.93351603324044,305.6805887460761,305.43084933381874,305.18493924706644,304.9434543551065,304.70694226557424,304.47590384587494,304.25079146410013,304.03201068437465,303.8199199457387,303.6148322160014,303.4170170914837,303.2267003069536,303.0440683879585,302.86926865307214,302.7024126813168,302.54357832971596,302.39281255219515,302.2501339839965,302.11553549770736,301.9889864525811,301.8704364272522
0.002994397725881034,310.0975484759617,310.0899479066366,310.06718191347596,310.02935802128866,309.9766545768168,309.9093192366364,309.82766699472734,309.73207761296595,309.622992591845,309.50091163668446,309.366388734261,309.2200278617546,309.0624783087479,308.8944298061744,308.7166075665801,308.5297665731788,308.3346867734618,308.1321671648155,307.92302067089355,307.7080684987978,307.48813532413226,307.2640438969379,307.0366100962278,306.8066386950915,306.57491839710787,306.34221831261857,306.1092843279273,305.87683507048393,305.6455597555214,305.41611503104025,305.1891232052925,304.965169805002,304.7448032627282,304.52853229021486,304.3168270048659,304.1101171427917,303.90879315453367,303.7132057183195,303.52366683177667,303.34045137572707,303.16379634264695,302.9939046446955,302.8309448207401,302.67505377764815,302.5263383003214,302.38487729578713,302.25072378190265,302.1239069417171,302.0044338749568,301.89229271933243
0.003148961128545388,309.30918997579363,309.3025285097656,309.28257388129634,309.24941577138856,309.2032029825293,309.1441422430363,309.07249665574886,308.9885836693504,308.89277268730694,308.78548227193596,308.6671770366788,308.5383642403458,308.3995900637938,308.25143572530715,308.09451352892495,307.9294622458856,307.7569432925936,307.5776359120509,307.3922330406768,307.201436679765,307.0059539957357,306.80649283965573,306.6037576575605,306.3984459665912,306.19124415523606,305.98282452473757,305.7738421669051,305.5649314496942,305.35670413913095,305.14974660396217,304.94461812019705,304.7418486847721,304.541938565187,304.3453557891073,304.1525369696778,303.96388555495184,303.7797724517026,303.6005354403362,303.42647981915445,303.257879532078,303.09497619762317,302.93798218884297,302.7870801165507,302.6424249442032,302.50414506609405,302.37234405108006,302.2471021087389,302.12847769936354,302.016508843262,301.9112156823699
0.0033189808714761773,308.5589983268852,308.5531882758004,308.5357828039451,308.50685631109997,308.46653228727394,308.41498237350305,308.3524251508353,308.27912455003536,308.1953879782058,308.1015641228703,307.99804050881914,307.8852408156039,307.7636219367666,307.6336709063144,307.49590177724093,307.35085191307456,307.19907897987065,307.0411570499447,306.8776732998579,306.70922424507944,306.5364126163247,306.3598436700581,306.1801218407957,305.9978478415248,305.81361514470865,305.62800753135116,305.44159643899013,305.2549379359433,305.06857111415707,304.88301564861206,304.6987702180879,304.5163105832304,304.3360890633839,304.15853218681235,303.98404129130813,303.81299085774276,303.64572877309064,303.482575700512,303.32382537764863,303.16974539730796,303.0205761090043,302.87653308047487,302.73780642222243,302.60456237272535,302.47694401857575,302.35507261241366,302.2390485917659,302.1289528050704,302.0248474388186,301.92677807796446
0.0035060025887000456,307.8481669078448,307.8431248890402,307.82801918907364,307.802911210328,307.7679029041912,307.7231360381641,307.6687912576514,307.60508684824026,307.53227727886826,307.4506514898869,307.36053098689086,307.26226774406314,307.15624189929986,307.04285934163136,306.9225492668711,306.7957612207231,306.66296275643765,306.52463630736304,306.3812765744662,306.2333874877061,306.0814797317797,305.92606773322314,305.76766694710597,305.6067914969785,305.4439512534038,305.279649829887,305.11438235610706,304.948632900756,304.78287312033456,304.6175601565871,304.4531351973003,304.29002181456804,304.12862541706227,303.96933108926567,303.81250402801084,303.65848799299584,303.50760530358053,303.3601562046575,303.2164189066647,303.07665009677095,302.9410837743002,302.8099331950281,302.68339009458896,302.56162583533904,302.44479183821903,302.3330205471694,302.226426075197,302.1251051074125,302.0291375077172,301.93858794046326
0.0037117264776463004,307.1776000906837,307.17324746756805,307.1602063034866,307.1385270207805,307.10829336774054,307.06962185045273,307.0226610115054,306.9675904735746,306.90461981499936,306.83398724498795,306.7559581276487,306.670823355748,306.57889755796805,306.4805172199748,306.37603878686195,306.2658363213834,306.1502996996307,306.0298321182918,305.904848047508,305.7757707974607,305.6430305801503,305.5070620684148,305.36830221755145,305.2271883643913,305.0841558226739,304.93963626477307,304.7940558719191,304.6478331605977,304.5013778650841,304.3550891478318,304.20935431180857,304.0645473849422,303.92102858194886,303.77914234758657,303.63921767593007,303.50156669792995,303.3664844906483,303.23424846808086,303.1051182368698,302.97933590399333,302.8571248965304,302.7386914801638,302.6242239306828,302.5138933264968,302.40785375629395,302.3062429978246,302.20918286257927,302.11677983506723,302.0291254198319,301.94629738794356
0.003938022755487181,306.54791978947935,306.54418298245855,306.53298620494445,306.51437066529957,306.4884048303634,306.45518398781473,306.4148296958714,306.36748904944636,306.31333381868603,306.25255943117486,306.18538383753776,306.1120462594975,306.03280580576785,305.94794001988294,305.85774341962656,305.76252565419674,305.66261012942215,305.55833203396355,305.45003675009355,305.33807791892684,305.2228159384901,305.10461600060717,304.9838463574275,304.8608768053823,304.7360767214297,304.60981377172857,304.4824523900581,304.3543519607478,304.22586590855093,304.0973401917799,303.96911216830586,303.8415094055718,303.71484917463044,303.5894367017388,303.4655654055751,303.34351563150494,303.22355433719747,303.1059345278648,302.99089498859314,302.8786604434587,302.76944039960364,302.66343032084364,302.5608107879402,302.4617480120496,302.366393875299,302.2748863857992,302.1873497870602,302.1038949889796,302.02461971272487,301.94960942415076
0.00418694866111215,305.95947159955864,305.9562822741693,305.9467253907165,305.93083447520166,305.9086652480955,305.8802952892667,305.84582362123365,305.8053701498689,305.7590750090686,305.70709778417006,305.6496166462308,305.5868273950783,305.5189423981183,305.4461894760926,305.36881078796927,305.287061389142,305.20120819517797,305.1115284282508,305.0183083942801,304.9218419546836,304.8224293745151,304.72037575422064,304.6159896612643,304.50958193207885,304.4014640795134,304.29194727372163,304.1813411016325,304.0699520598349,303.958082823759,303.8460309909654,303.7340880962249,303.6225386227435,303.5116595421288,303.40171877055093,303.29297534972795,303.1856783295133,303.0800663805609,302.97636728563623,302.8747975974203,302.77556269370643,302.67885567603656,302.58485826853223,302.4937399992201,302.40565850015423,302.3207594303167,302.23917676151575,302.1610327118306,302.08643801842254,302.0154919326911,301.94828289897316
0.004460767157299615,305.41233262724506,305.4096277590513,305.40152213475943,305.3880429131977,305.3692352463588,305.345162024248,305.3159035614441,305.281557173438,305.24223668134096,305.19807182304,305.14920759676875,305.095803534383,305.038032892825,304.97608180478505,304.9101484336791,304.8404418513338,304.76718126497326,304.690594800794,304.61091857058597,304.5283954715559,304.4432743113376,304.3558085626534,304.26625529069634,304.17487421424687,304.0819264219277,303.98767357601054,303.89237690904184,303.7962959824126,303.69968810718046,303.60280730475466,303.5059034620202,303.4092215180367,303.3130010569832,303.21747495935205,303.1228695451969,303.0294036007936,302.93728795735666,302.84672504407024,302.7579085093954,302.67102320777053,302.58624417433583,302.50373730851777,302.4236586007763,302.3461542752764,302.2713606364714,302.1994042326701,302.1304016649145,302.0644597452765,302.0016753881829,301.94213608729535
0.004761967503105828,304.9063204506628,304.9040422675638,304.8972149584962,304.8858604329392,304.87001512631133,304.84972980656664,304.82506933988554,304.7961123714362,304.7629509531423,304.7256900995608,304.6844472929108,304.63935193427466,304.5905447308115,304.5381770520165,304.48241029352585,304.42341500718055,304.3613703299122,304.2964630354544,304.2288868269243,304.1588413989317,304.08653177847714,304.01216734119214,303.93596097543923,303.8581283519941,303.77888689449026,303.6984551629908,303.6170520481915,303.5348957549757,303.45220334902285,303.3691899035781,303.2860677829676,303.20304597944835,303.1203297614246,303.03811950635435,302.9566108192063,302.8759936949641,302.7964520923759,302.7181635499509,302.6412987993392,302.56602171085285,302.4924883582356,302.4208475364597,302.35124005106206,302.2837987495076,302.21864832484516,302.15590539563453,302.09567823328507,302.0380668424427,301.983162787055,301.93104951173177
0.005093287883492661,304.4410006713845,304.4390964819238,304.4333897267752,304.423898006566,304.4106505989539,304.39368831255376,304.37306331265904,304.34883888168036,304.3210891406607,304.2898987156976,304.25536236637214,304.2175845731849,304.1766790750099,304.1327683834417,304.085983306347,304.03646227578747,303.9843509296809,303.92980137511773,303.8729716553086,303.81402501967017,303.75312943077347,303.6904567907927,303.62618229302905,303.5604838575901,303.493541309178,303.4255359036696,303.35664968516767,303.28706465815907,303.2169624367625,303.14652354881326,303.0759268348594,303.00534891152085,302.9349638740208,302.86494229529296,302.7954513285043,302.72665399472373,302.6587087722445,302.59176927375086,302.5259838722425,302.46149562575795,302.39844143974943,302.3369524592773,302.277153431748,302.21916266390673,302.1630918083908,302.10904589082264,302.05712299027454,302.00741427116844,301.96000377506357,301.91496862564236
0.005457740301918178,304.0156899708751,304.01411189845567,304.0093823281677,304.0015153357193,303.9905343409084,303.9764719975754,303.95937006446763,303.93927922599386,303.9162588845566,303.8903769107235,303.8617093651894,303.8303401896638,303.7963608586894,303.7598700145486,303.720973111845,303.6797818995911,303.63641411698313,303.5909929226812,303.5436464949373,303.49450746549337,303.4437125526846,303.3914019557293,303.3377188533182,303.2828089702089,303.22681992292024,303.169900858794,303.11220194612036,303.0538737031367,302.9950667299056,302.93593114408026,302.87661608219616,302.8172692683116,302.7580367678187,302.69906213624444,302.6404865117477,302.58244801598994,302.52508137263624,302.4685176418939,302.4128838727173,302.35830302129796,302.3048932133715,302.25276804270334,302.2020360126169,302.15280044717616,302.1051592795725,302.0592050498551,302.0150245652759,301.972698906235,301.93230320740946,301.89390677833916
0.005858637962186246,303.62945260054596,303.62815725407836,303.62427491083054,303.61781676997674,303.6088014690937,303.59725500139075,303.58321062027494,303.56670870547725,303.54779660851887,303.5265284659139,303.5029649915584,303.4771732456604,303.44922637304757,303.41920332941675,303.38718861690097,303.35327188573746,303.31754771432327,303.28011516807675,303.2410775004555,303.20054171526806,303.15861829462574,303.1154207266378,303.071065118619,303.02566986621224,302.9793551343535,302.93224258401125,302.8844549703663,302.83611560143004,302.78734813576165,302.73827612761306,302.6890226176835,302.6397097885633,302.59045876553745,302.54138889845325,302.49261784800154,302.4442610873849,302.3964315580406,302.3492394565466,302.30279192136953,302.25719295493764,302.2125427840691,302.16893808944997,302.1264715268826,302.08523161387654,302.0453025327897,302.00676411614194,301.9696915064702,301.93415515259096,301.90022059694405,301.8679485370095
0.006299625388481122,303.2810904251175,303.2800385431341,303.27688581957995,303.27164111052593,303.264319156698,303.25494052129307,303.24353151958064,303.23012411901703,303.2147558243978,303.19746953829736,303.17831340625406,303.1573406443274,303.13460934253044,303.11018226001084,303.08412662863515,303.05651384719624,303.02741932315155,302.99692213241514,302.9651047963697,302.9320529445638,302.89785511342615,302.86260237970737,302.8263880626284,302.7893074729451,302.7514575025134,302.71293641895807,302.6738435511892,302.6342788546506,302.59434276109556,302.5541358140583,302.5137583369688,302.473310159672,302.432890461278,302.3925971689268,302.35252704019206,302.3127752532649,302.27343510362346,302.2345978376542,302.1963523779116,302.1587852548132,302.1219800602594,302.0860176267569,302.0509756258118,302.01692844496694,301.98394701358023,301.9520987871234,301.92144742006826,301.8920527633249,301.863970668837,301.8372530110525
0.006784711557405485,302.9691293340687,302.9682854396194,302.96575605006836,302.9615481162574,302.95567320920736,302.9481474734598,302.9389915752347,302.92823062796947,302.91589410705967,302.90201574563844,302.886633419278,302.86978901751417,302.85152829624315,302.8319007248382,302.81095934045277,302.7887605138052,302.7653638357981,302.74083185587665,302.7152299161197,302.6886258923419,302.661090045363,302.6326947381574,302.603514206893,302.5736243721795,302.5431025156461,302.5120271270571,302.48047766017976,302.44853418543454,302.4162772806039,302.3837877405473,302.35114631148707,302.31843347543656,302.28572932987066,302.253113088065,302.2206631589196,302.18845681386995,302.1565699250083,302.1250768395061,302.09405014412073,302.0635606096531,302.03367673062263,302.00446486777525,301.97598891844484,301.94831019408343,301.9214872725441,301.8955759882772,301.8706291267696,301.8466964295973,301.8238244225158,301.80205641113025
0.007284711557405486,302.7062205417201,302.7055439102925,302.7035158247868,302.7001417648754,302.69543085329815,302.68939582039883,302.682052965433,302.6734221002884,302.6635264853149,302.6523927503814,302.64005080784693,302.6265337556034,302.6118777646565,302.5961219636358,302.57930832923205,302.56148150483756,302.5426887183206,302.52297957873395,302.50240595134636,302.48102175713956,302.45888286132794,302.4360468536066,302.412572870087,302.38852145062293,302.3639542817093,302.338934082159,302.3135244127821,302.28778939697787,302.26179364199413,302.23560200645716,302.2092793878587,302.1828905517068,302.1565000412078,302.13017176053415,302.10396905275246,302.0779544291034,302.05218934466745,302.02673410595145,302.0016476710387,301.9769876070403,301.95280970326047,301.9291680881526,301.90611496134136,301.8837004772679,301.86197262328517,301.8409772186179,301.82075763337616,301.801354803584,301.7828070838047,301.76515022760327
0.007784711557405486,302.4892884882555,302.48874356912,302.48711025081377,302.4843928910239,302.480598744874,302.4757379375095,302.46982343470347,302.46287099955117,302.45489914329664,302.44592906442597,302.4359845818125,302.4250920602903,302.41328032344995,302.4005805649835,302.3870262647999,302.37265304648645,302.35749861665585,302.34160260472504,302.3250064672123,302.30775333042595,302.2898879053147,302.2714563148604,302.252505953401,302.2330853778447,302.2132441006287,302.1930325035437,302.1725016880931,302.1517032482174,302.130689214095,302.10951186407294,302.08822355400656,302.06687658050424,302.0455231143472,302.0242148500061,302.0030030819279,301.98193848333665,301.96107091411056,301.9404493545162,301.920121735944,301.90013491009677,301.88053432280157,301.8613641130109,301.8426668955983,301.82448365344464,301.8068536384999,301.78981437978507,301.7734014266507,301.75764837363363,301.74258673581915,301.7282459208531
0.008284711557405487,302.30876750635167,302.3083270813182,302.3070069593425,302.30481062977816,302.30174390208697,302.2978148843538,302.2930339606408,302.2874137571752,302.2809691041157,302.27371698784566,302.26567649888125,302.2568687739562,302.2473169273417,302.237045981924,302.22608280403483,302.214455990051,302.2021958210781,302.1893341351904,302.17590425316666,302.1619408537781,302.1474799077299,302.13255854092824,302.117214921871,302.10148817827303,302.085418228487,302.0690457162918,302.05241189248267,302.0355584281955,302.0185273755975,302.00136101439983,301.98410171435705,301.96679182489225,301.94947362729135,301.93218903756485,301.91497968110446,301.89788671104213,301.88095064339524,301.8642113114038,301.8477077221159,301.8314780356697,301.8155592890789,301.7999874821287,301.78479740173407,301.77002252307096,301.7556949303795,301.7418453331653,301.7285028321172,301.71569495261537,301.7034475401998,301.6917847281514
0.008784711557405487,302.1573351285776,302.15697810576023,302.15590796652754,302.1541275201696,302.1516414437746,302.1484562652056,302.1445803454656,302.1400238519856,302.1347987285537,302.1289186574863,302.12239901857754,302.11525684355024,302.1075107612859,302.09918094371824,302.09028905461497,302.08085815845186,302.0709126862648,302.06047833279206,302.04958199825296,302.03825168866314,302.02651646393707,302.0144063288698,302.0019521419955,301.9891855515792,301.9761388570325,301.9628449595772,301.9493372681229,301.9356495446037,301.921815877478,301.90787055549225,301.89384795661164,301.87978245831073,301.86570840460956,301.8516598522018,301.8376706433878,301.82377425620456,301.8100036624856,301.79639129841195,301.7829689427514,301.7697677045565,301.7568177881387,301.7441485690351,301.7317884522642,301.71976478224593,301.70810378020974,301.69683056731793,301.68596895116605,301.6755414664027,301.66556928749696,301.6560721942823
0.009284711557405487,302.02932080112987,302.02903067342663,302.0281610425241,302.02671417999437,302.02469386748123,302.0221053830952,302.0189554875716,302.01525240297156,302.01100578881824,302.0062267118001,302.0009276131372,301.9951222724623,301.98882576369357,301.98205441225264,301.9748257544433,301.96715846361997,301.9590723243426,301.950588148905,301.94172773133914,301.93251376721173,301.9229698124463,301.91312019597456,301.9029899452795,301.89260473733447,301.881990783709,301.8711747934142,301.8601838978617,301.8490455217088,301.8377873661546,301.8264373043905,301.8150232917022,301.80357329211586,301.79211525714845,301.78067690726766,301.76928580297334,301.7579692205659,301.746754029395,301.7356666751403,301.7247330761023,301.71397861776734,301.7034279517708,301.6931050640808,301.68303316083507,301.673234586401,301.6637307745526,301.6545422771524,301.6456885690648,301.63718809432225,301.629058193525,301.6213150687753
0.009784711557405488,301.92028949219537,301.9200532357549,301.91934507761334,301.91816686092614,301.9165216538598,301.91441373864427,301.9118486006483,301.90883291127244,301.90537450887985,301.90148237433635,301.89716660489046,301.89243838535685,301.8873099522595,301.8817945598294,301.8759064475651,301.869660779996,301.86307362711887,301.85616189620106,301.8489432952407,301.8414362681017,301.8336599615842,301.82563415518916,301.8173791997955,301.80891598025585,301.8002658194026,301.79145045034375,301.7824919565316,301.7734126631142,301.7642351277639,301.7549820535285,301.74567621595867,301.7363404028077,301.7269974020066,301.71766981215586,301.7083801116333,301.6991505551392,301.69000306699775,301.68095923439535,301.67204021868855,301.6632667554734,301.65465898165917,301.6462364973592,301.6380182741417,301.63002258043537,301.62226694401187,301.61476818494606,301.60754223687417,301.6006041972702,301.5939682670939,301.5876477159588
0.010284711557405488,301.82674277981044,301.8265500508402,301.825972362053,301.82501121319297,301.8236691004915,301.82194950780956,301.8198568979873,301.8173966990237,301.8145752887598,301.81139997500003,301.80787897449727,301.8040213898598,301.799837180205,301.7953371340419,301.79053284323163,301.78543665354687,301.7800616499293,301.77442160044404,301.76853092714464,301.7624046533921,301.75605837736185,301.7495082154266,301.7427707512858,301.73586300771797,301.7288023657997,301.72160654458645,301.71429355322323,301.7068815989055,301.699389083512,301.69183453051363,301.6842365258376,301.6766136680582,301.6689845636086,301.6613676612713,301.6537813192102,301.6462437184186,301.63877276945584,301.63138611343913,301.6241010458342,301.6169345208732,301.60990300193697,301.60302251822475,301.59630859120625,301.5897761665641,301.58343958589086,301.577312622804,301.57140831866366,301.56573903571825,301.56031640693493,301.55515130189434
0.010784711557405489,301.74590055330685,301.74574309189757,301.7452711147093,301.7444858448741,301.74338931792965,301.74198437462206,301.7402746540446,301.73826458242274,301.7359593607631,301.7333649486086,301.7304880470654,301.7273360802391,301.72391717106547,301.72024011964476,301.7163143822572,301.712150030569,301.707757740629,301.70314874656816,301.6983348173161,301.69332821367107,301.68814166688355,301.6827883329432,301.6772817501004,301.6716358178478,301.66586472847723,301.65998295255883,301.65400520069767,301.6479463450339,301.6418214203458,301.6356455623826,301.629433959842,301.6232018130403,301.6169643347721,301.61073660475284,301.60453363450137,301.5983702945852,301.59226123262545,301.5862208802812,301.58026338742616,301.5744026299509,301.5686520795296,301.5630248558671,301.5575336679227,301.55219075162927,301.54700784905845,301.54199624674055,301.53716662416736,301.5325291087719,301.5280932341881,301.52386790715167
0.01128471155740549,301.67553914026615,301.67541032100496,301.6750241965831,301.67438176645516,301.6734846936258,301.67233529878104,301.67093655484814,301.66929207786006,301.66740611696895,301.6652835411078,301.66292982524214,301.6603510354184,301.65755380874623,301.65454533607925,301.6513333450577,301.64792606628447,301.6443322252467,301.64056100388,301.6366220219449,301.6325253019434,301.62828125174457,301.6239006276418,301.61939449866236,301.61477423127724,301.6100514310243,301.6052379325587,301.600345769161,301.59538710533946,301.59037424136216,301.5853195609214,301.5802354921228,301.57513447303995,301.57002895695405,301.5649312834739,301.55985374122486,301.5548085063938,301.54980757020803,301.54486275051033,301.5399856345898,301.53518758957534,301.53047964837856,301.52587255812864,301.52137673338143,301.5170021989293,301.5127585749902,301.50865511694997,301.5047005751859,301.5009032510361,301.4972709620219,301.4938110099031
0.01178471155740549,301.61386965621995,301.61376414496686,301.6134478847756,301.61292169365424,301.61218693241403,301.61124549987005,301.61009982853557,301.6087528771583,301.60720812263014,301.6054695489899,301.603541636263,301.6014293484082,301.5991381166524,301.5966738256543,301.59404279977616,301.59125177491046,301.58830789270144,301.5852186684902,301.58199197642404,301.5786360207161,301.57515932151017,301.5715706850201,301.56787917336266,301.5640940938139,301.5602249486935,301.55628142902026,301.5522733902696,301.5482107941249,301.5441037156223,301.5399622984734,301.5357967233724,301.5316171791661,301.5274338714569,301.52325690774035,301.5190963578811,301.51496220194235,301.5108642656554,301.50681223546763,301.50281560860105,301.49888370539134,301.49502556877843,301.4912500094103,301.4875655685744,301.4839804654918,301.4805025873445,301.4771395298102,301.4738984669315,301.47078620740484,301.4678091655444,301.4649733305613
0.01228471155740549,301.55944550667454,301.559358995499,301.5590996868831,301.55866825126367,301.55806580368375,301.5572938998584,301.5563545327786,301.55525012659814,301.55398353007234,301.5525580074552,301.5509772294281,301.54924526338135,301.54736655947124,301.5453459395871,301.54318858622497,301.5409000189152,301.53848609025937,301.53595295907644,301.5333070785136,301.53055517245326,301.52770422398874,301.52476145129754,301.52173428199296,301.518630345991,301.51545743220674,301.5122234850536,301.50893658524757,301.5056048991356,301.50223668780995,301.498840268739,301.49542399003053,301.49199620619424,301.4885652892984,301.48513952594993,301.4817271755642,301.47833642584345,301.474975335013,301.47165184945095,301.46837375979936,301.465148714729,301.4619841318186,301.4588872397151,301.4558650489515,301.452924303196,301.45007147314806,301.44731279736686,301.4446541610825,301.4421011522776,301.4396590373861,301.4373327318141
0.01278471155740549,301.5110913353765,301.51102033594407,301.5108075228724,301.5104534463194,301.5099590210219,301.50932552306335,301.50855458721,301.50764820189306,301.5066087038846,301.5054387707355,301.5041414133957,301.502719968383,301.50117808606285,301.49951972187614,301.49774912731857,301.4958708301297,301.493889631765,301.49181058479587,301.4896389834439,301.4873803441759,301.4850403962933,301.48262506245874,301.48014043676073,301.4775927804452,301.4749884842556,301.47233406717004,301.4696361612881,301.46690146746175,301.46413676586894,301.4613488828657,301.4585446700977,301.4557309840342,301.4529146990296,301.4501026143632,301.44730151032667,301.4445181100252,301.4417590273641,301.43903078655444,301.43633978330763,301.4336922996085,301.43109442420644,301.4285520921536,301.4260710620156,301.4236568706181,301.42131483002385,301.4190500682635,301.41686741613347,301.4147714626668,301.4127665347368,301.410856668807
0.013284711557405491,301.4678479606867,301.4677896419521,301.46761483854334,301.467324002407,301.4669178847329,301.46639753329333,301.46576429037,301.4650197886272,301.4641659467918,301.4632049633489,301.4621393105358,301.46097172804133,301.4597052131047,301.4583430135744,301.45688862059416,301.455345751878,301.4537183503161,301.4520105648679,301.45022674305494,301.44837141497356,301.44644928560064,301.4444652191024,301.4424242199637,301.44033143098716,301.4381921003291,301.43601158199215,301.43379532401605,301.431548829374,301.42927766760545,301.4269874460001,301.4246837926648,301.4223723391608,301.4200587349551,301.4177485630479,301.41544739392117,301.4131607525781,301.41089407144045,301.4086527111685,301.40644192614,301.4042668798992,301.4021325737952,301.40004388416514,301.39800554472595,301.3960221044248,301.39409792685353,301.392237230585,301.39044398312865,301.3887219554861,301.3870747049775,301.3855055481895
0.013784711557405491,301.4289293718506,301.4288814317272,301.4287377376058,301.4284986611165,301.4281648197115,301.4277370744707,301.42721652850514,301.4266045235577,301.4259026364996,301.4251126740556,301.42423666791666,301.42327686968184,301.4222357424537,301.4211159553785,301.4199203777218,301.4186520646812,301.4173142568882,301.41591036417566,301.41444395965846,301.41291876653946,301.4113386518134,301.409707613654,301.408029765081,301.4063093337495,301.40455063290847,301.4027580632632,301.400936103841,301.3990892773065,301.3972221623335,301.3953393684006,301.39344552208445,301.39154525225877,301.3896432055252,301.38774396921144,301.3858521232337,301.3839722114916,301.38210869897654,301.3802659934618,301.3784484146071,301.37666020981925,301.37490548982595,301.3731882637326,301.37151242560924,301.36988171510444,301.36829971877853,301.3667699098187,301.36529554843366,301.3638797352712,301.3625253969053,301.3612352599419
0.014284711557405492,301.39368891660547,301.3936494799485,301.39353127446384,301.3933346060126,301.39305998254133,301.39270811226993,301.39227990247946,301.39177645670827,301.3911990719132,301.39054923404086,301.38982861405157,301.3890390638725,301.3881826092272,301.3872614453765,301.386277932326,301.3852345827331,301.3841340621128,301.38297917497925,301.3817728602125,301.38051818015333,301.3792183154479,301.3778765549415,301.376496281457,301.3750809729878,301.37363417694917,301.37215951309906,301.37066066657115,301.369141356913,301.3676053509464,301.3660564405826,301.36449843175086,301.36293513171677,301.3613703651673,301.35980790356854,301.35825151500467,301.3567049392042,301.3551718482768,301.3536558689248,301.35216055462575,301.3506894016994,301.34924579081047,301.3478330200956,301.34645429514467,301.3451126920845,301.34381116041004,301.34255256191227,301.3413395768861,301.34017475625103,301.3390605092389,301.337999078609
0.014784711557405492,301.36159255771815,301.361560094855,301.3614627928873,301.3613009037567,301.3610748456428,301.3607852014636,301.3604327179751,301.36001830345356,301.35954302540074,301.3590081068097,301.35841492293457,301.3577649980658,301.35705999938034,301.3563017336575,301.3554921434084,301.35463329651617,301.35372738699203,301.35277672308257,301.3517837236799,301.3507509092934,301.34968089782683,301.34857639651625,301.3474401894683,301.3462751399492,301.34508416740846,301.34387025121214,301.3426364254279,301.34138575101497,301.34012132897516,301.3388462807023,301.3375637390638,301.33627683747716,301.3349887263922,301.3337025081647,301.3324212849411,301.33114813672205,301.3298860852409,301.3286381164224,301.32740715519066,301.3261960815814,301.32500767733615,301.32384465727125,301.32270966200133,301.3216052232388,301.3205337677841,301.31949765554697,301.3184990910211,301.3175401740008,301.31662288909064,301.31574908197996
0.015284711557405493,301.3321976095827,301.3321708710015,301.3320907271973,301.3319573858613,301.33177119151185,301.33153262425236,301.33124229912085,301.3309009641729,301.3305094986297,301.33006890971797,301.32958033004775,301.32904501505925,301.3284643377185,301.32783978602373,301.3271729598874,301.3264655622146,301.325719400086,301.3249363744963,301.32411847761193,301.3232677852829,301.3223864535843,301.32147671242035,301.32054085453666,301.31958123865525,301.3186002688444,301.3176003988646,301.3165841283708,301.3155539777807,301.3145125015624,301.3134622707181,301.31240586562535,301.31134586657583,301.3102848704533,301.30922543041555,301.3081701018994,301.30712142323233,301.3060818822445,301.3050539387613,301.3040400016615,301.30304244490765,301.3020635585368,301.30110557841857,301.30017068119173,301.2992609515596,301.29837838716526,301.2975249356245,301.29670241078935,301.2959125419929,301.29515696507053,301.2944371996416
0.015784711557405493,301.3051357529423,301.30511371676215,301.30504766807974,301.3049377782377,301.3047843312546,301.3045877227946,301.304348459719,301.304067158498,301.30374454372054,301.3033814454085,301.30297879689306,301.30253763280723,301.30205908448585,301.30154437811143,301.3009948322127,301.30041184993695,301.2997969205626,301.29915161059455,301.29847756170847,301.2977764845304,301.2970501558036,301.2963004133519,301.29552914632956,301.2947382990027,301.29392985211217,301.2931058276725,301.2922682863185,301.2914193044614,301.2905609875901,301.28969545456204,301.2888248318819,301.28795124545945,301.28707683732625,301.2862037095307,301.28533396834024,301.2844697069982,301.2836129747256,301.28276579908413,301.28193016496874,301.28110803046377,301.28030128164306,301.27951176085185,301.27874126342283,301.2779915067774,301.2772641359649,301.2765607596558,301.2758828707727,301.2752318942285,301.2746091792032,301.27401597738077
0.016284711557405494,301.2800994100625,301.280081239664,301.2800267783747,301.2799361676541,301.2798096417907,301.2796475270444,301.27945024136204,301.2792182930589,301.2789522796245,301.27865288542955,301.27832088001037,301.2779571165061,301.2775625276457,301.27713812441255,301.27668499404524,301.2762042933064,301.2756972502453,301.27516515642475,301.27460936542224,301.27403128765263,301.2734323880486,301.27281418213124,301.2721782273047,301.27152612712166,301.2708595143477,301.2701800560855,301.26948945204344,301.26878941365413,301.2680816772969,301.26736799012264,301.26665010550715,301.26592977582845,301.2652087691007,301.2644888165796,301.2637716552402,301.26305901234497,301.2623525765466,301.26165401999555,301.2609649790054,301.260287069662,301.25962184594425,301.2589708266448,301.2583354935165,301.25771726201094,301.25711748730566,301.256537499229,301.2559785268867,301.25544174488215,301.25492826663856,301.25443912354126
0.016784711557405494,301.2568307739565,301.25681578372416,301.2567708547275,301.25669610383954,301.2565917244402,301.25645798570184,301.2562952324356,301.256103883995,301.25588443332447,301.25563744499163,301.25536355380586,301.2550634636179,301.2547379437978,301.2543878283183,301.2540140141667,301.2536174554468,301.2531991653266,301.2527602092132,301.2523017037035,301.2518248122674,301.2513307433485,301.2508207473387,301.2502961087554,301.2497581508632,301.2492082201959,301.24864769190435,301.2480779687665,301.2475004619967,301.2469166043189,301.2463278370986,301.2457356067566,301.24514135840104,301.2445465522849,301.24395261469647,301.2433609787898,301.24277307068917,301.2421902824465,301.24161399380023,301.2410455542927,301.24048629858083,301.2399375074629,301.2394004335443,301.2388763005265,301.23836627543864,301.2378714750099,301.23739299951535,301.23693186106925,301.2364890283355,301.23606542072065,301.2356618883736
0.017284711557405495,301.2351129439499,301.23510057151464,301.2350634891356,301.2350017934428,301.23491564414155,301.234805263416,301.23467093587976,301.2345130076631,301.2343318856597,301.2341280358295,301.2339019820907,301.23365430541463,301.2333856407152,301.2330966762705,301.2327881524703,301.23246085661583,301.23211562500273,301.23175333689045,301.2313749138161,301.2309813159872,301.23057354072904,301.2301526201933,301.2297196142868,301.22927561554485,301.22882173490865,301.22835910721625,301.2278888908059,301.22741224979023,301.2269303669262,301.2264444318661,301.2259556383568,301.2254651785888,301.22497425940867,301.2244840561311,301.22399575179907,301.2235105245957,301.22302952244814,301.22255388436776,301.22208472383585,301.22162314377675,301.2211702001429,301.22072692641837,301.2202943338176,301.219873384882,301.2194650000846,301.21907009059873,301.2186894899671,301.21832399732256,301.21797437231027,301.21764131589674
0.017784711557405495,301.21476274017976,301.2147525238847,301.2147219043295,301.21467096146625,301.214599827263,301.214508685204,301.2143977703246,301.2142673684488,301.2141178155983,301.2139494965211,301.2137628438072,301.2135583372241,301.21333650095136,301.21309790327484,301.21284315560865,301.2125729078816,301.2122878507139,301.21198871005515,301.2116762467913,301.211351253723,301.21101455429755,301.210667000915,301.210309468498,301.20994285953344,301.2095680909374,301.20918609962354,301.20879784258096,301.2084042804225,301.20800639001186,301.2076051536783,301.20720155705453,301.2067965840341,301.2063912326834,301.2059864716677,301.2055832780144,301.20518262564326,301.204785461438,301.2043927261191,301.20400533874096,301.2036242113026,301.2032502145945,301.20288420162353,301.2025270085337,301.2021794294526,301.20184222323934,301.2015161451896,301.20120188181926,301.20090009262714,301.20061140562854,301.20033639892955
0.018284711557405495,301.1956248615973,301.19561642217445,301.1955911286062,301.19554904709594,301.19549028675095,301.19541499916454,301.19532337851547,301.19521566093186,301.1950921240315,301.1949530856394,301.1947989030868,301.19462997274115,301.1944467275336,301.1942496368704,301.1940392058794,301.1938159712915,301.19358050367765,301.19333340265257,301.19307529671573,301.1928068407146,301.19252871481,301.19224162326816,301.1919462885792,301.19164345660187,301.19133388437336,301.1910183457054,301.19069763163844,301.19037253510436,301.1900438632827,301.1897124276471,301.1893790423259,301.18904451957206,301.18870968533975,301.18837533805623,301.18804228496265,301.1877113316038,301.187383259214,301.18705884508984,301.1867388480663,301.18642402274884,301.1861150873701,301.1858127462122,301.18551769109445,301.1852305773714,301.18495203075116,301.1846826779585,301.18442308439927,301.1841737945053,301.18393532778043,301.1837081610986
0.018784711557405496,301.17756712288633,301.177560148534,301.1775392463443,301.1775044711789,301.177455913294,301.177393697988,301.1773179857537,301.1772289717443,301.1771268854231,301.1770119894377,301.1768845790699,301.17674498192287,301.17659355569646,301.17643068827266,301.17625679714473,301.1760723257173,301.17587774557893,301.175673552183,301.17546026487804,301.1752384247705,301.1750085938831,301.1747713543403,301.174527302959,301.1742770564447,301.174021240026,301.17376049303994,301.1734954696818,301.17322682464845,301.17295522520334,301.1726813419457,301.17240584759656,301.1721294129043,301.17185272185964,301.1715764325844,301.1713012123199,301.17102772774393,301.17075662353966,301.1704885422469,301.1702241106058,301.1699639534002,301.16970866310993,301.1694588213984,301.169215001043,301.16897774299457,301.16874756321147,301.16852498230577,301.1683104658802,301.1681044634988,301.1679074051653,301.1677196843042
0.019284711557405496,301.16047656063915,301.1604707948534,301.16045351518574,301.16042476713756,301.16038462541144,301.1603331936148,301.1602706044518,301.1601970192756,301.1601126278253,301.1600176472332,301.1599123215969,301.1597969217946,301.1596717434706,301.15953710725853,301.15939335835986,301.15924086319944,301.1590800117122,301.15891121343117,301.15873489766665,301.1585515117016,301.15836152010763,301.15816540424936,301.15796365728295,301.15775678936234,301.15754531699895,301.1573297686041,301.157110685471,301.1568886082835,301.15666408887836,301.1564376816446,301.15620994265566,301.1559814259461,301.1557526983485,301.1555243023008,301.15529678954965,301.1550707121833,301.15484660227145,301.1546249911818,301.15440639669663,301.15419133646503,301.1539802992644,301.153773765617,301.1535722100611,301.15337607919236,301.1531857984698,301.15300180087576,301.15282446973697,301.1526541763679,301.15249127691516,301.1523360959841
0.019784711557405497,301.1442562419719,301.1442514736106,301.14423718357966,301.1442134096503,301.1441802136867,301.1441376813941,301.1440859225429,301.1440250705911,301.14395528249315,301.14387673781846,301.14378963842404,301.1436942083727,301.1435906920979,301.14347935473546,301.1433604818241,301.1432343762634,301.1431013605987,301.1429617734563,301.142815969841,301.14266431960635,301.1425072069009,301.1423450299294,301.1421781963061,301.1420071282386,301.1418322525271,301.14165400604173,301.1414728368827,301.1412891916585,301.14110352693814,301.1409163012026,301.14072797425854,301.14053900383317,301.1403498600224,301.14016098984496,301.13997284972504,301.13978589714804,301.1396005712733,301.13941731171167,301.1392365463333,301.13905870432984,301.1388841889266,301.1387133971845,301.13854672252955,301.1383845337053,301.13822718151675,301.1380750265373,301.13792838424285,301.1377875613788,301.13765285311365,301.13752452727636
0.020284711557405497,301.12882264235833,301.12881869752033,301.12880687586824,301.1287872087868,301.12875974753706,301.12872456304336,301.1286817461404,301.1286314072541,301.12857367626975,301.12850870174344,301.12843665065736,301.1283577084202,301.12827207718584,301.1281799762705,301.12808164195076,301.1279773246819,301.1278672913677,301.1277518220929,301.12763121051375,301.12750576255644,301.1273757959709,301.1272416402977,301.12710363253143,301.1269621222571,301.1268174622171,301.1266700137049,301.12652014786175,301.12636823364056,301.12621464894596,301.12605977307265,301.1259039863471,301.1257476669949,301.1255912051979,301.12543496924326,301.12527933684754,301.1251246873573,301.12497138324784,301.1248197883649,301.12467025635317,301.12452314333245,301.12437878192395,301.1242375002885,301.12409962484844,301.1239654600874,301.1238352952059,301.12370943090923,301.1235881267021,301.12347163602817,301.1233602036875,301.1232540506507
0.020784711557405498,301.1141034859286,301.1141002213083,301.11409043848676,301.11407416356894,301.11405143905586,301.1140223236621,301.1139868925814,301.1139452372156,301.11389746508996,301.11384369914447,301.113784077556,301.1137187538047,301.11364789512453,301.11357168298645,301.11349031297664,301.1134039922363,301.1133129417083,301.11321739312564,301.1131175894731,301.113013783876,301.1129062392416,301.1127952283921,301.1126810299985,301.11256393365153,301.1124442309342,301.11232222071914,301.1121982105668,301.11207250530464,301.11194541785574,301.1118172621082,301.1116883527409,301.1115590023267,301.11142953499836,301.1113002540609,301.11117147221535,301.11104350423824,301.11091664929154,301.11079120863457,301.11066747461297,301.11054574295565,301.11042628799635,301.1103093809955,301.1101952930002,301.11008427543425,301.10997656664557,301.1098724178115,301.1097720422522,301.1096756493947,301.1095834424151,301.1094956035986
0.021284711557405498,301.10003596242314,301.10003325986855,301.10002516172534,301.1000116897321,301.0999928791486,301.09996877860044,301.0999394503564,301.0999049700981,301.09986542687403,301.09982092245764,301.09977157122455,301.09971750027114,301.09965884797913,301.09959576454924,301.0995284119432,301.09945696151624,301.0993815962323,301.09930250787266,301.09921989755367,301.09913397477277,301.0990449571229,301.09895307055604,301.0988585455576,301.09876162213584,301.09866254134846,301.09856155049334,301.098458904581,301.0983548554677,301.0982496623765,301.09814358514984,301.09803688422386,301.0979298179361,301.09782265580355,301.09771564748297,301.0976090519489,301.0975031305965,301.0973981302975,301.0972943005902,301.09719188317865,301.0970911238582,301.09699224882854,301.09689548234246,301.0968010496614,301.0967091583825,301.09662000486526,301.09653379928733,301.09645071685196,301.0963709306244,301.0962946093676,301.0962219034189
0.0217847115574055,301.086565251631,301.0865630136823,301.0865563080896,301.08654515297815,301.08652957762,301.08650962230047,301.086485338604,301.08645678921755,301.08642404791556,301.08638719897533,301.0863463370987,301.08630156757187,301.0862530049297,301.0862007735252,301.08614500752503,301.0860858487075,301.08602344864096,301.0859579660846,301.08588956754727,301.08581842646515,301.0857447229755,301.0856686442847,301.0855903810538,301.0855101322976,301.08542809731955,301.08534448078933,301.0852594942668,301.08517334583763,301.0850862503303,301.08499842291326,301.0849100791872,301.0848214326714,301.08473270770025,301.0846441096287,301.08455585301726,301.08446815511047,301.08438121958045,301.08429525320844,301.0842104558469,301.0841270319852,301.0840451680631,301.08396504948576,301.0838868636404,301.0838107819133,301.0837369659853,301.08366559207377,301.0835968039169,301.0835307445325,301.0834675542196,301.0834073569244
0.0222847115574055,301.07364329940475,301.0736414456345,301.0736358915185,301.0736266521903,301.0736137519684,301.07359722424127,301.073577111758,301.07355346646006,301.07352634949075,301.0734958306602,301.0734619884026,301.0734249099685,301.0733846901756,301.0733414320048,301.07329524663777,301.07324625139967,301.0731945718966,301.0731403395837,301.073083692354,301.0730247738267,301.0729637331689,301.07290072554525,301.072835908693,301.0727694477216,301.07270150741783,301.0726322572059,301.072561872705,301.0724905258216,301.0724183946696,301.0723456574768,301.07227249277184,301.07219907702637,301.0721255971788,301.0720522219931,301.07197912930076,301.07190649981465,301.07183450150836,301.0717633058032,301.07169307795385,301.0716239882653,301.0715561903261,301.07148983742775,301.0714250856135,301.0713620763429,301.0713009426488,301.07124183260146,301.0711848639611,301.0711301549084,301.07107782218907,301.07102796794305
0.0227847115574055,301.0612277999533,301.061226263962,301.06122166229625,301.0612140076115,301.0612033201271,301.06118962752566,301.06117296524775,301.061153376346,301.0611309115149,301.06110562859783,301.0610775925733,301.0610468757726,301.06101355670535,301.06097772067545,301.0609394598507,301.06089887133305,301.0608560592517,301.06081113247853,301.06076420523783,301.0607153964863,301.0606648297751,301.0606126337626,301.0605589389581,301.0605038824183,301.0604476003878,301.06039023314054,301.0603319265557,301.06027282262687,301.0602130690944,301.06015281363005,301.0600922040995,301.06003138634173,301.0599705163289,301.0599097325984,301.0598491825974,301.05978901679833,301.05972937366795,301.059670395375,301.0596122185646,301.0595549852379,301.0594988218354,301.05944385509383,301.0593902151046,301.0593380185883,301.05928737490774,301.0592384087875,301.059191216539,301.05914589580675,301.0591025438378,301.05906124475064
0.0232847115574055,301.0492813476236,301.04928007457085,301.04927626097697,301.04926991744355,301.04926106079614,301.049249713996,301.0492359064357,301.0492196738125,301.04920105817456,301.04918010746366,301.0491568755251,301.0491314223443,301.04910381293934,301.04907411798797,301.04904241392444,301.0490087811206,301.04897330593366,301.0489360785509,301.04889719361364,301.0488567496733,301.04881484908714,301.04877159857875,301.0487271061341,301.04868148559086,301.0486348495857,301.0485873142761,301.0485390009228,301.04849002678174,301.0484405144568,301.0483905863367,301.0483403649177,301.04828997070365,301.04823953401285,301.0481891684101,301.04813899619904,301.0480891428084,301.04803972231144,301.0479908526682,301.04794264685984,301.04789522344197,301.04784868641605,301.0478031405545,301.04775869445245,301.0477154443748,301.0476734801246,301.0476329070496,301.0475938037509,301.047556250889,301.047520329562,301.04748610899185
0.0237847115574055,301.0377707282282,301.0377696728033,301.03776651146757,301.0377612531197,301.037753911774,301.0377445064838,301.03773306163515,301.0377196068374,301.0377041769813,301.0376868118132,301.0376675559643,301.03764645920063,301.0376235753749,301.03759896306013,301.037572685667,301.0375448097233,301.0375154068755,301.03748455184746,301.0374523230727,301.0374188022153,301.03738407409213,301.0373482272692,301.03731135109564,301.03727354018434,301.0372348876407,301.0371954896643,301.03715544712975,301.03711485683056,301.03707382056126,301.0370324397848,301.03699081600115,301.03694904875545,301.0369072471028,301.0368655039751,301.0368239208623,301.0367826024446,301.03674164262486,301.03670113932264,301.03666118594083,301.0366218816047,301.03658331176626,301.0365455630265,301.03650872616606,301.03647288053264,301.03643809976444,301.0364044731146,301.03637206456085,301.0363409407141,301.03631116929216,301.0362828072015
0.0242847115574055,301.02666632549733,301.02666545024965,301.026662828919,301.0266584689908,301.02665238215036,301.0266445842149,301.02663509542515,301.02662394034974,301.0266111479528,301.0265967511958,301.0265807870815,301.02656329691433,301.0265443253046,301.02652392080415,301.02650213604,301.02647902608146,301.02645465039416,301.0264290709008,301.02640235261737,301.0263745632275,301.02634577302734,301.0263160555477,301.02628548471296,301.02625413921294,301.0262220959904,301.0261894347246,301.02615623940216,301.0261225898876,301.0260885707425,301.02605426610523,301.02601976009424,301.0259851349127,301.02595048198293,301.0259158771889,301.02588140478593,301.02584715225646,301.02581319682304,301.0257796198098,301.0257464984176,301.02571391566187,301.02568194165866,301.02565064797176,301.02562011061195,301.02559039493394,301.0255615612155,301.02553368533074,301.025506819184,301.02548101776176,301.0254563376899,301.0254328256928
0.0247847115574055,301.0159416226957,301.0159408966608,301.0159387225236,301.01593510659615,301.01593005863344,301.01592359177204,301.0159157228195,301.0159064721695,301.01589586387735,301.0158839252857,301.01587068708017,301.01585618355665,301.015840451673,301.0158235316826,301.0158054672809,301.01578630405095,301.01576609136924,301.0157448805588,301.0157227255245,301.01569968237334,301.0156758093774,301.01565116761384,301.01562581823794,301.0155998267463,301.01557325670444,301.01554617411284,301.01551864896345,301.0154907471122,301.0154625388453,301.015434093954,301.0154054821637,301.0153767713257,301.01534803823233,301.0153193446822,301.0152907606555,301.01526235937365,301.0152342042633,301.01520636290195,301.0151788990802,301.0151518824488,301.0151253704449,301.01509942218604,301.0150741014311,301.01504946195894,301.0150255530051,301.01500243931196,301.01498016281755,301.0149587688883,301.0149383049519,301.0149188093129
0.0252847115574055,301.0055727830629,301.0055721806307,301.00557037692454,301.00556737728203,301.0055631898571,301.0055578255657,301.00555129837073,301.0055436252073,301.0055348260636,301.0055249236278,301.00551394335287,301.0055019137285,301.00548886537433,301.00547483167065,301.0054598489131,301.00544395482905,301.0054271904366,301.0054095982793,301.0053912230587,301.00537211129335,301.00535231129606,301.0053318738255,301.00531084946397,301.0052892927734,301.0052672562451,301.00524479455106,301.0052219660817,301.00519882509946,301.0051754300615,301.0051518388743,301.0051281093423,301.0051042974371,301.0050804678061,301.0050566706115,301.00503296400586,301.00500940937934,301.004986058748,301.0049629682986,301.00494019072,301.0049177845707,301.00489579680465,301.0048742762362,301.0048532764557,301.004832841665,301.0048130119734,301.0047938428529,301.0047753680162,301.0047576248677,301.0047406532029,301.0047244843641
0.025784711557405502,300.99553829566963,300.99553779565196,300.99553629886896,300.9955338098479,300.99553033541497,300.9955258846453,300.9955204691447,300.995514102982,300.99550680277486,300.99549858735486,300.9954894778397,300.99547949790696,300.9954686729263,300.9954570305832,300.99544460104124,300.9954314155213,300.9954175081145,300.9954029140912,300.99538767052803,300.99537181599965,300.99535539056785,300.9953384364395,300.99532099544075,300.99530311306756,300.99528483264197,300.9952661994522,300.9952472622673,300.99522806575374,300.99520865856385,300.9951890887569,300.99516940426076,300.99514965121296,300.99512988417285,300.99511014369074,300.9950904781167,300.99507093902093,300.99505156898135,300.9950324147434,300.99501351980354,300.99499493350936,300.9949766941471,300.9949588420008,300.9949414222169,300.99492447107315,300.994908021137,300.99489212015214,300.9948767950451,300.9948620766296,300.9948479983652,300.99483458583757
0.026284711557405502,300.98581867567407,300.98581826053595,300.98581701811815,300.9858149522742,300.98581206872774,300.9858083750285,300.9858038808279,300.9857985978192,300.98579253982587,300.9857857224831,300.98577816331584,300.98576988201273,300.98576089959346,300.9857512390245,300.98574092538604,300.9857299845091,300.98571844474253,300.98570633532995,300.9856936870291,300.985680531832,300.98566690296303,300.98565283553955,300.98563836413484,300.9856235267256,300.98560835904095,300.98559289859435,300.9855771861728,300.9855612584997,300.9855451560976,300.9855289188646,300.9855125865445,300.9854961971328,300.98547979680416,300.9854634181713,300.98544710145825,300.98543089007995,300.98541481880767,300.98539892655947,300.9853832492195,300.98536782848146,300.9853526954664,300.9853378833944,300.9853234303961,300.9853093661928,300.98529571712044,300.9852825244727,300.98526980957956,300.9852575977986,300.98524591732695,300.9852347889907
0.026784711557405503,300.9763962099063,300.9763958651318,300.97639483357125,300.9763931185167,300.97639072477693,300.97638765863616,300.97638392812576,300.9763795429691,300.97637451467267,300.97636885622205,300.9763625821639,300.97635570887945,300.97634825378356,300.976340235931,300.97633167618716,300.9763225959172,300.9763130187087,300.97630296881005,300.97629247174166,300.9762815540393,300.97627024326044,300.97625856864323,300.97624655875245,300.9762342453261,300.97622165780535,300.9762088272606,300.9761957878542,300.9761825697341,300.9761692066802,300.97615573182514,300.9761421781295,300.9761285768474,300.9761149671794,300.97610137518615,300.9760878343527,300.976074381318,300.97606104439694,300.9760478560156,300.97603484575393,300.97602204894156,300.9760094907772,300.9759971986308,300.9759852048003,300.9759735335821,300.9759622061644,300.975951258451,300.9759407071593,300.97593057312923,300.975920880185,300.97591164521765
0.027284711557405503,300.9672547403013,300.96725445387074,300.967253597141,300.96725217293647,300.9672501853056,300.9672476394835,300.96724454215723,300.9672409014169,300.967236726847,300.9672320292361,300.96722682066166,300.96722111476174,300.967214925963,300.96720827007744,300.9672011644748,300.9671936268193,300.96718567674964,300.9671773343731,300.96716862086834,300.96715955824754,300.96715016937026,300.9671404785979,300.9671305095171,300.9671202886876,300.96710984034263,300.9670991902126,300.9670883669591,300.9670773952872,300.9670663033827,300.9670551187682,300.9670438687814,300.9670325790939,300.96702128310216,300.9670100014598,300.9669987620622,300.9669875959149,300.9669765259936,300.9669655793388,300.96695478030864,300.9669441589381,300.9669337355315,300.9669235326139,300.9669135776304,300.96690389038906,300.96689448782786,300.9668854013395,300.9668766438423,300.96686823243647,300.96686018730924,300.9668525220993
0.027784711557405504,300.9583794790015,300.9583792409593,300.95837852922136,300.95837734622194,300.9583756953777,300.9583735810529,300.9583710088199,300.95836798541336,300.95836451882343,300.95836061801657,300.95835629302246,300.9583515552034,300.9583464165089,300.958340890062,300.9583349903321,300.9583287319165,300.9583221311775,300.9583152047892,300.95830797032943,300.9583004460599,300.95829265094466,300.9582846052988,300.9582763285836,300.95826784305973,300.95825916864663,300.95825032664777,300.9582413411557,300.95823223237005,300.95822302383374,300.958213738417,300.9582043987948,300.95819502601665,300.9581856486441,300.95817628287136,300.9581669519564,300.9581576822178,300.9581484922173,300.95813940452615,300.9581304391769,300.9581216217963,300.9581129686452,300.9581044982358,300.95809623397304,300.95808819195213,300.9580803856024,300.95807284253607,300.9580655725451,300.9580585896332,300.95805191096156,300.9580455474813
0.028284711557405504,300.9497568500128,300.9497566521112,300.94975606064475,300.9497550777218,300.94975370623365,300.94975194982203,300.94974981313396,300.9497473017798,300.9497444224262,300.9497411825281,300.9497375904169,300.94973365556604,300.94972938787134,300.94972479822553,300.9497198986912,300.9497147013237,300.9497092197663,300.94970346784595,300.94969746015414,300.94969121184215,300.94968473864316,300.94967805751406,300.9496711844976,300.9496641382831,300.94965693521715,300.949649592933,300.9496421317262,300.9496345680668,300.94962692164347,300.9496192114672,300.949611456346,300.9496036735021,300.94959588746633,300.9495881107578,300.94958036278524,300.94957266596595,300.9495650352129,300.94955748938753,300.9495500449396,300.94954272382176,300.9495355389566,300.94952850553204,300.9495216435871,300.94951496614567,300.9495084837429,300.94950222081684,300.94949618458946,300.9494903865011,300.949484841193,300.9494795573962
0.028784711557405505,300.9413743531781,300.94137418858236,300.9413736969025,300.94137287997467,300.94137174025286,300.94137028077887,300.9413685054317,300.94136641888855,300.94136402671745,300.94136133511915,300.94135835101594,300.9413550823137,300.9413515372048,300.9413477247322,300.9413436549607,300.94133933783814,300.94133478475106,300.9413300071647,300.94132501719344,300.94131982740834,300.9413144508629,300.9413089017256,300.9413031932063,300.94129734102654,300.9412913585739,300.94128526043784,300.94127906375707,300.941272781915,300.94126643139964,300.9412600280195,300.9412535873756,300.94124712352107,300.941240657623,300.9412341991745,300.94122776438866,300.9412213724324,300.941215035204,300.9412087684844,300.9412025857555,300.94119650590596,300.9411905391024,300.9411846977803,300.9411789991707,300.94117345375855,300.9411680696928,300.9411628687415,300.9411578560168,300.9411530408367,300.9411484357427,300.9411440476331
0.029284711557405505,300.9332204469447,300.9332203099897,300.9332199011177,300.93321922193684,300.93321827453684,300.9332170614616,300.93321558595227,300.9332138519113,300.9332118639945,300.9332096273617,300.933207147766,300.93320443181165,300.93320148627845,300.9331983186742,300.9331949374052,300.93319135067236,300.93318756798806,300.93318359885865,300.933179453343,300.9331751418717,300.933170675275,300.933166065406,300.9331613231265,300.9331564616909,300.9331514920357,300.93314642622653,300.93314127877585,300.93313606051316,300.9331307852671,300.93312546618904,300.93312011621896,300.93311474678677,300.9331093762493,300.9331040116108,300.93309866643017,300.93309335716447,300.9330880932222,300.9330828878255,300.933077751998,300.93307270207,300.9330677459355,300.9330628937497,300.9330581604005,300.93305355427356,300.9330490815524,300.93304476175433,300.933040598262,300.9330365986374,300.93303277366994,300.93302912874606
0.029784711557405506,300.9252844470005,300.92528433298975,300.92528399284964,300.925283427997,300.9252826402186,300.9252816316442,300.9252804049854,300.9252789635013,300.92527731108976,300.9252754520469,300.9252733911552,300.9252711339378,300.925268686003,300.9252660535848,300.92526324371187,300.92526026313664,300.9252571198152,300.9252538216286,300.9252503769299,300.92524679437383,300.9252430829457,300.9252392525751,300.92523531217773,300.92523127295607,300.9252271438171,300.925222934733,300.92521865802996,300.92521432242506,300.925209939537,300.9252055203112,300.9252010754799,300.9251966143016,300.9251921527831,300.9251876958832,300.9251832549568,300.92517884419885,300.92517447096304,300.9251701463452,300.92516587933295,300.9251616841186,300.9251575667228,300.9251535354128,300.9251496031179,300.92514577648967,300.92514206009423,300.92513847154703,300.925135012816,300.9251316900096,300.92512851245505,300.92512548429164
0.030284711557405506,300.91755643833733,300.9175563433763,300.91755606029614,300.9175555903531,300.91755493508106,300.91755409626603,300.91755307617916,300.9175518775456,300.9175505036333,300.91754895802103,300.9175472446859,300.91754536825283,300.917543333358,300.91754114517846,300.9175388095983,300.91753633216933,300.9175337195544,300.9175309782858,300.9175281153011,300.9175251377809,300.9175220531798,300.91751886982877,300.9175155950309,300.91751223828084,300.91750880680513,300.9175053088395,300.9175017548897,300.91749815192554,300.9174945097283,300.91749083741195,300.91748714387705,300.91748343658514,300.9174797295742,300.9174760261263,300.91747233576405,300.9174686707929,300.9174650368717,300.91746144332876,300.9174578974659,300.917454411686,300.9174509904673,300.9174476405142,300.91744437311706,300.9174411934954,300.91743810488623,300.91743512329367,300.9174322495311,300.9174294885047,300.91742684831917,300.9174243320868
0.030784711557405506,300.9100271987052,300.9100271195638,300.9100268838631,300.9100264927244,300.9100259474702,300.91002524960084,300.9100244010219,300.9100234040142,300.9100222613225,300.9100209759299,300.9100195511446,300.9100179908452,300.9100162988614,300.9100144794929,300.9100125376725,300.9100104779568,300.9100083059336,300.91000602701627,300.9100036469671,300.9100011717433,300.9099986075289,300.90999596132593,300.90999323910114,300.9099904489271,300.90998759663944,300.90998468903365,300.90998173509774,300.9099787403574,300.9099757130658,300.90997266081615,300.90996959098834,300.9099665095578,300.90996342891117,300.9099603509575,300.9099572836965,300.90995423785324,300.90995121768987,300.9099482310651,300.90994528388467,300.90994238705224,300.90993954377757,300.9099367594712,300.9099340440506,300.90993140155337,300.909928834126,300.90992635640345,300.9099239682594,300.9099216736061,300.90991947952506,300.9099173882834
0.0312847115574055,300.9026881317547,300.9026880657533,300.9026878694017,300.90268754370715,300.90268708981597,300.9026865089907,300.9026858028329,300.9026849732543,300.9026840225646,300.9026829532518,300.90268176806916,300.90268047027445,300.9026790630286,300.9026775499025,300.90267593503853,300.9026742221679,300.9026724159852,300.90267052097454,300.9026685419228,300.9026664837716,300.9026643516502,300.9026621514554,300.90265988804686,300.9026575683123,300.90265519693617,300.90265277951914,300.9026503237835,300.9026478340619,300.9026453173358,300.9026427799352,300.902640227978,300.90263766621064,300.9026351056324,300.9026325470308,300.9026299971392,300.90262746535916,300.9026249548033,300.90262247210717,300.9026200220217,300.9026176141916,300.9026152507856,300.9026129361432,300.90261067903,300.90260848250887,300.9026063478334,300.9026042884713,300.9026023035344,300.90260039611314,300.9025985724317,300.9025968340631
0.031784711557405504,300.8955312084396,300.8955311533549,300.8955309896895,300.89553071835445,300.89553034034844,300.8955298567363,300.8955292688668,300.8955285783449,300.8955277871182,300.8955268972637,300.89552591107326,300.8955248312887,300.89552366051583,300.8955224017208,300.89552105838845,300.8955196335658,300.8955181312045,300.8955165550176,300.8955149089817,300.89551319719544,300.89551142391247,300.8955095941102,300.89550771173083,300.8955057826743,300.8955038106729,300.89550180033626,300.8954997583296,300.8954976880009,300.89549559527285,300.8954934854261,300.8954913635305,300.89548923331733,300.8954871046178,300.89548497730584,300.8954828570617,300.89548075217664,300.8954786648181,300.8954766006042,300.89547456332986,300.89547256158164,300.8954705966744,300.8954686720625,300.8954667955427,300.8954649693753,300.8954631940842,300.8954614821386,300.89545983203516,300.8954582461854,300.8954567300944,300.89545528476503
0.032284711557405504,300.8885489154829,300.8885488694698,300.8885487329614,300.888548506787,300.888548191822,300.8885477889667,300.8885472993593,300.8885467243497,300.88854606558414,300.88854532479814,300.8885445039003,300.8885436052032,300.8885426308522,300.888541583311,300.8885404655174,300.8885392799516,300.8885380299471,300.8885367185767,300.8885353491444,300.88853392504865,300.88853244981624,300.888530927659,300.8885293617598,300.88852775719414,300.88852611690686,300.8885244446858,300.8885227463126,300.8885210243233,300.8885192837583,300.8885175290263,300.8885157643275,300.88851399255424,300.88851222255255,300.8885104534552,300.88850869006535,300.8885069397419,300.8885052038767,300.8885034872402,300.8885017928371,300.8885001283622,300.8884984944323,300.8884968937696,300.8884953333553,300.8884938147893,300.8884923380008,300.88849091460156,300.8884895425943,300.8884882238303,300.8884869632097,300.88848576126884
0.032784711557405505,300.8817342098982,300.88173417142514,300.8817340574844,300.88173386883585,300.8817336062513,300.8817332704941,300.8817328625273,300.88173238348867,300.8817318347734,300.8817312178332,300.8817305342583,300.88172978600386,300.88172897483344,300.8817281027933,300.8817271723661,300.8817261855623,300.8817251452007,300.88172405382284,300.88172291417385,300.88172172907105,300.88172050143737,300.88171923484754,300.8817179318552,300.88171659684747,300.88171523211895,300.8817138407753,300.8817124278594,300.8817109952377,300.8817095472157,300.8817080874772,300.88170661950033,300.88170514548517,300.8817036734447,300.88170220191256,300.8817007349618,300.88169927916647,300.8816978352833,300.8816964073764,300.881694997797,300.88169361348764,300.8816922544953,300.88169092293725,300.8816896251062,300.88168836205983,300.8816871332443,300.8816859495322,300.8816848085318,300.8816837116326,300.88168266322515,300.8816816634649
0.033284711557405505,300.8750804787174,300.87508044651304,300.87508035133,300.8750801938693,300.8750799748155,300.87507969481806,300.87507935469404,300.87507895540455,300.8750784981359,300.8750779841037,300.87507741463367,300.8750767913835,300.87507611579963,300.875075389582,300.8750746148339,300.875073793177,300.8750729270014,300.8750720184076,300.87507106967644,300.8750700831425,300.8750690612276,300.87506800697514,300.8750669224185,300.87506581136915,300.87506467558467,300.8750635176051,300.8750623418544,300.8750611496483,300.8750599446786,300.8750587300272,300.87505750857224,300.87505628194333,300.87505505744707,300.8750538331355,300.87505261247327,300.8750514013728,300.8750502000716,300.8750490120449,300.8750478391044,300.8750466875556,300.87504555698234,300.8750444490026,300.8750433693265,300.87504231856695,300.87504129577974,300.87504031119676,300.8750393621149,300.8750384495428,300.875037577441,300.8750367456548
0.033784711557405506,300.8685815032087,300.8685814762172,300.86858139662866,300.8685812650932,300.8685810822226,300.86858084857096,300.86858056483385,300.8685802318253,300.8685798505576,300.86857942204966,300.8685789474078,300.8685784280416,300.8685778651346,300.8685772600989,300.8685766147221,300.8685759303034,300.868575208876,300.86857445217424,300.86857366209324,300.86857284056674,300.8685719896001,300.86857111179415,300.86857020875163,300.8685692838024,300.8685683382609,300.8685673741983,300.8685663955193,300.8685654030868,300.8685644000811,300.86856338908285,300.8685623724723,300.8685613514092,300.8685603325997,300.868559313711,300.86855829770076,300.86855728992214,300.8685562901895,300.86855530148677,300.8685543251806,300.8685533670356,300.8685524262606,300.8685515040616,300.8685506056548,300.86854973128914,300.86854887970617,300.8685480605802,300.86854727096465,300.8685465115549,300.86854578594745,300.868545093736
0.034284711557405506,300.8622314269765,300.86223140432116,300.8622313377,300.86223122772003,300.86223107493095,300.8622308798077,300.8622306429446,300.86223036503316,300.86223004694017,300.86222968952154,300.8622292937008,300.8622288606807,300.86222839142704,300.8622278871123,300.8622273492613,300.8622267789063,300.86222617778293,300.8622255473215,300.8622248890966,300.86222420470915,300.8622234958187,300.86222276465656,300.8622220124698,300.86222124218455,300.8622204547501,300.8622196518489,300.8622188369494,300.86221801054336,300.86221717538325,300.8622163336331,300.8622154872596,300.8622146370363,300.862213789157,300.86221294098414,300.86221209505266,300.8622112562415,300.86221042402155,300.86220960096676,300.8622087880765,300.86220799065524,300.8622072076094,300.86220643980573,300.8622056920399,300.862204964264,300.86220425496856,300.86220357334,300.8622029162439,300.8622022841184,300.8622016802514,300.8622011040329
0.03478471155740551,300.8560247274307,300.8560247083832,300.8560246525476,300.8560245604934,300.85602443271824,300.8560242696309,300.8560240717411,300.85602383963806,300.85602357406765,300.85602327574986,300.8560229454561,300.85602258421693,300.85602219281714,300.8560217722308,300.85602132376283,300.8560208482251,300.856020347105,300.85601982158016,300.8560192729592,300.85601870256625,300.8560181117737,300.85601750250476,300.85601687571216,300.8560162339835,300.8560155779677,300.8560149090247,300.8560142302561,300.85601354184973,300.85601284620043,300.8560121451255,300.8560114402482,300.85601073202514,300.85601002621155,300.8560093199311,300.8560086153655,300.85600791699125,300.8560072240013,300.85600653862684,300.8560058615651,300.8560051977274,300.856004545778,300.8560039063044,300.85600328374335,300.85600267780563,300.8560020867825,300.85600151943146,300.856000972476,300.8560004461437,300.8559999434593,300.85599946364994
0.03528471155740551,300.84995619018576,300.8499561741411,300.8499561272786,300.8499560501352,300.84995594316445,300.8499558067199,300.84995564124046,300.8499554472305,300.8499552253345,300.8499549761593,300.84995470035,300.8499543987934,300.8499540721243,300.8499537211516,300.84995334699704,300.8499529502902,300.8499525323109,300.84995209402757,300.8499516365273,300.84995116090465,300.8499506682935,300.8499501603593,300.84994963781213,300.849949102955,300.8499485561901,300.8499479986102,300.8499474330074,300.84994685932145,300.8499462796477,300.8499456955151,300.8499451082619,300.8499445180846,300.84994393036186,300.8499433420328,300.84994275498434,300.84994217334923,300.84994159609766,300.8499410251736,300.84994046102605,300.8499399082294,300.8499393652551,300.84993883246165,300.8499383139781,300.84993780931967,300.84993731662155,300.84993684426155,300.8499363888591,300.84993595046916,300.84993553189236,300.8499351322252
0.03578471155740551,300.84402088601956,300.844020872475,300.84402083307964,300.8440207683421,300.84402067867853,300.84402056439603,300.8440204258749,300.8440202635482,300.84402007797576,300.8440198696703,300.84401963917196,300.84401938724716,300.8440191144066,300.84401882132187,300.8440185089617,300.8440181778049,300.8440178289585,300.84401746321646,300.8440170814823,300.84401668465983,300.8440162736846,300.8440158500066,300.8440154141361,300.8440149681361,300.84401451220674,300.8440140472194,300.84401357570465,300.84401309740036,300.8440126141511,300.84401212724543,300.84401163778494,300.84401114575405,300.84401065620585,300.84401016594,300.8440096765966,300.8440091920148,300.8440087109864,300.84400823521526,300.8440077649464,300.84400730446424,300.84400685208874,300.8440064079901,300.8440059760332,300.84400555557545,300.8440051446314,300.84400475124096,300.8440043719504,300.844004006674,300.84400365802003,300.8440033249821
0.03628471155740551,300.8382141500708,300.8382141386085,300.83821410542896,300.8382140510158,300.83821397575343,300.83821387991014,300.83821376381695,300.8382136278476,300.8382134724911,300.8382132981817,300.83821310537206,300.83821289472826,300.8382126666579,300.8382124217187,300.8382121607514,300.83821188411054,300.83821159275806,300.8382112873439,300.83821096861857,300.8382106373272,300.8382102942412,300.8382099406299,300.83820957683884,300.838209204729,300.83820882433486,300.83820843634476,300.8382080430674,300.8382076440776,300.83820724100883,300.8382068349498,300.8382064268055,300.8382060163875,300.8382056084671,300.8382051997406,300.83820479164183,300.8382043877576,300.83820398673856,300.83820359008723,300.8382031978817,300.8382028141555,300.83820243711097,300.8382020667645,300.8382017067524,300.838201356306,300.838201013348,300.8382006856162,300.83820036960856,300.8382000651253,300.8381997746093,300.8381994969735
0.03678471155740551,300.83253156300486,300.83253155327765,300.83253152527374,300.83253147945527,300.832531416179,300.8325313356811,300.832531238251,300.83253112421323,300.832530993997,300.8325308479716,300.8325306865168,300.83253051021455,300.83253031938733,300.8325301144979,300.8325298962801,300.83252966498577,300.83252942145594,300.8325291662205,300.832528899903,300.832528623117,300.8325283364972,300.8325280411616,300.83252773732045,300.83252742666383,300.8325271090911,300.8325267851392,300.83252645692846,300.83252612390174,300.8325257875156,300.832525448692,300.83252510817283,300.8325247656295,300.8325244255873,300.83252408466984,300.83252374413786,300.83252340736067,300.8325230728783,300.83252274202414,300.8325224147399,300.83252209484175,300.8325217804415,300.8325214714305,300.8325211712467,300.83252087902105,300.83252059260843,300.8325203194746,300.83252005609006,300.83251980216255,300.83251955999185,300.83251932842904
0.03728471155740551,300.82696893391307,300.82696892563223,300.8269689019396,300.8269688632778,300.82696880998043,300.8269687422563,300.82696866036054,300.8269685645757,300.8269684552816,300.8269683327928,300.8269681974286,300.8269680497006,300.82696788986055,300.82696771829274,300.82696753564096,300.826967342073,300.826967138328,300.8269669248367,300.8269667021169,300.826966470673,300.826966231026,300.826965984167,300.8269657301953,300.826965470656,300.8269652053388,300.8269649346552,300.82696466056524,300.8269643824061,300.82696410148503,300.82696381858545,300.82696353431334,300.8269632482271,300.8269629646369,300.82696268011796,300.8269623957857,300.826962114821,300.82696183567884,300.82696155955006,300.8269612862657,300.8269610194516,300.82696075715256,300.82696049915813,300.82696024873314,300.8269600049298,300.82695976555465,300.826959537827,300.8269593182067,300.82695910632697,300.8269589043636,300.8269587111208
0.03778471155740551,300.82152228474456,300.82152227767006,300.8215222575699,300.82152222486957,300.82152217988255,300.82152212279465,300.8215220538319,300.8215219732424,300.8215218813639,300.82152177846564,300.8215216648165,300.8215215408688,300.82152140681626,300.82152126297734,300.8215211099209,300.82152094774517,300.8215207771044,300.8215205983465,300.8215204119017,300.8215202181834,300.8215200176186,300.8215198110915,300.8215195986107,300.8215193815979,300.8215191597542,300.8215189333875,300.8215187043205,300.8215184718066,300.8215182370272,300.8215180006497,300.8215177631678,300.82151752404894,300.8215172874138,300.8215170498094,300.82151681222905,300.8215165776897,300.82151634458165,300.821516113976,300.8215158856139,300.8215156629541,300.8215154439934,300.8215152284388,300.8215150194035,300.8215148158783,300.82151461563785,300.82151442567675,300.82151424245774,300.8215140655546,300.8215138970346,300.821513735668
0.03828471155740551,300.8161878360968,300.816187830029,300.81618781292366,300.816187785191,300.8161877471269,300.8161876988981,300.81618764070606,300.81618757276976,300.81618749539183,300.8161874088035,300.8161873132318,300.8161872090793,300.8161870964915,300.8161869757324,300.8161868473079,300.8161867112591,300.8161865681687,300.8161864183163,300.81618626205903,300.81618609973515,300.8161859316932,300.81618575872756,300.8161855807725,300.81618539914507,300.81618521347457,300.8161850239837,300.81618483237725,300.8161846378424,300.8161844414542,300.81618424378354,300.81618404523067,300.8161838451909,300.81618364761664,300.81618344904314,300.8161832503611,300.81618305444385,300.81618285963435,300.81618266690236,300.8161824759165,300.8161822899885,300.8161821070819,300.81618192683777,300.81618175223514,300.8161815822185,300.8161814145433,300.81618125599846,300.81618110306033,300.8161809552556,300.8161808145567,300.8161806797097
0.03878471155740551,300.8109619942145,300.81096198898734,300.8109619743799,300.81096195078845,300.81096191849366,300.8109618776462,300.8109618284269,300.8109617710301,300.810961705729,300.81096163272315,300.8109615522044,300.81096146453365,300.81096136981665,300.8109612682722,300.8109611603529,300.8109610460533,300.810960925896,300.8109608001039,300.8109606689734,300.81096053278003,300.8109603918076,300.8109602467746,300.81096009755504,300.81095994537577,300.8109597898093,300.8109596310078,300.81095947057463,300.81095930764565,300.8109591432053,300.8109589777442,300.8109588115851,300.81095864406603,300.81095847898996,300.8109583128935,300.81095814658056,300.81095798279836,300.8109578198562,300.8109576586385,300.8109574987556,300.8109573433885,300.8109571904804,300.81095703961944,300.8109568936661,300.81095675153006,300.8109566109584,300.8109564785505,300.8109563508052,300.8109562272123,300.81095610966025,300.8109559968797
0.03928471155740551,300.8058413390674,300.8058413345427,300.8058413220198,300.8058413018822,300.80584127439744,300.8058412397022,300.8058411979604,300.80584114934555,300.80584109410574,300.80584103241415,300.8058409644335,300.8058408904893,300.80584081065473,300.8058407251108,300.80584063426534,300.8058405380751,300.80584043701157,300.8058403312509,300.805840221039,300.80584010659953,300.80583998816235,300.8058398663817,300.8058397410829,300.8058396134155,300.8058394829068,300.80583934965097,300.8058392151634,300.805839078541,300.80583894069133,300.8058388020375,300.80583866283826,300.80583852238715,300.80583838435274,300.805838245284,300.80583810591156,300.80583796887066,300.805837832449,300.80583769745795,300.80583756346203,300.80583743352526,300.8058373055807,300.8058371791749,300.80583705706215,300.8058369381273,300.8058368201179,300.80583670945765,300.80583660267484,300.8058364992307,300.80583640093926,300.8058363065227
0.03978471155740551,300.8008226133922,300.80082260945517,300.8008225986727,300.80082258141726,300.80082255794446,300.8008225283795,300.8008224928715,300.80082245157666,300.800822404722,300.8008223524583,300.80082229492405,300.80082223241527,300.8008221649778,300.8008220927615,300.8008220161364,300.80082193502835,300.80082184986605,300.80082176078656,300.8008216679939,300.8008215716687,300.8008214719961,300.8008213695758,300.800821264194,300.80082115693347,300.80082104728615,300.8008209352987,300.8008208224099,300.8008207076875,300.8008205919735,300.80082047563485,300.800820358877,300.80082024095935,300.8008201254296,300.80082000885733,300.800819891911,300.80081977712655,300.800819662779,300.800819549618,300.8008194371715,300.8008193283989,300.80081922123134,300.8008191151825,300.8008190129118,300.8008189132873,300.8008188140637,300.8008187215013,300.80081863216327,300.80081854548934,300.8008184632272,300.8008183840957
0.04028471155740551,300.79590271260105,300.7959027091559,300.7959026998279,300.7959026849788,300.7959026648541,300.7959026395691,300.79590260926034,300.7959025740696,300.7959025342057,300.79590248980094,300.7959024409736,300.7959023879944,300.7959023308869,300.7959022697752,300.7959022049972,300.79590213645383,300.79590206453724,300.79590198935256,300.79590191106877,300.7959018298308,300.7959017457868,300.7959016594901,300.7959015706955,300.7959014804281,300.79590138815223,300.79590129387583,300.79590119897057,300.7959011024834,300.7959010052002,300.79590090744085,300.7959008093667,300.7959007102115,300.7959006134134,300.79590051556926,300.79590041729483,300.795900321037,300.795900225066,300.79590013007845,300.7959000355744,300.795899944418,300.7958998545457,300.7958997654459,300.795899679692,300.79589959614185,300.7958995125633,300.79589943506363,300.79589936024524,300.7958992875319,300.79589921861157,300.79589915220475
0.04078471155740551,300.79107867546884,300.79107867243596,300.7910786643241,300.7910786514857,300.79107863415675,300.7910786124442,300.7910785864741,300.79107855637585,300.79107852234284,300.7910784844917,300.7910784429241,300.79107839788907,300.7910783493923,300.791078297536,300.791078242631,300.79107818455805,300.7910781236786,300.7910780600709,300.79107799387526,300.79107792520676,300.79107785418296,300.7910777813176,300.7910777063406,300.7910776302267,300.7910775524197,300.7910774728956,300.791077392967,300.791077311667,300.7910772297332,300.7910771474459,300.79107706493,300.7910769814009,300.7910769001961,300.7910768179459,300.791076735221,300.7910766543877,300.7910765737179,300.79107649386276,300.7910764143008,300.79107633780995,300.7910762623372,300.7910761873517,300.79107611534903,300.791076045182,300.7910759746362,300.79107590967493,300.79107584694316,300.7910757858535,300.79107572803997,300.7910756722283
0.04128471155740551,300.7863476755246,300.7863476728377,300.78634766574385,300.7863476545866,300.78634763959377,300.78634762086506,300.7863475985174,300.7863475726699,300.78634754350264,300.78634751111935,300.78634747560744,300.7863474371977,300.7863473958811,300.78634735174177,300.7863473050674,300.7863472557229,300.78634720404307,300.78634715008445,300.7863470939631,300.7863470357697,300.78634697559625,300.7863469139226,300.7863468504593,300.786346786137,300.78634672038424,300.7863466531511,300.78634658569814,300.78634651704976,300.786346447902,300.78634637850206,300.78634630894476,300.78634623843266,300.78634617021123,300.786346100948,300.78634603117507,300.7863459631862,300.7863458952594,300.7863458280069,300.78634576089144,300.7863456966119,300.7863456331299,300.7863455699009,300.78634550934896,300.78634545032656,300.78634539064024,300.78634533611785,300.78634528344907,300.7863452320393,300.7863451834736,300.78634513648575
0.04178471155740551,300.78170701307903,300.78170701068274,300.781707004442,300.7817069946917,300.7817069816523,300.7817069654175,300.7817069460964,300.7817069237991,300.78170689869455,300.7817068708755,300.7817068404174,300.7817068075357,300.781706772209,300.7817067345067,300.78170669469665,300.781706652631,300.7817066086222,300.78170656270856,300.78170651498607,300.7817064655252,300.7817064143968,300.7817063620517,300.7817063081854,300.78170625368966,300.7817061979824,300.7817061409926,300.78170608393447,300.7817060258285,300.78170596733435,300.78170590867165,300.7817058499101,300.7817057902445,300.7817057328352,300.78170567439014,300.7817056154085,300.7817055581175,300.7817055008057,300.78170544405157,300.7817053873064,300.78170533319644,300.7817052797015,300.7817052262675,300.7817051752527,300.78170512551264,300.7817050748779,300.7817050290477,300.78170498475856,300.7817049414118,300.7817049005474,300.78170486090966
0.04228471155740551,300.7771541078298,300.77715410567816,300.77715410015304,300.7771540915814,300.77715408017707,300.7771540660283,300.77715404923765,300.77715402990765,300.7771540081974,300.7771539841905,300.7771539579526,300.7771539296856,300.7771538993584,300.777153867028,300.7771538329452,300.77715379695235,300.7771537593425,300.77715372013915,300.77715367942153,300.77715363724326,300.7771535936579,300.77715354909105,300.77715350322694,300.7771534569228,300.7771534095897,300.77715336113965,300.7771533127452,300.7771532634265,300.7771532138119,300.77715316409746,300.7771531143324,300.7771530637075,300.7771530153039,300.7771529658727,300.7771529158846,300.7771528675057,300.77715281903846,300.77715277103187,300.7771527229296,300.7771526772907,300.7771526321159,300.77715258684486,300.777152543775,300.7771525017682,300.7771524586807,300.77715242008964,300.77715238277983,300.7771523461507,300.77715231170106,300.7771522781875
0.042784711557405514,300.77268649199243,300.77268649004714,300.77268648512313,300.77268647754,300.77268646750554,300.77268645510327,300.77268644043016,300.7726864235821,300.77268640470993,300.77268638388915,300.77268636117753,300.77268633676516,300.7726863106132,300.7726862827683,300.77268625346653,300.7726862225428,300.77268619027336,300.77268615666947,300.7726861217966,300.77268608569443,300.77268604840214,300.7726860103236,300.7726859711345,300.77268593166156,300.7726858913119,300.7726858499838,300.77268580881264,300.7726857668209,300.7726857246096,300.77268568235485,300.7726856400892,300.77268559700224,300.77268555610146,300.77268551418285,300.7726854716924,300.7726854307399,300.772685389644,300.77268534892823,300.77268530803155,300.77268526945045,300.77268523120875,300.77268519274276,300.77268515629333,300.77268512073056,300.7726850839384,300.7726850513778,300.7726850198821,300.77268498885115,300.7726849597459,300.77268493133636
0.043284711557405514,300.76830180391005,300.7683018021391,300.7683017977208,300.76830179096794,300.7683017820824,300.76830177114397,300.76830175824455,300.7683017434744,300.7683017269769,300.7683017088214,300.7683016890584,300.76830166786806,300.7683016452051,300.76830162110775,300.7683015957996,300.76830156910955,300.7683015412995,300.76830151237067,300.76830148237707,300.7683014513468,300.7683014193073,300.7683013866433,300.7683013530249,300.76830131925095,300.7683012847274,300.7683012493416,300.7683012141949,300.76830117831497,300.76830114227835,300.7683011062447,300.76830107023244,300.7683010334329,300.76830099878447,300.7683009631292,300.7683009268916,300.76830089212916,300.76830085717876,300.7683008225415,300.76830078765437,300.76830075495513,300.7683007224925,300.7683006897014,300.76830065877016,300.7683006285788,300.7683005970402,300.76830056950405,300.76830054285284,300.7683005164889,300.7683004918372,300.768300467683
0.043784711557405515,300.76399778210094,300.76399778047767,300.7639977764856,300.76399777043093,300.76399776251054,300.76399775280044,300.7639977413884,300.76399772835964,300.7639977138514,300.7639976979271,300.76399768063163,300.76399766213666,300.7639976423916,300.7639976214276,300.76399759945735,300.7639975763056,300.76399755222155,300.7639975271983,300.7639975012803,300.76399747448625,300.7639974468336,300.7639974186907,300.7639973897235,300.7639973607064,300.76399733104563,300.76399730062013,300.7639972705002,300.76399723972077,300.7639972088363,300.76399717799285,300.7639971471972,300.7639971156444,300.76399708620767,300.7639970557761,300.7639970247552,300.76399699515395,300.7639969653289,300.7639969357614,300.7639969058883,300.7639968780923,300.76399685044817,300.7639968223916,300.7639967960612,300.7639967703486,300.7639967431965,300.7639967198477,300.76399669723435,300.7639966747621,300.76399665382274,300.76399663321735
0.044284711557405515,300.7597722597072,300.7597722582093,300.75977225457734,300.759772249111,300.7597722420023,300.75977223332444,300.7597722231611,300.7597722115936,300.7597721987533,300.759772184699,300.7597721694707,300.7597721532324,300.7597721359297,300.7597721175878,300.75977209840954,300.75977207821705,300.75977205724854,300.7597720354903,300.75977201297883,300.7597719897251,300.7597719657386,300.75977194137283,300.7597719162918,300.7597718912471,300.7597718656473,300.75977183936476,300.7597718134413,300.7597717869203,300.759771760337,300.7597717338257,300.75977170738355,300.7597716802112,300.7597716551202,300.7597716290469,300.75977160238057,300.75977157708417,300.7597715515354,300.75977152619794,300.75977150051034,300.7597714768032,300.75977145317825,300.75977142907334,300.75977140658034,300.75977138460365,300.7597713611161,300.7597713412581,300.75977132201115,300.75977130278545,300.7597712849416,300.75977126729714
0.044784711557405515,300.7556231593113,300.75562315792024,300.755623154593,300.7556231496233,300.75562314319876,300.75562313538956,300.7556231262763,300.7556231159365,300.75562310449664,300.75562309201143,300.75562307851675,300.75562306417,300.7556230489135,300.75562303276763,300.7556230159271,300.7556229982118,300.7556229798504,300.75562296082376,300.75562294116185,300.7556229208692,300.7556228999487,300.7556228787408,300.75562285690876,300.75562283518354,300.7556228129772,300.7556227901572,300.75562276773894,300.7556227447755,300.755622721785,300.75562269889156,300.7556226760846,300.75562265257156,300.7556226311054,300.7556226086702,300.7556225856405,300.7556225639363,300.75562254195705,300.7556225201507,300.7556224979588,300.75562247766277,300.7556224573916,300.75562243658675,300.75562241729574,300.7556223984365,300.75562237801256,300.75562236106555,300.7556223446262,300.75562232811006,300.7556223128484,300.7556222976753
0.045284711557405516,300.751548488091,300.75154848679125,300.7515484837227,300.7515484791732,300.7515484733262,300.75154846624946,300.7515484580207,300.7515484487142,300.7515484384518,300.7515484272849,300.751548415246,300.7515484024865,300.75154838894633,300.75154837464197,300.7515483597605,300.7515483441209,300.7515483279433,300.75154831120426,300.75154829392807,300.75154827611414,300.7515482577599,300.7515482391942,300.7515482200807,300.75154820113136,300.7515481817628,300.7515481618387,300.7515481423501,300.7515481223608,300.7515481023734,300.751548082503,300.75154806273326,300.7515480422792,300.7515480238378,300.75154800444113,300.7515479844505,300.75154796574515,300.75154794674705,300.75154792789004,300.7515479086195,300.7515478911703,300.7515478736991,300.7515478556519,300.75154783903383,300.75154782277735,300.7515478049166,300.7515477903981,300.7515477763011,300.75154776204755,300.7515477489406,300.7515477358316
0.045784711557405516,300.74754633328587,300.74754633206453,300.7475463292161,300.74754632502305,300.7475463196649,300.74754631320707,300.74754630572465,300.7475462972892,300.7475462880186,300.74754627796113,300.7475462671465,300.7475462557208,300.74754624362225,300.7475462308639,300.7475462176263,300.74754620372806,300.74754618938164,300.74754617456017,300.74754615928333,300.74754614354646,300.74754612734233,300.74754611098956,300.74754609415277,300.74754607752664,300.74754606053307,300.7475460430331,300.74754602599506,300.7475460084941,300.7475459910185,300.7475459736762,300.7475459564457,300.7475459385506,300.74754592263463,300.74754590577726,300.7475458883281,300.74754587212766,300.74754585562096,300.74754583922885,300.74754582240166,300.7475458073295,300.7475457921972,300.7475457764558,300.7475457620705,300.74754574798817,300.74754573227386,300.7475457197821,300.7475457076403,300.7475456952772,300.7475456839692,300.74754567258503
0.04628471155740552,300.74361485795197,300.7436148567982,300.74361485413783,300.74361485024804,300.74361484530453,300.74361483937093,300.7436148325198,300.74361482482027,300.7436148163865,300.74361480726446,300.74361479748114,300.74361478717805,300.74361477629213,300.74361476483364,300.7436147529772,300.7436147405417,300.7436147277328,300.7436147145208,300.7436147009217,300.7436146869271,300.7436146725265,300.74361465802895,300.74361464310095,300.743614628421,300.74361461341704,300.7436145979483,300.74361458296175,300.7436145675445,300.7436145521719,300.7436145369454,300.7436145218395,300.74361450608706,300.7436144922807,300.743614477547,300.7436144622249,300.74361444811825,300.743614433695,300.74361441936446,300.7436144045825,300.7436143914964,300.743614378319,300.7436143645074,300.7436143519881,300.7436143397232,300.74361432580827,300.7436143150088,300.7436143045,300.7436142937173,300.7436142839121,300.74361427397037
0.04678471155740552,300.739752296982,300.73975229588655,300.7397522933875,300.73975228975655,300.7397522851659,300.7397522796774,300.73975227336166,300.73975226628517,300.7397522585592,300.7397522502274,300.7397522413146,300.73975223195805,300.7397522220939,300.7397522117302,300.739752201036,300.73975218983117,300.7397521783151,300.7397521664558,300.7397521542662,300.7397521417353,300.73975212884955,300.73975211590914,300.7397521025836,300.73975208953584,300.7397520762005,300.73975206243574,300.7397520491683,300.7397520354978,300.7397520218875,300.7397520084335,300.739751995107,300.73975198115045,300.7397519691075,300.7397519561513,300.7397519426113,300.7397519302559,300.73975191757654,300.7397519049717,300.7397518919033,300.73975188047757,300.73975186893557,300.7397518567403,300.73975184578194,300.7397518350372,300.73975182263257,300.73975181324704,300.7397518041027,300.73975179464253,300.7397517860935,300.73975177735895
0.04728471155740552,300.73595695337156,300.735956952327,300.73595694996663,300.7359569465574,300.735956942268,300.7359569371588,300.7359569312981,300.7359569247508,300.73595691762495,300.7359569099622,300.73595690178587,300.7359568932291,300.73595688422773,300.7359568747877,300.73595686507343,300.7359568549058,300.73595684447855,300.7359568337581,300.7359568227549,300.73595681145525,300.73595679984356,300.73595678821226,300.7359567762337,300.73595676455653,300.73595675262237,300.735956740289,300.7359567284639,300.7359567162594,300.73595670412783,300.73595669216036,300.7359566803255,300.73595666787605,300.73595665730824,300.73595664584127,300.7359566337959,300.73595662290677,300.7359566116884,300.73595660052945,300.7359565888984,300.73595657886204,300.7359565686891,300.7359565578495,300.7359565481976,300.73595653872576,300.7359565275904,300.73595651938706,300.7359565113837,300.73595650303116,300.73595649553295,300.73595648780974
0.04778471155740552,300.7322271947143,300.73222719371427,300.73222719147384,300.73222718825537,300.7322271842241,300.73222717943895,300.73222717396663,300.7322271678699,300.7322271612543,300.7322271541597,300.73222714660795,300.7322271387286,300.7322271304573,300.7322271217985,300.73222711291197,300.7322271036203,300.7322270941119,300.732227084352,300.73222707434877,300.732227064087,300.7322270535489,300.73222704301986,300.7322270321755,300.73222702165106,300.73222701089526,300.732226999766,300.7322269891527,300.73222697818045,300.73222696729107,300.73222695657176,300.73222694598917,300.73222693480625,300.73222692547347,300.73222691525575,300.7322269044655,300.732226894805,300.73222688481206,300.732226874866,300.7322268644422,300.73222685556937,300.7322268465439,300.7322268368424,300.7322268282854,300.73222681988034,300.7322268098136,300.7322268025993,300.73222679555096,300.732226788127,300.73222678150864,300.73222677463355
0.04828471155740552,300.7285614499086,300.7285614489477,300.72856144681157,300.7285614437577,300.72856143994863,300.7285614354416,300.7285614303017,300.72856142459,300.72856141840964,300.728561411799,300.72856140477836,300.72856139747444,300.72856138982263,300.728561381826,300.72856137364056,300.7285613650903,300.72856135635914,300.7285613474111,300.72856133825275,300.72856132886733,300.7285613192358,300.7285613096365,300.72856129974906,300.72856129019567,300.7285612804326,300.7285612703181,300.72856126072446,300.72856125078954,300.72856124094545,300.728561231276,300.72856122174596,300.72856121162897,300.72856120333137,300.7285611941628,300.7285611844282,300.72856117579863,300.72856116683477,300.7285611579076,300.7285611484993,300.7285611406019,300.7285611325391,300.7285611237948,300.72856111615624,300.7285611086463,300.7285610994809,300.72856109309487,300.7285610868465,300.728561080202,300.7285610743211,300.7285610681583
0.04878471155740552,300.72495820606133,300.72495820513495,300.72495820308995,300.7249582001791,300.7249581965619,300.72495819229454,300.7249581874404,300.7249581820591,300.72495817625133,300.72495817005415,300.724958163487,300.72495815667315,300.7249581495484,300.7249581421149,300.72495813452474,300.72495812660367,300.7249581185314,300.72495811027136,300.72495810182846,300.7249580931849,300.72495808432046,300.72495807550735,300.7249580664289,300.7249580576951,300.7249580487701,300.72495803951267,300.7249580307784,300.72495802171835,300.72495801275556,300.72495800397036,300.72495799532663,300.72495798610856,300.7249579786796,300.7249579703935,300.72495796154834,300.72495795378484,300.7249579456866,300.7249579376165,300.724957929064,300.7249579219854,300.7249579147315,300.7249579067934,300.7249578999264,300.7249578931686,300.7249578847649,300.7249578790734,300.7249578734959,300.7249578675067,300.72495786224454,300.72495785668076
0.04928471155740552,300.7214160055748,300.7214160046793,300.7214160027143,300.7214159999283,300.7214159964779,300.72141599241786,300.7214159878104,300.7214159827137,300.72141597722623,300.72141597138375,300.7214159652048,300.72141595881,300.7214159521354,300.7214159451821,300.7214159380989,300.7214159307136,300.72141592320173,300.72141591552617,300.7214159076908,300.7214158996769,300.7214158914634,300.7214158833165,300.7214158749237,300.7214158668835,300.72141585866734,300.7214158501353,300.72141584212704,300.7214158338066,300.72141582558817,300.72141581754954,300.7214158096534,300.72141580119495,300.7214157944959,300.7214157869534,300.7214157788591,300.72141577182447,300.72141576445546,300.7214157571077,300.72141574927775,300.72141574288753,300.72141573631427,300.7214157290566,300.7214157228387,300.721415716714,300.72141570895565,300.7214157038471,300.72141569883297,300.7214156933956,300.72141568865334,300.7214156835942
0.04978471155740552,300.71793344340534,300.7179334425375,300.71793344064315,300.71793343796674,300.7179334346619,300.71793343078235,300.717933426389,300.7179334215386,300.7179334163276,300.71793341079075,300.7179334049457,300.71793339891053,300.71793339262166,300.71793338607955,300.71793337942967,300.7179333725019,300.717933365468,300.7179333582908,300.7179333509729,300.7179333434951,300.71793333583537,300.71793332825484,300.7179333204449,300.7179333129929,300.7179333053781,300.71793329746174,300.7179332900682,300.71793328237436,300.7179332747863,300.7179332673792,300.7179332601152,300.7179332523002,300.71793324621547,300.71793323930086,300.71793323184187,300.7179332254216,300.7179332186684,300.71793321193064,300.71793320471227,300.71793319890156,300.7179331929022,300.7179331862201,300.7179331805494,300.71793317495826,300.71793316774836,300.7179331631298,300.71793315858963,300.7179331536177,300.71793314931307,300.71793314467993
0.05028471155740552,300.7145091644805,300.71450916363756,300.7145091618062,300.7145091592265,300.7145091560495,300.7145091523279,300.7145091481212,300.71450914348503,300.7145091385139,300.7145091332417,300.7145091276851,300.71450912195985,300.7145091160029,300.7145091098142,300.71450910353605,300.71450909700064,300.71450909037617,300.7145090836251,300.7145090767495,300.71450906972956,300.7145090625429,300.7145090554452,300.71450904813236,300.71450904118075,300.71450903407754,300.7145090266854,300.71450901981376,300.71450901265234,300.7145090055995,300.71450899872804,300.714508992,300.7145089847315,300.71450897916475,300.7145089727816,300.71450896586157,300.7145089599604,300.7145089537283,300.71450894750683,300.7145089408074,300.71450893548564,300.71450892997115,300.7145089237771,300.7145089185685,300.7145089134284,300.714508906686,300.71450890248,300.714508898339,300.7145088937607,300.7145088898251,300.7145088855524
0.05078471155740552,300.7111418612654,300.7111418604451,300.7111418586701,300.7111418561763,300.7111418531123,300.71114184952967,300.71114184548674,300.71114184103806,300.71114183627617,300.71114183123404,300.71114182592794,300.711141820471,300.7111418148012,300.71114180891755,300.7111418029598,300.7111417967622,300.71114179048965,300.7111417841047,300.7111417776087,300.7111417709813,300.71114176420014,300.7111417575157,300.71114175062814,300.7111417441037,300.71114173743723,300.7111417304928,300.7111417240657,300.71114171735815,300.7111417107612,300.7111417043456,300.711141698073,300.71114169127014,300.7111416861413,300.7111416802091,300.71114167374765,300.711141668286,300.71114166249606,300.71114165671287,300.7111416504551,300.71114164554683,300.711141640443,300.7111416346641,300.7111416298468,300.71114162508866,300.711141618746,300.71114161488816,300.7111416110842,300.7111416068396,300.7111416032157,300.71114159924883
0.05128471155740552,300.70783027146837,300.70783027066875,300.7078302689445,300.70783026652765,300.7078302635641,300.7078302601045,300.7078302562061,300.7078302519223,300.70783024734396,300.70783024250323,300.7078302374157,300.7078302321926,300.70783022677205,300.70783022115313,300.70783021547277,300.70783020956753,300.707830203599,300.7078301975298,300.7078301913608,300.70783018507166,300.7078301786394,300.7078301723101,300.70783016578815,300.7078301596297,300.70783015333745,300.7078301467769,300.7078301407297,300.7078301344105,300.70783012820317,300.70783012217663,300.7078301162925,300.70783010988794,300.70783010513003,300.70783009958166,300.7078300935118,300.7078300884234,300.7078300830098,300.70783007759974,300.7078300717192,300.7078300671614,300.7078300624063,300.7078300569817,300.70783005249666,300.70783004806293,300.7078300420637,300.7078300385003,300.70783003498144,300.7078300310205,300.70783002766075,300.70783002395405
0.05178471155740552,300.7045731758764,300.7045731750959,300.70457317341777,300.70457317107014,300.70457316819653,300.7045731648466,300.70457316107655,300.70457315693875,300.70457315252236,300.7045731478588,300.7045731429632,300.7045731379447,300.7045731327421,300.70457312735414,300.7045731219152,300.7045731162641,300.7045731105594,300.70457310476405,300.7045730988783,300.70457309288173,300.70457308675134,300.70457308072844,300.70457307452205,300.7045730686786,300.7045730627083,300.7045730564784,300.7045730507572,300.70457304477156,300.7045730388986,300.7045730332055,300.7045730276539,300.7045730215913,300.7045730171485,300.704573011928,300.7045730061938,300.70457300142346,300.7045729963312,300.70457299123984,300.70457298568266,300.704572981423,300.704572976965,300.70457297184396,300.7045729676418,300.70457296348457,300.7045729577814,300.70457295446766,300.7045729511908,300.70457294747183,300.7045729443366,300.70457294085196
0.05228471155740552,300.7013693963129,300.70136939555005,300.701369393914,300.7013693916291,300.70136938883644,300.70136938558494,300.7013693819297,300.701369377922,300.7013693736495,300.70136936914287,300.70136936441685,300.70136935957845,300.7013693545674,300.7013693493821,300.7013693441544,300.7013693387256,300.70136933325125,300.7013693276945,300.7013693220553,300.70136931631316,300.70136931044516,300.70136930468817,300.70136929875554,300.7013692931843,300.70136928749235,300.70136928154875,300.7013692761084,300.7013692704106,300.7013692648259,300.7013692594197,300.7013692541539,300.7013692483862,300.70136924421206,300.7013692392727,300.7013692338274,300.70136922932886,300.7013692245122,300.7013692196943,300.7013692144156,300.7013692104101,300.70136920620627,300.7013692013463,300.70136919738593,300.70136919346515,300.70136918801876,300.70136918491727,300.70136918184636,300.7013691783345,300.70136917539054,300.70136917209635
0.05278471155740552,300.6982177937086,300.69821779296217,300.6982177913648,300.69821778913723,300.6982177864181,300.69821778325553,300.69821777970355,300.6982177758126,300.69821777166874,300.698217767302,300.6982177627267,300.69821775804803,300.6982177532063,300.69821774819997,300.6982177431583,300.698217737925,300.69821773265284,300.6982177273053,300.698217721882,300.6982177163624,300.6982177107237,300.69821770519866,300.6982176995048,300.6982176941702,300.6982176887201,300.69821768302535,300.6982176778283,300.6982176723803,300.69821766704507,300.698217661887,300.69821765686805,300.69821765135595,300.69821764741164,300.6982176427145,300.6982176375189,300.6982176332538,300.69821762867434,300.698217624092,300.6982176190542,300.69821761526657,300.6982176112808,300.6982176066465,300.69821760289364,300.6982175991759,300.69821759395325,300.69821759103286,300.6982175881378,300.6982175848042,300.6982175820238,300.6982175788935
0.05328471155740552,300.69511726628065,300.6951172655497,300.6951172639881,300.6951172618132,300.69511725916124,300.69511725607947,300.6951172526211,300.69511724883563,300.69511724480753,300.69511724056645,300.69511723612607,300.6951172315898,300.6951172268989,300.6951172220516,300.69511721717487,300.6951172121146,300.695117207021,300.69511720185795,300.6951171966247,300.69511719130105,300.6951171858641,300.6951171805424,300.69511717505816,300.69511716993026,300.6951171646915,300.69511715921453,300.69511715422925,300.6951171489989,300.6951171438811,300.69511713893866,300.6951171341339,300.6951171288446,300.6951171250978,300.69511712061006,300.6951171156317,300.6951171115679,300.69511710719377,300.6951171028153,300.6951170979871,300.69511709438666,300.69511709058906,300.69511708615073,300.69511708257676,300.69511707903416,300.6951170740076,300.6951170712424,300.6951170684982,300.69511706531836,300.69511706267855,300.69511705968995
0.05378471155740552,300.6920667478115,300.69206674709505,300.6920667455669,300.69206674344053,300.6920667408504,300.69206673784265,300.69206673446973,300.69206673078014,300.6920667268571,300.69206672272935,300.6920667184107,300.6920667140024,300.69206670944664,300.69206670474153,300.6920667000119,300.69206669510584,300.69206669017115,300.6920666851718,300.69206668010725,300.69206667495695,300.6920666696985,300.6920666645565,300.6920666592572,300.692066654311,300.69206664925804,300.69206664397274,300.69206663917294,300.69206663413354,300.69206662920607,300.6920666244521,300.69206661983435,300.69206661474016,300.69206661116385,300.6920666068585,300.69206660207,300.69206659818065,300.69206659398503,300.69206658978396,300.6920665851391,300.6920665817005,300.6920665780659,300.6920665737989,300.69206657037984,300.692066566989,300.6920665621355,300.6920665595037,300.6920665568895,300.69206655384323,300.6920665513248,300.69206654845937
0.054284711557405524,300.6890652060218,300.689065205319,300.6890652038221,300.68906520174113,300.6890651992081,300.6890651962686,300.6890651929741,300.6890651893724,300.68906518554513,300.6890651815206,300.6890651773123,300.6890651730198,300.68906516858607,300.68906516400904,300.6890651594115,300.68906515464397,300.6890651498514,300.6890651449985,300.6890651400843,300.6890651350887,300.6890651299892,300.68906512500683,300.6890651198719,300.6890651150866,300.689065110198,300.6890651050825,300.6890651004461,300.68906509557524,300.68906509081546,300.6890650862273,300.68906508177366,300.68906507685165,300.68906507342325,300.6890650692775,300.6890650646559,300.6890650609186,300.6890650568792,300.6890650528335,300.6890650483499,300.6890650450518,300.6890650415594,300.6890650374429,300.6890650341587,300.68906503090034,300.6890650262003,300.6890650236839,300.68906502118216,300.68906501825256,300.6890650158393,300.6890650130816
0.054784711557405524,300.686111641032,300.68611164034235,300.68611163887476,300.68611163683624,300.6861116343564,300.68611163148023,300.6861116282583,300.6861116247376,300.6861116209983,300.6861116170685,300.686111612961,300.6861116087739,300.6861116044511,300.6861115999903,300.6861115955122,300.68611159086976,300.6861115862054,300.6861115814843,300.68611157670523,300.68611157184847,300.6861115668916,300.686111562052,300.68611155706424,300.6861115524221,300.68611154767996,300.6861115427158,300.68611153822445,300.68611153350327,300.68611152889235,300.6861115244508,300.6861115201422,300.68611151537306,300.68611151207375,300.68611150806845,300.6861115035947,300.6861114999907,300.68611149608876,300.68611149217986,300.6861114878391,300.6861114846638,300.686111481296,300.68611147731264,300.68611147414674,300.68611147100444,300.6861114664416,300.68611146402543,300.68611146162164,300.6861114587944,300.686111456473,300.68611145381004
0.055284711557405525,300.6832050839077,300.68320508323046,300.68320508179073,300.683205079792,300.68320507736206,300.68320507454496,300.6832050713906,300.683205067945,300.6832050642872,300.6832050604446,300.68320505643,300.6832050523396,300.6832050481182,300.68320504376356,300.6832050393944,300.68320503486575,300.68320503031777,300.683205025716,300.6832050210594,300.68320501632803,300.68320501150004,300.6832050067892,300.68320500193397,300.6832049974203,300.68320499280946,300.6832049879813,300.68320498361936,300.6832049790321,300.6832049745541,300.68320497024325,300.6832049660637,300.68320496143116,300.68320495824514,300.6832049543644,300.6832049500224,300.68320494653597,300.6832049427559,300.6832049389683,300.68320493475494,300.68320493168756,300.6832049284297,300.68320492456485,300.68320492150315,300.6832049184633,300.6832049140239,300.6832049116955,300.68320490937737,300.6832049066407,300.68320490439976,300.68320490182083
0.055784711557405525,300.68034459528184,300.6803445946166,300.68034459320324,300.68034459124226,300.6803445888593,300.68034458609776,300.6803445830065,300.680344579631,300.68034457604904,300.6803445722875,300.68034456835875,300.6803445643577,300.68034456022986,300.6803445559729,300.6803445517035,300.6803445472791,300.68034454283753,300.6803445383449,300.68034453379977,300.6803445291827,300.68034452447193,300.6803445198778,300.6803445151429,300.6803445107453,300.68034450625305,300.6803445015479,300.68034449730237,300.68034449283573,300.68034448847726,300.6803444842838,300.68034448021984,300.6803444757102,300.68034447262437,300.6803444688547,300.68034446463093,300.6803444612489,300.68034445757746,300.6803444538983,300.6803444497993,300.6803444468274,300.68034444366714,300.6803444399087,300.68034443693955,300.6803444339906,300.68034442966325,300.6803444274119,300.6803444251692,300.6803444225132,300.6803444203435,300.6803444178393
0.056284711557405526,300.67752926405205,300.67752926339824,300.67752926201024,300.67752926008507,300.6775292577466,300.6775292550373,300.6775292520057,300.67752924869603,300.67752924518504,300.6775292414991,300.6775292376505,300.67752923373246,300.67752922969134,300.6775292255247,300.67752922134764,300.67752921701947,300.67752921267584,300.6775292082833,300.67752920384055,300.67752919932826,300.67752919472497,300.6775291902375,300.67752918561257,300.67752918132044,300.6775291769362,300.67752917234304,300.67752916820297,300.67752916384586,300.6775291595956,300.6775291555083,300.67752915154847,300.6775291471504,300.67752914415365,300.6775291404838,300.67752913636696,300.6775291330784,300.6775291295046,300.67752912592266,300.6775291219272,300.6775291190404,300.67752911596756,300.6775291123051,300.67752910941863,300.6775291065511,300.6775291023258,300.6775291001428,300.6775290979671,300.6775290953833,300.6775290932769,300.67752909083987
0.056784711557405526,300.674758206146,300.6747582055033,300.67475820413944,300.67475820224854,300.6747581999523,300.6747581972927,300.6747581943173,300.6747581910699,300.67475818762574,300.6747581840109,300.67475818023735,300.67475817639695,300.6747581724367,300.6747581683544,300.674758164263,300.6747581600242,300.67475815577137,300.67475815147156,300.6747581471234,300.6747581427078,300.67475813820363,300.6747581338144,300.6747581292906,300.6747581250953,300.6747581208099,300.6747581163195,300.6747581122756,300.6747581080186,300.67475810386713,300.67475809987627,300.6747580960113,300.67475809171503,300.67475808879806,300.6747580852186,300.67475808119923,300.67475807799474,300.6747580745093,300.67475807101556,300.67475806711434,300.6747580643039,300.6747580613097,300.6747580577346,300.67475805492256,300.6747580521285,300.6747580479971,300.67475804587497,300.6747580437591,300.6747580412405,300.67475803919075,300.6747580368146
0.05728471155740553,300.6720305633525,300.67203056272047,300.67203056137987,300.6720305595217,300.6720305572659,300.6720305546537,300.6720305517317,300.6720305485433,300.67203054516244,300.6720305416148,300.67203053791206,300.67203053414465,300.67203053026043,300.67203052625706,300.6720305222458,300.67203051809054,300.6720305139224,300.6720305097089,300.67203050544873,300.67203050112306,300.6720304967109,300.67203049241266,300.6720304879826,300.67203048387654,300.67203047968235,300.67203047528693,300.67203047133137,300.6720304671665,300.67203046310584,300.6720304592035,300.6720304554252,300.67203045122255,300.67203044837765,300.6720304448807,300.6720304409505,300.67203043782234,300.67203043441754,300.67203043100426,300.67203042718944,300.672030424448,300.6720304215252,300.6720304180302,300.6720304152857,300.6720304125581,300.67203040851365,300.6720304064462,300.67203040438415,300.672030401925,300.67203039992626,300.6720303976055
0.05778471155740553,300.6693455022139,300.66934550159226,300.66934550027406,300.66934549844746,300.66934549623033,300.6693454936634,300.6693454907925,300.6693454876603,300.6693454843397,300.6693454808557,300.66934547722013,300.66934547352173,300.66934546970924,300.66934546578034,300.66934546184456,300.6693454577677,300.66934545367906,300.6693454495465,300.6693454453687,300.669345441127,300.66934543680094,300.66934543258753,300.669345428245,300.6693454242218,300.66934542011234,300.66934541580514,300.6693454119314,300.6693454078519,300.6693454038752,300.6693454000545,300.6693453963562,300.6693453922403,300.6693453894609,300.66934538603965,300.66934538219186,300.6693453791335,300.66934537580266,300.6693453724632,300.6693453687284,300.66934536604975,300.66934536319235,300.66934535977106,300.6693453570882,300.6693453544216,300.66934535045806,300.66934534844006,300.66934534642684,300.669345344022,300.6693453420698,300.6693453397998
0.05828471155740553,300.6667022129764,300.66670221236484,300.66670221106835,300.66670220927205,300.6667022070922,300.66670220456876,300.66670220174683,300.6667021986684,300.66670219540526,300.66670219198215,300.6667021884104,300.66670218477753,300.66670218103314,300.6667021771749,300.66670217331045,300.66670216930777,300.66670216529405,300.66670216123777,300.6667021571375,300.6667021529749,300.6667021487297,300.6667021445959,300.6667021403354,300.6667021363897,300.66670213235943,300.6667021281349,300.66670212433723,300.6667021203374,300.6667021164389,300.6667021126942,300.6667021090701,300.6667021050349,300.66670210231564,300.66670209896444,300.6667020951933,300.6667020921992,300.6667020889367,300.66670208566563,300.6667020820051,300.6667020793841,300.6667020765868,300.6667020732341,300.6667020706079,300.66670206799745,300.66670206410976,300.66670206213695,300.6667020601683,300.6667020578135,300.6667020559039,300.6667020536808
0.05878471155740553,300.66409990859455,300.66409990799275,300.66409990671735,300.66409990495043,300.66409990280647,300.66409990032486,300.6640998975501,300.6640998945234,300.66409989131535,300.66409988795044,300.66409988443974,300.66409988086957,300.66409987719004,300.664099873399,300.6640998696023,300.6640998656701,300.66409986172755,300.6640998577435,300.66409985371666,300.6640998496289,300.6640998454601,300.6640998414015,300.6640998372184,300.6640998333455,300.6640998293898,300.664099825243,300.66409982151674,300.6640998175915,300.66409981376637,300.6640998100928,300.66409980653805,300.66409980257856,300.6640997999147,300.66409979662865,300.6640997929292,300.6640997899948,300.66409978679593,300.66409978358854,300.6640997799975,300.6640997774298,300.6640997746882,300.6640997713996,300.6640997688261,300.66409976626755,300.6640997624513,300.66409976051995,300.6640997585923,300.66409975628414,300.6640997544137,300.6640997522343
0.05928471155740553,300.6615378237878,300.66153782319554,300.6615378219405,300.66153782020206,300.66153781809294,300.66153781565174,300.66153781292235,300.66153780994546,300.66153780679053,300.6615378034815,300.6615378000295,300.6615377965193,300.6615377929019,300.6615377891751,300.6615377854433,300.66153778157826,300.66153777770353,300.6615377737883,300.6615377698312,300.66153776581456,300.6615377617185,300.661537757731,300.6615377536214,300.6615377498175,300.6615377459321,300.661537741859,300.6615377382,300.6615377343453,300.6615377305893,300.6615377269826,300.661537723493,300.661537719605,300.6615377169926,300.66153771376764,300.66153771013575,300.6615377072569,300.6615377041177,300.6615377009699,300.66153769744443,300.66153769492615,300.66153769223666,300.66153768900836,300.6615376864838,300.66153768397396,300.6615376802255,300.66153767833237,300.66153767644266,300.6615376741781,300.6615376723441,300.6615376702056
0.05978471155740553,300.65901521414474,300.65901521356176,300.6590152123266,300.6590152106158,300.6590152085403,300.65901520613835,300.659015203453,300.6590152005242,300.6590151974205,300.6590151941654,300.65901519076994,300.65901518731744,300.6590151837598,300.65901518009457,300.65901517642476,300.6590151726243,300.65901516881445,300.659015164965,300.6590151610747,300.6590151571259,300.6590151530992,300.6590151491796,300.6590151451401,300.6590151414016,300.65901513758325,300.65901513358006,300.6590151299849,300.6590151261971,300.6590151225066,300.6590151189632,300.6590151155352,300.659015111715,300.65901510915074,300.6590151059834,300.6590151024153,300.6590150995888,300.6590150965058,300.65901509341427,300.65901508995074,300.6590150874789,300.6590150848383,300.659015081667,300.6590150791885,300.65901507672424,300.6590150730403,300.65901507118286,300.6590150693286,300.659015067105,300.6590150653051,300.659015063205
0.06028471155740553,300.6565313552738,300.6565313546999,300.656531353484,300.6565313518002,300.6565313497575,300.6565313473936,300.6565313447509,300.6565313418687,300.6565313388146,300.65653133561165,300.6565313322707,300.65653132887394,300.65653132537375,300.65653132176806,300.656531318158,300.6565313144195,300.656531310672,300.6565313068858,300.65653130305947,300.65653129917575,300.65653129521553,300.65653129136103,300.6565312873885,300.65653128371264,300.65653127995813,300.65653127602184,300.6565312724874,300.65653126876356,300.6565312651354,300.6565312616522,300.65653125828277,300.6565312545272,300.6565312520082,300.65653124889553,300.65653124538824,300.656531242611,300.6565312395812,300.65653123654306,300.65653123313854,300.6565312307104,300.6565312281159,300.6565312249989,300.6565312225639,300.6565312201427,300.6565312165204,300.65653121469654,300.6565312128755,300.65653121069056,300.6565312089228,300.6565312068592
0.06078471155740553,300.65408554199666,300.6540855414317,300.65408554023475,300.6540855385772,300.6540855365663,300.65408553423936,300.6540855316381,300.65408552880126,300.6540855257952,300.6540855226429,300.65408551935485,300.6540855160119,300.6540855125674,300.6540855090192,300.6540855054668,300.65408550178813,300.6540854981007,300.65408549437535,300.65408549061067,300.6540854867896,300.6540854828934,300.65408547910135,300.6540854751932,300.6540854715774,300.6540854678842,300.6540854640121,300.65408546053584,300.654085456873,300.6540854533047,300.65408544987906,300.65408544656543,300.65408544287163,300.65408544039565,300.65408543733497,300.6540854338857,300.6540854311554,300.6540854281764,300.6540854251891,300.65408542184093,300.65408541945413,300.65408541690357,300.6540854138383,300.6540854114446,300.6540854090643,300.65408540550135,300.65408540370896,300.6540854019194,300.6540853997713,300.6540853980338,300.654085396005
0.06128471155740553,300.6516770875829,300.6516770870266,300.65167708584806,300.6516770842161,300.6516770822364,300.6516770799455,300.65167707738453,300.6516770745918,300.65167707163255,300.65167706852935,300.6516770652926,300.651677062002,300.65167705861137,300.6516770551188,300.65167705162236,300.65167704800155,300.6516770443723,300.65167704070575,300.6516770370006,300.65167703324005,300.65167702940556,300.6516770256738,300.6516770218278,300.6516770182697,300.6516770146356,300.6516770108253,300.65167700740494,300.65167700380084,300.65167700028985,300.65167699691955,300.6516769936595,300.6516769900251,300.65167698758995,300.6516769845791,300.6516769811856,300.6516769785,300.65167697556956,300.65167697263087,300.6516769693369,300.6516769669895,300.65167696448077,300.6516769614652,300.6516769591109,300.65167695676973,300.6516769532638,300.65167695150143,300.65167694974167,300.65167694762886,300.6516769459202,300.6516769439245
0.06178471155740553,300.64930532302236,300.64930532247456,300.6493053213141,300.6493053197071,300.64930531775775,300.64930531550203,300.64930531298046,300.64930531023066,300.6493053073169,300.6493053042616,300.6493053010747,300.649305297835,300.64930529449686,300.64930529105834,300.6493052876161,300.6493052840515,300.6493052804786,300.64930527686903,300.64930527322156,300.6493052695197,300.64930526574494,300.6493052620715,300.64930525828555,300.6493052547833,300.64930525120616,300.64930524745563,300.6493052440891,300.6493052405417,300.6493052370861,300.649305233769,300.64930523056046,300.6493052269835,300.64930522458735,300.64930522162433,300.6493052182845,300.64930521564185,300.649305212758,300.64930520986616,300.64930520662426,300.64930520431466,300.64930520184606,300.6493051988784,300.6493051965617,300.6493051942581,300.64930519080735,300.6493051890736,300.6493051873423,300.64930518526324,300.64930518358216,300.64930518161833
0.06228471155740553,300.6469695963346,300.64696959579516,300.6469695946523,300.6469695930698,300.64696959115014,300.64696958892887,300.64696958644566,300.64696958373776,300.6469695808686,300.6469695778598,300.64696957472165,300.64696957153143,300.64696956824434,300.6469695648585,300.6469695614689,300.64696955795887,300.6469695544408,300.6469695508867,300.6469695472952,300.6469695436502,300.64696953993354,300.64696953631665,300.6469695325891,300.64696952914073,300.6469695256189,300.6469695219263,300.6469695186118,300.64696951511934,300.6469695117172,300.6469695084515,300.6469695052929,300.64696950177125,300.6469694994127,300.64696949649584,300.6469694932079,300.6469694906066,300.6469694877677,300.64696948492093,300.6469694817295,300.64696947945606,300.64696947702623,300.6469694741047,300.6469694718244,300.6469694695568,300.64696946615953,300.64696946445315,300.64696946274915,300.64696946070273,300.6469694590481,300.646969457115
0.06278471155740553,300.6446692719125,300.6446692713812,300.6446692702557,300.6446692686971,300.64466926680643,300.64466926461876,300.64466926217324,300.6446692595063,300.6446692566805,300.6446692537173,300.6446692506267,300.6446692474848,300.64466924424755,300.6446692409129,300.6446692375747,300.64466923411794,300.6446692306532,300.64466922715303,300.6446692236161,300.64466922002646,300.64466921636625,300.64466921280433,300.64466920913344,300.6446692057376,300.6446692022693,300.6446691986329,300.644669195369,300.6446691919298,300.64466918857954,300.6446691853638,300.64466918225344,300.6446691787856,300.6446691764632,300.644669173591,300.64466917035344,300.6446691677919,300.6446691649966,300.64466916219345,300.6446691590509,300.6446691568125,300.6446691544199,300.6446691515432,300.6446691492979,300.6446691470652,300.64466914371997,300.64466914203985,300.6446691403622,300.64466913834724,300.64466913671816,300.64466913481476
0.06328471155740553,300.6424037298979,300.6424037293746,300.64240372826606,300.64240372673095,300.6424037248688,300.642403722714,300.6424037203052,300.64240371767846,300.6424037148951,300.6424037119765,300.6424037089323,300.6424037058376,300.64240370264895,300.6424036993644,300.64240369607637,300.64240369267156,300.6424036892589,300.64240368581136,300.64240368232754,300.6424036787919,300.6424036751867,300.6424036716784,300.6424036680627,300.642403664718,300.64240366130184,300.64240365772025,300.6424036545054,300.64240365111806,300.6424036478183,300.6424036446509,300.64240364158746,300.6424036381719,300.6424036358846,300.64240363305566,300.642403629867,300.6424036273442,300.6424036245911,300.6424036218303,300.6424036187353,300.64240361653066,300.64240361417427,300.6424036113411,300.64240360912976,300.6424036069308,300.6424036036362,300.6424036019816,300.64240360032926,300.64240359834474,300.6424035967404,300.6424035948658
0.06378471155740553,300.6401723655886,300.64017236507317,300.64017236398126,300.64017236246923,300.6401723606349,300.64017235851236,300.6401723561396,300.64017235355215,300.6401723508104,300.64017234793533,300.6401723449367,300.6401723418881,300.640172338747,300.6401723355116,300.6401723322725,300.6401723289185,300.6401723255567,300.64017232216054,300.6401723187286,300.6401723152456,300.64017231169424,300.6401723082381,300.6401723046764,300.6401723013815,300.64017229801624,300.640172294488,300.64017229132116,300.64017228798417,300.64017228473364,300.6401722816135,300.6401722785957,300.6401722752312,300.64017227297774,300.64017227019104,300.64017226704993,300.64017226456474,300.6401722618526,300.64017225913307,300.64017225608427,300.6401722539125,300.64017225159125,300.64017224880047,300.6401722466221,300.64017224445604,300.64017224121073,300.64017223958075,300.6401722379531,300.64017223599825,300.64017223441783,300.6401722325713
0.06428471155740553,300.63797458887376,300.6379745883661,300.6379745872905,300.63797458580103,300.63797458399404,300.63797458190317,300.63797457956576,300.63797457701673,300.63797457431576,300.6379745714835,300.6379745685293,300.637974565526,300.63797456243145,300.63797455924396,300.6379745560529,300.6379745527485,300.63797454943654,300.6379745460906,300.63797454270957,300.63797453927805,300.6379745357792,300.6379745323742,300.63797452886513,300.6379745256189,300.63797452230335,300.6379745188274,300.6379745157072,300.63797451241953,300.637974509217,300.6379745061429,300.6379745031696,300.63797449985486,300.63797449763445,300.63797449488885,300.6379744917942,300.63797448934554,300.63797448667356,300.6379744839941,300.6379744809905,300.6379744788507,300.63797447656367,300.63797447381415,300.6379744716679,300.6379744695338,300.6379744663368,300.6379744647307,300.637974463127,300.6379744612011,300.63797445964394,300.6379744578247
0.06478471155740553,300.63580982369706,300.63580982319695,300.6358098221374,300.63580982067003,300.6358098188899,300.6358098168301,300.6358098145273,300.6358098120161,300.6358098093551,300.6358098065647,300.6358098036541,300.63580980069514,300.63580979764635,300.6358097945058,300.6358097913618,300.6358097881061,300.6358097848429,300.63580978154613,300.6358097782148,300.6358097748338,300.63580977138633,300.6358097680314,300.6358097645738,300.6358097613752,300.63580975810834,300.63580975468335,300.6358097516088,300.63580974836947,300.6358097452138,300.6358097421848,300.63580973925497,300.63580973598886,300.6358097338007,300.6358097310952,300.63580972804596,300.63580972563307,300.6358097230002,300.63580972035993,300.63580971740043,300.63580971529177,300.63580971303816,300.635809710329,300.63580970821414,300.63580970611116,300.63580970296135,300.6358097013786,300.63580969979824,300.63580969790047,300.635809696366,300.63580969457354
0.06528471155740553,300.6336775075454,300.63367750705277,300.63367750600895,300.6336775045634,300.6336775028097,300.63367750078027,300.63367749851153,300.63367749603736,300.6336774934157,300.6336774906663,300.6336774877986,300.6336774848831,300.63367748187903,300.63367747878465,300.63367747568674,300.6336774724788,300.6336774692633,300.6336774660149,300.63367746273224,300.63367745940064,300.6336774560036,300.63367745269767,300.6336774492907,300.6336774461387,300.6336774429194,300.6336774395444,300.63367743651463,300.6336774333224,300.63367743021286,300.6336774272278,300.6336774243406,300.6336774211221,300.6336774189655,300.63367741629924,300.63367741329444,300.6336774109164,300.6336774083217,300.63367740571994,300.6336774028036,300.63367740072533,300.63367739850435,300.63367739583475,300.6336773937505,300.633677391678,300.6336773885744,300.6336773870145,300.6336773854568,300.63367738358664,300.6336773820743,300.63367738030786
0.06578471155740553,300.631577090963,300.63157709047766,300.6315770894493,300.6315770880251,300.6315770862973,300.6315770842978,300.63157708206245,300.6315770796247,300.6315770770415,300.63157707433254,300.63157707150697,300.6315770686341,300.63157706567404,300.6315770626249,300.63157705957224,300.63157705641106,300.6315770532425,300.63157705004136,300.63157704680657,300.6315770435235,300.63157704017596,300.63157703691803,300.6315770335606,300.63157703045425,300.63157702728176,300.63157702395574,300.6315770209698,300.63157701782393,300.63157701475933,300.6315770118175,300.631577008972,300.6315770058002,300.63157700367435,300.63157700104665,300.6315769980853,300.63157699574145,300.6315769931842,300.63157699062,300.6315769877459,300.6315769856975,300.6315769835085,300.6315769808776,300.6315769788233,300.6315769767807,300.6315769737224,300.63157697218475,300.63157697064935,300.6315769688062,300.63157696731554,300.6315769655746
0.06628471155740553,300.62950803708725,300.6295080366091,300.62950803559596,300.6295080341928,300.62950803249043,300.62950803052036,300.6295080283179,300.62950802591587,300.6295080233705,300.6295080207012,300.62950801791686,300.629508015086,300.6295080121692,300.6295080091644,300.62950800615613,300.629508003041,300.6295079999185,300.6295079967638,300.62950799357594,300.62950799034047,300.6295079870415,300.62950798383076,300.62950798052196,300.6295079774605,300.6295079743338,300.62950797105594,300.6295079681131,300.6295079650126,300.6295079619921,300.6295079590926,300.629507956288,300.6295079531621,300.62950795106644,300.6295079484764,300.62950794555775,300.62950794324746,300.6295079407269,300.6295079381995,300.6295079353669,300.6295079333477,300.62950793119006,300.62950792859704,300.62950792657216,300.6295079245589,300.62950792154504,300.6295079200291,300.62950791851557,300.62950791669886,300.62950791522945,300.6295079135136
0.06678471155740553,300.6274698212082,300.62746982073713,300.6274698197389,300.62746981835636,300.627469816679,300.6274698147379,300.62746981256765,300.62746981020086,300.62746980769265,300.62746980506233,300.62746980231856,300.627469799529,300.6274697966545,300.6274697936934,300.62746979072887,300.6274697876588,300.62746978458154,300.6274697814726,300.6274697783308,300.6274697751422,300.62746977189084,300.6274697687265,300.6274697654654,300.627469762448,300.6274697593663,300.6274697561357,300.6274697532351,300.6274697501791,300.62746974720204,300.62746974434424,300.6274697415798,300.6274697384988,300.6274697364328,300.6274697338797,300.627469731003,300.6274697287256,300.6274697262411,300.6274697237498,300.627469720958,300.6274697189674,300.62746971684044,300.62746971428476,300.62746971228876,300.62746971030407,300.62746970733394,300.6274697058394,300.6274697043472,300.62746970255654,300.62746970110794,300.6274696994166
0.06728471155740554,300.62546193034734,300.62546192988316,300.6254619288997,300.62546192753746,300.62546192588474,300.62546192397195,300.62546192183345,300.6254619195012,300.62546191702967,300.6254619144376,300.62546191173385,300.6254619089847,300.62546190615194,300.6254619032338,300.6254619003121,300.6254618972866,300.62546189425376,300.6254618911896,300.6254618880932,300.62546188495054,300.6254618817461,300.6254618786273,300.6254618754131,300.625461872439,300.62546186940165,300.6254618662174,300.6254618633583,300.62546186034615,300.6254618574118,300.62546185459473,300.6254618518698,300.6254618488329,300.62546184679604,300.62546184427936,300.6254618414438,300.62546183919864,300.62546183674954,300.6254618342938,300.625461831542,300.62546182957954,300.6254618274828,300.62546182496374,300.62546182299604,300.62546182103955,300.6254618181123,300.62546181663873,300.6254618151676,300.62546181340235,300.6254618119743,300.62546181030706
0.06778471155740554,300.62348386285714,300.62348386239984,300.6234838614308,300.6234838600885,300.62348385846,300.6234838565752,300.62348385446796,300.62348385216967,300.62348384973404,300.62348384717967,300.62348384451514,300.6234838418059,300.62348383901417,300.62348383613823,300.6234838332587,300.6234838302768,300.62348382728777,300.62348382426785,300.6234838212159,300.62348381811853,300.62348381496014,300.6234838118861,300.6234838087181,300.62348380578663,300.62348380279263,300.62348379965414,300.6234837968358,300.62348379386674,300.6234837909742,300.62348378819735,300.6234837855112,300.62348378251784,300.6234837805095,300.62348377802857,300.6234837752335,300.62348377302015,300.62348377060584,300.62348376818494,300.62348376547254,300.6234837635377,300.62348376147065,300.6234837589875,300.62348375704767,300.6234837551189,300.6234837522338,300.6234837507809,300.6234837493304,300.6234837475902,300.6234837461823,300.6234837445387
0.06828471155740554,300.6215351280386,300.621535127588,300.6215351266332,300.6215351253106,300.6215351237058,300.6215351218485,300.621535119772,300.62153511750716,300.62153511510695,300.62153511258964,300.6215351099637,300.62153510729365,300.62153510454226,300.6215351017079,300.6215350988699,300.62153509593094,300.6215350929849,300.6215350900084,300.62153508700044,300.6215350839474,300.6215350808344,300.6215350778044,300.62153507468184,300.6215350717922,300.621535068841,300.62153506574737,300.6215350629692,300.62153506004256,300.62153505719124,300.6215350544539,300.62153505180595,300.62153504885526,300.62153504687507,300.62153504442927,300.62153504167406,300.6215350394919,300.62153503711176,300.6215350347253,300.62153503205155,300.6215350301439,300.62153502810605,300.6215350256583,300.6215350237458,300.6215350218443,300.6215350190007,300.6215350175681,300.62153501613784,300.6215350144223,300.62153501303413,300.6215350114139
0.06878471155740554,300.6196152457766,300.6196152453326,300.6196152443918,300.61961524308856,300.6196152415072,300.61961523967693,300.61961523763057,300.61961523539867,300.6196152330333,300.6196152305524,300.6196152279645,300.61961522533306,300.61961522262135,300.61961521982784,300.61961521703074,300.6196152141341,300.6196152112303,300.6196152082966,300.61961520533174,300.6196152023225,300.6196151992541,300.61961519626743,300.61961519318965,300.61961519034116,300.6196151874321,300.61961518438267,300.619615181644,300.619615178759,300.6196151759483,300.6196151732499,300.61961517063946,300.6196151677308,300.6196151657783,300.6196151633671,300.61961516065105,300.61961515849964,300.6196151561532,300.6196151538005,300.6196151511648,300.61961514928396,300.61961514727477,300.6196151448619,300.6196151429763,300.6196151411017,300.6196151382988,300.6196151368862,300.6196151354759,300.6196151337846,300.61961513241584,300.6196151308187
0.06928471155740554,300.6177237461921,300.6177237457547,300.6177237448276,300.61772374354337,300.61772374198506,300.6177237401814,300.61772373816484,300.6177237359652,300.61772373363414,300.6177237311892,300.6177237286387,300.61772372604514,300.6177237233726,300.61772372061927,300.61772371786236,300.61772371500734,300.6177237121453,300.6177237092536,300.6177237063312,300.6177237033651,300.6177237003406,300.6177236973966,300.6177236943628,300.6177236915549,300.6177236886873,300.6177236856813,300.6177236829816,300.61772368013766,300.6177236773668,300.61772367470667,300.61772367213325,300.617723669266,300.6177236673407,300.6177236649636,300.61772366228615,300.6177236601649,300.6177236578516,300.61772365553225,300.617723652934,300.6177236510795,300.6177236490986,300.61772364672,300.617723644861,300.61772364301265,300.61772364025,300.617723638857,300.6177236374665,300.61772363579905,300.6177236344494,300.6177236328748
0.06978471155740554,300.61586016931,300.61586016887895,300.61586016796537,300.6158601666999,300.6158601651643,300.61586016338686,300.6158601613995,300.61586015923183,300.61586015693445,300.61586015452485,300.6158601520111,300.615860149455,300.61586014682086,300.61586014410716,300.6158601413899,300.61586013857584,300.6158601357548,300.6158601329045,300.6158601300239,300.61586012710023,300.615860124119,300.61586012121705,300.6158601182265,300.61586011545864,300.6158601126318,300.6158601096687,300.6158601070072,300.61586010420365,300.61586010147226,300.61586009884974,300.61586009631276,300.6158600934863,300.6158600915878,300.6158600892443,300.6158600866048,300.6158600845133,300.6158600822327,300.61586007994606,300.6158600773847,300.61586007555616,300.61586007360313,300.6158600712582,300.61586006942537,300.61586006760297,300.6158600648799,300.6158600635063,300.6158600621351,300.6158600604911,300.6158600591604,300.6158600576081
0.07028471155740554,300.6140240647419,300.6140240643173,300.614024063417,300.61402406216985,300.6140240606566,300.614024058905,300.6140240569464,300.61402405481016,300.614024052546,300.61402405017117,300.61402404769376,300.61402404517435,300.6140240425781,300.6140240399034,300.61402403722514,300.61402403445146,300.6140240316708,300.6140240288613,300.61402402602187,300.61402402313996,300.6140240202013,300.61402401734074,300.6140240143929,300.61402401166436,300.6140240088777,300.6140240059568,300.614024003333,300.6140240005693,300.6140239978766,300.61402399529123,300.61402399279007,300.6140239900037,300.6140239881318,300.61402398582123,300.6140239832192,300.61402398115706,300.6140239789086,300.6140239766542,300.6140239741292,300.61402397232627,300.61402397040064,300.61402396808904,300.6140239662818,300.6140239644851,300.6140239618009,300.6140239604464,300.61402395909425,300.61402395747353,300.6140239561614,300.6140239546309
0.07078471155740554,300.6122149913836,300.61221499096513,300.61221499007803,300.6122149888491,300.6122149873578,300.6122149856315,300.6122149837013,300.6122149815959,300.61221497936447,300.6122149770239,300.6122149745822,300.612214972099,300.6122149695401,300.6122149669038,300.6122149642639,300.61221496152996,300.61221495878914,300.6122149560198,300.6122149532209,300.6122149503802,300.61221494748344,300.61221494466366,300.6122149417578,300.612214939068,300.61221493632104,300.61221493344163,300.6122149308551,300.6122149281305,300.612214925476,300.6122149229272,300.6122149204614,300.6122149177146,300.6122149158688,300.6122149135907,300.61221491102555,300.6122149089924,300.6122149067756,300.61221490455296,300.6122149020638,300.61221490028595,300.6122148983874,300.6122148961085,300.6122148943267,300.61221489255524,300.61221488990935,300.61221488857365,300.61221488724044,300.6122148856424,300.61221488434865,300.61221488283974
0.07128471155740554,300.61043251712533,300.61043251671293,300.61043251583874,300.61043251462763,300.6104325131579,300.61043251145674,300.61043250955447,300.6104325074795,300.6104325052802,300.61043250297337,300.6104325005668,300.6104324981194,300.6104324955972,300.6104324929987,300.6104324903966,300.6104324877018,300.61043248500016,300.61043248227037,300.61043247951153,300.61043247671125,300.6104324738559,300.61043247107625,300.6104324682118,300.6104324655602,300.6104324628522,300.6104324600138,300.6104324574638,300.610432454778,300.610432452161,300.6104324496482,300.61043244721725,300.61043244450946,300.6104324426893,300.6104324404434,300.6104324379145,300.61043243590984,300.61043243372427,300.61043243153296,300.610432429079,300.6104324273261,300.6104324254542,300.6104324232075,300.6104324214507,300.6104324197041,300.61043241709604,300.61043241577886,300.6104324144641,300.61043241288866,300.6104324116129,300.61043241012527
0.07178471155740554,300.60867621857517,300.60867621816874,300.60867621730733,300.6086762161138,300.60867621466537,300.60867621298877,300.608676211114,300.608676209069,300.60867620690146,300.60867620462784,300.6086762022558,300.6086761998436,300.6086761973576,300.6086761947964,300.6086761922315,300.6086761895753,300.60867618691225,300.6086761842215,300.608676181502,300.60867617874163,300.60867617592703,300.60867617318695,300.60867617036325,300.6086761677493,300.6086761650797,300.6086761622816,300.60867615976775,300.60867615712,300.60867615454015,300.6086761520629,300.60867614966617,300.60867614699674,300.608676145202,300.6086761429877,300.6086761404946,300.60867613851804,300.6086761363632,300.6086761342028,300.6086761317837,300.6086761300552,300.60867612820954,300.60867612599475,300.6086761242625,300.60867612254043,300.6086761199696,300.6086761186707,300.6086761173742,300.6086761158209,300.60867611456297,300.6086761130963
0.07228471155740554,300.6069456807947,300.60694568039423,300.6069456795453,300.606945678369,300.6069456769416,300.6069456752893,300.6069456734416,300.6069456714261,300.60694566928976,300.6069456670489,300.60694566471096,300.60694566233343,300.606945659883,300.6069456573585,300.6069456548303,300.6069456522121,300.60694564958715,300.6069456469347,300.606945644254,300.60694564153306,300.60694563875853,300.6069456360574,300.60694563327394,300.60694563069706,300.6069456280654,300.60694562530705,300.60694562282873,300.60694562021854,300.6069456176751,300.6069456152329,300.60694561287005,300.6069456102385,300.60694560846866,300.6069456062856,300.60694560382774,300.60694560187886,300.60694559975445,300.6069455976245,300.6069455952396,300.6069455935353,300.6069455917155,300.606945589532,300.6069455878241,300.6069455861262,300.606945583592,300.60694558231114,300.60694558103273,300.60694557950126,300.6069455782609,300.6069455768149
0.07278471155740554,300.60524049704577,300.60524049665116,300.60524049581454,300.6052404946554,300.60524049324863,300.6052404916201,300.6052404897991,300.6052404878127,300.6052404857071,300.60524048349845,300.60524048119413,300.60524047885065,300.6052404764354,300.60524047394705,300.60524047145503,300.6052404688743,300.6052404662868,300.6052404636722,300.6052404610298,300.60524045834757,300.60524045561255,300.6052404529499,300.605240450206,300.60524044766566,300.60524044507133,300.60524044235217,300.6052404399089,300.6052404373356,300.60524043482826,300.6052404324206,300.6052404300911,300.6052404274968,300.60524042575173,300.60524042359924,300.60524042117623,300.60524041925476,300.6052404171602,300.6052404150602,300.60524041270907,300.6052404110286,300.6052404092344,300.6052404070818,300.6052404053978,300.60524040372377,300.6052404012256,300.6052403999626,300.605240398702,300.60524039719206,300.60524039596896,300.6052403945434
0.07328471155740554,300.6035602685486,300.60356026815975,300.60356026733524,300.60356026619286,300.60356026480645,300.6035602632015,300.60356026140676,300.6035602594489,300.60356025737366,300.6035602551967,300.6035602529255,300.6035602506157,300.60356024823506,300.6035602457823,300.6035602433259,300.60356024078203,300.60356023823147,300.6035602356542,300.6035602330494,300.60356023040544,300.6035602277094,300.60356022508455,300.60356022237977,300.6035602198754,300.6035602173179,300.60356021463735,300.6035602122287,300.6035602096919,300.60356020721997,300.60356020484636,300.60356020254966,300.60356019999216,300.60356019827134,300.60356019614926,300.6035601937605,300.60356019186594,300.6035601898009,300.6035601877305,300.6035601854126,300.60356018375563,300.60356018198655,300.6035601798644,300.6035601782041,300.6035601765536,300.60356017409106,300.60356017284556,300.6035601716025,300.60356017011384,300.6035601689079,300.6035601675023
0.07378471155740554,300.60190460424974,300.6019046038665,300.60190460305404,300.6019046019282,300.60190460056174,300.60190459897996,300.60190459721105,300.60190459528144,300.601904593236,300.6019045910904,300.60190458885177,300.601904586575,300.60190458422846,300.6019045818108,300.60190457938955,300.601904576882,300.6019045743679,300.60190457182733,300.60190456925966,300.6019045666534,300.6019045639957,300.6019045614082,300.6019045587418,300.6019045562731,300.60190455375187,300.6019045511093,300.6019045487347,300.60190454623387,300.601904543797,300.60190454145686,300.6019045391927,300.6019045366713,300.60190453497455,300.6019045328824,300.60190453052735,300.60190452865936,300.6019045266234,300.6019045245822,300.6019045222971,300.6019045206633,300.60190451891907,300.60190451682695,300.6019045151899,300.60190451356254,300.6019045111351,300.60190450990694,300.60190450868123,300.6019045072135,300.6019045060243,300.6019045046386
0.07428471155740554,300.6002731206001,300.60027312022237,300.6002731194217,300.6002731183121,300.6002731169654,300.6002731154064,300.600273113663,300.60027311176117,300.6002731097451,300.60027310763036,300.6002731054239,300.60027310317975,300.6002731008668,300.60027309848374,300.60027309609706,300.60027309362533,300.6002730911471,300.6002730886428,300.60027308611166,300.60027308354245,300.60027308092265,300.60027307837197,300.6002730757435,300.6002730733098,300.60027307082424,300.6002730682193,300.60027306587824,300.6002730634128,300.6002730610104,300.60027305870335,300.60027305647117,300.6002730539856,300.60027305231245,300.60027305024965,300.600273047928,300.6002730460862,300.6002730440789,300.60027304206653,300.60027303981377,300.6002730382029,300.60027303648315,300.6002730344206,300.60027303280646,300.60027303120194,300.60027302880917,300.600273027598,300.6002730263894,300.6002730249423,300.6002730237698,300.6002730224036
0.07478471155740554,300.59866544134223,300.5986654409701,300.59866544018087,300.5986654390873,300.5986654377601,300.59866543622354,300.5986654345053,300.59866543263075,300.59866543064373,300.5986654285593,300.5986654263845,300.5986654241725,300.59866542189263,300.5986654195437,300.5986654171911,300.5986654147547,300.5986654123118,300.59866540984314,300.5986654073481,300.5986654048155,300.598665402233,300.5986653997185,300.5986653971275,300.59866539472824,300.598665392278,300.59866538971,300.5986653874021,300.5986653849716,300.5986653826032,300.5986653803287,300.5986653781281,300.5986653756777,300.598665374028,300.59866537199423,300.5986653697054,300.59866536788945,300.59866536591045,300.5986653639264,300.59866536170557,300.59866536011714,300.59866535842156,300.5986653563882,300.5986653547968,300.5986653532148,300.5986653508561,300.5986653496618,300.59866534847,300.5986653470433,300.5986653458872,300.5986653445403
0.07528471155740554,300.59708119730675,300.59708119693994,300.5970811961622,300.59708119508446,300.5970811937764,300.59708119226195,300.5970811905684,300.5970811887209,300.59708118676235,300.5970811847079,300.59708118256424,300.5970811803839,300.59708117813676,300.5970811758213,300.5970811735024,300.5970811711007,300.5970811686926,300.5970811662592,300.59708116379966,300.59708116130315,300.59708115875736,300.5970811562787,300.59708115372445,300.5970811513592,300.59708114894374,300.5970811464122,300.59708114413695,300.59708114174094,300.5970811394061,300.59708113716374,300.59708113499414,300.5970811325784,300.5970811309518,300.5970811289467,300.5970811266903,300.5970811248998,300.59708112294874,300.59708112099264,300.59708111880326,300.59708111723705,300.59708111556535,300.59708111356076,300.59708111199166,300.597081110432,300.59708110810675,300.5970811069291,300.59708110575394,300.59708110434735,300.5970811032074,300.59708110187944
0.07578471155740554,300.59552002621655,300.5955200258551,300.5955200250885,300.5955200240263,300.5955200227371,300.59552002124457,300.59552001957536,300.5955200177544,300.59552001582404,300.59552001379893,300.59552001168606,300.5955200095369,300.59552000732185,300.5955200050396,300.59552000275374,300.59552000038633,300.5955199980126,300.59551999561387,300.5955199931894,300.5955199907284,300.5955199882189,300.5955199857754,300.59551998325753,300.59551998092587,300.59551997854464,300.595519976049,300.595519973806,300.5955199714439,300.59551996914206,300.5955199669315,300.5955199647925,300.59551996241106,300.59551996080717,300.5955199588304,300.5955199566058,300.5955199548405,300.5955199529169,300.5955199509884,300.5955199488301,300.59551994728577,300.59551994563753,300.59551994366126,300.59551994211427,300.5955199405765,300.5955199382844,300.59551993712324,300.59551993596443,300.5955199345777,300.59551993345366,300.59551993214444
0.07628471155740554,300.5939815724994,300.5939815721431,300.59398157138764,300.5939815703408,300.5939815690702,300.5939815675991,300.59398156595387,300.5939815641591,300.59398156225643,300.59398156026043,300.59398155817775,300.59398155605936,300.593981553876,300.59398155162637,300.5939815493732,300.59398154703956,300.59398154469966,300.5939815423351,300.5939815399452,300.5939815375192,300.5939815350454,300.5939815326367,300.5939815301546,300.593981527856,300.5939815255086,300.59398152304846,300.5939815208371,300.5939815185085,300.5939815162393,300.5939815140599,300.59398151195114,300.59398150960345,300.593981508022,300.5939815060731,300.59398150388,300.59398150213957,300.593981500243,300.5939814983417,300.5939814962139,300.5939814946913,300.5939814930662,300.59398149111803,300.5939814895927,300.59398148807657,300.5939814858171,300.5939814846721,300.59398148352955,300.59398148216235,300.593981481054,300.5939814797633
0.07678471155740554,300.5924654871081,300.59246548675696,300.5924654860125,300.5924654849807,300.59246548372835,300.5924654822784,300.59246548065687,300.5924654788878,300.59246547701247,300.5924654750451,300.5924654729923,300.5924654709042,300.5924654687521,300.5924654665346,300.59246546431353,300.59246546201325,300.5924654597067,300.59246545737585,300.59246545502,300.5924654526285,300.59246545018993,300.59246544781547,300.59246544536865,300.59246544310264,300.5924654407885,300.59246543836326,300.5924654361833,300.59246543388764,300.59246543165057,300.59246542950206,300.5924654274231,300.5924654251087,300.59246542354936,300.59246542162794,300.5924654194659,300.5924654177499,300.59246541588016,300.5924654140057,300.592465411908,300.59246541040676,300.5924654088045,300.59246540688383,300.59246540538004,300.59246540388517,300.59246540165793,300.59246540052885,300.59246539940233,300.5924653980543,300.5924653969616,300.59246539568903
0.07728471155740554,300.59097142734765,300.59097142700165,300.59097142626786,300.590971425251,300.59097142401663,300.5909714225876,300.5909714209893,300.5909714192457,300.5909714173972,300.59097141545806,300.59097141343466,300.5909714113765,300.59097140925513,300.5909714070693,300.59097140487995,300.59097140261247,300.5909714003388,300.5909713980412,300.59097139571884,300.5909713933614,300.5909713909576,300.5909713886168,300.5909713862047,300.5909713839709,300.59097138168966,300.5909713792989,300.59097137714974,300.5909713748867,300.5909713726812,300.5909713705632,300.5909713685136,300.590971366232,300.5909713646945,300.59097136280013,300.59097136066873,300.59097135897684,300.5909713571335,300.5909713552855,300.5909713532175,300.5909713517373,300.5909713501577,300.5909713482642,300.5909713467815,300.5909713453077,300.59097134311213,300.59097134199897,300.59097134088813,300.5909713395591,300.5909713384817,300.59097133722713
0.07778471155740554,300.58949905670954,300.5894990563685,300.5894990556453,300.589499054643,300.5894990534265,300.58949905201797,300.58949905044267,300.58949904872406,300.5894990469021,300.5894990449907,300.5894990429963,300.58949904096755,300.58949903887657,300.58949903672186,300.5894990345638,300.5894990323287,300.58949903008744,300.58949902782257,300.58949902553326,300.58949902320944,300.58949902083975,300.58949901853236,300.5894990161546,300.58949901395243,300.58949901170354,300.5894990093467,300.589499007228,300.58949900499704,300.5894990028229,300.58949900073475,300.5894989987141,300.58949899646484,300.58949899494894,300.58949899308135,300.5894989909801,300.589498989312,300.58949898749466,300.5894989856728,300.58949898363414,300.5894989821747,300.5894989806173,300.5894989787506,300.58949897728877,300.58949897583574,300.5894989736714,300.5894989725737,300.58949897147846,300.5894989701683,300.58949896910593,300.5894989678691
0.07828471155740555,300.58804804471197,300.5880480443759,300.5880480436631,300.58804804267527,300.58804804147616,300.5880480400879,300.58804803853525,300.5880480368413,300.5880480350455,300.5880480331615,300.58804803119557,300.5880480291958,300.5880480271347,300.5880480250109,300.5880480228836,300.58804802068033,300.58804801847106,300.5880480162385,300.58804801398173,300.588048011691,300.5880480093551,300.58804800708043,300.5880480047365,300.5880480025656,300.58804800034864,300.5880479980253,300.5880479959366,300.5880479937372,300.58804799159384,300.58804798953526,300.5880479875433,300.58804798532583,300.5880479838312,300.58804798199,300.5880479799185,300.58804797827395,300.5880479764822,300.5880479746861,300.5880479726763,300.58804797123736,300.5880479697019,300.58804796786166,300.5880479664204,300.5880479649878,300.5880479628544,300.58804796177196,300.5880479606921,300.58804795940034,300.588047958353,300.58804795713354
0.07878471155740555,300.58661806674706,300.58661806641584,300.5866180657133,300.58661806473975,300.58661806355786,300.58661806218953,300.58661806065913,300.58661805898953,300.5866180572194,300.5866180553624,300.5866180534247,300.5866180514535,300.5866180494218,300.5866180473283,300.58661804523143,300.58661804305956,300.5866180408818,300.58661803868097,300.5866180364564,300.5866180341983,300.58661803189557,300.5866180296533,300.5866180273427,300.58661802520265,300.5866180230171,300.58661802072675,300.58661801866765,300.5866180164994,300.58661801438654,300.58661801235706,300.58661801039324,300.58661800820727,300.5866180067336,300.58661800491836,300.5866180028762,300.5866180012548,300.58661799948845,300.5866179977176,300.5866179957364,300.58661799431763,300.5866179928038,300.5866179909896,300.5866179895687,300.5866179881563,300.58661798605317,300.586617984986,300.5866179839212,300.58661798264774,300.586617981615,300.5866179804129
0.07928471155740555,300.5852088039332,300.58520880360675,300.58520880291434,300.58520880195476,300.58520880078987,300.5852087994412,300.5852087979328,300.5852087962871,300.5852087945424,300.58520879271197,300.5852087908019,300.58520878885895,300.5852087868563,300.58520878479266,300.58520878272566,300.5852087805849,300.58520877843813,300.58520877626864,300.58520877407574,300.5852087718498,300.5852087695799,300.58520876736947,300.5852087650917,300.585208762982,300.5852087608275,300.5852087585697,300.5852087565398,300.5852087544024,300.5852087523193,300.58520875031866,300.58520874838257,300.5852087462277,300.5852087447746,300.58520874298506,300.5852087409719,300.5852087393733,300.5852087376319,300.5852087358861,300.5852087339329,300.58520873253417,300.5852087310417,300.58520872925317,300.5852087278523,300.58520872645977,300.58520872438663,300.5852087233344,300.5852087222846,300.585208721029,300.5852087200109,300.5852087188257
0.07978471155740555,300.58381994297343,300.58381994265164,300.58381994196924,300.5838199410234,300.5838199398753,300.583819938546,300.5838199370593,300.58381993543713,300.58381993371745,300.5838199319132,300.5838199300305,300.5838199281153,300.5838199261413,300.5838199241071,300.58381992206955,300.5838199199593,300.58381991784313,300.5838199157046,300.583819913543,300.58381991134866,300.58381990911107,300.5838199069321,300.5838199046867,300.58381990260705,300.5838199004831,300.5838198982574,300.5838198962563,300.5838198941491,300.5838198920957,300.58381989012327,300.58381988821463,300.5838198860903,300.5838198846576,300.58381988289335,300.58381988090866,300.5838198793326,300.58381987761584,300.58381987589473,300.5838198739693,300.5838198725902,300.5838198711187,300.5838198693556,300.5838198679744,300.58381986660163,300.58381986455794,300.58381986352043,300.58381986248537,300.5838198612475,300.5838198602437,300.5838198590753
0.08028471155740555,300.58245117601894,300.58245117570186,300.58245117502923,300.582451174097,300.58245117296536,300.5824511716552,300.5824511701897,300.58245116859086,300.5824511668958,300.58245116511733,300.5824511632616,300.5824511613738,300.58245115942793,300.58245115742284,300.5824511554144,300.5824511533342,300.5824511512482,300.5824511491402,300.5824511470093,300.58245114484623,300.5824511426405,300.5824511404925,300.58245113827905,300.5824511362289,300.5824511341351,300.582451131941,300.5824511299683,300.58245112789103,300.58245112586667,300.5824511239222,300.5824511220406,300.5824511199464,300.582451118534,300.5824511167945,300.582451114838,300.58245111328426,300.58245111159164,300.5824511098949,300.58245110799675,300.5824511066371,300.58245110518635,300.5824511034482,300.58245110208657,300.5824511007331,300.5824510987185,300.5824510976956,300.5824510966751,300.5824510954547,300.58245109446494,300.58245109331307
0.08078471155740555,300.5811022005377,300.5811022002252,300.5811021995623,300.58110219864346,300.5811021975281,300.58110219623666,300.58110219479227,300.5811021932162,300.5811021915455,300.5811021897925,300.58110218796327,300.58110218610244,300.5811021841844,300.5811021822079,300.5811021802282,300.5811021781776,300.58110217612136,300.58110217404334,300.58110217194286,300.58110216981055,300.58110216763623,300.58110216551876,300.5811021633369,300.58110216131575,300.5811021592517,300.58110215708876,300.581102155144,300.58110215309625,300.5811021511006,300.5811021491837,300.58110214732875,300.58110214526425,300.58110214387165,300.5811021421569,300.5811021402281,300.5811021386962,300.58110213702753,300.5811021353548,300.58110213348357,300.5811021321431,300.5811021307128,300.5811021289993,300.5811021276568,300.58110212632255,300.5811021243366,300.58110212332804,300.5811021223218,300.58110212111876,300.58110212014293,300.5811021190073
0.08128471155740555,300.579772719188,300.57977271887995,300.57977271822654,300.57977271732096,300.57977271622156,300.57977271494866,300.579772713525,300.5797727119716,300.57977271032473,300.5797727085968,300.57977270679373,300.5797727049595,300.57977270306884,300.5797727011206,300.5797726991691,300.5797726971478,300.5797726951208,300.5797726930724,300.5797726910018,300.5797726888999,300.5797726867565,300.57977268466914,300.57977268251835,300.5797726805259,300.57977267849117,300.57977267635897,300.57977267444176,300.5797726724232,300.5797726704558,300.5797726685661,300.57977266673737,300.5797726647022,300.5797726633292,300.57977266163863,300.5797726597373,300.57977265822694,300.5797726565819,300.57977265493287,300.5797726530881,300.57977265176646,300.57977265035646,300.57977264866724,300.5797726473437,300.57977264602823,300.5797726440706,300.57977264307624,300.57977264208415,300.57977264089806,300.57977263993604,300.57977263881645
0.08178471155740555,300.5784624396961,300.5784624393925,300.5784624387485,300.57846243785593,300.5784624367724,300.57846243551774,300.57846243411433,300.57846243258325,300.5784624309599,300.5784624292568,300.5784624274795,300.57846242567143,300.5784624238078,300.57846242188737,300.5784624199636,300.5784624179712,300.57846241597315,300.5784624139539,300.5784624119127,300.5784624098408,300.5784624077279,300.5784624056703,300.57846240355,300.57846240158597,300.5784623995801,300.57846239747823,300.5784623955882,300.5784623935982,300.57846239165883,300.57846238979585,300.578462387993,300.57846238598677,300.57846238463304,300.57846238296645,300.578462381092,300.578462379603,300.5784623779813,300.57846237635556,300.57846237453697,300.57846237323406,300.5784623718439,300.57846237017867,300.57846236887383,300.5784623675769,300.57846236564717,300.57846236466673,300.57846236368863,300.5784623625193,300.5784623615708,300.5784623604671
0.08228471155740555,300.5771710747391,300.5771710744399,300.5771710738052,300.57717107292535,300.5771710718573,300.57717107062064,300.57717106923747,300.5771710677283,300.5771710661282,300.5771710644494,300.5771710626975,300.57717106091536,300.57717105907824,300.57717105718524,300.57717105528894,300.57717105332495,300.5771710513554,300.5771710493649,300.57717104735286,300.57717104531037,300.57717104322757,300.5771710411992,300.5771710391091,300.57717103717295,300.5771710351956,300.5771710331236,300.57717103126043,300.5771710292986,300.5771710273867,300.57717102555023,300.57717102377296,300.57717102179515,300.5771710204606,300.57717101881747,300.57717101696966,300.57717101550173,300.5771710139029,300.5771710123002,300.57717101050747,300.57717100922287,300.57717100785237,300.57717100621073,300.57717100492437,300.57717100364573,300.57717100174347,300.57717100077684,300.57717099981244,300.57717099865965,300.5771709977246,300.5771709966365
0.08278471155740555,300.5758983418312,300.5758983415363,300.57589834091067,300.5758983400435,300.5758983389908,300.57589833777183,300.57589833640844,300.57589833492085,300.57589833334373,300.5758983316889,300.57589832996206,300.5758983282053,300.5758983263945,300.5758983245285,300.57589832265927,300.57589832072324,300.57589831878175,300.57589831681963,300.57589831483625,300.57589831282286,300.5758983107697,300.5758983087702,300.57589830670986,300.5758983048011,300.57589830285195,300.5758983008094,300.5758982989726,300.57589829703875,300.57589829515393,300.57589829334347,300.57589829159144,300.5758982896417,300.5758982883259,300.57589828670615,300.5758982848845,300.5758982834373,300.57589828186116,300.5758982802811,300.5758982785138,300.57589827724735,300.57589827589624,300.57589827427785,300.57589827300967,300.5758982717491,300.57589826987396,300.5758982689209,300.5758982679701,300.57589826683363,300.57589826591175,300.57589826483905
0.08328471155740555,300.5746439632142,300.5746439629235,300.5746439623069,300.5746439614522,300.5746439604145,300.57464395921306,300.57464395786917,300.5746439564029,300.5746439548483,300.57464395321716,300.574643951515,300.57464394978336,300.5746439479984,300.57464394615903,300.57464394431645,300.5746439424081,300.57464394049424,300.5746439385601,300.5746439366049,300.5746439346202,300.5746439325963,300.57464393062526,300.5746439285942,300.5746439267126,300.57464392479113,300.5746439227776,300.57464392096693,300.57464391906046,300.5746439172025,300.5746439154177,300.57464391369047,300.5746439117685,300.57464391047114,300.57464390887435,300.57464390707855,300.57464390565184,300.574643904098,300.5746439025403,300.57464390079815,300.5746438995495,300.57464389821746,300.5746438966221,300.5746438953718,300.57464389412917,300.5746438922806,300.57464389134105,300.57464389040365,300.5746438892832,300.57464388837434,300.5746438873169
0.08378471155740555,300.57340766575186,300.57340766546537,300.5734076648576,300.5734076640151,300.5734076629924,300.5734076618081,300.57340766048344,300.5734076590382,300.5734076575058,300.573407655898,300.5734076542202,300.5734076525133,300.5734076507538,300.5734076489407,300.57340764712444,300.5734076452432,300.57340764335663,300.57340764145005,300.5734076395228,300.5734076375663,300.5734076355712,300.5734076336282,300.573407631626,300.5734076297713,300.57340762787703,300.5734076258921,300.5734076241072,300.57340762222776,300.57340762039615,300.5734076186367,300.57340761693393,300.5734076150393,300.57340761376025,300.57340761218603,300.57340761041576,300.5734076090092,300.57340760747735,300.5734076059418,300.57340760422437,300.5734076029933,300.5734076016802,300.57340760010743,300.57340759887484,300.5734075976497,300.5734075958276,300.57340759490114,300.573407593977,300.57340759287246,300.5734075919763,300.57340759093387
0.08428471155740555,300.5721891808279,300.5721891805455,300.57218917994646,300.57218917911615,300.572189178108,300.5721891769407,300.572189175635,300.5721891742104,300.57218917269995,300.57218917111516,300.5721891694613,300.5721891677788,300.5721891660444,300.5721891642571,300.57218916246677,300.57218916061237,300.57218915875274,300.5721891568733,300.5721891549735,300.57218915304486,300.57218915107813,300.5721891491628,300.57218914718914,300.57218914536077,300.57218914349346,300.57218914153674,300.57218913977715,300.57218913792445,300.5721891361188,300.57218913438436,300.5721891327057,300.57218913083796,300.57218912957705,300.5721891280252,300.5721891262799,300.57218912489327,300.57218912338317,300.5721891218693,300.5721891201763,300.5721891189626,300.5721891176681,300.57218911611767,300.57218911490247,300.5721891136947,300.5721891118985,300.57218911098516,300.57218911007396,300.5721891089851,300.57218910810167,300.57218910707394
0.08478471155740555,300.5709882442471,300.5709882439687,300.5709882433783,300.5709882425598,300.57098824156617,300.57098824041555,300.5709882391286,300.57098823772435,300.5709882362355,300.57098823467334,300.5709882330431,300.5709882313847,300.57098822967504,300.5709882279133,300.5709882261484,300.57098822432056,300.57098822248736,300.5709882206347,300.5709882187619,300.5709882168609,300.5709882149221,300.570988213034,300.57098821108843,300.57098820928604,300.5709882074453,300.5709882055164,300.57098820378184,300.57098820195546,300.57098820017546,300.57098819846556,300.57098819681084,300.5709881949696,300.5709881937264,300.5709881921965,300.5709881904761,300.5709881891091,300.57098818762034,300.570988186128,300.570988184459,300.57098818326244,300.5709881819862,300.57098818045785,300.5709881792598,300.5709881780691,300.5709881762985,300.57098817539804,300.57098817449975,300.5709881734263,300.5709881725553,300.5709881715422
0.08528471155740555,300.56980459614005,300.5698045958657,300.56980459528376,300.569804594477,300.56980459349757,300.5698045923635,300.5698045910949,300.56980458971077,300.5698045882432,300.5698045867034,300.5698045850965,300.5698045834617,300.56980458177645,300.56980458003983,300.5698045783002,300.5698045764983,300.56980457469126,300.569804572865,300.56980457101895,300.5698045691449,300.56980456723375,300.5698045653726,300.5698045634547,300.5698045616778,300.56980455986326,300.5698045579619,300.5698045562519,300.56980455445154,300.5698045526968,300.5698045510112,300.5698045493799,300.5698045475648,300.56980454633924,300.56980454483096,300.56980454313504,300.56980454178733,300.5698045403197,300.5698045388485,300.5698045372032,300.56980453602364,300.5698045347654,300.5698045332587,300.5698045320777,300.56980453090387,300.56980452915843,300.56980452827065,300.5698045273851,300.56980452632683,300.56980452546816,300.5698045244694
0.08578471155740555,300.568637980871,300.5686379806006,300.56863798002695,300.5686379792318,300.56863797826634,300.56863797714857,300.5686379758981,300.5686379745338,300.5686379730872,300.5686379715694,300.56863796998545,300.568637968374,300.5686379667128,300.568637965001,300.56863796328616,300.5686379615099,300.5686379597287,300.56863795792844,300.56863795610866,300.5686379542613,300.5686379523774,300.56863795054267,300.5686379486521,300.56863794690054,300.56863794511173,300.56863794323743,300.5686379415517,300.56863793977686,300.5686379380471,300.56863793638547,300.5686379347773,300.56863793298794,300.56863793177973,300.5686379302929,300.568637928621,300.5686379272924,300.56863792584556,300.5686379243952,300.5686379227733,300.5686379216104,300.56863792037,300.56863791888475,300.56863791772037,300.5686379165632,300.56863791484267,300.5686379139674,300.5686379130942,300.56863791205103,300.5686379112046,300.5686379102199
0.08628471155740555,300.5674881469484,300.56748814668185,300.56748814611643,300.5674881453327,300.5674881443811,300.5674881432792,300.5674881420467,300.5674881407019,300.56748813927595,300.56748813777983,300.56748813621846,300.56748813463,300.5674881329926,300.56748813130525,300.56748812961484,300.56748812786395,300.5674881261081,300.56748812433347,300.56748812253966,300.56748812071856,300.5674881188615,300.5674881170529,300.56748811518924,300.5674881134626,300.5674881116992,300.5674881098515,300.56748810818976,300.5674881064402,300.56748810473505,300.56748810309693,300.56748810151163,300.5674880997477,300.56748809855657,300.5674880970908,300.5674880954426,300.56748809413284,300.5674880927065,300.5674880912768,300.5674880896779,300.5674880885315,300.5674880873086,300.56748808584445,300.5674880846966,300.5674880835558,300.5674880818597,300.5674880809969,300.56748808013606,300.56748807910765,300.56748807827313,300.56748807730247
0.08678471155740555,300.5663548469385,300.56635484667584,300.5663548461185,300.5663548453459,300.56635484440795,300.5663548433219,300.566354842107,300.5663548407814,300.5663548393759,300.56635483790114,300.5663548363621,300.5663548347963,300.5663548331823,300.5663548315189,300.5663548298526,300.5663548281267,300.56635482639587,300.56635482464657,300.5663548228783,300.56635482108317,300.5663548192526,300.5663548174697,300.56635481563256,300.5663548139304,300.5663548121922,300.5663548103708,300.5663548087326,300.566354807008,300.56635480532697,300.56635480371216,300.5663548021493,300.5663548004105,300.5663547992362,300.56635479779123,300.5663547961665,300.56635479487517,300.56635479346915,300.56635479205966,300.5663547904835,300.5663547893533,300.5663547881478,300.56635478670444,300.56635478557286,300.5663547844482,300.5663547827763,300.5663547819256,300.566354781077,300.5663547800631,300.5663547792404,300.5663547782835
0.08728471155740555,300.56523783738186,300.56523783712294,300.5652378365736,300.5652378358121,300.56523783488757,300.56523783381704,300.5652378326196,300.56523783131286,300.56523782992747,300.56523782847376,300.5652378269568,300.5652378254133,300.56523782382226,300.56523782218267,300.5652378205402,300.5652378188389,300.5652378171327,300.5652378154083,300.56523781366514,300.5652378118956,300.5652378100911,300.5652378083336,300.56523780652265,300.5652378048447,300.5652378031312,300.56523780133574,300.5652377997208,300.56523779802063,300.56523779636353,300.56523779477175,300.5652377932311,300.565237791517,300.5652377903592,300.5652377889347,300.5652377873331,300.56523778606015,300.565237784674,300.5652377832846,300.5652377817308,300.5652377806166,300.5652377794282,300.56523777800527,300.5652377768897,300.56523777578104,300.5652377741329,300.56523777329426,300.56523777245764,300.56523777145816,300.56523777064706,300.56523776970374
0.08778471155740555,300.5641368787121,300.5641368784569,300.5641368779154,300.56413687716486,300.56413687625354,300.5641368751983,300.56413687401795,300.56413687273,300.5641368713643,300.5641368699314,300.5641368684361,300.5641368669147,300.5641368653463,300.56413686373014,300.564136862111,300.56413686043396,300.56413685875214,300.56413685705235,300.564136855334,300.56413685358973,300.5641368518109,300.5641368500784,300.5641368482932,300.56413684663914,300.56413684495,300.5641368431801,300.56413684158815,300.5641368399121,300.5641368382786,300.56413683670934,300.5641368351906,300.56413683350087,300.5641368323595,300.56413683095525,300.56413682937637,300.5641368281215,300.56413682675503,300.5641368253853,300.5641368238536,300.56413682275513,300.5641368215836,300.56413682018086,300.5641368190811,300.5641368179882,300.56413681636354,300.56413681553676,300.5641368147119,300.56413681372663,300.564136812927,300.56413681199706
0.08828471155740555,300.5630517351774,300.5630517349258,300.5630517343921,300.5630517336523,300.56305173275405,300.56305173171387,300.5630517305504,300.56305172928086,300.56305172793475,300.5630517265223,300.56305172504824,300.5630517235486,300.5630517220026,300.5630517204095,300.5630517188135,300.56305171716036,300.56305171550247,300.5630517138269,300.5630517121331,300.56305171041356,300.56305170866005,300.56305170695225,300.5630517051925,300.563051703562,300.5630517018969,300.5630517001521,300.56305169858285,300.56305169693064,300.5630516953203,300.5630516937734,300.5630516922762,300.56305169061045,300.5630516894853,300.5630516881009,300.5630516865445,300.56305168530736,300.5630516839603,300.56305168260997,300.5630516811001,300.56305168001717,300.5630516788623,300.5630516774795,300.5630516763954,300.56305167531787,300.5630516737164,300.5630516729013,300.5630516720882,300.56305167111685,300.5630516703285,300.5630516694117
0.08878471155740555,300.5619821747641,300.5619821745162,300.56198217399015,300.5619821732609,300.5619821723755,300.5619821713502,300.56198217020335,300.561982168952,300.5619821676251,300.56198216623284,300.5619821647798,300.56198216330154,300.5619821617777,300.5619821602072,300.561982158634,300.5619821570044,300.56198215537023,300.56198215371853,300.5619821520488,300.5619821503538,300.5619821486253,300.5619821469418,300.5619821452071,300.5619821435997,300.5619821419583,300.56198214023846,300.5619821386914,300.5619821370627,300.5619821354753,300.5619821339503,300.56198213247444,300.56198213083246,300.56198212972316,300.56198212835847,300.56198212682415,300.5619821256045,300.56198212427665,300.5619821229455,300.561982121457,300.56198212038953,300.5619821192509,300.56198211788785,300.5619821168191,300.56198211575685,300.56198211417814,300.5619821133746,300.5619821125729,300.5619821116154,300.56198211083824,300.56198210993455
0.08928471155740555,300.5609279691233,300.5609279688789,300.5609279683604,300.5609279676416,300.5609279667689,300.56092796575825,300.5609279646278,300.5609279633943,300.56092796208634,300.56092796071397,300.5609279592817,300.56092795782456,300.5609279563224,300.56092795477434,300.56092795322354,300.56092795161726,300.5609279500063,300.56092794837815,300.5609279467322,300.56092794506134,300.56092794335746,300.56092794169797,300.56092793998795,300.5609279384035,300.56092793678545,300.56092793509004,300.5609279335649,300.56092793195944,300.5609279303946,300.5609279288913,300.56092792743635,300.56092792581774,300.5609279247241,300.5609279233788,300.5609279218663,300.56092792066397,300.5609279193549,300.5609279180427,300.56092791657545,300.560927915523,300.56092791440057,300.56092791305684,300.56092791200325,300.56092791095614,300.5609279093999,300.56092790860765,300.5609279078174,300.5609279068734,300.5609279061073,300.56092790521643
0.08978471155740556,300.55988889349845,300.55988889325755,300.5598888927464,300.5598888920379,300.5598888911777,300.5598888901815,300.5598888890672,300.55988888785134,300.5598888865621,300.55988888520926,300.55988888379756,300.5598888823611,300.5598888808804,300.5598888793545,300.55988887782576,300.5598888762424,300.55988887465435,300.5598888730494,300.55988887142695,300.5598888697799,300.5598888681003,300.5598888664644,300.5598888647787,300.5598888632168,300.5598888616218,300.55988885995043,300.5598888584471,300.55988885686446,300.55988885532184,300.5598888538399,300.55988885240566,300.55988885081,300.5598888497319,300.5598888484057,300.5598888469147,300.5598888457295,300.559888844439,300.55988884314536,300.559888841699,300.5598888406614,300.55988883955496,300.55988883823034,300.5598888371917,300.5598888361594,300.55988883462544,300.55988883384435,300.55988883306526,300.5598888321347,300.5598888313794,300.5598888305012
0.09028471155740556,300.5588647266561,300.5588647264186,300.5588647259149,300.5588647252165,300.5588647243685,300.55886472338665,300.55886472228826,300.5588647210898,300.55886471981887,300.55886471848544,300.5588647170938,300.55886471567794,300.5588647142183,300.5588647127142,300.55886471120726,300.5588647096464,300.55886470808105,300.5588647064989,300.55886470489963,300.5588647032761,300.5588647016204,300.5588647000078,300.55886469834616,300.55886469680644,300.55886469523404,300.55886469358654,300.5588646921046,300.5588646905444,300.5588646890238,300.55886468756296,300.558864686149,300.55886468457606,300.55886468351326,300.5588646822059,300.55886468073606,300.5588646795677,300.5588646782955,300.55886467702027,300.55886467559435,300.5588646745716,300.5588646734808,300.55886467217505,300.55886467115107,300.5588646701335,300.5588646686213,300.5588646678513,300.5588646670833,300.5588646661659,300.55886466542137,300.5588646645556
0.09078471155740556,300.55785525081825,300.55785525058417,300.55785525008764,300.55785524939927,300.5578552485634,300.5578552475955,300.5578552465129,300.5578552453315,300.5578552440788,300.55785524276433,300.5578552413926,300.5578552399969,300.55785523855815,300.55785523707544,300.55785523559,300.55785523405143,300.55785523250836,300.5578552309488,300.55785522937225,300.5578552277718,300.55785522613974,300.5578552245501,300.5578552229121,300.55785522139433,300.5578552198443,300.5578552182203,300.55785521675944,300.5578552152214,300.5578552137224,300.5578552122823,300.55785521088853,300.55785520933796,300.5578552082902,300.55785520700135,300.55785520555247,300.5578552044006,300.5578552031466,300.5578552018894,300.55785520048386,300.55785519947557,300.55785519840026,300.5578551971131,300.5578551961037,300.55785519510044,300.55785519360984,300.55785519285075,300.5578551920936,300.5578551911893,300.55785519045526,300.5578551896018
0.09128471155740556,300.55686025159645,300.5568602513658,300.5568602508763,300.5568602501977,300.55686024937387,300.55686024841987,300.5568602473527,300.55686024618814,300.5568602449533,300.55686024365764,300.55686024230545,300.55686024092967,300.5568602395115,300.5568602380499,300.5568602365857,300.55686023506905,300.556860233548,300.5568602320107,300.55686023045655,300.5568602288789,300.5568602272701,300.5568602257031,300.5568602240884,300.55686022259226,300.5568602210643,300.5568602194634,300.55686021802325,300.5568602165072,300.5568602150295,300.55686021360987,300.5568602122359,300.5568602107074,300.5568602096745,300.556860208404,300.55686020697567,300.55686020584017,300.5568602046039,300.55686020336464,300.556860201979,300.55686020098506,300.556860199925,300.5568601986561,300.5568601976611,300.55686019667206,300.5568601952027,300.5568601944544,300.55686019370796,300.55686019281643,300.5568601920928,300.5568601912515
0.09178471155740556,300.55587951792813,300.55587951770076,300.5558795172183,300.55587951654945,300.55587951573733,300.5558795147969,300.55587951374497,300.55587951259713,300.55587951137994,300.5558795101028,300.55587950876986,300.5558795074138,300.55587950601574,300.55587950457505,300.55587950313173,300.5558795016367,300.5558795001373,300.5558794986219,300.55587949708996,300.5558794955347,300.55587949394885,300.5558794924042,300.55587949081246,300.5558794893376,300.55587948783136,300.5558794862533,300.55587948483367,300.55587948333914,300.55587948188247,300.55587948048304,300.5558794791286,300.55587947762183,300.55587947660354,300.5558794753511,300.55587947394315,300.55587947282373,300.555879471605,300.5558794703834,300.55587946901744,300.5558794680376,300.5558794669926,300.5558794657418,300.5558794647608,300.5558794637859,300.55587946233743,300.5558794615997,300.5558794608639,300.5558794599851,300.5558794592717,300.55587945844235
0.09228471155740556,300.55491284201423,300.55491284179004,300.5549128413145,300.5549128406553,300.5549128398548,300.5549128389278,300.5549128378908,300.55491283675934,300.55491283555955,300.55491283430064,300.5549128329868,300.5549128316501,300.554912830272,300.55491282885174,300.554912827429,300.55491282595534,300.55491282447736,300.5549128229835,300.5549128214734,300.55491281994034,300.55491281837703,300.55491281685437,300.5549128152854,300.5549128138315,300.5549128123467,300.55491281079105,300.5549128093916,300.55491280791836,300.55491280648243,300.5549128051029,300.55491280376765,300.5549128022824,300.55491280127853,300.5549128000439,300.55491279865595,300.55491279755245,300.55491279635106,300.5549127951467,300.5549127938003,300.55491279283433,300.55491279180416,300.5549127905711,300.55491278960403,300.55491278864304,300.5549127872152,300.55491278648793,300.5549127857625,300.55491278489615,300.5549127841929,300.55491278337536
0.09278471155740556,300.55396001925885,300.55396001903796,300.55396001856917,300.55396001791934,300.5539600171303,300.5539600162166,300.5539600151945,300.55396001407917,300.5539600128965,300.55396001165553,300.5539600103604,300.5539600090427,300.55396000768434,300.5539600062844,300.5539600048819,300.5539600034292,300.5539600019723,300.5539600004997,300.55395999901117,300.5539599975,300.5539599959589,300.55395999445795,300.5539599929113,300.5539599914781,300.5539599900145,300.553959988481,300.55395998710145,300.55395998564916,300.55395998423364,300.55395998287366,300.55395998155745,300.5539599800933,300.55395997910375,300.5539599778866,300.55395997651846,300.5539599754306,300.55395997424625,300.5539599730591,300.55395997173184,300.55395997077954,300.553959969764,300.5539599685485,300.5539599675952,300.55395996664777,300.5539599652403,300.55395996452336,300.5539599638082,300.55395996295414,300.55395996226093,300.5539599614549
0.09328471155740556,300.5530208482107,300.5530208479929,300.5530208475309,300.55302084689026,300.5530208461126,300.5530208452119,300.55302084420435,300.55302084310495,300.5530208419392,300.55302084071593,300.55302083943934,300.5530208381404,300.5530208368014,300.5530208354214,300.55302083403893,300.553020832607,300.5530208311708,300.55302082971923,300.5530208282518,300.55302082676224,300.5530208252431,300.5530208237635,300.55302082223886,300.5530208208261,300.55302081938333,300.5530208178716,300.5530208165117,300.5530208150801,300.5530208136847,300.55302081234413,300.55302081104674,300.55302080960337,300.5530208086278,300.55302080742797,300.5530208060792,300.55302080500684,300.55302080383933,300.5530208026691,300.55302080136073,300.5530208004219,300.55302079942084,300.55302079822263,300.55302079728284,300.55302079634885,300.55302079496147,300.5530207942547,300.5530207935496,300.5530207927078,300.55302079202437,300.5530207912298
0.09378471155740556,300.5520951305052,300.5520951302906,300.55209512983515,300.55209512920374,300.5520951284371,300.5520951275493,300.5520951265562,300.5520951254724,300.55209512432333,300.55209512311757,300.55209512185917,300.5520951205788,300.55209511925887,300.5520951178986,300.55209511653584,300.55209511512425,300.55209511370856,300.5520951122777,300.55209511083126,300.5520951093628,300.55209510786534,300.5520951064068,300.5520951049039,300.5520951035112,300.55209510208897,300.5520951005988,300.5520950992583,300.55209509784703,300.5520950964715,300.55209509515,300.55209509387095,300.5520950924482,300.5520950914865,300.55209509030374,300.55209508897417,300.55209508791705,300.55209508676614,300.55209508561245,300.5520950843227,300.55209508339726,300.55209508241035,300.55209508122914,300.55209508030276,300.55209507938207,300.5520950780144,300.55209507731763,300.5520950766226,300.5520950757927,300.55209507511904,300.55209507433574
0.09428471155740556,300.55118267080957,300.551182670598,300.55118267014905,300.5511826695267,300.551182668771,300.5511826678959,300.55118266691693,300.5511826658487,300.551182664716,300.5511826635274,300.5511826622869,300.5511826610248,300.55118265972374,300.5511826583829,300.55118265703953,300.5511826556481,300.5511826542526,300.5511826528421,300.5511826514163,300.5511826499688,300.55118264849267,300.5511826470549,300.55118264557336,300.55118264420054,300.55118264279855,300.55118264132955,300.55118264000805,300.551182638617,300.55118263726104,300.5511826359583,300.5511826346975,300.55118263329496,300.5511826323469,300.55118263118095,300.55118262987025,300.55118262882814,300.55118262769366,300.5511826265564,300.551182625285,300.55118262437264,300.55118262339977,300.55118262223544,300.55118262132214,300.5511826204146,300.55118261906637,300.5511826183795,300.55118261769434,300.5511826168762,300.55118261621203,300.5511826154399
0.09478471155740556,300.5502832767677,300.5502832765591,300.5502832761166,300.55028327550315,300.55028327475827,300.5502832738957,300.5502832729307,300.5502832718777,300.55028327076116,300.55028326958956,300.5502832683668,300.55028326712267,300.5502832658402,300.55028326451844,300.5502832631942,300.55028326182264,300.55028326044703,300.55028325905664,300.5502832576511,300.55028325622425,300.5502832547691,300.55028325335184,300.5502832518914,300.55028325053814,300.5502832491561,300.5502832477081,300.5502832464054,300.55028324503405,300.55028324369744,300.55028324241323,300.55028324117035,300.55028323978775,300.5502832388532,300.5502832377038,300.5502832364118,300.5502832353845,300.5502832342661,300.550283233145,300.55028323189174,300.55028323099236,300.55028323003324,300.5502832288855,300.55028322798523,300.5502832270905,300.5502832257615,300.55028322508446,300.550283224409,300.5502832236025,300.5502832229477,300.55028322218664
0.09528471155740556,300.54939675894775,300.54939675874215,300.549396758306,300.54939675770123,300.549396756967,300.5493967561167,300.5493967551655,300.5493967541276,300.54939675302694,300.5493967518721,300.5493967506668,300.54939674944046,300.54939674817626,300.5493967468733,300.549396745568,300.5493967442159,300.5493967428599,300.54939674148943,300.5493967401039,300.54939673869734,300.54939673726295,300.5493967358659,300.5493967344263,300.54939673309224,300.54939673172987,300.5493967303025,300.5493967290184,300.5493967276665,300.5493967263489,300.54939672508294,300.54939672385774,300.54939672249486,300.54939672157354,300.54939672044054,300.5493967191669,300.5493967181542,300.5493967170517,300.54939671594656,300.54939671471107,300.5493967138245,300.54939671287906,300.54939671174765,300.54939671086015,300.5493967099781,300.5493967086681,300.5493967080006,300.5493967073347,300.5493967065397,300.54939670589425,300.549396705144
0.09578471155740556,300.5485229307903,300.54852293058764,300.5485229301577,300.54852292956156,300.5485229288378,300.54852292799967,300.5485229270621,300.5485229260389,300.5485229249541,300.54852292381565,300.54852292262757,300.5485229214187,300.5485229201725,300.5485229188882,300.5485229176015,300.54852291626867,300.548522914932,300.548522913581,300.5485229122152,300.5485229108287,300.5485229094148,300.5485229080376,300.54852290661853,300.54852290530346,300.54852290396053,300.5485229025535,300.5485229012876,300.548522899955,300.5485228986562,300.54852289740825,300.54852289620044,300.54852289485694,300.5485228939487,300.54852289283184,300.54852289157634,300.54852289057794,300.54852288949115,300.54852288840175,300.5485228871838,300.54852288630985,300.5485228853779,300.5485228842625,300.5485228833877,300.54852288251817,300.54852288122686,300.5485228805688,300.5485228799124,300.54852287912865,300.5485228784924,300.54852287775276
0.09628471155740556,300.547661608558,300.5476616083582,300.5476616079344,300.54766160734687,300.5476616066334,300.54766160580726,300.54766160488305,300.54766160387453,300.5476616028052,300.547661601683,300.54766160051184,300.54766159932024,300.54766159809174,300.5476615968258,300.5476615955574,300.5476615942436,300.54766159292603,300.54766159159425,300.5476615902479,300.5476615888812,300.5476615874874,300.54766158612983,300.547661584731,300.54766158343466,300.54766158211083,300.5476615807238,300.54766157947597,300.5476615781623,300.5476615768819,300.54766157565183,300.54766157446124,300.54766157313685,300.5476615722415,300.5476615711405,300.54766156990286,300.54766156891867,300.54766156784734,300.5476615667734,300.54766156557287,300.5476615647113,300.54766156379253,300.54766156269307,300.54766156183064,300.54766156097355,300.5476615597006,300.5476615590519,300.54766155840485,300.5476615576322,300.5476615570049,300.5476615562759
0.09678471155740556,300.54681261128667,300.54681261108976,300.546812610672,300.54681261009284,300.5468126093896,300.54681260857524,300.54681260766415,300.5468126066701,300.5468126056159,300.5468126045098,300.54681260335536,300.54681260218075,300.5468126009698,300.5468125997218,300.5468125984716,300.54681259717654,300.54681259587767,300.5468125945649,300.54681259323786,300.54681259189056,300.5468125905166,300.5468125891784,300.5468125877994,300.5468125865216,300.54681258521657,300.54681258384926,300.5468125826192,300.5468125813243,300.5468125800621,300.54681257884954,300.54681257767584,300.54681257637037,300.5468125754877,300.5468125744024,300.54681257318236,300.5468125722122,300.5468125711561,300.5468125700975,300.546812568914,300.54681256806464,300.54681256715895,300.5468125660751,300.54681256522497,300.5468125643801,300.54681256312523,300.54681256248574,300.54681256184784,300.54681256108626,300.54681256046797,300.54681255974924
0.09728471155740556,300.5459757607371,300.545975760543,300.5459757601312,300.5459757595604,300.54597575886714,300.54597575806446,300.5459757571664,300.5459757561865,300.54597575514737,300.54597575405694,300.54597575291905,300.5459757517612,300.54597575056755,300.54597574933734,300.5459757481049,300.54597574682833,300.54597574554805,300.54597574425395,300.5459757429457,300.54597574161767,300.5459757402633,300.54597573894415,300.54597573758485,300.5459757363252,300.5459757350388,300.54597573369097,300.5459757324784,300.54597573120196,300.5459757299578,300.5459757287624,300.5459757276054,300.5459757263185,300.54597572544844,300.5459757243784,300.54597572317584,300.5459757222195,300.5459757211784,300.54597572013483,300.5459757189682,300.54597571813093,300.5459757172381,300.54597571616966,300.5459757153316,300.54597571449875,300.54597571326184,300.5459757126314,300.54597571200253,300.5459757112518,300.5459757106422,300.5459757099337
0.09778471155740556,300.54515088134855,300.54515088115727,300.54515088075135,300.5451508801886,300.5451508795053,300.545150878714,300.54515087782886,300.5451508768629,300.54515087583866,300.5451508747638,300.5451508736421,300.5451508725007,300.54515087132415,300.5451508701115,300.5451508688966,300.5451508676382,300.54515086637616,300.54515086510054,300.545150863811,300.5451508625018,300.5451508611668,300.5451508598664,300.5451508585265,300.54515085728474,300.5451508560167,300.545150854688,300.54515085349277,300.5451508522344,300.545150851008,300.54515084982967,300.54515084868916,300.54515084742053,300.5451508465628,300.5451508455081,300.5451508443226,300.5451508433799,300.54515084235356,300.5451508413248,300.54515084017476,300.54515083934945,300.54515083846934,300.5451508374161,300.5451508365899,300.5451508357689,300.5451508345496,300.54515083392806,300.5451508333082,300.5451508325681,300.54515083196725,300.54515083126887
0.09828471155740556,300.54433780019286,300.5443378000043,300.5443377996042,300.5443377990496,300.544337798376,300.544337797596,300.5443377967234,300.5443377957712,300.5443377947616,300.54433779370214,300.54433779259637,300.5443377914713,300.5443377903115,300.5443377891161,300.5443377879186,300.54433778667817,300.5443377854341,300.5443377841766,300.5443377829055,300.54433778161496,300.544337780299,300.5443377790171,300.5443377776962,300.54433777647216,300.5443377752222,300.5443377739125,300.5443377727342,300.5443377714939,300.5443377702848,300.5443377691232,300.54433776799897,300.5443377667484,300.54433776590287,300.5443377648632,300.54433776369456,300.54433776276517,300.5443377617535,300.5443377607394,300.5443377596058,300.54433775879215,300.54433775792455,300.54433775688636,300.5443377560719,300.5443377552625,300.5443377540606,300.5443377534479,300.5443377528369,300.5443377521073,300.544337751515,300.54433775082646
0.09878471155740556,300.5435363469299,300.5435363467441,300.5435363463497,300.54353634580286,300.54353634513893,300.54353634437007,300.54353634350997,300.54353634257143,300.54353634157616,300.5435363405318,300.54353633944186,300.54353633833284,300.5435363371895,300.5435363360113,300.5435363348308,300.543536333608,300.5435363323817,300.5435363311421,300.54353632988904,300.54353632861694,300.54353632731966,300.5435363260561,300.5435363247541,300.54353632354747,300.5435363223153,300.54353632102425,300.5435363198627,300.54353631863995,300.5435363174482,300.5435363163032,300.5435363151949,300.54353631396214,300.54353631312864,300.5435363121037,300.54353631095177,300.5435363100356,300.5435363090383,300.5435363080386,300.54353630692117,300.5435363061191,300.5435363052638,300.54353630424043,300.5435363034376,300.5435363026397,300.5435363014549,300.5435363008509,300.54353630024855,300.5435362995293,300.54353629894547,300.54353629826676
0.09928471155740556,300.542746353764,300.5427463535808,300.5427463531921,300.5427463526531,300.5427463519987,300.5427463512408,300.5427463503929,300.54274634946773,300.54274634848673,300.5427463474573,300.54274634638284,300.5427463452897,300.54274634416265,300.54274634300117,300.5427463418375,300.54274634063216,300.5427463394233,300.5427463382014,300.5427463369662,300.54274633571225,300.54274633443356,300.5427463331879,300.5427463319044,300.54274633071503,300.5427463295004,300.54274632822774,300.5427463270827,300.54274632587743,300.5427463247026,300.54274632357385,300.5427463224814,300.5427463212662,300.5427463204445,300.54274631943423,300.54274631829855,300.5427463173954,300.5427463164124,300.54274631542694,300.5427463143253,300.5427463135347,300.5427463126916,300.5427463116827,300.5427463108913,300.5427463101048,300.5427463089369,300.5427463083415,300.5427463077476,300.5427463070388,300.5427463064631,300.5427463057941
0.09978471155740556,300.54196765540144,300.54196765522084,300.54196765483766,300.54196765430635,300.5419676536613,300.5419676529142,300.5419676520785,300.5419676511665,300.54196765019947,300.54196764918464,300.5419676481256,300.54196764704795,300.541967645937,300.5419676447921,300.5419676436451,300.54196764245694,300.5419676412653,300.5419676400608,300.54196763884323,300.5419676376071,300.54196763634656,300.5419676351188,300.5419676338536,300.54196763268106,300.5419676314837,300.54196763022924,300.5419676291005,300.54196762791236,300.5419676267543,300.54196762564163,300.5419676245647,300.5419676233668,300.5419676225568,300.54196762156084,300.5419676204414,300.54196761955114,300.541967618582,300.5419676176106,300.5419676165247,300.5419676157453,300.5419676149142,300.5419676139197,300.54196761313955,300.54196761236426,300.54196761121295,300.541967610626,300.54196761004056,300.5419676093418,300.5419676087743,300.5419676081148
0.1,300.54163444677147,300.54163444659196,300.54163444621116,300.54163444568326,300.5416344450421,300.5416344442997,300.5416344434691,300.5416344425628,300.54163444160173,300.54163444059327,300.5416344395407,300.5416344384697,300.5416344373657,300.54163443622787,300.54163443508793,300.5416344339071,300.54163443272284,300.5416344315259,300.54163443031575,300.54163442908737,300.5416344278346,300.54163442661434,300.54163442535696,300.5416344241917,300.5416344230018,300.541634421755,300.54163442063333,300.5416344194525,300.54163441830156,300.5416344171958,300.54163441612553,300.54163441493506,300.54163441413004,300.54163441314023,300.54163441202775,300.541634411143,300.5416344101798,300.5416344092144,300.5416344081352,300.5416344073607,300.5416344065346,300.54163440554635,300.54163440477095,300.54163440400043,300.5416344028563,300.54163440227296,300.54163440169117,300.5416344009966,300.5416344004327,300.5416343997773
